epoch,step,train_loss_epoch,train_loss_regularized_epoch,train_loss_regularized_step,train_loss_scaled (x10^0)_epoch,train_loss_scaled (x10^0)_step,train_loss_step,val_loss_epoch,val_loss_scaled (x10^0)_epoch,val_loss_scaled (x10^0)_step,val_loss_step
0,0,,,31.840839385986328,,31.840839385986328,31.840839385986328,,,,
0,1,,,54.58522415161133,,54.58522415161133,54.58522415161133,,,,
0,2,,,15.264261245727539,,15.264261245727539,15.264261245727539,,,,
0,3,,,37.150604248046875,,37.150604248046875,37.150604248046875,,,,
0,4,,,39.56929016113281,,39.56929016113281,39.56929016113281,,,,
0,5,,,32.43714141845703,,32.43714141845703,32.43714141845703,,,,
0,6,,,73.34146118164062,,73.34146118164062,73.34146118164062,,,,
,0,,,,,,,,,3.7146215438842773,3.7146215438842773
0,6,,,,,,,3.7146213054656982,3.7146213054656982,,
0,6,37.38829803466797,37.38829803466797,,37.38829803466797,,,,,,
1,7,,,37.8211784362793,,37.8211784362793,37.8211784362793,,,,
1,8,,,52.126808166503906,,52.126808166503906,52.126808166503906,,,,
1,9,,,32.92487335205078,,32.92487335205078,32.92487335205078,,,,
1,10,,,39.48832321166992,,39.48832321166992,39.48832321166992,,,,
1,11,,,38.01834487915039,,38.01834487915039,38.01834487915039,,,,
1,12,,,26.432214736938477,,26.432214736938477,26.432214736938477,,,,
1,13,,,29.865535736083984,,29.865535736083984,29.865535736083984,,,,
,1,,,,,,,,,3.6922762393951416,3.6922762393951416
1,13,,,,,,,3.6922762393951416,3.6922762393951416,,
1,13,37.335105895996094,37.335105895996094,,37.335105895996094,,,,,,
2,14,,,42.87974548339844,,42.87974548339844,42.87974548339844,,,,
2,15,,,35.629634857177734,,35.629634857177734,35.629634857177734,,,,
2,16,,,28.616512298583984,,28.616512298583984,28.616512298583984,,,,
2,17,,,25.87030601501465,,25.87030601501465,25.87030601501465,,,,
2,18,,,64.4476547241211,,64.4476547241211,64.4476547241211,,,,
2,19,,,33.742713928222656,,33.742713928222656,33.742713928222656,,,,
2,20,,,17.20456314086914,,17.20456314086914,17.20456314086914,,,,
,2,,,,,,,,,3.667452335357666,3.667452335357666
2,20,,,,,,,3.667452335357666,3.667452335357666,,
2,20,37.276588439941406,37.276588439941406,,37.276588439941406,,,,,,
3,21,,,52.26490020751953,,52.26490020751953,52.26490020751953,,,,
3,22,,,30.410320281982422,,30.410320281982422,30.410320281982422,,,,
3,23,,,36.872554779052734,,36.872554779052734,36.872554779052734,,,,
3,24,,,30.93402671813965,,30.93402671813965,30.93402671813965,,,,
3,25,,,30.14141273498535,,30.14141273498535,30.14141273498535,,,,
3,26,,,50.141910552978516,,50.141910552978516,50.141910552978516,,,,
3,27,,,17.258594512939453,,17.258594512939453,17.258594512939453,,,,
,3,,,,,,,,,3.641554594039917,3.641554594039917
3,27,,,,,,,3.641554594039917,3.641554594039917,,
3,27,37.213661193847656,37.213661193847656,,37.213661193847656,,,,,,
4,28,,,40.05595016479492,,40.05595016479492,40.05595016479492,,,,
4,29,,,24.131736755371094,,24.131736755371094,24.131736755371094,,,,
4,30,,,30.893911361694336,,30.893911361694336,30.893911361694336,,,,
4,31,,,40.69877243041992,,40.69877243041992,40.69877243041992,,,,
4,32,,,54.21116256713867,,54.21116256713867,54.21116256713867,,,,
4,33,,,34.535858154296875,,34.535858154296875,34.535858154296875,,,,
4,34,,,32.77395248413086,,32.77395248413086,32.77395248413086,,,,
,4,,,,,,,,,3.6146605014801025,3.6146605014801025
4,34,,,,,,,3.6146605014801025,3.6146605014801025,,
4,34,37.14786148071289,37.14786148071289,,37.14786148071289,,,,,,
5,35,,,21.507009506225586,,21.507009506225586,21.507009506225586,,,,
5,36,,,38.81510925292969,,38.81510925292969,38.81510925292969,,,,
5,37,,,21.42948341369629,,21.42948341369629,21.42948341369629,,,,
5,38,,,67.6090087890625,,67.6090087890625,67.6090087890625,,,,
5,39,,,29.693300247192383,,29.693300247192383,29.693300247192383,,,,
5,40,,,40.481895446777344,,40.481895446777344,40.481895446777344,,,,
5,41,,,44.92170333862305,,44.92170333862305,44.92170333862305,,,,
,5,,,,,,,,,3.5868401527404785,3.5868401527404785
5,41,,,,,,,3.5868401527404785,3.5868401527404785,,
5,41,37.07944107055664,37.07944107055664,,37.07944107055664,,,,,,
6,42,,,37.12324142456055,,37.12324142456055,37.12324142456055,,,,
6,43,,,49.58418655395508,,49.58418655395508,49.58418655395508,,,,
6,44,,,54.632511138916016,,54.632511138916016,54.632511138916016,,,,
6,45,,,41.3666877746582,,41.3666877746582,41.3666877746582,,,,
6,46,,,17.59795379638672,,17.59795379638672,17.59795379638672,,,,
6,47,,,23.770353317260742,,23.770353317260742,23.770353317260742,,,,
6,48,,,31.6535701751709,,31.6535701751709,31.6535701751709,,,,
,6,,,,,,,,,3.558711290359497,3.558711290359497
6,48,,,,,,,3.558711290359497,3.558711290359497,,
6,48,37.010982513427734,37.010982513427734,,37.010982513427734,,,,,,
7,49,,,52.847755432128906,,52.847755432128906,52.847755432128906,,,,
7,50,,,38.01833724975586,,38.01833724975586,38.01833724975586,,,,
7,51,,,32.07826614379883,,32.07826614379883,32.07826614379883,,,,
7,52,,,52.74932861328125,,52.74932861328125,52.74932861328125,,,,
7,53,,,22.83548355102539,,22.83548355102539,22.83548355102539,,,,
7,54,,,22.953182220458984,,22.953182220458984,22.953182220458984,,,,
7,55,,,37.360626220703125,,37.360626220703125,37.360626220703125,,,,
,7,,,,,,,,,3.5300378799438477,3.5300378799438477
7,55,,,,,,,3.5300381183624268,3.5300381183624268,,
7,55,36.94001388549805,36.94001388549805,,36.94001388549805,,,,,,
8,56,,,60.87127685546875,,60.87127685546875,60.87127685546875,,,,
8,57,,,46.78611373901367,,46.78611373901367,46.78611373901367,,,,
8,58,,,31.348922729492188,,31.348922729492188,31.348922729492188,,,,
8,59,,,15.613073348999023,,15.613073348999023,15.613073348999023,,,,
8,60,,,20.761640548706055,,20.761640548706055,20.761640548706055,,,,
8,61,,,50.71660232543945,,50.71660232543945,50.71660232543945,,,,
8,62,,,23.833309173583984,,23.833309173583984,23.833309173583984,,,,
,8,,,,,,,,,3.501467704772949,3.501467704772949
8,62,,,,,,,3.50146746635437,3.50146746635437,,
8,62,36.86825180053711,36.86825180053711,,36.86825180053711,,,,,,
9,63,,,33.61886978149414,,33.61886978149414,33.61886978149414,,,,
9,64,,,58.86568832397461,,58.86568832397461,58.86568832397461,,,,
9,65,,,28.369873046875,,28.369873046875,28.369873046875,,,,
9,66,,,33.32567596435547,,33.32567596435547,33.32567596435547,,,,
9,67,,,20.795970916748047,,20.795970916748047,20.795970916748047,,,,
9,68,,,41.21860122680664,,41.21860122680664,41.21860122680664,,,,
9,69,,,48.99872589111328,,48.99872589111328,48.99872589111328,,,,
,9,,,,,,,,,3.471634864807129,3.471634864807129
9,69,,,,,,,3.471635103225708,3.471635103225708,,
9,69,36.795169830322266,36.795169830322266,,36.795169830322266,,,,,,
10,70,,,30.934310913085938,,30.934310913085938,30.934310913085938,,,,
10,71,,,38.02759552001953,,38.02759552001953,38.02759552001953,,,,
10,72,,,34.09774398803711,,34.09774398803711,34.09774398803711,,,,
10,73,,,45.04237365722656,,45.04237365722656,45.04237365722656,,,,
10,74,,,40.23878479003906,,40.23878479003906,40.23878479003906,,,,
10,75,,,44.718318939208984,,44.718318939208984,44.718318939208984,,,,
10,76,,,2.752352237701416,,2.752352237701416,2.752352237701416,,,,
,10,,,,,,,,,3.4420900344848633,3.4420900344848633
10,76,,,,,,,3.4420902729034424,3.4420902729034424,,
10,76,36.72019958496094,36.72019958496094,,36.72019958496094,,,,,,
11,77,,,20.92311668395996,,20.92311668395996,20.92311668395996,,,,
11,78,,,46.828731536865234,,46.828731536865234,46.828731536865234,,,,
11,79,,,36.730140686035156,,36.730140686035156,36.730140686035156,,,,
11,80,,,27.692386627197266,,27.692386627197266,27.692386627197266,,,,
11,81,,,42.282676696777344,,42.282676696777344,42.282676696777344,,,,
11,82,,,48.133033752441406,,48.133033752441406,48.133033752441406,,,,
11,83,,,29.395383834838867,,29.395383834838867,29.395383834838867,,,,
,11,,,,,,,,,3.4111695289611816,3.4111695289611816
11,83,,,,,,,3.4111695289611816,3.4111695289611816,,
11,83,36.645233154296875,36.645233154296875,,36.645233154296875,,,,,,
12,84,,,17.45185661315918,,17.45185661315918,17.45185661315918,,,,
12,85,,,47.502864837646484,,47.502864837646484,47.502864837646484,,,,
12,86,,,26.253890991210938,,26.253890991210938,26.253890991210938,,,,
12,87,,,41.4547233581543,,41.4547233581543,41.4547233581543,,,,
12,88,,,66.09553527832031,,66.09553527832031,66.09553527832031,,,,
12,89,,,26.89314079284668,,26.89314079284668,26.89314079284668,,,,
12,90,,,19.91130828857422,,19.91130828857422,19.91130828857422,,,,
,12,,,,,,,,,3.3790085315704346,3.3790085315704346
12,90,,,,,,,3.3790085315704346,3.3790085315704346,,
12,90,36.56764602661133,36.56764602661133,,36.56764602661133,,,,,,
13,91,,,53.89969253540039,,53.89969253540039,53.89969253540039,,,,
13,92,,,14.300800323486328,,14.300800323486328,14.300800323486328,,,,
13,93,,,45.26128387451172,,45.26128387451172,45.26128387451172,,,,
13,94,,,32.14104080200195,,32.14104080200195,32.14104080200195,,,,
13,95,,,21.118183135986328,,21.118183135986328,21.118183135986328,,,,
13,96,,,49.88124084472656,,49.88124084472656,49.88124084472656,,,,
13,97,,,42.69412612915039,,42.69412612915039,42.69412612915039,,,,
,13,,,,,,,,,3.3448996543884277,3.3448996543884277
13,97,,,,,,,3.3448996543884277,3.3448996543884277,,
13,97,36.48823928833008,36.48823928833008,,36.48823928833008,,,,,,
14,98,,,27.160263061523438,,27.160263061523438,27.160263061523438,,,,
14,99,,,38.8381462097168,,38.8381462097168,38.8381462097168,,,,
14,100,,,9.601924896240234,,9.601924896240234,9.601924896240234,,,,
14,101,,,70.40985870361328,,70.40985870361328,70.40985870361328,,,,
14,102,,,19.46099090576172,,19.46099090576172,19.46099090576172,,,,
14,103,,,41.89552307128906,,41.89552307128906,41.89552307128906,,,,
14,104,,,65.87422943115234,,65.87422943115234,65.87422943115234,,,,
,14,,,,,,,,,3.308053731918335,3.308053731918335
14,104,,,,,,,3.308053731918335,3.308053731918335,,
14,104,36.4030647277832,36.4030647277832,,36.4030647277832,,,,,,
15,105,,,24.783506393432617,,24.783506393432617,24.783506393432617,,,,
15,106,,,40.10770034790039,,40.10770034790039,40.10770034790039,,,,
15,107,,,49.52909851074219,,49.52909851074219,49.52909851074219,,,,
15,108,,,32.204254150390625,,32.204254150390625,32.204254150390625,,,,
15,109,,,41.11347579956055,,41.11347579956055,41.11347579956055,,,,
15,110,,,43.09516143798828,,43.09516143798828,43.09516143798828,,,,
15,111,,,1.771180510520935,,1.771180510520935,1.771180510520935,,,,
,15,,,,,,,,,3.2696805000305176,3.2696805000305176
15,111,,,,,,,3.2696805000305176,3.2696805000305176,,
15,111,36.313316345214844,36.313316345214844,,36.313316345214844,,,,,,
16,112,,,34.69337463378906,,34.69337463378906,34.69337463378906,,,,
16,113,,,25.77517318725586,,25.77517318725586,25.77517318725586,,,,
16,114,,,31.18062400817871,,31.18062400817871,31.18062400817871,,,,
16,115,,,29.695858001708984,,29.695858001708984,29.695858001708984,,,,
16,116,,,36.39315414428711,,36.39315414428711,36.39315414428711,,,,
16,117,,,51.13994598388672,,51.13994598388672,51.13994598388672,,,,
16,118,,,58.733428955078125,,58.733428955078125,58.733428955078125,,,,
,16,,,,,,,,,3.2263805866241455,3.2263805866241455
16,118,,,,,,,3.2263805866241455,3.2263805866241455,,
16,118,36.22010803222656,36.22010803222656,,36.22010803222656,,,,,,
17,119,,,26.8292179107666,,26.8292179107666,26.8292179107666,,,,
17,120,,,21.207979202270508,,21.207979202270508,21.207979202270508,,,,
17,121,,,56.09831237792969,,56.09831237792969,56.09831237792969,,,,
17,122,,,33.08244323730469,,33.08244323730469,33.08244323730469,,,,
17,123,,,33.87324142456055,,33.87324142456055,33.87324142456055,,,,
17,124,,,46.9462890625,,46.9462890625,46.9462890625,,,,
17,125,,,32.5451545715332,,32.5451545715332,32.5451545715332,,,,
,17,,,,,,,,,3.1782219409942627,3.1782219409942627
17,125,,,,,,,3.1782219409942627,3.1782219409942627,,
17,125,36.11638259887695,36.11638259887695,,36.11638259887695,,,,,,
18,126,,,7.532637596130371,,7.532637596130371,7.532637596130371,,,,
18,127,,,46.55868148803711,,46.55868148803711,46.55868148803711,,,,
18,128,,,43.121742248535156,,43.121742248535156,43.121742248535156,,,,
18,129,,,25.398897171020508,,25.398897171020508,25.398897171020508,,,,
18,130,,,51.23533248901367,,51.23533248901367,51.23533248901367,,,,
18,131,,,29.013193130493164,,29.013193130493164,29.013193130493164,,,,
18,132,,,71.10137176513672,,71.10137176513672,71.10137176513672,,,,
,18,,,,,,,,,3.1218948364257812,3.1218948364257812
18,132,,,,,,,3.1218948364257812,3.1218948364257812,,
18,132,36.003684997558594,36.003684997558594,,36.003684997558594,,,,,,
19,133,,,27.874366760253906,,27.874366760253906,27.874366760253906,,,,
19,134,,,33.12614059448242,,33.12614059448242,33.12614059448242,,,,
19,135,,,45.85385513305664,,45.85385513305664,45.85385513305664,,,,
19,136,,,52.25405502319336,,52.25405502319336,52.25405502319336,,,,
19,137,,,23.110219955444336,,23.110219955444336,23.110219955444336,,,,
19,138,,,40.51941680908203,,40.51941680908203,40.51941680908203,,,,
19,139,,,15.921427726745605,,15.921427726745605,15.921427726745605,,,,
,19,,,,,,,,,3.0562047958374023,3.0562047958374023
19,139,,,,,,,3.0562045574188232,3.0562045574188232,,
19,139,35.8758544921875,35.8758544921875,,35.8758544921875,,,,,,
20,140,,,49.18359375,,49.18359375,49.18359375,,,,
20,141,,,24.810319900512695,,24.810319900512695,24.810319900512695,,,,
20,142,,,42.03096008300781,,42.03096008300781,42.03096008300781,,,,
20,143,,,26.088237762451172,,26.088237762451172,26.088237762451172,,,,
20,144,,,42.8541259765625,,42.8541259765625,42.8541259765625,,,,
20,145,,,35.06359100341797,,35.06359100341797,35.06359100341797,,,,
20,146,,,20.660144805908203,,20.660144805908203,20.660144805908203,,,,
,20,,,,,,,,,2.9757511615753174,2.9757511615753174
20,146,,,,,,,2.9757511615753174,2.9757511615753174,,
20,146,35.729942321777344,35.729942321777344,,35.729942321777344,,,,,,
21,147,,,36.11208724975586,,36.11208724975586,36.11208724975586,,,,
21,148,,,27.893545150756836,,27.893545150756836,27.893545150756836,,,,
21,149,,,31.792484283447266,,31.792484283447266,31.792484283447266,,,,
21,150,,,27.084598541259766,,27.084598541259766,27.084598541259766,,,,
21,151,,,65.09468078613281,,65.09468078613281,65.09468078613281,,,,
21,152,,,36.651546478271484,,36.651546478271484,36.651546478271484,,,,
21,153,,,5.423839092254639,,5.423839092254639,5.423839092254639,,,,
,21,,,,,,,,,2.876253128051758,2.876253128051758
21,153,,,,,,,2.876253128051758,2.876253128051758,,
21,153,35.554962158203125,35.554962158203125,,35.554962158203125,,,,,,
22,154,,,27.09347915649414,,27.09347915649414,27.09347915649414,,,,
22,155,,,49.97761535644531,,49.97761535644531,49.97761535644531,,,,
22,156,,,31.06691551208496,,31.06691551208496,31.06691551208496,,,,
22,157,,,11.64124584197998,,11.64124584197998,11.64124584197998,,,,
22,158,,,30.36118507385254,,30.36118507385254,30.36118507385254,,,,
22,159,,,74.6490707397461,,74.6490707397461,74.6490707397461,,,,
22,160,,,1.39513099193573,,1.39513099193573,1.39513099193573,,,,
,22,,,,,,,,,2.751326084136963,2.751326084136963
22,160,,,,,,,2.751326084136963,2.751326084136963,,
22,160,35.343170166015625,35.343170166015625,,35.343170166015625,,,,,,
23,161,,,42.47727584838867,,42.47727584838867,42.47727584838867,,,,
23,162,,,32.91291809082031,,32.91291809082031,32.91291809082031,,,,
23,163,,,27.897319793701172,,27.897319793701172,27.897319793701172,,,,
23,164,,,20.0428409576416,,20.0428409576416,20.0428409576416,,,,
23,165,,,43.383949279785156,,43.383949279785156,43.383949279785156,,,,
23,166,,,26.69520378112793,,26.69520378112793,26.69520378112793,,,,
23,167,,,80.60794067382812,,80.60794067382812,80.60794067382812,,,,
,23,,,,,,,,,2.5890910625457764,2.5890910625457764
23,167,,,,,,,2.5890910625457764,2.5890910625457764,,
23,167,35.08039093017578,35.08039093017578,,35.08039093017578,,,,,,
24,168,,,55.83946228027344,,55.83946228027344,55.83946228027344,,,,
24,169,,,25.335254669189453,,25.335254669189453,25.335254669189453,,,,
24,170,,,24.363292694091797,,24.363292694091797,24.363292694091797,,,,
24,171,,,63.689815521240234,,63.689815521240234,63.689815521240234,,,,
24,172,,,31.750463485717773,,31.750463485717773,31.750463485717773,,,,
24,173,,,12.153914451599121,,12.153914451599121,12.153914451599121,,,,
24,174,,,22.202739715576172,,22.202739715576172,22.202739715576172,,,,
,24,,,,,,,,,2.3994171619415283,2.3994171619415283
24,174,,,,,,,2.3994171619415283,2.3994171619415283,,
24,174,34.73854446411133,34.73854446411133,,34.73854446411133,,,,,,
25,175,,,33.339664459228516,,33.339664459228516,33.339664459228516,,,,
25,176,,,24.94312286376953,,24.94312286376953,24.94312286376953,,,,
25,177,,,29.54649543762207,,29.54649543762207,29.54649543762207,,,,
25,178,,,26.022586822509766,,26.022586822509766,26.022586822509766,,,,
25,179,,,62.75062561035156,,62.75062561035156,62.75062561035156,,,,
25,180,,,37.489723205566406,,37.489723205566406,37.489723205566406,,,,
25,181,,,12.103795051574707,,12.103795051574707,12.103795051574707,,,,
,25,,,,,,,,,2.168327808380127,2.168327808380127
25,181,,,,,,,2.168327808380127,2.168327808380127,,
25,181,34.295082092285156,34.295082092285156,,34.295082092285156,,,,,,
26,182,,,41.6446647644043,,41.6446647644043,41.6446647644043,,,,
26,183,,,20.208555221557617,,20.208555221557617,20.208555221557617,,,,
26,184,,,23.101303100585938,,23.101303100585938,23.101303100585938,,,,
26,185,,,38.16877365112305,,38.16877365112305,38.16877365112305,,,,
26,186,,,31.078407287597656,,31.078407287597656,31.078407287597656,,,,
26,187,,,48.92534637451172,,48.92534637451172,48.92534637451172,,,,
26,188,,,31.691904067993164,,31.691904067993164,31.691904067993164,,,,
,26,,,,,,,,,1.8877573013305664,1.8877573013305664
26,188,,,,,,,1.8877573013305664,1.8877573013305664,,
26,188,33.727294921875,33.727294921875,,33.727294921875,,,,,,
27,189,,,11.972558975219727,,11.972558975219727,11.972558975219727,,,,
27,190,,,28.21548843383789,,28.21548843383789,28.21548843383789,,,,
27,191,,,23.12098503112793,,23.12098503112793,23.12098503112793,,,,
27,192,,,42.06269454956055,,42.06269454956055,42.06269454956055,,,,
27,193,,,43.823299407958984,,43.823299407958984,43.823299407958984,,,,
27,194,,,26.033750534057617,,26.033750534057617,26.033750534057617,,,,
27,195,,,92.82625579833984,,92.82625579833984,92.82625579833984,,,,
,27,,,,,,,,,1.5456161499023438,1.5456161499023438
27,195,,,,,,,1.5456161499023438,1.5456161499023438,,
27,195,32.947235107421875,32.947235107421875,,32.947235107421875,,,,,,
28,196,,,33.52054214477539,,33.52054214477539,33.52054214477539,,,,
28,197,,,62.87549591064453,,62.87549591064453,62.87549591064453,,,,
28,198,,,20.724872589111328,,20.724872589111328,20.724872589111328,,,,
28,199,,,22.19832420349121,,22.19832420349121,22.19832420349121,,,,
28,200,,,26.040435791015625,,26.040435791015625,26.040435791015625,,,,
28,201,,,23.545900344848633,,23.545900344848633,23.545900344848633,,,,
28,202,,,40.042049407958984,,40.042049407958984,40.042049407958984,,,,
,28,,,,,,,,,1.2255445718765259,1.2255445718765259
28,202,,,,,,,1.2255445718765259,1.2255445718765259,,
28,202,31.987659454345703,31.987659454345703,,31.987659454345703,,,,,,
29,203,,,17.007545471191406,,17.007545471191406,17.007545471191406,,,,
29,204,,,49.97692108154297,,49.97692108154297,49.97692108154297,,,,
29,205,,,8.6034517288208,,8.6034517288208,8.6034517288208,,,,
29,206,,,46.059940338134766,,46.059940338134766,46.059940338134766,,,,
29,207,,,31.02613067626953,,31.02613067626953,31.02613067626953,,,,
29,208,,,38.51092529296875,,38.51092529296875,38.51092529296875,,,,
29,209,,,13.768611907958984,,13.768611907958984,13.768611907958984,,,,
,29,,,,,,,,,0.9381588101387024,0.9381588101387024
29,209,,,,,,,0.9381588101387024,0.9381588101387024,,
29,209,30.799707412719727,30.799707412719727,,30.799707412719727,,,,,,
30,210,,,23.717529296875,,23.717529296875,23.717529296875,,,,
30,211,,,15.282621383666992,,15.282621383666992,15.282621383666992,,,,
30,212,,,23.482378005981445,,23.482378005981445,23.482378005981445,,,,
30,213,,,50.3274040222168,,50.3274040222168,50.3274040222168,,,,
30,214,,,32.35040283203125,,32.35040283203125,32.35040283203125,,,,
30,215,,,26.524091720581055,,26.524091720581055,26.524091720581055,,,,
30,216,,,41.0482177734375,,41.0482177734375,41.0482177734375,,,,
,30,,,,,,,,,0.742012083530426,0.742012083530426
30,216,,,,,,,0.742012083530426,0.742012083530426,,
30,216,29.34549331665039,29.34549331665039,,29.34549331665039,,,,,,
31,217,,,27.45766830444336,,27.45766830444336,27.45766830444336,,,,
31,218,,,23.859699249267578,,23.859699249267578,23.859699249267578,,,,
31,219,,,32.179054260253906,,32.179054260253906,32.179054260253906,,,,
31,220,,,23.343454360961914,,23.343454360961914,23.343454360961914,,,,
31,221,,,26.781864166259766,,26.781864166259766,26.781864166259766,,,,
31,222,,,32.69723892211914,,32.69723892211914,32.69723892211914,,,,
31,223,,,24.6615047454834,,24.6615047454834,24.6615047454834,,,,
,31,,,,,,,,,0.7658425569534302,0.7658425569534302
31,223,,,,,,,0.7658425569534302,0.7658425569534302,,
31,223,27.539926528930664,27.539926528930664,,27.539926528930664,,,,,,
32,224,,,37.38510513305664,,37.38510513305664,37.38510513305664,,,,
32,225,,,29.041200637817383,,29.041200637817383,29.041200637817383,,,,
32,226,,,28.825063705444336,,28.825063705444336,28.825063705444336,,,,
32,227,,,14.779902458190918,,14.779902458190918,14.779902458190918,,,,
32,228,,,24.785011291503906,,24.785011291503906,24.785011291503906,,,,
32,229,,,22.555686950683594,,22.555686950683594,22.555686950683594,,,,
32,230,,,15.613271713256836,,15.613271713256836,15.613271713256836,,,,
,32,,,,,,,,,1.0917960405349731,1.0917960405349731
32,230,,,,,,,1.0917960405349731,1.0917960405349731,,
32,230,25.604228973388672,25.604228973388672,,25.604228973388672,,,,,,
33,231,,,20.84471893310547,,20.84471893310547,20.84471893310547,,,,
33,232,,,26.85104751586914,,26.85104751586914,26.85104751586914,,,,
33,233,,,15.62618637084961,,15.62618637084961,15.62618637084961,,,,
33,234,,,26.41305160522461,,26.41305160522461,26.41305160522461,,,,
33,235,,,32.21354675292969,,32.21354675292969,32.21354675292969,,,,
33,236,,,20.204126358032227,,20.204126358032227,20.204126358032227,,,,
33,237,,,19.286779403686523,,19.286779403686523,19.286779403686523,,,,
,33,,,,,,,,,1.7946760654449463,1.7946760654449463
33,237,,,,,,,1.7946760654449463,1.7946760654449463,,
33,237,23.43297576904297,23.43297576904297,,23.43297576904297,,,,,,
34,238,,,33.48341369628906,,33.48341369628906,33.48341369628906,,,,
34,239,,,15.319512367248535,,15.319512367248535,15.319512367248535,,,,
34,240,,,14.914939880371094,,14.914939880371094,14.914939880371094,,,,
34,241,,,26.88547134399414,,26.88547134399414,26.88547134399414,,,,
34,242,,,14.115365982055664,,14.115365982055664,14.115365982055664,,,,
34,243,,,27.261980056762695,,27.261980056762695,27.261980056762695,,,,
34,244,,,10.745920181274414,,10.745920181274414,10.745920181274414,,,,
,34,,,,,,,,,2.7884514331817627,2.7884514331817627
34,244,,,,,,,2.7884514331817627,2.7884514331817627,,
34,244,21.3349666595459,21.3349666595459,,21.3349666595459,,,,,,
35,245,,,16.560819625854492,,16.560819625854492,16.560819625854492,,,,
35,246,,,24.49959373474121,,24.49959373474121,24.49959373474121,,,,
35,247,,,15.617974281311035,,15.617974281311035,15.617974281311035,,,,
35,248,,,9.8887357711792,,9.8887357711792,9.8887357711792,,,,
35,249,,,26.005050659179688,,26.005050659179688,26.005050659179688,,,,
35,250,,,16.35186195373535,,16.35186195373535,16.35186195373535,,,,
35,251,,,38.47866439819336,,38.47866439819336,38.47866439819336,,,,
,35,,,,,,,,,4.206818103790283,4.206818103790283
35,251,,,,,,,4.206818103790283,4.206818103790283,,
35,251,19.349573135375977,19.349573135375977,,19.349573135375977,,,,,,
36,252,,,15.308877944946289,,15.308877944946289,15.308877944946289,,,,
36,253,,,15.506864547729492,,15.506864547729492,15.506864547729492,,,,
36,254,,,8.992133140563965,,8.992133140563965,8.992133140563965,,,,
36,255,,,20.008960723876953,,20.008960723876953,20.008960723876953,,,,
36,256,,,15.900514602661133,,15.900514602661133,15.900514602661133,,,,
36,257,,,25.893123626708984,,25.893123626708984,25.893123626708984,,,,
36,258,,,26.887056350708008,,26.887056350708008,26.887056350708008,,,,
,36,,,,,,,,,5.794858455657959,5.794858455657959
36,258,,,,,,,5.794858455657959,5.794858455657959,,
36,258,17.520490646362305,17.520490646362305,,17.520490646362305,,,,,,
37,259,,,10.246492385864258,,10.246492385864258,10.246492385864258,,,,
37,260,,,22.023591995239258,,22.023591995239258,22.023591995239258,,,,
37,261,,,7.1129584312438965,,7.1129584312438965,7.1129584312438965,,,,
37,262,,,25.71849250793457,,25.71849250793457,25.71849250793457,,,,
37,263,,,24.321840286254883,,24.321840286254883,24.321840286254883,,,,
37,264,,,9.51456356048584,,9.51456356048584,9.51456356048584,,,,
37,265,,,10.902347564697266,,10.902347564697266,10.902347564697266,,,,
,37,,,,,,,,,7.340048313140869,7.340048313140869
37,265,,,,,,,7.340048313140869,7.340048313140869,,
37,265,16.16098976135254,16.16098976135254,,16.16098976135254,,,,,,
38,266,,,19.413881301879883,,19.413881301879883,19.413881301879883,,,,
38,267,,,13.161734580993652,,13.161734580993652,13.161734580993652,,,,
38,268,,,18.521541595458984,,18.521541595458984,18.521541595458984,,,,
38,269,,,15.19213581085205,,15.19213581085205,15.19213581085205,,,,
38,270,,,5.27722692489624,,5.27722692489624,5.27722692489624,,,,
38,271,,,11.603029251098633,,11.603029251098633,11.603029251098633,,,,
38,272,,,34.22738265991211,,34.22738265991211,34.22738265991211,,,,
,38,,,,,,,,,9.109882354736328,9.109882354736328
38,272,,,,,,,9.109882354736328,9.109882354736328,,
38,272,15.059578895568848,15.059578895568848,,15.059578895568848,,,,,,
39,273,,,14.128608703613281,,14.128608703613281,14.128608703613281,,,,
39,274,,,12.54369831085205,,12.54369831085205,12.54369831085205,,,,
39,275,,,27.087223052978516,,27.087223052978516,27.087223052978516,,,,
39,276,,,6.712838649749756,,6.712838649749756,6.712838649749756,,,,
39,277,,,9.696737289428711,,9.696737289428711,9.696737289428711,,,,
39,278,,,13.067477226257324,,13.067477226257324,13.067477226257324,,,,
39,279,,,17.19161033630371,,17.19161033630371,17.19161033630371,,,,
,39,,,,,,,,,10.681659698486328,10.681659698486328
39,279,,,,,,,10.681660652160645,10.681660652160645,,
39,279,14.067989349365234,14.067989349365234,,14.067989349365234,,,,,,
40,280,,,11.480998992919922,,11.480998992919922,11.480998992919922,,,,
40,281,,,6.764578342437744,,6.764578342437744,6.764578342437744,,,,
40,282,,,13.533905029296875,,13.533905029296875,13.533905029296875,,,,
40,283,,,12.376479148864746,,12.376479148864746,12.376479148864746,,,,
40,284,,,14.329193115234375,,14.329193115234375,14.329193115234375,,,,
40,285,,,20.22357940673828,,20.22357940673828,20.22357940673828,,,,
40,286,,,15.304319381713867,,15.304319381713867,15.304319381713867,,,,
,40,,,,,,,,,11.97055435180664,11.97055435180664
40,286,,,,,,,11.970555305480957,11.970555305480957,,
40,286,13.246722221374512,13.246722221374512,,13.246722221374512,,,,,,
41,287,,,5.764646053314209,,5.764646053314209,5.764646053314209,,,,
41,288,,,12.221034049987793,,12.221034049987793,12.221034049987793,,,,
41,289,,,14.246923446655273,,14.246923446655273,14.246923446655273,,,,
41,290,,,17.3140926361084,,17.3140926361084,17.3140926361084,,,,
41,291,,,13.270671844482422,,13.270671844482422,13.270671844482422,,,,
41,292,,,13.361859321594238,,13.361859321594238,13.361859321594238,,,,
41,293,,,12.181085586547852,,12.181085586547852,12.181085586547852,,,,
,41,,,,,,,,,13.031982421875,13.031982421875
41,293,,,,,,,13.031982421875,13.031982421875,,
41,293,12.666217803955078,12.666217803955078,,12.666217803955078,,,,,,
42,294,,,14.05441665649414,,14.05441665649414,14.05441665649414,,,,
42,295,,,9.146900177001953,,9.146900177001953,9.146900177001953,,,,
42,296,,,12.045270919799805,,12.045270919799805,12.045270919799805,,,,
42,297,,,14.8296480178833,,14.8296480178833,14.8296480178833,,,,
42,298,,,12.084074974060059,,12.084074974060059,12.084074974060059,,,,
42,299,,,11.771612167358398,,11.771612167358398,11.771612167358398,,,,
42,300,,,9.86790943145752,,9.86790943145752,9.86790943145752,,,,
,42,,,,,,,,,14.05932903289795,14.05932903289795
42,300,,,,,,,14.05932903289795,14.05932903289795,,
42,300,12.177629470825195,12.177629470825195,,12.177629470825195,,,,,,
43,301,,,11.637041091918945,,11.637041091918945,11.637041091918945,,,,
43,302,,,12.288458824157715,,12.288458824157715,12.288458824157715,,,,
43,303,,,11.028446197509766,,11.028446197509766,11.028446197509766,,,,
43,304,,,10.959821701049805,,10.959821701049805,10.959821701049805,,,,
43,305,,,13.86607551574707,,13.86607551574707,13.86607551574707,,,,
43,306,,,7.925209045410156,,7.925209045410156,7.925209045410156,,,,
43,307,,,18.753578186035156,,18.753578186035156,18.753578186035156,,,,
,43,,,,,,,,,15.150593757629395,15.150593757629395
43,307,,,,,,,15.150593757629395,15.150593757629395,,
43,307,11.723551750183105,11.723551750183105,,11.723551750183105,,,,,,
44,308,,,11.823834419250488,,11.823834419250488,11.823834419250488,,,,
44,309,,,10.47081184387207,,10.47081184387207,10.47081184387207,,,,
44,310,,,8.034506797790527,,8.034506797790527,8.034506797790527,,,,
44,311,,,15.238350868225098,,15.238350868225098,15.238350868225098,,,,
44,312,,,11.047761917114258,,11.047761917114258,11.047761917114258,,,,
44,313,,,12.652841567993164,,12.652841567993164,12.652841567993164,,,,
44,314,,,7.69366979598999,,7.69366979598999,7.69366979598999,,,,
,44,,,,,,,,,15.967236518859863,15.967236518859863
44,314,,,,,,,15.967236518859863,15.967236518859863,,
44,314,11.318153381347656,11.318153381347656,,11.318153381347656,,,,,,
45,315,,,13.878243446350098,,13.878243446350098,13.878243446350098,,,,
45,316,,,8.9523286819458,,8.9523286819458,8.9523286819458,,,,
45,317,,,8.934561729431152,,8.934561729431152,8.934561729431152,,,,
45,318,,,10.513764381408691,,10.513764381408691,10.513764381408691,,,,
45,319,,,10.478179931640625,,10.478179931640625,10.478179931640625,,,,
45,320,,,11.268975257873535,,11.268975257873535,11.268975257873535,,,,
45,321,,,15.995048522949219,,15.995048522949219,15.995048522949219,,,,
,45,,,,,,,,,16.82931900024414,16.82931900024414
45,321,,,,,,,16.82931900024414,16.82931900024414,,
45,321,10.984188079833984,10.984188079833984,,10.984188079833984,,,,,,
46,322,,,16.5543270111084,,16.5543270111084,16.5543270111084,,,,
46,323,,,13.359085083007812,,13.359085083007812,13.359085083007812,,,,
46,324,,,9.53897762298584,,9.53897762298584,9.53897762298584,,,,
46,325,,,6.813079357147217,,6.813079357147217,6.813079357147217,,,,
46,326,,,9.3759183883667,,9.3759183883667,9.3759183883667,,,,
46,327,,,10.463586807250977,,10.463586807250977,10.463586807250977,,,,
46,328,,,6.017564296722412,,6.017564296722412,6.017564296722412,,,,
,46,,,,,,,,,17.163490295410156,17.163490295410156
46,328,,,,,,,17.163490295410156,17.163490295410156,,
46,328,10.723381042480469,10.723381042480469,,10.723381042480469,,,,,,
47,329,,,14.06661605834961,,14.06661605834961,14.06661605834961,,,,
47,330,,,12.055505752563477,,12.055505752563477,12.055505752563477,,,,
47,331,,,10.811636924743652,,10.811636924743652,10.811636924743652,,,,
47,332,,,7.670243263244629,,7.670243263244629,7.670243263244629,,,,
47,333,,,9.336462020874023,,9.336462020874023,9.336462020874023,,,,
47,334,,,9.235726356506348,,9.235726356506348,9.235726356506348,,,,
47,335,,,9.73861312866211,,9.73861312866211,9.73861312866211,,,,
,47,,,,,,,,,17.518022537231445,17.518022537231445
47,335,,,,,,,17.518022537231445,17.518022537231445,,
47,335,10.48284912109375,10.48284912109375,,10.48284912109375,,,,,,
48,336,,,7.699443817138672,,7.699443817138672,7.699443817138672,,,,
48,337,,,13.419713020324707,,13.419713020324707,13.419713020324707,,,,
48,338,,,10.847610473632812,,10.847610473632812,10.847610473632812,,,,
48,339,,,12.907584190368652,,12.907584190368652,12.907584190368652,,,,
48,340,,,9.68154525756836,,9.68154525756836,9.68154525756836,,,,
48,341,,,7.010439872741699,,7.010439872741699,7.010439872741699,,,,
48,342,,,10.303138732910156,,10.303138732910156,10.303138732910156,,,,
,48,,,,,,,,,17.68387794494629,17.68387794494629
48,342,,,,,,,17.68387794494629,17.68387794494629,,
48,342,10.263531684875488,10.263531684875488,,10.263531684875488,,,,,,
49,343,,,9.637492179870605,,9.637492179870605,9.637492179870605,,,,
49,344,,,8.966951370239258,,8.966951370239258,8.966951370239258,,,,
49,345,,,12.206643104553223,,12.206643104553223,12.206643104553223,,,,
49,346,,,12.130064010620117,,12.130064010620117,12.130064010620117,,,,
49,347,,,12.650603294372559,,12.650603294372559,12.650603294372559,,,,
49,348,,,5.464285373687744,,5.464285373687744,5.464285373687744,,,,
49,349,,,8.66543960571289,,8.66543960571289,8.66543960571289,,,,
,49,,,,,,,,,17.859554290771484,17.859554290771484
49,349,,,,,,,17.859554290771484,17.859554290771484,,
49,349,10.087149620056152,10.087149620056152,,10.087149620056152,,,,,,
50,350,,,10.955005645751953,,10.955005645751953,10.955005645751953,,,,
50,351,,,8.039990425109863,,8.039990425109863,8.039990425109863,,,,
50,352,,,9.85653305053711,,9.85653305053711,9.85653305053711,,,,
50,353,,,13.578424453735352,,13.578424453735352,13.578424453735352,,,,
50,354,,,8.912314414978027,,8.912314414978027,8.912314414978027,,,,
50,355,,,8.898574829101562,,8.898574829101562,8.898574829101562,,,,
50,356,,,8.108972549438477,,8.108972549438477,8.108972549438477,,,,
,50,,,,,,,,,18.025537490844727,18.025537490844727
50,356,,,,,,,18.025537490844727,18.025537490844727,,
50,356,9.926542282104492,9.926542282104492,,9.926542282104492,,,,,,
51,357,,,9.517248153686523,,9.517248153686523,9.517248153686523,,,,
51,358,,,14.531734466552734,,14.531734466552734,14.531734466552734,,,,
51,359,,,6.875454425811768,,6.875454425811768,6.875454425811768,,,,
51,360,,,9.952709197998047,,9.952709197998047,9.952709197998047,,,,
51,361,,,7.047239780426025,,7.047239780426025,7.047239780426025,,,,
51,362,,,9.148638725280762,,9.148638725280762,9.148638725280762,,,,
51,363,,,14.002543449401855,,14.002543449401855,14.002543449401855,,,,
,51,,,,,,,,,18.256441116333008,18.256441116333008
51,363,,,,,,,18.256441116333008,18.256441116333008,,
51,363,9.776309967041016,9.776309967041016,,9.776309967041016,,,,,,
52,364,,,10.329038619995117,,10.329038619995117,10.329038619995117,,,,
52,365,,,10.674277305603027,,10.674277305603027,10.674277305603027,,,,
52,366,,,9.03272819519043,,9.03272819519043,9.03272819519043,,,,
52,367,,,6.858227252960205,,6.858227252960205,6.858227252960205,,,,
52,368,,,10.829347610473633,,10.829347610473633,10.829347610473633,,,,
52,369,,,9.46436595916748,,9.46436595916748,9.46436595916748,,,,
52,370,,,11.168482780456543,,11.168482780456543,11.168482780456543,,,,
,52,,,,,,,,,18.52764320373535,18.52764320373535
52,370,,,,,,,18.52764320373535,18.52764320373535,,
52,370,9.627634048461914,9.627634048461914,,9.627634048461914,,,,,,
53,371,,,7.4221577644348145,,7.4221577644348145,7.4221577644348145,,,,
53,372,,,9.863070487976074,,9.863070487976074,9.863070487976074,,,,
53,373,,,5.708219051361084,,5.708219051361084,5.708219051361084,,,,
53,374,,,13.979342460632324,,13.979342460632324,13.979342460632324,,,,
53,375,,,8.721321105957031,,8.721321105957031,8.721321105957031,,,,
53,376,,,10.7842378616333,,10.7842378616333,10.7842378616333,,,,
53,377,,,11.04439926147461,,11.04439926147461,11.04439926147461,,,,
,53,,,,,,,,,18.717023849487305,18.717023849487305
53,377,,,,,,,18.717023849487305,18.717023849487305,,
53,377,9.50901985168457,9.50901985168457,,9.50901985168457,,,,,,
54,378,,,7.23452615737915,,7.23452615737915,7.23452615737915,,,,
54,379,,,8.0855712890625,,8.0855712890625,8.0855712890625,,,,
54,380,,,5.996636390686035,,5.996636390686035,5.996636390686035,,,,
54,381,,,10.514297485351562,,10.514297485351562,10.514297485351562,,,,
54,382,,,12.330792427062988,,12.330792427062988,12.330792427062988,,,,
54,383,,,12.126389503479004,,12.126389503479004,12.126389503479004,,,,
54,384,,,9.400167465209961,,9.400167465209961,9.400167465209961,,,,
,54,,,,,,,,,18.824148178100586,18.824148178100586
54,384,,,,,,,18.824148178100586,18.824148178100586,,
54,384,9.382473945617676,9.382473945617676,,9.382473945617676,,,,,,
55,385,,,8.268325805664062,,8.268325805664062,8.268325805664062,,,,
55,386,,,10.789188385009766,,10.789188385009766,10.789188385009766,,,,
55,387,,,9.610268592834473,,9.610268592834473,9.610268592834473,,,,
55,388,,,11.017760276794434,,11.017760276794434,11.017760276794434,,,,
55,389,,,7.58983039855957,,7.58983039855957,7.58983039855957,,,,
55,390,,,9.573162078857422,,9.573162078857422,9.573162078857422,,,,
55,391,,,6.090434551239014,,6.090434551239014,6.090434551239014,,,,
,55,,,,,,,,,18.64023780822754,18.64023780822754
55,391,,,,,,,18.64023780822754,18.64023780822754,,
55,391,9.275678634643555,9.275678634643555,,9.275678634643555,,,,,,
56,392,,,8.560035705566406,,8.560035705566406,8.560035705566406,,,,
56,393,,,8.447543144226074,,8.447543144226074,8.447543144226074,,,,
56,394,,,9.983575820922852,,9.983575820922852,9.983575820922852,,,,
56,395,,,9.71048641204834,,9.71048641204834,9.71048641204834,,,,
56,396,,,9.136651992797852,,9.136651992797852,9.136651992797852,,,,
56,397,,,7.878190517425537,,7.878190517425537,7.878190517425537,,,,
56,398,,,12.600552558898926,,12.600552558898926,12.600552558898926,,,,
,56,,,,,,,,,18.552534103393555,18.552534103393555
56,398,,,,,,,18.552534103393555,18.552534103393555,,
56,398,9.16732406616211,9.16732406616211,,9.16732406616211,,,,,,
57,399,,,6.330431938171387,,6.330431938171387,6.330431938171387,,,,
57,400,,,7.711557865142822,,7.711557865142822,7.711557865142822,,,,
57,401,,,9.969809532165527,,9.969809532165527,9.969809532165527,,,,
57,402,,,9.174897193908691,,9.174897193908691,9.174897193908691,,,,
57,403,,,10.512016296386719,,10.512016296386719,10.512016296386719,,,,
57,404,,,11.01380443572998,,11.01380443572998,11.01380443572998,,,,
57,405,,,8.25114631652832,,8.25114631652832,8.25114631652832,,,,
,57,,,,,,,,,18.158327102661133,18.158327102661133
57,405,,,,,,,18.158327102661133,18.158327102661133,,
57,405,9.067717552185059,9.067717552185059,,9.067717552185059,,,,,,
58,406,,,6.473094463348389,,6.473094463348389,6.473094463348389,,,,
58,407,,,8.2291841506958,,8.2291841506958,8.2291841506958,,,,
58,408,,,11.455081939697266,,11.455081939697266,11.455081939697266,,,,
58,409,,,7.710607528686523,,7.710607528686523,7.710607528686523,,,,
58,410,,,9.086668968200684,,9.086668968200684,9.086668968200684,,,,
58,411,,,10.443610191345215,,10.443610191345215,10.443610191345215,,,,
58,412,,,10.234148025512695,,10.234148025512695,10.234148025512695,,,,
,58,,,,,,,,,18.021747589111328,18.021747589111328
58,412,,,,,,,18.021747589111328,18.021747589111328,,
58,412,8.978204727172852,8.978204727172852,,8.978204727172852,,,,,,
59,413,,,10.296487808227539,,10.296487808227539,10.296487808227539,,,,
59,414,,,10.064132690429688,,10.064132690429688,10.064132690429688,,,,
59,415,,,6.83275032043457,,6.83275032043457,6.83275032043457,,,,
59,416,,,9.918793678283691,,9.918793678283691,9.918793678283691,,,,
59,417,,,8.544025421142578,,8.544025421142578,8.544025421142578,,,,
59,418,,,6.3262763023376465,,6.3262763023376465,6.3262763023376465,,,,
59,419,,,12.45468521118164,,12.45468521118164,12.45468521118164,,,,
,59,,,,,,,,,17.859403610229492,17.859403610229492
59,419,,,,,,,17.859403610229492,17.859403610229492,,
59,419,8.886740684509277,8.886740684509277,,8.886740684509277,,,,,,
60,420,,,7.283563137054443,,7.283563137054443,7.283563137054443,,,,
60,421,,,7.374166965484619,,7.374166965484619,7.374166965484619,,,,
60,422,,,10.254703521728516,,10.254703521728516,10.254703521728516,,,,
60,423,,,9.381118774414062,,9.381118774414062,9.381118774414062,,,,
60,424,,,12.000831604003906,,12.000831604003906,12.000831604003906,,,,
60,425,,,7.120333194732666,,7.120333194732666,7.120333194732666,,,,
60,426,,,7.246424198150635,,7.246424198150635,7.246424198150635,,,,
,60,,,,,,,,,17.746257781982422,17.746257781982422
60,426,,,,,,,17.746257781982422,17.746257781982422,,
60,426,8.805039405822754,8.805039405822754,,8.805039405822754,,,,,,
61,427,,,5.164220809936523,,5.164220809936523,5.164220809936523,,,,
61,428,,,5.381504535675049,,5.381504535675049,5.381504535675049,,,,
61,429,,,11.508121490478516,,11.508121490478516,11.508121490478516,,,,
61,430,,,9.872830390930176,,9.872830390930176,9.872830390930176,,,,
61,431,,,10.537775993347168,,10.537775993347168,10.537775993347168,,,,
61,432,,,10.326020240783691,,10.326020240783691,10.326020240783691,,,,
61,433,,,7.493257999420166,,7.493257999420166,7.493257999420166,,,,
,61,,,,,,,,,17.694393157958984,17.694393157958984
61,433,,,,,,,17.694393157958984,17.694393157958984,,
61,433,8.721638679504395,8.721638679504395,,8.721638679504395,,,,,,
62,434,,,9.93362045288086,,9.93362045288086,9.93362045288086,,,,
62,435,,,8.013376235961914,,8.013376235961914,8.013376235961914,,,,
62,436,,,7.912452697753906,,7.912452697753906,7.912452697753906,,,,
62,437,,,7.256044864654541,,7.256044864654541,7.256044864654541,,,,
62,438,,,10.620523452758789,,10.620523452758789,10.620523452758789,,,,
62,439,,,8.047378540039062,,8.047378540039062,8.047378540039062,,,,
62,440,,,8.94585132598877,,8.94585132598877,8.94585132598877,,,,
,62,,,,,,,,,17.667245864868164,17.667245864868164
62,440,,,,,,,17.667245864868164,17.667245864868164,,
62,440,8.6491117477417,8.6491117477417,,8.6491117477417,,,,,,
63,441,,,10.483929634094238,,10.483929634094238,10.483929634094238,,,,
63,442,,,8.17852783203125,,8.17852783203125,8.17852783203125,,,,
63,443,,,9.031919479370117,,9.031919479370117,9.031919479370117,,,,
63,444,,,9.45988655090332,,9.45988655090332,9.45988655090332,,,,
63,445,,,8.511087417602539,,8.511087417602539,8.511087417602539,,,,
63,446,,,5.41032075881958,,5.41032075881958,5.41032075881958,,,,
63,447,,,9.63951301574707,,9.63951301574707,9.63951301574707,,,,
,63,,,,,,,,,17.62941551208496,17.62941551208496
63,447,,,,,,,17.62941551208496,17.62941551208496,,
63,447,8.578900337219238,8.578900337219238,,8.578900337219238,,,,,,
64,448,,,10.214275360107422,,10.214275360107422,10.214275360107422,,,,
64,449,,,10.07717227935791,,10.07717227935791,10.07717227935791,,,,
64,450,,,7.112303256988525,,7.112303256988525,7.112303256988525,,,,
64,451,,,7.338982105255127,,7.338982105255127,7.338982105255127,,,,
64,452,,,7.216748237609863,,7.216748237609863,7.216748237609863,,,,
64,453,,,8.438885688781738,,8.438885688781738,8.438885688781738,,,,
64,454,,,10.074323654174805,,10.074323654174805,10.074323654174805,,,,
,64,,,,,,,,,17.620576858520508,17.620576858520508
64,454,,,,,,,17.620576858520508,17.620576858520508,,
64,454,8.4982328414917,8.4982328414917,,8.4982328414917,,,,,,
65,455,,,8.888860702514648,,8.888860702514648,8.888860702514648,,,,
65,456,,,9.666831970214844,,9.666831970214844,9.666831970214844,,,,
65,457,,,9.03564167022705,,9.03564167022705,9.03564167022705,,,,
65,458,,,8.983490943908691,,8.983490943908691,8.983490943908691,,,,
65,459,,,6.86709451675415,,6.86709451675415,6.86709451675415,,,,
65,460,,,7.097087860107422,,7.097087860107422,7.097087860107422,,,,
65,461,,,8.400619506835938,,8.400619506835938,8.400619506835938,,,,
,65,,,,,,,,,17.56048583984375,17.56048583984375
65,461,,,,,,,17.56048583984375,17.56048583984375,,
65,461,8.421841621398926,8.421841621398926,,8.421841621398926,,,,,,
66,462,,,8.477375984191895,,8.477375984191895,8.477375984191895,,,,
66,463,,,6.760269641876221,,6.760269641876221,6.760269641876221,,,,
66,464,,,6.468574523925781,,6.468574523925781,6.468574523925781,,,,
66,465,,,7.261943817138672,,7.261943817138672,7.261943817138672,,,,
66,466,,,10.28413200378418,,10.28413200378418,10.28413200378418,,,,
66,467,,,9.428110122680664,,9.428110122680664,9.428110122680664,,,,
66,468,,,12.118742942810059,,12.118742942810059,12.118742942810059,,,,
,66,,,,,,,,,17.462188720703125,17.462188720703125
66,468,,,,,,,17.462188720703125,17.462188720703125,,
66,468,8.34900951385498,8.34900951385498,,8.34900951385498,,,,,,
67,469,,,8.287951469421387,,8.287951469421387,8.287951469421387,,,,
67,470,,,8.543105125427246,,8.543105125427246,8.543105125427246,,,,
67,471,,,9.908538818359375,,9.908538818359375,9.908538818359375,,,,
67,472,,,6.364339828491211,,6.364339828491211,6.364339828491211,,,,
67,473,,,7.295530796051025,,7.295530796051025,7.295530796051025,,,,
67,474,,,10.914139747619629,,10.914139747619629,10.914139747619629,,,,
67,475,,,3.807656764984131,,3.807656764984131,3.807656764984131,,,,
,67,,,,,,,,,17.232175827026367,17.232175827026367
67,475,,,,,,,17.232175827026367,17.232175827026367,,
67,475,8.273173332214355,8.273173332214355,,8.273173332214355,,,,,,
68,476,,,9.347147941589355,,9.347147941589355,9.347147941589355,,,,
68,477,,,6.803098201751709,,6.803098201751709,6.803098201751709,,,,
68,478,,,10.614777565002441,,10.614777565002441,10.614777565002441,,,,
68,479,,,7.835353851318359,,7.835353851318359,7.835353851318359,,,,
68,480,,,7.040525913238525,,7.040525913238525,7.040525913238525,,,,
68,481,,,5.458995342254639,,5.458995342254639,5.458995342254639,,,,
68,482,,,13.771500587463379,,13.771500587463379,13.771500587463379,,,,
,68,,,,,,,,,17.01974105834961,17.01974105834961
68,482,,,,,,,17.01974105834961,17.01974105834961,,
68,482,8.198307991027832,8.198307991027832,,8.198307991027832,,,,,,
69,483,,,6.989311695098877,,6.989311695098877,6.989311695098877,,,,
69,484,,,8.007669448852539,,8.007669448852539,8.007669448852539,,,,
69,485,,,7.924021244049072,,7.924021244049072,7.924021244049072,,,,
69,486,,,8.64603328704834,,8.64603328704834,8.64603328704834,,,,
69,487,,,6.520148754119873,,6.520148754119873,6.520148754119873,,,,
69,488,,,10.486180305480957,,10.486180305480957,10.486180305480957,,,,
69,489,,,8.454830169677734,,8.454830169677734,8.454830169677734,,,,
,69,,,,,,,,,16.83209228515625,16.83209228515625
69,489,,,,,,,16.83209228515625,16.83209228515625,,
69,489,8.116694450378418,8.116694450378418,,8.116694450378418,,,,,,
70,490,,,10.665072441101074,,10.665072441101074,10.665072441101074,,,,
70,491,,,8.343432426452637,,8.343432426452637,8.343432426452637,,,,
70,492,,,5.709013938903809,,5.709013938903809,5.709013938903809,,,,
70,493,,,6.450677394866943,,6.450677394866943,6.450677394866943,,,,
70,494,,,12.204070091247559,,12.204070091247559,12.204070091247559,,,,
70,495,,,6.14157247543335,,6.14157247543335,6.14157247543335,,,,
70,496,,,4.8142409324646,,4.8142409324646,4.8142409324646,,,,
,70,,,,,,,,,16.531124114990234,16.531124114990234
70,496,,,,,,,16.531124114990234,16.531124114990234,,
70,496,8.050066947937012,8.050066947937012,,8.050066947937012,,,,,,
71,497,,,8.085182189941406,,8.085182189941406,8.085182189941406,,,,
71,498,,,8.276217460632324,,8.276217460632324,8.276217460632324,,,,
71,499,,,7.722923278808594,,7.722923278808594,7.722923278808594,,,,
71,500,,,8.39437198638916,,8.39437198638916,8.39437198638916,,,,
71,501,,,6.359518527984619,,6.359518527984619,6.359518527984619,,,,
71,502,,,8.429899215698242,,8.429899215698242,8.429899215698242,,,,
71,503,,,9.561126708984375,,9.561126708984375,9.561126708984375,,,,
,71,,,,,,,,,16.364505767822266,16.364505767822266
71,503,,,,,,,16.364505767822266,16.364505767822266,,
71,503,7.977025032043457,7.977025032043457,,7.977025032043457,,,,,,
72,504,,,5.344243049621582,,5.344243049621582,5.344243049621582,,,,
72,505,,,9.225687026977539,,9.225687026977539,9.225687026977539,,,,
72,506,,,8.560958862304688,,8.560958862304688,8.560958862304688,,,,
72,507,,,6.56223201751709,,6.56223201751709,6.56223201751709,,,,
72,508,,,9.181647300720215,,9.181647300720215,9.181647300720215,,,,
72,509,,,6.946761131286621,,6.946761131286621,6.946761131286621,,,,
72,510,,,12.254205703735352,,12.254205703735352,12.254205703735352,,,,
,72,,,,,,,,,16.436630249023438,16.436630249023438
72,510,,,,,,,16.436630249023438,16.436630249023438,,
72,510,7.908527374267578,7.908527374267578,,7.908527374267578,,,,,,
73,511,,,7.498440742492676,,7.498440742492676,7.498440742492676,,,,
73,512,,,8.824468612670898,,8.824468612670898,8.824468612670898,,,,
73,513,,,9.421035766601562,,9.421035766601562,9.421035766601562,,,,
73,514,,,6.82047176361084,,6.82047176361084,6.82047176361084,,,,
73,515,,,6.0108842849731445,,6.0108842849731445,6.0108842849731445,,,,
73,516,,,8.50991153717041,,8.50991153717041,8.50991153717041,,,,
73,517,,,7.763997554779053,,7.763997554779053,7.763997554779053,,,,
,73,,,,,,,,,16.477087020874023,16.477087020874023
73,517,,,,,,,16.477087020874023,16.477087020874023,,
73,517,7.842621326446533,7.842621326446533,,7.842621326446533,,,,,,
74,518,,,10.111734390258789,,10.111734390258789,10.111734390258789,,,,
74,519,,,7.522411346435547,,7.522411346435547,7.522411346435547,,,,
74,520,,,4.149637699127197,,4.149637699127197,4.149637699127197,,,,
74,521,,,7.767711162567139,,7.767711162567139,7.767711162567139,,,,
74,522,,,8.795916557312012,,8.795916557312012,8.795916557312012,,,,
74,523,,,8.154850006103516,,8.154850006103516,8.154850006103516,,,,
74,524,,,8.337937355041504,,8.337937355041504,8.337937355041504,,,,
,74,,,,,,,,,16.356674194335938,16.356674194335938
74,524,,,,,,,16.356674194335938,16.356674194335938,,
74,524,7.784939765930176,7.784939765930176,,7.784939765930176,,,,,,
75,525,,,6.448292255401611,,6.448292255401611,6.448292255401611,,,,
75,526,,,11.0223388671875,,11.0223388671875,11.0223388671875,,,,
75,527,,,7.391635417938232,,7.391635417938232,7.391635417938232,,,,
75,528,,,7.270981311798096,,7.270981311798096,7.270981311798096,,,,
75,529,,,6.701719284057617,,6.701719284057617,6.701719284057617,,,,
75,530,,,6.766096115112305,,6.766096115112305,6.766096115112305,,,,
75,531,,,9.780905723571777,,9.780905723571777,9.780905723571777,,,,
,75,,,,,,,,,16.214366912841797,16.214366912841797
75,531,,,,,,,16.214366912841797,16.214366912841797,,
75,531,7.728456020355225,7.728456020355225,,7.728456020355225,,,,,,
76,532,,,7.78657865524292,,7.78657865524292,7.78657865524292,,,,
76,533,,,7.949979305267334,,7.949979305267334,7.949979305267334,,,,
76,534,,,6.958878517150879,,6.958878517150879,6.958878517150879,,,,
76,535,,,7.233018398284912,,7.233018398284912,7.233018398284912,,,,
76,536,,,5.984206676483154,,5.984206676483154,5.984206676483154,,,,
76,537,,,9.387439727783203,,9.387439727783203,9.387439727783203,,,,
76,538,,,9.653763771057129,,9.653763771057129,9.653763771057129,,,,
,76,,,,,,,,,16.145286560058594,16.145286560058594
76,538,,,,,,,16.145286560058594,16.145286560058594,,
76,538,7.67376708984375,7.67376708984375,,7.67376708984375,,,,,,
77,539,,,8.6403226852417,,8.6403226852417,8.6403226852417,,,,
77,540,,,7.735546112060547,,7.735546112060547,7.735546112060547,,,,
77,541,,,4.394845008850098,,4.394845008850098,4.394845008850098,,,,
77,542,,,7.3021626472473145,,7.3021626472473145,7.3021626472473145,,,,
77,543,,,9.069652557373047,,9.069652557373047,9.069652557373047,,,,
77,544,,,8.927387237548828,,8.927387237548828,8.927387237548828,,,,
77,545,,,6.704485893249512,,6.704485893249512,6.704485893249512,,,,
,77,,,,,,,,,15.848896026611328,15.848896026611328
77,545,,,,,,,15.848896980285645,15.848896980285645,,
77,545,7.621035099029541,7.621035099029541,,7.621035099029541,,,,,,
78,546,,,8.014880180358887,,8.014880180358887,8.014880180358887,,,,
78,547,,,7.245556831359863,,7.245556831359863,7.245556831359863,,,,
78,548,,,7.165938377380371,,7.165938377380371,7.165938377380371,,,,
78,549,,,6.321597576141357,,6.321597576141357,6.321597576141357,,,,
78,550,,,5.935513019561768,,5.935513019561768,5.935513019561768,,,,
78,551,,,8.660605430603027,,8.660605430603027,8.660605430603027,,,,
78,552,,,13.131939888000488,,13.131939888000488,13.131939888000488,,,,
,78,,,,,,,,,15.74255657196045,15.74255657196045
78,552,,,,,,,15.74255657196045,15.74255657196045,,
78,552,7.571540355682373,7.571540355682373,,7.571540355682373,,,,,,
79,553,,,9.452929496765137,,9.452929496765137,9.452929496765137,,,,
79,554,,,6.8230462074279785,,6.8230462074279785,6.8230462074279785,,,,
79,555,,,7.122820854187012,,7.122820854187012,7.122820854187012,,,,
79,556,,,7.557223796844482,,7.557223796844482,7.557223796844482,,,,
79,557,,,7.527626037597656,,7.527626037597656,7.527626037597656,,,,
79,558,,,7.025400161743164,,7.025400161743164,7.025400161743164,,,,
79,559,,,6.339424133300781,,6.339424133300781,6.339424133300781,,,,
,79,,,,,,,,,15.618552207946777,15.618552207946777
79,559,,,,,,,15.618552207946777,15.618552207946777,,
79,559,7.511581897735596,7.511581897735596,,7.511581897735596,,,,,,
80,560,,,6.892679691314697,,6.892679691314697,6.892679691314697,,,,
80,561,,,6.499049186706543,,6.499049186706543,6.499049186706543,,,,
80,562,,,8.104400634765625,,8.104400634765625,8.104400634765625,,,,
80,563,,,9.111466407775879,,9.111466407775879,9.111466407775879,,,,
80,564,,,6.463155746459961,,6.463155746459961,6.463155746459961,,,,
80,565,,,8.610363960266113,,8.610363960266113,8.610363960266113,,,,
80,566,,,5.041473865509033,,5.041473865509033,5.041473865509033,,,,
,80,,,,,,,,,15.527531623840332,15.527531623840332
80,566,,,,,,,15.527531623840332,15.527531623840332,,
80,566,7.462223052978516,7.462223052978516,,7.462223052978516,,,,,,
81,567,,,8.421051979064941,,8.421051979064941,8.421051979064941,,,,
81,568,,,5.958522796630859,,5.958522796630859,5.958522796630859,,,,
81,569,,,6.267576694488525,,6.267576694488525,6.267576694488525,,,,
81,570,,,6.606570243835449,,6.606570243835449,6.606570243835449,,,,
81,571,,,7.437201499938965,,7.437201499938965,7.437201499938965,,,,
81,572,,,7.83272123336792,,7.83272123336792,7.83272123336792,,,,
81,573,,,12.545685768127441,,12.545685768127441,12.545685768127441,,,,
,81,,,,,,,,,15.598176002502441,15.598176002502441
81,573,,,,,,,15.598176002502441,15.598176002502441,,
81,573,7.408357620239258,7.408357620239258,,7.408357620239258,,,,,,
82,574,,,8.041070938110352,,8.041070938110352,8.041070938110352,,,,
82,575,,,5.673101425170898,,5.673101425170898,5.673101425170898,,,,
82,576,,,8.160033226013184,,8.160033226013184,8.160033226013184,,,,
82,577,,,8.162449836730957,,8.162449836730957,8.162449836730957,,,,
82,578,,,7.895085334777832,,7.895085334777832,7.895085334777832,,,,
82,579,,,7.09722900390625,,7.09722900390625,7.09722900390625,,,,
82,580,,,5.040136814117432,,5.040136814117432,5.040136814117432,,,,
,82,,,,,,,,,15.356688499450684,15.356688499450684
82,580,,,,,,,15.356688499450684,15.356688499450684,,
82,580,7.359846591949463,7.359846591949463,,7.359846591949463,,,,,,
83,581,,,5.243330955505371,,5.243330955505371,5.243330955505371,,,,
83,582,,,7.810070514678955,,7.810070514678955,7.810070514678955,,,,
83,583,,,6.291337013244629,,6.291337013244629,6.291337013244629,,,,
83,584,,,6.152920246124268,,6.152920246124268,6.152920246124268,,,,
83,585,,,8.151593208312988,,8.151593208312988,8.151593208312988,,,,
83,586,,,9.302165031433105,,9.302165031433105,9.302165031433105,,,,
83,587,,,9.59945297241211,,9.59945297241211,9.59945297241211,,,,
,83,,,,,,,,,15.315118789672852,15.315118789672852
83,587,,,,,,,15.315118789672852,15.315118789672852,,
83,587,7.302150726318359,7.302150726318359,,7.302150726318359,,,,,,
84,588,,,7.7559685707092285,,7.7559685707092285,7.7559685707092285,,,,
84,589,,,7.334693908691406,,7.334693908691406,7.334693908691406,,,,
84,590,,,7.522556304931641,,7.522556304931641,7.522556304931641,,,,
84,591,,,4.286281585693359,,4.286281585693359,4.286281585693359,,,,
84,592,,,10.392778396606445,,10.392778396606445,10.392778396606445,,,,
84,593,,,5.893139839172363,,5.893139839172363,5.893139839172363,,,,
84,594,,,8.065966606140137,,8.065966606140137,8.065966606140137,,,,
,84,,,,,,,,,15.303281784057617,15.303281784057617
84,594,,,,,,,15.303281784057617,15.303281784057617,,
84,594,7.24865198135376,7.24865198135376,,7.24865198135376,,,,,,
85,595,,,5.967219829559326,,5.967219829559326,5.967219829559326,,,,
85,596,,,9.554722785949707,,9.554722785949707,9.554722785949707,,,,
85,597,,,6.450078964233398,,6.450078964233398,6.450078964233398,,,,
85,598,,,7.068581581115723,,7.068581581115723,7.068581581115723,,,,
85,599,,,5.966221332550049,,5.966221332550049,5.966221332550049,,,,
85,600,,,7.602797985076904,,7.602797985076904,7.602797985076904,,,,
85,601,,,8.6133394241333,,8.6133394241333,8.6133394241333,,,,
,85,,,,,,,,,15.293659210205078,15.293659210205078
85,601,,,,,,,15.293660163879395,15.293660163879395,,
85,601,7.190529823303223,7.190529823303223,,7.190529823303223,,,,,,
86,602,,,7.165179252624512,,7.165179252624512,7.165179252624512,,,,
86,603,,,6.776464939117432,,6.776464939117432,6.776464939117432,,,,
86,604,,,7.603620529174805,,7.603620529174805,7.603620529174805,,,,
86,605,,,7.39102840423584,,7.39102840423584,7.39102840423584,,,,
86,606,,,5.130575180053711,,5.130575180053711,5.130575180053711,,,,
86,607,,,7.865201473236084,,7.865201473236084,7.865201473236084,,,,
86,608,,,9.448351860046387,,9.448351860046387,9.448351860046387,,,,
,86,,,,,,,,,15.324020385742188,15.324020385742188
86,608,,,,,,,15.324020385742188,15.324020385742188,,
86,608,7.133365631103516,7.133365631103516,,7.133365631103516,,,,,,
87,609,,,5.373087406158447,,5.373087406158447,5.373087406158447,,,,
87,610,,,6.448657989501953,,6.448657989501953,6.448657989501953,,,,
87,611,,,8.398921012878418,,8.398921012878418,8.398921012878418,,,,
87,612,,,7.218368053436279,,7.218368053436279,7.218368053436279,,,,
87,613,,,8.836673736572266,,8.836673736572266,8.836673736572266,,,,
87,614,,,6.172249794006348,,6.172249794006348,6.172249794006348,,,,
87,615,,,7.206809043884277,,7.206809043884277,7.206809043884277,,,,
,87,,,,,,,,,15.154295921325684,15.154295921325684
87,615,,,,,,,15.154295921325684,15.154295921325684,,
87,615,7.082432746887207,7.082432746887207,,7.082432746887207,,,,,,
88,616,,,6.253117561340332,,6.253117561340332,6.253117561340332,,,,
88,617,,,8.091354370117188,,8.091354370117188,8.091354370117188,,,,
88,618,,,7.404491424560547,,7.404491424560547,7.404491424560547,,,,
88,619,,,6.403707027435303,,6.403707027435303,6.403707027435303,,,,
88,620,,,5.554317474365234,,5.554317474365234,5.554317474365234,,,,
88,621,,,8.105536460876465,,8.105536460876465,8.105536460876465,,,,
88,622,,,7.989640712738037,,7.989640712738037,7.989640712738037,,,,
,88,,,,,,,,,14.827606201171875,14.827606201171875
88,622,,,,,,,14.827606201171875,14.827606201171875,,
88,622,7.028806209564209,7.028806209564209,,7.028806209564209,,,,,,
89,623,,,7.455740451812744,,7.455740451812744,7.455740451812744,,,,
89,624,,,6.593191623687744,,6.593191623687744,6.593191623687744,,,,
89,625,,,4.488922595977783,,4.488922595977783,4.488922595977783,,,,
89,626,,,9.120412826538086,,9.120412826538086,9.120412826538086,,,,
89,627,,,9.387558937072754,,9.387558937072754,9.387558937072754,,,,
89,628,,,5.7863054275512695,,5.7863054275512695,5.7863054275512695,,,,
89,629,,,4.443563938140869,,4.443563938140869,4.443563938140869,,,,
,89,,,,,,,,,14.49692153930664,14.49692153930664
89,629,,,,,,,14.496922492980957,14.496922492980957,,
89,629,6.980151653289795,6.980151653289795,,6.980151653289795,,,,,,
90,630,,,8.666776657104492,,8.666776657104492,8.666776657104492,,,,
90,631,,,9.125544548034668,,9.125544548034668,9.125544548034668,,,,
90,632,,,5.94753360748291,,5.94753360748291,5.94753360748291,,,,
90,633,,,8.222369194030762,,8.222369194030762,8.222369194030762,,,,
90,634,,,5.350214004516602,,5.350214004516602,5.350214004516602,,,,
90,635,,,4.519678115844727,,4.519678115844727,4.519678115844727,,,,
90,636,,,6.291633129119873,,6.291633129119873,6.291633129119873,,,,
,90,,,,,,,,,14.182342529296875,14.182342529296875
90,636,,,,,,,14.182342529296875,14.182342529296875,,
90,636,6.931996822357178,6.931996822357178,,6.931996822357178,,,,,,
91,637,,,6.870600700378418,,6.870600700378418,6.870600700378418,,,,
91,638,,,4.635172367095947,,4.635172367095947,4.635172367095947,,,,
91,639,,,7.672968864440918,,7.672968864440918,7.672968864440918,,,,
91,640,,,7.044863224029541,,7.044863224029541,7.044863224029541,,,,
91,641,,,7.812774181365967,,7.812774181365967,7.812774181365967,,,,
91,642,,,5.946022987365723,,5.946022987365723,5.946022987365723,,,,
91,643,,,10.557019233703613,,10.557019233703613,10.557019233703613,,,,
,91,,,,,,,,,14.051292419433594,14.051292419433594
91,643,,,,,,,14.051292419433594,14.051292419433594,,
91,643,6.892749786376953,6.892749786376953,,6.892749786376953,,,,,,
92,644,,,7.279336452484131,,7.279336452484131,7.279336452484131,,,,
92,645,,,7.247463226318359,,7.247463226318359,7.247463226318359,,,,
92,646,,,5.597570419311523,,5.597570419311523,5.597570419311523,,,,
92,647,,,6.418639659881592,,6.418639659881592,6.418639659881592,,,,
92,648,,,7.685394287109375,,7.685394287109375,7.685394287109375,,,,
92,649,,,6.334362506866455,,6.334362506866455,6.334362506866455,,,,
92,650,,,8.04887866973877,,8.04887866973877,8.04887866973877,,,,
,92,,,,,,,,,13.9623441696167,13.9623441696167
92,650,,,,,,,13.9623441696167,13.9623441696167,,
92,650,6.836250305175781,6.836250305175781,,6.836250305175781,,,,,,
93,651,,,7.537376403808594,,7.537376403808594,7.537376403808594,,,,
93,652,,,6.801460266113281,,6.801460266113281,6.801460266113281,,,,
93,653,,,8.835118293762207,,8.835118293762207,8.835118293762207,,,,
93,654,,,4.896344184875488,,4.896344184875488,4.896344184875488,,,,
93,655,,,6.580429553985596,,6.580429553985596,6.580429553985596,,,,
93,656,,,5.405126571655273,,5.405126571655273,5.405126571655273,,,,
93,657,,,8.715002059936523,,8.715002059936523,8.715002059936523,,,,
,93,,,,,,,,,13.904264450073242,13.904264450073242
93,657,,,,,,,13.904264450073242,13.904264450073242,,
93,657,6.795918941497803,6.795918941497803,,6.795918941497803,,,,,,
94,658,,,8.260504722595215,,8.260504722595215,8.260504722595215,,,,
94,659,,,7.910977840423584,,7.910977840423584,7.910977840423584,,,,
94,660,,,4.8696136474609375,,4.8696136474609375,4.8696136474609375,,,,
94,661,,,5.085388660430908,,5.085388660430908,5.085388660430908,,,,
94,662,,,7.776634216308594,,7.776634216308594,7.776634216308594,,,,
94,663,,,6.2004075050354,,6.2004075050354,6.2004075050354,,,,
94,664,,,7.610913276672363,,7.610913276672363,7.610913276672363,,,,
,94,,,,,,,,,13.87358283996582,13.87358283996582
94,664,,,,,,,13.87358283996582,13.87358283996582,,
94,664,6.738450050354004,6.738450050354004,,6.738450050354004,,,,,,
95,665,,,7.5476908683776855,,7.5476908683776855,7.5476908683776855,,,,
95,666,,,5.458075523376465,,5.458075523376465,5.458075523376465,,,,
95,667,,,8.073467254638672,,8.073467254638672,8.073467254638672,,,,
95,668,,,6.869568347930908,,6.869568347930908,6.869568347930908,,,,
95,669,,,5.1460113525390625,,5.1460113525390625,5.1460113525390625,,,,
95,670,,,6.464774131774902,,6.464774131774902,6.464774131774902,,,,
95,671,,,8.2620849609375,,8.2620849609375,8.2620849609375,,,,
,95,,,,,,,,,13.67151165008545,13.67151165008545
95,671,,,,,,,13.67151165008545,13.67151165008545,,
95,671,6.69143009185791,6.69143009185791,,6.69143009185791,,,,,,
96,672,,,7.618349075317383,,7.618349075317383,7.618349075317383,,,,
96,673,,,7.442276954650879,,7.442276954650879,7.442276954650879,,,,
96,674,,,6.92990255355835,,6.92990255355835,6.92990255355835,,,,
96,675,,,5.9971795082092285,,5.9971795082092285,5.9971795082092285,,,,
96,676,,,5.741351127624512,,5.741351127624512,5.741351127624512,,,,
96,677,,,5.611570835113525,,5.611570835113525,5.611570835113525,,,,
96,678,,,7.943371772766113,,7.943371772766113,7.943371772766113,,,,
,96,,,,,,,,,13.492925643920898,13.492925643920898
96,678,,,,,,,13.492925643920898,13.492925643920898,,
96,678,6.638336181640625,6.638336181640625,,6.638336181640625,,,,,,
97,679,,,4.921350002288818,,4.921350002288818,4.921350002288818,,,,
97,680,,,7.224917411804199,,7.224917411804199,7.224917411804199,,,,
97,681,,,7.095643997192383,,7.095643997192383,7.095643997192383,,,,
97,682,,,6.791746616363525,,6.791746616363525,6.791746616363525,,,,
97,683,,,8.352542877197266,,8.352542877197266,8.352542877197266,,,,
97,684,,,6.075550556182861,,6.075550556182861,6.075550556182861,,,,
97,685,,,4.209890842437744,,4.209890842437744,4.209890842437744,,,,
,97,,,,,,,,,13.371413230895996,13.371413230895996
97,685,,,,,,,13.371413230895996,13.371413230895996,,
97,685,6.594581604003906,6.594581604003906,,6.594581604003906,,,,,,
98,686,,,7.220011234283447,,7.220011234283447,7.220011234283447,,,,
98,687,,,6.236080646514893,,6.236080646514893,6.236080646514893,,,,
98,688,,,5.898951530456543,,5.898951530456543,5.898951530456543,,,,
98,689,,,6.486125946044922,,6.486125946044922,6.486125946044922,,,,
98,690,,,8.723569869995117,,8.723569869995117,8.723569869995117,,,,
98,691,,,6.766151428222656,,6.766151428222656,6.766151428222656,,,,
98,692,,,0.9785011410713196,,0.9785011410713196,0.9785011410713196,,,,
,98,,,,,,,,,13.294801712036133,13.294801712036133
98,692,,,,,,,13.294801712036133,13.294801712036133,,
98,692,6.540836334228516,6.540836334228516,,6.540836334228516,,,,,,
99,693,,,5.112214088439941,,5.112214088439941,5.112214088439941,,,,
99,694,,,6.85781717300415,,6.85781717300415,6.85781717300415,,,,
99,695,,,7.338429927825928,,7.338429927825928,7.338429927825928,,,,
99,696,,,6.585679531097412,,6.585679531097412,6.585679531097412,,,,
99,697,,,7.341963768005371,,7.341963768005371,7.341963768005371,,,,
99,698,,,5.706174373626709,,5.706174373626709,5.706174373626709,,,,
99,699,,,6.563352108001709,,6.563352108001709,6.563352108001709,,,,
,99,,,,,,,,,13.079336166381836,13.079336166381836
99,699,,,,,,,13.079336166381836,13.079336166381836,,
99,699,6.494672775268555,6.494672775268555,,6.494672775268555,,,,,,
100,700,,,5.6411614418029785,,5.6411614418029785,5.6411614418029785,,,,
100,701,,,8.35952091217041,,8.35952091217041,8.35952091217041,,,,
100,702,,,6.074883937835693,,6.074883937835693,6.074883937835693,,,,
100,703,,,6.0450053215026855,,6.0450053215026855,6.0450053215026855,,,,
100,704,,,7.636270046234131,,7.636270046234131,7.636270046234131,,,,
100,705,,,6.768089771270752,,6.768089771270752,6.768089771270752,,,,
100,706,,,1.5571744441986084,,1.5571744441986084,1.5571744441986084,,,,
,100,,,,,,,,,12.938494682312012,12.938494682312012
100,706,,,,,,,12.938494682312012,12.938494682312012,,
100,706,6.448450565338135,6.448450565338135,,6.448450565338135,,,,,,
101,707,,,7.323411464691162,,7.323411464691162,7.323411464691162,,,,
101,708,,,6.159062385559082,,6.159062385559082,6.159062385559082,,,,
101,709,,,4.83323335647583,,4.83323335647583,4.83323335647583,,,,
101,710,,,7.971519947052002,,7.971519947052002,7.971519947052002,,,,
101,711,,,6.121108531951904,,6.121108531951904,6.121108531951904,,,,
101,712,,,6.25016450881958,,6.25016450881958,6.25016450881958,,,,
101,713,,,5.846458911895752,,5.846458911895752,5.846458911895752,,,,
,101,,,,,,,,,12.777050018310547,12.777050018310547
101,713,,,,,,,12.77704906463623,12.77704906463623,,
101,713,6.407987117767334,6.407987117767334,,6.407987117767334,,,,,,
102,714,,,6.223006248474121,,6.223006248474121,6.223006248474121,,,,
102,715,,,7.590181350708008,,7.590181350708008,7.590181350708008,,,,
102,716,,,6.1399712562561035,,6.1399712562561035,6.1399712562561035,,,,
102,717,,,6.444863796234131,,6.444863796234131,6.444863796234131,,,,
102,718,,,5.378422260284424,,5.378422260284424,5.378422260284424,,,,
102,719,,,7.597405910491943,,7.597405910491943,7.597405910491943,,,,
102,720,,,3.1176798343658447,,3.1176798343658447,3.1176798343658447,,,,
,102,,,,,,,,,12.57826042175293,12.57826042175293
102,720,,,,,,,12.57826042175293,12.57826042175293,,
102,720,6.359683036804199,6.359683036804199,,6.359683036804199,,,,,,
103,721,,,4.370031356811523,,4.370031356811523,4.370031356811523,,,,
103,722,,,6.744482517242432,,6.744482517242432,6.744482517242432,,,,
103,723,,,7.976192951202393,,7.976192951202393,7.976192951202393,,,,
103,724,,,7.5575737953186035,,7.5575737953186035,7.5575737953186035,,,,
103,725,,,8.415135383605957,,8.415135383605957,8.415135383605957,,,,
103,726,,,4.567802429199219,,4.567802429199219,4.567802429199219,,,,
103,727,,,1.7851593494415283,,1.7851593494415283,1.7851593494415283,,,,
,103,,,,,,,,,12.429279327392578,12.429279327392578
103,727,,,,,,,12.429280281066895,12.429280281066895,,
103,727,6.321671009063721,6.321671009063721,,6.321671009063721,,,,,,
104,728,,,5.546468257904053,,5.546468257904053,5.546468257904053,,,,
104,729,,,5.283409595489502,,5.283409595489502,5.283409595489502,,,,
104,730,,,6.265986442565918,,6.265986442565918,6.265986442565918,,,,
104,731,,,6.357686519622803,,6.357686519622803,6.357686519622803,,,,
104,732,,,6.068420886993408,,6.068420886993408,6.068420886993408,,,,
104,733,,,8.015480995178223,,8.015480995178223,8.015480995178223,,,,
104,734,,,6.6507463455200195,,6.6507463455200195,6.6507463455200195,,,,
,104,,,,,,,,,12.295539855957031,12.295539855957031
104,734,,,,,,,12.295539855957031,12.295539855957031,,
104,734,6.27944803237915,6.27944803237915,,6.27944803237915,,,,,,
105,735,,,6.516913890838623,,6.516913890838623,6.516913890838623,,,,
105,736,,,6.897594928741455,,6.897594928741455,6.897594928741455,,,,
105,737,,,5.124728202819824,,5.124728202819824,5.124728202819824,,,,
105,738,,,4.552718162536621,,4.552718162536621,4.552718162536621,,,,
105,739,,,5.68713903427124,,5.68713903427124,5.68713903427124,,,,
105,740,,,8.804407119750977,,8.804407119750977,8.804407119750977,,,,
105,741,,,5.83172607421875,,5.83172607421875,5.83172607421875,,,,
,105,,,,,,,,,12.16680908203125,12.16680908203125
105,741,,,,,,,12.16680908203125,12.16680908203125,,
105,741,6.238494396209717,6.238494396209717,,6.238494396209717,,,,,,
106,742,,,5.093852519989014,,5.093852519989014,5.093852519989014,,,,
106,743,,,4.961395263671875,,4.961395263671875,4.961395263671875,,,,
106,744,,,4.689089775085449,,4.689089775085449,4.689089775085449,,,,
106,745,,,7.580679893493652,,7.580679893493652,7.580679893493652,,,,
106,746,,,9.117704391479492,,9.117704391479492,9.117704391479492,,,,
106,747,,,5.814390659332275,,5.814390659332275,5.814390659332275,,,,
106,748,,,5.944057941436768,,5.944057941436768,5.944057941436768,,,,
,106,,,,,,,,,12.0521821975708,12.0521821975708
106,748,,,,,,,12.0521821975708,12.0521821975708,,
106,748,6.193903923034668,6.193903923034668,,6.193903923034668,,,,,,
107,749,,,5.473581314086914,,5.473581314086914,5.473581314086914,,,,
107,750,,,5.297933578491211,,5.297933578491211,5.297933578491211,,,,
107,751,,,6.850293159484863,,6.850293159484863,6.850293159484863,,,,
107,752,,,5.594989776611328,,5.594989776611328,5.594989776611328,,,,
107,753,,,6.316483497619629,,6.316483497619629,6.316483497619629,,,,
107,754,,,7.460446834564209,,7.460446834564209,7.460446834564209,,,,
107,755,,,5.858508110046387,,5.858508110046387,5.858508110046387,,,,
,107,,,,,,,,,11.960614204406738,11.960614204406738
107,755,,,,,,,11.960614204406738,11.960614204406738,,
107,755,6.147555351257324,6.147555351257324,,6.147555351257324,,,,,,
108,756,,,6.0241618156433105,,6.0241618156433105,6.0241618156433105,,,,
108,757,,,6.791312217712402,,6.791312217712402,6.791312217712402,,,,
108,758,,,3.7922558784484863,,3.7922558784484863,3.7922558784484863,,,,
108,759,,,5.419589519500732,,5.419589519500732,5.419589519500732,,,,
108,760,,,7.050151348114014,,7.050151348114014,7.050151348114014,,,,
108,761,,,7.227328777313232,,7.227328777313232,7.227328777313232,,,,
108,762,,,6.972232818603516,,6.972232818603516,6.972232818603516,,,,
,108,,,,,,,,,11.958928108215332,11.958928108215332
108,762,,,,,,,11.958928108215332,11.958928108215332,,
108,762,6.105001449584961,6.105001449584961,,6.105001449584961,,,,,,
109,763,,,4.536550998687744,,4.536550998687744,4.536550998687744,,,,
109,764,,,6.204890727996826,,6.204890727996826,6.204890727996826,,,,
109,765,,,6.0975871086120605,,6.0975871086120605,6.0975871086120605,,,,
109,766,,,4.356250286102295,,4.356250286102295,4.356250286102295,,,,
109,767,,,7.268379211425781,,7.268379211425781,7.268379211425781,,,,
109,768,,,7.966236114501953,,7.966236114501953,7.966236114501953,,,,
109,769,,,5.8615851402282715,,5.8615851402282715,5.8615851402282715,,,,
,109,,,,,,,,,11.861933708190918,11.861933708190918
109,769,,,,,,,11.861933708190918,11.861933708190918,,
109,769,6.059291839599609,6.059291839599609,,6.059291839599609,,,,,,
110,770,,,6.494054794311523,,6.494054794311523,6.494054794311523,,,,
110,771,,,6.047619819641113,,6.047619819641113,6.047619819641113,,,,
110,772,,,8.296392440795898,,8.296392440795898,8.296392440795898,,,,
110,773,,,6.546480655670166,,6.546480655670166,6.546480655670166,,,,
110,774,,,3.174125909805298,,3.174125909805298,3.174125909805298,,,,
110,775,,,5.410398483276367,,5.410398483276367,5.410398483276367,,,,
110,776,,,6.3784074783325195,,6.3784074783325195,6.3784074783325195,,,,
,110,,,,,,,,,11.857637405395508,11.857637405395508
110,776,,,,,,,11.857637405395508,11.857637405395508,,
110,776,6.017407417297363,6.017407417297363,,6.017407417297363,,,,,,
111,777,,,5.5281219482421875,,5.5281219482421875,5.5281219482421875,,,,
111,778,,,5.588197708129883,,5.588197708129883,5.588197708129883,,,,
111,779,,,4.918523788452148,,4.918523788452148,4.918523788452148,,,,
111,780,,,7.261009216308594,,7.261009216308594,7.261009216308594,,,,
111,781,,,5.572567462921143,,5.572567462921143,5.572567462921143,,,,
111,782,,,6.47039794921875,,6.47039794921875,6.47039794921875,,,,
111,783,,,7.129458427429199,,7.129458427429199,7.129458427429199,,,,
,111,,,,,,,,,11.989377975463867,11.989377975463867
111,783,,,,,,,11.989377975463867,11.989377975463867,,
111,783,5.962723731994629,5.962723731994629,,5.962723731994629,,,,,,
112,784,,,4.743487358093262,,4.743487358093262,4.743487358093262,,,,
112,785,,,8.134637832641602,,8.134637832641602,8.134637832641602,,,,
112,786,,,7.651519298553467,,7.651519298553467,7.651519298553467,,,,
112,787,,,5.314286231994629,,5.314286231994629,5.314286231994629,,,,
112,788,,,4.318664073944092,,4.318664073944092,4.318664073944092,,,,
112,789,,,6.031521797180176,,6.031521797180176,6.031521797180176,,,,
112,790,,,3.867065191268921,,3.867065191268921,3.867065191268921,,,,
,112,,,,,,,,,11.900675773620605,11.900675773620605
112,790,,,,,,,11.900675773620605,11.900675773620605,,
112,790,5.904982566833496,5.904982566833496,,5.904982566833496,,,,,,
113,791,,,6.6129961013793945,,6.6129961013793945,6.6129961013793945,,,,
113,792,,,5.309482097625732,,5.309482097625732,5.309482097625732,,,,
113,793,,,4.694516181945801,,4.694516181945801,4.694516181945801,,,,
113,794,,,5.914528846740723,,5.914528846740723,5.914528846740723,,,,
113,795,,,7.264644622802734,,7.264644622802734,7.264644622802734,,,,
113,796,,,5.080650806427002,,5.080650806427002,5.080650806427002,,,,
113,797,,,6.4428791999816895,,6.4428791999816895,6.4428791999816895,,,,
,113,,,,,,,,,11.923850059509277,11.923850059509277
113,797,,,,,,,11.923850059509277,11.923850059509277,,
113,797,5.849865913391113,5.849865913391113,,5.849865913391113,,,,,,
114,798,,,6.618200302124023,,6.618200302124023,6.618200302124023,,,,
114,799,,,5.605306148529053,,5.605306148529053,5.605306148529053,,,,
114,800,,,5.834527969360352,,5.834527969360352,5.834527969360352,,,,
114,801,,,7.05106258392334,,7.05106258392334,7.05106258392334,,,,
114,802,,,5.50947904586792,,5.50947904586792,5.50947904586792,,,,
114,803,,,5.163153648376465,,5.163153648376465,5.163153648376465,,,,
114,804,,,3.188586711883545,,3.188586711883545,3.188586711883545,,,,
,114,,,,,,,,,11.793787002563477,11.793787002563477
114,804,,,,,,,11.793787002563477,11.793787002563477,,
114,804,5.800384521484375,5.800384521484375,,5.800384521484375,,,,,,
115,805,,,4.4957427978515625,,4.4957427978515625,4.4957427978515625,,,,
115,806,,,6.633194923400879,,6.633194923400879,6.633194923400879,,,,
115,807,,,7.588512897491455,,7.588512897491455,7.588512897491455,,,,
115,808,,,4.790187835693359,,4.790187835693359,4.790187835693359,,,,
115,809,,,4.972644805908203,,4.972644805908203,4.972644805908203,,,,
115,810,,,7.391504764556885,,7.391504764556885,7.391504764556885,,,,
115,811,,,2.259300708770752,,2.259300708770752,2.259300708770752,,,,
,115,,,,,,,,,11.668939590454102,11.668939590454102
115,811,,,,,,,11.668939590454102,11.668939590454102,,
115,811,5.759847164154053,5.759847164154053,,5.759847164154053,,,,,,
116,812,,,3.583889961242676,,3.583889961242676,3.583889961242676,,,,
116,813,,,4.338677883148193,,4.338677883148193,4.338677883148193,,,,
116,814,,,7.164146900177002,,7.164146900177002,7.164146900177002,,,,
116,815,,,6.067251682281494,,6.067251682281494,6.067251682281494,,,,
116,816,,,5.9261908531188965,,5.9261908531188965,5.9261908531188965,,,,
116,817,,,5.849850177764893,,5.849850177764893,5.849850177764893,,,,
116,818,,,9.286870956420898,,9.286870956420898,9.286870956420898,,,,
,116,,,,,,,,,11.684712409973145,11.684712409973145
116,818,,,,,,,11.684712409973145,11.684712409973145,,
116,818,5.711778163909912,5.711778163909912,,5.711778163909912,,,,,,
117,819,,,5.430636405944824,,5.430636405944824,5.430636405944824,,,,
117,820,,,6.707796096801758,,6.707796096801758,6.707796096801758,,,,
117,821,,,5.990822792053223,,5.990822792053223,5.990822792053223,,,,
117,822,,,4.03159761428833,,4.03159761428833,4.03159761428833,,,,
117,823,,,7.335183620452881,,7.335183620452881,7.335183620452881,,,,
117,824,,,5.146793842315674,,5.146793842315674,5.146793842315674,,,,
117,825,,,3.9194748401641846,,3.9194748401641846,3.9194748401641846,,,,
,117,,,,,,,,,11.502392768859863,11.502392768859863
117,825,,,,,,,11.502392768859863,11.502392768859863,,
117,825,5.664726734161377,5.664726734161377,,5.664726734161377,,,,,,
118,826,,,6.41902494430542,,6.41902494430542,6.41902494430542,,,,
118,827,,,5.644493103027344,,5.644493103027344,5.644493103027344,,,,
118,828,,,6.256783485412598,,6.256783485412598,6.256783485412598,,,,
118,829,,,5.583251953125,,5.583251953125,5.583251953125,,,,
118,830,,,5.295228958129883,,5.295228958129883,5.295228958129883,,,,
118,831,,,4.950019836425781,,4.950019836425781,4.950019836425781,,,,
118,832,,,4.312737464904785,,4.312737464904785,4.312737464904785,,,,
,118,,,,,,,,,11.336217880249023,11.336217880249023
118,832,,,,,,,11.336217880249023,11.336217880249023,,
118,832,5.610365390777588,5.610365390777588,,5.610365390777588,,,,,,
119,833,,,3.3739562034606934,,3.3739562034606934,3.3739562034606934,,,,
119,834,,,5.58781099319458,,5.58781099319458,5.58781099319458,,,,
119,835,,,6.836240768432617,,6.836240768432617,6.836240768432617,,,,
119,836,,,6.2368483543396,,6.2368483543396,6.2368483543396,,,,
119,837,,,3.254098892211914,,3.254098892211914,3.254098892211914,,,,
119,838,,,7.232811450958252,,7.232811450958252,7.232811450958252,,,,
119,839,,,7.993854999542236,,7.993854999542236,7.993854999542236,,,,
,119,,,,,,,,,11.23538875579834,11.23538875579834
119,839,,,,,,,11.23538875579834,11.23538875579834,,
119,839,5.571680545806885,5.571680545806885,,5.571680545806885,,,,,,
120,840,,,3.1655807495117188,,3.1655807495117188,3.1655807495117188,,,,
120,841,,,4.958764553070068,,4.958764553070068,4.958764553070068,,,,
120,842,,,3.9372432231903076,,3.9372432231903076,3.9372432231903076,,,,
120,843,,,7.455860137939453,,7.455860137939453,7.455860137939453,,,,
120,844,,,8.582562446594238,,8.582562446594238,8.582562446594238,,,,
120,845,,,5.230166435241699,,5.230166435241699,5.230166435241699,,,,
120,846,,,5.005836009979248,,5.005836009979248,5.005836009979248,,,,
,120,,,,,,,,,11.155417442321777,11.155417442321777
120,846,,,,,,,11.155417442321777,11.155417442321777,,
120,846,5.522724151611328,5.522724151611328,,5.522724151611328,,,,,,
121,847,,,6.212740421295166,,6.212740421295166,6.212740421295166,,,,
121,848,,,3.434983491897583,,3.434983491897583,3.434983491897583,,,,
121,849,,,4.850032329559326,,4.850032329559326,4.850032329559326,,,,
121,850,,,4.862677574157715,,4.862677574157715,4.862677574157715,,,,
121,851,,,7.041380882263184,,7.041380882263184,7.041380882263184,,,,
121,852,,,4.9167160987854,,4.9167160987854,4.9167160987854,,,,
121,853,,,9.319788932800293,,9.319788932800293,9.319788932800293,,,,
,121,,,,,,,,,11.340202331542969,11.340202331542969
121,853,,,,,,,11.340202331542969,11.340202331542969,,
121,853,5.460933685302734,5.460933685302734,,5.460933685302734,,,,,,
122,854,,,4.173604488372803,,4.173604488372803,4.173604488372803,,,,
122,855,,,5.875053882598877,,5.875053882598877,5.875053882598877,,,,
122,856,,,5.991621017456055,,5.991621017456055,5.991621017456055,,,,
122,857,,,6.757946491241455,,6.757946491241455,6.757946491241455,,,,
122,858,,,5.211886405944824,,5.211886405944824,5.211886405944824,,,,
122,859,,,4.507856845855713,,4.507856845855713,4.507856845855713,,,,
122,860,,,5.257440090179443,,5.257440090179443,5.257440090179443,,,,
,122,,,,,,,,,11.34041976928711,11.34041976928711
122,860,,,,,,,11.340418815612793,11.340418815612793,,
122,860,5.41011905670166,5.41011905670166,,5.41011905670166,,,,,,
123,861,,,4.1654534339904785,,4.1654534339904785,4.1654534339904785,,,,
123,862,,,7.21073055267334,,7.21073055267334,7.21073055267334,,,,
123,863,,,4.713781833648682,,4.713781833648682,4.713781833648682,,,,
123,864,,,4.961007595062256,,4.961007595062256,4.961007595062256,,,,
123,865,,,4.8223724365234375,,4.8223724365234375,4.8223724365234375,,,,
123,866,,,7.257852077484131,,7.257852077484131,7.257852077484131,,,,
123,867,,,2.9223744869232178,,2.9223744869232178,2.9223744869232178,,,,
,123,,,,,,,,,11.2760591506958,11.2760591506958
123,867,,,,,,,11.2760591506958,11.2760591506958,,
123,867,5.368955135345459,5.368955135345459,,5.368955135345459,,,,,,
124,868,,,6.018381118774414,,6.018381118774414,6.018381118774414,,,,
124,869,,,4.327424049377441,,4.327424049377441,4.327424049377441,,,,
124,870,,,6.1997456550598145,,6.1997456550598145,6.1997456550598145,,,,
124,871,,,4.956367015838623,,4.956367015838623,4.956367015838623,,,,
124,872,,,4.833566188812256,,4.833566188812256,4.833566188812256,,,,
124,873,,,4.409090995788574,,4.409090995788574,4.409090995788574,,,,
124,874,,,8.596199989318848,,8.596199989318848,8.596199989318848,,,,
,124,,,,,,,,,11.227360725402832,11.227360725402832
124,874,,,,,,,11.227360725402832,11.227360725402832,,
124,874,5.3283371925354,5.3283371925354,,5.3283371925354,,,,,,
125,875,,,4.51253080368042,,4.51253080368042,4.51253080368042,,,,
125,876,,,5.737480640411377,,5.737480640411377,5.737480640411377,,,,
125,877,,,5.571275234222412,,5.571275234222412,5.571275234222412,,,,
125,878,,,5.78394889831543,,5.78394889831543,5.78394889831543,,,,
125,879,,,5.0183258056640625,,5.0183258056640625,5.0183258056640625,,,,
125,880,,,6.283270835876465,,6.283270835876465,6.283270835876465,,,,
125,881,,,2.1457362174987793,,2.1457362174987793,2.1457362174987793,,,,
,125,,,,,,,,,11.12391185760498,11.12391185760498
125,881,,,,,,,11.12391185760498,11.12391185760498,,
125,881,5.288075923919678,5.288075923919678,,5.288075923919678,,,,,,
126,882,,,5.65125846862793,,5.65125846862793,5.65125846862793,,,,
126,883,,,5.597414493560791,,5.597414493560791,5.597414493560791,,,,
126,884,,,4.269157886505127,,4.269157886505127,4.269157886505127,,,,
126,885,,,5.764750003814697,,5.764750003814697,5.764750003814697,,,,
126,886,,,4.93854284286499,,4.93854284286499,4.93854284286499,,,,
126,887,,,5.196009635925293,,5.196009635925293,5.196009635925293,,,,
126,888,,,5.451905250549316,,5.451905250549316,5.451905250549316,,,,
,126,,,,,,,,,11.00558090209961,11.00558090209961
126,888,,,,,,,11.005579948425293,11.005579948425293,,
126,888,5.248878002166748,5.248878002166748,,5.248878002166748,,,,,,
127,889,,,3.763624906539917,,3.763624906539917,3.763624906539917,,,,
127,890,,,3.947258949279785,,3.947258949279785,3.947258949279785,,,,
127,891,,,7.063573837280273,,7.063573837280273,7.063573837280273,,,,
127,892,,,5.809685230255127,,5.809685230255127,5.809685230255127,,,,
127,893,,,5.556152820587158,,5.556152820587158,5.556152820587158,,,,
127,894,,,5.34738302230835,,5.34738302230835,5.34738302230835,,,,
127,895,,,4.527873992919922,,4.527873992919922,4.527873992919922,,,,
,127,,,,,,,,,10.975992202758789,10.975992202758789
127,895,,,,,,,10.975992202758789,10.975992202758789,,
127,895,5.205589294433594,5.205589294433594,,5.205589294433594,,,,,,
128,896,,,4.806704044342041,,4.806704044342041,4.806704044342041,,,,
128,897,,,4.014800071716309,,4.014800071716309,4.014800071716309,,,,
128,898,,,4.738158702850342,,4.738158702850342,4.738158702850342,,,,
128,899,,,4.588550090789795,,4.588550090789795,4.588550090789795,,,,
128,900,,,6.657328128814697,,6.657328128814697,6.657328128814697,,,,
128,901,,,5.894057273864746,,5.894057273864746,5.894057273864746,,,,
128,902,,,5.941891670227051,,5.941891670227051,5.941891670227051,,,,
,128,,,,,,,,,10.847943305969238,10.847943305969238
128,902,,,,,,,10.847943305969238,10.847943305969238,,
128,902,5.165146827697754,5.165146827697754,,5.165146827697754,,,,,,
129,903,,,5.803371429443359,,5.803371429443359,5.803371429443359,,,,
129,904,,,4.764435768127441,,4.764435768127441,4.764435768127441,,,,
129,905,,,4.907779216766357,,4.907779216766357,4.907779216766357,,,,
129,906,,,4.237076282501221,,4.237076282501221,4.237076282501221,,,,
129,907,,,6.231369495391846,,6.231369495391846,6.231369495391846,,,,
129,908,,,3.9504449367523193,,3.9504449367523193,3.9504449367523193,,,,
129,909,,,7.35717248916626,,7.35717248916626,7.35717248916626,,,,
,129,,,,,,,,,10.806377410888672,10.806377410888672
129,909,,,,,,,10.806376457214355,10.806376457214355,,
129,909,5.122104644775391,5.122104644775391,,5.122104644775391,,,,,,
130,910,,,5.541501522064209,,5.541501522064209,5.541501522064209,,,,
130,911,,,4.538358688354492,,4.538358688354492,4.538358688354492,,,,
130,912,,,5.10746431350708,,5.10746431350708,5.10746431350708,,,,
130,913,,,4.555774211883545,,4.555774211883545,4.555774211883545,,,,
130,914,,,3.8521788120269775,,3.8521788120269775,3.8521788120269775,,,,
130,915,,,7.67279577255249,,7.67279577255249,7.67279577255249,,,,
130,916,,,3.0598838329315186,,3.0598838329315186,3.0598838329315186,,,,
,130,,,,,,,,,10.690181732177734,10.690181732177734
130,916,,,,,,,10.690180778503418,10.690180778503418,,
130,916,5.084789276123047,5.084789276123047,,5.084789276123047,,,,,,
131,917,,,5.163567066192627,,5.163567066192627,5.163567066192627,,,,
131,918,,,4.485276699066162,,4.485276699066162,4.485276699066162,,,,
131,919,,,4.390989780426025,,4.390989780426025,4.390989780426025,,,,
131,920,,,5.960444450378418,,5.960444450378418,5.960444450378418,,,,
131,921,,,5.471230983734131,,5.471230983734131,5.471230983734131,,,,
131,922,,,5.399683475494385,,5.399683475494385,5.399683475494385,,,,
131,923,,,3.4553699493408203,,3.4553699493408203,3.4553699493408203,,,,
,131,,,,,,,,,10.558170318603516,10.558170318603516
131,923,,,,,,,10.558171272277832,10.558171272277832,,
131,923,5.045797348022461,5.045797348022461,,5.045797348022461,,,,,,
132,924,,,5.698451042175293,,5.698451042175293,5.698451042175293,,,,
132,925,,,4.2076334953308105,,4.2076334953308105,4.2076334953308105,,,,
132,926,,,5.861515522003174,,5.861515522003174,5.861515522003174,,,,
132,927,,,3.7962896823883057,,3.7962896823883057,3.7962896823883057,,,,
132,928,,,5.661764144897461,,5.661764144897461,5.661764144897461,,,,
132,929,,,5.601061820983887,,5.601061820983887,5.601061820983887,,,,
132,930,,,2.9547200202941895,,2.9547200202941895,2.9547200202941895,,,,
,132,,,,,,,,,10.373418807983398,10.373418807983398
132,930,,,,,,,10.373418807983398,10.373418807983398,,
132,930,5.00937032699585,5.00937032699585,,5.00937032699585,,,,,,
133,931,,,5.578591823577881,,5.578591823577881,5.578591823577881,,,,
133,932,,,5.686641216278076,,5.686641216278076,5.686641216278076,,,,
133,933,,,5.497663497924805,,5.497663497924805,5.497663497924805,,,,
133,934,,,4.211971282958984,,4.211971282958984,4.211971282958984,,,,
133,935,,,4.2235260009765625,,4.2235260009765625,4.2235260009765625,,,,
133,936,,,4.991161823272705,,4.991161823272705,4.991161823272705,,,,
133,937,,,3.945826768875122,,3.945826768875122,3.945826768875122,,,,
,133,,,,,,,,,10.237788200378418,10.237788200378418
133,937,,,,,,,10.237788200378418,10.237788200378418,,
133,937,4.967723846435547,4.967723846435547,,4.967723846435547,,,,,,
134,938,,,6.061544895172119,,6.061544895172119,6.061544895172119,,,,
134,939,,,4.061699867248535,,4.061699867248535,4.061699867248535,,,,
134,940,,,5.2583489418029785,,5.2583489418029785,5.2583489418029785,,,,
134,941,,,4.83976411819458,,4.83976411819458,4.83976411819458,,,,
134,942,,,4.763458728790283,,4.763458728790283,4.763458728790283,,,,
134,943,,,3.9560842514038086,,3.9560842514038086,3.9560842514038086,,,,
134,944,,,6.515386581420898,,6.515386581420898,6.515386581420898,,,,
,134,,,,,,,,,10.199928283691406,10.199928283691406
134,944,,,,,,,10.199928283691406,10.199928283691406,,
134,944,4.923007011413574,4.923007011413574,,4.923007011413574,,,,,,
135,945,,,4.322844982147217,,4.322844982147217,4.322844982147217,,,,
135,946,,,5.950593948364258,,5.950593948364258,5.950593948364258,,,,
135,947,,,4.258825778961182,,4.258825778961182,4.258825778961182,,,,
135,948,,,5.090115547180176,,5.090115547180176,5.090115547180176,,,,
135,949,,,4.413942337036133,,4.413942337036133,4.413942337036133,,,,
135,950,,,4.769862651824951,,4.769862651824951,4.769862651824951,,,,
135,951,,,6.019879341125488,,6.019879341125488,6.019879341125488,,,,
,135,,,,,,,,,10.233887672424316,10.233887672424316
135,951,,,,,,,10.233887672424316,10.233887672424316,,
135,951,4.872727870941162,4.872727870941162,,4.872727870941162,,,,,,
136,952,,,5.010254383087158,,5.010254383087158,5.010254383087158,,,,
136,953,,,3.7340903282165527,,3.7340903282165527,3.7340903282165527,,,,
136,954,,,6.40139102935791,,6.40139102935791,6.40139102935791,,,,
136,955,,,5.114571571350098,,5.114571571350098,5.114571571350098,,,,
136,956,,,5.340486526489258,,5.340486526489258,5.340486526489258,,,,
136,957,,,4.738877773284912,,4.738877773284912,4.738877773284912,,,,
136,958,,,1.1757289171218872,,1.1757289171218872,1.1757289171218872,,,,
,136,,,,,,,,,10.177173614501953,10.177173614501953
136,958,,,,,,,10.17717456817627,10.17717456817627,,
136,958,4.828324794769287,4.828324794769287,,4.828324794769287,,,,,,
137,959,,,4.162500381469727,,4.162500381469727,4.162500381469727,,,,
137,960,,,5.682624340057373,,5.682624340057373,5.682624340057373,,,,
137,961,,,4.391579627990723,,4.391579627990723,4.391579627990723,,,,
137,962,,,4.240890979766846,,4.240890979766846,4.240890979766846,,,,
137,963,,,4.665844440460205,,4.665844440460205,4.665844440460205,,,,
137,964,,,5.587205410003662,,5.587205410003662,5.587205410003662,,,,
137,965,,,4.82774543762207,,4.82774543762207,4.82774543762207,,,,
,137,,,,,,,,,10.148659706115723,10.148659706115723
137,965,,,,,,,10.148659706115723,10.148659706115723,,
137,965,4.79075288772583,4.79075288772583,,4.79075288772583,,,,,,
138,966,,,6.099559783935547,,6.099559783935547,6.099559783935547,,,,
138,967,,,3.8821797370910645,,3.8821797370910645,3.8821797370910645,,,,
138,968,,,6.14732551574707,,6.14732551574707,6.14732551574707,,,,
138,969,,,4.155990123748779,,4.155990123748779,4.155990123748779,,,,
138,970,,,5.706123352050781,,5.706123352050781,5.706123352050781,,,,
138,971,,,3.1474924087524414,,3.1474924087524414,3.1474924087524414,,,,
138,972,,,3.110870599746704,,3.110870599746704,3.110870599746704,,,,
,138,,,,,,,,,10.094714164733887,10.094714164733887
138,972,,,,,,,10.094714164733887,10.094714164733887,,
138,972,4.753764629364014,4.753764629364014,,4.753764629364014,,,,,,
139,973,,,4.644444465637207,,4.644444465637207,4.644444465637207,,,,
139,974,,,4.49942684173584,,4.49942684173584,4.49942684173584,,,,
139,975,,,5.323306083679199,,5.323306083679199,5.323306083679199,,,,
139,976,,,4.380943775177002,,4.380943775177002,4.380943775177002,,,,
139,977,,,4.740617275238037,,4.740617275238037,4.740617275238037,,,,
139,978,,,4.552563190460205,,4.552563190460205,4.552563190460205,,,,
139,979,,,5.11725378036499,,5.11725378036499,5.11725378036499,,,,
,139,,,,,,,,,9.752284049987793,9.752284049987793
139,979,,,,,,,9.752284049987793,9.752284049987793,,
139,979,4.715336799621582,4.715336799621582,,4.715336799621582,,,,,,
140,980,,,4.971945762634277,,4.971945762634277,4.971945762634277,,,,
140,981,,,3.678781509399414,,3.678781509399414,3.678781509399414,,,,
140,982,,,5.74452543258667,,5.74452543258667,5.74452543258667,,,,
140,983,,,4.42897367477417,,4.42897367477417,4.42897367477417,,,,
140,984,,,5.240966796875,,5.240966796875,5.240966796875,,,,
140,985,,,3.7819125652313232,,3.7819125652313232,3.7819125652313232,,,,
140,986,,,5.248399257659912,,5.248399257659912,5.248399257659912,,,,
,140,,,,,,,,,9.569045066833496,9.569045066833496
140,986,,,,,,,9.569045066833496,9.569045066833496,,
140,986,4.676902770996094,4.676902770996094,,4.676902770996094,,,,,,
141,987,,,4.949435234069824,,4.949435234069824,4.949435234069824,,,,
141,988,,,5.021071434020996,,5.021071434020996,5.021071434020996,,,,
141,989,,,5.358119964599609,,5.358119964599609,5.358119964599609,,,,
141,990,,,3.240126132965088,,3.240126132965088,3.240126132965088,,,,
141,991,,,3.232234477996826,,3.232234477996826,3.232234477996826,,,,
141,992,,,5.7299017906188965,,5.7299017906188965,5.7299017906188965,,,,
141,993,,,5.389293670654297,,5.389293670654297,5.389293670654297,,,,
,141,,,,,,,,,9.344959259033203,9.344959259033203
141,993,,,,,,,9.34496021270752,9.34496021270752,,
141,993,4.6355881690979,4.6355881690979,,4.6355881690979,,,,,,
142,994,,,5.38475227355957,,5.38475227355957,5.38475227355957,,,,
142,995,,,6.275496482849121,,6.275496482849121,6.275496482849121,,,,
142,996,,,5.537054061889648,,5.537054061889648,5.537054061889648,,,,
142,997,,,2.6813511848449707,,2.6813511848449707,2.6813511848449707,,,,
142,998,,,2.847492218017578,,2.847492218017578,2.847492218017578,,,,
142,999,,,5.518828392028809,,5.518828392028809,5.518828392028809,,,,
142,1000,,,2.8353114128112793,,2.8353114128112793,2.8353114128112793,,,,
,142,,,,,,,,,9.125317573547363,9.125317573547363
142,1000,,,,,,,9.125317573547363,9.125317573547363,,
142,1000,4.597367763519287,4.597367763519287,,4.597367763519287,,,,,,
143,1001,,,5.822921276092529,,5.822921276092529,5.822921276092529,,,,
143,1002,,,4.613900661468506,,4.613900661468506,4.613900661468506,,,,
143,1003,,,3.5863254070281982,,3.5863254070281982,3.5863254070281982,,,,
143,1004,,,5.285057067871094,,5.285057067871094,5.285057067871094,,,,
143,1005,,,3.51865553855896,,3.51865553855896,3.51865553855896,,,,
143,1006,,,4.29517936706543,,4.29517936706543,4.29517936706543,,,,
143,1007,,,5.269306659698486,,5.269306659698486,5.269306659698486,,,,
,143,,,,,,,,,9.097046852111816,9.097046852111816
143,1007,,,,,,,9.097046852111816,9.097046852111816,,
143,1007,4.564396858215332,4.564396858215332,,4.564396858215332,,,,,,
144,1008,,,3.4026787281036377,,3.4026787281036377,3.4026787281036377,,,,
144,1009,,,3.465358257293701,,3.465358257293701,3.465358257293701,,,,
144,1010,,,5.3308587074279785,,5.3308587074279785,5.3308587074279785,,,,
144,1011,,,5.287073612213135,,5.287073612213135,5.287073612213135,,,,
144,1012,,,4.995083808898926,,4.995083808898926,4.995083808898926,,,,
144,1013,,,4.348970413208008,,4.348970413208008,4.348970413208008,,,,
144,1014,,,5.307071208953857,,5.307071208953857,5.307071208953857,,,,
,144,,,,,,,,,9.111505508422852,9.111505508422852
144,1014,,,,,,,9.111505508422852,9.111505508422852,,
144,1014,4.520811557769775,4.520811557769775,,4.520811557769775,,,,,,
145,1015,,,5.181084156036377,,5.181084156036377,5.181084156036377,,,,
145,1016,,,3.816377878189087,,3.816377878189087,3.816377878189087,,,,
145,1017,,,4.887422561645508,,4.887422561645508,4.887422561645508,,,,
145,1018,,,5.673620700836182,,5.673620700836182,5.673620700836182,,,,
145,1019,,,3.077118158340454,,3.077118158340454,3.077118158340454,,,,
145,1020,,,4.238415241241455,,4.238415241241455,4.238415241241455,,,,
145,1021,,,4.666374206542969,,4.666374206542969,4.666374206542969,,,,
,145,,,,,,,,,9.007716178894043,9.007716178894043
145,1021,,,,,,,9.007716178894043,9.007716178894043,,
145,1021,4.490027904510498,4.490027904510498,,4.490027904510498,,,,,,
146,1022,,,4.247520923614502,,4.247520923614502,4.247520923614502,,,,
146,1023,,,4.750365257263184,,4.750365257263184,4.750365257263184,,,,
146,1024,,,3.464279890060425,,3.464279890060425,3.464279890060425,,,,
146,1025,,,4.133469581604004,,4.133469581604004,4.133469581604004,,,,
146,1026,,,5.0784525871276855,,5.0784525871276855,5.0784525871276855,,,,
146,1027,,,5.04853630065918,,5.04853630065918,5.04853630065918,,,,
146,1028,,,4.453938007354736,,4.453938007354736,4.453938007354736,,,,
,146,,,,,,,,,8.998607635498047,8.998607635498047
146,1028,,,,,,,8.998607635498047,8.998607635498047,,
146,1028,4.453780651092529,4.453780651092529,,4.453780651092529,,,,,,
147,1029,,,5.428366184234619,,5.428366184234619,5.428366184234619,,,,
147,1030,,,6.022212982177734,,6.022212982177734,6.022212982177734,,,,
147,1031,,,3.0355541706085205,,3.0355541706085205,3.0355541706085205,,,,
147,1032,,,3.7042360305786133,,3.7042360305786133,3.7042360305786133,,,,
147,1033,,,4.4097795486450195,,4.4097795486450195,4.4097795486450195,,,,
147,1034,,,4.025099754333496,,4.025099754333496,4.025099754333496,,,,
147,1035,,,4.121129512786865,,4.121129512786865,4.121129512786865,,,,
,147,,,,,,,,,8.949763298034668,8.949763298034668
147,1035,,,,,,,8.949763298034668,8.949763298034668,,
147,1035,4.418928623199463,4.418928623199463,,4.418928623199463,,,,,,
148,1036,,,5.041369438171387,,5.041369438171387,5.041369438171387,,,,
148,1037,,,4.545516014099121,,4.545516014099121,4.545516014099121,,,,
148,1038,,,4.720816135406494,,4.720816135406494,4.720816135406494,,,,
148,1039,,,3.0484812259674072,,3.0484812259674072,3.0484812259674072,,,,
148,1040,,,4.629805088043213,,4.629805088043213,4.629805088043213,,,,
148,1041,,,4.184635639190674,,4.184635639190674,4.184635639190674,,,,
148,1042,,,4.790175437927246,,4.790175437927246,4.790175437927246,,,,
,148,,,,,,,,,8.73643970489502,8.73643970489502
148,1042,,,,,,,8.73643970489502,8.73643970489502,,
148,1042,4.386970520019531,4.386970520019531,,4.386970520019531,,,,,,
149,1043,,,4.4041876792907715,,4.4041876792907715,4.4041876792907715,,,,
149,1044,,,4.199793338775635,,4.199793338775635,4.199793338775635,,,,
149,1045,,,4.302529335021973,,4.302529335021973,4.302529335021973,,,,
149,1046,,,5.829722881317139,,5.829722881317139,5.829722881317139,,,,
149,1047,,,4.9330620765686035,,4.9330620765686035,4.9330620765686035,,,,
149,1048,,,2.821823835372925,,2.821823835372925,2.821823835372925,,,,
149,1049,,,3.1631088256835938,,3.1631088256835938,3.1631088256835938,,,,
,149,,,,,,,,,8.637636184692383,8.637636184692383
149,1049,,,,,,,8.637636184692383,8.637636184692383,,
149,1049,4.341534614562988,4.341534614562988,,4.341534614562988,,,,,,
150,1050,,,3.4516842365264893,,3.4516842365264893,3.4516842365264893,,,,
150,1051,,,4.843334674835205,,4.843334674835205,4.843334674835205,,,,
150,1052,,,4.92495584487915,,4.92495584487915,4.92495584487915,,,,
150,1053,,,4.584944725036621,,4.584944725036621,4.584944725036621,,,,
150,1054,,,3.841356039047241,,3.841356039047241,3.841356039047241,,,,
150,1055,,,4.340511322021484,,4.340511322021484,4.340511322021484,,,,
150,1056,,,3.719923973083496,,3.719923973083496,3.719923973083496,,,,
,150,,,,,,,,,8.508819580078125,8.508819580078125
150,1056,,,,,,,8.508819580078125,8.508819580078125,,
150,1056,4.295177936553955,4.295177936553955,,4.295177936553955,,,,,,
151,1057,,,4.064828395843506,,4.064828395843506,4.064828395843506,,,,
151,1058,,,4.854393482208252,,4.854393482208252,4.854393482208252,,,,
151,1059,,,3.432835340499878,,3.432835340499878,3.432835340499878,,,,
151,1060,,,5.051969051361084,,5.051969051361084,5.051969051361084,,,,
151,1061,,,4.582074165344238,,4.582074165344238,4.582074165344238,,,,
151,1062,,,3.6207375526428223,,3.6207375526428223,3.6207375526428223,,,,
151,1063,,,4.159153938293457,,4.159153938293457,4.159153938293457,,,,
,151,,,,,,,,,8.52811336517334,8.52811336517334
151,1063,,,,,,,8.52811336517334,8.52811336517334,,
151,1063,4.261415004730225,4.261415004730225,,4.261415004730225,,,,,,
152,1064,,,3.5657191276550293,,3.5657191276550293,3.5657191276550293,,,,
152,1065,,,3.4812331199645996,,3.4812331199645996,3.4812331199645996,,,,
152,1066,,,4.67399263381958,,4.67399263381958,4.67399263381958,,,,
152,1067,,,4.363826274871826,,4.363826274871826,4.363826274871826,,,,
152,1068,,,4.310070514678955,,4.310070514678955,4.310070514678955,,,,
152,1069,,,4.255399227142334,,4.255399227142334,4.255399227142334,,,,
152,1070,,,6.089394569396973,,6.089394569396973,6.089394569396973,,,,
,152,,,,,,,,,8.59835433959961,8.59835433959961
152,1070,,,,,,,8.59835433959961,8.59835433959961,,
152,1070,4.224904537200928,4.224904537200928,,4.224904537200928,,,,,,
153,1071,,,3.7742702960968018,,3.7742702960968018,3.7742702960968018,,,,
153,1072,,,5.054693698883057,,5.054693698883057,5.054693698883057,,,,
153,1073,,,4.75761604309082,,4.75761604309082,4.75761604309082,,,,
153,1074,,,3.088913917541504,,3.088913917541504,3.088913917541504,,,,
153,1075,,,4.218955993652344,,4.218955993652344,4.218955993652344,,,,
153,1076,,,3.718374729156494,,3.718374729156494,3.718374729156494,,,,
153,1077,,,5.763637065887451,,5.763637065887451,5.763637065887451,,,,
,153,,,,,,,,,8.707793235778809,8.707793235778809
153,1077,,,,,,,8.707793235778809,8.707793235778809,,
153,1077,4.199872970581055,4.199872970581055,,4.199872970581055,,,,,,
154,1078,,,3.2307896614074707,,3.2307896614074707,3.2307896614074707,,,,
154,1079,,,4.796804904937744,,4.796804904937744,4.796804904937744,,,,
154,1080,,,4.466696739196777,,4.466696739196777,4.466696739196777,,,,
154,1081,,,4.38818883895874,,4.38818883895874,4.38818883895874,,,,
154,1082,,,3.81119441986084,,3.81119441986084,3.81119441986084,,,,
154,1083,,,4.7653679847717285,,4.7653679847717285,4.7653679847717285,,,,
154,1084,,,2.969085693359375,,2.969085693359375,2.969085693359375,,,,
,154,,,,,,,,,8.644743919372559,8.644743919372559
154,1084,,,,,,,8.644743919372559,8.644743919372559,,
154,1084,4.168227672576904,4.168227672576904,,4.168227672576904,,,,,,
155,1085,,,4.254777431488037,,4.254777431488037,4.254777431488037,,,,
155,1086,,,3.6144628524780273,,3.6144628524780273,3.6144628524780273,,,,
155,1087,,,3.7465734481811523,,3.7465734481811523,3.7465734481811523,,,,
155,1088,,,4.59990119934082,,4.59990119934082,4.59990119934082,,,,
155,1089,,,4.284801959991455,,4.284801959991455,4.284801959991455,,,,
155,1090,,,5.449977874755859,,5.449977874755859,5.449977874755859,,,,
155,1091,,,1.096787929534912,,1.096787929534912,1.096787929534912,,,,
,155,,,,,,,,,8.519822120666504,8.519822120666504
155,1091,,,,,,,8.519822120666504,8.519822120666504,,
155,1091,4.135182857513428,4.135182857513428,,4.135182857513428,,,,,,
156,1092,,,3.874814987182617,,3.874814987182617,3.874814987182617,,,,
156,1093,,,4.0873284339904785,,4.0873284339904785,4.0873284339904785,,,,
156,1094,,,5.135988712310791,,5.135988712310791,5.135988712310791,,,,
156,1095,,,3.717886447906494,,3.717886447906494,3.717886447906494,,,,
156,1096,,,3.998628854751587,,3.998628854751587,3.998628854751587,,,,
156,1097,,,4.306219577789307,,4.306219577789307,4.306219577789307,,,,
156,1098,,,2.867647886276245,,2.867647886276245,2.867647886276245,,,,
,156,,,,,,,,,8.38950252532959,8.38950252532959
156,1098,,,,,,,8.38950252532959,8.38950252532959,,
156,1098,4.109213352203369,4.109213352203369,,4.109213352203369,,,,,,
157,1099,,,3.917819023132324,,3.917819023132324,3.917819023132324,,,,
157,1100,,,3.9043216705322266,,3.9043216705322266,3.9043216705322266,,,,
157,1101,,,4.972750663757324,,4.972750663757324,4.972750663757324,,,,
157,1102,,,3.5344080924987793,,3.5344080924987793,3.5344080924987793,,,,
157,1103,,,4.035792350769043,,4.035792350769043,4.035792350769043,,,,
157,1104,,,4.031386852264404,,4.031386852264404,4.031386852264404,,,,
157,1105,,,4.305524826049805,,4.305524826049805,4.305524826049805,,,,
,157,,,,,,,,,8.188182830810547,8.188182830810547
157,1105,,,,,,,8.188182830810547,8.188182830810547,,
157,1105,4.080165386199951,4.080165386199951,,4.080165386199951,,,,,,
158,1106,,,3.8242063522338867,,3.8242063522338867,3.8242063522338867,,,,
158,1107,,,4.622807025909424,,4.622807025909424,4.622807025909424,,,,
158,1108,,,4.702109336853027,,4.702109336853027,4.702109336853027,,,,
158,1109,,,3.7551393508911133,,3.7551393508911133,3.7551393508911133,,,,
158,1110,,,4.497528076171875,,4.497528076171875,4.497528076171875,,,,
158,1111,,,4.1915812492370605,,4.1915812492370605,4.1915812492370605,,,,
158,1112,,,0.613969087600708,,0.613969087600708,0.613969087600708,,,,
,158,,,,,,,,,8.07541561126709,8.07541561126709
158,1112,,,,,,,8.07541561126709,8.07541561126709,,
158,1112,4.050762176513672,4.050762176513672,,4.050762176513672,,,,,,
159,1113,,,3.505150079727173,,3.505150079727173,3.505150079727173,,,,
159,1114,,,4.4807000160217285,,4.4807000160217285,4.4807000160217285,,,,
159,1115,,,3.1077444553375244,,3.1077444553375244,3.1077444553375244,,,,
159,1116,,,3.6263844966888428,,3.6263844966888428,3.6263844966888428,,,,
159,1117,,,4.389453411102295,,4.389453411102295,4.389453411102295,,,,
159,1118,,,3.6239805221557617,,3.6239805221557617,3.6239805221557617,,,,
159,1119,,,7.855297565460205,,7.855297565460205,7.855297565460205,,,,
,159,,,,,,,,,8.153769493103027,8.153769493103027
159,1119,,,,,,,8.153769493103027,8.153769493103027,,
159,1119,4.028101921081543,4.028101921081543,,4.028101921081543,,,,,,
160,1120,,,4.0547308921813965,,4.0547308921813965,4.0547308921813965,,,,
160,1121,,,3.4480607509613037,,3.4480607509613037,3.4480607509613037,,,,
160,1122,,,3.0788936614990234,,3.0788936614990234,3.0788936614990234,,,,
160,1123,,,4.826732158660889,,4.826732158660889,4.826732158660889,,,,
160,1124,,,4.744240760803223,,4.744240760803223,4.744240760803223,,,,
160,1125,,,3.7342636585235596,,3.7342636585235596,3.7342636585235596,,,,
160,1126,,,4.315886497497559,,4.315886497497559,4.315886497497559,,,,
,160,,,,,,,,,8.037927627563477,8.037927627563477
160,1126,,,,,,,8.037927627563477,8.037927627563477,,
160,1126,4.000843524932861,4.000843524932861,,4.000843524932861,,,,,,
161,1127,,,2.7684102058410645,,2.7684102058410645,2.7684102058410645,,,,
161,1128,,,4.029019832611084,,4.029019832611084,4.029019832611084,,,,
161,1129,,,3.9144535064697266,,3.9144535064697266,3.9144535064697266,,,,
161,1130,,,4.009032249450684,,4.009032249450684,4.009032249450684,,,,
161,1131,,,5.229071617126465,,5.229071617126465,5.229071617126465,,,,
161,1132,,,4.876716136932373,,4.876716136932373,4.876716136932373,,,,
161,1133,,,1.2982734441757202,,1.2982734441757202,1.2982734441757202,,,,
,161,,,,,,,,,7.94262170791626,7.94262170791626
161,1133,,,,,,,7.94262170791626,7.94262170791626,,
161,1133,3.9707539081573486,3.9707539081573486,,3.9707539081573486,,,,,,
162,1134,,,4.968355178833008,,4.968355178833008,4.968355178833008,,,,
162,1135,,,3.9704771041870117,,3.9704771041870117,3.9704771041870117,,,,
162,1136,,,3.4822640419006348,,3.4822640419006348,3.4822640419006348,,,,
162,1137,,,3.114474296569824,,3.114474296569824,3.114474296569824,,,,
162,1138,,,2.4464850425720215,,2.4464850425720215,2.4464850425720215,,,,
162,1139,,,5.1640472412109375,,5.1640472412109375,5.1640472412109375,,,,
162,1140,,,5.374539375305176,,5.374539375305176,5.374539375305176,,,,
,162,,,,,,,,,7.945102691650391,7.945102691650391
162,1140,,,,,,,7.945102691650391,7.945102691650391,,
162,1140,3.946910858154297,3.946910858154297,,3.946910858154297,,,,,,
163,1141,,,4.496032238006592,,4.496032238006592,4.496032238006592,,,,
163,1142,,,3.128608226776123,,3.128608226776123,3.128608226776123,,,,
163,1143,,,3.9220714569091797,,3.9220714569091797,3.9220714569091797,,,,
163,1144,,,3.5568206310272217,,3.5568206310272217,3.5568206310272217,,,,
163,1145,,,4.128283977508545,,4.128283977508545,4.128283977508545,,,,
163,1146,,,3.7393229007720947,,3.7393229007720947,3.7393229007720947,,,,
163,1147,,,5.347333908081055,,5.347333908081055,5.347333908081055,,,,
,163,,,,,,,,,7.846121788024902,7.846121788024902
163,1147,,,,,,,7.846121788024902,7.846121788024902,,
163,1147,3.91786527633667,3.91786527633667,,3.91786527633667,,,,,,
164,1148,,,2.9078266620635986,,2.9078266620635986,2.9078266620635986,,,,
164,1149,,,2.7510581016540527,,2.7510581016540527,2.7510581016540527,,,,
164,1150,,,5.348217964172363,,5.348217964172363,5.348217964172363,,,,
164,1151,,,3.668555498123169,,3.668555498123169,3.668555498123169,,,,
164,1152,,,4.336660385131836,,4.336660385131836,4.336660385131836,,,,
164,1153,,,4.607628345489502,,4.607628345489502,4.607628345489502,,,,
164,1154,,,3.1967852115631104,,3.1967852115631104,3.1967852115631104,,,,
,164,,,,,,,,,7.6876139640808105,7.6876139640808105
164,1154,,,,,,,7.6876139640808105,7.6876139640808105,,
164,1154,3.8931357860565186,3.8931357860565186,,3.8931357860565186,,,,,,
165,1155,,,4.354679107666016,,4.354679107666016,4.354679107666016,,,,
165,1156,,,3.225576400756836,,3.225576400756836,3.225576400756836,,,,
165,1157,,,2.855109930038452,,2.855109930038452,2.855109930038452,,,,
165,1158,,,3.1942927837371826,,3.1942927837371826,3.1942927837371826,,,,
165,1159,,,5.340323448181152,,5.340323448181152,5.340323448181152,,,,
165,1160,,,4.135531902313232,,4.135531902313232,4.135531902313232,,,,
165,1161,,,4.110063076019287,,4.110063076019287,4.110063076019287,,,,
,165,,,,,,,,,7.630706787109375,7.630706787109375
165,1161,,,,,,,7.630706787109375,7.630706787109375,,
165,1161,3.8661627769470215,3.8661627769470215,,3.8661627769470215,,,,,,
166,1162,,,2.9471869468688965,,2.9471869468688965,2.9471869468688965,,,,
166,1163,,,4.8389129638671875,,4.8389129638671875,4.8389129638671875,,,,
166,1164,,,3.8711819648742676,,3.8711819648742676,3.8711819648742676,,,,
166,1165,,,3.5909955501556396,,3.5909955501556396,3.5909955501556396,,,,
166,1166,,,3.766989231109619,,3.766989231109619,3.766989231109619,,,,
166,1167,,,3.7163243293762207,,3.7163243293762207,3.7163243293762207,,,,
166,1168,,,4.668843746185303,,4.668843746185303,4.668843746185303,,,,
,166,,,,,,,,,7.471083641052246,7.471083641052246
166,1168,,,,,,,7.471083641052246,7.471083641052246,,
166,1168,3.8403775691986084,3.8403775691986084,,3.8403775691986084,,,,,,
167,1169,,,2.7974164485931396,,2.7974164485931396,2.7974164485931396,,,,
167,1170,,,6.558785915374756,,6.558785915374756,6.558785915374756,,,,
167,1171,,,2.7726328372955322,,2.7726328372955322,2.7726328372955322,,,,
167,1172,,,2.973234176635742,,2.973234176635742,2.973234176635742,,,,
167,1173,,,4.365450859069824,,4.365450859069824,4.365450859069824,,,,
167,1174,,,2.6060879230499268,,2.6060879230499268,2.6060879230499268,,,,
167,1175,,,5.9909186363220215,,5.9909186363220215,5.9909186363220215,,,,
,167,,,,,,,,,7.420770168304443,7.420770168304443
167,1175,,,,,,,7.420770168304443,7.420770168304443,,
167,1175,3.8149335384368896,3.8149335384368896,,3.8149335384368896,,,,,,
168,1176,,,4.553598880767822,,4.553598880767822,4.553598880767822,,,,
168,1177,,,3.201505184173584,,3.201505184173584,3.201505184173584,,,,
168,1178,,,3.891287326812744,,3.891287326812744,3.891287326812744,,,,
168,1179,,,3.790811538696289,,3.790811538696289,3.790811538696289,,,,
168,1180,,,4.3633880615234375,,4.3633880615234375,4.3633880615234375,,,,
168,1181,,,3.8438267707824707,,3.8438267707824707,3.8438267707824707,,,,
168,1182,,,1.362613558769226,,1.362613558769226,1.362613558769226,,,,
,168,,,,,,,,,7.373244762420654,7.373244762420654
168,1182,,,,,,,7.373244762420654,7.373244762420654,,
168,1182,3.7890820503234863,3.7890820503234863,,3.7890820503234863,,,,,,
169,1183,,,3.822211265563965,,3.822211265563965,3.822211265563965,,,,
169,1184,,,3.2737135887145996,,3.2737135887145996,3.2737135887145996,,,,
169,1185,,,3.216688632965088,,3.216688632965088,3.216688632965088,,,,
169,1186,,,4.266169548034668,,4.266169548034668,4.266169548034668,,,,
169,1187,,,3.3443965911865234,,3.3443965911865234,3.3443965911865234,,,,
169,1188,,,4.802358627319336,,4.802358627319336,4.802358627319336,,,,
169,1189,,,3.3673133850097656,,3.3673133850097656,3.3673133850097656,,,,
,169,,,,,,,,,7.335438251495361,7.335438251495361
169,1189,,,,,,,7.335438251495361,7.335438251495361,,
169,1189,3.7628676891326904,3.7628676891326904,,3.7628676891326904,,,,,,
170,1190,,,4.424043655395508,,4.424043655395508,4.424043655395508,,,,
170,1191,,,4.381332874298096,,4.381332874298096,4.381332874298096,,,,
170,1192,,,4.374799728393555,,4.374799728393555,4.374799728393555,,,,
170,1193,,,3.939793825149536,,3.939793825149536,3.939793825149536,,,,
170,1194,,,2.836038112640381,,2.836038112640381,2.836038112640381,,,,
170,1195,,,2.9645283222198486,,2.9645283222198486,2.9645283222198486,,,,
170,1196,,,2.467299222946167,,2.467299222946167,2.467299222946167,,,,
,170,,,,,,,,,7.339536666870117,7.339536666870117
170,1196,,,,,,,7.339536190032959,7.339536190032959,,
170,1196,3.740513801574707,3.740513801574707,,3.740513801574707,,,,,,
171,1197,,,3.1530423164367676,,3.1530423164367676,3.1530423164367676,,,,
171,1198,,,2.984009265899658,,2.984009265899658,2.984009265899658,,,,
171,1199,,,4.957643032073975,,4.957643032073975,4.957643032073975,,,,
171,1200,,,4.409854888916016,,4.409854888916016,4.409854888916016,,,,
171,1201,,,3.764451026916504,,3.764451026916504,3.764451026916504,,,,
171,1202,,,3.2527973651885986,,3.2527973651885986,3.2527973651885986,,,,
171,1203,,,3.026681900024414,,3.026681900024414,3.026681900024414,,,,
,171,,,,,,,,,7.275298118591309,7.275298118591309
171,1203,,,,,,,7.275298118591309,7.275298118591309,,
171,1203,3.710871458053589,3.710871458053589,,3.710871458053589,,,,,,
172,1204,,,5.03944206237793,,5.03944206237793,5.03944206237793,,,,
172,1205,,,2.869879722595215,,2.869879722595215,2.869879722595215,,,,
172,1206,,,3.8729028701782227,,3.8729028701782227,3.8729028701782227,,,,
172,1207,,,2.314427614212036,,2.314427614212036,2.314427614212036,,,,
172,1208,,,3.5004374980926514,,3.5004374980926514,3.5004374980926514,,,,
172,1209,,,3.788673162460327,,3.788673162460327,3.788673162460327,,,,
172,1210,,,5.583098888397217,,5.583098888397217,5.583098888397217,,,,
,172,,,,,,,,,7.180522441864014,7.180522441864014
172,1210,,,,,,,7.180522441864014,7.180522441864014,,
172,1210,3.68304705619812,3.68304705619812,,3.68304705619812,,,,,,
173,1211,,,3.8296048641204834,,3.8296048641204834,3.8296048641204834,,,,
173,1212,,,3.3919477462768555,,3.3919477462768555,3.3919477462768555,,,,
173,1213,,,3.6830437183380127,,3.6830437183380127,3.6830437183380127,,,,
173,1214,,,3.944517135620117,,3.944517135620117,3.944517135620117,,,,
173,1215,,,3.7644290924072266,,3.7644290924072266,3.7644290924072266,,,,
173,1216,,,4.015803813934326,,4.015803813934326,4.015803813934326,,,,
173,1217,,,1.809650182723999,,1.809650182723999,1.809650182723999,,,,
,173,,,,,,,,,7.00572395324707,7.00572395324707
173,1217,,,,,,,7.0057244300842285,7.0057244300842285,,
173,1217,3.656151533126831,3.656151533126831,,3.656151533126831,,,,,,
174,1218,,,3.695103406906128,,3.695103406906128,3.695103406906128,,,,
174,1219,,,2.8071916103363037,,2.8071916103363037,2.8071916103363037,,,,
174,1220,,,3.4902188777923584,,3.4902188777923584,3.4902188777923584,,,,
174,1221,,,3.288926362991333,,3.288926362991333,3.288926362991333,,,,
174,1222,,,3.4001264572143555,,3.4001264572143555,3.4001264572143555,,,,
174,1223,,,5.240345001220703,,5.240345001220703,5.240345001220703,,,,
174,1224,,,3.260969877243042,,3.260969877243042,3.260969877243042,,,,
,174,,,,,,,,,6.9099931716918945,6.9099931716918945
174,1224,,,,,,,6.9099931716918945,6.9099931716918945,,
174,1224,3.6305530071258545,3.6305530071258545,,3.6305530071258545,,,,,,
175,1225,,,3.419437885284424,,3.419437885284424,3.419437885284424,,,,
175,1226,,,4.901725769042969,,4.901725769042969,4.901725769042969,,,,
175,1227,,,3.0645241737365723,,3.0645241737365723,3.0645241737365723,,,,
175,1228,,,3.3094329833984375,,3.3094329833984375,3.3094329833984375,,,,
175,1229,,,3.8408541679382324,,3.8408541679382324,3.8408541679382324,,,,
175,1230,,,3.8147661685943604,,3.8147661685943604,3.8147661685943604,,,,
175,1231,,,1.6999129056930542,,1.6999129056930542,1.6999129056930542,,,,
,175,,,,,,,,,6.835544109344482,6.835544109344482
175,1231,,,,,,,6.835544109344482,6.835544109344482,,
175,1231,3.6059932708740234,3.6059932708740234,,3.6059932708740234,,,,,,
176,1232,,,2.929624080657959,,2.929624080657959,2.929624080657959,,,,
176,1233,,,3.776266098022461,,3.776266098022461,3.776266098022461,,,,
176,1234,,,2.606553792953491,,2.606553792953491,2.606553792953491,,,,
176,1235,,,2.9987356662750244,,2.9987356662750244,2.9987356662750244,,,,
176,1236,,,3.7887706756591797,,3.7887706756591797,3.7887706756591797,,,,
176,1237,,,5.062299728393555,,5.062299728393555,5.062299728393555,,,,
176,1238,,,4.467849254608154,,4.467849254608154,4.467849254608154,,,,
,176,,,,,,,,,6.779881954193115,6.779881954193115
176,1238,,,,,,,6.779881954193115,6.779881954193115,,
176,1238,3.582383155822754,3.582383155822754,,3.582383155822754,,,,,,
177,1239,,,4.018408298492432,,4.018408298492432,4.018408298492432,,,,
177,1240,,,4.72482442855835,,4.72482442855835,4.72482442855835,,,,
177,1241,,,4.077181816101074,,4.077181816101074,4.077181816101074,,,,
177,1242,,,2.6708388328552246,,2.6708388328552246,2.6708388328552246,,,,
177,1243,,,3.1001498699188232,,3.1001498699188232,3.1001498699188232,,,,
177,1244,,,2.972658395767212,,2.972658395767212,2.972658395767212,,,,
177,1245,,,3.014650821685791,,3.014650821685791,3.014650821685791,,,,
,177,,,,,,,,,6.746486186981201,6.746486186981201
177,1245,,,,,,,6.746486186981201,6.746486186981201,,
177,1245,3.559929847717285,3.559929847717285,,3.559929847717285,,,,,,
178,1246,,,3.0978477001190186,,3.0978477001190186,3.0978477001190186,,,,
178,1247,,,4.068207740783691,,4.068207740783691,4.068207740783691,,,,
178,1248,,,3.6817104816436768,,3.6817104816436768,3.6817104816436768,,,,
178,1249,,,3.1562161445617676,,3.1562161445617676,3.1562161445617676,,,,
178,1250,,,4.7705278396606445,,4.7705278396606445,4.7705278396606445,,,,
178,1251,,,2.541733741760254,,2.541733741760254,2.541733741760254,,,,
178,1252,,,3.3270092010498047,,3.3270092010498047,3.3270092010498047,,,,
,178,,,,,,,,,6.711390495300293,6.711390495300293
178,1252,,,,,,,6.711390495300293,6.711390495300293,,
178,1252,3.539430856704712,3.539430856704712,,3.539430856704712,,,,,,
179,1253,,,4.456110954284668,,4.456110954284668,4.456110954284668,,,,
179,1254,,,3.338029146194458,,3.338029146194458,3.338029146194458,,,,
179,1255,,,4.090891361236572,,4.090891361236572,4.090891361236572,,,,
179,1256,,,2.706979274749756,,2.706979274749756,2.706979274749756,,,,
179,1257,,,3.378329038619995,,3.378329038619995,3.378329038619995,,,,
179,1258,,,3.4754867553710938,,3.4754867553710938,3.4754867553710938,,,,
179,1259,,,2.5330443382263184,,2.5330443382263184,2.5330443382263184,,,,
,179,,,,,,,,,6.5905537605285645,6.5905537605285645
179,1259,,,,,,,6.5905537605285645,6.5905537605285645,,
179,1259,3.5130536556243896,3.5130536556243896,,3.5130536556243896,,,,,,
180,1260,,,3.477602481842041,,3.477602481842041,3.477602481842041,,,,
180,1261,,,3.942988634109497,,3.942988634109497,3.942988634109497,,,,
180,1262,,,2.1671056747436523,,2.1671056747436523,2.1671056747436523,,,,
180,1263,,,2.8626835346221924,,2.8626835346221924,2.8626835346221924,,,,
180,1264,,,4.22667121887207,,4.22667121887207,4.22667121887207,,,,
180,1265,,,4.4940571784973145,,4.4940571784973145,4.4940571784973145,,,,
180,1266,,,2.857506036758423,,2.857506036758423,2.857506036758423,,,,
,180,,,,,,,,,6.447824001312256,6.447824001312256
180,1266,,,,,,,6.447824001312256,6.447824001312256,,
180,1266,3.489046812057495,3.489046812057495,,3.489046812057495,,,,,,
181,1267,,,4.497864723205566,,4.497864723205566,4.497864723205566,,,,
181,1268,,,3.166278123855591,,3.166278123855591,3.166278123855591,,,,
181,1269,,,2.364774465560913,,2.364774465560913,2.364774465560913,,,,
181,1270,,,4.682442665100098,,4.682442665100098,4.682442665100098,,,,
181,1271,,,3.1150922775268555,,3.1150922775268555,3.1150922775268555,,,,
181,1272,,,3.0427405834198,,3.0427405834198,3.0427405834198,,,,
181,1273,,,3.3249433040618896,,3.3249433040618896,3.3249433040618896,,,,
,181,,,,,,,,,6.415451526641846,6.415451526641846
181,1273,,,,,,,6.415451526641846,6.415451526641846,,
181,1273,3.4691834449768066,3.4691834449768066,,3.4691834449768066,,,,,,
182,1274,,,3.9250056743621826,,3.9250056743621826,3.9250056743621826,,,,
182,1275,,,3.5891363620758057,,3.5891363620758057,3.5891363620758057,,,,
182,1276,,,4.382499694824219,,4.382499694824219,4.382499694824219,,,,
182,1277,,,3.372331380844116,,3.372331380844116,3.372331380844116,,,,
182,1278,,,2.9403562545776367,,2.9403562545776367,2.9403562545776367,,,,
182,1279,,,1.7790278196334839,,1.7790278196334839,1.7790278196334839,,,,
182,1280,,,5.274094581604004,,5.274094581604004,5.274094581604004,,,,
,182,,,,,,,,,6.35307502746582,6.35307502746582
182,1280,,,,,,,6.3530755043029785,6.3530755043029785,,
182,1280,3.445669412612915,3.445669412612915,,3.445669412612915,,,,,,
183,1281,,,3.803558588027954,,3.803558588027954,3.803558588027954,,,,
183,1282,,,3.1311728954315186,,3.1311728954315186,3.1311728954315186,,,,
183,1283,,,2.60640287399292,,2.60640287399292,2.60640287399292,,,,
183,1284,,,3.662644624710083,,3.662644624710083,3.662644624710083,,,,
183,1285,,,4.586123943328857,,4.586123943328857,4.586123943328857,,,,
183,1286,,,3.4612619876861572,,3.4612619876861572,3.4612619876861572,,,,
183,1287,,,1.3786588907241821,,1.3786588907241821,1.3786588907241821,,,,
,183,,,,,,,,,6.255460262298584,6.255460262298584
183,1287,,,,,,,6.255460262298584,6.255460262298584,,
183,1287,3.4146132469177246,3.4146132469177246,,3.4146132469177246,,,,,,
184,1288,,,3.398289442062378,,3.398289442062378,3.398289442062378,,,,
184,1289,,,3.3409857749938965,,3.3409857749938965,3.3409857749938965,,,,
184,1290,,,3.9724154472351074,,3.9724154472351074,3.9724154472351074,,,,
184,1291,,,2.6924078464508057,,2.6924078464508057,2.6924078464508057,,,,
184,1292,,,3.398818254470825,,3.398818254470825,3.398818254470825,,,,
184,1293,,,2.5499937534332275,,2.5499937534332275,2.5499937534332275,,,,
184,1294,,,6.083203315734863,,6.083203315734863,6.083203315734863,,,,
,184,,,,,,,,,6.241928577423096,6.241928577423096
184,1294,,,,,,,6.241928577423096,6.241928577423096,,
184,1294,3.3935863971710205,3.3935863971710205,,3.3935863971710205,,,,,,
185,1295,,,4.223832607269287,,4.223832607269287,4.223832607269287,,,,
185,1296,,,3.9709930419921875,,3.9709930419921875,3.9709930419921875,,,,
185,1297,,,1.8283408880233765,,1.8283408880233765,1.8283408880233765,,,,
185,1298,,,2.6171536445617676,,2.6171536445617676,2.6171536445617676,,,,
185,1299,,,2.5142948627471924,,2.5142948627471924,2.5142948627471924,,,,
185,1300,,,4.7433762550354,,4.7433762550354,4.7433762550354,,,,
185,1301,,,4.226634502410889,,4.226634502410889,4.226634502410889,,,,
,185,,,,,,,,,6.276064872741699,6.276064872741699
185,1301,,,,,,,6.276064872741699,6.276064872741699,,
185,1301,3.3698790073394775,3.3698790073394775,,3.3698790073394775,,,,,,
186,1302,,,4.100248336791992,,4.100248336791992,4.100248336791992,,,,
186,1303,,,2.552443027496338,,2.552443027496338,2.552443027496338,,,,
186,1304,,,2.837599277496338,,2.837599277496338,2.837599277496338,,,,
186,1305,,,3.3827948570251465,,3.3827948570251465,3.3827948570251465,,,,
186,1306,,,5.062551498413086,,5.062551498413086,5.062551498413086,,,,
186,1307,,,2.7788496017456055,,2.7788496017456055,2.7788496017456055,,,,
186,1308,,,1.6106948852539062,,1.6106948852539062,1.6106948852539062,,,,
,186,,,,,,,,,6.213089466094971,6.213089466094971
186,1308,,,,,,,6.213089466094971,6.213089466094971,,
186,1308,3.3440778255462646,3.3440778255462646,,3.3440778255462646,,,,,,
187,1309,,,3.459015130996704,,3.459015130996704,3.459015130996704,,,,
187,1310,,,3.14805006980896,,3.14805006980896,3.14805006980896,,,,
187,1311,,,2.5384340286254883,,2.5384340286254883,2.5384340286254883,,,,
187,1312,,,3.561490535736084,,3.561490535736084,3.561490535736084,,,,
187,1313,,,2.739858388900757,,2.739858388900757,2.739858388900757,,,,
187,1314,,,3.9169156551361084,,3.9169156551361084,3.9169156551361084,,,,
187,1315,,,4.724279403686523,,4.724279403686523,4.724279403686523,,,,
,187,,,,,,,,,6.156270980834961,6.156270980834961
187,1315,,,,,,,6.156270503997803,6.156270503997803,,
187,1315,3.315351963043213,3.315351963043213,,3.315351963043213,,,,,,
188,1316,,,3.324798345565796,,3.324798345565796,3.324798345565796,,,,
188,1317,,,3.1153688430786133,,3.1153688430786133,3.1153688430786133,,,,
188,1318,,,2.915336847305298,,2.915336847305298,2.915336847305298,,,,
188,1319,,,3.3740856647491455,,3.3740856647491455,3.3740856647491455,,,,
188,1320,,,4.40846586227417,,4.40846586227417,4.40846586227417,,,,
188,1321,,,3.004870891571045,,3.004870891571045,3.004870891571045,,,,
188,1322,,,2.277353048324585,,2.277353048324585,2.277353048324585,,,,
,188,,,,,,,,,6.048638820648193,6.048638820648193
188,1322,,,,,,,6.048638820648193,6.048638820648193,,
188,1322,3.2936367988586426,3.2936367988586426,,3.2936367988586426,,,,,,
189,1323,,,1.6608965396881104,,1.6608965396881104,1.6608965396881104,,,,
189,1324,,,3.0453970432281494,,3.0453970432281494,3.0453970432281494,,,,
189,1325,,,2.606748104095459,,2.606748104095459,2.606748104095459,,,,
189,1326,,,2.99491286277771,,2.99491286277771,2.99491286277771,,,,
189,1327,,,3.9089558124542236,,3.9089558124542236,3.9089558124542236,,,,
189,1328,,,5.241950988769531,,5.241950988769531,5.241950988769531,,,,
189,1329,,,3.6804096698760986,,3.6804096698760986,3.6804096698760986,,,,
,189,,,,,,,,,5.955054759979248,5.955054759979248
189,1329,,,,,,,5.955054759979248,5.955054759979248,,
189,1329,3.2688653469085693,3.2688653469085693,,3.2688653469085693,,,,,,
190,1330,,,4.804540634155273,,4.804540634155273,4.804540634155273,,,,
190,1331,,,2.7927956581115723,,2.7927956581115723,2.7927956581115723,,,,
190,1332,,,3.355341672897339,,3.355341672897339,3.355341672897339,,,,
190,1333,,,3.0483086109161377,,3.0483086109161377,3.0483086109161377,,,,
190,1334,,,3.6045289039611816,,3.6045289039611816,3.6045289039611816,,,,
190,1335,,,1.4995229244232178,,1.4995229244232178,1.4995229244232178,,,,
190,1336,,,4.258121013641357,,4.258121013641357,4.258121013641357,,,,
,190,,,,,,,,,5.9687886238098145,5.9687886238098145
190,1336,,,,,,,5.9687886238098145,5.9687886238098145,,
190,1336,3.2473464012145996,3.2473464012145996,,3.2473464012145996,,,,,,
191,1337,,,1.836320400238037,,1.836320400238037,1.836320400238037,,,,
191,1338,,,4.0078535079956055,,4.0078535079956055,4.0078535079956055,,,,
191,1339,,,3.8323073387145996,,3.8323073387145996,3.8323073387145996,,,,
191,1340,,,2.9804131984710693,,2.9804131984710693,2.9804131984710693,,,,
191,1341,,,3.1129603385925293,,3.1129603385925293,3.1129603385925293,,,,
191,1342,,,4.249279975891113,,4.249279975891113,4.249279975891113,,,,
191,1343,,,1.4993395805358887,,1.4993395805358887,1.4993395805358887,,,,
,191,,,,,,,,,5.950681686401367,5.950681686401367
191,1343,,,,,,,5.950681209564209,5.950681209564209,,
191,1343,3.228452682495117,3.228452682495117,,3.228452682495117,,,,,,
192,1344,,,4.026904582977295,,4.026904582977295,4.026904582977295,,,,
192,1345,,,3.1398253440856934,,3.1398253440856934,3.1398253440856934,,,,
192,1346,,,2.5507659912109375,,2.5507659912109375,2.5507659912109375,,,,
192,1347,,,2.901121139526367,,2.901121139526367,2.901121139526367,,,,
192,1348,,,3.635861396789551,,3.635861396789551,3.635861396789551,,,,
192,1349,,,3.2425191402435303,,3.2425191402435303,3.2425191402435303,,,,
192,1350,,,2.4637985229492188,,2.4637985229492188,2.4637985229492188,,,,
,192,,,,,,,,,5.852986812591553,5.852986812591553
192,1350,,,,,,,5.852986812591553,5.852986812591553,,
192,1350,3.203281879425049,3.203281879425049,,3.203281879425049,,,,,,
193,1351,,,3.8050501346588135,,3.8050501346588135,3.8050501346588135,,,,
193,1352,,,1.6516886949539185,,1.6516886949539185,1.6516886949539185,,,,
193,1353,,,3.182076930999756,,3.182076930999756,3.182076930999756,,,,
193,1354,,,3.6031856536865234,,3.6031856536865234,3.6031856536865234,,,,
193,1355,,,3.339770793914795,,3.339770793914795,3.339770793914795,,,,
193,1356,,,3.5201172828674316,,3.5201172828674316,3.5201172828674316,,,,
193,1357,,,3.0908961296081543,,3.0908961296081543,3.0908961296081543,,,,
,193,,,,,,,,,5.738950729370117,5.738950729370117
193,1357,,,,,,,5.738950252532959,5.738950252532959,,
193,1357,3.178192138671875,3.178192138671875,,3.178192138671875,,,,,,
194,1358,,,3.2563095092773438,,3.2563095092773438,3.2563095092773438,,,,
194,1359,,,2.493756055831909,,2.493756055831909,2.493756055831909,,,,
194,1360,,,4.403987884521484,,4.403987884521484,4.403987884521484,,,,
194,1361,,,2.7691848278045654,,2.7691848278045654,2.7691848278045654,,,,
194,1362,,,2.1881520748138428,,2.1881520748138428,2.1881520748138428,,,,
194,1363,,,2.987061023712158,,2.987061023712158,2.987061023712158,,,,
194,1364,,,5.475632667541504,,5.475632667541504,5.475632667541504,,,,
,194,,,,,,,,,5.641262054443359,5.641262054443359
194,1364,,,,,,,5.641262054443359,5.641262054443359,,
194,1364,3.1610686779022217,3.1610686779022217,,3.1610686779022217,,,,,,
195,1365,,,2.4942150115966797,,2.4942150115966797,2.4942150115966797,,,,
195,1366,,,1.689108967781067,,1.689108967781067,1.689108967781067,,,,
195,1367,,,2.7138617038726807,,2.7138617038726807,2.7138617038726807,,,,
195,1368,,,3.010526657104492,,3.010526657104492,3.010526657104492,,,,
195,1369,,,4.308751106262207,,4.308751106262207,4.308751106262207,,,,
195,1370,,,4.637156009674072,,4.637156009674072,4.637156009674072,,,,
195,1371,,,3.106748342514038,,3.106748342514038,3.106748342514038,,,,
,195,,,,,,,,,5.606715202331543,5.606715202331543
195,1371,,,,,,,5.606715202331543,5.606715202331543,,
195,1371,3.1401803493499756,3.1401803493499756,,3.1401803493499756,,,,,,
196,1372,,,2.1512858867645264,,2.1512858867645264,2.1512858867645264,,,,
196,1373,,,4.164818286895752,,4.164818286895752,4.164818286895752,,,,
196,1374,,,3.3116660118103027,,3.3116660118103027,3.3116660118103027,,,,
196,1375,,,3.545207977294922,,3.545207977294922,3.545207977294922,,,,
196,1376,,,3.0042150020599365,,3.0042150020599365,3.0042150020599365,,,,
196,1377,,,2.2942652702331543,,2.2942652702331543,2.2942652702331543,,,,
196,1378,,,3.772728204727173,,3.772728204727173,3.772728204727173,,,,
,196,,,,,,,,,5.62366247177124,5.62366247177124
196,1378,,,,,,,5.62366247177124,5.62366247177124,,
196,1378,3.1194090843200684,3.1194090843200684,,3.1194090843200684,,,,,,
197,1379,,,2.3950424194335938,,2.3950424194335938,2.3950424194335938,,,,
197,1380,,,2.1145756244659424,,2.1145756244659424,2.1145756244659424,,,,
197,1381,,,4.719089508056641,,4.719089508056641,4.719089508056641,,,,
197,1382,,,2.2551429271698,,2.2551429271698,2.2551429271698,,,,
197,1383,,,4.4441914558410645,,4.4441914558410645,4.4441914558410645,,,,
197,1384,,,2.532073974609375,,2.532073974609375,2.532073974609375,,,,
197,1385,,,3.5248401165008545,,3.5248401165008545,3.5248401165008545,,,,
,197,,,,,,,,,5.639301776885986,5.639301776885986
197,1385,,,,,,,5.639301776885986,5.639301776885986,,
197,1385,3.103048086166382,3.103048086166382,,3.103048086166382,,,,,,
198,1386,,,4.235297203063965,,4.235297203063965,4.235297203063965,,,,
198,1387,,,2.9681153297424316,,2.9681153297424316,2.9681153297424316,,,,
198,1388,,,1.7419164180755615,,1.7419164180755615,1.7419164180755615,,,,
198,1389,,,2.9488062858581543,,2.9488062858581543,2.9488062858581543,,,,
198,1390,,,4.080955982208252,,4.080955982208252,4.080955982208252,,,,
198,1391,,,2.7059826850891113,,2.7059826850891113,2.7059826850891113,,,,
198,1392,,,2.5387520790100098,,2.5387520790100098,2.5387520790100098,,,,
,198,,,,,,,,,5.642963409423828,5.642963409423828
198,1392,,,,,,,5.642963409423828,5.642963409423828,,
198,1392,3.079702615737915,3.079702615737915,,3.079702615737915,,,,,,
199,1393,,,3.1641416549682617,,3.1641416549682617,3.1641416549682617,,,,
199,1394,,,3.287386178970337,,3.287386178970337,3.287386178970337,,,,
199,1395,,,2.371453285217285,,2.371453285217285,2.371453285217285,,,,
199,1396,,,1.9162288904190063,,1.9162288904190063,1.9162288904190063,,,,
199,1397,,,4.423365592956543,,4.423365592956543,4.423365592956543,,,,
199,1398,,,3.094029188156128,,3.094029188156128,3.094029188156128,,,,
199,1399,,,3.259536027908325,,3.259536027908325,3.259536027908325,,,,
,199,,,,,,,,,5.599149703979492,5.599149703979492
199,1399,,,,,,,5.599149227142334,5.599149227142334,,
199,1399,3.055518627166748,3.055518627166748,,3.055518627166748,,,,,,
200,1400,,,3.3915059566497803,,3.3915059566497803,3.3915059566497803,,,,
200,1401,,,2.2597429752349854,,2.2597429752349854,2.2597429752349854,,,,
200,1402,,,3.5263290405273438,,3.5263290405273438,3.5263290405273438,,,,
200,1403,,,2.2023208141326904,,2.2023208141326904,2.2023208141326904,,,,
200,1404,,,2.9754316806793213,,2.9754316806793213,2.9754316806793213,,,,
200,1405,,,3.158724546432495,,3.158724546432495,3.158724546432495,,,,
200,1406,,,4.884006977081299,,4.884006977081299,4.884006977081299,,,,
,200,,,,,,,,,5.568960189819336,5.568960189819336
200,1406,,,,,,,5.568959712982178,5.568959712982178,,
200,1406,3.034597396850586,3.034597396850586,,3.034597396850586,,,,,,
201,1407,,,3.0573718547821045,,3.0573718547821045,3.0573718547821045,,,,
201,1408,,,3.1104977130889893,,3.1104977130889893,3.1104977130889893,,,,
201,1409,,,2.8865418434143066,,2.8865418434143066,2.8865418434143066,,,,
201,1410,,,3.3204643726348877,,3.3204643726348877,3.3204643726348877,,,,
201,1411,,,3.147226333618164,,3.147226333618164,3.147226333618164,,,,
201,1412,,,2.2154335975646973,,2.2154335975646973,2.2154335975646973,,,,
201,1413,,,3.9875311851501465,,3.9875311851501465,3.9875311851501465,,,,
,201,,,,,,,,,5.531170845031738,5.531170845031738
201,1413,,,,,,,5.531170845031738,5.531170845031738,,
201,1413,3.0169193744659424,3.0169193744659424,,3.0169193744659424,,,,,,
202,1414,,,2.1929001808166504,,2.1929001808166504,2.1929001808166504,,,,
202,1415,,,2.270653486251831,,2.270653486251831,2.270653486251831,,,,
202,1416,,,3.074892997741699,,3.074892997741699,3.074892997741699,,,,
202,1417,,,3.2858428955078125,,3.2858428955078125,3.2858428955078125,,,,
202,1418,,,2.6777830123901367,,2.6777830123901367,2.6777830123901367,,,,
202,1419,,,4.716485977172852,,4.716485977172852,4.716485977172852,,,,
202,1420,,,2.3622400760650635,,2.3622400760650635,2.3622400760650635,,,,
,202,,,,,,,,,5.414220333099365,5.414220333099365
202,1420,,,,,,,5.414220333099365,5.414220333099365,,
202,1420,2.9967684745788574,2.9967684745788574,,2.9967684745788574,,,,,,
203,1421,,,4.166810512542725,,4.166810512542725,4.166810512542725,,,,
203,1422,,,3.1737210750579834,,3.1737210750579834,3.1737210750579834,,,,
203,1423,,,3.016139268875122,,3.016139268875122,3.016139268875122,,,,
203,1424,,,2.171999931335449,,2.171999931335449,2.171999931335449,,,,
203,1425,,,2.699450969696045,,2.699450969696045,2.699450969696045,,,,
203,1426,,,2.513874053955078,,2.513874053955078,2.513874053955078,,,,
203,1427,,,3.303168535232544,,3.303168535232544,3.303168535232544,,,,
,203,,,,,,,,,5.2640180587768555,5.2640180587768555
203,1427,,,,,,,5.2640180587768555,5.2640180587768555,,
203,1427,2.9773619174957275,2.9773619174957275,,2.9773619174957275,,,,,,
204,1428,,,3.158780097961426,,3.158780097961426,3.158780097961426,,,,
204,1429,,,2.4304256439208984,,2.4304256439208984,2.4304256439208984,,,,
204,1430,,,2.5009498596191406,,2.5009498596191406,2.5009498596191406,,,,
204,1431,,,2.372891426086426,,2.372891426086426,2.372891426086426,,,,
204,1432,,,3.568927764892578,,3.568927764892578,3.568927764892578,,,,
204,1433,,,3.755140781402588,,3.755140781402588,3.755140781402588,,,,
204,1434,,,2.7113234996795654,,2.7113234996795654,2.7113234996795654,,,,
,204,,,,,,,,,5.174359321594238,5.174359321594238
204,1434,,,,,,,5.174359321594238,5.174359321594238,,
204,1434,2.949625253677368,2.949625253677368,,2.949625253677368,,,,,,
205,1435,,,3.300410747528076,,3.300410747528076,3.300410747528076,,,,
205,1436,,,2.638225793838501,,2.638225793838501,2.638225793838501,,,,
205,1437,,,2.8807566165924072,,2.8807566165924072,2.8807566165924072,,,,
205,1438,,,2.739898681640625,,2.739898681640625,2.739898681640625,,,,
205,1439,,,3.588109254837036,,3.588109254837036,3.588109254837036,,,,
205,1440,,,2.2272307872772217,,2.2272307872772217,2.2272307872772217,,,,
205,1441,,,3.3638954162597656,,3.3638954162597656,3.3638954162597656,,,,
,205,,,,,,,,,5.161271572113037,5.161271572113037
205,1441,,,,,,,5.161271572113037,5.161271572113037,,
205,1441,2.9233086109161377,2.9233086109161377,,2.9233086109161377,,,,,,
206,1442,,,2.4302995204925537,,2.4302995204925537,2.4302995204925537,,,,
206,1443,,,1.84867262840271,,1.84867262840271,1.84867262840271,,,,
206,1444,,,3.770017623901367,,3.770017623901367,3.770017623901367,,,,
206,1445,,,1.9698750972747803,,1.9698750972747803,1.9698750972747803,,,,
206,1446,,,2.6154325008392334,,2.6154325008392334,2.6154325008392334,,,,
206,1447,,,4.660670757293701,,4.660670757293701,4.660670757293701,,,,
206,1448,,,3.139418125152588,,3.139418125152588,3.139418125152588,,,,
,206,,,,,,,,,5.107414245605469,5.107414245605469
206,1448,,,,,,,5.107414245605469,5.107414245605469,,
206,1448,2.8976080417633057,2.8976080417633057,,2.8976080417633057,,,,,,
207,1449,,,2.75294828414917,,2.75294828414917,2.75294828414917,,,,
207,1450,,,3.6516287326812744,,3.6516287326812744,3.6516287326812744,,,,
207,1451,,,3.176162004470825,,3.176162004470825,3.176162004470825,,,,
207,1452,,,1.62333345413208,,1.62333345413208,1.62333345413208,,,,
207,1453,,,3.6088056564331055,,3.6088056564331055,3.6088056564331055,,,,
207,1454,,,2.2433550357818604,,2.2433550357818604,2.2433550357818604,,,,
207,1455,,,3.495617628097534,,3.495617628097534,3.495617628097534,,,,
,207,,,,,,,,,5.0666728019714355,5.0666728019714355
207,1455,,,,,,,5.0666728019714355,5.0666728019714355,,
207,1455,2.8811120986938477,2.8811120986938477,,2.8811120986938477,,,,,,
208,1456,,,3.4752190113067627,,3.4752190113067627,3.4752190113067627,,,,
208,1457,,,1.8238810300827026,,1.8238810300827026,1.8238810300827026,,,,
208,1458,,,2.9292359352111816,,2.9292359352111816,2.9292359352111816,,,,
208,1459,,,3.4566597938537598,,3.4566597938537598,3.4566597938537598,,,,
208,1460,,,3.751559257507324,,3.751559257507324,3.751559257507324,,,,
208,1461,,,1.7842658758163452,,1.7842658758163452,1.7842658758163452,,,,
208,1462,,,2.644521951675415,,2.644521951675415,2.644521951675415,,,,
,208,,,,,,,,,4.994441986083984,4.994441986083984
208,1462,,,,,,,4.994441986083984,4.994441986083984,,
208,1462,2.856865406036377,2.856865406036377,,2.856865406036377,,,,,,
209,1463,,,2.5202059745788574,,2.5202059745788574,2.5202059745788574,,,,
209,1464,,,2.571350336074829,,2.571350336074829,2.571350336074829,,,,
209,1465,,,1.654152512550354,,1.654152512550354,1.654152512550354,,,,
209,1466,,,4.296818256378174,,4.296818256378174,4.296818256378174,,,,
209,1467,,,3.102017402648926,,3.102017402648926,3.102017402648926,,,,
209,1468,,,3.0055224895477295,,3.0055224895477295,3.0055224895477295,,,,
209,1469,,,2.4934263229370117,,2.4934263229370117,2.4934263229370117,,,,
,209,,,,,,,,,4.987925052642822,4.987925052642822
209,1469,,,,,,,4.987925052642822,4.987925052642822,,
209,1469,2.836878776550293,2.836878776550293,,2.836878776550293,,,,,,
210,1470,,,2.8697876930236816,,2.8697876930236816,2.8697876930236816,,,,
210,1471,,,3.110546350479126,,3.110546350479126,3.110546350479126,,,,
210,1472,,,1.928930401802063,,1.928930401802063,1.928930401802063,,,,
210,1473,,,3.3704779148101807,,3.3704779148101807,3.3704779148101807,,,,
210,1474,,,2.709479570388794,,2.709479570388794,2.709479570388794,,,,
210,1475,,,2.515240430831909,,2.515240430831909,2.515240430831909,,,,
210,1476,,,3.891364097595215,,3.891364097595215,3.891364097595215,,,,
,210,,,,,,,,,4.995212078094482,4.995212078094482
210,1476,,,,,,,4.995212078094482,4.995212078094482,,
210,1476,2.817838668823242,2.817838668823242,,2.817838668823242,,,,,,
211,1477,,,3.3365671634674072,,3.3365671634674072,3.3365671634674072,,,,
211,1478,,,3.6922109127044678,,3.6922109127044678,3.6922109127044678,,,,
211,1479,,,2.2438583374023438,,2.2438583374023438,2.2438583374023438,,,,
211,1480,,,2.110731601715088,,2.110731601715088,2.110731601715088,,,,
211,1481,,,2.0653090476989746,,2.0653090476989746,2.0653090476989746,,,,
211,1482,,,3.492448568344116,,3.492448568344116,3.492448568344116,,,,
211,1483,,,2.3949999809265137,,2.3949999809265137,2.3949999809265137,,,,
,211,,,,,,,,,4.948002815246582,4.948002815246582
211,1483,,,,,,,4.948002815246582,4.948002815246582,,
211,1483,2.798313856124878,2.798313856124878,,2.798313856124878,,,,,,
212,1484,,,1.5748671293258667,,1.5748671293258667,1.5748671293258667,,,,
212,1485,,,3.4410483837127686,,3.4410483837127686,3.4410483837127686,,,,
212,1486,,,2.1397294998168945,,2.1397294998168945,2.1397294998168945,,,,
212,1487,,,2.7300617694854736,,2.7300617694854736,2.7300617694854736,,,,
212,1488,,,3.186082601547241,,3.186082601547241,3.186082601547241,,,,
212,1489,,,3.6788196563720703,,3.6788196563720703,3.6788196563720703,,,,
212,1490,,,2.5738441944122314,,2.5738441944122314,2.5738441944122314,,,,
,212,,,,,,,,,4.930586338043213,4.930586338043213
212,1490,,,,,,,4.930586338043213,4.930586338043213,,
212,1490,2.77894926071167,2.77894926071167,,2.77894926071167,,,,,,
213,1491,,,2.9375195503234863,,2.9375195503234863,2.9375195503234863,,,,
213,1492,,,4.649518013000488,,4.649518013000488,4.649518013000488,,,,
213,1493,,,2.3384525775909424,,2.3384525775909424,2.3384525775909424,,,,
213,1494,,,2.5186703205108643,,2.5186703205108643,2.5186703205108643,,,,
213,1495,,,1.8208013772964478,,1.8208013772964478,1.8208013772964478,,,,
213,1496,,,2.6859383583068848,,2.6859383583068848,2.6859383583068848,,,,
213,1497,,,1.7832146883010864,,1.7832146883010864,1.7832146883010864,,,,
,213,,,,,,,,,4.959569931030273,4.959569931030273
213,1497,,,,,,,4.959569454193115,4.959569454193115,,
213,1497,2.763859748840332,2.763859748840332,,2.763859748840332,,,,,,
214,1498,,,2.090777635574341,,2.090777635574341,2.090777635574341,,,,
214,1499,,,3.1886885166168213,,3.1886885166168213,3.1886885166168213,,,,
214,1500,,,3.102900505065918,,3.102900505065918,3.102900505065918,,,,
214,1501,,,3.6583402156829834,,3.6583402156829834,3.6583402156829834,,,,
214,1502,,,1.4056302309036255,,1.4056302309036255,1.4056302309036255,,,,
214,1503,,,3.0442709922790527,,3.0442709922790527,3.0442709922790527,,,,
214,1504,,,2.630753993988037,,2.630753993988037,2.630753993988037,,,,
,214,,,,,,,,,4.886824131011963,4.886824131011963
214,1504,,,,,,,4.886824131011963,4.886824131011963,,
214,1504,2.7415122985839844,2.7415122985839844,,2.7415122985839844,,,,,,
215,1505,,,2.855950117111206,,2.855950117111206,2.855950117111206,,,,
215,1506,,,2.5216426849365234,,2.5216426849365234,2.5216426849365234,,,,
215,1507,,,2.1287841796875,,2.1287841796875,2.1287841796875,,,,
215,1508,,,3.5213851928710938,,3.5213851928710938,3.5213851928710938,,,,
215,1509,,,3.058624505996704,,3.058624505996704,3.058624505996704,,,,
215,1510,,,2.4584550857543945,,2.4584550857543945,2.4584550857543945,,,,
215,1511,,,2.1616244316101074,,2.1616244316101074,2.1616244316101074,,,,
,215,,,,,,,,,4.820016860961914,4.820016860961914
215,1511,,,,,,,4.820017337799072,4.820017337799072,,
215,1511,2.722423791885376,2.722423791885376,,2.722423791885376,,,,,,
216,1512,,,2.478186845779419,,2.478186845779419,2.478186845779419,,,,
216,1513,,,1.8217629194259644,,1.8217629194259644,1.8217629194259644,,,,
216,1514,,,3.266309976577759,,3.266309976577759,3.266309976577759,,,,
216,1515,,,3.147190809249878,,3.147190809249878,3.147190809249878,,,,
216,1516,,,2.507138252258301,,2.507138252258301,2.507138252258301,,,,
216,1517,,,2.920660972595215,,2.920660972595215,2.920660972595215,,,,
216,1518,,,2.848111629486084,,2.848111629486084,2.848111629486084,,,,
,216,,,,,,,,,4.762125015258789,4.762125015258789
216,1518,,,,,,,4.762125492095947,4.762125492095947,,
216,1518,2.6994969844818115,2.6994969844818115,,2.6994969844818115,,,,,,
217,1519,,,2.7227840423583984,,2.7227840423583984,2.7227840423583984,,,,
217,1520,,,3.711550235748291,,3.711550235748291,3.711550235748291,,,,
217,1521,,,2.4556961059570312,,2.4556961059570312,2.4556961059570312,,,,
217,1522,,,2.5798215866088867,,2.5798215866088867,2.5798215866088867,,,,
217,1523,,,1.890336275100708,,1.890336275100708,1.890336275100708,,,,
217,1524,,,2.2266154289245605,,2.2266154289245605,2.2266154289245605,,,,
217,1525,,,3.932974338531494,,3.932974338531494,3.932974338531494,,,,
,217,,,,,,,,,4.715056896209717,4.715056896209717
217,1525,,,,,,,4.715056896209717,4.715056896209717,,
217,1525,2.676340103149414,2.676340103149414,,2.676340103149414,,,,,,
218,1526,,,3.9188404083251953,,3.9188404083251953,3.9188404083251953,,,,
218,1527,,,2.062856912612915,,2.062856912612915,2.062856912612915,,,,
218,1528,,,2.262747287750244,,2.262747287750244,2.262747287750244,,,,
218,1529,,,2.88321852684021,,2.88321852684021,2.88321852684021,,,,
218,1530,,,2.4637629985809326,,2.4637629985809326,2.4637629985809326,,,,
218,1531,,,2.857640504837036,,2.857640504837036,2.857640504837036,,,,
218,1532,,,1.3001270294189453,,1.3001270294189453,1.3001270294189453,,,,
,218,,,,,,,,,4.641952991485596,4.641952991485596
218,1532,,,,,,,4.641952991485596,4.641952991485596,,
218,1532,2.656723737716675,2.656723737716675,,2.656723737716675,,,,,,
219,1533,,,3.456679105758667,,3.456679105758667,3.456679105758667,,,,
219,1534,,,2.761909008026123,,2.761909008026123,2.761909008026123,,,,
219,1535,,,2.4902727603912354,,2.4902727603912354,2.4902727603912354,,,,
219,1536,,,2.291386127471924,,2.291386127471924,2.291386127471924,,,,
219,1537,,,1.9656798839569092,,1.9656798839569092,1.9656798839569092,,,,
219,1538,,,1.7848933935165405,,1.7848933935165405,1.7848933935165405,,,,
219,1539,,,5.571346282958984,,5.571346282958984,5.571346282958984,,,,
,219,,,,,,,,,4.705077171325684,4.705077171325684
219,1539,,,,,,,4.705077171325684,4.705077171325684,,
219,1539,2.64158034324646,2.64158034324646,,2.64158034324646,,,,,,
220,1540,,,2.3167903423309326,,2.3167903423309326,2.3167903423309326,,,,
220,1541,,,3.147857904434204,,3.147857904434204,3.147857904434204,,,,
220,1542,,,2.885554313659668,,2.885554313659668,2.885554313659668,,,,
220,1543,,,3.1416921615600586,,3.1416921615600586,3.1416921615600586,,,,
220,1544,,,1.8158117532730103,,1.8158117532730103,1.8158117532730103,,,,
220,1545,,,2.728642463684082,,2.728642463684082,2.728642463684082,,,,
220,1546,,,1.7994002103805542,,1.7994002103805542,1.7994002103805542,,,,
,220,,,,,,,,,4.6548171043396,4.6548171043396
220,1546,,,,,,,4.6548171043396,4.6548171043396,,
220,1546,2.6213529109954834,2.6213529109954834,,2.6213529109954834,,,,,,
221,1547,,,2.5570881366729736,,2.5570881366729736,2.5570881366729736,,,,
221,1548,,,1.7630705833435059,,1.7630705833435059,1.7630705833435059,,,,
221,1549,,,1.9122108221054077,,1.9122108221054077,1.9122108221054077,,,,
221,1550,,,2.4869706630706787,,2.4869706630706787,2.4869706630706787,,,,
221,1551,,,3.327390670776367,,3.327390670776367,3.327390670776367,,,,
221,1552,,,2.915585517883301,,2.915585517883301,2.915585517883301,,,,
221,1553,,,4.358208179473877,,4.358208179473877,4.358208179473877,,,,
,221,,,,,,,,,4.552299499511719,4.552299499511719
221,1553,,,,,,,4.552299499511719,4.552299499511719,,
221,1553,2.603395462036133,2.603395462036133,,2.603395462036133,,,,,,
222,1554,,,2.375521183013916,,2.375521183013916,2.375521183013916,,,,
222,1555,,,1.972206950187683,,1.972206950187683,1.972206950187683,,,,
222,1556,,,3.037874937057495,,3.037874937057495,3.037874937057495,,,,
222,1557,,,2.4322123527526855,,2.4322123527526855,2.4322123527526855,,,,
222,1558,,,3.2417104244232178,,3.2417104244232178,3.2417104244232178,,,,
222,1559,,,2.3546886444091797,,2.3546886444091797,2.3546886444091797,,,,
222,1560,,,2.8351428508758545,,2.8351428508758545,2.8351428508758545,,,,
,222,,,,,,,,,4.51047420501709,4.51047420501709
222,1560,,,,,,,4.51047420501709,4.51047420501709,,
222,1560,2.5846893787384033,2.5846893787384033,,2.5846893787384033,,,,,,
223,1561,,,3.7617785930633545,,3.7617785930633545,3.7617785930633545,,,,
223,1562,,,3.582044839859009,,3.582044839859009,3.582044839859009,,,,
223,1563,,,2.452939987182617,,2.452939987182617,2.452939987182617,,,,
223,1564,,,1.6488381624221802,,1.6488381624221802,1.6488381624221802,,,,
223,1565,,,2.8676726818084717,,2.8676726818084717,2.8676726818084717,,,,
223,1566,,,1.2333940267562866,,1.2333940267562866,1.2333940267562866,,,,
223,1567,,,2.1510605812072754,,2.1510605812072754,2.1510605812072754,,,,
,223,,,,,,,,,4.476658821105957,4.476658821105957
223,1567,,,,,,,4.476658821105957,4.476658821105957,,
223,1567,2.565225839614868,2.565225839614868,,2.565225839614868,,,,,,
224,1568,,,2.4898102283477783,,2.4898102283477783,2.4898102283477783,,,,
224,1569,,,2.3314037322998047,,2.3314037322998047,2.3314037322998047,,,,
224,1570,,,2.8470993041992188,,2.8470993041992188,2.8470993041992188,,,,
224,1571,,,2.2561473846435547,,2.2561473846435547,2.2561473846435547,,,,
224,1572,,,3.006993055343628,,3.006993055343628,3.006993055343628,,,,
224,1573,,,2.1480586528778076,,2.1480586528778076,2.1480586528778076,,,,
224,1574,,,3.0929276943206787,,3.0929276943206787,3.0929276943206787,,,,
,224,,,,,,,,,4.485865592956543,4.485865592956543
224,1574,,,,,,,4.485865592956543,4.485865592956543,,
224,1574,2.5473506450653076,2.5473506450653076,,2.5473506450653076,,,,,,
225,1575,,,2.9218525886535645,,2.9218525886535645,2.9218525886535645,,,,
225,1576,,,1.5126384496688843,,1.5126384496688843,1.5126384496688843,,,,
225,1577,,,1.848366618156433,,1.848366618156433,1.848366618156433,,,,
225,1578,,,3.8352794647216797,,3.8352794647216797,3.8352794647216797,,,,
225,1579,,,2.4759247303009033,,2.4759247303009033,2.4759247303009033,,,,
225,1580,,,3.1159322261810303,,3.1159322261810303,3.1159322261810303,,,,
225,1581,,,1.1185382604599,,1.1185382604599,1.1185382604599,,,,
,225,,,,,,,,,4.481423854827881,4.481423854827881
225,1581,,,,,,,4.481423854827881,4.481423854827881,,
225,1581,2.530109167098999,2.530109167098999,,2.530109167098999,,,,,,
226,1582,,,3.104224443435669,,3.104224443435669,3.104224443435669,,,,
226,1583,,,3.1036465167999268,,3.1036465167999268,3.1036465167999268,,,,
226,1584,,,1.6090019941329956,,1.6090019941329956,1.6090019941329956,,,,
226,1585,,,2.5321366786956787,,2.5321366786956787,2.5321366786956787,,,,
226,1586,,,2.060248374938965,,2.060248374938965,2.060248374938965,,,,
226,1587,,,3.0481488704681396,,3.0481488704681396,3.0481488704681396,,,,
226,1588,,,1.489041805267334,,1.489041805267334,1.489041805267334,,,,
,226,,,,,,,,,4.477584362030029,4.477584362030029
226,1588,,,,,,,4.477584362030029,4.477584362030029,,
226,1588,2.512282133102417,2.512282133102417,,2.512282133102417,,,,,,
227,1589,,,1.853593349456787,,1.853593349456787,1.853593349456787,,,,
227,1590,,,2.351041316986084,,2.351041316986084,2.351041316986084,,,,
227,1591,,,2.3725745677948,,2.3725745677948,2.3725745677948,,,,
227,1592,,,2.6989407539367676,,2.6989407539367676,2.6989407539367676,,,,
227,1593,,,2.9234843254089355,,2.9234843254089355,2.9234843254089355,,,,
227,1594,,,2.4244298934936523,,2.4244298934936523,2.4244298934936523,,,,
227,1595,,,3.3830342292785645,,3.3830342292785645,3.3830342292785645,,,,
,227,,,,,,,,,4.5102972984313965,4.5102972984313965
227,1595,,,,,,,4.5102972984313965,4.5102972984313965,,
227,1595,2.4929728507995605,2.4929728507995605,,2.4929728507995605,,,,,,
228,1596,,,2.5199363231658936,,2.5199363231658936,2.5199363231658936,,,,
228,1597,,,2.227506160736084,,2.227506160736084,2.227506160736084,,,,
228,1598,,,2.6731481552124023,,2.6731481552124023,2.6731481552124023,,,,
228,1599,,,2.2844388484954834,,2.2844388484954834,2.2844388484954834,,,,
228,1600,,,3.0461325645446777,,3.0461325645446777,3.0461325645446777,,,,
228,1601,,,1.9117804765701294,,1.9117804765701294,1.9117804765701294,,,,
228,1602,,,2.855943202972412,,2.855943202972412,2.855943202972412,,,,
,228,,,,,,,,,4.506164073944092,4.506164073944092
228,1602,,,,,,,4.506164073944092,4.506164073944092,,
228,1602,2.4680659770965576,2.4680659770965576,,2.4680659770965576,,,,,,
229,1603,,,3.4704668521881104,,3.4704668521881104,3.4704668521881104,,,,
229,1604,,,2.485933303833008,,2.485933303833008,2.485933303833008,,,,
229,1605,,,2.145289897918701,,2.145289897918701,2.145289897918701,,,,
229,1606,,,2.0052683353424072,,2.0052683353424072,2.0052683353424072,,,,
229,1607,,,3.145603895187378,,3.145603895187378,3.145603895187378,,,,
229,1608,,,1.626551866531372,,1.626551866531372,1.626551866531372,,,,
229,1609,,,1.8905380964279175,,1.8905380964279175,1.8905380964279175,,,,
,229,,,,,,,,,4.508876323699951,4.508876323699951
229,1609,,,,,,,4.508876323699951,4.508876323699951,,
229,1609,2.4451868534088135,2.4451868534088135,,2.4451868534088135,,,,,,
230,1610,,,1.6393240690231323,,1.6393240690231323,1.6393240690231323,,,,
230,1611,,,2.739049196243286,,2.739049196243286,2.739049196243286,,,,
230,1612,,,2.2499048709869385,,2.2499048709869385,2.2499048709869385,,,,
230,1613,,,2.576416254043579,,2.576416254043579,2.576416254043579,,,,
230,1614,,,2.9448609352111816,,2.9448609352111816,2.9448609352111816,,,,
230,1615,,,2.1483030319213867,,2.1483030319213867,2.1483030319213867,,,,
230,1616,,,3.0978262424468994,,3.0978262424468994,3.0978262424468994,,,,
,230,,,,,,,,,4.428912162780762,4.428912162780762
230,1616,,,,,,,4.428912162780762,4.428912162780762,,
230,1616,2.4250264167785645,2.4250264167785645,,2.4250264167785645,,,,,,
231,1617,,,1.5074338912963867,,1.5074338912963867,1.5074338912963867,,,,
231,1618,,,2.125586748123169,,2.125586748123169,2.125586748123169,,,,
231,1619,,,2.67411208152771,,2.67411208152771,2.67411208152771,,,,
231,1620,,,2.0144052505493164,,2.0144052505493164,2.0144052505493164,,,,
231,1621,,,3.3453307151794434,,3.3453307151794434,3.3453307151794434,,,,
231,1622,,,2.9889440536499023,,2.9889440536499023,2.9889440536499023,,,,
231,1623,,,1.8700101375579834,,1.8700101375579834,1.8700101375579834,,,,
,231,,,,,,,,,4.355480194091797,4.355480194091797
231,1623,,,,,,,4.355480194091797,4.355480194091797,,
231,1623,2.4089515209198,2.4089515209198,,2.4089515209198,,,,,,
232,1624,,,2.179276943206787,,2.179276943206787,2.179276943206787,,,,
232,1625,,,1.514926791191101,,1.514926791191101,1.514926791191101,,,,
232,1626,,,1.655382752418518,,1.655382752418518,1.655382752418518,,,,
232,1627,,,2.9917149543762207,,2.9917149543762207,2.9917149543762207,,,,
232,1628,,,1.664952039718628,,1.664952039718628,1.664952039718628,,,,
232,1629,,,4.308801651000977,,4.308801651000977,4.308801651000977,,,,
232,1630,,,2.514589548110962,,2.514589548110962,2.514589548110962,,,,
,232,,,,,,,,,4.21738862991333,4.21738862991333
232,1630,,,,,,,4.21738862991333,4.21738862991333,,
232,1630,2.393415927886963,2.393415927886963,,2.393415927886963,,,,,,
233,1631,,,2.676363229751587,,2.676363229751587,2.676363229751587,,,,
233,1632,,,2.952782392501831,,2.952782392501831,2.952782392501831,,,,
233,1633,,,2.501225233078003,,2.501225233078003,2.501225233078003,,,,
233,1634,,,2.811770439147949,,2.811770439147949,2.811770439147949,,,,
233,1635,,,2.0759027004241943,,2.0759027004241943,2.0759027004241943,,,,
233,1636,,,1.4358707666397095,,1.4358707666397095,1.4358707666397095,,,,
233,1637,,,1.8528856039047241,,1.8528856039047241,1.8528856039047241,,,,
,233,,,,,,,,,4.08512544631958,4.08512544631958
233,1637,,,,,,,4.08512544631958,4.08512544631958,,
233,1637,2.3762741088867188,2.3762741088867188,,2.3762741088867188,,,,,,
234,1638,,,2.7566516399383545,,2.7566516399383545,2.7566516399383545,,,,
234,1639,,,2.050283908843994,,2.050283908843994,2.050283908843994,,,,
234,1640,,,2.1747570037841797,,2.1747570037841797,2.1747570037841797,,,,
234,1641,,,2.0099453926086426,,2.0099453926086426,2.0099453926086426,,,,
234,1642,,,3.358919382095337,,3.358919382095337,3.358919382095337,,,,
234,1643,,,1.6873594522476196,,1.6873594522476196,1.6873594522476196,,,,
234,1644,,,2.7274973392486572,,2.7274973392486572,2.7274973392486572,,,,
,234,,,,,,,,,3.9648048877716064,3.9648048877716064
234,1644,,,,,,,3.9648048877716064,3.9648048877716064,,
234,1644,2.3624672889709473,2.3624672889709473,,2.3624672889709473,,,,,,
235,1645,,,2.8798961639404297,,2.8798961639404297,2.8798961639404297,,,,
235,1646,,,2.5499041080474854,,2.5499041080474854,2.5499041080474854,,,,
235,1647,,,1.4495192766189575,,1.4495192766189575,1.4495192766189575,,,,
235,1648,,,1.2079311609268188,,1.2079311609268188,1.2079311609268188,,,,
235,1649,,,2.4079463481903076,,2.4079463481903076,2.4079463481903076,,,,
235,1650,,,3.840698480606079,,3.840698480606079,3.840698480606079,,,,
235,1651,,,1.7241195440292358,,1.7241195440292358,1.7241195440292358,,,,
,235,,,,,,,,,3.8517215251922607,3.8517215251922607
235,1651,,,,,,,3.8517215251922607,3.8517215251922607,,
235,1651,2.350186586380005,2.350186586380005,,2.350186586380005,,,,,,
236,1652,,,1.9797911643981934,,1.9797911643981934,1.9797911643981934,,,,
236,1653,,,2.039820909500122,,2.039820909500122,2.039820909500122,,,,
236,1654,,,2.1772515773773193,,2.1772515773773193,2.1772515773773193,,,,
236,1655,,,2.9143621921539307,,2.9143621921539307,2.9143621921539307,,,,
236,1656,,,2.9571657180786133,,2.9571657180786133,2.9571657180786133,,,,
236,1657,,,2.0096678733825684,,2.0096678733825684,2.0096678733825684,,,,
236,1658,,,2.2007944583892822,,2.2007944583892822,2.2007944583892822,,,,
,236,,,,,,,,,3.7873435020446777,3.7873435020446777
236,1658,,,,,,,3.7873435020446777,3.7873435020446777,,
236,1658,2.3377816677093506,2.3377816677093506,,2.3377816677093506,,,,,,
237,1659,,,2.9168386459350586,,2.9168386459350586,2.9168386459350586,,,,
237,1660,,,2.6440930366516113,,2.6440930366516113,2.6440930366516113,,,,
237,1661,,,2.2946789264678955,,2.2946789264678955,2.2946789264678955,,,,
237,1662,,,2.2759768962860107,,2.2759768962860107,2.2759768962860107,,,,
237,1663,,,2.0031898021698,,2.0031898021698,2.0031898021698,,,,
237,1664,,,1.8892850875854492,,1.8892850875854492,1.8892850875854492,,,,
237,1665,,,2.0449752807617188,,2.0449752807617188,2.0449752807617188,,,,
,237,,,,,,,,,3.7963640689849854,3.7963640689849854
237,1665,,,,,,,3.7963640689849854,3.7963640689849854,,
237,1665,2.320145606994629,2.320145606994629,,2.320145606994629,,,,,,
238,1666,,,3.544240951538086,,3.544240951538086,3.544240951538086,,,,
238,1667,,,1.3604319095611572,,1.3604319095611572,1.3604319095611572,,,,
238,1668,,,1.7639646530151367,,1.7639646530151367,1.7639646530151367,,,,
238,1669,,,2.614421844482422,,2.614421844482422,2.614421844482422,,,,
238,1670,,,2.5858418941497803,,2.5858418941497803,2.5858418941497803,,,,
238,1671,,,1.7948681116104126,,1.7948681116104126,1.7948681116104126,,,,
238,1672,,,2.748633623123169,,2.748633623123169,2.748633623123169,,,,
,238,,,,,,,,,3.837491512298584,3.837491512298584
238,1672,,,,,,,3.837491512298584,3.837491512298584,,
238,1672,2.305020809173584,2.305020809173584,,2.305020809173584,,,,,,
239,1673,,,2.3588216304779053,,2.3588216304779053,2.3588216304779053,,,,
239,1674,,,3.1167166233062744,,3.1167166233062744,3.1167166233062744,,,,
239,1675,,,2.1694769859313965,,2.1694769859313965,2.1694769859313965,,,,
239,1676,,,1.4776973724365234,,1.4776973724365234,1.4776973724365234,,,,
239,1677,,,3.0018138885498047,,3.0018138885498047,3.0018138885498047,,,,
239,1678,,,2.162423610687256,,2.162423610687256,2.162423610687256,,,,
239,1679,,,0.829094648361206,,0.829094648361206,0.829094648361206,,,,
,239,,,,,,,,,3.8462905883789062,3.8462905883789062
239,1679,,,,,,,3.8462905883789062,3.8462905883789062,,
239,1679,2.289860486984253,2.289860486984253,,2.289860486984253,,,,,,
240,1680,,,2.1269137859344482,,2.1269137859344482,2.1269137859344482,,,,
240,1681,,,3.052290201187134,,3.052290201187134,3.052290201187134,,,,
240,1682,,,1.716931700706482,,1.716931700706482,1.716931700706482,,,,
240,1683,,,1.958633542060852,,1.958633542060852,1.958633542060852,,,,
240,1684,,,2.128201484680176,,2.128201484680176,2.128201484680176,,,,
240,1685,,,2.8347249031066895,,2.8347249031066895,2.8347249031066895,,,,
240,1686,,,1.770524024963379,,1.770524024963379,1.770524024963379,,,,
,240,,,,,,,,,3.847019910812378,3.847019910812378
240,1686,,,,,,,3.847019910812378,3.847019910812378,,
240,1686,2.271630048751831,2.271630048751831,,2.271630048751831,,,,,,
241,1687,,,1.9501701593399048,,1.9501701593399048,1.9501701593399048,,,,
241,1688,,,1.37863290309906,,1.37863290309906,1.37863290309906,,,,
241,1689,,,2.8364484310150146,,2.8364484310150146,2.8364484310150146,,,,
241,1690,,,2.3585872650146484,,2.3585872650146484,2.3585872650146484,,,,
241,1691,,,2.8309719562530518,,2.8309719562530518,2.8309719562530518,,,,
241,1692,,,1.9818648099899292,,1.9818648099899292,1.9818648099899292,,,,
241,1693,,,2.8306262493133545,,2.8306262493133545,2.8306262493133545,,,,
,241,,,,,,,,,3.8690972328186035,3.8690972328186035
241,1693,,,,,,,3.8690972328186035,3.8690972328186035,,
241,1693,2.258535146713257,2.258535146713257,,2.258535146713257,,,,,,
242,1694,,,1.9380772113800049,,1.9380772113800049,1.9380772113800049,,,,
242,1695,,,1.594084620475769,,1.594084620475769,1.594084620475769,,,,
242,1696,,,2.663360357284546,,2.663360357284546,2.663360357284546,,,,
242,1697,,,2.569139003753662,,2.569139003753662,2.569139003753662,,,,
242,1698,,,2.5855865478515625,,2.5855865478515625,2.5855865478515625,,,,
242,1699,,,2.435473918914795,,2.435473918914795,2.435473918914795,,,,
242,1700,,,1.4120780229568481,,1.4120780229568481,1.4120780229568481,,,,
,242,,,,,,,,,3.85318660736084,3.85318660736084
242,1700,,,,,,,3.8531863689422607,3.8531863689422607,,
242,1700,2.245529890060425,2.245529890060425,,2.245529890060425,,,,,,
243,1701,,,1.1289324760437012,,1.1289324760437012,1.1289324760437012,,,,
243,1702,,,3.772353410720825,,3.772353410720825,3.772353410720825,,,,
243,1703,,,1.9791935682296753,,1.9791935682296753,1.9791935682296753,,,,
243,1704,,,1.6248385906219482,,1.6248385906219482,1.6248385906219482,,,,
243,1705,,,2.4349610805511475,,2.4349610805511475,2.4349610805511475,,,,
243,1706,,,2.257483959197998,,2.257483959197998,2.257483959197998,,,,
243,1707,,,2.728952169418335,,2.728952169418335,2.728952169418335,,,,
,243,,,,,,,,,3.863774538040161,3.863774538040161
243,1707,,,,,,,3.863774538040161,3.863774538040161,,
243,1707,2.230764150619507,2.230764150619507,,2.230764150619507,,,,,,
244,1708,,,2.4567930698394775,,2.4567930698394775,2.4567930698394775,,,,
244,1709,,,1.8030600547790527,,1.8030600547790527,1.8030600547790527,,,,
244,1710,,,1.806252360343933,,1.806252360343933,1.806252360343933,,,,
244,1711,,,3.750401496887207,,3.750401496887207,3.750401496887207,,,,
244,1712,,,1.522080898284912,,1.522080898284912,1.522080898284912,,,,
244,1713,,,1.6090354919433594,,1.6090354919433594,1.6090354919433594,,,,
244,1714,,,3.1627323627471924,,3.1627323627471924,3.1627323627471924,,,,
,244,,,,,,,,,3.891568899154663,3.891568899154663
244,1714,,,,,,,3.891568899154663,3.891568899154663,,
244,1714,2.217042922973633,2.217042922973633,,2.217042922973633,,,,,,
245,1715,,,2.4966535568237305,,2.4966535568237305,2.4966535568237305,,,,
245,1716,,,2.2765345573425293,,2.2765345573425293,2.2765345573425293,,,,
245,1717,,,1.880760669708252,,1.880760669708252,1.880760669708252,,,,
245,1718,,,3.024944543838501,,3.024944543838501,3.024944543838501,,,,
245,1719,,,1.9500353336334229,,1.9500353336334229,1.9500353336334229,,,,
245,1720,,,1.9716997146606445,,1.9716997146606445,1.9716997146606445,,,,
245,1721,,,1.18985116481781,,1.18985116481781,1.18985116481781,,,,
,245,,,,,,,,,3.8591177463531494,3.8591177463531494
245,1721,,,,,,,3.8591177463531494,3.8591177463531494,,
245,1721,2.203423023223877,2.203423023223877,,2.203423023223877,,,,,,
246,1722,,,2.0497751235961914,,2.0497751235961914,2.0497751235961914,,,,
246,1723,,,1.39934504032135,,1.39934504032135,1.39934504032135,,,,
246,1724,,,1.445365309715271,,1.445365309715271,1.445365309715271,,,,
246,1725,,,2.649893283843994,,2.649893283843994,2.649893283843994,,,,
246,1726,,,3.7528576850891113,,3.7528576850891113,3.7528576850891113,,,,
246,1727,,,1.3715449571609497,,1.3715449571609497,1.3715449571609497,,,,
246,1728,,,3.401266574859619,,3.401266574859619,3.401266574859619,,,,
,246,,,,,,,,,3.8318259716033936,3.8318259716033936
246,1728,,,,,,,3.8318259716033936,3.8318259716033936,,
246,1728,2.1873342990875244,2.1873342990875244,,2.1873342990875244,,,,,,
247,1729,,,1.5187994241714478,,1.5187994241714478,1.5187994241714478,,,,
247,1730,,,2.6927785873413086,,2.6927785873413086,2.6927785873413086,,,,
247,1731,,,1.7063486576080322,,1.7063486576080322,1.7063486576080322,,,,
247,1732,,,2.3236403465270996,,2.3236403465270996,2.3236403465270996,,,,
247,1733,,,2.484043598175049,,2.484043598175049,2.484043598175049,,,,
247,1734,,,2.1498043537139893,,2.1498043537139893,2.1498043537139893,,,,
247,1735,,,2.5625336170196533,,2.5625336170196533,2.5625336170196533,,,,
,247,,,,,,,,,3.8319292068481445,3.8319292068481445
247,1735,,,,,,,3.8319294452667236,3.8319294452667236,,
247,1735,2.17041015625,2.17041015625,,2.17041015625,,,,,,
248,1736,,,2.2023606300354004,,2.2023606300354004,2.2023606300354004,,,,
248,1737,,,2.495058536529541,,2.495058536529541,2.495058536529541,,,,
248,1738,,,1.912773609161377,,1.912773609161377,1.912773609161377,,,,
248,1739,,,2.751288652420044,,2.751288652420044,2.751288652420044,,,,
248,1740,,,2.037843942642212,,2.037843942642212,2.037843942642212,,,,
248,1741,,,1.692867398262024,,1.692867398262024,1.692867398262024,,,,
248,1742,,,1.671303629875183,,1.671303629875183,1.671303629875183,,,,
,248,,,,,,,,,3.7635979652404785,3.7635979652404785
248,1742,,,,,,,3.7635979652404785,3.7635979652404785,,
248,1742,2.151989221572876,2.151989221572876,,2.151989221572876,,,,,,
249,1743,,,1.9899426698684692,,1.9899426698684692,1.9899426698684692,,,,
249,1744,,,2.2808499336242676,,2.2808499336242676,2.2808499336242676,,,,
249,1745,,,2.568603992462158,,2.568603992462158,2.568603992462158,,,,
249,1746,,,2.1108696460723877,,2.1108696460723877,2.1108696460723877,,,,
249,1747,,,1.491416335105896,,1.491416335105896,1.491416335105896,,,,
249,1748,,,2.5196783542633057,,2.5196783542633057,2.5196783542633057,,,,
249,1749,,,1.7064088582992554,,1.7064088582992554,1.7064088582992554,,,,
,249,,,,,,,,,3.6758456230163574,3.6758456230163574
249,1749,,,,,,,3.6758456230163574,3.6758456230163574,,
249,1749,2.1335315704345703,2.1335315704345703,,2.1335315704345703,,,,,,
250,1750,,,3.193756341934204,,3.193756341934204,3.193756341934204,,,,
250,1751,,,2.4122235774993896,,2.4122235774993896,2.4122235774993896,,,,
250,1752,,,1.528317928314209,,1.528317928314209,1.528317928314209,,,,
250,1753,,,1.5533881187438965,,1.5533881187438965,1.5533881187438965,,,,
250,1754,,,1.5500744581222534,,1.5500744581222534,1.5500744581222534,,,,
250,1755,,,2.3177125453948975,,2.3177125453948975,2.3177125453948975,,,,
250,1756,,,2.52898907661438,,2.52898907661438,2.52898907661438,,,,
,250,,,,,,,,,3.5638229846954346,3.5638229846954346
250,1756,,,,,,,3.5638229846954346,3.5638229846954346,,
250,1756,2.1182501316070557,2.1182501316070557,,2.1182501316070557,,,,,,
251,1757,,,2.2887535095214844,,2.2887535095214844,2.2887535095214844,,,,
251,1758,,,1.827380895614624,,1.827380895614624,1.827380895614624,,,,
251,1759,,,2.0574839115142822,,2.0574839115142822,2.0574839115142822,,,,
251,1760,,,1.2607324123382568,,1.2607324123382568,1.2607324123382568,,,,
251,1761,,,2.5544919967651367,,2.5544919967651367,2.5544919967651367,,,,
251,1762,,,2.555086374282837,,2.555086374282837,2.555086374282837,,,,
251,1763,,,2.2990474700927734,,2.2990474700927734,2.2990474700927734,,,,
,251,,,,,,,,,3.5001161098480225,3.5001161098480225
251,1763,,,,,,,3.5001161098480225,3.5001161098480225,,
251,1763,2.1029131412506104,2.1029131412506104,,2.1029131412506104,,,,,,
252,1764,,,2.9848711490631104,,2.9848711490631104,2.9848711490631104,,,,
252,1765,,,2.2262380123138428,,2.2262380123138428,2.2262380123138428,,,,
252,1766,,,2.0188798904418945,,2.0188798904418945,2.0188798904418945,,,,
252,1767,,,1.6066138744354248,,1.6066138744354248,1.6066138744354248,,,,
252,1768,,,1.1584253311157227,,1.1584253311157227,1.1584253311157227,,,,
252,1769,,,1.871421217918396,,1.871421217918396,1.871421217918396,,,,
252,1770,,,3.8731703758239746,,3.8731703758239746,3.8731703758239746,,,,
,252,,,,,,,,,3.470672845840454,3.470672845840454
252,1770,,,,,,,3.470672845840454,3.470672845840454,,
252,1770,2.0892372131347656,2.0892372131347656,,2.0892372131347656,,,,,,
253,1771,,,2.6672165393829346,,2.6672165393829346,2.6672165393829346,,,,
253,1772,,,2.444917917251587,,2.444917917251587,2.444917917251587,,,,
253,1773,,,1.4522227048873901,,1.4522227048873901,1.4522227048873901,,,,
253,1774,,,2.6711654663085938,,2.6711654663085938,2.6711654663085938,,,,
253,1775,,,2.1513142585754395,,2.1513142585754395,2.1513142585754395,,,,
253,1776,,,1.427560567855835,,1.427560567855835,1.427560567855835,,,,
253,1777,,,1.1341899633407593,,1.1341899633407593,1.1341899633407593,,,,
,253,,,,,,,,,3.4131627082824707,3.4131627082824707
253,1777,,,,,,,3.4131627082824707,3.4131627082824707,,
253,1777,2.0768187046051025,2.0768187046051025,,2.0768187046051025,,,,,,
254,1778,,,3.020263671875,,3.020263671875,3.020263671875,,,,
254,1779,,,2.095292568206787,,2.095292568206787,2.095292568206787,,,,
254,1780,,,1.892256736755371,,1.892256736755371,1.892256736755371,,,,
254,1781,,,1.4324032068252563,,1.4324032068252563,1.4324032068252563,,,,
254,1782,,,2.4418582916259766,,2.4418582916259766,2.4418582916259766,,,,
254,1783,,,1.4941198825836182,,1.4941198825836182,1.4941198825836182,,,,
254,1784,,,2.0906264781951904,,2.0906264781951904,2.0906264781951904,,,,
,254,,,,,,,,,3.369633197784424,3.369633197784424
254,1784,,,,,,,3.369633197784424,3.369633197784424,,
254,1784,2.0643417835235596,2.0643417835235596,,2.0643417835235596,,,,,,
255,1785,,,1.8577817678451538,,1.8577817678451538,1.8577817678451538,,,,
255,1786,,,2.9576828479766846,,2.9576828479766846,2.9576828479766846,,,,
255,1787,,,2.0000364780426025,,2.0000364780426025,2.0000364780426025,,,,
255,1788,,,1.4801567792892456,,1.4801567792892456,1.4801567792892456,,,,
255,1789,,,1.5882757902145386,,1.5882757902145386,1.5882757902145386,,,,
255,1790,,,2.4787333011627197,,2.4787333011627197,2.4787333011627197,,,,
255,1791,,,1.9295103549957275,,1.9295103549957275,1.9295103549957275,,,,
,255,,,,,,,,,3.3718154430389404,3.3718154430389404
255,1791,,,,,,,3.3718154430389404,3.3718154430389404,,
255,1791,2.0527424812316895,2.0527424812316895,,2.0527424812316895,,,,,,
256,1792,,,2.115648031234741,,2.115648031234741,2.115648031234741,,,,
256,1793,,,1.9197299480438232,,1.9197299480438232,1.9197299480438232,,,,
256,1794,,,1.5872787237167358,,1.5872787237167358,1.5872787237167358,,,,
256,1795,,,2.157688856124878,,2.157688856124878,2.157688856124878,,,,
256,1796,,,1.8174574375152588,,1.8174574375152588,1.8174574375152588,,,,
256,1797,,,2.4188475608825684,,2.4188475608825684,2.4188475608825684,,,,
256,1798,,,2.6175055503845215,,2.6175055503845215,2.6175055503845215,,,,
,256,,,,,,,,,3.420647144317627,3.420647144317627
256,1798,,,,,,,3.420647144317627,3.420647144317627,,
256,1798,2.038935899734497,2.038935899734497,,2.038935899734497,,,,,,
257,1799,,,1.358590841293335,,1.358590841293335,1.358590841293335,,,,
257,1800,,,1.4165549278259277,,1.4165549278259277,1.4165549278259277,,,,
257,1801,,,2.8505051136016846,,2.8505051136016846,2.8505051136016846,,,,
257,1802,,,2.2855374813079834,,2.2855374813079834,2.2855374813079834,,,,
257,1803,,,2.5395450592041016,,2.5395450592041016,2.5395450592041016,,,,
257,1804,,,1.720735788345337,,1.720735788345337,1.720735788345337,,,,
257,1805,,,1.9835642576217651,,1.9835642576217651,1.9835642576217651,,,,
,257,,,,,,,,,3.41851544380188,3.41851544380188
257,1805,,,,,,,3.41851544380188,3.41851544380188,,
257,1805,2.025930166244507,2.025930166244507,,2.025930166244507,,,,,,
258,1806,,,2.1046178340911865,,2.1046178340911865,2.1046178340911865,,,,
258,1807,,,1.9463841915130615,,1.9463841915130615,1.9463841915130615,,,,
258,1808,,,2.4997472763061523,,2.4997472763061523,2.4997472763061523,,,,
258,1809,,,2.0429279804229736,,2.0429279804229736,2.0429279804229736,,,,
258,1810,,,1.8650012016296387,,1.8650012016296387,1.8650012016296387,,,,
258,1811,,,1.7204532623291016,,1.7204532623291016,1.7204532623291016,,,,
258,1812,,,1.775707721710205,,1.775707721710205,1.775707721710205,,,,
,258,,,,,,,,,3.3902127742767334,3.3902127742767334
258,1812,,,,,,,3.3902127742767334,3.3902127742767334,,
258,1812,2.0149056911468506,2.0149056911468506,,2.0149056911468506,,,,,,
259,1813,,,1.69576096534729,,1.69576096534729,1.69576096534729,,,,
259,1814,,,2.0787887573242188,,2.0787887573242188,2.0787887573242188,,,,
259,1815,,,1.596083402633667,,1.596083402633667,1.596083402633667,,,,
259,1816,,,1.91661536693573,,1.91661536693573,1.91661536693573,,,,
259,1817,,,3.2952728271484375,,3.2952728271484375,3.2952728271484375,,,,
259,1818,,,1.4700120687484741,,1.4700120687484741,1.4700120687484741,,,,
259,1819,,,1.9015332460403442,,1.9015332460403442,1.9015332460403442,,,,
,259,,,,,,,,,3.358931303024292,3.358931303024292
259,1819,,,,,,,3.358931303024292,3.358931303024292,,
259,1819,2.002448320388794,2.002448320388794,,2.002448320388794,,,,,,
260,1820,,,1.3982263803482056,,1.3982263803482056,1.3982263803482056,,,,
260,1821,,,2.27457332611084,,2.27457332611084,2.27457332611084,,,,
260,1822,,,2.681475877761841,,2.681475877761841,2.681475877761841,,,,
260,1823,,,1.9289789199829102,,1.9289789199829102,1.9289789199829102,,,,
260,1824,,,1.6232635974884033,,1.6232635974884033,1.6232635974884033,,,,
260,1825,,,2.2863011360168457,,2.2863011360168457,2.2863011360168457,,,,
260,1826,,,1.3098804950714111,,1.3098804950714111,1.3098804950714111,,,,
,260,,,,,,,,,3.318667411804199,3.318667411804199
260,1826,,,,,,,3.31866717338562,3.31866717338562,,
260,1826,1.9896509647369385,1.9896509647369385,,1.9896509647369385,,,,,,
261,1827,,,2.1985602378845215,,2.1985602378845215,2.1985602378845215,,,,
261,1828,,,2.113661766052246,,2.113661766052246,2.113661766052246,,,,
261,1829,,,1.1884912252426147,,1.1884912252426147,1.1884912252426147,,,,
261,1830,,,1.9035838842391968,,1.9035838842391968,1.9035838842391968,,,,
261,1831,,,2.839972972869873,,2.839972972869873,2.839972972869873,,,,
261,1832,,,1.3705153465270996,,1.3705153465270996,1.3705153465270996,,,,
261,1833,,,2.6208279132843018,,2.6208279132843018,2.6208279132843018,,,,
,261,,,,,,,,,3.326502799987793,3.326502799987793
261,1833,,,,,,,3.326502561569214,3.326502561569214,,
261,1833,1.9760936498641968,1.9760936498641968,,1.9760936498641968,,,,,,
262,1834,,,0.8414963483810425,,0.8414963483810425,0.8414963483810425,,,,
262,1835,,,1.8446578979492188,,1.8446578979492188,1.8446578979492188,,,,
262,1836,,,2.8889877796173096,,2.8889877796173096,2.8889877796173096,,,,
262,1837,,,1.5290478467941284,,1.5290478467941284,1.5290478467941284,,,,
262,1838,,,2.1239466667175293,,2.1239466667175293,2.1239466667175293,,,,
262,1839,,,2.198589563369751,,2.198589563369751,2.198589563369751,,,,
262,1840,,,2.8221254348754883,,2.8221254348754883,2.8221254348754883,,,,
,262,,,,,,,,,3.3038315773010254,3.3038315773010254
262,1840,,,,,,,3.3038315773010254,3.3038315773010254,,
262,1840,1.9584349393844604,1.9584349393844604,,1.9584349393844604,,,,,,
263,1841,,,1.9281591176986694,,1.9281591176986694,1.9281591176986694,,,,
263,1842,,,2.5148279666900635,,2.5148279666900635,2.5148279666900635,,,,
263,1843,,,2.4761950969696045,,2.4761950969696045,2.4761950969696045,,,,
263,1844,,,1.5857651233673096,,1.5857651233673096,1.5857651233673096,,,,
263,1845,,,1.8975425958633423,,1.8975425958633423,1.8975425958633423,,,,
263,1846,,,1.634687900543213,,1.634687900543213,1.634687900543213,,,,
263,1847,,,0.8980832099914551,,0.8980832099914551,0.8980832099914551,,,,
,263,,,,,,,,,3.2932703495025635,3.2932703495025635
263,1847,,,,,,,3.2932703495025635,3.2932703495025635,,
263,1847,1.941013216972351,1.941013216972351,,1.941013216972351,,,,,,
264,1848,,,1.7098993062973022,,1.7098993062973022,1.7098993062973022,,,,
264,1849,,,1.908637285232544,,1.908637285232544,1.908637285232544,,,,
264,1850,,,1.2908140420913696,,1.2908140420913696,1.2908140420913696,,,,
264,1851,,,2.063213586807251,,2.063213586807251,2.063213586807251,,,,
264,1852,,,2.4374287128448486,,2.4374287128448486,2.4374287128448486,,,,
264,1853,,,1.6848530769348145,,1.6848530769348145,1.6848530769348145,,,,
264,1854,,,3.1491944789886475,,3.1491944789886475,3.1491944789886475,,,,
,264,,,,,,,,,3.311216115951538,3.311216115951538
264,1854,,,,,,,3.311216115951538,3.311216115951538,,
264,1854,1.925614595413208,1.925614595413208,,1.925614595413208,,,,,,
265,1855,,,2.0061306953430176,,2.0061306953430176,2.0061306953430176,,,,
265,1856,,,2.2978053092956543,,2.2978053092956543,2.2978053092956543,,,,
265,1857,,,1.7867923974990845,,1.7867923974990845,1.7867923974990845,,,,
265,1858,,,1.602884292602539,,1.602884292602539,1.602884292602539,,,,
265,1859,,,1.992119312286377,,1.992119312286377,1.992119312286377,,,,
265,1860,,,2.168912410736084,,2.168912410736084,2.168912410736084,,,,
265,1861,,,0.9054635167121887,,0.9054635167121887,0.9054635167121887,,,,
,265,,,,,,,,,3.2952005863189697,3.2952005863189697
265,1861,,,,,,,3.2952005863189697,3.2952005863189697,,
265,1861,1.912814736366272,1.912814736366272,,1.912814736366272,,,,,,
266,1862,,,2.171416997909546,,2.171416997909546,2.171416997909546,,,,
266,1863,,,2.16638445854187,,2.16638445854187,2.16638445854187,,,,
266,1864,,,2.260648250579834,,2.260648250579834,2.260648250579834,,,,
266,1865,,,2.0057148933410645,,2.0057148933410645,2.0057148933410645,,,,
266,1866,,,1.124141812324524,,1.124141812324524,1.124141812324524,,,,
266,1867,,,1.9881834983825684,,1.9881834983825684,1.9881834983825684,,,,
266,1868,,,1.0127123594284058,,1.0127123594284058,1.0127123594284058,,,,
,266,,,,,,,,,3.2596099376678467,3.2596099376678467
266,1868,,,,,,,3.2596099376678467,3.2596099376678467,,
266,1868,1.8974521160125732,1.8974521160125732,,1.8974521160125732,,,,,,
267,1869,,,2.125253438949585,,2.125253438949585,2.125253438949585,,,,
267,1870,,,1.4094932079315186,,1.4094932079315186,1.4094932079315186,,,,
267,1871,,,2.1469476222991943,,2.1469476222991943,2.1469476222991943,,,,
267,1872,,,1.2129337787628174,,1.2129337787628174,1.2129337787628174,,,,
267,1873,,,2.611682891845703,,2.611682891845703,2.611682891845703,,,,
267,1874,,,1.6786048412322998,,1.6786048412322998,1.6786048412322998,,,,
267,1875,,,2.181506872177124,,2.181506872177124,2.181506872177124,,,,
,267,,,,,,,,,3.216731071472168,3.216731071472168
267,1875,,,,,,,3.216730833053589,3.216730833053589,,
267,1875,1.8828204870224,1.8828204870224,,1.8828204870224,,,,,,
268,1876,,,2.0965561866760254,,2.0965561866760254,2.0965561866760254,,,,
268,1877,,,2.6704952716827393,,2.6704952716827393,2.6704952716827393,,,,
268,1878,,,1.5376890897750854,,1.5376890897750854,1.5376890897750854,,,,
268,1879,,,1.6539320945739746,,1.6539320945739746,1.6539320945739746,,,,
268,1880,,,1.8984074592590332,,1.8984074592590332,1.8984074592590332,,,,
268,1881,,,1.4656521081924438,,1.4656521081924438,1.4656521081924438,,,,
268,1882,,,1.5825058221817017,,1.5825058221817017,1.5825058221817017,,,,
,268,,,,,,,,,3.1685614585876465,3.1685614585876465
268,1882,,,,,,,3.1685614585876465,3.1685614585876465,,
268,1882,1.8692035675048828,1.8692035675048828,,1.8692035675048828,,,,,,
269,1883,,,1.8968052864074707,,1.8968052864074707,1.8968052864074707,,,,
269,1884,,,1.863919973373413,,1.863919973373413,1.863919973373413,,,,
269,1885,,,2.3486156463623047,,2.3486156463623047,2.3486156463623047,,,,
269,1886,,,1.3318766355514526,,1.3318766355514526,1.3318766355514526,,,,
269,1887,,,1.5501521825790405,,1.5501521825790405,1.5501521825790405,,,,
269,1888,,,1.9846490621566772,,1.9846490621566772,1.9846490621566772,,,,
269,1889,,,2.288806915283203,,2.288806915283203,2.288806915283203,,,,
,269,,,,,,,,,3.150798797607422,3.150798797607422
269,1889,,,,,,,3.150798797607422,3.150798797607422,,
269,1889,1.8563638925552368,1.8563638925552368,,1.8563638925552368,,,,,,
270,1890,,,1.4535679817199707,,1.4535679817199707,1.4535679817199707,,,,
270,1891,,,1.5927588939666748,,1.5927588939666748,1.5927588939666748,,,,
270,1892,,,1.768831729888916,,1.768831729888916,1.768831729888916,,,,
270,1893,,,2.162959337234497,,2.162959337234497,2.162959337234497,,,,
270,1894,,,2.1822662353515625,,2.1822662353515625,2.1822662353515625,,,,
270,1895,,,2.0387635231018066,,2.0387635231018066,2.0387635231018066,,,,
270,1896,,,1.5064663887023926,,1.5064663887023926,1.5064663887023926,,,,
,270,,,,,,,,,3.1393308639526367,3.1393308639526367
270,1896,,,,,,,3.1393306255340576,3.1393306255340576,,
270,1896,1.8453449010849,1.8453449010849,,1.8453449010849,,,,,,
271,1897,,,1.908325433731079,,1.908325433731079,1.908325433731079,,,,
271,1898,,,1.6787478923797607,,1.6787478923797607,1.6787478923797607,,,,
271,1899,,,1.9066118001937866,,1.9066118001937866,1.9066118001937866,,,,
271,1900,,,2.22128963470459,,2.22128963470459,2.22128963470459,,,,
271,1901,,,1.028192162513733,,1.028192162513733,1.028192162513733,,,,
271,1902,,,2.228372097015381,,2.228372097015381,2.228372097015381,,,,
271,1903,,,1.8762279748916626,,1.8762279748916626,1.8762279748916626,,,,
,271,,,,,,,,,3.08432936668396,3.08432936668396
271,1903,,,,,,,3.08432936668396,3.08432936668396,,
271,1903,1.8313920497894287,1.8313920497894287,,1.8313920497894287,,,,,,
272,1904,,,2.327300786972046,,2.327300786972046,2.327300786972046,,,,
272,1905,,,1.1705493927001953,,1.1705493927001953,1.1705493927001953,,,,
272,1906,,,1.9927399158477783,,1.9927399158477783,1.9927399158477783,,,,
272,1907,,,1.5225380659103394,,1.5225380659103394,1.5225380659103394,,,,
272,1908,,,2.1477842330932617,,2.1477842330932617,2.1477842330932617,,,,
272,1909,,,1.7018985748291016,,1.7018985748291016,1.7018985748291016,,,,
272,1910,,,1.9216374158859253,,1.9216374158859253,1.9216374158859253,,,,
,272,,,,,,,,,3.0521340370178223,3.0521340370178223
272,1910,,,,,,,3.0521340370178223,3.0521340370178223,,
272,1910,1.8170078992843628,1.8170078992843628,,1.8170078992843628,,,,,,
273,1911,,,1.1571742296218872,,1.1571742296218872,1.1571742296218872,,,,
273,1912,,,1.88236665725708,,1.88236665725708,1.88236665725708,,,,
273,1913,,,1.843660831451416,,1.843660831451416,1.843660831451416,,,,
273,1914,,,2.2143778800964355,,2.2143778800964355,2.2143778800964355,,,,
273,1915,,,1.7312809228897095,,1.7312809228897095,1.7312809228897095,,,,
273,1916,,,1.8156218528747559,,1.8156218528747559,1.8156218528747559,,,,
273,1917,,,2.3026909828186035,,2.3026909828186035,2.3026909828186035,,,,
,273,,,,,,,,,3.0337295532226562,3.0337295532226562
273,1917,,,,,,,3.0337295532226562,3.0337295532226562,,
273,1917,1.8051750659942627,1.8051750659942627,,1.8051750659942627,,,,,,
274,1918,,,1.3109843730926514,,1.3109843730926514,1.3109843730926514,,,,
274,1919,,,2.4917352199554443,,2.4917352199554443,2.4917352199554443,,,,
274,1920,,,1.332908034324646,,1.332908034324646,1.332908034324646,,,,
274,1921,,,1.6346516609191895,,1.6346516609191895,1.6346516609191895,,,,
274,1922,,,1.3345115184783936,,1.3345115184783936,1.3345115184783936,,,,
274,1923,,,2.3460192680358887,,2.3460192680358887,2.3460192680358887,,,,
274,1924,,,2.6220784187316895,,2.6220784187316895,2.6220784187316895,,,,
,274,,,,,,,,,3.012380361557007,3.012380361557007
274,1924,,,,,,,3.012380361557007,3.012380361557007,,
274,1924,1.793582558631897,1.793582558631897,,1.793582558631897,,,,,,
275,1925,,,1.6577507257461548,,1.6577507257461548,1.6577507257461548,,,,
275,1926,,,1.2513401508331299,,1.2513401508331299,1.2513401508331299,,,,
275,1927,,,1.9078662395477295,,1.9078662395477295,1.9078662395477295,,,,
275,1928,,,1.699421763420105,,1.699421763420105,1.699421763420105,,,,
275,1929,,,1.5014503002166748,,1.5014503002166748,1.5014503002166748,,,,
275,1930,,,2.546050786972046,,2.546050786972046,2.546050786972046,,,,
275,1931,,,2.0875842571258545,,2.0875842571258545,2.0875842571258545,,,,
,275,,,,,,,,,2.9327173233032227,2.9327173233032227
275,1931,,,,,,,2.9327175617218018,2.9327175617218018,,
275,1931,1.7798784971237183,1.7798784971237183,,1.7798784971237183,,,,,,
276,1932,,,1.8618357181549072,,1.8618357181549072,1.8618357181549072,,,,
276,1933,,,2.1298413276672363,,2.1298413276672363,2.1298413276672363,,,,
276,1934,,,1.1287672519683838,,1.1287672519683838,1.1287672519683838,,,,
276,1935,,,2.0848379135131836,,2.0848379135131836,2.0848379135131836,,,,
276,1936,,,1.7494235038757324,,1.7494235038757324,1.7494235038757324,,,,
276,1937,,,1.8467512130737305,,1.8467512130737305,1.8467512130737305,,,,
276,1938,,,1.2021548748016357,,1.2021548748016357,1.2021548748016357,,,,
,276,,,,,,,,,2.8370885848999023,2.8370885848999023
276,1938,,,,,,,2.8370883464813232,2.8370883464813232,,
276,1938,1.765061378479004,1.765061378479004,,1.765061378479004,,,,,,
277,1939,,,2.0448226928710938,,2.0448226928710938,2.0448226928710938,,,,
277,1940,,,1.357191562652588,,1.357191562652588,1.357191562652588,,,,
277,1941,,,1.6409668922424316,,1.6409668922424316,1.6409668922424316,,,,
277,1942,,,2.1928372383117676,,2.1928372383117676,2.1928372383117676,,,,
277,1943,,,2.0442395210266113,,2.0442395210266113,2.0442395210266113,,,,
277,1944,,,1.350136637687683,,1.350136637687683,1.350136637687683,,,,
277,1945,,,1.4685297012329102,,1.4685297012329102,1.4685297012329102,,,,
,277,,,,,,,,,2.766608238220215,2.766608238220215
277,1945,,,,,,,2.7666079998016357,2.7666079998016357,,
277,1945,1.7538655996322632,1.7538655996322632,,1.7538655996322632,,,,,,
278,1946,,,1.8698232173919678,,1.8698232173919678,1.8698232173919678,,,,
278,1947,,,2.00058650970459,,2.00058650970459,2.00058650970459,,,,
278,1948,,,1.2483582496643066,,1.2483582496643066,1.2483582496643066,,,,
278,1949,,,2.206089496612549,,2.206089496612549,2.206089496612549,,,,
278,1950,,,1.4401659965515137,,1.4401659965515137,1.4401659965515137,,,,
278,1951,,,2.0887303352355957,,2.0887303352355957,2.0887303352355957,,,,
278,1952,,,0.6795409917831421,,0.6795409917831421,0.6795409917831421,,,,
,278,,,,,,,,,2.719831705093384,2.719831705093384
278,1952,,,,,,,2.719831705093384,2.719831705093384,,
278,1952,1.7425225973129272,1.7425225973129272,,1.7425225973129272,,,,,,
279,1953,,,1.654390811920166,,1.654390811920166,1.654390811920166,,,,
279,1954,,,1.6423659324645996,,1.6423659324645996,1.6423659324645996,,,,
279,1955,,,1.6903371810913086,,1.6903371810913086,1.6903371810913086,,,,
279,1956,,,1.8908766508102417,,1.8908766508102417,1.8908766508102417,,,,
279,1957,,,2.2378768920898438,,2.2378768920898438,2.2378768920898438,,,,
279,1958,,,1.4032604694366455,,1.4032604694366455,1.4032604694366455,,,,
279,1959,,,1.4010541439056396,,1.4010541439056396,1.4010541439056396,,,,
,279,,,,,,,,,2.7059364318847656,2.7059364318847656
279,1959,,,,,,,2.7059364318847656,2.7059364318847656,,
279,1959,1.7324711084365845,1.7324711084365845,,1.7324711084365845,,,,,,
280,1960,,,1.9823715686798096,,1.9823715686798096,1.9823715686798096,,,,
280,1961,,,2.783921003341675,,2.783921003341675,2.783921003341675,,,,
280,1962,,,1.466025710105896,,1.466025710105896,1.466025710105896,,,,
280,1963,,,1.2514116764068604,,1.2514116764068604,1.2514116764068604,,,,
280,1964,,,1.493527889251709,,1.493527889251709,1.493527889251709,,,,
280,1965,,,1.4558664560317993,,1.4558664560317993,1.4558664560317993,,,,
280,1966,,,1.4753212928771973,,1.4753212928771973,1.4753212928771973,,,,
,280,,,,,,,,,2.709998607635498,2.709998607635498
280,1966,,,,,,,2.709998607635498,2.709998607635498,,
280,1966,1.723352313041687,1.723352313041687,,1.723352313041687,,,,,,
281,1967,,,1.414046049118042,,1.414046049118042,1.414046049118042,,,,
281,1968,,,2.019688367843628,,2.019688367843628,2.019688367843628,,,,
281,1969,,,1.6080412864685059,,1.6080412864685059,1.6080412864685059,,,,
281,1970,,,1.3010141849517822,,1.3010141849517822,1.3010141849517822,,,,
281,1971,,,1.6543197631835938,,1.6543197631835938,1.6543197631835938,,,,
281,1972,,,2.328535795211792,,2.328535795211792,2.328535795211792,,,,
281,1973,,,1.5692353248596191,,1.5692353248596191,1.5692353248596191,,,,
,281,,,,,,,,,2.7337563037872314,2.7337563037872314
281,1973,,,,,,,2.7337563037872314,2.7337563037872314,,
281,1973,1.7120169401168823,1.7120169401168823,,1.7120169401168823,,,,,,
282,1974,,,1.7743089199066162,,1.7743089199066162,1.7743089199066162,,,,
282,1975,,,1.4274095296859741,,1.4274095296859741,1.4274095296859741,,,,
282,1976,,,1.6225090026855469,,1.6225090026855469,1.6225090026855469,,,,
282,1977,,,2.70961594581604,,2.70961594581604,2.70961594581604,,,,
282,1978,,,1.1744946241378784,,1.1744946241378784,1.1744946241378784,,,,
282,1979,,,1.0511220693588257,,1.0511220693588257,1.0511220693588257,,,,
282,1980,,,2.8543472290039062,,2.8543472290039062,2.8543472290039062,,,,
,282,,,,,,,,,2.752326726913452,2.752326726913452
282,1980,,,,,,,2.752326726913452,2.752326726913452,,
282,1980,1.698798418045044,1.698798418045044,,1.698798418045044,,,,,,
283,1981,,,1.9434356689453125,,1.9434356689453125,1.9434356689453125,,,,
283,1982,,,1.676361322402954,,1.676361322402954,1.676361322402954,,,,
283,1983,,,1.1439485549926758,,1.1439485549926758,1.1439485549926758,,,,
283,1984,,,2.0832746028900146,,2.0832746028900146,2.0832746028900146,,,,
283,1985,,,1.462062120437622,,1.462062120437622,1.462062120437622,,,,
283,1986,,,1.8007549047470093,,1.8007549047470093,1.8007549047470093,,,,
283,1987,,,1.6522014141082764,,1.6522014141082764,1.6522014141082764,,,,
,283,,,,,,,,,2.7105185985565186,2.7105185985565186
283,1987,,,,,,,2.7105185985565186,2.7105185985565186,,
283,1987,1.6830450296401978,1.6830450296401978,,1.6830450296401978,,,,,,
284,1988,,,1.3067089319229126,,1.3067089319229126,1.3067089319229126,,,,
284,1989,,,1.2070989608764648,,1.2070989608764648,1.2070989608764648,,,,
284,1990,,,1.563217043876648,,1.563217043876648,1.563217043876648,,,,
284,1991,,,1.5880863666534424,,1.5880863666534424,1.5880863666534424,,,,
284,1992,,,3.020629644393921,,3.020629644393921,3.020629644393921,,,,
284,1993,,,1.57572340965271,,1.57572340965271,1.57572340965271,,,,
284,1994,,,1.0323842763900757,,1.0323842763900757,1.0323842763900757,,,,
,284,,,,,,,,,2.669985055923462,2.669985055923462
284,1994,,,,,,,2.669985055923462,2.669985055923462,,
284,1994,1.670370101928711,1.670370101928711,,1.670370101928711,,,,,,
285,1995,,,0.7083040475845337,,0.7083040475845337,0.7083040475845337,,,,
285,1996,,,1.7095195055007935,,1.7095195055007935,1.7095195055007935,,,,
285,1997,,,2.018089532852173,,2.018089532852173,2.018089532852173,,,,
285,1998,,,1.4022709131240845,,1.4022709131240845,1.4022709131240845,,,,
285,1999,,,2.1076340675354004,,2.1076340675354004,2.1076340675354004,,,,
285,2000,,,2.330557346343994,,2.330557346343994,2.330557346343994,,,,
285,2001,,,0.8243480920791626,,0.8243480920791626,0.8243480920791626,,,,
,285,,,,,,,,,2.6029701232910156,2.6029701232910156
285,2001,,,,,,,2.6029701232910156,2.6029701232910156,,
285,2001,1.6604714393615723,1.6604714393615723,,1.6604714393615723,,,,,,
286,2002,,,1.3943533897399902,,1.3943533897399902,1.3943533897399902,,,,
286,2003,,,1.6680762767791748,,1.6680762767791748,1.6680762767791748,,,,
286,2004,,,1.6393535137176514,,1.6393535137176514,1.6393535137176514,,,,
286,2005,,,1.3082761764526367,,1.3082761764526367,1.3082761764526367,,,,
286,2006,,,1.7256686687469482,,1.7256686687469482,1.7256686687469482,,,,
286,2007,,,1.890411615371704,,1.890411615371704,1.890411615371704,,,,
286,2008,,,2.4042630195617676,,2.4042630195617676,2.4042630195617676,,,,
,286,,,,,,,,,2.5848960876464844,2.5848960876464844
286,2008,,,,,,,2.5848960876464844,2.5848960876464844,,
286,2008,1.6514099836349487,1.6514099836349487,,1.6514099836349487,,,,,,
287,2009,,,0.9916282892227173,,0.9916282892227173,0.9916282892227173,,,,
287,2010,,,1.5413622856140137,,1.5413622856140137,1.5413622856140137,,,,
287,2011,,,1.9369291067123413,,1.9369291067123413,1.9369291067123413,,,,
287,2012,,,1.6070685386657715,,1.6070685386657715,1.6070685386657715,,,,
287,2013,,,3.082204580307007,,3.082204580307007,3.082204580307007,,,,
287,2014,,,0.9238941073417664,,0.9238941073417664,0.9238941073417664,,,,
287,2015,,,1.070876955986023,,1.070876955986023,1.070876955986023,,,,
,287,,,,,,,,,2.5766708850860596,2.5766708850860596
287,2015,,,,,,,2.5766708850860596,2.5766708850860596,,
287,2015,1.6446534395217896,1.6446534395217896,,1.6446534395217896,,,,,,
288,2016,,,1.5602853298187256,,1.5602853298187256,1.5602853298187256,,,,
288,2017,,,1.424033284187317,,1.424033284187317,1.424033284187317,,,,
288,2018,,,1.450808048248291,,1.450808048248291,1.450808048248291,,,,
288,2019,,,1.540077805519104,,1.540077805519104,1.540077805519104,,,,
288,2020,,,1.7883503437042236,,1.7883503437042236,1.7883503437042236,,,,
288,2021,,,1.8628830909729004,,1.8628830909729004,1.8628830909729004,,,,
288,2022,,,2.0659501552581787,,2.0659501552581787,2.0659501552581787,,,,
,288,,,,,,,,,2.6023921966552734,2.6023921966552734
288,2022,,,,,,,2.6023921966552734,2.6023921966552734,,
288,2022,1.6315560340881348,1.6315560340881348,,1.6315560340881348,,,,,,
289,2023,,,1.6162046194076538,,1.6162046194076538,1.6162046194076538,,,,
289,2024,,,1.927941918373108,,1.927941918373108,1.927941918373108,,,,
289,2025,,,1.8219443559646606,,1.8219443559646606,1.8219443559646606,,,,
289,2026,,,1.5957585573196411,,1.5957585573196411,1.5957585573196411,,,,
289,2027,,,0.9322344064712524,,0.9322344064712524,0.9322344064712524,,,,
289,2028,,,1.4980939626693726,,1.4980939626693726,1.4980939626693726,,,,
289,2029,,,2.5377895832061768,,2.5377895832061768,2.5377895832061768,,,,
,289,,,,,,,,,2.615628719329834,2.615628719329834
289,2029,,,,,,,2.615628719329834,2.615628719329834,,
289,2029,1.6225645542144775,1.6225645542144775,,1.6225645542144775,,,,,,
290,2030,,,1.542116403579712,,1.542116403579712,1.542116403579712,,,,
290,2031,,,2.3636367321014404,,2.3636367321014404,2.3636367321014404,,,,
290,2032,,,0.7941436767578125,,0.7941436767578125,0.7941436767578125,,,,
290,2033,,,1.2367620468139648,,1.2367620468139648,1.2367620468139648,,,,
290,2034,,,2.634232521057129,,2.634232521057129,2.634232521057129,,,,
290,2035,,,1.3862812519073486,,1.3862812519073486,1.3862812519073486,,,,
290,2036,,,0.8918673992156982,,0.8918673992156982,0.8918673992156982,,,,
,290,,,,,,,,,2.6203064918518066,2.6203064918518066
290,2036,,,,,,,2.6203064918518066,2.6203064918518066,,
290,2036,1.6143722534179688,1.6143722534179688,,1.6143722534179688,,,,,,
291,2037,,,1.4749858379364014,,1.4749858379364014,1.4749858379364014,,,,
291,2038,,,1.1427325010299683,,1.1427325010299683,1.1427325010299683,,,,
291,2039,,,1.6951841115951538,,1.6951841115951538,1.6951841115951538,,,,
291,2040,,,1.670690655708313,,1.670690655708313,1.670690655708313,,,,
291,2041,,,1.6817984580993652,,1.6817984580993652,1.6817984580993652,,,,
291,2042,,,1.5527667999267578,,1.5527667999267578,1.5527667999267578,,,,
291,2043,,,2.699162721633911,,2.699162721633911,2.699162721633911,,,,
,291,,,,,,,,,2.616025447845459,2.616025447845459
291,2043,,,,,,,2.616025447845459,2.616025447845459,,
291,2043,1.604759931564331,1.604759931564331,,1.604759931564331,,,,,,
292,2044,,,1.306954264640808,,1.306954264640808,1.306954264640808,,,,
292,2045,,,1.4090012311935425,,1.4090012311935425,1.4090012311935425,,,,
292,2046,,,1.733363389968872,,1.733363389968872,1.733363389968872,,,,
292,2047,,,1.0926215648651123,,1.0926215648651123,1.0926215648651123,,,,
292,2048,,,1.4282175302505493,,1.4282175302505493,1.4282175302505493,,,,
292,2049,,,2.2574172019958496,,2.2574172019958496,2.2574172019958496,,,,
292,2050,,,2.4893906116485596,,2.4893906116485596,2.4893906116485596,,,,
,292,,,,,,,,,2.630979537963867,2.630979537963867
292,2050,,,,,,,2.630979537963867,2.630979537963867,,
292,2050,1.5938974618911743,1.5938974618911743,,1.5938974618911743,,,,,,
293,2051,,,1.4230732917785645,,1.4230732917785645,1.4230732917785645,,,,
293,2052,,,1.803650975227356,,1.803650975227356,1.803650975227356,,,,
293,2053,,,1.3525336980819702,,1.3525336980819702,1.3525336980819702,,,,
293,2054,,,1.9071375131607056,,1.9071375131607056,1.9071375131607056,,,,
293,2055,,,1.46143639087677,,1.46143639087677,1.46143639087677,,,,
293,2056,,,1.3543355464935303,,1.3543355464935303,1.3543355464935303,,,,
293,2057,,,2.1293535232543945,,2.1293535232543945,2.1293535232543945,,,,
,293,,,,,,,,,2.662797451019287,2.662797451019287
293,2057,,,,,,,2.662797451019287,2.662797451019287,,
293,2057,1.58441960811615,1.58441960811615,,1.58441960811615,,,,,,
294,2058,,,1.6321808099746704,,1.6321808099746704,1.6321808099746704,,,,
294,2059,,,1.5360522270202637,,1.5360522270202637,1.5360522270202637,,,,
294,2060,,,2.668849229812622,,2.668849229812622,2.668849229812622,,,,
294,2061,,,1.030308723449707,,1.030308723449707,1.030308723449707,,,,
294,2062,,,1.1710134744644165,,1.1710134744644165,1.1710134744644165,,,,
294,2063,,,1.3454952239990234,,1.3454952239990234,1.3454952239990234,,,,
294,2064,,,1.7340691089630127,,1.7340691089630127,1.7340691089630127,,,,
,294,,,,,,,,,2.636730432510376,2.636730432510376
294,2064,,,,,,,2.636730432510376,2.636730432510376,,
294,2064,1.5739883184432983,1.5739883184432983,,1.5739883184432983,,,,,,
295,2065,,,1.622563123703003,,1.622563123703003,1.622563123703003,,,,
295,2066,,,1.9809255599975586,,1.9809255599975586,1.9809255599975586,,,,
295,2067,,,1.5308223962783813,,1.5308223962783813,1.5308223962783813,,,,
295,2068,,,1.4491918087005615,,1.4491918087005615,1.4491918087005615,,,,
295,2069,,,1.5654664039611816,,1.5654664039611816,1.5654664039611816,,,,
295,2070,,,1.2557587623596191,,1.2557587623596191,1.2557587623596191,,,,
295,2071,,,1.521066427230835,,1.521066427230835,1.521066427230835,,,,
,295,,,,,,,,,2.6178603172302246,2.6178603172302246
295,2071,,,,,,,2.6178603172302246,2.6178603172302246,,
295,2071,1.5647259950637817,1.5647259950637817,,1.5647259950637817,,,,,,
296,2072,,,1.0557142496109009,,1.0557142496109009,1.0557142496109009,,,,
296,2073,,,1.5229218006134033,,1.5229218006134033,1.5229218006134033,,,,
296,2074,,,1.9584240913391113,,1.9584240913391113,1.9584240913391113,,,,
296,2075,,,2.292553186416626,,2.292553186416626,2.292553186416626,,,,
296,2076,,,1.2969088554382324,,1.2969088554382324,1.2969088554382324,,,,
296,2077,,,1.361484169960022,,1.361484169960022,1.361484169960022,,,,
296,2078,,,1.1258646249771118,,1.1258646249771118,1.1258646249771118,,,,
,296,,,,,,,,,2.593844413757324,2.593844413757324
296,2078,,,,,,,2.593844175338745,2.593844175338745,,
296,2078,1.554542064666748,1.554542064666748,,1.554542064666748,,,,,,
297,2079,,,1.4363653659820557,,1.4363653659820557,1.4363653659820557,,,,
297,2080,,,1.7010748386383057,,1.7010748386383057,1.7010748386383057,,,,
297,2081,,,1.9027801752090454,,1.9027801752090454,1.9027801752090454,,,,
297,2082,,,1.57657790184021,,1.57657790184021,1.57657790184021,,,,
297,2083,,,1.4076601266860962,,1.4076601266860962,1.4076601266860962,,,,
297,2084,,,1.3154722452163696,,1.3154722452163696,1.3154722452163696,,,,
297,2085,,,1.3850102424621582,,1.3850102424621582,1.3850102424621582,,,,
,297,,,,,,,,,2.558021068572998,2.558021068572998
297,2085,,,,,,,2.558021068572998,2.558021068572998,,
297,2085,1.5465584993362427,1.5465584993362427,,1.5465584993362427,,,,,,
298,2086,,,1.3757625818252563,,1.3757625818252563,1.3757625818252563,,,,
298,2087,,,1.3235440254211426,,1.3235440254211426,1.3235440254211426,,,,
298,2088,,,2.4107885360717773,,2.4107885360717773,2.4107885360717773,,,,
298,2089,,,1.3045717477798462,,1.3045717477798462,1.3045717477798462,,,,
298,2090,,,1.7566264867782593,,1.7566264867782593,1.7566264867782593,,,,
298,2091,,,1.297029733657837,,1.297029733657837,1.297029733657837,,,,
298,2092,,,0.8791660070419312,,0.8791660070419312,0.8791660070419312,,,,
,298,,,,,,,,,2.5241408348083496,2.5241408348083496
298,2092,,,,,,,2.5241408348083496,2.5241408348083496,,
298,2092,1.536942720413208,1.536942720413208,,1.536942720413208,,,,,,
299,2093,,,2.26043963432312,,2.26043963432312,2.26043963432312,,,,
299,2094,,,1.4464768171310425,,1.4464768171310425,1.4464768171310425,,,,
299,2095,,,1.0041964054107666,,1.0041964054107666,1.0041964054107666,,,,
299,2096,,,1.48539137840271,,1.48539137840271,1.48539137840271,,,,
299,2097,,,2.06720232963562,,2.06720232963562,2.06720232963562,,,,
299,2098,,,0.9517917037010193,,0.9517917037010193,0.9517917037010193,,,,
299,2099,,,1.42439866065979,,1.42439866065979,1.42439866065979,,,,
,299,,,,,,,,,2.4486708641052246,2.4486708641052246
299,2099,,,,,,,2.4486708641052246,2.4486708641052246,,
299,2099,1.529356598854065,1.529356598854065,,1.529356598854065,,,,,,
300,2100,,,0.8728228211402893,,0.8728228211402893,0.8728228211402893,,,,
300,2101,,,1.096083164215088,,1.096083164215088,1.096083164215088,,,,
300,2102,,,1.872458815574646,,1.872458815574646,1.872458815574646,,,,
300,2103,,,1.5661489963531494,,1.5661489963531494,1.5661489963531494,,,,
300,2104,,,2.1072185039520264,,2.1072185039520264,2.1072185039520264,,,,
300,2105,,,1.783251166343689,,1.783251166343689,1.783251166343689,,,,
300,2106,,,1.0197571516036987,,1.0197571516036987,1.0197571516036987,,,,
,300,,,,,,,,,2.3854877948760986,2.3854877948760986
300,2106,,,,,,,2.3854877948760986,2.3854877948760986,,
300,2106,1.5184929370880127,1.5184929370880127,,1.5184929370880127,,,,,,
301,2107,,,1.6523292064666748,,1.6523292064666748,1.6523292064666748,,,,
301,2108,,,1.5893280506134033,,1.5893280506134033,1.5893280506134033,,,,
301,2109,,,1.8686861991882324,,1.8686861991882324,1.8686861991882324,,,,
301,2110,,,1.3411327600479126,,1.3411327600479126,1.3411327600479126,,,,
301,2111,,,1.6017812490463257,,1.6017812490463257,1.6017812490463257,,,,
301,2112,,,1.1276485919952393,,1.1276485919952393,1.1276485919952393,,,,
301,2113,,,1.196319580078125,,1.196319580078125,1.196319580078125,,,,
,301,,,,,,,,,2.353490114212036,2.353490114212036
301,2113,,,,,,,2.353490114212036,2.353490114212036,,
301,2113,1.5105137825012207,1.5105137825012207,,1.5105137825012207,,,,,,
302,2114,,,1.5545563697814941,,1.5545563697814941,1.5545563697814941,,,,
302,2115,,,1.809470295906067,,1.809470295906067,1.809470295906067,,,,
302,2116,,,1.2145910263061523,,1.2145910263061523,1.2145910263061523,,,,
302,2117,,,1.9243093729019165,,1.9243093729019165,1.9243093729019165,,,,
302,2118,,,1.2080740928649902,,1.2080740928649902,1.2080740928649902,,,,
302,2119,,,1.262461543083191,,1.262461543083191,1.262461543083191,,,,
302,2120,,,1.5620570182800293,,1.5620570182800293,1.5620570182800293,,,,
,302,,,,,,,,,2.308255672454834,2.308255672454834
302,2120,,,,,,,2.308255672454834,2.308255672454834,,
302,2120,1.4994876384735107,1.4994876384735107,,1.4994876384735107,,,,,,
303,2121,,,1.0305286645889282,,1.0305286645889282,1.0305286645889282,,,,
303,2122,,,1.8425546884536743,,1.8425546884536743,1.8425546884536743,,,,
303,2123,,,1.3036187887191772,,1.3036187887191772,1.3036187887191772,,,,
303,2124,,,2.44897723197937,,2.44897723197937,2.44897723197937,,,,
303,2125,,,1.2550325393676758,,1.2550325393676758,1.2550325393676758,,,,
303,2126,,,1.1176564693450928,,1.1176564693450928,1.1176564693450928,,,,
303,2127,,,1.3320252895355225,,1.3320252895355225,1.3320252895355225,,,,
,303,,,,,,,,,2.2697038650512695,2.2697038650512695
303,2127,,,,,,,2.2697038650512695,2.2697038650512695,,
303,2127,1.4898632764816284,1.4898632764816284,,1.4898632764816284,,,,,,
304,2128,,,1.6362582445144653,,1.6362582445144653,1.6362582445144653,,,,
304,2129,,,1.356787085533142,,1.356787085533142,1.356787085533142,,,,
304,2130,,,0.6807961463928223,,0.6807961463928223,0.6807961463928223,,,,
304,2131,,,1.8104978799819946,,1.8104978799819946,1.8104978799819946,,,,
304,2132,,,1.9893043041229248,,1.9893043041229248,1.9893043041229248,,,,
304,2133,,,1.5854002237319946,,1.5854002237319946,1.5854002237319946,,,,
304,2134,,,1.0080294609069824,,1.0080294609069824,1.0080294609069824,,,,
,304,,,,,,,,,2.233114719390869,2.233114719390869
304,2134,,,,,,,2.233114719390869,2.233114719390869,,
304,2134,1.480322241783142,1.480322241783142,,1.480322241783142,,,,,,
305,2135,,,1.6539324522018433,,1.6539324522018433,1.6539324522018433,,,,
305,2136,,,1.8878577947616577,,1.8878577947616577,1.8878577947616577,,,,
305,2137,,,1.6720435619354248,,1.6720435619354248,1.6720435619354248,,,,
305,2138,,,1.4333503246307373,,1.4333503246307373,1.4333503246307373,,,,
305,2139,,,1.2946107387542725,,1.2946107387542725,1.2946107387542725,,,,
305,2140,,,0.9273909330368042,,0.9273909330368042,0.9273909330368042,,,,
305,2141,,,1.354653000831604,,1.354653000831604,1.354653000831604,,,,
,305,,,,,,,,,2.2154314517974854,2.2154314517974854
305,2141,,,,,,,2.2154314517974854,2.2154314517974854,,
305,2141,1.4709303379058838,1.4709303379058838,,1.4709303379058838,,,,,,
306,2142,,,0.9891877174377441,,0.9891877174377441,0.9891877174377441,,,,
306,2143,,,1.6890790462493896,,1.6890790462493896,1.6890790462493896,,,,
306,2144,,,2.065282106399536,,2.065282106399536,2.065282106399536,,,,
306,2145,,,1.7584775686264038,,1.7584775686264038,1.7584775686264038,,,,
306,2146,,,0.8075859546661377,,0.8075859546661377,0.8075859546661377,,,,
306,2147,,,1.5290346145629883,,1.5290346145629883,1.5290346145629883,,,,
306,2148,,,1.272789716720581,,1.272789716720581,1.272789716720581,,,,
,306,,,,,,,,,2.186347723007202,2.186347723007202
306,2148,,,,,,,2.186347723007202,2.186347723007202,,
306,2148,1.4613243341445923,1.4613243341445923,,1.4613243341445923,,,,,,
307,2149,,,1.4966826438903809,,1.4966826438903809,1.4966826438903809,,,,
307,2150,,,1.8295536041259766,,1.8295536041259766,1.8295536041259766,,,,
307,2151,,,1.5309137105941772,,1.5309137105941772,1.5309137105941772,,,,
307,2152,,,1.5229096412658691,,1.5229096412658691,1.5229096412658691,,,,
307,2153,,,0.8271268010139465,,0.8271268010139465,0.8271268010139465,,,,
307,2154,,,1.185585618019104,,1.185585618019104,1.185585618019104,,,,
307,2155,,,2.334379196166992,,2.334379196166992,2.334379196166992,,,,
,307,,,,,,,,,2.2004554271698,2.2004554271698
307,2155,,,,,,,2.2004554271698,2.2004554271698,,
307,2155,1.4538297653198242,1.4538297653198242,,1.4538297653198242,,,,,,
308,2156,,,1.509544014930725,,1.509544014930725,1.509544014930725,,,,
308,2157,,,1.7559728622436523,,1.7559728622436523,1.7559728622436523,,,,
308,2158,,,1.0318162441253662,,1.0318162441253662,1.0318162441253662,,,,
308,2159,,,1.922655463218689,,1.922655463218689,1.922655463218689,,,,
308,2160,,,1.0258320569992065,,1.0258320569992065,1.0258320569992065,,,,
308,2161,,,1.325049638748169,,1.325049638748169,1.325049638748169,,,,
308,2162,,,1.6693192720413208,,1.6693192720413208,1.6693192720413208,,,,
,308,,,,,,,,,2.212751865386963,2.212751865386963
308,2162,,,,,,,2.212751865386963,2.212751865386963,,
308,2162,1.44264554977417,1.44264554977417,,1.44264554977417,,,,,,
309,2163,,,1.8379307985305786,,1.8379307985305786,1.8379307985305786,,,,
309,2164,,,1.619856357574463,,1.619856357574463,1.619856357574463,,,,
309,2165,,,1.1733527183532715,,1.1733527183532715,1.1733527183532715,,,,
309,2166,,,1.8218222856521606,,1.8218222856521606,1.8218222856521606,,,,
309,2167,,,1.00794517993927,,1.00794517993927,1.00794517993927,,,,
309,2168,,,1.3219860792160034,,1.3219860792160034,1.3219860792160034,,,,
309,2169,,,0.9650790691375732,,0.9650790691375732,0.9650790691375732,,,,
,309,,,,,,,,,2.2046899795532227,2.2046899795532227
309,2169,,,,,,,2.2046899795532227,2.2046899795532227,,
309,2169,1.4344781637191772,1.4344781637191772,,1.4344781637191772,,,,,,
310,2170,,,1.258773684501648,,1.258773684501648,1.258773684501648,,,,
310,2171,,,2.3420979976654053,,2.3420979976654053,2.3420979976654053,,,,
310,2172,,,1.3777670860290527,,1.3777670860290527,1.3777670860290527,,,,
310,2173,,,1.1432816982269287,,1.1432816982269287,1.1432816982269287,,,,
310,2174,,,1.030144453048706,,1.030144453048706,1.030144453048706,,,,
310,2175,,,1.621974229812622,,1.621974229812622,1.621974229812622,,,,
310,2176,,,0.8579562306404114,,0.8579562306404114,0.8579562306404114,,,,
,310,,,,,,,,,2.184377908706665,2.184377908706665
310,2176,,,,,,,2.184377908706665,2.184377908706665,,
310,2176,1.4267878532409668,1.4267878532409668,,1.4267878532409668,,,,,,
311,2177,,,1.4579585790634155,,1.4579585790634155,1.4579585790634155,,,,
311,2178,,,2.251094102859497,,2.251094102859497,2.251094102859497,,,,
311,2179,,,1.0178227424621582,,1.0178227424621582,1.0178227424621582,,,,
311,2180,,,0.8559619784355164,,0.8559619784355164,0.8559619784355164,,,,
311,2181,,,1.583126187324524,,1.583126187324524,1.583126187324524,,,,
311,2182,,,1.5667749643325806,,1.5667749643325806,1.5667749643325806,,,,
311,2183,,,0.8172833919525146,,0.8172833919525146,0.8172833919525146,,,,
,311,,,,,,,,,2.146360158920288,2.146360158920288
311,2183,,,,,,,2.146360158920288,2.146360158920288,,
311,2183,1.4179168939590454,1.4179168939590454,,1.4179168939590454,,,,,,
312,2184,,,1.3744921684265137,,1.3744921684265137,1.3744921684265137,,,,
312,2185,,,1.9810453653335571,,1.9810453653335571,1.9810453653335571,,,,
312,2186,,,1.4016104936599731,,1.4016104936599731,1.4016104936599731,,,,
312,2187,,,1.654057502746582,,1.654057502746582,1.654057502746582,,,,
312,2188,,,1.5267235040664673,,1.5267235040664673,1.5267235040664673,,,,
312,2189,,,0.7222609519958496,,0.7222609519958496,0.7222609519958496,,,,
312,2190,,,0.7477152347564697,,0.7477152347564697,0.7477152347564697,,,,
,312,,,,,,,,,2.1383352279663086,2.1383352279663086
312,2190,,,,,,,2.1383352279663086,2.1383352279663086,,
312,2190,1.4024444818496704,1.4024444818496704,,1.4024444818496704,,,,,,
313,2191,,,1.4900892972946167,,1.4900892972946167,1.4900892972946167,,,,
313,2192,,,1.2113144397735596,,1.2113144397735596,1.2113144397735596,,,,
313,2193,,,1.3325152397155762,,1.3325152397155762,1.3325152397155762,,,,
313,2194,,,1.1120997667312622,,1.1120997667312622,1.1120997667312622,,,,
313,2195,,,1.6796022653579712,,1.6796022653579712,1.6796022653579712,,,,
313,2196,,,1.5165650844573975,,1.5165650844573975,1.5165650844573975,,,,
313,2197,,,1.4056183099746704,,1.4056183099746704,1.4056183099746704,,,,
,313,,,,,,,,,2.125863790512085,2.125863790512085
313,2197,,,,,,,2.125863790512085,2.125863790512085,,
313,2197,1.3912616968154907,1.3912616968154907,,1.3912616968154907,,,,,,
314,2198,,,1.5408157110214233,,1.5408157110214233,1.5408157110214233,,,,
314,2199,,,1.2520560026168823,,1.2520560026168823,1.2520560026168823,,,,
314,2200,,,1.2014716863632202,,1.2014716863632202,1.2014716863632202,,,,
314,2201,,,2.043578863143921,,2.043578863143921,2.043578863143921,,,,
314,2202,,,1.0720491409301758,,1.0720491409301758,1.0720491409301758,,,,
314,2203,,,1.4490395784378052,,1.4490395784378052,1.4490395784378052,,,,
314,2204,,,0.6633976697921753,,0.6633976697921753,0.6633976697921753,,,,
,314,,,,,,,,,2.111954927444458,2.111954927444458
314,2204,,,,,,,2.111954927444458,2.111954927444458,,
314,2204,1.3816133737564087,1.3816133737564087,,1.3816133737564087,,,,,,
315,2205,,,1.9682097434997559,,1.9682097434997559,1.9682097434997559,,,,
315,2206,,,1.4446806907653809,,1.4446806907653809,1.4446806907653809,,,,
315,2207,,,1.2623883485794067,,1.2623883485794067,1.2623883485794067,,,,
315,2208,,,0.8805814385414124,,0.8805814385414124,0.8805814385414124,,,,
315,2209,,,1.146664023399353,,1.146664023399353,1.146664023399353,,,,
315,2210,,,1.4640010595321655,,1.4640010595321655,1.4640010595321655,,,,
315,2211,,,1.544094204902649,,1.544094204902649,1.544094204902649,,,,
,315,,,,,,,,,2.0985045433044434,2.0985045433044434
315,2211,,,,,,,2.0985045433044434,2.0985045433044434,,
315,2211,1.3718526363372803,1.3718526363372803,,1.3718526363372803,,,,,,
316,2212,,,1.281758189201355,,1.281758189201355,1.281758189201355,,,,
316,2213,,,1.4272735118865967,,1.4272735118865967,1.4272735118865967,,,,
316,2214,,,1.2961424589157104,,1.2961424589157104,1.2961424589157104,,,,
316,2215,,,1.4828330278396606,,1.4828330278396606,1.4828330278396606,,,,
316,2216,,,1.668678879737854,,1.668678879737854,1.668678879737854,,,,
316,2217,,,1.357149600982666,,1.357149600982666,1.357149600982666,,,,
316,2218,,,0.4738323390483856,,0.4738323390483856,0.4738323390483856,,,,
,316,,,,,,,,,2.071530818939209,2.071530818939209
316,2218,,,,,,,2.071530818939209,2.071530818939209,,
316,2218,1.3633761405944824,1.3633761405944824,,1.3633761405944824,,,,,,
317,2219,,,0.7104644775390625,,0.7104644775390625,0.7104644775390625,,,,
317,2220,,,1.4574981927871704,,1.4574981927871704,1.4574981927871704,,,,
317,2221,,,1.3511769771575928,,1.3511769771575928,1.3511769771575928,,,,
317,2222,,,1.861938714981079,,1.861938714981079,1.861938714981079,,,,
317,2223,,,1.2288283109664917,,1.2288283109664917,1.2288283109664917,,,,
317,2224,,,1.4431424140930176,,1.4431424140930176,1.4431424140930176,,,,
317,2225,,,1.5685278177261353,,1.5685278177261353,1.5685278177261353,,,,
,317,,,,,,,,,2.0688183307647705,2.0688183307647705
317,2225,,,,,,,2.0688183307647705,2.0688183307647705,,
317,2225,1.355489730834961,1.355489730834961,,1.355489730834961,,,,,,
318,2226,,,1.570009469985962,,1.570009469985962,1.570009469985962,,,,
318,2227,,,1.0309556722640991,,1.0309556722640991,1.0309556722640991,,,,
318,2228,,,1.1385595798492432,,1.1385595798492432,1.1385595798492432,,,,
318,2229,,,1.2464936971664429,,1.2464936971664429,1.2464936971664429,,,,
318,2230,,,1.9085925817489624,,1.9085925817489624,1.9085925817489624,,,,
318,2231,,,1.24028742313385,,1.24028742313385,1.24028742313385,,,,
318,2232,,,1.2353099584579468,,1.2353099584579468,1.2353099584579468,,,,
,318,,,,,,,,,2.0738749504089355,2.0738749504089355
318,2232,,,,,,,2.0738749504089355,2.0738749504089355,,
318,2232,1.348727822303772,1.348727822303772,,1.348727822303772,,,,,,
319,2233,,,1.4153434038162231,,1.4153434038162231,1.4153434038162231,,,,
319,2234,,,1.7078346014022827,,1.7078346014022827,1.7078346014022827,,,,
319,2235,,,1.7693856954574585,,1.7693856954574585,1.7693856954574585,,,,
319,2236,,,0.8598424196243286,,0.8598424196243286,0.8598424196243286,,,,
319,2237,,,0.8398151993751526,,0.8398151993751526,0.8398151993751526,,,,
319,2238,,,1.2264268398284912,,1.2264268398284912,1.2264268398284912,,,,
319,2239,,,1.9396107196807861,,1.9396107196807861,1.9396107196807861,,,,
,319,,,,,,,,,2.076521635055542,2.076521635055542
319,2239,,,,,,,2.076521635055542,2.076521635055542,,
319,2239,1.340549349784851,1.340549349784851,,1.340549349784851,,,,,,
320,2240,,,1.7766004800796509,,1.7766004800796509,1.7766004800796509,,,,
320,2241,,,2.0789268016815186,,2.0789268016815186,2.0789268016815186,,,,
320,2242,,,0.9986334443092346,,0.9986334443092346,0.9986334443092346,,,,
320,2243,,,1.2039258480072021,,1.2039258480072021,1.2039258480072021,,,,
320,2244,,,1.3379688262939453,,1.3379688262939453,1.3379688262939453,,,,
320,2245,,,0.9177490472793579,,0.9177490472793579,0.9177490472793579,,,,
320,2246,,,0.4968333840370178,,0.4968333840370178,0.4968333840370178,,,,
,320,,,,,,,,,2.05294132232666,2.05294132232666
320,2246,,,,,,,2.05294132232666,2.05294132232666,,
320,2246,1.333351731300354,1.333351731300354,,1.333351731300354,,,,,,
321,2247,,,0.8931973576545715,,0.8931973576545715,0.8931973576545715,,,,
321,2248,,,0.9714446067810059,,0.9714446067810059,0.9714446067810059,,,,
321,2249,,,1.2352831363677979,,1.2352831363677979,1.2352831363677979,,,,
321,2250,,,0.8350863456726074,,0.8350863456726074,0.8350863456726074,,,,
321,2251,,,1.793061375617981,,1.793061375617981,1.793061375617981,,,,
321,2252,,,2.345008134841919,,2.345008134841919,2.345008134841919,,,,
321,2253,,,1.023699402809143,,1.023699402809143,1.023699402809143,,,,
,321,,,,,,,,,2.01153826713562,2.01153826713562
321,2253,,,,,,,2.01153826713562,2.01153826713562,,
321,2253,1.3265832662582397,1.3265832662582397,,1.3265832662582397,,,,,,
322,2254,,,0.9380618333816528,,0.9380618333816528,0.9380618333816528,,,,
322,2255,,,1.0685430765151978,,1.0685430765151978,1.0685430765151978,,,,
322,2256,,,1.2691401243209839,,1.2691401243209839,1.2691401243209839,,,,
322,2257,,,1.710432529449463,,1.710432529449463,1.710432529449463,,,,
322,2258,,,1.5077316761016846,,1.5077316761016846,1.5077316761016846,,,,
322,2259,,,1.3723853826522827,,1.3723853826522827,1.3723853826522827,,,,
322,2260,,,1.470072627067566,,1.470072627067566,1.470072627067566,,,,
,322,,,,,,,,,1.9748300313949585,1.9748300313949585
322,2260,,,,,,,1.9748300313949585,1.9748300313949585,,
322,2260,1.3204034566879272,1.3204034566879272,,1.3204034566879272,,,,,,
323,2261,,,1.3826110363006592,,1.3826110363006592,1.3826110363006592,,,,
323,2262,,,1.5317559242248535,,1.5317559242248535,1.5317559242248535,,,,
323,2263,,,1.13978111743927,,1.13978111743927,1.13978111743927,,,,
323,2264,,,1.6549897193908691,,1.6549897193908691,1.6549897193908691,,,,
323,2265,,,1.2301005125045776,,1.2301005125045776,1.2301005125045776,,,,
323,2266,,,1.0798850059509277,,1.0798850059509277,1.0798850059509277,,,,
323,2267,,,0.9427229762077332,,0.9427229762077332,0.9427229762077332,,,,
,323,,,,,,,,,1.9293173551559448,1.9293173551559448
323,2267,,,,,,,1.9293173551559448,1.9293173551559448,,
323,2267,1.3133560419082642,1.3133560419082642,,1.3133560419082642,,,,,,
324,2268,,,1.8799066543579102,,1.8799066543579102,1.8799066543579102,,,,
324,2269,,,1.585693597793579,,1.585693597793579,1.585693597793579,,,,
324,2270,,,0.9324256777763367,,0.9324256777763367,0.9324256777763367,,,,
324,2271,,,1.3297899961471558,,1.3297899961471558,1.3297899961471558,,,,
324,2272,,,0.8572874069213867,,0.8572874069213867,0.8572874069213867,,,,
324,2273,,,1.4159287214279175,,1.4159287214279175,1.4159287214279175,,,,
324,2274,,,0.8326649069786072,,0.8326649069786072,0.8326649069786072,,,,
,324,,,,,,,,,1.9176790714263916,1.9176790714263916
324,2274,,,,,,,1.9176790714263916,1.9176790714263916,,
324,2274,1.3040441274642944,1.3040441274642944,,1.3040441274642944,,,,,,
325,2275,,,1.777677297592163,,1.777677297592163,1.777677297592163,,,,
325,2276,,,1.2702043056488037,,1.2702043056488037,1.2702043056488037,,,,
325,2277,,,1.3508672714233398,,1.3508672714233398,1.3508672714233398,,,,
325,2278,,,1.4147886037826538,,1.4147886037826538,1.4147886037826538,,,,
325,2279,,,0.8078286647796631,,0.8078286647796631,0.8078286647796631,,,,
325,2280,,,1.1213079690933228,,1.1213079690933228,1.1213079690933228,,,,
325,2281,,,1.3699955940246582,,1.3699955940246582,1.3699955940246582,,,,
,325,,,,,,,,,1.9255478382110596,1.9255478382110596
325,2281,,,,,,,1.9255478382110596,1.9255478382110596,,
325,2281,1.295125126838684,1.295125126838684,,1.295125126838684,,,,,,
326,2282,,,1.0292458534240723,,1.0292458534240723,1.0292458534240723,,,,
326,2283,,,1.2510005235671997,,1.2510005235671997,1.2510005235671997,,,,
326,2284,,,1.6489531993865967,,1.6489531993865967,1.6489531993865967,,,,
326,2285,,,1.0804084539413452,,1.0804084539413452,1.0804084539413452,,,,
326,2286,,,0.9509349465370178,,0.9509349465370178,0.9509349465370178,,,,
326,2287,,,1.394467830657959,,1.394467830657959,1.394467830657959,,,,
326,2288,,,2.273773670196533,,2.273773670196533,2.273773670196533,,,,
,326,,,,,,,,,1.9175143241882324,1.9175143241882324
326,2288,,,,,,,1.9175142049789429,1.9175142049789429,,
326,2288,1.2874785661697388,1.2874785661697388,,1.2874785661697388,,,,,,
327,2289,,,0.9314773082733154,,0.9314773082733154,0.9314773082733154,,,,
327,2290,,,1.2714300155639648,,1.2714300155639648,1.2714300155639648,,,,
327,2291,,,1.2696784734725952,,1.2696784734725952,1.2696784734725952,,,,
327,2292,,,1.1200790405273438,,1.1200790405273438,1.1200790405273438,,,,
327,2293,,,1.6582731008529663,,1.6582731008529663,1.6582731008529663,,,,
327,2294,,,1.742887258529663,,1.742887258529663,1.742887258529663,,,,
327,2295,,,0.46330273151397705,,0.46330273151397705,0.46330273151397705,,,,
,327,,,,,,,,,1.895715355873108,1.895715355873108
327,2295,,,,,,,1.895715355873108,1.895715355873108,,
327,2295,1.2811864614486694,1.2811864614486694,,1.2811864614486694,,,,,,
328,2296,,,1.2280737161636353,,1.2280737161636353,1.2280737161636353,,,,
328,2297,,,0.9699316620826721,,0.9699316620826721,0.9699316620826721,,,,
328,2298,,,1.7547436952590942,,1.7547436952590942,1.7547436952590942,,,,
328,2299,,,0.7425667643547058,,0.7425667643547058,0.7425667643547058,,,,
328,2300,,,1.4704471826553345,,1.4704471826553345,1.4704471826553345,,,,
328,2301,,,1.3370413780212402,,1.3370413780212402,1.3370413780212402,,,,
328,2302,,,1.6797951459884644,,1.6797951459884644,1.6797951459884644,,,,
,328,,,,,,,,,1.9000028371810913,1.9000028371810913
328,2302,,,,,,,1.9000028371810913,1.9000028371810913,,
328,2302,1.2757220268249512,1.2757220268249512,,1.2757220268249512,,,,,,
329,2303,,,1.3375340700149536,,1.3375340700149536,1.3375340700149536,,,,
329,2304,,,1.6123725175857544,,1.6123725175857544,1.6123725175857544,,,,
329,2305,,,1.1615650653839111,,1.1615650653839111,1.1615650653839111,,,,
329,2306,,,0.7352835536003113,,0.7352835536003113,0.7352835536003113,,,,
329,2307,,,1.4473283290863037,,1.4473283290863037,1.4473283290863037,,,,
329,2308,,,1.2176852226257324,,1.2176852226257324,1.2176852226257324,,,,
329,2309,,,1.5349006652832031,,1.5349006652832031,1.5349006652832031,,,,
,329,,,,,,,,,1.89577317237854,1.89577317237854
329,2309,,,,,,,1.89577317237854,1.89577317237854,,
329,2309,1.2686049938201904,1.2686049938201904,,1.2686049938201904,,,,,,
330,2310,,,1.7391239404678345,,1.7391239404678345,1.7391239404678345,,,,
330,2311,,,1.4606181383132935,,1.4606181383132935,1.4606181383132935,,,,
330,2312,,,0.9251840114593506,,0.9251840114593506,0.9251840114593506,,,,
330,2313,,,1.2151143550872803,,1.2151143550872803,1.2151143550872803,,,,
330,2314,,,1.2233917713165283,,1.2233917713165283,1.2233917713165283,,,,
330,2315,,,0.905743420124054,,0.905743420124054,0.905743420124054,,,,
330,2316,,,1.5367103815078735,,1.5367103815078735,1.5367103815078735,,,,
,330,,,,,,,,,1.9007335901260376,1.9007335901260376
330,2316,,,,,,,1.9007335901260376,1.9007335901260376,,
330,2316,1.262030005455017,1.262030005455017,,1.262030005455017,,,,,,
331,2317,,,1.1897587776184082,,1.1897587776184082,1.1897587776184082,,,,
331,2318,,,1.8798528909683228,,1.8798528909683228,1.8798528909683228,,,,
331,2319,,,1.0606564283370972,,1.0606564283370972,1.0606564283370972,,,,
331,2320,,,1.458469033241272,,1.458469033241272,1.458469033241272,,,,
331,2321,,,1.0360053777694702,,1.0360053777694702,1.0360053777694702,,,,
331,2322,,,0.9433100819587708,,0.9433100819587708,0.9433100819587708,,,,
331,2323,,,1.1718852519989014,,1.1718852519989014,1.1718852519989014,,,,
,331,,,,,,,,,1.8688058853149414,1.8688058853149414
331,2323,,,,,,,1.8688058853149414,1.8688058853149414,,
331,2323,1.2560800313949585,1.2560800313949585,,1.2560800313949585,,,,,,
332,2324,,,1.960658073425293,,1.960658073425293,1.960658073425293,,,,
332,2325,,,0.7114253640174866,,0.7114253640174866,0.7114253640174866,,,,
332,2326,,,2.0766243934631348,,2.0766243934631348,2.0766243934631348,,,,
332,2327,,,0.844180166721344,,0.844180166721344,0.844180166721344,,,,
332,2328,,,1.0733308792114258,,1.0733308792114258,1.0733308792114258,,,,
332,2329,,,1.2043368816375732,,1.2043368816375732,1.2043368816375732,,,,
332,2330,,,0.2830135226249695,,0.2830135226249695,0.2830135226249695,,,,
,332,,,,,,,,,1.8404287099838257,1.8404287099838257
332,2330,,,,,,,1.8404287099838257,1.8404287099838257,,
332,2330,1.2512449026107788,1.2512449026107788,,1.2512449026107788,,,,,,
333,2331,,,0.4193804860115051,,0.4193804860115051,0.4193804860115051,,,,
333,2332,,,1.1845115423202515,,1.1845115423202515,1.1845115423202515,,,,
333,2333,,,1.177017092704773,,1.177017092704773,1.177017092704773,,,,
333,2334,,,0.9710937738418579,,0.9710937738418579,0.9710937738418579,,,,
333,2335,,,2.0705387592315674,,2.0705387592315674,2.0705387592315674,,,,
333,2336,,,1.6266289949417114,,1.6266289949417114,1.6266289949417114,,,,
333,2337,,,1.2741425037384033,,1.2741425037384033,1.2741425037384033,,,,
,333,,,,,,,,,1.8317638635635376,1.8317638635635376
333,2337,,,,,,,1.8317638635635376,1.8317638635635376,,
333,2337,1.2434468269348145,1.2434468269348145,,1.2434468269348145,,,,,,
334,2338,,,1.2466517686843872,,1.2466517686843872,1.2466517686843872,,,,
334,2339,,,1.321304440498352,,1.321304440498352,1.321304440498352,,,,
334,2340,,,1.4886994361877441,,1.4886994361877441,1.4886994361877441,,,,
334,2341,,,1.1163454055786133,,1.1163454055786133,1.1163454055786133,,,,
334,2342,,,1.2739980220794678,,1.2739980220794678,1.2739980220794678,,,,
334,2343,,,1.0779703855514526,,1.0779703855514526,1.0779703855514526,,,,
334,2344,,,0.9719264507293701,,0.9719264507293701,0.9719264507293701,,,,
,334,,,,,,,,,1.8192168474197388,1.8192168474197388
334,2344,,,,,,,1.8192168474197388,1.8192168474197388,,
334,2344,1.2375595569610596,1.2375595569610596,,1.2375595569610596,,,,,,
335,2345,,,1.4231363534927368,,1.4231363534927368,1.4231363534927368,,,,
335,2346,,,0.9446120858192444,,0.9446120858192444,0.9446120858192444,,,,
335,2347,,,0.8419259786605835,,0.8419259786605835,0.8419259786605835,,,,
335,2348,,,1.1917475461959839,,1.1917475461959839,1.1917475461959839,,,,
335,2349,,,2.157698631286621,,2.157698631286621,2.157698631286621,,,,
335,2350,,,0.7904386520385742,,0.7904386520385742,0.7904386520385742,,,,
335,2351,,,1.3231894969940186,,1.3231894969940186,1.3231894969940186,,,,
,335,,,,,,,,,1.8051782846450806,1.8051782846450806
335,2351,,,,,,,1.8051782846450806,1.8051782846450806,,
335,2351,1.230706810951233,1.230706810951233,,1.230706810951233,,,,,,
336,2352,,,1.3669164180755615,,1.3669164180755615,1.3669164180755615,,,,
336,2353,,,0.7785165309906006,,0.7785165309906006,0.7785165309906006,,,,
336,2354,,,1.3214905261993408,,1.3214905261993408,1.3214905261993408,,,,
336,2355,,,0.9702049493789673,,0.9702049493789673,0.9702049493789673,,,,
336,2356,,,1.1760188341140747,,1.1760188341140747,1.1760188341140747,,,,
336,2357,,,1.832351803779602,,1.832351803779602,1.832351803779602,,,,
336,2358,,,0.9766038060188293,,0.9766038060188293,0.9766038060188293,,,,
,336,,,,,,,,,1.7875094413757324,1.7875094413757324
336,2358,,,,,,,1.7875093221664429,1.7875093221664429,,
336,2358,1.2253687381744385,1.2253687381744385,,1.2253687381744385,,,,,,
337,2359,,,1.1015115976333618,,1.1015115976333618,1.1015115976333618,,,,
337,2360,,,1.0556221008300781,,1.0556221008300781,1.0556221008300781,,,,
337,2361,,,1.1736000776290894,,1.1736000776290894,1.1736000776290894,,,,
337,2362,,,2.0966200828552246,,2.0966200828552246,2.0966200828552246,,,,
337,2363,,,0.6595499515533447,,0.6595499515533447,0.6595499515533447,,,,
337,2364,,,0.9308720827102661,,0.9308720827102661,0.9308720827102661,,,,
337,2365,,,1.995545506477356,,1.995545506477356,1.995545506477356,,,,
,337,,,,,,,,,1.78235924243927,1.78235924243927
337,2365,,,,,,,1.78235924243927,1.78235924243927,,
337,2365,1.218212604522705,1.218212604522705,,1.218212604522705,,,,,,
338,2366,,,1.1865545511245728,,1.1865545511245728,1.1865545511245728,,,,
338,2367,,,1.684287190437317,,1.684287190437317,1.684287190437317,,,,
338,2368,,,1.355120062828064,,1.355120062828064,1.355120062828064,,,,
338,2369,,,0.9119451642036438,,0.9119451642036438,0.9119451642036438,,,,
338,2370,,,0.7662637233734131,,0.7662637233734131,0.7662637233734131,,,,
338,2371,,,1.417158603668213,,1.417158603668213,1.417158603668213,,,,
338,2372,,,1.0691020488739014,,1.0691020488739014,1.0691020488739014,,,,
,338,,,,,,,,,1.7625415325164795,1.7625415325164795
338,2372,,,,,,,1.7625415325164795,1.7625415325164795,,
338,2372,1.2113322019577026,1.2113322019577026,,1.2113322019577026,,,,,,
339,2373,,,1.0842647552490234,,1.0842647552490234,1.0842647552490234,,,,
339,2374,,,2.2738373279571533,,2.2738373279571533,2.2738373279571533,,,,
339,2375,,,0.7149200439453125,,0.7149200439453125,0.7149200439453125,,,,
339,2376,,,1.2983126640319824,,1.2983126640319824,1.2983126640319824,,,,
339,2377,,,0.7566630840301514,,0.7566630840301514,0.7566630840301514,,,,
339,2378,,,1.2030715942382812,,1.2030715942382812,1.2030715942382812,,,,
339,2379,,,0.9382038712501526,,0.9382038712501526,0.9382038712501526,,,,
,339,,,,,,,,,1.7429414987564087,1.7429414987564087
339,2379,,,,,,,1.7429414987564087,1.7429414987564087,,
339,2379,1.205160140991211,1.205160140991211,,1.205160140991211,,,,,,
340,2380,,,0.8671104311943054,,0.8671104311943054,0.8671104311943054,,,,
340,2381,,,1.3456448316574097,,1.3456448316574097,1.3456448316574097,,,,
340,2382,,,1.014383316040039,,1.014383316040039,1.014383316040039,,,,
340,2383,,,1.3190665245056152,,1.3190665245056152,1.3190665245056152,,,,
340,2384,,,1.6143782138824463,,1.6143782138824463,1.6143782138824463,,,,
340,2385,,,0.9731972217559814,,0.9731972217559814,0.9731972217559814,,,,
340,2386,,,1.4010852575302124,,1.4010852575302124,1.4010852575302124,,,,
,340,,,,,,,,,1.7474567890167236,1.7474567890167236
340,2386,,,,,,,1.7474567890167236,1.7474567890167236,,
340,2386,1.2014411687850952,1.2014411687850952,,1.2014411687850952,,,,,,
341,2387,,,1.5344759225845337,,1.5344759225845337,1.5344759225845337,,,,
341,2388,,,1.4070311784744263,,1.4070311784744263,1.4070311784744263,,,,
341,2389,,,0.5988810658454895,,0.5988810658454895,0.5988810658454895,,,,
341,2390,,,1.6255872249603271,,1.6255872249603271,1.6255872249603271,,,,
341,2391,,,0.7893437743186951,,0.7893437743186951,0.7893437743186951,,,,
341,2392,,,0.9460583329200745,,0.9460583329200745,0.9460583329200745,,,,
341,2393,,,1.9164862632751465,,1.9164862632751465,1.9164862632751465,,,,
,341,,,,,,,,,1.7545870542526245,1.7545870542526245
341,2393,,,,,,,1.7545870542526245,1.7545870542526245,,
341,2393,1.1953035593032837,1.1953035593032837,,1.1953035593032837,,,,,,
342,2394,,,0.9019708633422852,,0.9019708633422852,0.9019708633422852,,,,
342,2395,,,1.3723585605621338,,1.3723585605621338,1.3723585605621338,,,,
342,2396,,,1.5432565212249756,,1.5432565212249756,1.5432565212249756,,,,
342,2397,,,1.0903021097183228,,1.0903021097183228,1.0903021097183228,,,,
342,2398,,,1.1757150888442993,,1.1757150888442993,1.1757150888442993,,,,
342,2399,,,1.124539852142334,,1.124539852142334,1.124539852142334,,,,
342,2400,,,0.9813227653503418,,0.9813227653503418,0.9813227653503418,,,,
,342,,,,,,,,,1.730381727218628,1.730381727218628
342,2400,,,,,,,1.730381727218628,1.730381727218628,,
342,2400,1.1884139776229858,1.1884139776229858,,1.1884139776229858,,,,,,
343,2401,,,1.0915307998657227,,1.0915307998657227,1.0915307998657227,,,,
343,2402,,,1.2699089050292969,,1.2699089050292969,1.2699089050292969,,,,
343,2403,,,1.5613263845443726,,1.5613263845443726,1.5613263845443726,,,,
343,2404,,,0.9738098382949829,,0.9738098382949829,0.9738098382949829,,,,
343,2405,,,1.1298673152923584,,1.1298673152923584,1.1298673152923584,,,,
343,2406,,,0.9136310815811157,,0.9136310815811157,0.9136310815811157,,,,
343,2407,,,1.6102511882781982,,1.6102511882781982,1.6102511882781982,,,,
,343,,,,,,,,,1.7136849164962769,1.7136849164962769
343,2407,,,,,,,1.7136849164962769,1.7136849164962769,,
343,2407,1.1833597421646118,1.1833597421646118,,1.1833597421646118,,,,,,
344,2408,,,1.6038089990615845,,1.6038089990615845,1.6038089990615845,,,,
344,2409,,,1.442102074623108,,1.442102074623108,1.442102074623108,,,,
344,2410,,,1.1057769060134888,,1.1057769060134888,1.1057769060134888,,,,
344,2411,,,1.1233904361724854,,1.1233904361724854,1.1233904361724854,,,,
344,2412,,,0.7558684945106506,,0.7558684945106506,0.7558684945106506,,,,
344,2413,,,1.2572803497314453,,1.2572803497314453,1.2572803497314453,,,,
344,2414,,,0.6020364165306091,,0.6020364165306091,0.6020364165306091,,,,
,344,,,,,,,,,1.706017255783081,1.706017255783081
344,2414,,,,,,,1.706017255783081,1.706017255783081,,
344,2414,1.178665280342102,1.178665280342102,,1.178665280342102,,,,,,
345,2415,,,1.3607569932937622,,1.3607569932937622,1.3607569932937622,,,,
345,2416,,,1.3428823947906494,,1.3428823947906494,1.3428823947906494,,,,
345,2417,,,1.4992321729660034,,1.4992321729660034,1.4992321729660034,,,,
345,2418,,,0.5928782820701599,,0.5928782820701599,0.5928782820701599,,,,
345,2419,,,0.7217689156532288,,0.7217689156532288,0.7217689156532288,,,,
345,2420,,,1.7217023372650146,,1.7217023372650146,1.7217023372650146,,,,
345,2421,,,0.6267206072807312,,0.6267206072807312,0.6267206072807312,,,,
,345,,,,,,,,,1.6854413747787476,1.6854413747787476
345,2421,,,,,,,1.6854413747787476,1.6854413747787476,,
345,2421,1.1724300384521484,1.1724300384521484,,1.1724300384521484,,,,,,
346,2422,,,1.573439121246338,,1.573439121246338,1.573439121246338,,,,
346,2423,,,1.3559160232543945,,1.3559160232543945,1.3559160232543945,,,,
346,2424,,,1.253537893295288,,1.253537893295288,1.253537893295288,,,,
346,2425,,,0.9074287414550781,,0.9074287414550781,0.9074287414550781,,,,
346,2426,,,1.1035287380218506,,1.1035287380218506,1.1035287380218506,,,,
346,2427,,,0.8909735083580017,,0.8909735083580017,0.8909735083580017,,,,
346,2428,,,0.9328036308288574,,0.9328036308288574,0.9328036308288574,,,,
,346,,,,,,,,,1.6535331010818481,1.6535331010818481
346,2428,,,,,,,1.6535331010818481,1.6535331010818481,,
346,2428,1.1662157773971558,1.1662157773971558,,1.1662157773971558,,,,,,
347,2429,,,1.8017483949661255,,1.8017483949661255,1.8017483949661255,,,,
347,2430,,,1.339930772781372,,1.339930772781372,1.339930772781372,,,,
347,2431,,,0.8270266652107239,,0.8270266652107239,0.8270266652107239,,,,
347,2432,,,1.1434149742126465,,1.1434149742126465,1.1434149742126465,,,,
347,2433,,,0.751835286617279,,0.751835286617279,0.751835286617279,,,,
347,2434,,,1.3282499313354492,,1.3282499313354492,1.3282499313354492,,,,
347,2435,,,0.5487058162689209,,0.5487058162689209,0.5487058162689209,,,,
,347,,,,,,,,,1.6427862644195557,1.6427862644195557
347,2435,,,,,,,1.6427862644195557,1.6427862644195557,,
347,2435,1.160465955734253,1.160465955734253,,1.160465955734253,,,,,,
348,2436,,,1.0263948440551758,,1.0263948440551758,1.0263948440551758,,,,
348,2437,,,0.7756664156913757,,0.7756664156913757,0.7756664156913757,,,,
348,2438,,,1.1098072528839111,,1.1098072528839111,1.1098072528839111,,,,
348,2439,,,1.4836387634277344,,1.4836387634277344,1.4836387634277344,,,,
348,2440,,,0.8123841285705566,,0.8123841285705566,0.8123841285705566,,,,
348,2441,,,1.1897392272949219,,1.1897392272949219,1.1897392272949219,,,,
348,2442,,,2.5375709533691406,,2.5375709533691406,2.5375709533691406,,,,
,348,,,,,,,,,1.6469322443008423,1.6469322443008423
348,2442,,,,,,,1.6469322443008423,1.6469322443008423,,
348,2442,1.1528187990188599,1.1528187990188599,,1.1528187990188599,,,,,,
349,2443,,,0.8621328473091125,,0.8621328473091125,0.8621328473091125,,,,
349,2444,,,1.7500519752502441,,1.7500519752502441,1.7500519752502441,,,,
349,2445,,,1.097032904624939,,1.097032904624939,1.097032904624939,,,,
349,2446,,,1.1403663158416748,,1.1403663158416748,1.1403663158416748,,,,
349,2447,,,0.9248951077461243,,0.9248951077461243,0.9248951077461243,,,,
349,2448,,,1.1194965839385986,,1.1194965839385986,1.1194965839385986,,,,
349,2449,,,1.1123396158218384,,1.1123396158218384,1.1123396158218384,,,,
,349,,,,,,,,,1.6455178260803223,1.6455178260803223
349,2449,,,,,,,1.6455179452896118,1.6455179452896118,,
349,2449,1.1468396186828613,1.1468396186828613,,1.1468396186828613,,,,,,
350,2450,,,1.0899938344955444,,1.0899938344955444,1.0899938344955444,,,,
350,2451,,,1.4192789793014526,,1.4192789793014526,1.4192789793014526,,,,
350,2452,,,1.19803786277771,,1.19803786277771,1.19803786277771,,,,
350,2453,,,0.8548762202262878,,0.8548762202262878,0.8548762202262878,,,,
350,2454,,,0.979333221912384,,0.979333221912384,0.979333221912384,,,,
350,2455,,,1.0240081548690796,,1.0240081548690796,1.0240081548690796,,,,
350,2456,,,1.9112231731414795,,1.9112231731414795,1.9112231731414795,,,,
,350,,,,,,,,,1.6303744316101074,1.6303744316101074
350,2456,,,,,,,1.6303743124008179,1.6303743124008179,,
350,2456,1.142311692237854,1.142311692237854,,1.142311692237854,,,,,,
351,2457,,,1.742170810699463,,1.742170810699463,1.742170810699463,,,,
351,2458,,,0.7757710218429565,,0.7757710218429565,0.7757710218429565,,,,
351,2459,,,1.022188663482666,,1.022188663482666,1.022188663482666,,,,
351,2460,,,1.1930785179138184,,1.1930785179138184,1.1930785179138184,,,,
351,2461,,,0.9561075568199158,,0.9561075568199158,0.9561075568199158,,,,
351,2462,,,1.071351408958435,,1.071351408958435,1.071351408958435,,,,
351,2463,,,1.2894446849822998,,1.2894446849822998,1.2894446849822998,,,,
,351,,,,,,,,,1.6209715604782104,1.6209715604782104
351,2463,,,,,,,1.6209715604782104,1.6209715604782104,,
351,2463,1.136346697807312,1.136346697807312,,1.136346697807312,,,,,,
352,2464,,,1.703687071800232,,1.703687071800232,1.703687071800232,,,,
352,2465,,,1.063485026359558,,1.063485026359558,1.063485026359558,,,,
352,2466,,,1.466873049736023,,1.466873049736023,1.466873049736023,,,,
352,2467,,,0.9959971904754639,,0.9959971904754639,0.9959971904754639,,,,
352,2468,,,0.8315346240997314,,0.8315346240997314,0.8315346240997314,,,,
352,2469,,,0.7676077485084534,,0.7676077485084534,0.7676077485084534,,,,
352,2470,,,1.0169049501419067,,1.0169049501419067,1.0169049501419067,,,,
,352,,,,,,,,,1.6310063600540161,1.6310063600540161
352,2470,,,,,,,1.6310063600540161,1.6310063600540161,,
352,2470,1.131062626838684,1.131062626838684,,1.131062626838684,,,,,,
353,2471,,,1.1602765321731567,,1.1602765321731567,1.1602765321731567,,,,
353,2472,,,0.9300726652145386,,0.9300726652145386,0.9300726652145386,,,,
353,2473,,,1.1729017496109009,,1.1729017496109009,1.1729017496109009,,,,
353,2474,,,1.2311869859695435,,1.2311869859695435,1.2311869859695435,,,,
353,2475,,,0.9337064623832703,,0.9337064623832703,0.9337064623832703,,,,
353,2476,,,1.3925532102584839,,1.3925532102584839,1.3925532102584839,,,,
353,2477,,,0.9550015926361084,,0.9550015926361084,0.9550015926361084,,,,
,353,,,,,,,,,1.6321743726730347,1.6321743726730347
353,2477,,,,,,,1.6321743726730347,1.6321743726730347,,
353,2477,1.1260899305343628,1.1260899305343628,,1.1260899305343628,,,,,,
354,2478,,,0.924066424369812,,0.924066424369812,0.924066424369812,,,,
354,2479,,,1.5568838119506836,,1.5568838119506836,1.5568838119506836,,,,
354,2480,,,1.2872517108917236,,1.2872517108917236,1.2872517108917236,,,,
354,2481,,,0.7525044083595276,,0.7525044083595276,0.7525044083595276,,,,
354,2482,,,1.100508451461792,,1.100508451461792,1.100508451461792,,,,
354,2483,,,1.3521102666854858,,1.3521102666854858,1.3521102666854858,,,,
354,2484,,,0.4654672145843506,,0.4654672145843506,0.4654672145843506,,,,
,354,,,,,,,,,1.6236686706542969,1.6236686706542969
354,2484,,,,,,,1.6236686706542969,1.6236686706542969,,
354,2484,1.1212353706359863,1.1212353706359863,,1.1212353706359863,,,,,,
355,2485,,,0.8883447647094727,,0.8883447647094727,0.8883447647094727,,,,
355,2486,,,0.9798048734664917,,0.9798048734664917,0.9798048734664917,,,,
355,2487,,,1.6670591831207275,,1.6670591831207275,1.6670591831207275,,,,
355,2488,,,0.8457810878753662,,0.8457810878753662,0.8457810878753662,,,,
355,2489,,,1.2936747074127197,,1.2936747074127197,1.2936747074127197,,,,
355,2490,,,1.2054250240325928,,1.2054250240325928,1.2054250240325928,,,,
355,2491,,,0.6386948823928833,,0.6386948823928833,0.6386948823928833,,,,
,355,,,,,,,,,1.6127859354019165,1.6127859354019165
355,2491,,,,,,,1.6127859354019165,1.6127859354019165,,
355,2491,1.11680006980896,1.11680006980896,,1.11680006980896,,,,,,
356,2492,,,0.7617892026901245,,0.7617892026901245,0.7617892026901245,,,,
356,2493,,,1.1355607509613037,,1.1355607509613037,1.1355607509613037,,,,
356,2494,,,0.8618423938751221,,0.8618423938751221,0.8618423938751221,,,,
356,2495,,,1.6445623636245728,,1.6445623636245728,1.6445623636245728,,,,
356,2496,,,0.8858084082603455,,0.8858084082603455,0.8858084082603455,,,,
356,2497,,,1.4972467422485352,,1.4972467422485352,1.4972467422485352,,,,
356,2498,,,0.8130645751953125,,0.8130645751953125,0.8130645751953125,,,,
,356,,,,,,,,,1.5933079719543457,1.5933079719543457
356,2498,,,,,,,1.5933080911636353,1.5933080911636353,,
356,2498,1.1124249696731567,1.1124249696731567,,1.1124249696731567,,,,,,
357,2499,,,0.6252701878547668,,0.6252701878547668,0.6252701878547668,,,,
357,2500,,,1.0456562042236328,,1.0456562042236328,1.0456562042236328,,,,
357,2501,,,1.0251319408416748,,1.0251319408416748,1.0251319408416748,,,,
357,2502,,,1.1858655214309692,,1.1858655214309692,1.1858655214309692,,,,
357,2503,,,1.291460633277893,,1.291460633277893,1.291460633277893,,,,
357,2504,,,1.0781173706054688,,1.0781173706054688,1.0781173706054688,,,,
357,2505,,,2.1418182849884033,,2.1418182849884033,2.1418182849884033,,,,
,357,,,,,,,,,1.5848172903060913,1.5848172903060913
357,2505,,,,,,,1.5848172903060913,1.5848172903060913,,
357,2505,1.1066170930862427,1.1066170930862427,,1.1066170930862427,,,,,,
358,2506,,,0.6545625329017639,,0.6545625329017639,0.6545625329017639,,,,
358,2507,,,1.2981306314468384,,1.2981306314468384,1.2981306314468384,,,,
358,2508,,,0.7370901703834534,,0.7370901703834534,0.7370901703834534,,,,
358,2509,,,1.3748008012771606,,1.3748008012771606,1.3748008012771606,,,,
358,2510,,,1.1787984371185303,,1.1787984371185303,1.1787984371185303,,,,
358,2511,,,0.854086697101593,,0.854086697101593,0.854086697101593,,,,
358,2512,,,2.430304765701294,,2.430304765701294,2.430304765701294,,,,
,358,,,,,,,,,1.5750720500946045,1.5750720500946045
358,2512,,,,,,,1.5750720500946045,1.5750720500946045,,
358,2512,1.099424958229065,1.099424958229065,,1.099424958229065,,,,,,
359,2513,,,0.7674273252487183,,0.7674273252487183,0.7674273252487183,,,,
359,2514,,,1.25149667263031,,1.25149667263031,1.25149667263031,,,,
359,2515,,,0.875303328037262,,0.875303328037262,0.875303328037262,,,,
359,2516,,,1.2105712890625,,1.2105712890625,1.2105712890625,,,,
359,2517,,,1.2073160409927368,,1.2073160409927368,1.2073160409927368,,,,
359,2518,,,1.1584607362747192,,1.1584607362747192,1.1584607362747192,,,,
359,2519,,,1.3153822422027588,,1.3153822422027588,1.3153822422027588,,,,
,359,,,,,,,,,1.5838321447372437,1.5838321447372437
359,2519,,,,,,,1.5838321447372437,1.5838321447372437,,
359,2519,1.0923675298690796,1.0923675298690796,,1.0923675298690796,,,,,,
360,2520,,,1.3118760585784912,,1.3118760585784912,1.3118760585784912,,,,
360,2521,,,1.6280626058578491,,1.6280626058578491,1.6280626058578491,,,,
360,2522,,,0.8381469249725342,,0.8381469249725342,0.8381469249725342,,,,
360,2523,,,0.8872556686401367,,0.8872556686401367,0.8872556686401367,,,,
360,2524,,,0.8172134160995483,,0.8172134160995483,0.8172134160995483,,,,
360,2525,,,1.199972152709961,,1.199972152709961,1.199972152709961,,,,
360,2526,,,0.6340460181236267,,0.6340460181236267,0.6340460181236267,,,,
,360,,,,,,,,,1.5844216346740723,1.5844216346740723
360,2526,,,,,,,1.5844217538833618,1.5844217538833618,,
360,2526,1.0855363607406616,1.0855363607406616,,1.0855363607406616,,,,,,
361,2527,,,1.6279568672180176,,1.6279568672180176,1.6279568672180176,,,,
361,2528,,,1.1462446451187134,,1.1462446451187134,1.1462446451187134,,,,
361,2529,,,0.6548430323600769,,0.6548430323600769,0.6548430323600769,,,,
361,2530,,,0.9998511672019958,,0.9998511672019958,0.9998511672019958,,,,
361,2531,,,0.8411665558815002,,0.8411665558815002,0.8411665558815002,,,,
361,2532,,,1.402799129486084,,1.402799129486084,1.402799129486084,,,,
361,2533,,,0.6004213094711304,,0.6004213094711304,0.6004213094711304,,,,
,361,,,,,,,,,1.5876455307006836,1.5876455307006836
361,2533,,,,,,,1.5876455307006836,1.5876455307006836,,
361,2533,1.0820422172546387,1.0820422172546387,,1.0820422172546387,,,,,,
362,2534,,,0.8104590773582458,,0.8104590773582458,0.8104590773582458,,,,
362,2535,,,1.3198100328445435,,1.3198100328445435,1.3198100328445435,,,,
362,2536,,,0.8624924421310425,,0.8624924421310425,0.8624924421310425,,,,
362,2537,,,1.6190011501312256,,1.6190011501312256,1.6190011501312256,,,,
362,2538,,,0.6152371764183044,,0.6152371764183044,0.6152371764183044,,,,
362,2539,,,1.2763499021530151,,1.2763499021530151,1.2763499021530151,,,,
362,2540,,,0.9482346773147583,,0.9482346773147583,0.9482346773147583,,,,
,362,,,,,,,,,1.5649181604385376,1.5649181604385376
362,2540,,,,,,,1.5649181604385376,1.5649181604385376,,
362,2540,1.0759118795394897,1.0759118795394897,,1.0759118795394897,,,,,,
363,2541,,,1.5551882982254028,,1.5551882982254028,1.5551882982254028,,,,
363,2542,,,1.0467114448547363,,1.0467114448547363,1.0467114448547363,,,,
363,2543,,,0.8139152526855469,,0.8139152526855469,0.8139152526855469,,,,
363,2544,,,1.1296844482421875,,1.1296844482421875,1.1296844482421875,,,,
363,2545,,,0.81920325756073,,0.81920325756073,0.81920325756073,,,,
363,2546,,,1.1334733963012695,,1.1334733963012695,1.1334733963012695,,,,
363,2547,,,0.8695535063743591,,0.8695535063743591,0.8695535063743591,,,,
,363,,,,,,,,,1.5411720275878906,1.5411720275878906
363,2547,,,,,,,1.5411720275878906,1.5411720275878906,,
363,2547,1.070472002029419,1.070472002029419,,1.070472002029419,,,,,,
364,2548,,,1.114829421043396,,1.114829421043396,1.114829421043396,,,,
364,2549,,,0.5726076364517212,,0.5726076364517212,0.5726076364517212,,,,
364,2550,,,1.1549500226974487,,1.1549500226974487,1.1549500226974487,,,,
364,2551,,,1.6152304410934448,,1.6152304410934448,1.6152304410934448,,,,
364,2552,,,0.8891364336013794,,0.8891364336013794,0.8891364336013794,,,,
364,2553,,,1.1550263166427612,,1.1550263166427612,1.1550263166427612,,,,
364,2554,,,0.7764801979064941,,0.7764801979064941,0.7764801979064941,,,,
,364,,,,,,,,,1.5190495252609253,1.5190495252609253
364,2554,,,,,,,1.5190495252609253,1.5190495252609253,,
364,2554,1.0655624866485596,1.0655624866485596,,1.0655624866485596,,,,,,
365,2555,,,0.6104992032051086,,0.6104992032051086,0.6104992032051086,,,,
365,2556,,,0.8008490800857544,,0.8008490800857544,0.8008490800857544,,,,
365,2557,,,0.8224629163742065,,0.8224629163742065,0.8224629163742065,,,,
365,2558,,,1.7176793813705444,,1.7176793813705444,1.7176793813705444,,,,
365,2559,,,0.8347412347793579,,0.8347412347793579,0.8347412347793579,,,,
365,2560,,,1.2393313646316528,,1.2393313646316528,1.2393313646316528,,,,
365,2561,,,1.964586615562439,,1.964586615562439,1.964586615562439,,,,
,365,,,,,,,,,1.51449716091156,1.51449716091156
365,2561,,,,,,,1.51449716091156,1.51449716091156,,
365,2561,1.0607503652572632,1.0607503652572632,,1.0607503652572632,,,,,,
366,2562,,,0.9374418258666992,,0.9374418258666992,0.9374418258666992,,,,
366,2563,,,1.4465688467025757,,1.4465688467025757,1.4465688467025757,,,,
366,2564,,,0.9467937350273132,,0.9467937350273132,0.9467937350273132,,,,
366,2565,,,0.9118612408638,,0.9118612408638,0.9118612408638,,,,
366,2566,,,1.0883005857467651,,1.0883005857467651,1.0883005857467651,,,,
366,2567,,,1.2035574913024902,,1.2035574913024902,1.2035574913024902,,,,
366,2568,,,0.5360003113746643,,0.5360003113746643,0.5360003113746643,,,,
,366,,,,,,,,,1.5213096141815186,1.5213096141815186
366,2568,,,,,,,1.5213096141815186,1.5213096141815186,,
366,2568,1.056552767753601,1.056552767753601,,1.056552767753601,,,,,,
367,2569,,,1.0554487705230713,,1.0554487705230713,1.0554487705230713,,,,
367,2570,,,1.55882728099823,,1.55882728099823,1.55882728099823,,,,
367,2571,,,0.8200458288192749,,0.8200458288192749,0.8200458288192749,,,,
367,2572,,,0.9524675607681274,,0.9524675607681274,0.9524675607681274,,,,
367,2573,,,1.2601137161254883,,1.2601137161254883,1.2601137161254883,,,,
367,2574,,,0.8435355424880981,,0.8435355424880981,0.8435355424880981,,,,
367,2575,,,0.6042022109031677,,0.6042022109031677,0.6042022109031677,,,,
,367,,,,,,,,,1.5152480602264404,1.5152480602264404
367,2575,,,,,,,1.5152480602264404,1.5152480602264404,,
367,2575,1.0536493062973022,1.0536493062973022,,1.0536493062973022,,,,,,
368,2576,,,1.0769413709640503,,1.0769413709640503,1.0769413709640503,,,,
368,2577,,,1.0908323526382446,,1.0908323526382446,1.0908323526382446,,,,
368,2578,,,1.1995190382003784,,1.1995190382003784,1.1995190382003784,,,,
368,2579,,,1.1300849914550781,,1.1300849914550781,1.1300849914550781,,,,
368,2580,,,0.7599281668663025,,0.7599281668663025,0.7599281668663025,,,,
368,2581,,,0.9085459113121033,,0.9085459113121033,0.9085459113121033,,,,
368,2582,,,1.3580076694488525,,1.3580076694488525,1.3580076694488525,,,,
,368,,,,,,,,,1.4700223207473755,1.4700223207473755
368,2582,,,,,,,1.4700223207473755,1.4700223207473755,,
368,2582,1.0470752716064453,1.0470752716064453,,1.0470752716064453,,,,,,
369,2583,,,1.1615184545516968,,1.1615184545516968,1.1615184545516968,,,,
369,2584,,,0.9318365454673767,,0.9318365454673767,0.9318365454673767,,,,
369,2585,,,1.144978404045105,,1.144978404045105,1.144978404045105,,,,
369,2586,,,0.9500996470451355,,0.9500996470451355,0.9500996470451355,,,,
369,2587,,,1.1355599164962769,,1.1355599164962769,1.1355599164962769,,,,
369,2588,,,0.8135590553283691,,0.8135590553283691,0.8135590553283691,,,,
369,2589,,,1.3533519506454468,,1.3533519506454468,1.3533519506454468,,,,
,369,,,,,,,,,1.4468539953231812,1.4468539953231812
369,2589,,,,,,,1.4468539953231812,1.4468539953231812,,
369,2589,1.042362093925476,1.042362093925476,,1.042362093925476,,,,,,
370,2590,,,0.589983344078064,,0.589983344078064,0.589983344078064,,,,
370,2591,,,1.3414517641067505,,1.3414517641067505,1.3414517641067505,,,,
370,2592,,,0.7709291577339172,,0.7709291577339172,0.7709291577339172,,,,
370,2593,,,1.3975932598114014,,1.3975932598114014,1.3975932598114014,,,,
370,2594,,,0.9715033769607544,,0.9715033769607544,0.9715033769607544,,,,
370,2595,,,0.8930479884147644,,0.8930479884147644,0.8930479884147644,,,,
370,2596,,,1.7380220890045166,,1.7380220890045166,1.7380220890045166,,,,
,370,,,,,,,,,1.427385687828064,1.427385687828064
370,2596,,,,,,,1.427385687828064,1.427385687828064,,
370,2596,1.0378457307815552,1.0378457307815552,,1.0378457307815552,,,,,,
371,2597,,,0.6747922897338867,,0.6747922897338867,0.6747922897338867,,,,
371,2598,,,0.9220075011253357,,0.9220075011253357,0.9220075011253357,,,,
371,2599,,,0.7001187205314636,,0.7001187205314636,0.7001187205314636,,,,
371,2600,,,1.9212522506713867,,1.9212522506713867,1.9212522506713867,,,,
371,2601,,,0.8307227492332458,,0.8307227492332458,0.8307227492332458,,,,
371,2602,,,1.0104197263717651,,1.0104197263717651,1.0104197263717651,,,,
371,2603,,,1.4142110347747803,,1.4142110347747803,1.4142110347747803,,,,
,371,,,,,,,,,1.421451210975647,1.421451210975647
371,2603,,,,,,,1.421451210975647,1.421451210975647,,
371,2603,1.0336694717407227,1.0336694717407227,,1.0336694717407227,,,,,,
372,2604,,,0.8800110816955566,,0.8800110816955566,0.8800110816955566,,,,
372,2605,,,1.134012222290039,,1.134012222290039,1.134012222290039,,,,
372,2606,,,1.0457251071929932,,1.0457251071929932,1.0457251071929932,,,,
372,2607,,,0.721464991569519,,0.721464991569519,0.721464991569519,,,,
372,2608,,,1.5874816179275513,,1.5874816179275513,1.5874816179275513,,,,
372,2609,,,0.6291872262954712,,0.6291872262954712,0.6291872262954712,,,,
372,2610,,,1.5046602487564087,,1.5046602487564087,1.5046602487564087,,,,
,372,,,,,,,,,1.402921199798584,1.402921199798584
372,2610,,,,,,,1.4029210805892944,1.4029210805892944,,
372,2610,1.0293536186218262,1.0293536186218262,,1.0293536186218262,,,,,,
373,2611,,,0.5270103216171265,,0.5270103216171265,0.5270103216171265,,,,
373,2612,,,1.5547469854354858,,1.5547469854354858,1.5547469854354858,,,,
373,2613,,,1.041718602180481,,1.041718602180481,1.041718602180481,,,,
373,2614,,,1.577117919921875,,1.577117919921875,1.577117919921875,,,,
373,2615,,,0.903455376625061,,0.903455376625061,0.903455376625061,,,,
373,2616,,,0.6790845394134521,,0.6790845394134521,0.6790845394134521,,,,
373,2617,,,0.6769325733184814,,0.6769325733184814,0.6769325733184814,,,,
,373,,,,,,,,,1.3772674798965454,1.3772674798965454
373,2617,,,,,,,1.3772674798965454,1.3772674798965454,,
373,2617,1.0254091024398804,1.0254091024398804,,1.0254091024398804,,,,,,
374,2618,,,0.7289496660232544,,0.7289496660232544,0.7289496660232544,,,,
374,2619,,,1.3861812353134155,,1.3861812353134155,1.3861812353134155,,,,
374,2620,,,0.8926568031311035,,0.8926568031311035,0.8926568031311035,,,,
374,2621,,,0.8168549537658691,,0.8168549537658691,0.8168549537658691,,,,
374,2622,,,1.0460867881774902,,1.0460867881774902,1.0460867881774902,,,,
374,2623,,,1.4852482080459595,,1.4852482080459595,1.4852482080459595,,,,
374,2624,,,0.4167543649673462,,0.4167543649673462,0.4167543649673462,,,,
,374,,,,,,,,,1.354481816291809,1.354481816291809
374,2624,,,,,,,1.354481816291809,1.354481816291809,,
374,2624,1.021531105041504,1.021531105041504,,1.021531105041504,,,,,,
375,2625,,,1.6264568567276,,1.6264568567276,1.6264568567276,,,,
375,2626,,,1.376878261566162,,1.376878261566162,1.376878261566162,,,,
375,2627,,,0.692535400390625,,0.692535400390625,0.692535400390625,,,,
375,2628,,,0.8174304366111755,,0.8174304366111755,0.8174304366111755,,,,
375,2629,,,0.7128733992576599,,0.7128733992576599,0.7128733992576599,,,,
375,2630,,,0.8649707436561584,,0.8649707436561584,0.8649707436561584,,,,
375,2631,,,1.050024151802063,,1.050024151802063,1.050024151802063,,,,
,375,,,,,,,,,1.3439111709594727,1.3439111709594727
375,2631,,,,,,,1.3439111709594727,1.3439111709594727,,
375,2631,1.0172399282455444,1.0172399282455444,,1.0172399282455444,,,,,,
376,2632,,,0.8251004815101624,,0.8251004815101624,0.8251004815101624,,,,
376,2633,,,0.8269968032836914,,0.8269968032836914,0.8269968032836914,,,,
376,2634,,,1.2422075271606445,,1.2422075271606445,1.2422075271606445,,,,
376,2635,,,1.3392932415008545,,1.3392932415008545,1.3392932415008545,,,,
376,2636,,,1.1561048030853271,,1.1561048030853271,1.1561048030853271,,,,
376,2637,,,0.6991685628890991,,0.6991685628890991,0.6991685628890991,,,,
376,2638,,,0.9878783822059631,,0.9878783822059631,0.9878783822059631,,,,
,376,,,,,,,,,1.3323003053665161,1.3323003053665161
376,2638,,,,,,,1.3323003053665161,1.3323003053665161,,
376,2638,1.0132275819778442,1.0132275819778442,,1.0132275819778442,,,,,,
377,2639,,,1.1784831285476685,,1.1784831285476685,1.1784831285476685,,,,
377,2640,,,1.1780153512954712,,1.1780153512954712,1.1780153512954712,,,,
377,2641,,,0.6853358745574951,,0.6853358745574951,0.6853358745574951,,,,
377,2642,,,0.9237694144248962,,0.9237694144248962,0.9237694144248962,,,,
377,2643,,,1.1977736949920654,,1.1977736949920654,1.1977736949920654,,,,
377,2644,,,1.0588678121566772,,1.0588678121566772,1.0588678121566772,,,,
377,2645,,,0.5640865564346313,,0.5640865564346313,0.5640865564346313,,,,
,377,,,,,,,,,1.3135008811950684,1.3135008811950684
377,2645,,,,,,,1.3135007619857788,1.3135007619857788,,
377,2645,1.0092201232910156,1.0092201232910156,,1.0092201232910156,,,,,,
378,2646,,,1.3337844610214233,,1.3337844610214233,1.3337844610214233,,,,
378,2647,,,1.2764085531234741,,1.2764085531234741,1.2764085531234741,,,,
378,2648,,,1.2315772771835327,,1.2315772771835327,1.2315772771835327,,,,
378,2649,,,0.8904391527175903,,0.8904391527175903,0.8904391527175903,,,,
378,2650,,,0.6153018474578857,,0.6153018474578857,0.6153018474578857,,,,
378,2651,,,0.728995680809021,,0.728995680809021,0.728995680809021,,,,
378,2652,,,0.8743212819099426,,0.8743212819099426,0.8743212819099426,,,,
,378,,,,,,,,,1.3132203817367554,1.3132203817367554
378,2652,,,,,,,1.3132203817367554,1.3132203817367554,,
378,2652,1.0046082735061646,1.0046082735061646,,1.0046082735061646,,,,,,
379,2653,,,1.4292495250701904,,1.4292495250701904,1.4292495250701904,,,,
379,2654,,,1.031008005142212,,1.031008005142212,1.031008005142212,,,,
379,2655,,,1.2213094234466553,,1.2213094234466553,1.2213094234466553,,,,
379,2656,,,0.6168467998504639,,0.6168467998504639,0.6168467998504639,,,,
379,2657,,,0.7062265872955322,,0.7062265872955322,0.7062265872955322,,,,
379,2658,,,0.8160716891288757,,0.8160716891288757,0.8160716891288757,,,,
379,2659,,,1.504340410232544,,1.504340410232544,1.504340410232544,,,,
,379,,,,,,,,,1.3264325857162476,1.3264325857162476
379,2659,,,,,,,1.3264325857162476,1.3264325857162476,,
379,2659,1.0015435218811035,1.0015435218811035,,1.0015435218811035,,,,,,
380,2660,,,0.8299000859260559,,0.8299000859260559,0.8299000859260559,,,,
380,2661,,,1.1683257818222046,,1.1683257818222046,1.1683257818222046,,,,
380,2662,,,1.2239776849746704,,1.2239776849746704,1.2239776849746704,,,,
380,2663,,,1.5134719610214233,,1.5134719610214233,1.5134719610214233,,,,
380,2664,,,0.6212303042411804,,0.6212303042411804,0.6212303042411804,,,,
380,2665,,,0.7363624572753906,,0.7363624572753906,0.7363624572753906,,,,
380,2666,,,0.6833474636077881,,0.6833474636077881,0.6833474636077881,,,,
,380,,,,,,,,,1.3275622129440308,1.3275622129440308
380,2666,,,,,,,1.3275622129440308,1.3275622129440308,,
380,2666,0.9960036873817444,0.9960036873817444,,0.9960036873817444,,,,,,
381,2667,,,1.2997143268585205,,1.2997143268585205,1.2997143268585205,,,,
381,2668,,,0.9556642174720764,,0.9556642174720764,0.9556642174720764,,,,
381,2669,,,1.0552115440368652,,1.0552115440368652,1.0552115440368652,,,,
381,2670,,,0.6118068099021912,,0.6118068099021912,0.6118068099021912,,,,
381,2671,,,0.6402223706245422,,0.6402223706245422,0.6402223706245422,,,,
381,2672,,,1.032712697982788,,1.032712697982788,1.032712697982788,,,,
381,2673,,,1.9418748617172241,,1.9418748617172241,1.9418748617172241,,,,
,381,,,,,,,,,1.3215135335922241,1.3215135335922241
381,2673,,,,,,,1.3215135335922241,1.3215135335922241,,
381,2673,0.9919270277023315,0.9919270277023315,,0.9919270277023315,,,,,,
382,2674,,,0.5163334012031555,,0.5163334012031555,0.5163334012031555,,,,
382,2675,,,0.8091152310371399,,0.8091152310371399,0.8091152310371399,,,,
382,2676,,,1.0204843282699585,,1.0204843282699585,1.0204843282699585,,,,
382,2677,,,1.0911896228790283,,1.0911896228790283,1.0911896228790283,,,,
382,2678,,,0.8211684823036194,,0.8211684823036194,0.8211684823036194,,,,
382,2679,,,1.613571047782898,,1.613571047782898,1.613571047782898,,,,
382,2680,,,1.130043625831604,,1.130043625831604,1.130043625831604,,,,
,382,,,,,,,,,1.3087165355682373,1.3087165355682373
382,2680,,,,,,,1.3087165355682373,1.3087165355682373,,
382,2680,0.9875496029853821,0.9875496029853821,,0.9875496029853821,,,,,,
383,2681,,,0.506578803062439,,0.506578803062439,0.506578803062439,,,,
383,2682,,,0.9406473636627197,,0.9406473636627197,0.9406473636627197,,,,
383,2683,,,1.2291756868362427,,1.2291756868362427,1.2291756868362427,,,,
383,2684,,,0.8262922763824463,,0.8262922763824463,0.8262922763824463,,,,
383,2685,,,0.669948160648346,,0.669948160648346,0.669948160648346,,,,
383,2686,,,1.960500717163086,,1.960500717163086,1.960500717163086,,,,
383,2687,,,0.3412613272666931,,0.3412613272666931,0.3412613272666931,,,,
,383,,,,,,,,,1.298719048500061,1.298719048500061
383,2687,,,,,,,1.298719048500061,1.298719048500061,,
383,2687,0.9821358323097229,0.9821358323097229,,0.9821358323097229,,,,,,
384,2688,,,1.1343111991882324,,1.1343111991882324,1.1343111991882324,,,,
384,2689,,,0.7639606595039368,,0.7639606595039368,0.7639606595039368,,,,
384,2690,,,0.8556884527206421,,0.8556884527206421,0.8556884527206421,,,,
384,2691,,,0.8677566051483154,,0.8677566051483154,0.8677566051483154,,,,
384,2692,,,1.3359068632125854,,1.3359068632125854,1.3359068632125854,,,,
384,2693,,,1.0983227491378784,,1.0983227491378784,1.0983227491378784,,,,
384,2694,,,0.4635864496231079,,0.4635864496231079,0.4635864496231079,,,,
,384,,,,,,,,,1.292547345161438,1.292547345161438
384,2694,,,,,,,1.292547345161438,1.292547345161438,,
384,2694,0.9772221446037292,0.9772221446037292,,0.9772221446037292,,,,,,
385,2695,,,1.2593077421188354,,1.2593077421188354,1.2593077421188354,,,,
385,2696,,,0.648105800151825,,0.648105800151825,0.648105800151825,,,,
385,2697,,,1.1452919244766235,,1.1452919244766235,1.1452919244766235,,,,
385,2698,,,0.6445323824882507,,0.6445323824882507,0.6445323824882507,,,,
385,2699,,,1.200324296951294,,1.200324296951294,1.200324296951294,,,,
385,2700,,,0.911488950252533,,0.911488950252533,0.911488950252533,,,,
385,2701,,,1.0596365928649902,,1.0596365928649902,1.0596365928649902,,,,
,385,,,,,,,,,1.287479281425476,1.287479281425476
385,2701,,,,,,,1.287479281425476,1.287479281425476,,
385,2701,0.9735552668571472,0.9735552668571472,,0.9735552668571472,,,,,,
386,2702,,,0.5908781290054321,,0.5908781290054321,0.5908781290054321,,,,
386,2703,,,1.905565857887268,,1.905565857887268,1.905565857887268,,,,
386,2704,,,1.1166400909423828,,1.1166400909423828,1.1166400909423828,,,,
386,2705,,,1.062235951423645,,1.062235951423645,1.062235951423645,,,,
386,2706,,,0.5535363554954529,,0.5535363554954529,0.5535363554954529,,,,
386,2707,,,0.7906173467636108,,0.7906173467636108,0.7906173467636108,,,,
386,2708,,,0.39401212334632874,,0.39401212334632874,0.39401212334632874,,,,
,386,,,,,,,,,1.2810840606689453,1.2810840606689453
386,2708,,,,,,,1.2810840606689453,1.2810840606689453,,
386,2708,0.9674084186553955,0.9674084186553955,,0.9674084186553955,,,,,,
387,2709,,,0.816226601600647,,0.816226601600647,0.816226601600647,,,,
387,2710,,,1.8584308624267578,,1.8584308624267578,1.8584308624267578,,,,
387,2711,,,0.9424102902412415,,0.9424102902412415,0.9424102902412415,,,,
387,2712,,,0.6034087538719177,,0.6034087538719177,0.6034087538719177,,,,
387,2713,,,0.5922226905822754,,0.5922226905822754,0.5922226905822754,,,,
387,2714,,,0.6354900002479553,,0.6354900002479553,0.6354900002479553,,,,
387,2715,,,1.8380639553070068,,1.8380639553070068,1.8380639553070068,,,,
,387,,,,,,,,,1.2859278917312622,1.2859278917312622
387,2715,,,,,,,1.2859278917312622,1.2859278917312622,,
387,2715,0.9627392292022705,0.9627392292022705,,0.9627392292022705,,,,,,
388,2716,,,1.6719763278961182,,1.6719763278961182,1.6719763278961182,,,,
388,2717,,,0.9303693175315857,,0.9303693175315857,0.9303693175315857,,,,
388,2718,,,1.2128193378448486,,1.2128193378448486,1.2128193378448486,,,,
388,2719,,,0.38400015234947205,,0.38400015234947205,0.38400015234947205,,,,
388,2720,,,0.851102888584137,,0.851102888584137,0.851102888584137,,,,
388,2721,,,0.7161609530448914,,0.7161609530448914,0.7161609530448914,,,,
388,2722,,,0.911943793296814,,0.911943793296814,0.911943793296814,,,,
,388,,,,,,,,,1.2850502729415894,1.2850502729415894
388,2722,,,,,,,1.2850502729415894,1.2850502729415894,,
388,2722,0.958181619644165,0.958181619644165,,0.958181619644165,,,,,,
389,2723,,,0.9553813338279724,,0.9553813338279724,0.9553813338279724,,,,
389,2724,,,1.2609813213348389,,1.2609813213348389,1.2609813213348389,,,,
389,2725,,,1.2470579147338867,,1.2470579147338867,1.2470579147338867,,,,
389,2726,,,0.528555691242218,,0.528555691242218,0.528555691242218,,,,
389,2727,,,0.8596518635749817,,0.8596518635749817,0.8596518635749817,,,,
389,2728,,,0.9973751902580261,,0.9973751902580261,0.9973751902580261,,,,
389,2729,,,0.617206871509552,,0.617206871509552,0.617206871509552,,,,
,389,,,,,,,,,1.272580862045288,1.272580862045288
389,2729,,,,,,,1.272580862045288,1.272580862045288,,
389,2729,0.9537969827651978,0.9537969827651978,,0.9537969827651978,,,,,,
390,2730,,,0.8044047355651855,,0.8044047355651855,0.8044047355651855,,,,
390,2731,,,1.0974640846252441,,1.0974640846252441,1.0974640846252441,,,,
390,2732,,,0.7674146294593811,,0.7674146294593811,0.7674146294593811,,,,
390,2733,,,0.6278436779975891,,0.6278436779975891,0.6278436779975891,,,,
390,2734,,,1.2334176301956177,,1.2334176301956177,1.2334176301956177,,,,
390,2735,,,1.2749743461608887,,1.2749743461608887,1.2749743461608887,,,,
390,2736,,,0.664223849773407,,0.664223849773407,0.664223849773407,,,,
,390,,,,,,,,,1.273390531539917,1.273390531539917
390,2736,,,,,,,1.273390531539917,1.273390531539917,,
390,2736,0.9497416615486145,0.9497416615486145,,0.9497416615486145,,,,,,
391,2737,,,1.0676978826522827,,1.0676978826522827,1.0676978826522827,,,,
391,2738,,,1.0269429683685303,,1.0269429683685303,1.0269429683685303,,,,
391,2739,,,0.6632557511329651,,0.6632557511329651,0.6632557511329651,,,,
391,2740,,,0.7087370753288269,,0.7087370753288269,0.7087370753288269,,,,
391,2741,,,0.771201491355896,,0.771201491355896,0.771201491355896,,,,
391,2742,,,1.7038147449493408,,1.7038147449493408,1.7038147449493408,,,,
391,2743,,,0.25582364201545715,,0.25582364201545715,0.25582364201545715,,,,
,391,,,,,,,,,1.2688707113265991,1.2688707113265991
391,2743,,,,,,,1.2688707113265991,1.2688707113265991,,
391,2743,0.94707190990448,0.94707190990448,,0.94707190990448,,,,,,
392,2744,,,1.0101102590560913,,1.0101102590560913,1.0101102590560913,,,,
392,2745,,,0.5603638291358948,,0.5603638291358948,0.5603638291358948,,,,
392,2746,,,0.5724484324455261,,0.5724484324455261,0.5724484324455261,,,,
392,2747,,,0.7259717583656311,,0.7259717583656311,0.7259717583656311,,,,
392,2748,,,0.8753198981285095,,0.8753198981285095,0.8753198981285095,,,,
392,2749,,,1.093414306640625,,1.093414306640625,1.093414306640625,,,,
392,2750,,,3.1225767135620117,,3.1225767135620117,3.1225767135620117,,,,
,392,,,,,,,,,1.253108024597168,1.253108024597168
392,2750,,,,,,,1.253108024597168,1.253108024597168,,
392,2750,0.9425246119499207,0.9425246119499207,,0.9425246119499207,,,,,,
393,2751,,,1.0371321439743042,,1.0371321439743042,1.0371321439743042,,,,
393,2752,,,0.8691384792327881,,0.8691384792327881,0.8691384792327881,,,,
393,2753,,,1.2715290784835815,,1.2715290784835815,1.2715290784835815,,,,
393,2754,,,0.4776632785797119,,0.4776632785797119,0.4776632785797119,,,,
393,2755,,,0.8558064103126526,,0.8558064103126526,0.8558064103126526,,,,
393,2756,,,1.27362060546875,,1.27362060546875,1.27362060546875,,,,
393,2757,,,0.5094895958900452,,0.5094895958900452,0.5094895958900452,,,,
,393,,,,,,,,,1.2483638525009155,1.2483638525009155
393,2757,,,,,,,1.2483638525009155,1.2483638525009155,,
393,2757,0.9374037384986877,0.9374037384986877,,0.9374037384986877,,,,,,
394,2758,,,1.310858964920044,,1.310858964920044,1.310858964920044,,,,
394,2759,,,1.153947114944458,,1.153947114944458,1.153947114944458,,,,
394,2760,,,0.6354507207870483,,0.6354507207870483,0.6354507207870483,,,,
394,2761,,,0.9578891396522522,,0.9578891396522522,0.9578891396522522,,,,
394,2762,,,0.9964326024055481,,0.9964326024055481,0.9964326024055481,,,,
394,2763,,,0.740627110004425,,0.740627110004425,0.740627110004425,,,,
394,2764,,,0.4029909372329712,,0.4029909372329712,0.4029909372329712,,,,
,394,,,,,,,,,1.2272982597351074,1.2272982597351074
394,2764,,,,,,,1.2272981405258179,1.2272981405258179,,
394,2764,0.9327572584152222,0.9327572584152222,,0.9327572584152222,,,,,,
395,2765,,,0.8093799352645874,,0.8093799352645874,0.8093799352645874,,,,
395,2766,,,0.6750417947769165,,0.6750417947769165,0.6750417947769165,,,,
395,2767,,,1.575993537902832,,1.575993537902832,1.575993537902832,,,,
395,2768,,,0.8418508172035217,,0.8418508172035217,0.8418508172035217,,,,
395,2769,,,0.843509316444397,,0.843509316444397,0.843509316444397,,,,
395,2770,,,0.9659034609794617,,0.9659034609794617,0.9659034609794617,,,,
395,2771,,,0.5599170923233032,,0.5599170923233032,0.5599170923233032,,,,
,395,,,,,,,,,1.206766963005066,1.206766963005066
395,2771,,,,,,,1.206766963005066,1.206766963005066,,
395,2771,0.9288858771324158,0.9288858771324158,,0.9288858771324158,,,,,,
396,2772,,,0.90011066198349,,0.90011066198349,0.90011066198349,,,,
396,2773,,,0.6545003056526184,,0.6545003056526184,0.6545003056526184,,,,
396,2774,,,0.8423874974250793,,0.8423874974250793,0.8423874974250793,,,,
396,2775,,,1.8559939861297607,,1.8559939861297607,1.8559939861297607,,,,
396,2776,,,0.9098830223083496,,0.9098830223083496,0.9098830223083496,,,,
396,2777,,,0.5571718811988831,,0.5571718811988831,0.5571718811988831,,,,
396,2778,,,0.4854911267757416,,0.4854911267757416,0.4854911267757416,,,,
,396,,,,,,,,,1.1938848495483398,1.1938848495483398
396,2778,,,,,,,1.1938848495483398,1.1938848495483398,,
396,2778,0.9258206486701965,0.9258206486701965,,0.9258206486701965,,,,,,
397,2779,,,0.4779512584209442,,0.4779512584209442,0.4779512584209442,,,,
397,2780,,,1.2491477727890015,,1.2491477727890015,1.2491477727890015,,,,
397,2781,,,1.377181887626648,,1.377181887626648,1.377181887626648,,,,
397,2782,,,0.5547767281532288,,0.5547767281532288,0.5547767281532288,,,,
397,2783,,,0.5464497208595276,,0.5464497208595276,0.5464497208595276,,,,
397,2784,,,1.3776665925979614,,1.3776665925979614,1.3776665925979614,,,,
397,2785,,,0.7719252705574036,,0.7719252705574036,0.7719252705574036,,,,
,397,,,,,,,,,1.1825419664382935,1.1825419664382935
397,2785,,,,,,,1.1825419664382935,1.1825419664382935,,
397,2785,0.9211993217468262,0.9211993217468262,,0.9211993217468262,,,,,,
398,2786,,,0.5791673064231873,,0.5791673064231873,0.5791673064231873,,,,
398,2787,,,1.1340900659561157,,1.1340900659561157,1.1340900659561157,,,,
398,2788,,,1.2822691202163696,,1.2822691202163696,1.2822691202163696,,,,
398,2789,,,0.8011930584907532,,0.8011930584907532,0.8011930584907532,,,,
398,2790,,,0.9066318869590759,,0.9066318869590759,0.9066318869590759,,,,
398,2791,,,0.8497806191444397,,0.8497806191444397,0.8497806191444397,,,,
398,2792,,,0.7868553996086121,,0.7868553996086121,0.7868553996086121,,,,
,398,,,,,,,,,1.1662627458572388,1.1662627458572388
398,2792,,,,,,,1.1662627458572388,1.1662627458572388,,
398,2792,0.9173650741577148,0.9173650741577148,,0.9173650741577148,,,,,,
399,2793,,,1.3025224208831787,,1.3025224208831787,1.3025224208831787,,,,
399,2794,,,0.7340154051780701,,0.7340154051780701,0.7340154051780701,,,,
399,2795,,,0.6950103640556335,,0.6950103640556335,0.6950103640556335,,,,
399,2796,,,0.43933120369911194,,0.43933120369911194,0.43933120369911194,,,,
399,2797,,,0.9545706510543823,,0.9545706510543823,0.9545706510543823,,,,
399,2798,,,1.4303392171859741,,1.4303392171859741,1.4303392171859741,,,,
399,2799,,,0.7225942015647888,,0.7225942015647888,0.7225942015647888,,,,
,399,,,,,,,,,1.156726360321045,1.156726360321045
399,2799,,,,,,,1.1567262411117554,1.1567262411117554,,
399,2799,0.9140019416809082,0.9140019416809082,,0.9140019416809082,,,,,,
400,2800,,,1.0867950916290283,,1.0867950916290283,1.0867950916290283,,,,
400,2801,,,0.6979064345359802,,0.6979064345359802,0.6979064345359802,,,,
400,2802,,,1.566664695739746,,1.566664695739746,1.566664695739746,,,,
400,2803,,,0.5577354431152344,,0.5577354431152344,0.5577354431152344,,,,
400,2804,,,0.7130274772644043,,0.7130274772644043,0.7130274772644043,,,,
400,2805,,,0.8866488337516785,,0.8866488337516785,0.8866488337516785,,,,
400,2806,,,0.7752782702445984,,0.7752782702445984,0.7752782702445984,,,,
,400,,,,,,,,,1.139676570892334,1.139676570892334
400,2806,,,,,,,1.139676570892334,1.139676570892334,,
400,2806,0.9097266793251038,0.9097266793251038,,0.9097266793251038,,,,,,
401,2807,,,0.8776898384094238,,0.8776898384094238,0.8776898384094238,,,,
401,2808,,,1.100649356842041,,1.100649356842041,1.100649356842041,,,,
401,2809,,,1.2343276739120483,,1.2343276739120483,1.2343276739120483,,,,
401,2810,,,1.0522832870483398,,1.0522832870483398,1.0522832870483398,,,,
401,2811,,,0.42897313833236694,,0.42897313833236694,0.42897313833236694,,,,
401,2812,,,0.723319947719574,,0.723319947719574,0.723319947719574,,,,
401,2813,,,0.9601784348487854,,0.9601784348487854,0.9601784348487854,,,,
,401,,,,,,,,,1.132811188697815,1.132811188697815
401,2813,,,,,,,1.132811188697815,1.132811188697815,,
401,2813,0.9062447547912598,0.9062447547912598,,0.9062447547912598,,,,,,
402,2814,,,0.9071682095527649,,0.9071682095527649,0.9071682095527649,,,,
402,2815,,,0.8506174087524414,,0.8506174087524414,0.8506174087524414,,,,
402,2816,,,0.6727874875068665,,0.6727874875068665,0.6727874875068665,,,,
402,2817,,,0.7332097291946411,,0.7332097291946411,0.7332097291946411,,,,
402,2818,,,1.3558497428894043,,1.3558497428894043,1.3558497428894043,,,,
402,2819,,,1.0503308773040771,,1.0503308773040771,1.0503308773040771,,,,
402,2820,,,0.49262502789497375,,0.49262502789497375,0.49262502789497375,,,,
,402,,,,,,,,,1.1220489740371704,1.1220489740371704
402,2820,,,,,,,1.1220489740371704,1.1220489740371704,,
402,2820,0.9026976823806763,0.9026976823806763,,0.9026976823806763,,,,,,
403,2821,,,0.9047118425369263,,0.9047118425369263,0.9047118425369263,,,,
403,2822,,,0.5874839425086975,,0.5874839425086975,0.5874839425086975,,,,
403,2823,,,1.1235419511795044,,1.1235419511795044,1.1235419511795044,,,,
403,2824,,,0.5850509405136108,,0.5850509405136108,0.5850509405136108,,,,
403,2825,,,0.8951992988586426,,0.8951992988586426,0.8951992988586426,,,,
403,2826,,,1.0409201383590698,,1.0409201383590698,1.0409201383590698,,,,
403,2827,,,1.589772343635559,,1.589772343635559,1.589772343635559,,,,
,403,,,,,,,,,1.102495789527893,1.102495789527893
403,2827,,,,,,,1.102495789527893,1.102495789527893,,
403,2827,0.8993055820465088,0.8993055820465088,,0.8993055820465088,,,,,,
404,2828,,,1.0210528373718262,,1.0210528373718262,1.0210528373718262,,,,
404,2829,,,1.238699197769165,,1.238699197769165,1.238699197769165,,,,
404,2830,,,0.5993846654891968,,0.5993846654891968,0.5993846654891968,,,,
404,2831,,,0.942277193069458,,0.942277193069458,0.942277193069458,,,,
404,2832,,,1.1038565635681152,,1.1038565635681152,1.1038565635681152,,,,
404,2833,,,0.5996826887130737,,0.5996826887130737,0.5996826887130737,,,,
404,2834,,,0.5441237688064575,,0.5441237688064575,0.5441237688064575,,,,
,404,,,,,,,,,1.082196831703186,1.082196831703186
404,2834,,,,,,,1.082196831703186,1.082196831703186,,
404,2834,0.8955293297767639,0.8955293297767639,,0.8955293297767639,,,,,,
405,2835,,,0.7854660749435425,,0.7854660749435425,0.7854660749435425,,,,
405,2836,,,0.6610330939292908,,0.6610330939292908,0.6610330939292908,,,,
405,2837,,,1.1071579456329346,,1.1071579456329346,1.1071579456329346,,,,
405,2838,,,0.8741243481636047,,0.8741243481636047,0.8741243481636047,,,,
405,2839,,,1.0100553035736084,,1.0100553035736084,1.0100553035736084,,,,
405,2840,,,1.0382624864578247,,1.0382624864578247,1.0382624864578247,,,,
405,2841,,,0.5668269395828247,,0.5668269395828247,0.5668269395828247,,,,
,405,,,,,,,,,1.0718110799789429,1.0718110799789429
405,2841,,,,,,,1.0718110799789429,1.0718110799789429,,
405,2841,0.8923386931419373,0.8923386931419373,,0.8923386931419373,,,,,,
406,2842,,,1.0130201578140259,,1.0130201578140259,1.0130201578140259,,,,
406,2843,,,1.269550085067749,,1.269550085067749,1.269550085067749,,,,
406,2844,,,0.6216034889221191,,0.6216034889221191,0.6216034889221191,,,,
406,2845,,,0.6188753843307495,,0.6188753843307495,0.6188753843307495,,,,
406,2846,,,1.3899470567703247,,1.3899470567703247,1.3899470567703247,,,,
406,2847,,,0.5539568662643433,,0.5539568662643433,0.5539568662643433,,,,
406,2848,,,0.5298101902008057,,0.5298101902008057,0.5298101902008057,,,,
,406,,,,,,,,,1.06587553024292,1.06587553024292
406,2848,,,,,,,1.06587553024292,1.06587553024292,,
406,2848,0.8887266516685486,0.8887266516685486,,0.8887266516685486,,,,,,
407,2849,,,0.5848536491394043,,0.5848536491394043,0.5848536491394043,,,,
407,2850,,,0.9538549184799194,,0.9538549184799194,0.9538549184799194,,,,
407,2851,,,0.5948413610458374,,0.5948413610458374,0.5948413610458374,,,,
407,2852,,,1.1162071228027344,,1.1162071228027344,1.1162071228027344,,,,
407,2853,,,1.350961446762085,,1.350961446762085,1.350961446762085,,,,
407,2854,,,0.5845306515693665,,0.5845306515693665,0.5845306515693665,,,,
407,2855,,,1.2224345207214355,,1.2224345207214355,1.2224345207214355,,,,
,407,,,,,,,,,1.0551055669784546,1.0551055669784546
407,2855,,,,,,,1.0551055669784546,1.0551055669784546,,
407,2855,0.8852803707122803,0.8852803707122803,,0.8852803707122803,,,,,,
408,2856,,,0.810272216796875,,0.810272216796875,0.810272216796875,,,,
408,2857,,,0.5674089193344116,,0.5674089193344116,0.5674089193344116,,,,
408,2858,,,1.4502559900283813,,1.4502559900283813,1.4502559900283813,,,,
408,2859,,,0.4973328113555908,,0.4973328113555908,0.4973328113555908,,,,
408,2860,,,0.8099293112754822,,0.8099293112754822,0.8099293112754822,,,,
408,2861,,,1.1120190620422363,,1.1120190620422363,1.1120190620422363,,,,
408,2862,,,0.9933044910430908,,0.9933044910430908,0.9933044910430908,,,,
,408,,,,,,,,,1.0507400035858154,1.0507400035858154
408,2862,,,,,,,1.0507400035858154,1.0507400035858154,,
408,2862,0.8815226554870605,0.8815226554870605,,0.8815226554870605,,,,,,
409,2863,,,0.9328433275222778,,0.9328433275222778,0.9328433275222778,,,,
409,2864,,,0.49264976382255554,,0.49264976382255554,0.49264976382255554,,,,
409,2865,,,0.9880275726318359,,0.9880275726318359,0.9880275726318359,,,,
409,2866,,,0.8117507100105286,,0.8117507100105286,0.8117507100105286,,,,
409,2867,,,1.3556468486785889,,1.3556468486785889,1.3556468486785889,,,,
409,2868,,,0.8800314664840698,,0.8800314664840698,0.8800314664840698,,,,
409,2869,,,0.3563328981399536,,0.3563328981399536,0.3563328981399536,,,,
,409,,,,,,,,,1.0468837022781372,1.0468837022781372
409,2869,,,,,,,1.0468837022781372,1.0468837022781372,,
409,2869,0.8775804042816162,0.8775804042816162,,0.8775804042816162,,,,,,
410,2870,,,1.352133870124817,,1.352133870124817,1.352133870124817,,,,
410,2871,,,0.8007296919822693,,0.8007296919822693,0.8007296919822693,,,,
410,2872,,,0.6700687408447266,,0.6700687408447266,0.6700687408447266,,,,
410,2873,,,0.5077322721481323,,0.5077322721481323,0.5077322721481323,,,,
410,2874,,,0.7306184768676758,,0.7306184768676758,0.7306184768676758,,,,
410,2875,,,1.2122443914413452,,1.2122443914413452,1.2122443914413452,,,,
410,2876,,,0.7923804521560669,,0.7923804521560669,0.7923804521560669,,,,
,410,,,,,,,,,1.0464540719985962,1.0464540719985962
410,2876,,,,,,,1.0464540719985962,1.0464540719985962,,
410,2876,0.8738306164741516,0.8738306164741516,,0.8738306164741516,,,,,,
411,2877,,,1.4857087135314941,,1.4857087135314941,1.4857087135314941,,,,
411,2878,,,0.8894583582878113,,0.8894583582878113,0.8894583582878113,,,,
411,2879,,,0.9133054614067078,,0.9133054614067078,0.9133054614067078,,,,
411,2880,,,0.5806509256362915,,0.5806509256362915,0.5806509256362915,,,,
411,2881,,,0.5611705780029297,,0.5611705780029297,0.5611705780029297,,,,
411,2882,,,0.543298065662384,,0.543298065662384,0.543298065662384,,,,
411,2883,,,1.5261396169662476,,1.5261396169662476,1.5261396169662476,,,,
,411,,,,,,,,,1.051021933555603,1.051021933555603
411,2883,,,,,,,1.051021933555603,1.051021933555603,,
411,2883,0.8699442744255066,0.8699442744255066,,0.8699442744255066,,,,,,
412,2884,,,0.6594116687774658,,0.6594116687774658,0.6594116687774658,,,,
412,2885,,,0.5886618494987488,,0.5886618494987488,0.5886618494987488,,,,
412,2886,,,0.7202343940734863,,0.7202343940734863,0.7202343940734863,,,,
412,2887,,,0.888164758682251,,0.888164758682251,0.888164758682251,,,,
412,2888,,,1.1509168148040771,,1.1509168148040771,1.1509168148040771,,,,
412,2889,,,1.1441519260406494,,1.1441519260406494,1.1441519260406494,,,,
412,2890,,,0.9918922185897827,,0.9918922185897827,0.9918922185897827,,,,
,412,,,,,,,,,1.0469324588775635,1.0469324588775635
412,2890,,,,,,,1.0469324588775635,1.0469324588775635,,
412,2890,0.8664315938949585,0.8664315938949585,,0.8664315938949585,,,,,,
413,2891,,,0.4645790159702301,,0.4645790159702301,0.4645790159702301,,,,
413,2892,,,1.1152490377426147,,1.1152490377426147,1.1152490377426147,,,,
413,2893,,,0.7361942529678345,,0.7361942529678345,0.7361942529678345,,,,
413,2894,,,1.1556220054626465,,1.1556220054626465,1.1556220054626465,,,,
413,2895,,,0.5570603013038635,,0.5570603013038635,0.5570603013038635,,,,
413,2896,,,0.9132105112075806,,0.9132105112075806,0.9132105112075806,,,,
413,2897,,,1.4834237098693848,,1.4834237098693848,1.4834237098693848,,,,
,413,,,,,,,,,1.0301703214645386,1.0301703214645386
413,2897,,,,,,,1.0301703214645386,1.0301703214645386,,
413,2897,0.86246258020401,0.86246258020401,,0.86246258020401,,,,,,
414,2898,,,0.7567534446716309,,0.7567534446716309,0.7567534446716309,,,,
414,2899,,,1.0321342945098877,,1.0321342945098877,1.0321342945098877,,,,
414,2900,,,0.6857602000236511,,0.6857602000236511,0.6857602000236511,,,,
414,2901,,,0.5122412443161011,,0.5122412443161011,0.5122412443161011,,,,
414,2902,,,1.3379310369491577,,1.3379310369491577,1.3379310369491577,,,,
414,2903,,,0.8779395818710327,,0.8779395818710327,0.8779395818710327,,,,
414,2904,,,0.7389646172523499,,0.7389646172523499,0.7389646172523499,,,,
,414,,,,,,,,,1.0299339294433594,1.0299339294433594
414,2904,,,,,,,1.0299339294433594,1.0299339294433594,,
414,2904,0.8595877289772034,0.8595877289772034,,0.8595877289772034,,,,,,
415,2905,,,1.2254760265350342,,1.2254760265350342,1.2254760265350342,,,,
415,2906,,,0.8687888979911804,,0.8687888979911804,0.8687888979911804,,,,
415,2907,,,0.502246081829071,,0.502246081829071,0.502246081829071,,,,
415,2908,,,0.5273933410644531,,0.5273933410644531,0.5273933410644531,,,,
415,2909,,,1.2128467559814453,,1.2128467559814453,1.2128467559814453,,,,
415,2910,,,0.7926651239395142,,0.7926651239395142,0.7926651239395142,,,,
415,2911,,,0.8636953234672546,,0.8636953234672546,0.8636953234672546,,,,
,415,,,,,,,,,1.042660117149353,1.042660117149353
415,2911,,,,,,,1.042660117149353,1.042660117149353,,
415,2911,0.855419933795929,0.855419933795929,,0.855419933795929,,,,,,
416,2912,,,1.2021820545196533,,1.2021820545196533,1.2021820545196533,,,,
416,2913,,,0.8938248157501221,,0.8938248157501221,0.8938248157501221,,,,
416,2914,,,1.116076946258545,,1.116076946258545,1.116076946258545,,,,
416,2915,,,0.5486515164375305,,0.5486515164375305,0.5486515164375305,,,,
416,2916,,,1.0351544618606567,,1.0351544618606567,1.0351544618606567,,,,
416,2917,,,0.4785817861557007,,0.4785817861557007,0.4785817861557007,,,,
416,2918,,,0.42199841141700745,,0.42199841141700745,0.42199841141700745,,,,
,416,,,,,,,,,1.0410798788070679,1.0410798788070679
416,2918,,,,,,,1.0410798788070679,1.0410798788070679,,
416,2918,0.8521915674209595,0.8521915674209595,,0.8521915674209595,,,,,,
417,2919,,,0.5337332487106323,,0.5337332487106323,0.5337332487106323,,,,
417,2920,,,1.0811651945114136,,1.0811651945114136,1.0811651945114136,,,,
417,2921,,,0.7412834167480469,,0.7412834167480469,0.7412834167480469,,,,
417,2922,,,0.8629509806632996,,0.8629509806632996,0.8629509806632996,,,,
417,2923,,,0.5856382846832275,,0.5856382846832275,0.5856382846832275,,,,
417,2924,,,1.0954023599624634,,1.0954023599624634,1.0954023599624634,,,,
417,2925,,,1.3539856672286987,,1.3539856672286987,1.3539856672286987,,,,
,417,,,,,,,,,1.0264372825622559,1.0264372825622559
417,2925,,,,,,,1.0264372825622559,1.0264372825622559,,
417,2925,0.8483009338378906,0.8483009338378906,,0.8483009338378906,,,,,,
418,2926,,,1.146803855895996,,1.146803855895996,1.146803855895996,,,,
418,2927,,,0.7833383083343506,,0.7833383083343506,0.7833383083343506,,,,
418,2928,,,0.983208954334259,,0.983208954334259,0.983208954334259,,,,
418,2929,,,0.8601837158203125,,0.8601837158203125,0.8601837158203125,,,,
418,2930,,,0.9256688952445984,,0.9256688952445984,0.9256688952445984,,,,
418,2931,,,0.5209740400314331,,0.5209740400314331,0.5209740400314331,,,,
418,2932,,,0.4509853720664978,,0.4509853720664978,0.4509853720664978,,,,
,418,,,,,,,,,1.0233478546142578,1.0233478546142578
418,2932,,,,,,,1.0233478546142578,1.0233478546142578,,
418,2932,0.8453799486160278,0.8453799486160278,,0.8453799486160278,,,,,,
419,2933,,,1.2673416137695312,,1.2673416137695312,1.2673416137695312,,,,
419,2934,,,0.59954434633255,,0.59954434633255,0.59954434633255,,,,
419,2935,,,0.9390036463737488,,0.9390036463737488,0.9390036463737488,,,,
419,2936,,,0.5634610056877136,,0.5634610056877136,0.5634610056877136,,,,
419,2937,,,0.7901071310043335,,0.7901071310043335,0.7901071310043335,,,,
419,2938,,,1.0971719026565552,,1.0971719026565552,1.0971719026565552,,,,
419,2939,,,0.2912282943725586,,0.2912282943725586,0.2912282943725586,,,,
,419,,,,,,,,,1.0076026916503906,1.0076026916503906
419,2939,,,,,,,1.0076026916503906,1.0076026916503906,,
419,2939,0.8417003750801086,0.8417003750801086,,0.8417003750801086,,,,,,
420,2940,,,0.6788031458854675,,0.6788031458854675,0.6788031458854675,,,,
420,2941,,,0.6973869204521179,,0.6973869204521179,0.6973869204521179,,,,
420,2942,,,1.1848911046981812,,1.1848911046981812,1.1848911046981812,,,,
420,2943,,,0.981952965259552,,0.981952965259552,0.981952965259552,,,,
420,2944,,,0.7493947148323059,,0.7493947148323059,0.7493947148323059,,,,
420,2945,,,0.5227392911911011,,0.5227392911911011,0.5227392911911011,,,,
420,2946,,,1.404266119003296,,1.404266119003296,1.404266119003296,,,,
,420,,,,,,,,,0.9988693594932556,0.9988693594932556
420,2946,,,,,,,0.9988693594932556,0.9988693594932556,,
420,2946,0.8379244208335876,0.8379244208335876,,0.8379244208335876,,,,,,
421,2947,,,0.8153480291366577,,0.8153480291366577,0.8153480291366577,,,,
421,2948,,,0.7376203536987305,,0.7376203536987305,0.7376203536987305,,,,
421,2949,,,0.47494083642959595,,0.47494083642959595,0.47494083642959595,,,,
421,2950,,,0.8660714030265808,,0.8660714030265808,0.8660714030265808,,,,
421,2951,,,1.0956748723983765,,1.0956748723983765,1.0956748723983765,,,,
421,2952,,,0.6425883769989014,,0.6425883769989014,0.6425883769989014,,,,
421,2953,,,1.8369455337524414,,1.8369455337524414,1.8369455337524414,,,,
,421,,,,,,,,,0.9909114837646484,0.9909114837646484
421,2953,,,,,,,0.9909114837646484,0.9909114837646484,,
421,2953,0.8346821665763855,0.8346821665763855,,0.8346821665763855,,,,,,
422,2954,,,1.0152567625045776,,1.0152567625045776,1.0152567625045776,,,,
422,2955,,,1.110687494277954,,1.110687494277954,1.110687494277954,,,,
422,2956,,,0.62530517578125,,0.62530517578125,0.62530517578125,,,,
422,2957,,,0.8846442699432373,,0.8846442699432373,0.8846442699432373,,,,
422,2958,,,0.6143962144851685,,0.6143962144851685,0.6143962144851685,,,,
422,2959,,,0.6125482320785522,,0.6125482320785522,0.6125482320785522,,,,
422,2960,,,1.1648027896881104,,1.1648027896881104,1.1648027896881104,,,,
,422,,,,,,,,,0.9720418453216553,0.9720418453216553
422,2960,,,,,,,0.9720417857170105,0.9720417857170105,,
422,2960,0.8313159346580505,0.8313159346580505,,0.8313159346580505,,,,,,
423,2961,,,0.4547322988510132,,0.4547322988510132,0.4547322988510132,,,,
423,2962,,,0.7677375078201294,,0.7677375078201294,0.7677375078201294,,,,
423,2963,,,0.7178167700767517,,0.7178167700767517,0.7178167700767517,,,,
423,2964,,,1.3604744672775269,,1.3604744672775269,1.3604744672775269,,,,
423,2965,,,1.4051775932312012,,1.4051775932312012,1.4051775932312012,,,,
423,2966,,,0.41570138931274414,,0.41570138931274414,0.41570138931274414,,,,
423,2967,,,0.421239972114563,,0.421239972114563,0.421239972114563,,,,
,423,,,,,,,,,0.9653204679489136,0.9653204679489136
423,2967,,,,,,,0.9653204679489136,0.9653204679489136,,
423,2967,0.8281733989715576,0.8281733989715576,,0.8281733989715576,,,,,,
424,2968,,,0.7599300146102905,,0.7599300146102905,0.7599300146102905,,,,
424,2969,,,0.8319280743598938,,0.8319280743598938,0.8319280743598938,,,,
424,2970,,,1.268125057220459,,1.268125057220459,1.268125057220459,,,,
424,2971,,,0.680294394493103,,0.680294394493103,0.680294394493103,,,,
424,2972,,,0.4510084092617035,,0.4510084092617035,0.4510084092617035,,,,
424,2973,,,0.8283206224441528,,0.8283206224441528,0.8283206224441528,,,,
424,2974,,,1.1787424087524414,,1.1787424087524414,1.1787424087524414,,,,
,424,,,,,,,,,0.964557409286499,0.964557409286499
424,2974,,,,,,,0.9645573496818542,0.9645573496818542,,
424,2974,0.8253544569015503,0.8253544569015503,,0.8253544569015503,,,,,,
425,2975,,,0.5165567994117737,,0.5165567994117737,0.5165567994117737,,,,
425,2976,,,1.3505786657333374,,1.3505786657333374,1.3505786657333374,,,,
425,2977,,,0.8193411231040955,,0.8193411231040955,0.8193411231040955,,,,
425,2978,,,0.7625893354415894,,0.7625893354415894,0.7625893354415894,,,,
425,2979,,,0.3537253141403198,,0.3537253141403198,0.3537253141403198,,,,
425,2980,,,0.8590539693832397,,0.8590539693832397,0.8590539693832397,,,,
425,2981,,,1.534072756767273,,1.534072756767273,1.534072756767273,,,,
,425,,,,,,,,,0.9642598628997803,0.9642598628997803
425,2981,,,,,,,0.9642598032951355,0.9642598032951355,,
425,2981,0.8215094804763794,0.8215094804763794,,0.8215094804763794,,,,,,
426,2982,,,1.4726008176803589,,1.4726008176803589,1.4726008176803589,,,,
426,2983,,,0.6662052273750305,,0.6662052273750305,0.6662052273750305,,,,
426,2984,,,0.8332653641700745,,0.8332653641700745,0.8332653641700745,,,,
426,2985,,,0.8191661834716797,,0.8191661834716797,0.8191661834716797,,,,
426,2986,,,0.674900472164154,,0.674900472164154,0.674900472164154,,,,
426,2987,,,0.5288220047950745,,0.5288220047950745,0.5288220047950745,,,,
426,2988,,,0.5839780569076538,,0.5839780569076538,0.5839780569076538,,,,
,426,,,,,,,,,0.9486662745475769,0.9486662745475769
426,2988,,,,,,,0.9486662745475769,0.9486662745475769,,
426,2988,0.8178747296333313,0.8178747296333313,,0.8178747296333313,,,,,,
427,2989,,,0.6368902325630188,,0.6368902325630188,0.6368902325630188,,,,
427,2990,,,0.8488268852233887,,0.8488268852233887,0.8488268852233887,,,,
427,2991,,,0.508857250213623,,0.508857250213623,0.508857250213623,,,,
427,2992,,,0.9222851395606995,,0.9222851395606995,0.9222851395606995,,,,
427,2993,,,1.2619911432266235,,1.2619911432266235,1.2619911432266235,,,,
427,2994,,,0.7590044736862183,,0.7590044736862183,0.7590044736862183,,,,
427,2995,,,0.6780728101730347,,0.6780728101730347,0.6780728101730347,,,,
,427,,,,,,,,,0.937262773513794,0.937262773513794
427,2995,,,,,,,0.9372628331184387,0.9372628331184387,,
427,2995,0.8144521713256836,0.8144521713256836,,0.8144521713256836,,,,,,
428,2996,,,1.278207540512085,,1.278207540512085,1.278207540512085,,,,
428,2997,,,0.8981167674064636,,0.8981167674064636,0.8981167674064636,,,,
428,2998,,,0.5306694507598877,,0.5306694507598877,0.5306694507598877,,,,
428,2999,,,0.8433032631874084,,0.8433032631874084,0.8433032631874084,,,,
428,3000,,,0.5201981663703918,,0.5201981663703918,0.5201981663703918,,,,
428,3001,,,0.35280776023864746,,0.35280776023864746,0.35280776023864746,,,,
428,3002,,,2.003464698791504,,2.003464698791504,2.003464698791504,,,,
,428,,,,,,,,,0.928604781627655,0.928604781627655
428,3002,,,,,,,0.928604781627655,0.928604781627655,,
428,3002,0.8117022514343262,0.8117022514343262,,0.8117022514343262,,,,,,
429,3003,,,1.221236228942871,,1.221236228942871,1.221236228942871,,,,
429,3004,,,0.6493575572967529,,0.6493575572967529,0.6493575572967529,,,,
429,3005,,,0.7794813513755798,,0.7794813513755798,0.7794813513755798,,,,
429,3006,,,1.2821258306503296,,1.2821258306503296,1.2821258306503296,,,,
429,3007,,,0.3925081193447113,,0.3925081193447113,0.3925081193447113,,,,
429,3008,,,0.5927545428276062,,0.5927545428276062,0.5927545428276062,,,,
429,3009,,,0.5949429869651794,,0.5949429869651794,0.5949429869651794,,,,
,429,,,,,,,,,0.9170073866844177,0.9170073866844177
429,3009,,,,,,,0.9170073866844177,0.9170073866844177,,
429,3009,0.8063634037971497,0.8063634037971497,,0.8063634037971497,,,,,,
430,3010,,,0.7516768574714661,,0.7516768574714661,0.7516768574714661,,,,
430,3011,,,1.0289371013641357,,1.0289371013641357,1.0289371013641357,,,,
430,3012,,,0.5318278074264526,,0.5318278074264526,0.5318278074264526,,,,
430,3013,,,0.8335325121879578,,0.8335325121879578,0.8335325121879578,,,,
430,3014,,,0.9721087217330933,,0.9721087217330933,0.9721087217330933,,,,
430,3015,,,0.7886938452720642,,0.7886938452720642,0.7886938452720642,,,,
430,3016,,,0.5609844326972961,,0.5609844326972961,0.5609844326972961,,,,
,430,,,,,,,,,0.9023423194885254,0.9023423194885254
430,3016,,,,,,,0.9023423194885254,0.9023423194885254,,
430,3016,0.8026895523071289,0.8026895523071289,,0.8026895523071289,,,,,,
431,3017,,,0.49005624651908875,,0.49005624651908875,0.49005624651908875,,,,
431,3018,,,0.9368388652801514,,0.9368388652801514,0.9368388652801514,,,,
431,3019,,,1.1302908658981323,,1.1302908658981323,1.1302908658981323,,,,
431,3020,,,0.9262515306472778,,0.9262515306472778,0.9262515306472778,,,,
431,3021,,,0.8423019051551819,,0.8423019051551819,0.8423019051551819,,,,
431,3022,,,0.6043955683708191,,0.6043955683708191,0.6043955683708191,,,,
431,3023,,,0.4449201226234436,,0.4449201226234436,0.4449201226234436,,,,
,431,,,,,,,,,0.8963426351547241,0.8963426351547241
431,3023,,,,,,,0.8963426351547241,0.8963426351547241,,
431,3023,0.7995262145996094,0.7995262145996094,,0.7995262145996094,,,,,,
432,3024,,,0.6541581749916077,,0.6541581749916077,0.6541581749916077,,,,
432,3025,,,0.7471961379051208,,0.7471961379051208,0.7471961379051208,,,,
432,3026,,,1.4089064598083496,,1.4089064598083496,1.4089064598083496,,,,
432,3027,,,0.43737030029296875,,0.43737030029296875,0.43737030029296875,,,,
432,3028,,,0.44005832076072693,,0.44005832076072693,0.44005832076072693,,,,
432,3029,,,1.1138510704040527,,1.1138510704040527,1.1138510704040527,,,,
432,3030,,,0.7357637286186218,,0.7357637286186218,0.7357637286186218,,,,
,432,,,,,,,,,0.8916813731193542,0.8916813731193542
432,3030,,,,,,,0.8916813731193542,0.8916813731193542,,
432,3030,0.7964630126953125,0.7964630126953125,,0.7964630126953125,,,,,,
433,3031,,,0.5790377855300903,,0.5790377855300903,0.5790377855300903,,,,
433,3032,,,0.7122448086738586,,0.7122448086738586,0.7122448086738586,,,,
433,3033,,,1.6489253044128418,,1.6489253044128418,1.6489253044128418,,,,
433,3034,,,0.7196298837661743,,0.7196298837661743,0.7196298837661743,,,,
433,3035,,,0.5195140242576599,,0.5195140242576599,0.5195140242576599,,,,
433,3036,,,0.6316729784011841,,0.6316729784011841,0.6316729784011841,,,,
433,3037,,,0.6638793349266052,,0.6638793349266052,0.6638793349266052,,,,
,433,,,,,,,,,0.8859773874282837,0.8859773874282837
433,3037,,,,,,,0.8859773874282837,0.8859773874282837,,
433,3037,0.7937222719192505,0.7937222719192505,,0.7937222719192505,,,,,,
434,3038,,,0.6810493469238281,,0.6810493469238281,0.6810493469238281,,,,
434,3039,,,0.7480043172836304,,0.7480043172836304,0.7480043172836304,,,,
434,3040,,,0.7310189008712769,,0.7310189008712769,0.7310189008712769,,,,
434,3041,,,0.9140194058418274,,0.9140194058418274,0.9140194058418274,,,,
434,3042,,,0.5983403325080872,,0.5983403325080872,0.5983403325080872,,,,
434,3043,,,1.2339941263198853,,1.2339941263198853,1.2339941263198853,,,,
434,3044,,,0.35868629813194275,,0.35868629813194275,0.35868629813194275,,,,
,434,,,,,,,,,0.8857302069664001,0.8857302069664001
434,3044,,,,,,,0.8857302069664001,0.8857302069664001,,
434,3044,0.7907347083091736,0.7907347083091736,,0.7907347083091736,,,,,,
435,3045,,,0.6437760591506958,,0.6437760591506958,0.6437760591506958,,,,
435,3046,,,0.6594688296318054,,0.6594688296318054,0.6594688296318054,,,,
435,3047,,,0.8781358003616333,,0.8781358003616333,0.8781358003616333,,,,
435,3048,,,0.5236221551895142,,0.5236221551895142,0.5236221551895142,,,,
435,3049,,,0.7566704750061035,,0.7566704750061035,0.7566704750061035,,,,
435,3050,,,0.7852361798286438,,0.7852361798286438,0.7852361798286438,,,,
435,3051,,,2.0711352825164795,,2.0711352825164795,2.0711352825164795,,,,
,435,,,,,,,,,0.8922815918922424,0.8922815918922424
435,3051,,,,,,,0.8922815918922424,0.8922815918922424,,
435,3051,0.7880133986473083,0.7880133986473083,,0.7880133986473083,,,,,,
436,3052,,,0.4834533929824829,,0.4834533929824829,0.4834533929824829,,,,
436,3053,,,0.9810590147972107,,0.9810590147972107,0.9810590147972107,,,,
436,3054,,,0.5200077891349792,,0.5200077891349792,0.5200077891349792,,,,
436,3055,,,0.8030153512954712,,0.8030153512954712,0.8030153512954712,,,,
436,3056,,,0.6470003724098206,,0.6470003724098206,0.6470003724098206,,,,
436,3057,,,1.4789113998413086,,1.4789113998413086,1.4789113998413086,,,,
436,3058,,,0.24047967791557312,,0.24047967791557312,0.24047967791557312,,,,
,436,,,,,,,,,0.8865769505500793,0.8865769505500793
436,3058,,,,,,,0.8865769505500793,0.8865769505500793,,
436,3058,0.7848827242851257,0.7848827242851257,,0.7848827242851257,,,,,,
437,3059,,,1.2345595359802246,,1.2345595359802246,1.2345595359802246,,,,
437,3060,,,0.3622773289680481,,0.3622773289680481,0.3622773289680481,,,,
437,3061,,,0.40975576639175415,,0.40975576639175415,0.40975576639175415,,,,
437,3062,,,0.7815414667129517,,0.7815414667129517,0.7815414667129517,,,,
437,3063,,,0.6499195098876953,,0.6499195098876953,0.6499195098876953,,,,
437,3064,,,0.5873154401779175,,0.5873154401779175,0.5873154401779175,,,,
437,3065,,,2.5620274543762207,,2.5620274543762207,2.5620274543762207,,,,
,437,,,,,,,,,0.8774766325950623,0.8774766325950623
437,3065,,,,,,,0.8774766325950623,0.8774766325950623,,
437,3065,0.782137930393219,0.782137930393219,,0.782137930393219,,,,,,
438,3066,,,0.8446714282035828,,0.8446714282035828,0.8446714282035828,,,,
438,3067,,,0.5124726295471191,,0.5124726295471191,0.5124726295471191,,,,
438,3068,,,0.6924196481704712,,0.6924196481704712,0.6924196481704712,,,,
438,3069,,,0.3795778155326843,,0.3795778155326843,0.3795778155326843,,,,
438,3070,,,1.1708180904388428,,1.1708180904388428,1.1708180904388428,,,,
438,3071,,,0.6928765773773193,,0.6928765773773193,0.6928765773773193,,,,
438,3072,,,1.8025835752487183,,1.8025835752487183,1.8025835752487183,,,,
,438,,,,,,,,,0.8660672903060913,0.8660672903060913
438,3072,,,,,,,0.8660672903060913,0.8660672903060913,,
438,3072,0.7794203758239746,0.7794203758239746,,0.7794203758239746,,,,,,
439,3073,,,0.7836784720420837,,0.7836784720420837,0.7836784720420837,,,,
439,3074,,,0.7695794105529785,,0.7695794105529785,0.7695794105529785,,,,
439,3075,,,1.7799389362335205,,1.7799389362335205,1.7799389362335205,,,,
439,3076,,,0.5031944513320923,,0.5031944513320923,0.5031944513320923,,,,
439,3077,,,0.5065501928329468,,0.5065501928329468,0.5065501928329468,,,,
439,3078,,,0.559078574180603,,0.559078574180603,0.559078574180603,,,,
439,3079,,,0.13345301151275635,,0.13345301151275635,0.13345301151275635,,,,
,439,,,,,,,,,0.8582189083099365,0.8582189083099365
439,3079,,,,,,,0.8582188487052917,0.8582188487052917,,
439,3079,0.7767946124076843,0.7767946124076843,,0.7767946124076843,,,,,,
440,3080,,,0.4016866683959961,,0.4016866683959961,0.4016866683959961,,,,
440,3081,,,0.36448055505752563,,0.36448055505752563,0.36448055505752563,,,,
440,3082,,,1.4849075078964233,,1.4849075078964233,1.4849075078964233,,,,
440,3083,,,0.4830065965652466,,0.4830065965652466,0.4830065965652466,,,,
440,3084,,,0.472533255815506,,0.472533255815506,0.472533255815506,,,,
440,3085,,,1.145561933517456,,1.145561933517456,1.145561933517456,,,,
440,3086,,,1.5642732381820679,,1.5642732381820679,1.5642732381820679,,,,
,440,,,,,,,,,0.8551155924797058,0.8551155924797058
440,3086,,,,,,,0.8551155924797058,0.8551155924797058,,
440,3086,0.7747104167938232,0.7747104167938232,,0.7747104167938232,,,,,,
441,3087,,,0.7783651947975159,,0.7783651947975159,0.7783651947975159,,,,
441,3088,,,0.8866300582885742,,0.8866300582885742,0.8866300582885742,,,,
441,3089,,,0.7065021395683289,,0.7065021395683289,0.7065021395683289,,,,
441,3090,,,0.6123489141464233,,0.6123489141464233,0.6123489141464233,,,,
441,3091,,,1.3279786109924316,,1.3279786109924316,1.3279786109924316,,,,
441,3092,,,0.4849857985973358,,0.4849857985973358,0.4849857985973358,,,,
441,3093,,,0.3259039521217346,,0.3259039521217346,0.3259039521217346,,,,
,441,,,,,,,,,0.8605361580848694,0.8605361580848694
441,3093,,,,,,,0.8605361580848694,0.8605361580848694,,
441,3093,0.7716116905212402,0.7716116905212402,,0.7716116905212402,,,,,,
442,3094,,,0.46355748176574707,,0.46355748176574707,0.46355748176574707,,,,
442,3095,,,0.6333761811256409,,0.6333761811256409,0.6333761811256409,,,,
442,3096,,,1.006195068359375,,1.006195068359375,1.006195068359375,,,,
442,3097,,,0.5485051870346069,,0.5485051870346069,0.5485051870346069,,,,
442,3098,,,1.0948110818862915,,1.0948110818862915,1.0948110818862915,,,,
442,3099,,,0.8712734580039978,,0.8712734580039978,0.8712734580039978,,,,
442,3100,,,0.754115879535675,,0.754115879535675,0.754115879535675,,,,
,442,,,,,,,,,0.8618817925453186,0.8618817925453186
442,3100,,,,,,,0.8618817925453186,0.8618817925453186,,
442,3100,0.7687077522277832,0.7687077522277832,,0.7687077522277832,,,,,,
443,3101,,,1.0281027555465698,,1.0281027555465698,1.0281027555465698,,,,
443,3102,,,0.9727924466133118,,0.9727924466133118,0.9727924466133118,,,,
443,3103,,,0.8381080627441406,,0.8381080627441406,0.8381080627441406,,,,
443,3104,,,0.6070176362991333,,0.6070176362991333,0.6070176362991333,,,,
443,3105,,,0.610000729560852,,0.610000729560852,0.610000729560852,,,,
443,3106,,,0.5772892832756042,,0.5772892832756042,0.5772892832756042,,,,
443,3107,,,0.6671524047851562,,0.6671524047851562,0.6671524047851562,,,,
,443,,,,,,,,,0.8594454526901245,0.8594454526901245
443,3107,,,,,,,0.8594454526901245,0.8594454526901245,,
443,3107,0.7660381197929382,0.7660381197929382,,0.7660381197929382,,,,,,
444,3108,,,0.4200512170791626,,0.4200512170791626,0.4200512170791626,,,,
444,3109,,,0.9709087014198303,,0.9709087014198303,0.9709087014198303,,,,
444,3110,,,0.5730737447738647,,0.5730737447738647,0.5730737447738647,,,,
444,3111,,,1.398956537246704,,1.398956537246704,1.398956537246704,,,,
444,3112,,,0.5565440058708191,,0.5565440058708191,0.5565440058708191,,,,
444,3113,,,0.7910525798797607,,0.7910525798797607,0.7910525798797607,,,,
444,3114,,,0.42355719208717346,,0.42355719208717346,0.42355719208717346,,,,
,444,,,,,,,,,0.844853937625885,0.844853937625885
444,3114,,,,,,,0.844853937625885,0.844853937625885,,
444,3114,0.7638307213783264,0.7638307213783264,,0.7638307213783264,,,,,,
445,3115,,,0.4446077048778534,,0.4446077048778534,0.4446077048778534,,,,
445,3116,,,1.54715096950531,,1.54715096950531,1.54715096950531,,,,
445,3117,,,0.45417845249176025,,0.45417845249176025,0.45417845249176025,,,,
445,3118,,,0.8400924205780029,,0.8400924205780029,0.8400924205780029,,,,
445,3119,,,0.5380954742431641,,0.5380954742431641,0.5380954742431641,,,,
445,3120,,,0.9025004506111145,,0.9025004506111145,0.9025004506111145,,,,
445,3121,,,0.3256531357765198,,0.3256531357765198,0.3256531357765198,,,,
,445,,,,,,,,,0.8319405913352966,0.8319405913352966
445,3121,,,,,,,0.8319405913352966,0.8319405913352966,,
445,3121,0.7605875134468079,0.7605875134468079,,0.7605875134468079,,,,,,
446,3122,,,0.6484993696212769,,0.6484993696212769,0.6484993696212769,,,,
446,3123,,,0.4301271140575409,,0.4301271140575409,0.4301271140575409,,,,
446,3124,,,1.065824270248413,,1.065824270248413,1.065824270248413,,,,
446,3125,,,0.9057803750038147,,0.9057803750038147,0.9057803750038147,,,,
446,3126,,,0.5820627212524414,,0.5820627212524414,0.5820627212524414,,,,
446,3127,,,0.820794403553009,,0.820794403553009,0.820794403553009,,,,
446,3128,,,1.0094960927963257,,1.0094960927963257,1.0094960927963257,,,,
,446,,,,,,,,,0.8183245062828064,0.8183245062828064
446,3128,,,,,,,0.8183245062828064,0.8183245062828064,,
446,3128,0.7579057812690735,0.7579057812690735,,0.7579057812690735,,,,,,
447,3129,,,0.585158109664917,,0.585158109664917,0.585158109664917,,,,
447,3130,,,0.7974466681480408,,0.7974466681480408,0.7974466681480408,,,,
447,3131,,,0.42667651176452637,,0.42667651176452637,0.42667651176452637,,,,
447,3132,,,0.8867831230163574,,0.8867831230163574,0.8867831230163574,,,,
447,3133,,,0.9264177083969116,,0.9264177083969116,0.9264177083969116,,,,
447,3134,,,1.1257845163345337,,1.1257845163345337,1.1257845163345337,,,,
447,3135,,,0.17833949625492096,,0.17833949625492096,0.17833949625492096,,,,
,447,,,,,,,,,0.8108483552932739,0.8108483552932739
447,3135,,,,,,,0.8108483552932739,0.8108483552932739,,
447,3135,0.7553167343139648,0.7553167343139648,,0.7553167343139648,,,,,,
448,3136,,,0.5299640893936157,,0.5299640893936157,0.5299640893936157,,,,
448,3137,,,0.6569086909294128,,0.6569086909294128,0.6569086909294128,,,,
448,3138,,,0.46998438239097595,,0.46998438239097595,0.46998438239097595,,,,
448,3139,,,1.2706738710403442,,1.2706738710403442,1.2706738710403442,,,,
448,3140,,,0.8355553150177002,,0.8355553150177002,0.8355553150177002,,,,
448,3141,,,0.3917161524295807,,0.3917161524295807,0.3917161524295807,,,,
448,3142,,,1.7154628038406372,,1.7154628038406372,1.7154628038406372,,,,
,448,,,,,,,,,0.793182373046875,0.793182373046875
448,3142,,,,,,,0.793182373046875,0.793182373046875,,
448,3142,0.7526432871818542,0.7526432871818542,,0.7526432871818542,,,,,,
449,3143,,,0.5014147162437439,,0.5014147162437439,0.5014147162437439,,,,
449,3144,,,0.7356120347976685,,0.7356120347976685,0.7356120347976685,,,,
449,3145,,,1.088688611984253,,1.088688611984253,1.088688611984253,,,,
449,3146,,,0.8807311654090881,,0.8807311654090881,0.8807311654090881,,,,
449,3147,,,0.8591195344924927,,0.8591195344924927,0.8591195344924927,,,,
449,3148,,,0.5423702597618103,,0.5423702597618103,0.5423702597618103,,,,
449,3149,,,0.45837342739105225,,0.45837342739105225,0.45837342739105225,,,,
,449,,,,,,,,,0.778934121131897,0.778934121131897
449,3149,,,,,,,0.778934121131897,0.778934121131897,,
449,3149,0.7497767210006714,0.7497767210006714,,0.7497767210006714,,,,,,
450,3150,,,0.5342068672180176,,0.5342068672180176,0.5342068672180176,,,,
450,3151,,,0.6751249432563782,,0.6751249432563782,0.6751249432563782,,,,
450,3152,,,0.9876746535301208,,0.9876746535301208,0.9876746535301208,,,,
450,3153,,,0.7300451397895813,,0.7300451397895813,0.7300451397895813,,,,
450,3154,,,1.2382076978683472,,1.2382076978683472,1.2382076978683472,,,,
450,3155,,,0.38114452362060547,,0.38114452362060547,0.38114452362060547,,,,
450,3156,,,0.5769555568695068,,0.5769555568695068,0.5769555568695068,,,,
,450,,,,,,,,,0.7735176086425781,0.7735176086425781
450,3156,,,,,,,0.7735176086425781,0.7735176086425781,,
450,3156,0.7470999360084534,0.7470999360084534,,0.7470999360084534,,,,,,
451,3157,,,0.814151406288147,,0.814151406288147,0.814151406288147,,,,
451,3158,,,0.8302289843559265,,0.8302289843559265,0.8302289843559265,,,,
451,3159,,,0.7683278918266296,,0.7683278918266296,0.7683278918266296,,,,
451,3160,,,1.1756078004837036,,1.1756078004837036,1.1756078004837036,,,,
451,3161,,,0.49146413803100586,,0.49146413803100586,0.49146413803100586,,,,
451,3162,,,0.42411723732948303,,0.42411723732948303,0.42411723732948303,,,,
451,3163,,,0.640109121799469,,0.640109121799469,0.640109121799469,,,,
,451,,,,,,,,,0.7742340564727783,0.7742340564727783
451,3163,,,,,,,0.7742341160774231,0.7742341160774231,,
451,3163,0.7441471219062805,0.7441471219062805,,0.7441471219062805,,,,,,
452,3164,,,0.4282362163066864,,0.4282362163066864,0.4282362163066864,,,,
452,3165,,,0.599648654460907,,0.599648654460907,0.599648654460907,,,,
452,3166,,,1.0829836130142212,,1.0829836130142212,1.0829836130142212,,,,
452,3167,,,1.2984095811843872,,1.2984095811843872,1.2984095811843872,,,,
452,3168,,,0.5473852753639221,,0.5473852753639221,0.5473852753639221,,,,
452,3169,,,0.682052731513977,,0.682052731513977,0.682052731513977,,,,
452,3170,,,0.23191000521183014,,0.23191000521183014,0.23191000521183014,,,,
,452,,,,,,,,,0.7669268846511841,0.7669268846511841
452,3170,,,,,,,0.7669268846511841,0.7669268846511841,,
452,3170,0.7412834167480469,0.7412834167480469,,0.7412834167480469,,,,,,
453,3171,,,0.6855810284614563,,0.6855810284614563,0.6855810284614563,,,,
453,3172,,,0.38421162962913513,,0.38421162962913513,0.38421162962913513,,,,
453,3173,,,1.1353448629379272,,1.1353448629379272,1.1353448629379272,,,,
453,3174,,,0.3279879689216614,,0.3279879689216614,0.3279879689216614,,,,
453,3175,,,1.069434642791748,,1.069434642791748,1.069434642791748,,,,
453,3176,,,0.8568204045295715,,0.8568204045295715,0.8568204045295715,,,,
453,3177,,,0.665350615978241,,0.665350615978241,0.665350615978241,,,,
,453,,,,,,,,,0.7674933671951294,0.7674933671951294
453,3177,,,,,,,0.7674933671951294,0.7674933671951294,,
453,3177,0.7386489510536194,0.7386489510536194,,0.7386489510536194,,,,,,
454,3178,,,0.5836521983146667,,0.5836521983146667,0.5836521983146667,,,,
454,3179,,,0.3252120316028595,,0.3252120316028595,0.3252120316028595,,,,
454,3180,,,1.0353283882141113,,1.0353283882141113,1.0353283882141113,,,,
454,3181,,,0.40926623344421387,,0.40926623344421387,0.40926623344421387,,,,
454,3182,,,0.7850276827812195,,0.7850276827812195,0.7850276827812195,,,,
454,3183,,,1.0826915502548218,,1.0826915502548218,1.0826915502548218,,,,
454,3184,,,1.2530192136764526,,1.2530192136764526,1.2530192136764526,,,,
,454,,,,,,,,,0.7838178277015686,0.7838178277015686
454,3184,,,,,,,0.7838178277015686,0.7838178277015686,,
454,3184,0.7358525395393372,0.7358525395393372,,0.7358525395393372,,,,,,
455,3185,,,0.5326283574104309,,0.5326283574104309,0.5326283574104309,,,,
455,3186,,,0.41871321201324463,,0.41871321201324463,0.41871321201324463,,,,
455,3187,,,0.6945158839225769,,0.6945158839225769,0.6945158839225769,,,,
455,3188,,,0.4831721782684326,,0.4831721782684326,0.4831721782684326,,,,
455,3189,,,1.6889318227767944,,1.6889318227767944,1.6889318227767944,,,,
455,3190,,,0.6942254900932312,,0.6942254900932312,0.6942254900932312,,,,
455,3191,,,0.4318945109844208,,0.4318945109844208,0.4318945109844208,,,,
,455,,,,,,,,,0.7845789194107056,0.7845789194107056
455,3191,,,,,,,0.7845789194107056,0.7845789194107056,,
455,3191,0.7331995964050293,0.7331995964050293,,0.7331995964050293,,,,,,
456,3192,,,1.0433263778686523,,1.0433263778686523,1.0433263778686523,,,,
456,3193,,,0.6416717171669006,,0.6416717171669006,0.6416717171669006,,,,
456,3194,,,1.1953643560409546,,1.1953643560409546,1.1953643560409546,,,,
456,3195,,,0.4734100103378296,,0.4734100103378296,0.4734100103378296,,,,
456,3196,,,0.39865604043006897,,0.39865604043006897,0.39865604043006897,,,,
456,3197,,,0.5811641216278076,,0.5811641216278076,0.5811641216278076,,,,
456,3198,,,0.8633564114570618,,0.8633564114570618,0.8633564114570618,,,,
,456,,,,,,,,,0.7823975086212158,0.7823975086212158
456,3198,,,,,,,0.7823975682258606,0.7823975682258606,,
456,3198,0.7305649518966675,0.7305649518966675,,0.7305649518966675,,,,,,
457,3199,,,1.1577715873718262,,1.1577715873718262,1.1577715873718262,,,,
457,3200,,,0.8102498650550842,,0.8102498650550842,0.8102498650550842,,,,
457,3201,,,1.2594636678695679,,1.2594636678695679,1.2594636678695679,,,,
457,3202,,,0.43669185042381287,,0.43669185042381287,0.43669185042381287,,,,
457,3203,,,0.3134790062904358,,0.3134790062904358,0.3134790062904358,,,,
457,3204,,,0.4700489640235901,,0.4700489640235901,0.4700489640235901,,,,
457,3205,,,0.522239625453949,,0.522239625453949,0.522239625453949,,,,
,457,,,,,,,,,0.7882729172706604,0.7882729172706604
457,3205,,,,,,,0.7882729172706604,0.7882729172706604,,
457,3205,0.7283991575241089,0.7283991575241089,,0.7283991575241089,,,,,,
458,3206,,,0.6763829588890076,,0.6763829588890076,0.6763829588890076,,,,
458,3207,,,0.8554275035858154,,0.8554275035858154,0.8554275035858154,,,,
458,3208,,,0.7568288445472717,,0.7568288445472717,0.7568288445472717,,,,
458,3209,,,1.0950396060943604,,1.0950396060943604,1.0950396060943604,,,,
458,3210,,,0.4159013628959656,,0.4159013628959656,0.4159013628959656,,,,
458,3211,,,0.7202308177947998,,0.7202308177947998,0.7202308177947998,,,,
458,3212,,,0.2960875630378723,,0.2960875630378723,0.2960875630378723,,,,
,458,,,,,,,,,0.787867546081543,0.787867546081543
458,3212,,,,,,,0.787867546081543,0.787867546081543,,
458,3212,0.7264069318771362,0.7264069318771362,,0.7264069318771362,,,,,,
459,3213,,,1.0928070545196533,,1.0928070545196533,1.0928070545196533,,,,
459,3214,,,0.7042505145072937,,0.7042505145072937,0.7042505145072937,,,,
459,3215,,,0.7701169848442078,,0.7701169848442078,0.7701169848442078,,,,
459,3216,,,0.5208408832550049,,0.5208408832550049,0.5208408832550049,,,,
459,3217,,,0.8553898930549622,,0.8553898930549622,0.8553898930549622,,,,
459,3218,,,0.3269253373146057,,0.3269253373146057,0.3269253373146057,,,,
459,3219,,,0.911520779132843,,0.911520779132843,0.911520779132843,,,,
,459,,,,,,,,,0.7851055264472961,0.7851055264472961
459,3219,,,,,,,0.7851055264472961,0.7851055264472961,,
459,3219,0.7234746813774109,0.7234746813774109,,0.7234746813774109,,,,,,
460,3220,,,0.5122827291488647,,0.5122827291488647,0.5122827291488647,,,,
460,3221,,,0.35931187868118286,,0.35931187868118286,0.35931187868118286,,,,
460,3222,,,0.8435531854629517,,0.8435531854629517,0.8435531854629517,,,,
460,3223,,,0.6840853691101074,,0.6840853691101074,0.6840853691101074,,,,
460,3224,,,0.44206032156944275,,0.44206032156944275,0.44206032156944275,,,,
460,3225,,,1.2763550281524658,,1.2763550281524658,1.2763550281524658,,,,
460,3226,,,1.2766063213348389,,1.2766063213348389,1.2766063213348389,,,,
,460,,,,,,,,,0.7910059094429016,0.7910059094429016
460,3226,,,,,,,0.7910059094429016,0.7910059094429016,,
460,3226,0.721000075340271,0.721000075340271,,0.721000075340271,,,,,,
461,3227,,,1.0119574069976807,,1.0119574069976807,1.0119574069976807,,,,
461,3228,,,0.40269213914871216,,0.40269213914871216,0.40269213914871216,,,,
461,3229,,,0.30680015683174133,,0.30680015683174133,0.30680015683174133,,,,
461,3230,,,1.0158495903015137,,1.0158495903015137,1.0158495903015137,,,,
461,3231,,,0.7680158019065857,,0.7680158019065857,0.7680158019065857,,,,
461,3232,,,0.9764449596405029,,0.9764449596405029,0.9764449596405029,,,,
461,3233,,,0.2703673839569092,,0.2703673839569092,0.2703673839569092,,,,
,461,,,,,,,,,0.7873563170433044,0.7873563170433044
461,3233,,,,,,,0.7873563170433044,0.7873563170433044,,
461,3233,0.7189251780509949,0.7189251780509949,,0.7189251780509949,,,,,,
462,3234,,,1.0026029348373413,,1.0026029348373413,1.0026029348373413,,,,
462,3235,,,0.5495349168777466,,0.5495349168777466,0.5495349168777466,,,,
462,3236,,,1.277387261390686,,1.277387261390686,1.277387261390686,,,,
462,3237,,,0.5725843906402588,,0.5725843906402588,0.5725843906402588,,,,
462,3238,,,0.31457212567329407,,0.31457212567329407,0.31457212567329407,,,,
462,3239,,,0.7410145401954651,,0.7410145401954651,0.7410145401954651,,,,
462,3240,,,0.28941604495048523,,0.28941604495048523,0.28941604495048523,,,,
,462,,,,,,,,,0.774743914604187,0.774743914604187
462,3240,,,,,,,0.774743914604187,0.774743914604187,,
462,3240,0.716270923614502,0.716270923614502,,0.716270923614502,,,,,,
463,3241,,,0.46870923042297363,,0.46870923042297363,0.46870923042297363,,,,
463,3242,,,0.6128474473953247,,0.6128474473953247,0.6128474473953247,,,,
463,3243,,,0.37276095151901245,,0.37276095151901245,0.37276095151901245,,,,
463,3244,,,1.231865644454956,,1.231865644454956,1.231865644454956,,,,
463,3245,,,1.2508234977722168,,1.2508234977722168,1.2508234977722168,,,,
463,3246,,,0.4365505576133728,,0.4365505576133728,0.4365505576133728,,,,
463,3247,,,0.47154664993286133,,0.47154664993286133,0.47154664993286133,,,,
,463,,,,,,,,,0.755127489566803,0.755127489566803
463,3247,,,,,,,0.755127489566803,0.755127489566803,,
463,3247,0.7137861847877502,0.7137861847877502,,0.7137861847877502,,,,,,
464,3248,,,1.7626789808273315,,1.7626789808273315,1.7626789808273315,,,,
464,3249,,,0.5568088889122009,,0.5568088889122009,0.5568088889122009,,,,
464,3250,,,0.3552897870540619,,0.3552897870540619,0.3552897870540619,,,,
464,3251,,,0.3607376217842102,,0.3607376217842102,0.3607376217842102,,,,
464,3252,,,0.8983560800552368,,0.8983560800552368,0.8983560800552368,,,,
464,3253,,,0.4271363317966461,,0.4271363317966461,0.4271363317966461,,,,
464,3254,,,0.46473467350006104,,0.46473467350006104,0.46473467350006104,,,,
,464,,,,,,,,,0.7469582557678223,0.7469582557678223
464,3254,,,,,,,0.7469582557678223,0.7469582557678223,,
464,3254,0.7114169597625732,0.7114169597625732,,0.7114169597625732,,,,,,
465,3255,,,0.4386861026287079,,0.4386861026287079,0.4386861026287079,,,,
465,3256,,,0.9016156792640686,,0.9016156792640686,0.9016156792640686,,,,
465,3257,,,0.954684853553772,,0.954684853553772,0.954684853553772,,,,
465,3258,,,0.6957436800003052,,0.6957436800003052,0.6957436800003052,,,,
465,3259,,,0.5252271294593811,,0.5252271294593811,0.5252271294593811,,,,
465,3260,,,0.7128959894180298,,0.7128959894180298,0.7128959894180298,,,,
465,3261,,,0.7827175855636597,,0.7827175855636597,0.7827175855636597,,,,
,465,,,,,,,,,0.745527446269989,0.745527446269989
465,3261,,,,,,,0.745527446269989,0.745527446269989,,
465,3261,0.709391713142395,0.709391713142395,,0.709391713142395,,,,,,
466,3262,,,0.9970048666000366,,0.9970048666000366,0.9970048666000366,,,,
466,3263,,,0.47601190209388733,,0.47601190209388733,0.47601190209388733,,,,
466,3264,,,0.6065700650215149,,0.6065700650215149,0.6065700650215149,,,,
466,3265,,,0.6887137293815613,,0.6887137293815613,0.6887137293815613,,,,
466,3266,,,0.8907310962677002,,0.8907310962677002,0.8907310962677002,,,,
466,3267,,,0.498828262090683,,0.498828262090683,0.498828262090683,,,,
466,3268,,,0.9318670630455017,,0.9318670630455017,0.9318670630455017,,,,
,466,,,,,,,,,0.739057719707489,0.739057719707489
466,3268,,,,,,,0.739057719707489,0.739057719707489,,
466,3268,0.7070289850234985,0.7070289850234985,,0.7070289850234985,,,,,,
467,3269,,,0.7369012832641602,,0.7369012832641602,0.7369012832641602,,,,
467,3270,,,0.4473017752170563,,0.4473017752170563,0.4473017752170563,,,,
467,3271,,,0.37011829018592834,,0.37011829018592834,0.37011829018592834,,,,
467,3272,,,1.1298030614852905,,1.1298030614852905,1.1298030614852905,,,,
467,3273,,,0.2552330493927002,,0.2552330493927002,0.2552330493927002,,,,
467,3274,,,0.5084920525550842,,0.5084920525550842,0.5084920525550842,,,,
467,3275,,,2.7841241359710693,,2.7841241359710693,2.7841241359710693,,,,
,467,,,,,,,,,0.7326323390007019,0.7326323390007019
467,3275,,,,,,,0.7326323390007019,0.7326323390007019,,
467,3275,0.7046111822128296,0.7046111822128296,,0.7046111822128296,,,,,,
468,3276,,,0.7308677434921265,,0.7308677434921265,0.7308677434921265,,,,
468,3277,,,1.060450792312622,,1.060450792312622,1.060450792312622,,,,
468,3278,,,0.4220811426639557,,0.4220811426639557,0.4220811426639557,,,,
468,3279,,,0.673735499382019,,0.673735499382019,0.673735499382019,,,,
468,3280,,,0.39147454500198364,,0.39147454500198364,0.39147454500198364,,,,
468,3281,,,0.8950332403182983,,0.8950332403182983,0.8950332403182983,,,,
468,3282,,,0.8109982013702393,,0.8109982013702393,0.8109982013702393,,,,
,468,,,,,,,,,0.7388768792152405,0.7388768792152405
468,3282,,,,,,,0.7388768792152405,0.7388768792152405,,
468,3282,0.7023948431015015,0.7023948431015015,,0.7023948431015015,,,,,,
469,3283,,,0.5075093507766724,,0.5075093507766724,0.5075093507766724,,,,
469,3284,,,1.340745449066162,,1.340745449066162,1.340745449066162,,,,
469,3285,,,0.5875831842422485,,0.5875831842422485,0.5875831842422485,,,,
469,3286,,,0.7529324889183044,,0.7529324889183044,0.7529324889183044,,,,
469,3287,,,0.7133648991584778,,0.7133648991584778,0.7133648991584778,,,,
469,3288,,,0.338026225566864,,0.338026225566864,0.338026225566864,,,,
469,3289,,,0.5928788781166077,,0.5928788781166077,0.5928788781166077,,,,
,469,,,,,,,,,0.7427129149436951,0.7427129149436951
469,3289,,,,,,,0.7427129149436951,0.7427129149436951,,
469,3289,0.6999986171722412,0.6999986171722412,,0.6999986171722412,,,,,,
470,3290,,,0.6342968940734863,,0.6342968940734863,0.6342968940734863,,,,
470,3291,,,0.32060983777046204,,0.32060983777046204,0.32060983777046204,,,,
470,3292,,,0.8605104088783264,,0.8605104088783264,0.8605104088783264,,,,
470,3293,,,1.0118770599365234,,1.0118770599365234,1.0118770599365234,,,,
470,3294,,,0.5356366038322449,,0.5356366038322449,0.5356366038322449,,,,
470,3295,,,0.9696927070617676,,0.9696927070617676,0.9696927070617676,,,,
470,3296,,,0.32540905475616455,,0.32540905475616455,0.32540905475616455,,,,
,470,,,,,,,,,0.7374762296676636,0.7374762296676636
470,3296,,,,,,,0.7374762296676636,0.7374762296676636,,
470,3296,0.6987689137458801,0.6987689137458801,,0.6987689137458801,,,,,,
471,3297,,,0.6240339875221252,,0.6240339875221252,0.6240339875221252,,,,
471,3298,,,0.6868975162506104,,0.6868975162506104,0.6868975162506104,,,,
471,3299,,,0.45620423555374146,,0.45620423555374146,0.45620423555374146,,,,
471,3300,,,1.2609941959381104,,1.2609941959381104,1.2609941959381104,,,,
471,3301,,,0.4511324465274811,,0.4511324465274811,0.4511324465274811,,,,
471,3302,,,0.8180853128433228,,0.8180853128433228,0.8180853128433228,,,,
471,3303,,,0.3728858232498169,,0.3728858232498169,0.3728858232498169,,,,
,471,,,,,,,,,0.729633092880249,0.729633092880249
471,3303,,,,,,,0.7296330332756042,0.7296330332756042,,
471,3303,0.6960281729698181,0.6960281729698181,,0.6960281729698181,,,,,,
472,3304,,,0.8882086873054504,,0.8882086873054504,0.8882086873054504,,,,
472,3305,,,0.9498034715652466,,0.9498034715652466,0.9498034715652466,,,,
472,3306,,,0.5637794733047485,,0.5637794733047485,0.5637794733047485,,,,
472,3307,,,0.42657116055488586,,0.42657116055488586,0.42657116055488586,,,,
472,3308,,,0.7968271970748901,,0.7968271970748901,0.7968271970748901,,,,
472,3309,,,0.6931372880935669,,0.6931372880935669,0.6931372880935669,,,,
472,3310,,,0.2755347192287445,,0.2755347192287445,0.2755347192287445,,,,
,472,,,,,,,,,0.7214699983596802,0.7214699983596802
472,3310,,,,,,,0.7214699983596802,0.7214699983596802,,
472,3310,0.6935925483703613,0.6935925483703613,,0.6935925483703613,,,,,,
473,3311,,,0.5594398379325867,,0.5594398379325867,0.5594398379325867,,,,
473,3312,,,1.030375599861145,,1.030375599861145,1.030375599861145,,,,
473,3313,,,0.4441620409488678,,0.4441620409488678,0.4441620409488678,,,,
473,3314,,,0.46730056405067444,,0.46730056405067444,0.46730056405067444,,,,
473,3315,,,0.6187872290611267,,0.6187872290611267,0.6187872290611267,,,,
473,3316,,,0.9419382810592651,,0.9419382810592651,0.9419382810592651,,,,
473,3317,,,0.9212634563446045,,0.9212634563446045,0.9212634563446045,,,,
,473,,,,,,,,,0.7101221084594727,0.7101221084594727
473,3317,,,,,,,0.7101221084594727,0.7101221084594727,,
473,3317,0.6913689970970154,0.6913689970970154,,0.6913689970970154,,,,,,
474,3318,,,0.46710649132728577,,0.46710649132728577,0.46710649132728577,,,,
474,3319,,,0.4973965585231781,,0.4973965585231781,0.4973965585231781,,,,
474,3320,,,0.8524999022483826,,0.8524999022483826,0.8524999022483826,,,,
474,3321,,,0.5188907980918884,,0.5188907980918884,0.5188907980918884,,,,
474,3322,,,0.944150984287262,,0.944150984287262,0.944150984287262,,,,
474,3323,,,0.9228269457817078,,0.9228269457817078,0.9228269457817078,,,,
474,3324,,,0.5106992721557617,,0.5106992721557617,0.5106992721557617,,,,
,474,,,,,,,,,0.6905211210250854,0.6905211210250854
474,3324,,,,,,,0.6905211210250854,0.6905211210250854,,
474,3324,0.689315140247345,0.689315140247345,,0.689315140247345,,,,,,
475,3325,,,0.9627436399459839,,0.9627436399459839,0.9627436399459839,,,,
475,3326,,,1.18222177028656,,1.18222177028656,1.18222177028656,,,,
475,3327,,,0.42872512340545654,,0.42872512340545654,0.42872512340545654,,,,
475,3328,,,0.4934079051017761,,0.4934079051017761,0.4934079051017761,,,,
475,3329,,,0.3419533967971802,,0.3419533967971802,0.3419533967971802,,,,
475,3330,,,0.7621794939041138,,0.7621794939041138,0.7621794939041138,,,,
475,3331,,,0.5539239048957825,,0.5539239048957825,0.5539239048957825,,,,
,475,,,,,,,,,0.6798414587974548,0.6798414587974548
475,3331,,,,,,,0.6798414587974548,0.6798414587974548,,
475,3331,0.6868945956230164,0.6868945956230164,,0.6868945956230164,,,,,,
476,3332,,,1.2435237169265747,,1.2435237169265747,1.2435237169265747,,,,
476,3333,,,0.37944772839546204,,0.37944772839546204,0.37944772839546204,,,,
476,3334,,,0.29628986120224,,0.29628986120224,0.29628986120224,,,,
476,3335,,,0.601482093334198,,0.601482093334198,0.601482093334198,,,,
476,3336,,,1.2110400199890137,,1.2110400199890137,1.2110400199890137,,,,
476,3337,,,0.47805821895599365,,0.47805821895599365,0.47805821895599365,,,,
476,3338,,,0.4152008295059204,,0.4152008295059204,0.4152008295059204,,,,
,476,,,,,,,,,0.672059178352356,0.672059178352356
476,3338,,,,,,,0.672059178352356,0.672059178352356,,
476,3338,0.6847909092903137,0.6847909092903137,,0.6847909092903137,,,,,,
477,3339,,,0.6701529622077942,,0.6701529622077942,0.6701529622077942,,,,
477,3340,,,0.5230353474617004,,0.5230353474617004,0.5230353474617004,,,,
477,3341,,,0.9000820517539978,,0.9000820517539978,0.9000820517539978,,,,
477,3342,,,0.84697026014328,,0.84697026014328,0.84697026014328,,,,
477,3343,,,0.6932410001754761,,0.6932410001754761,0.6932410001754761,,,,
477,3344,,,0.578220009803772,,0.578220009803772,0.578220009803772,,,,
477,3345,,,0.3720182478427887,,0.3720182478427887,0.3720182478427887,,,,
,477,,,,,,,,,0.6676128506660461,0.6676128506660461
477,3345,,,,,,,0.6676128506660461,0.6676128506660461,,
477,3345,0.6825424432754517,0.6825424432754517,,0.6825424432754517,,,,,,
478,3346,,,0.7426289319992065,,0.7426289319992065,0.7426289319992065,,,,
478,3347,,,0.8529714345932007,,0.8529714345932007,0.8529714345932007,,,,
478,3348,,,0.5861108899116516,,0.5861108899116516,0.5861108899116516,,,,
478,3349,,,1.1982765197753906,,1.1982765197753906,1.1982765197753906,,,,
478,3350,,,0.5794771909713745,,0.5794771909713745,0.5794771909713745,,,,
478,3351,,,0.30878958106040955,,0.30878958106040955,0.30878958106040955,,,,
478,3352,,,0.1950116604566574,,0.1950116604566574,0.1950116604566574,,,,
,478,,,,,,,,,0.6676456332206726,0.6676456332206726
478,3352,,,,,,,0.6676456332206726,0.6676456332206726,,
478,3352,0.6810014247894287,0.6810014247894287,,0.6810014247894287,,,,,,
479,3353,,,0.6232885718345642,,0.6232885718345642,0.6232885718345642,,,,
479,3354,,,0.5465718507766724,,0.5465718507766724,0.5465718507766724,,,,
479,3355,,,0.941684365272522,,0.941684365272522,0.941684365272522,,,,
479,3356,,,0.395319402217865,,0.395319402217865,0.395319402217865,,,,
479,3357,,,0.6961851119995117,,0.6961851119995117,0.6961851119995117,,,,
479,3358,,,0.897105872631073,,0.897105872631073,0.897105872631073,,,,
479,3359,,,0.5965223908424377,,0.5965223908424377,0.5965223908424377,,,,
,479,,,,,,,,,0.6670657396316528,0.6670657396316528
479,3359,,,,,,,0.6670657396316528,0.6670657396316528,,
479,3359,0.6782510876655579,0.6782510876655579,,0.6782510876655579,,,,,,
480,3360,,,0.2887043356895447,,0.2887043356895447,0.2887043356895447,,,,
480,3361,,,0.5557740926742554,,0.5557740926742554,0.5557740926742554,,,,
480,3362,,,0.49594545364379883,,0.49594545364379883,0.49594545364379883,,,,
480,3363,,,0.9140106439590454,,0.9140106439590454,0.9140106439590454,,,,
480,3364,,,0.7556062936782837,,0.7556062936782837,0.7556062936782837,,,,
480,3365,,,0.9247409105300903,,0.9247409105300903,0.9247409105300903,,,,
480,3366,,,1.0050936937332153,,1.0050936937332153,1.0050936937332153,,,,
,480,,,,,,,,,0.666180431842804,0.666180431842804
480,3366,,,,,,,0.666180431842804,0.666180431842804,,
480,3366,0.6763437986373901,0.6763437986373901,,0.6763437986373901,,,,,,
481,3367,,,1.261597990989685,,1.261597990989685,1.261597990989685,,,,
481,3368,,,0.622785747051239,,0.622785747051239,0.622785747051239,,,,
481,3369,,,0.7850362062454224,,0.7850362062454224,0.7850362062454224,,,,
481,3370,,,0.44242194294929504,,0.44242194294929504,0.44242194294929504,,,,
481,3371,,,0.33758848905563354,,0.33758848905563354,0.33758848905563354,,,,
481,3372,,,0.6414955258369446,,0.6414955258369446,0.6414955258369446,,,,
481,3373,,,0.5515355467796326,,0.5515355467796326,0.5515355467796326,,,,
,481,,,,,,,,,0.6648257374763489,0.6648257374763489
481,3373,,,,,,,0.6648257374763489,0.6648257374763489,,
481,3373,0.6741570830345154,0.6741570830345154,,0.6741570830345154,,,,,,
482,3374,,,0.8978608250617981,,0.8978608250617981,0.8978608250617981,,,,
482,3375,,,0.9164861440658569,,0.9164861440658569,0.9164861440658569,,,,
482,3376,,,0.4154803454875946,,0.4154803454875946,0.4154803454875946,,,,
482,3377,,,1.1251553297042847,,1.1251553297042847,1.1251553297042847,,,,
482,3378,,,0.360207200050354,,0.360207200050354,0.360207200050354,,,,
482,3379,,,0.4196757376194,,0.4196757376194,0.4196757376194,,,,
482,3380,,,0.41289258003234863,,0.41289258003234863,0.41289258003234863,,,,
,482,,,,,,,,,0.6683032512664795,0.6683032512664795
482,3380,,,,,,,0.6683031916618347,0.6683031916618347,,
482,3380,0.6728941798210144,0.6728941798210144,,0.6728941798210144,,,,,,
483,3381,,,1.2402400970458984,,1.2402400970458984,1.2402400970458984,,,,
483,3382,,,0.26311394572257996,,0.26311394572257996,0.26311394572257996,,,,
483,3383,,,0.44233983755111694,,0.44233983755111694,0.44233983755111694,,,,
483,3384,,,0.5199258327484131,,0.5199258327484131,0.5199258327484131,,,,
483,3385,,,0.8374444246292114,,0.8374444246292114,0.8374444246292114,,,,
483,3386,,,0.884392499923706,,0.884392499923706,0.884392499923706,,,,
483,3387,,,0.22295677661895752,,0.22295677661895752,0.22295677661895752,,,,
,483,,,,,,,,,0.6602649688720703,0.6602649688720703
483,3387,,,,,,,0.6602649688720703,0.6602649688720703,,
483,3387,0.6699711084365845,0.6699711084365845,,0.6699711084365845,,,,,,
484,3388,,,0.3817920386791229,,0.3817920386791229,0.3817920386791229,,,,
484,3389,,,0.4233916699886322,,0.4233916699886322,0.4233916699886322,,,,
484,3390,,,0.44837120175361633,,0.44837120175361633,0.44837120175361633,,,,
484,3391,,,0.8780683875083923,,0.8780683875083923,0.8780683875083923,,,,
484,3392,,,0.4300099015235901,,0.4300099015235901,0.4300099015235901,,,,
484,3393,,,0.987150251865387,,0.987150251865387,0.987150251865387,,,,
484,3394,,,1.887743353843689,,1.887743353843689,1.887743353843689,,,,
,484,,,,,,,,,0.6615114808082581,0.6615114808082581
484,3394,,,,,,,0.6615114808082581,0.6615114808082581,,
484,3394,0.6677156090736389,0.6677156090736389,,0.6677156090736389,,,,,,
485,3395,,,0.5133103132247925,,0.5133103132247925,0.5133103132247925,,,,
485,3396,,,0.9509928226470947,,0.9509928226470947,0.9509928226470947,,,,
485,3397,,,0.5430616736412048,,0.5430616736412048,0.5430616736412048,,,,
485,3398,,,0.7980716824531555,,0.7980716824531555,0.7980716824531555,,,,
485,3399,,,0.9657449126243591,,0.9657449126243591,0.9657449126243591,,,,
485,3400,,,0.34425798058509827,,0.34425798058509827,0.34425798058509827,,,,
485,3401,,,0.34397614002227783,,0.34397614002227783,0.34397614002227783,,,,
,485,,,,,,,,,0.6639429330825806,0.6639429330825806
485,3401,,,,,,,0.6639429330825806,0.6639429330825806,,
485,3401,0.6657930016517639,0.6657930016517639,,0.6657930016517639,,,,,,
486,3402,,,0.9234264492988586,,0.9234264492988586,0.9234264492988586,,,,
486,3403,,,0.3992311656475067,,0.3992311656475067,0.3992311656475067,,,,
486,3404,,,1.1040126085281372,,1.1040126085281372,1.1040126085281372,,,,
486,3405,,,0.49630284309387207,,0.49630284309387207,0.49630284309387207,,,,
486,3406,,,0.7068753242492676,,0.7068753242492676,0.7068753242492676,,,,
486,3407,,,0.5355459451675415,,0.5355459451675415,0.5355459451675415,,,,
486,3408,,,0.1738421767950058,,0.1738421767950058,0.1738421767950058,,,,
,486,,,,,,,,,0.6574199795722961,0.6574199795722961
486,3408,,,,,,,0.6574199795722961,0.6574199795722961,,
486,3408,0.663621187210083,0.663621187210083,,0.663621187210083,,,,,,
487,3409,,,0.8542156219482422,,0.8542156219482422,0.8542156219482422,,,,
487,3410,,,0.4268018305301666,,0.4268018305301666,0.4268018305301666,,,,
487,3411,,,0.4057121276855469,,0.4057121276855469,0.4057121276855469,,,,
487,3412,,,0.932715892791748,,0.932715892791748,0.932715892791748,,,,
487,3413,,,0.3974267542362213,,0.3974267542362213,0.3974267542362213,,,,
487,3414,,,0.8833066821098328,,0.8833066821098328,0.8833066821098328,,,,
487,3415,,,0.8404179811477661,,0.8404179811477661,0.8404179811477661,,,,
,487,,,,,,,,,0.6571618318557739,0.6571618318557739
487,3415,,,,,,,0.6571618318557739,0.6571618318557739,,
487,3415,0.661229133605957,0.661229133605957,,0.661229133605957,,,,,,
488,3416,,,0.6107829809188843,,0.6107829809188843,0.6107829809188843,,,,
488,3417,,,0.6848224997520447,,0.6848224997520447,0.6848224997520447,,,,
488,3418,,,0.5004376769065857,,0.5004376769065857,0.5004376769065857,,,,
488,3419,,,0.670592725276947,,0.670592725276947,0.670592725276947,,,,
488,3420,,,1.069247841835022,,1.069247841835022,1.069247841835022,,,,
488,3421,,,0.5100378394126892,,0.5100378394126892,0.5100378394126892,,,,
488,3422,,,0.42400842905044556,,0.42400842905044556,0.42400842905044556,,,,
,488,,,,,,,,,0.6529120802879333,0.6529120802879333
488,3422,,,,,,,0.6529120802879333,0.6529120802879333,,
488,3422,0.6595960855484009,0.6595960855484009,,0.6595960855484009,,,,,,
489,3423,,,0.7739710807800293,,0.7739710807800293,0.7739710807800293,,,,
489,3424,,,0.9942178130149841,,0.9942178130149841,0.9942178130149841,,,,
489,3425,,,0.3780185282230377,,0.3780185282230377,0.3780185282230377,,,,
489,3426,,,0.7213271856307983,,0.7213271856307983,0.7213271856307983,,,,
489,3427,,,0.5264211297035217,,0.5264211297035217,0.5264211297035217,,,,
489,3428,,,0.6303440928459167,,0.6303440928459167,0.6303440928459167,,,,
489,3429,,,0.4373635947704315,,0.4373635947704315,0.4373635947704315,,,,
,489,,,,,,,,,0.6407474875450134,0.6407474875450134
489,3429,,,,,,,0.6407474875450134,0.6407474875450134,,
489,3429,0.6569899916648865,0.6569899916648865,,0.6569899916648865,,,,,,
490,3430,,,0.5096425414085388,,0.5096425414085388,0.5096425414085388,,,,
490,3431,,,1.2703056335449219,,1.2703056335449219,1.2703056335449219,,,,
490,3432,,,0.33901262283325195,,0.33901262283325195,0.33901262283325195,,,,
490,3433,,,0.8068069219589233,,0.8068069219589233,0.8068069219589233,,,,
490,3434,,,0.39025235176086426,,0.39025235176086426,0.39025235176086426,,,,
490,3435,,,0.7182295322418213,,0.7182295322418213,0.7182295322418213,,,,
490,3436,,,0.37602508068084717,,0.37602508068084717,0.37602508068084717,,,,
,490,,,,,,,,,0.6320503354072571,0.6320503354072571
490,3436,,,,,,,0.6320503354072571,0.6320503354072571,,
490,3436,0.6549426317214966,0.6549426317214966,,0.6549426317214966,,,,,,
491,3437,,,0.4573144316673279,,0.4573144316673279,0.4573144316673279,,,,
491,3438,,,0.5320859551429749,,0.5320859551429749,0.5320859551429749,,,,
491,3439,,,0.6848848462104797,,0.6848848462104797,0.6848848462104797,,,,
491,3440,,,0.4781058132648468,,0.4781058132648468,0.4781058132648468,,,,
491,3441,,,1.2534910440444946,,1.2534910440444946,1.2534910440444946,,,,
491,3442,,,0.36155882477760315,,0.36155882477760315,0.36155882477760315,,,,
491,3443,,,1.0492823123931885,,1.0492823123931885,1.0492823123931885,,,,
,491,,,,,,,,,0.6217660307884216,0.6217660307884216
491,3443,,,,,,,0.6217660307884216,0.6217660307884216,,
491,3443,0.6526935696601868,0.6526935696601868,,0.6526935696601868,,,,,,
492,3444,,,0.6952808499336243,,0.6952808499336243,0.6952808499336243,,,,
492,3445,,,1.0240541696548462,,1.0240541696548462,1.0240541696548462,,,,
492,3446,,,0.43707337975502014,,0.43707337975502014,0.43707337975502014,,,,
492,3447,,,0.9266460537910461,,0.9266460537910461,0.9266460537910461,,,,
492,3448,,,0.29896482825279236,,0.29896482825279236,0.29896482825279236,,,,
492,3449,,,0.3476625084877014,,0.3476625084877014,0.3476625084877014,,,,
492,3450,,,1.1166419982910156,,1.1166419982910156,1.1166419982910156,,,,
,492,,,,,,,,,0.6141555905342102,0.6141555905342102
492,3450,,,,,,,0.6141555905342102,0.6141555905342102,,
492,3450,0.6507328748703003,0.6507328748703003,,0.6507328748703003,,,,,,
493,3451,,,0.5019566416740417,,0.5019566416740417,0.5019566416740417,,,,
493,3452,,,0.4932726323604584,,0.4932726323604584,0.4932726323604584,,,,
493,3453,,,0.55766761302948,,0.55766761302948,0.55766761302948,,,,
493,3454,,,1.2632039785385132,,1.2632039785385132,1.2632039785385132,,,,
493,3455,,,0.7811731696128845,,0.7811731696128845,0.7811731696128845,,,,
493,3456,,,0.433370441198349,,0.433370441198349,0.433370441198349,,,,
493,3457,,,0.2744486629962921,,0.2744486629962921,0.2744486629962921,,,,
,493,,,,,,,,,0.6002821326255798,0.6002821326255798
493,3457,,,,,,,0.6002821326255798,0.6002821326255798,,
493,3457,0.6484019756317139,0.6484019756317139,,0.6484019756317139,,,,,,
494,3458,,,0.30110108852386475,,0.30110108852386475,0.30110108852386475,,,,
494,3459,,,0.7660020589828491,,0.7660020589828491,0.7660020589828491,,,,
494,3460,,,0.8627843260765076,,0.8627843260765076,0.8627843260765076,,,,
494,3461,,,0.301448792219162,,0.301448792219162,0.301448792219162,,,,
494,3462,,,1.3643019199371338,,1.3643019199371338,1.3643019199371338,,,,
494,3463,,,0.42659828066825867,,0.42659828066825867,0.42659828066825867,,,,
494,3464,,,0.2576938569545746,,0.2576938569545746,0.2576938569545746,,,,
,494,,,,,,,,,0.588398814201355,0.588398814201355
494,3464,,,,,,,0.588398814201355,0.588398814201355,,
494,3464,0.6460975408554077,0.6460975408554077,,0.6460975408554077,,,,,,
495,3465,,,0.7808707356452942,,0.7808707356452942,0.7808707356452942,,,,
495,3466,,,0.5478879809379578,,0.5478879809379578,0.5478879809379578,,,,
495,3467,,,0.34725120663642883,,0.34725120663642883,0.34725120663642883,,,,
495,3468,,,0.39251694083213806,,0.39251694083213806,0.39251694083213806,,,,
495,3469,,,0.7301639318466187,,0.7301639318466187,0.7301639318466187,,,,
495,3470,,,1.1572821140289307,,1.1572821140289307,1.1572821140289307,,,,
495,3471,,,0.39662840962409973,,0.39662840962409973,0.39662840962409973,,,,
,495,,,,,,,,,0.5801951289176941,0.5801951289176941
495,3471,,,,,,,0.5801951289176941,0.5801951289176941,,
495,3471,0.6438758969306946,0.6438758969306946,,0.6438758969306946,,,,,,
496,3472,,,0.3380747437477112,,0.3380747437477112,0.3380747437477112,,,,
496,3473,,,0.8505866527557373,,0.8505866527557373,0.8505866527557373,,,,
496,3474,,,0.5896286964416504,,0.5896286964416504,0.5896286964416504,,,,
496,3475,,,0.621591329574585,,0.621591329574585,0.621591329574585,,,,
496,3476,,,1.1951817274093628,,1.1951817274093628,1.1951817274093628,,,,
496,3477,,,0.33796095848083496,,0.33796095848083496,0.33796095848083496,,,,
496,3478,,,0.41463738679885864,,0.41463738679885864,0.41463738679885864,,,,
,496,,,,,,,,,0.5807450413703918,0.5807450413703918
496,3478,,,,,,,0.5807450413703918,0.5807450413703918,,
496,3478,0.6413354277610779,0.6413354277610779,,0.6413354277610779,,,,,,
497,3479,,,0.412392795085907,,0.412392795085907,0.412392795085907,,,,
497,3480,,,0.5423153042793274,,0.5423153042793274,0.5423153042793274,,,,
497,3481,,,0.7037732601165771,,0.7037732601165771,0.7037732601165771,,,,
497,3482,,,0.4497709572315216,,0.4497709572315216,0.4497709572315216,,,,
497,3483,,,0.7388254404067993,,0.7388254404067993,0.7388254404067993,,,,
497,3484,,,0.85150545835495,,0.85150545835495,0.85150545835495,,,,
497,3485,,,0.9909096360206604,,0.9909096360206604,0.9909096360206604,,,,
,497,,,,,,,,,0.5793999433517456,0.5793999433517456
497,3485,,,,,,,0.5793999433517456,0.5793999433517456,,
497,3485,0.638458788394928,0.638458788394928,,0.638458788394928,,,,,,
498,3486,,,0.564315915107727,,0.564315915107727,0.564315915107727,,,,
498,3487,,,0.346674382686615,,0.346674382686615,0.346674382686615,,,,
498,3488,,,0.5534532070159912,,0.5534532070159912,0.5534532070159912,,,,
498,3489,,,1.1807438135147095,,1.1807438135147095,1.1807438135147095,,,,
498,3490,,,0.6767621636390686,,0.6767621636390686,0.6767621636390686,,,,
498,3491,,,0.3010918200016022,,0.3010918200016022,0.3010918200016022,,,,
498,3492,,,1.1550601720809937,,1.1550601720809937,1.1550601720809937,,,,
,498,,,,,,,,,0.5841745138168335,0.5841745138168335
498,3492,,,,,,,0.5841745138168335,0.5841745138168335,,
498,3492,0.636264979839325,0.636264979839325,,0.636264979839325,,,,,,
499,3493,,,0.4494124948978424,,0.4494124948978424,0.4494124948978424,,,,
499,3494,,,0.6581912040710449,,0.6581912040710449,0.6581912040710449,,,,
499,3495,,,0.4935902953147888,,0.4935902953147888,0.4935902953147888,,,,
499,3496,,,0.9582549333572388,,0.9582549333572388,0.9582549333572388,,,,
499,3497,,,0.509330153465271,,0.509330153465271,0.509330153465271,,,,
499,3498,,,0.8720577359199524,,0.8720577359199524,0.8720577359199524,,,,
499,3499,,,0.272274374961853,,0.272274374961853,0.272274374961853,,,,
,499,,,,,,,,,0.5813232064247131,0.5813232064247131
499,3499,,,,,,,0.5813232064247131,0.5813232064247131,,
499,3499,0.6341866254806519,0.6341866254806519,,0.6341866254806519,,,,,,
