epoch,step,train_loss_epoch,train_loss_regularized_epoch,train_loss_regularized_step,train_loss_scaled (x10^0)_epoch,train_loss_scaled (x10^0)_step,train_loss_step,val_loss_epoch,val_loss_scaled (x10^0)_epoch,val_loss_scaled (x10^0)_step,val_loss_step
0,0,,,53.00320816040039,,53.00309371948242,53.00309371948242,,,,
0,1,,,44.256385803222656,,44.25627136230469,44.25627136230469,,,,
0,2,,,26.73643684387207,,26.73632049560547,26.73632049560547,,,,
0,3,,,24.513879776000977,,24.513763427734375,24.513763427734375,,,,
0,4,,,35.488224029541016,,35.48810958862305,35.48810958862305,,,,
0,5,,,41.35504150390625,,41.35492706298828,41.35492706298828,,,,
0,6,,,31.747285842895508,,31.74717140197754,31.74717140197754,,,,
,0,,,,,,,,,3.665644407272339,3.665644407272339
0,6,,,,,,,3.665644407272339,3.665644407272339,,
0,6,37.21689224243164,37.21700668334961,,37.21689224243164,,,,,,
1,7,,,43.859561920166016,,43.85944747924805,43.85944747924805,,,,
1,8,,,45.3962287902832,,45.396114349365234,45.396114349365234,,,,
1,9,,,45.859004974365234,,45.858890533447266,45.858890533447266,,,,
1,10,,,29.07655143737793,,29.07643699645996,29.07643699645996,,,,
1,11,,,27.15937614440918,,27.15926170349121,27.15926170349121,,,,
1,12,,,27.27442169189453,,27.274307250976562,27.274307250976562,,,,
1,13,,,48.78899002075195,,48.788875579833984,48.788875579833984,,,,
,1,,,,,,,,,3.642103672027588,3.642103672027588
1,13,,,,,,,3.642103672027588,3.642103672027588,,
1,13,37.163963317871094,37.16408157348633,,37.163963317871094,,,,,,
2,14,,,35.6695442199707,,35.669429779052734,35.669429779052734,,,,
2,15,,,31.1015625,,31.10144805908203,31.10144805908203,,,,
2,16,,,27.886430740356445,,27.886316299438477,27.886316299438477,,,,
2,17,,,39.44049072265625,,39.44037628173828,39.44037628173828,,,,
2,18,,,43.11688995361328,,43.11677551269531,43.11677551269531,,,,
2,19,,,40.65101623535156,,40.650901794433594,40.650901794433594,,,,
2,20,,,49.76396179199219,,49.76384735107422,49.76384735107422,,,,
,2,,,,,,,,,3.6164443492889404,3.6164443492889404
2,20,,,,,,,3.6164443492889404,3.6164443492889404,,
2,20,37.10222244262695,37.10233688354492,,37.10222244262695,,,,,,
3,21,,,56.436424255371094,,56.436309814453125,56.436309814453125,,,,
3,22,,,16.06201934814453,,16.061904907226562,16.061904907226562,,,,
3,23,,,44.97490692138672,,44.97479248046875,44.97479248046875,,,,
3,24,,,18.935667037963867,,18.93555450439453,18.93555450439453,,,,
3,25,,,54.88798141479492,,54.88786697387695,54.88786697387695,,,,
3,26,,,38.83241653442383,,38.83230209350586,38.83230209350586,,,,
3,27,,,15.976550102233887,,15.97643756866455,15.97643756866455,,,,
,3,,,,,,,,,3.590463638305664,3.590463638305664
3,27,,,,,,,3.590463638305664,3.590463638305664,,
3,27,37.03841781616211,37.03852844238281,,37.03841781616211,,,,,,
4,28,,,32.38444519042969,,32.38433074951172,32.38433074951172,,,,
4,29,,,29.152334213256836,,29.1522216796875,29.1522216796875,,,,
4,30,,,40.416046142578125,,40.415931701660156,40.415931701660156,,,,
4,31,,,46.1899528503418,,46.18983840942383,46.18983840942383,,,,
4,32,,,25.51525115966797,,25.515138626098633,25.515138626098633,,,,
4,33,,,47.84717559814453,,47.84706497192383,47.84706497192383,,,,
4,34,,,37.84333038330078,,37.84321975708008,37.84321975708008,,,,
,4,,,,,,,,,3.5633914470672607,3.5633914470672607
4,34,,,,,,,3.5633914470672607,3.5633914470672607,,
4,34,36.97187805175781,36.97199249267578,,36.97187805175781,,,,,,
5,35,,,18.01285743713379,,18.012744903564453,18.012744903564453,,,,
5,36,,,42.49372863769531,,42.49361801147461,42.49361801147461,,,,
5,37,,,26.720714569091797,,26.72060203552246,26.72060203552246,,,,
5,38,,,22.335315704345703,,22.335203170776367,22.335203170776367,,,,
5,39,,,61.0352668762207,,61.03515625,61.03515625,,,,
5,40,,,57.20148468017578,,57.20137405395508,57.20137405395508,,,,
5,41,,,19.897178649902344,,19.89706802368164,19.89706802368164,,,,
,5,,,,,,,,,3.5361063480377197,3.5361063480377197
5,41,,,,,,,3.5361063480377197,3.5361063480377197,,
5,41,36.903541564941406,36.90365219116211,,36.903541564941406,,,,,,
6,42,,,30.434232711791992,,30.43412208557129,30.43412208557129,,,,
6,43,,,40.963600158691406,,40.9634895324707,40.9634895324707,,,,
6,44,,,38.346248626708984,,38.34613800048828,38.34613800048828,,,,
6,45,,,39.00913619995117,,39.00902557373047,39.00902557373047,,,,
6,46,,,41.398128509521484,,41.39801788330078,41.39801788330078,,,,
6,47,,,27.36991310119629,,27.369802474975586,27.369802474975586,,,,
6,48,,,46.152496337890625,,46.15238571166992,46.15238571166992,,,,
,6,,,,,,,,,3.507901668548584,3.507901668548584
6,48,,,,,,,3.507901668548584,3.507901668548584,,
6,48,36.835723876953125,36.835838317871094,,36.835723876953125,,,,,,
7,49,,,29.947280883789062,,29.94717025756836,29.94717025756836,,,,
7,50,,,43.611202239990234,,43.61109161376953,43.61109161376953,,,,
7,51,,,37.05696487426758,,37.056854248046875,37.056854248046875,,,,
7,52,,,36.854766845703125,,36.85465621948242,36.85465621948242,,,,
7,53,,,39.71205139160156,,39.71194076538086,39.71194076538086,,,,
7,54,,,38.517154693603516,,38.51704406738281,38.51704406738281,,,,
7,55,,,23.141862869262695,,23.141754150390625,23.141754150390625,,,,
,7,,,,,,,,,3.479623556137085,3.479623556137085
7,55,,,,,,,3.479623556137085,3.479623556137085,,
7,55,36.76500701904297,36.765113830566406,,36.76500701904297,,,,,,
8,56,,,40.782196044921875,,40.78208541870117,40.78208541870117,,,,
8,57,,,54.27272033691406,,54.27260971069336,54.27260971069336,,,,
8,58,,,37.816490173339844,,37.81637954711914,37.81637954711914,,,,
8,59,,,21.319726943969727,,21.319618225097656,21.319618225097656,,,,
8,60,,,42.1765022277832,,42.1763916015625,42.1763916015625,,,,
8,61,,,21.347055435180664,,21.346946716308594,21.346946716308594,,,,
8,62,,,43.23454666137695,,43.234439849853516,43.234439849853516,,,,
,8,,,,,,,,,3.4503421783447266,3.4503421783447266
8,62,,,,,,,3.4503421783447266,3.4503421783447266,,
8,62,36.694427490234375,36.69453048706055,,36.694427490234375,,,,,,
9,63,,,55.747039794921875,,55.74693298339844,55.74693298339844,,,,
9,64,,,33.6848030090332,,33.684696197509766,33.684696197509766,,,,
9,65,,,57.33298873901367,,57.332881927490234,57.332881927490234,,,,
9,66,,,26.0098876953125,,26.00977897644043,26.00977897644043,,,,
9,67,,,11.608257293701172,,11.608149528503418,11.608149528503418,,,,
9,68,,,38.906185150146484,,38.90607833862305,38.90607833862305,,,,
9,69,,,27.12919044494629,,27.12908363342285,27.12908363342285,,,,
,9,,,,,,,,,3.42063045501709,3.42063045501709
9,69,,,,,,,3.4206302165985107,3.4206302165985107,,
9,69,36.62147903442383,36.621585845947266,,36.62147903442383,,,,,,
10,70,,,30.06024742126465,,30.06014060974121,30.06014060974121,,,,
10,71,,,69.80226135253906,,69.80215454101562,69.80215454101562,,,,
10,72,,,37.0736198425293,,37.07351303100586,37.07351303100586,,,,
10,73,,,10.596960067749023,,10.596853256225586,10.596853256225586,,,,
10,74,,,22.78658103942871,,22.786474227905273,22.786474227905273,,,,
10,75,,,42.23585510253906,,42.235748291015625,42.235748291015625,,,,
10,76,,,54.47344970703125,,54.47334289550781,54.47334289550781,,,,
,10,,,,,,,,,3.3900065422058105,3.3900065422058105
10,76,,,,,,,3.3900065422058105,3.3900065422058105,,
10,76,36.5462532043457,36.546363830566406,,36.5462532043457,,,,,,
11,77,,,35.09729766845703,,35.097190856933594,35.097190856933594,,,,
11,78,,,37.5912971496582,,37.591190338134766,37.591190338134766,,,,
11,79,,,34.2126579284668,,34.21255111694336,34.21255111694336,,,,
11,80,,,35.683372497558594,,35.683265686035156,35.683265686035156,,,,
11,81,,,35.68303298950195,,35.682926177978516,35.682926177978516,,,,
11,82,,,42.30330276489258,,42.30319595336914,42.30319595336914,,,,
11,83,,,31.784513473510742,,31.784408569335938,31.784408569335938,,,,
,11,,,,,,,,,3.3583903312683105,3.3583903312683105
11,83,,,,,,,3.3583903312683105,3.3583903312683105,,
11,83,36.468936920166016,36.46904373168945,,36.468936920166016,,,,,,
12,84,,,31.99217987060547,,31.992074966430664,31.992074966430664,,,,
12,85,,,39.80962371826172,,39.80951690673828,39.80951690673828,,,,
12,86,,,25.9976806640625,,25.997575759887695,25.997575759887695,,,,
12,87,,,24.094636917114258,,24.094532012939453,24.094532012939453,,,,
12,88,,,71.32616424560547,,71.32605743408203,71.32605743408203,,,,
12,89,,,29.470855712890625,,29.47075080871582,29.47075080871582,,,,
12,90,,,24.79669952392578,,24.796594619750977,24.796594619750977,,,,
,12,,,,,,,,,3.325866937637329,3.325866937637329
12,90,,,,,,,3.325866937637329,3.325866937637329,,
12,90,36.39046859741211,36.39057159423828,,36.39046859741211,,,,,,
13,91,,,31.51387596130371,,31.513771057128906,31.513771057128906,,,,
13,92,,,34.180580139160156,,34.180477142333984,34.180477142333984,,,,
13,93,,,45.36766052246094,,45.367557525634766,45.367557525634766,,,,
13,94,,,40.134952545166016,,40.134849548339844,40.134849548339844,,,,
13,95,,,19.502239227294922,,19.50213623046875,19.50213623046875,,,,
13,96,,,44.19091033935547,,44.1908073425293,44.1908073425293,,,,
13,97,,,44.22885513305664,,44.22875213623047,44.22875213623047,,,,
,13,,,,,,,,,3.2911386489868164,3.2911386489868164
13,97,,,,,,,3.2911388874053955,3.2911388874053955,,
13,97,36.30986404418945,36.309967041015625,,36.30986404418945,,,,,,
14,98,,,21.380613327026367,,21.380510330200195,21.380510330200195,,,,
14,99,,,34.54988479614258,,34.549781799316406,34.549781799316406,,,,
14,100,,,41.87382507324219,,41.873722076416016,41.873722076416016,,,,
14,101,,,35.56472396850586,,35.56462097167969,35.56462097167969,,,,
14,102,,,31.461963653564453,,31.46186065673828,31.46186065673828,,,,
14,103,,,43.32398223876953,,43.32387924194336,43.32387924194336,,,,
14,104,,,60.723114013671875,,60.7230110168457,60.7230110168457,,,,
,14,,,,,,,,,3.2535347938537598,3.2535347938537598
14,104,,,,,,,3.2535347938537598,3.2535347938537598,,
14,104,36.223609924316406,36.22371292114258,,36.223609924316406,,,,,,
15,105,,,15.617859840393066,,15.617757797241211,15.617757797241211,,,,
15,106,,,69.07046508789062,,69.07036590576172,69.07036590576172,,,,
15,107,,,46.26640319824219,,46.266300201416016,46.266300201416016,,,,
15,108,,,23.70772361755371,,23.707622528076172,23.707622528076172,,,,
15,109,,,35.372947692871094,,35.37284469604492,35.37284469604492,,,,
15,110,,,30.852460861206055,,30.852359771728516,30.852359771728516,,,,
15,111,,,25.244733810424805,,25.244632720947266,25.244632720947266,,,,
,15,,,,,,,,,3.213944673538208,3.213944673538208
15,111,,,,,,,3.213944673538208,3.213944673538208,,
15,111,36.13396072387695,36.134063720703125,,36.13396072387695,,,,,,
16,112,,,40.336856842041016,,40.336753845214844,40.336753845214844,,,,
16,113,,,20.982349395751953,,20.982248306274414,20.982248306274414,,,,
16,114,,,20.96177864074707,,20.96167755126953,20.96167755126953,,,,
16,115,,,24.679256439208984,,24.679155349731445,24.679155349731445,,,,
16,116,,,67.61546325683594,,67.61536407470703,67.61536407470703,,,,
16,117,,,34.26095199584961,,34.2608528137207,34.2608528137207,,,,
16,118,,,55.7685546875,,55.768455505371094,55.768455505371094,,,,
,16,,,,,,,,,3.169849157333374,3.169849157333374
16,118,,,,,,,3.169849157333374,3.169849157333374,,
16,118,36.039093017578125,36.0391960144043,,36.039093017578125,,,,,,
17,119,,,17.973072052001953,,17.972970962524414,17.972970962524414,,,,
17,120,,,46.29052734375,,46.290428161621094,46.290428161621094,,,,
17,121,,,37.567073822021484,,37.56697463989258,37.56697463989258,,,,
17,122,,,41.744606018066406,,41.7445068359375,41.7445068359375,,,,
17,123,,,36.954830169677734,,36.95473098754883,36.95473098754883,,,,
17,124,,,39.996212005615234,,39.99611282348633,39.99611282348633,,,,
17,125,,,22.837627410888672,,22.837528228759766,22.837528228759766,,,,
,17,,,,,,,,,3.121976375579834,3.121976375579834
17,125,,,,,,,3.121976375579834,3.121976375579834,,
17,125,35.93565368652344,35.93575668334961,,35.93565368652344,,,,,,
18,126,,,22.244834899902344,,22.244735717773438,22.244735717773438,,,,
18,127,,,51.42746353149414,,51.427364349365234,51.427364349365234,,,,
18,128,,,35.447349548339844,,35.44725036621094,35.44725036621094,,,,
18,129,,,43.391056060791016,,43.39095687866211,43.39095687866211,,,,
18,130,,,36.798954010009766,,36.79885482788086,36.79885482788086,,,,
18,131,,,31.046899795532227,,31.046802520751953,31.046802520751953,,,,
18,132,,,21.411109924316406,,21.411012649536133,21.411012649536133,,,,
,18,,,,,,,,,3.068305492401123,3.068305492401123
18,132,,,,,,,3.068305492401123,3.068305492401123,,
18,132,35.82511520385742,35.82521057128906,,35.82511520385742,,,,,,
19,133,,,49.502811431884766,,49.50271224975586,49.50271224975586,,,,
19,134,,,44.174346923828125,,44.17424774169922,44.17424774169922,,,,
19,135,,,13.613665580749512,,13.613568305969238,13.613568305969238,,,,
19,136,,,48.772972106933594,,48.77287292480469,48.77287292480469,,,,
19,137,,,29.295570373535156,,29.295473098754883,29.295473098754883,,,,
19,138,,,33.273719787597656,,33.273624420166016,33.273624420166016,,,,
19,139,,,23.912071228027344,,23.91197395324707,23.91197395324707,,,,
,19,,,,,,,,,3.0070817470550537,3.0070817470550537
19,139,,,,,,,3.0070817470550537,3.0070817470550537,,
19,139,35.701881408691406,35.70197296142578,,35.701881408691406,,,,,,
20,140,,,38.95331954956055,,38.953224182128906,38.953224182128906,,,,
20,141,,,36.42598342895508,,36.42588806152344,36.42588806152344,,,,
20,142,,,33.36281204223633,,33.36271667480469,33.36271667480469,,,,
20,143,,,46.696372985839844,,46.6962776184082,46.6962776184082,,,,
20,144,,,25.607362747192383,,25.607267379760742,25.607267379760742,,,,
20,145,,,33.40650939941406,,33.40641403198242,33.40641403198242,,,,
20,146,,,32.62986755371094,,32.6297721862793,32.6297721862793,,,,
,20,,,,,,,,,2.9360158443450928,2.9360158443450928
20,146,,,,,,,2.9360158443450928,2.9360158443450928,,
20,146,35.558895111083984,35.558990478515625,,35.558895111083984,,,,,,
21,147,,,35.445377349853516,,35.445281982421875,35.445281982421875,,,,
21,148,,,68.6747817993164,,68.67469024658203,68.67469024658203,,,,
21,149,,,12.50329303741455,,12.50319766998291,12.50319766998291,,,,
21,150,,,23.232511520385742,,23.2324161529541,23.2324161529541,,,,
21,151,,,37.3228759765625,,37.32278060913086,37.32278060913086,,,,
21,152,,,29.47689437866211,,29.47679901123047,29.47679901123047,,,,
21,153,,,50.57753372192383,,50.57743835449219,50.57743835449219,,,,
,21,,,,,,,,,2.851132392883301,2.851132392883301
21,153,,,,,,,2.85113263130188,2.85113263130188,,
21,153,35.39164352416992,35.3917350769043,,35.39164352416992,,,,,,
22,154,,,26.698457717895508,,26.6983642578125,26.6983642578125,,,,
22,155,,,14.438633918762207,,14.4385404586792,14.4385404586792,,,,
22,156,,,41.44213104248047,,41.44203567504883,41.44203567504883,,,,
22,157,,,50.74134826660156,,50.74125289916992,50.74125289916992,,,,
22,158,,,41.74831008911133,,41.74821853637695,41.74821853637695,,,,
22,159,,,28.265958786010742,,28.265865325927734,28.265865325927734,,,,
22,160,,,55.948814392089844,,55.94872283935547,55.94872283935547,,,,
,22,,,,,,,,,2.7467095851898193,2.7467095851898193
22,160,,,,,,,2.7467095851898193,2.7467095851898193,,
22,160,35.186676025390625,35.186767578125,,35.186676025390625,,,,,,
23,161,,,30.457733154296875,,30.457639694213867,30.457639694213867,,,,
23,162,,,28.2145938873291,,28.214500427246094,28.214500427246094,,,,
23,163,,,37.054203033447266,,37.05411148071289,37.05411148071289,,,,
23,164,,,49.862239837646484,,49.86214828491211,49.86214828491211,,,,
23,165,,,28.62345314025879,,28.623361587524414,28.623361587524414,,,,
23,166,,,21.928119659423828,,21.928028106689453,21.928028106689453,,,,
23,167,,,70.92341613769531,,70.92332458496094,70.92332458496094,,,,
,23,,,,,,,,,2.6138150691986084,2.6138150691986084
23,167,,,,,,,2.6138150691986084,2.6138150691986084,,
23,167,34.938987731933594,34.93907928466797,,34.938987731933594,,,,,,
24,168,,,32.41789245605469,,32.41780090332031,32.41780090332031,,,,
24,169,,,22.905170440673828,,22.905078887939453,22.905078887939453,,,,
24,170,,,49.655982971191406,,49.65589141845703,49.65589141845703,,,,
24,171,,,33.16701889038086,,33.166927337646484,33.166927337646484,,,,
24,172,,,39.67073440551758,,39.6706428527832,39.6706428527832,,,,
24,173,,,24.176742553710938,,24.176652908325195,24.176652908325195,,,,
24,174,,,49.92020034790039,,49.920108795166016,49.920108795166016,,,,
,24,,,,,,,,,2.448143482208252,2.448143482208252
24,174,,,,,,,2.448143482208252,2.448143482208252,,
24,174,34.62165451049805,34.62174606323242,,34.62165451049805,,,,,,
25,175,,,16.49405288696289,,16.49396324157715,16.49396324157715,,,,
25,176,,,40.373756408691406,,40.37366485595703,40.37366485595703,,,,
25,177,,,29.490604400634766,,29.490514755249023,29.490514755249023,,,,
25,178,,,28.40481185913086,,28.404722213745117,28.404722213745117,,,,
25,179,,,47.68216323852539,,47.68207550048828,47.68207550048828,,,,
25,180,,,42.266029357910156,,42.26594161987305,42.26594161987305,,,,
25,181,,,35.62801742553711,,35.6279296875,35.6279296875,,,,
,25,,,,,,,,,2.24377179145813,2.24377179145813
25,181,,,,,,,2.24377179145813,2.24377179145813,,
25,181,34.207271575927734,34.20736312866211,,34.207271575927734,,,,,,
26,182,,,49.70780563354492,,49.70771789550781,49.70771789550781,,,,
26,183,,,43.42490768432617,,43.42481994628906,43.42481994628906,,,,
26,184,,,21.95839500427246,,21.95830726623535,21.95830726623535,,,,
26,185,,,23.27988052368164,,23.27979278564453,23.27979278564453,,,,
26,186,,,34.461395263671875,,34.461307525634766,34.461307525634766,,,,
26,187,,,38.86317443847656,,38.86308670043945,38.86308670043945,,,,
26,188,,,8.1383056640625,,8.13821792602539,8.13821792602539,,,,
,26,,,,,,,,,2.0081398487091064,2.0081398487091064
26,188,,,,,,,2.0081398487091064,2.0081398487091064,,
26,188,33.6857795715332,33.68587112426758,,33.6857795715332,,,,,,
27,189,,,28.7030086517334,,28.70292091369629,28.70292091369629,,,,
27,190,,,43.88006591796875,,43.87997817993164,43.87997817993164,,,,
27,191,,,21.855714797973633,,21.855627059936523,21.855627059936523,,,,
27,192,,,26.373809814453125,,26.37372398376465,26.37372398376465,,,,
27,193,,,54.22935485839844,,54.22926712036133,54.22926712036133,,,,
27,194,,,25.550474166870117,,25.55038833618164,25.55038833618164,,,,
27,195,,,25.811973571777344,,25.811887741088867,25.811887741088867,,,,
,27,,,,,,,,,1.7308087348937988,1.7308087348937988
27,195,,,,,,,1.7308088541030884,1.7308088541030884,,
27,195,32.983741760253906,32.98383331298828,,32.983741760253906,,,,,,
28,196,,,59.19590377807617,,59.19581604003906,59.19581604003906,,,,
28,197,,,28.47719383239746,,28.477108001708984,28.477108001708984,,,,
28,198,,,35.72628402709961,,35.726200103759766,35.726200103759766,,,,
28,199,,,27.955699920654297,,27.95561408996582,27.95561408996582,,,,
28,200,,,28.993345260620117,,28.99325942993164,28.99325942993164,,,,
28,201,,,23.118511199951172,,23.118427276611328,23.118427276611328,,,,
28,202,,,2.9700565338134766,,2.9699718952178955,2.9699718952178955,,,,
,28,,,,,,,,,1.4394584894180298,1.4394584894180298
28,202,,,,,,,1.4394584894180298,1.4394584894180298,,
28,202,32.09100341796875,32.091094970703125,,32.09100341796875,,,,,,
29,203,,,35.4033203125,,35.403236389160156,35.403236389160156,,,,
29,204,,,31.13478660583496,,31.134702682495117,31.134702682495117,,,,
29,205,,,13.980960845947266,,13.980876922607422,13.980876922607422,,,,
29,206,,,39.810447692871094,,39.81036376953125,39.81036376953125,,,,
29,207,,,13.237496376037598,,13.237412452697754,13.237412452697754,,,,
29,208,,,42.63286590576172,,42.632781982421875,42.632781982421875,,,,
29,209,,,55.41290283203125,,55.412818908691406,55.412818908691406,,,,
,29,,,,,,,,,1.132813572883606,1.132813572883606
29,209,,,,,,,1.132813572883606,1.132813572883606,,
29,209,30.898696899414062,30.89878273010254,,30.898696899414062,,,,,,
30,210,,,31.381080627441406,,31.380998611450195,31.380998611450195,,,,
30,211,,,17.44096565246582,,17.44088363647461,17.44088363647461,,,,
30,212,,,42.149776458740234,,42.14969253540039,42.14969253540039,,,,
30,213,,,24.327930450439453,,24.327848434448242,24.327848434448242,,,,
30,214,,,48.71261215209961,,48.712528228759766,48.712528228759766,,,,
30,215,,,14.373080253601074,,14.372998237609863,14.372998237609863,,,,
30,216,,,24.17790412902832,,24.17782211303711,24.17782211303711,,,,
,30,,,,,,,,,0.9531609416007996,0.9531609416007996
30,216,,,,,,,0.9531609416007996,0.9531609416007996,,
30,216,29.404176712036133,29.404258728027344,,29.404176712036133,,,,,,
31,217,,,32.08152770996094,,32.08144760131836,32.08144760131836,,,,
31,218,,,33.839454650878906,,33.83937454223633,33.83937454223633,,,,
31,219,,,27.260726928710938,,27.260644912719727,27.260644912719727,,,,
31,220,,,28.776548385620117,,28.77646827697754,28.77646827697754,,,,
31,221,,,32.75654983520508,,32.7564697265625,32.7564697265625,,,,
31,222,,,14.039085388183594,,14.039005279541016,14.039005279541016,,,,
31,223,,,21.951675415039062,,21.951595306396484,21.951595306396484,,,,
,31,,,,,,,,,0.986232340335846,0.986232340335846
31,223,,,,,,,0.986232340335846,0.986232340335846,,
31,223,27.762392044067383,27.762475967407227,,27.762392044067383,,,,,,
32,224,,,17.780733108520508,,17.78065299987793,17.78065299987793,,,,
32,225,,,21.892120361328125,,21.892040252685547,21.892040252685547,,,,
32,226,,,29.765438079833984,,29.765357971191406,29.765357971191406,,,,
32,227,,,33.22510528564453,,33.22502517700195,33.22502517700195,,,,
32,228,,,30.277667999267578,,30.277587890625,30.277587890625,,,,
32,229,,,20.58022117614746,,20.580141067504883,20.580141067504883,,,,
32,230,,,29.382410049438477,,29.3823299407959,29.3823299407959,,,,
,32,,,,,,,,,1.2913868427276611,1.2913868427276611
32,230,,,,,,,1.2913868427276611,1.2913868427276611,,
32,230,25.81006622314453,25.81014633178711,,25.81006622314453,,,,,,
33,231,,,20.026403427124023,,20.026325225830078,20.026325225830078,,,,
33,232,,,8.787330627441406,,8.787251472473145,8.787251472473145,,,,
33,233,,,22.863155364990234,,22.86307716369629,22.86307716369629,,,,
33,234,,,33.06026077270508,,33.0601806640625,33.0601806640625,,,,
33,235,,,17.608617782592773,,17.608539581298828,17.608539581298828,,,,
33,236,,,45.325469970703125,,45.32538986206055,45.32538986206055,,,,
33,237,,,10.370680809020996,,10.37060260772705,10.37060260772705,,,,
,33,,,,,,,,,1.8124990463256836,1.8124990463256836
33,237,,,,,,,1.8124990463256836,1.8124990463256836,,
33,237,23.774076461791992,23.774154663085938,,23.774076461791992,,,,,,
34,238,,,21.565643310546875,,21.56556510925293,21.56556510925293,,,,
34,239,,,24.380207061767578,,24.380128860473633,24.380128860473633,,,,
34,240,,,25.155834197998047,,25.1557559967041,25.1557559967041,,,,
34,241,,,20.50714111328125,,20.507062911987305,20.507062911987305,,,,
34,242,,,10.717233657836914,,10.717156410217285,10.717156410217285,,,,
34,243,,,32.49833297729492,,32.49825668334961,32.49825668334961,,,,
34,244,,,14.097782135009766,,14.097704887390137,14.097704887390137,,,,
,34,,,,,,,,,2.571962833404541,2.571962833404541
34,244,,,,,,,2.571962833404541,2.571962833404541,,
34,244,21.97812843322754,21.97820472717285,,21.97812843322754,,,,,,
35,245,,,16.136457443237305,,16.136381149291992,16.136381149291992,,,,
35,246,,,21.685054779052734,,21.684978485107422,21.684978485107422,,,,
35,247,,,25.1868839263916,,25.18680763244629,25.18680763244629,,,,
35,248,,,22.506935119628906,,22.506858825683594,22.506858825683594,,,,
35,249,,,20.513471603393555,,20.513395309448242,20.513395309448242,,,,
35,250,,,15.780356407165527,,15.780280113220215,15.780280113220215,,,,
35,251,,,19.498310089111328,,19.498233795166016,19.498233795166016,,,,
,35,,,,,,,,,3.5750510692596436,3.5750510692596436
35,251,,,,,,,3.5750510692596436,3.5750510692596436,,
35,251,20.25420379638672,20.2542781829834,,20.25420379638672,,,,,,
36,252,,,21.10256004333496,,21.10248374938965,21.10248374938965,,,,
36,253,,,11.854433059692383,,11.85435676574707,11.85435676574707,,,,
36,254,,,15.518811225891113,,15.5187349319458,15.5187349319458,,,,
36,255,,,29.877676010131836,,29.877599716186523,29.877599716186523,,,,
36,256,,,22.11241912841797,,22.112342834472656,22.112342834472656,,,,
36,257,,,10.19016170501709,,10.190086364746094,10.190086364746094,,,,
36,258,,,22.233163833618164,,22.23308753967285,22.23308753967285,,,,
,36,,,,,,,,,4.904085159301758,4.904085159301758
36,258,,,,,,,4.904085636138916,4.904085636138916,,
36,258,18.665571212768555,18.665647506713867,,18.665571212768555,,,,,,
37,259,,,14.20326042175293,,14.203185081481934,14.203185081481934,,,,
37,260,,,10.413942337036133,,10.413866996765137,10.413866996765137,,,,
37,261,,,22.543054580688477,,22.542978286743164,22.542978286743164,,,,
37,262,,,10.84210205078125,,10.842026710510254,10.842026710510254,,,,
37,263,,,15.346832275390625,,15.346756935119629,15.346756935119629,,,,
37,264,,,23.34971809387207,,23.34964370727539,23.34964370727539,,,,
37,265,,,33.54934310913086,,33.54926681518555,33.54926681518555,,,,
,37,,,,,,,,,6.5647358894348145,6.5647358894348145
37,265,,,,,,,6.5647358894348145,6.5647358894348145,,
37,265,17.14187240600586,17.14194679260254,,17.14187240600586,,,,,,
38,266,,,19.98109245300293,,19.98101806640625,19.98101806640625,,,,
38,267,,,13.781970024108887,,13.781895637512207,13.781895637512207,,,,
38,268,,,8.840245246887207,,8.840170860290527,8.840170860290527,,,,
38,269,,,14.714712142944336,,14.714637756347656,14.714637756347656,,,,
38,270,,,24.917356491088867,,24.917282104492188,24.917282104492188,,,,
38,271,,,15.785404205322266,,15.785329818725586,15.785329818725586,,,,
38,272,,,7.62582540512085,,7.62575101852417,7.62575101852417,,,,
,38,,,,,,,,,8.16386604309082,8.16386604309082
38,272,,,,,,,8.16386604309082,8.16386604309082,,
38,272,15.824312210083008,15.824387550354004,,15.824312210083008,,,,,,
39,273,,,11.004229545593262,,11.004155158996582,11.004155158996582,,,,
39,274,,,14.778324127197266,,14.778249740600586,14.778249740600586,,,,
39,275,,,14.424118995666504,,14.424044609069824,14.424044609069824,,,,
39,276,,,20.331911087036133,,20.331836700439453,20.331836700439453,,,,
39,277,,,11.693157196044922,,11.693082809448242,11.693082809448242,,,,
39,278,,,17.329490661621094,,17.329416275024414,17.329416275024414,,,,
39,279,,,12.285026550292969,,12.284952163696289,12.284952163696289,,,,
,39,,,,,,,,,9.732779502868652,9.732779502868652
39,279,,,,,,,9.732779502868652,9.732779502868652,,
39,279,14.771394729614258,14.771469116210938,,14.771394729614258,,,,,,
40,280,,,11.027826309204102,,11.027751922607422,11.027751922607422,,,,
40,281,,,18.137163162231445,,18.137088775634766,18.137088775634766,,,,
40,282,,,17.4929141998291,,17.492839813232422,17.492839813232422,,,,
40,283,,,17.730838775634766,,17.730764389038086,17.730764389038086,,,,
40,284,,,10.887385368347168,,10.887310981750488,10.887310981750488,,,,
40,285,,,10.187484741210938,,10.187410354614258,10.187410354614258,,,,
40,286,,,8.54555606842041,,8.545482635498047,8.545482635498047,,,,
,40,,,,,,,,,11.213235855102539,11.213235855102539
40,286,,,,,,,11.213235855102539,11.213235855102539,,
40,286,13.908662796020508,13.908737182617188,,13.908662796020508,,,,,,
41,287,,,19.044275283813477,,19.044200897216797,19.044200897216797,,,,
41,288,,,18.14411163330078,,18.1440372467041,18.1440372467041,,,,
41,289,,,10.823805809020996,,10.823732376098633,10.823732376098633,,,,
41,290,,,8.27093505859375,,8.270861625671387,8.270861625671387,,,,
41,291,,,8.443814277648926,,8.443740844726562,8.443740844726562,,,,
41,292,,,10.623963356018066,,10.623889923095703,10.623889923095703,,,,
41,293,,,23.85578155517578,,23.8557071685791,23.8557071685791,,,,
,41,,,,,,,,,12.775075912475586,12.775075912475586
41,293,,,,,,,12.775075912475586,12.775075912475586,,
41,293,13.222957611083984,13.223031044006348,,13.222957611083984,,,,,,
42,294,,,16.351076126098633,,16.351001739501953,16.351001739501953,,,,
42,295,,,15.874241828918457,,15.874168395996094,15.874168395996094,,,,
42,296,,,7.041335582733154,,7.041262149810791,7.041262149810791,,,,
42,297,,,11.378296852111816,,11.378223419189453,11.378223419189453,,,,
42,298,,,11.54500675201416,,11.544933319091797,11.544933319091797,,,,
42,299,,,11.553643226623535,,11.553569793701172,11.553569793701172,,,,
42,300,,,17.570634841918945,,17.570560455322266,17.570560455322266,,,,
,42,,,,,,,,,14.027050018310547,14.027050018310547
42,300,,,,,,,14.02704906463623,14.02704906463623,,
42,300,12.601117134094238,12.601190567016602,,12.601117134094238,,,,,,
43,301,,,12.759034156799316,,12.758960723876953,12.758960723876953,,,,
43,302,,,12.057854652404785,,12.057781219482422,12.057781219482422,,,,
43,303,,,9.043696403503418,,9.043622970581055,9.043622970581055,,,,
43,304,,,11.300451278686523,,11.30037784576416,11.30037784576416,,,,
43,305,,,12.390697479248047,,12.390624046325684,12.390624046325684,,,,
43,306,,,16.512765884399414,,16.512693405151367,16.512693405151367,,,,
43,307,,,8.184938430786133,,8.18486499786377,8.18486499786377,,,,
,43,,,,,,,,,14.986828804016113,14.986828804016113
43,307,,,,,,,14.986828804016113,14.986828804016113,,
43,307,12.099355697631836,12.099427223205566,,12.099355697631836,,,,,,
44,308,,,10.62948989868164,,10.629416465759277,10.629416465759277,,,,
44,309,,,12.622509002685547,,12.622435569763184,12.622435569763184,,,,
44,310,,,11.479395866394043,,11.47932243347168,11.47932243347168,,,,
44,311,,,14.347647666931152,,14.347574234008789,14.347574234008789,,,,
44,312,,,11.248332023620605,,11.248258590698242,11.248258590698242,,,,
44,313,,,8.836102485656738,,8.836029052734375,8.836029052734375,,,,
44,314,,,14.69010066986084,,14.690027236938477,14.690027236938477,,,,
,44,,,,,,,,,15.835169792175293,15.835169792175293
44,314,,,,,,,15.835169792175293,15.835169792175293,,
44,314,11.713223457336426,11.713297843933105,,11.713223457336426,,,,,,
45,315,,,10.157074928283691,,10.157001495361328,10.157001495361328,,,,
45,316,,,9.158697128295898,,9.158623695373535,9.158623695373535,,,,
45,317,,,13.687552452087402,,13.687479019165039,13.687479019165039,,,,
45,318,,,5.253607273101807,,5.253534317016602,5.253534317016602,,,,
45,319,,,18.36598777770996,,18.365915298461914,18.365915298461914,,,,
45,320,,,10.738847732543945,,10.738774299621582,10.738774299621582,,,,
45,321,,,13.957073211669922,,13.956999778747559,13.956999778747559,,,,
,45,,,,,,,,,16.392467498779297,16.392467498779297
45,321,,,,,,,16.392467498779297,16.392467498779297,,
45,321,11.387482643127441,11.387556076049805,,11.387482643127441,,,,,,
46,322,,,8.152349472045898,,8.152276039123535,8.152276039123535,,,,
46,323,,,13.69804573059082,,13.697972297668457,13.697972297668457,,,,
46,324,,,10.63843059539795,,10.638357162475586,10.638357162475586,,,,
46,325,,,9.724263191223145,,9.724189758300781,9.724189758300781,,,,
46,326,,,7.855108737945557,,7.855035781860352,7.855035781860352,,,,
46,327,,,17.43349266052246,,17.433420181274414,17.433420181274414,,,,
46,328,,,8.798039436340332,,8.797966003417969,8.797966003417969,,,,
,46,,,,,,,,,16.862056732177734,16.862056732177734
46,328,,,,,,,16.862056732177734,16.862056732177734,,
46,328,11.10595989227295,11.106032371520996,,11.10595989227295,,,,,,
47,329,,,10.469017028808594,,10.46894359588623,10.46894359588623,,,,
47,330,,,11.315455436706543,,11.31538200378418,11.31538200378418,,,,
47,331,,,10.692150115966797,,10.692076683044434,10.692076683044434,,,,
47,332,,,10.668810844421387,,10.668737411499023,10.668737411499023,,,,
47,333,,,6.934823036193848,,6.934750080108643,6.934750080108643,,,,
47,334,,,11.962357521057129,,11.962284088134766,11.962284088134766,,,,
47,335,,,19.15546989440918,,19.155397415161133,19.155397415161133,,,,
,47,,,,,,,,,17.387075424194336,17.387075424194336
47,335,,,,,,,17.387075424194336,17.387075424194336,,
47,335,10.858894348144531,10.858966827392578,,10.858894348144531,,,,,,
48,336,,,9.273680686950684,,9.27360725402832,9.27360725402832,,,,
48,337,,,11.33541488647461,,11.335341453552246,11.335341453552246,,,,
48,338,,,11.629608154296875,,11.629534721374512,11.629534721374512,,,,
48,339,,,15.43850040435791,,15.438426971435547,15.438426971435547,,,,
48,340,,,12.155365943908691,,12.155292510986328,12.155292510986328,,,,
48,341,,,4.611362457275391,,4.6112895011901855,4.6112895011901855,,,,
48,342,,,9.09704875946045,,9.096975326538086,9.096975326538086,,,,
,48,,,,,,,,,17.738605499267578,17.738605499267578
48,342,,,,,,,17.738605499267578,17.738605499267578,,
48,342,10.643898963928223,10.643972396850586,,10.643898963928223,,,,,,
49,343,,,14.61303424835205,,14.612960815429688,14.612960815429688,,,,
49,344,,,11.830724716186523,,11.83065128326416,11.83065128326416,,,,
49,345,,,7.6907172203063965,,7.690644264221191,7.690644264221191,,,,
49,346,,,12.542731285095215,,12.542657852172852,12.542657852172852,,,,
49,347,,,10.066794395446777,,10.06672191619873,10.06672191619873,,,,
49,348,,,7.401666164398193,,7.401593208312988,7.401593208312988,,,,
49,349,,,6.098074436187744,,6.098001480102539,6.098001480102539,,,,
,49,,,,,,,,,17.960222244262695,17.960222244262695
49,349,,,,,,,17.960222244262695,17.960222244262695,,
49,349,10.42070198059082,10.4207763671875,,10.42070198059082,,,,,,
50,350,,,11.240705490112305,,11.240633010864258,11.240633010864258,,,,
50,351,,,12.031611442565918,,12.031538963317871,12.031538963317871,,,,
50,352,,,10.550853729248047,,10.55078125,10.55078125,,,,
50,353,,,8.546740531921387,,8.54666805267334,8.54666805267334,,,,
50,354,,,10.057632446289062,,10.0575590133667,10.0575590133667,,,,
50,355,,,7.628992557525635,,7.62891960144043,7.62891960144043,,,,
50,356,,,13.643092155456543,,13.643019676208496,13.643019676208496,,,,
,50,,,,,,,,,18.327539443969727,18.327539443969727
50,356,,,,,,,18.327539443969727,18.327539443969727,,
50,356,10.223095893859863,10.22316837310791,,10.223095893859863,,,,,,
51,357,,,12.506852149963379,,12.506779670715332,12.506779670715332,,,,
51,358,,,10.72984504699707,,10.729772567749023,10.729772567749023,,,,
51,359,,,5.9251251220703125,,5.925052165985107,5.925052165985107,,,,
51,360,,,7.416569709777832,,7.416496753692627,7.416496753692627,,,,
51,361,,,11.701959609985352,,11.701887130737305,11.701887130737305,,,,
51,362,,,11.329405784606934,,11.329333305358887,11.329333305358887,,,,
51,363,,,11.666409492492676,,11.666337013244629,11.666337013244629,,,,
,51,,,,,,,,,18.436765670776367,18.436765670776367
51,363,,,,,,,18.436765670776367,18.436765670776367,,
51,363,10.036737442016602,10.036809921264648,,10.036737442016602,,,,,,
52,364,,,7.0002007484436035,,7.000127792358398,7.000127792358398,,,,
52,365,,,6.802034854888916,,6.801961898803711,6.801961898803711,,,,
52,366,,,12.459592819213867,,12.45952033996582,12.45952033996582,,,,
52,367,,,11.088650703430176,,11.088578224182129,11.088578224182129,,,,
52,368,,,8.820219039916992,,8.820146560668945,8.820146560668945,,,,
52,369,,,12.741917610168457,,12.74184513092041,12.74184513092041,,,,
52,370,,,11.002922058105469,,11.002849578857422,11.002849578857422,,,,
,52,,,,,,,,,18.34056282043457,18.34056282043457
52,370,,,,,,,18.34056282043457,18.34056282043457,,
52,370,9.888352394104004,9.88842487335205,,9.888352394104004,,,,,,
53,371,,,7.7740397453308105,,7.7739667892456055,7.7739667892456055,,,,
53,372,,,11.452653884887695,,11.452581405639648,11.452581405639648,,,,
53,373,,,10.415955543518066,,10.415882110595703,10.415882110595703,,,,
53,374,,,6.7556610107421875,,6.755588054656982,6.755588054656982,,,,
53,375,,,10.582544326782227,,10.582470893859863,10.582470893859863,,,,
53,376,,,13.50236988067627,,13.502296447753906,13.502296447753906,,,,
53,377,,,4.580055236816406,,4.579982280731201,4.579982280731201,,,,
,53,,,,,,,,,18.243764877319336,18.243764877319336
53,377,,,,,,,18.243764877319336,18.243764877319336,,
53,377,9.756906509399414,9.756979942321777,,9.756906509399414,,,,,,
54,378,,,10.077881813049316,,10.077808380126953,10.077808380126953,,,,
54,379,,,9.798975944519043,,9.79890251159668,9.79890251159668,,,,
54,380,,,6.891310691833496,,6.891237735748291,6.891237735748291,,,,
54,381,,,9.04128360748291,,9.041210174560547,9.041210174560547,,,,
54,382,,,12.597635269165039,,12.597561836242676,12.597561836242676,,,,
54,383,,,9.798319816589355,,9.798246383666992,9.798246383666992,,,,
54,384,,,8.61949348449707,,8.619420051574707,8.619420051574707,,,,
,54,,,,,,,,,18.30764389038086,18.30764389038086
54,384,,,,,,,18.30764389038086,18.30764389038086,,
54,384,9.637215614318848,9.637290000915527,,9.637215614318848,,,,,,
55,385,,,11.271712303161621,,11.271638870239258,11.271638870239258,,,,
55,386,,,8.58922290802002,,8.589149475097656,8.589149475097656,,,,
55,387,,,9.852313995361328,,9.852240562438965,9.852240562438965,,,,
55,388,,,10.86198616027832,,10.861912727355957,10.861912727355957,,,,
55,389,,,8.847036361694336,,8.846962928771973,8.846962928771973,,,,
55,390,,,9.451638221740723,,9.45156478881836,9.45156478881836,,,,
55,391,,,5.094727993011475,,5.0946550369262695,5.0946550369262695,,,,
,55,,,,,,,,,18.21869659423828,18.21869659423828
55,391,,,,,,,18.21869659423828,18.21869659423828,,
55,391,9.53473949432373,9.534812927246094,,9.53473949432373,,,,,,
56,392,,,9.900341987609863,,9.9002685546875,9.9002685546875,,,,
56,393,,,9.22460651397705,,9.224533081054688,9.224533081054688,,,,
56,394,,,8.435302734375,,8.435229301452637,8.435229301452637,,,,
56,395,,,10.368138313293457,,10.368064880371094,10.368064880371094,,,,
56,396,,,10.495837211608887,,10.495763778686523,10.495763778686523,,,,
56,397,,,8.585576057434082,,8.585502624511719,8.585502624511719,,,,
56,398,,,8.395491600036621,,8.395418167114258,8.395418167114258,,,,
,56,,,,,,,,,18.03999900817871,18.03999900817871
56,398,,,,,,,18.03999900817871,18.03999900817871,,
56,398,9.436492919921875,9.436566352844238,,9.436492919921875,,,,,,
57,399,,,8.855996131896973,,8.85592269897461,8.85592269897461,,,,
57,400,,,11.534968376159668,,11.534894943237305,11.534894943237305,,,,
57,401,,,8.766380310058594,,8.76630687713623,8.76630687713623,,,,
57,402,,,7.9141669273376465,,7.914093971252441,7.914093971252441,,,,
57,403,,,9.146871566772461,,9.146798133850098,9.146798133850098,,,,
57,404,,,9.020187377929688,,9.020113945007324,9.020113945007324,,,,
57,405,,,11.48283863067627,,11.482765197753906,11.482765197753906,,,,
,57,,,,,,,,,17.97791862487793,17.97791862487793
57,405,,,,,,,17.97791862487793,17.97791862487793,,
57,405,9.340261459350586,9.34033489227295,,9.340261459350586,,,,,,
58,406,,,7.216930866241455,,7.21685791015625,7.21685791015625,,,,
58,407,,,13.261229515075684,,13.26115608215332,13.26115608215332,,,,
58,408,,,8.136934280395508,,8.136860847473145,8.136860847473145,,,,
58,409,,,9.072787284851074,,9.072713851928711,9.072713851928711,,,,
58,410,,,7.444942951202393,,7.4448699951171875,7.4448699951171875,,,,
58,411,,,9.1686429977417,,9.168569564819336,9.168569564819336,,,,
58,412,,,12.549113273620605,,12.549039840698242,12.549039840698242,,,,
,58,,,,,,,,,18.124969482421875,18.124969482421875
58,412,,,,,,,18.124969482421875,18.124969482421875,,
58,412,9.255988121032715,9.256060600280762,,9.255988121032715,,,,,,
59,413,,,5.417897701263428,,5.417824745178223,5.417824745178223,,,,
59,414,,,12.504780769348145,,12.504707336425781,12.504707336425781,,,,
59,415,,,10.759347915649414,,10.75927448272705,10.75927448272705,,,,
59,416,,,8.490082740783691,,8.490009307861328,8.490009307861328,,,,
59,417,,,10.62769603729248,,10.627622604370117,10.627622604370117,,,,
59,418,,,8.731736183166504,,8.73166275024414,8.73166275024414,,,,
59,419,,,5.112366676330566,,5.112293720245361,5.112293720245361,,,,
,59,,,,,,,,,17.99957275390625,17.99957275390625
59,419,,,,,,,17.99957275390625,17.99957275390625,,
59,419,9.168347358703613,9.16841983795166,,9.168347358703613,,,,,,
60,420,,,8.415510177612305,,8.415436744689941,8.415436744689941,,,,
60,421,,,10.515726089477539,,10.515652656555176,10.515652656555176,,,,
60,422,,,7.92007303237915,,7.920000076293945,7.920000076293945,,,,
60,423,,,13.341485977172852,,13.341412544250488,13.341412544250488,,,,
60,424,,,7.519272804260254,,7.519199848175049,7.519199848175049,,,,
60,425,,,6.64413595199585,,6.6440629959106445,6.6440629959106445,,,,
60,426,,,9.57502555847168,,9.574952125549316,9.574952125549316,,,,
,60,,,,,,,,,17.80591583251953,17.80591583251953
60,426,,,,,,,17.80591583251953,17.80591583251953,,
60,426,9.08962631225586,9.089699745178223,,9.08962631225586,,,,,,
61,427,,,5.272012710571289,,5.271939754486084,5.271939754486084,,,,
61,428,,,10.958494186401367,,10.958420753479004,10.958420753479004,,,,
61,429,,,8.02945327758789,,8.029379844665527,8.029379844665527,,,,
61,430,,,9.37873649597168,,9.378663063049316,9.378663063049316,,,,
61,431,,,8.441934585571289,,8.441861152648926,8.441861152648926,,,,
61,432,,,11.136734962463379,,11.136661529541016,11.136661529541016,,,,
61,433,,,11.26591968536377,,11.265846252441406,11.265846252441406,,,,
,61,,,,,,,,,17.728364944458008,17.728364944458008
61,433,,,,,,,17.728364944458008,17.728364944458008,,
61,433,9.010449409484863,9.010522842407227,,9.010449409484863,,,,,,
62,434,,,8.113988876342773,,8.11391544342041,8.11391544342041,,,,
62,435,,,8.322552680969238,,8.322479248046875,8.322479248046875,,,,
62,436,,,6.889050483703613,,6.88897705078125,6.88897705078125,,,,
62,437,,,5.750683307647705,,5.750609874725342,5.750609874725342,,,,
62,438,,,12.806109428405762,,12.806035995483398,12.806035995483398,,,,
62,439,,,9.408713340759277,,9.408639907836914,9.408639907836914,,,,
62,440,,,15.130902290344238,,15.130828857421875,15.130828857421875,,,,
,62,,,,,,,,,17.73134994506836,17.73134994506836
62,440,,,,,,,17.73134994506836,17.73134994506836,,
62,440,8.93564224243164,8.935715675354004,,8.93564224243164,,,,,,
63,441,,,6.103442668914795,,6.103369235992432,6.103369235992432,,,,
63,442,,,10.851880073547363,,10.851806640625,10.851806640625,,,,
63,443,,,10.986096382141113,,10.98602294921875,10.98602294921875,,,,
63,444,,,10.7677001953125,,10.767626762390137,10.767626762390137,,,,
63,445,,,7.794267654418945,,7.794194221496582,7.794194221496582,,,,
63,446,,,8.517416000366211,,8.517342567443848,8.517342567443848,,,,
63,447,,,3.5427772998809814,,3.5427041053771973,3.5427041053771973,,,,
,63,,,,,,,,,17.670846939086914,17.670846939086914
63,447,,,,,,,17.670846939086914,17.670846939086914,,
63,447,8.839038848876953,8.839113235473633,,8.839038848876953,,,,,,
64,448,,,6.2075676918029785,,6.207494258880615,6.207494258880615,,,,
64,449,,,7.648554801940918,,7.648481369018555,7.648481369018555,,,,
64,450,,,11.164355278015137,,11.164281845092773,11.164281845092773,,,,
64,451,,,8.763930320739746,,8.763856887817383,8.763856887817383,,,,
64,452,,,7.936004638671875,,7.935931205749512,7.935931205749512,,,,
64,453,,,10.493998527526855,,10.493925094604492,10.493925094604492,,,,
64,454,,,9.603723526000977,,9.603650093078613,9.603650093078613,,,,
,64,,,,,,,,,17.754592895507812,17.754592895507812
64,454,,,,,,,17.754592895507812,17.754592895507812,,
64,454,8.755348205566406,8.755420684814453,,8.755348205566406,,,,,,
65,455,,,9.757963180541992,,9.757889747619629,9.757889747619629,,,,
65,456,,,9.05583667755127,,9.055763244628906,9.055763244628906,,,,
65,457,,,8.63650131225586,,8.636427879333496,8.636427879333496,,,,
65,458,,,8.279796600341797,,8.279723167419434,8.279723167419434,,,,
65,459,,,7.717248439788818,,7.717175006866455,7.717175006866455,,,,
65,460,,,8.953177452087402,,8.953104019165039,8.953104019165039,,,,
65,461,,,7.5289740562438965,,7.528900623321533,7.528900623321533,,,,
,65,,,,,,,,,17.612789154052734,17.612789154052734
65,461,,,,,,,17.612789154052734,17.612789154052734,,
65,461,8.662497520446777,8.66257095336914,,8.662497520446777,,,,,,
66,462,,,8.133956909179688,,8.133883476257324,8.133883476257324,,,,
66,463,,,6.966310501098633,,6.9662370681762695,6.9662370681762695,,,,
66,464,,,8.443997383117676,,8.443923950195312,8.443923950195312,,,,
66,465,,,5.185949802398682,,5.185876369476318,5.185876369476318,,,,
66,466,,,9.560599327087402,,9.560525894165039,9.560525894165039,,,,
66,467,,,13.035945892333984,,13.035872459411621,13.035872459411621,,,,
66,468,,,9.046116828918457,,9.046043395996094,9.046043395996094,,,,
,66,,,,,,,,,17.50701904296875,17.50701904296875
66,468,,,,,,,17.50701904296875,17.50701904296875,,
66,468,8.583307266235352,8.583381652832031,,8.583307266235352,,,,,,
67,469,,,7.565397262573242,,7.565323829650879,7.565323829650879,,,,
67,470,,,10.539851188659668,,10.539777755737305,10.539777755737305,,,,
67,471,,,7.898542404174805,,7.898468971252441,7.898468971252441,,,,
67,472,,,9.812152862548828,,9.812079429626465,9.812079429626465,,,,
67,473,,,6.2078328132629395,,6.207759380340576,6.207759380340576,,,,
67,474,,,8.82950210571289,,8.829428672790527,8.829428672790527,,,,
67,475,,,9.019522666931152,,9.019449234008789,9.019449234008789,,,,
,67,,,,,,,,,17.3880558013916,17.3880558013916
67,475,,,,,,,17.3880558013916,17.3880558013916,,
67,475,8.507472038269043,8.50754451751709,,8.507472038269043,,,,,,
68,476,,,6.0181193351745605,,6.018045902252197,6.018045902252197,,,,
68,477,,,7.595699310302734,,7.595625877380371,7.595625877380371,,,,
68,478,,,11.689379692077637,,11.689306259155273,11.689306259155273,,,,
68,479,,,10.173924446105957,,10.173851013183594,10.173851013183594,,,,
68,480,,,6.9549736976623535,,6.95490026473999,6.95490026473999,,,,
68,481,,,7.414855003356934,,7.41478157043457,7.41478157043457,,,,
68,482,,,10.329787254333496,,10.329713821411133,10.329713821411133,,,,
,68,,,,,,,,,17.281213760375977,17.281213760375977
68,482,,,,,,,17.281213760375977,17.281213760375977,,
68,482,8.426691055297852,8.426764488220215,,8.426691055297852,,,,,,
69,483,,,6.651317119598389,,6.651243686676025,6.651243686676025,,,,
69,484,,,10.154921531677246,,10.154848098754883,10.154848098754883,,,,
69,485,,,8.059215545654297,,8.059142112731934,8.059142112731934,,,,
69,486,,,9.145235061645508,,9.145161628723145,9.145161628723145,,,,
69,487,,,6.4446306228637695,,6.444557189941406,6.444557189941406,,,,
69,488,,,10.263887405395508,,10.263813972473145,10.263813972473145,,,,
69,489,,,6.798564910888672,,6.798491477966309,6.798491477966309,,,,
,69,,,,,,,,,17.19702911376953,17.19702911376953
69,489,,,,,,,17.19702911376953,17.19702911376953,,
69,489,8.355795860290527,8.35586929321289,,8.355795860290527,,,,,,
70,490,,,8.70670223236084,,8.706628799438477,8.706628799438477,,,,
70,491,,,9.778006553649902,,9.777933120727539,9.777933120727539,,,,
70,492,,,10.520469665527344,,10.52039623260498,10.52039623260498,,,,
70,493,,,8.33411693572998,,8.334043502807617,8.334043502807617,,,,
70,494,,,6.204181671142578,,6.204108238220215,6.204108238220215,,,,
70,495,,,6.426967144012451,,6.426893711090088,6.426893711090088,,,,
70,496,,,7.565113544464111,,7.565040111541748,7.565040111541748,,,,
,70,,,,,,,,,17.19288444519043,17.19288444519043
70,496,,,,,,,17.19288444519043,17.19288444519043,,
70,496,8.283434867858887,8.283507347106934,,8.283434867858887,,,,,,
71,497,,,9.849554061889648,,9.849480628967285,9.849480628967285,,,,
71,498,,,8.681320190429688,,8.681246757507324,8.681246757507324,,,,
71,499,,,7.53364372253418,,7.533570289611816,7.533570289611816,,,,
71,500,,,8.792821884155273,,8.79274845123291,8.79274845123291,,,,
71,501,,,7.22012996673584,,7.220056533813477,7.220056533813477,,,,
71,502,,,7.357402801513672,,7.357329368591309,7.357329368591309,,,,
71,503,,,7.849141597747803,,7.8490681648254395,7.8490681648254395,,,,
,71,,,,,,,,,17.0842227935791,17.0842227935791
71,503,,,,,,,17.0842227935791,17.0842227935791,,
71,503,8.216131210327148,8.216203689575195,,8.216131210327148,,,,,,
72,504,,,10.728011131286621,,10.727937698364258,10.727937698364258,,,,
72,505,,,8.405339241027832,,8.405265808105469,8.405265808105469,,,,
72,506,,,3.366661548614502,,3.3665878772735596,3.3665878772735596,,,,
72,507,,,9.563865661621094,,9.56379222869873,9.56379222869873,,,,
72,508,,,9.455018043518066,,9.454944610595703,9.454944610595703,,,,
72,509,,,8.141385078430176,,8.141311645507812,8.141311645507812,,,,
72,510,,,6.070064067840576,,6.069990158081055,6.069990158081055,,,,
,72,,,,,,,,,16.798410415649414,16.798410415649414
72,510,,,,,,,16.798410415649414,16.798410415649414,,
72,510,8.14683723449707,8.146910667419434,,8.14683723449707,,,,,,
73,511,,,6.129185676574707,,6.1291117668151855,6.1291117668151855,,,,
73,512,,,6.371575355529785,,6.371501445770264,6.371501445770264,,,,
73,513,,,10.259095191955566,,10.259021759033203,10.259021759033203,,,,
73,514,,,9.528885841369629,,9.528812408447266,9.528812408447266,,,,
73,515,,,8.137347221374512,,8.137273788452148,8.137273788452148,,,,
73,516,,,7.45473575592041,,7.454661846160889,7.454661846160889,,,,
73,517,,,9.751431465148926,,9.751358032226562,9.751358032226562,,,,
,73,,,,,,,,,16.700254440307617,16.700254440307617
73,517,,,,,,,16.700254440307617,16.700254440307617,,
73,517,8.084257125854492,8.084331512451172,,8.084257125854492,,,,,,
74,518,,,7.9518632888793945,,7.951789379119873,7.951789379119873,,,,
74,519,,,5.156839370727539,,5.156765460968018,5.156765460968018,,,,
74,520,,,8.756418228149414,,8.75634479522705,8.75634479522705,,,,
74,521,,,11.40731430053711,,11.407240867614746,11.407240867614746,,,,
74,522,,,9.691067695617676,,9.690994262695312,9.690994262695312,,,,
74,523,,,5.204596519470215,,5.204522609710693,5.204522609710693,,,,
74,524,,,7.779019832611084,,7.7789459228515625,7.7789459228515625,,,,
,74,,,,,,,,,16.614721298217773,16.614721298217773
74,524,,,,,,,16.614721298217773,16.614721298217773,,
74,524,8.013296127319336,8.0133695602417,,8.013296127319336,,,,,,
75,525,,,6.962151050567627,,6.9620771408081055,6.9620771408081055,,,,
75,526,,,5.79703950881958,,5.796965599060059,5.796965599060059,,,,
75,527,,,12.234155654907227,,12.234082221984863,12.234082221984863,,,,
75,528,,,8.775225639343262,,8.775152206420898,8.775152206420898,,,,
75,529,,,9.150397300720215,,9.150323867797852,9.150323867797852,,,,
75,530,,,5.697189807891846,,5.697115898132324,5.697115898132324,,,,
75,531,,,5.471191883087158,,5.471117973327637,5.471117973327637,,,,
,75,,,,,,,,,16.49285316467285,16.49285316467285
75,531,,,,,,,16.49285316467285,16.49285316467285,,
75,531,7.947825908660889,7.947899341583252,,7.947825908660889,,,,,,
76,532,,,6.752095699310303,,6.752021789550781,6.752021789550781,,,,
76,533,,,8.992319107055664,,8.9922456741333,8.9922456741333,,,,
76,534,,,8.245999336242676,,8.245925903320312,8.245925903320312,,,,
76,535,,,9.969592094421387,,9.969518661499023,9.969518661499023,,,,
76,536,,,5.952963352203369,,5.952889442443848,5.952889442443848,,,,
76,537,,,7.0011372566223145,,7.001063346862793,7.001063346862793,,,,
76,538,,,8.774640083312988,,8.774565696716309,8.774565696716309,,,,
,76,,,,,,,,,16.424198150634766,16.424198150634766
76,538,,,,,,,16.424198150634766,16.424198150634766,,
76,538,7.875156879425049,7.87523078918457,,7.875156879425049,,,,,,
77,539,,,5.723241806030273,,5.723167896270752,5.723167896270752,,,,
77,540,,,8.503755569458008,,8.503681182861328,8.503681182861328,,,,
77,541,,,9.110379219055176,,9.110304832458496,9.110304832458496,,,,
77,542,,,6.892735958099365,,6.892662048339844,6.892662048339844,,,,
77,543,,,8.798805236816406,,8.798730850219727,8.798730850219727,,,,
77,544,,,8.224416732788086,,8.224342346191406,8.224342346191406,,,,
77,545,,,6.626684665679932,,6.62661075592041,6.62661075592041,,,,
,77,,,,,,,,,16.309614181518555,16.309614181518555
77,545,,,,,,,16.309614181518555,16.309614181518555,,
77,545,7.802018642425537,7.802093029022217,,7.802018642425537,,,,,,
78,546,,,5.40781307220459,,5.407739162445068,5.407739162445068,,,,
78,547,,,8.295034408569336,,8.294960021972656,8.294960021972656,,,,
78,548,,,7.300848007202148,,7.300774097442627,7.300774097442627,,,,
78,549,,,9.509984016418457,,9.509909629821777,9.509909629821777,,,,
78,550,,,7.1015400886535645,,7.101466178894043,7.101466178894043,,,,
78,551,,,8.645845413208008,,8.645771026611328,8.645771026611328,,,,
78,552,,,8.187406539916992,,8.187332153320312,8.187332153320312,,,,
,78,,,,,,,,,16.2297420501709,16.2297420501709
78,552,,,,,,,16.2297420501709,16.2297420501709,,
78,552,7.738175868988037,7.7382493019104,,7.738175868988037,,,,,,
79,553,,,9.957178115844727,,9.957103729248047,9.957103729248047,,,,
79,554,,,6.5916571617126465,,6.591583251953125,6.591583251953125,,,,
79,555,,,7.386399745941162,,7.386325836181641,7.386325836181641,,,,
79,556,,,6.452873706817627,,6.4527997970581055,6.4527997970581055,,,,
79,557,,,6.514616966247559,,6.514543056488037,6.514543056488037,,,,
79,558,,,9.462409973144531,,9.462335586547852,9.462335586547852,,,,
79,559,,,6.8339457511901855,,6.833871841430664,6.833871841430664,,,,
,79,,,,,,,,,16.04862403869629,16.04862403869629
79,559,,,,,,,16.04862403869629,16.04862403869629,,
79,559,7.674885272979736,7.674959182739258,,7.674885272979736,,,,,,
80,560,,,6.759007930755615,,6.758934020996094,6.758934020996094,,,,
80,561,,,6.622517108917236,,6.622443199157715,6.622443199157715,,,,
80,562,,,11.592000007629395,,11.591925621032715,11.591925621032715,,,,
80,563,,,5.448181629180908,,5.448107719421387,5.448107719421387,,,,
80,564,,,7.537441253662109,,7.53736686706543,7.53736686706543,,,,
80,565,,,8.18578815460205,,8.185713768005371,8.185713768005371,,,,
80,566,,,6.332859992980957,,6.332785606384277,6.332785606384277,,,,
,80,,,,,,,,,15.964192390441895,15.964192390441895
80,566,,,,,,,15.964192390441895,15.964192390441895,,
80,566,7.610868453979492,7.610942840576172,,7.610868453979492,,,,,,
81,567,,,6.313127040863037,,6.313052654266357,6.313052654266357,,,,
81,568,,,9.80066204071045,,9.80058765411377,9.80058765411377,,,,
81,569,,,9.53141975402832,,9.53134536743164,9.53134536743164,,,,
81,570,,,7.884214401245117,,7.8841400146484375,7.8841400146484375,,,,
81,571,,,6.23748254776001,,6.23740816116333,6.23740816116333,,,,
81,572,,,6.696859359741211,,6.696784973144531,6.696784973144531,,,,
81,573,,,4.45587158203125,,4.45579719543457,4.45579719543457,,,,
,81,,,,,,,,,15.709880828857422,15.709880828857422
81,573,,,,,,,15.709879875183105,15.709879875183105,,
81,573,7.550469398498535,7.550544261932373,,7.550469398498535,,,,,,
82,574,,,7.514645576477051,,7.514571189880371,7.514571189880371,,,,
82,575,,,8.690014839172363,,8.689940452575684,8.689940452575684,,,,
82,576,,,7.509599208831787,,7.509524822235107,7.509524822235107,,,,
82,577,,,7.098092555999756,,7.098018169403076,7.098018169403076,,,,
82,578,,,8.581255912780762,,8.581181526184082,8.581181526184082,,,,
82,579,,,6.184859752655029,,6.18478536605835,6.18478536605835,,,,
82,580,,,5.735069274902344,,5.734994888305664,5.734994888305664,,,,
,82,,,,,,,,,15.53453254699707,15.53453254699707
82,580,,,,,,,15.53453254699707,15.53453254699707,,
82,580,7.486846446990967,7.486920356750488,,7.486846446990967,,,,,,
83,581,,,6.9461236000061035,,6.946049213409424,6.946049213409424,,,,
83,582,,,8.593907356262207,,8.593832969665527,8.593832969665527,,,,
83,583,,,7.019504547119141,,7.019430160522461,7.019430160522461,,,,
83,584,,,7.819266319274902,,7.819191932678223,7.819191932678223,,,,
83,585,,,4.244223594665527,,4.244149208068848,4.244149208068848,,,,
83,586,,,9.832662582397461,,9.832588195800781,9.832588195800781,,,,
83,587,,,7.684773921966553,,7.684699535369873,7.684699535369873,,,,
,83,,,,,,,,,15.429917335510254,15.429917335510254
83,587,,,,,,,15.429917335510254,15.429917335510254,,
83,587,7.425412654876709,7.425487041473389,,7.425412654876709,,,,,,
84,588,,,6.233116149902344,,6.233041763305664,6.233041763305664,,,,
84,589,,,5.922971725463867,,5.9228973388671875,5.9228973388671875,,,,
84,590,,,9.15438461303711,,9.15431022644043,9.15431022644043,,,,
84,591,,,7.547394275665283,,7.5473198890686035,7.5473198890686035,,,,
84,592,,,7.824551582336426,,7.824477195739746,7.824477195739746,,,,
84,593,,,7.076705455780029,,7.07663106918335,7.07663106918335,,,,
84,594,,,8.480609893798828,,8.480535507202148,8.480535507202148,,,,
,84,,,,,,,,,15.307286262512207,15.307286262512207
84,594,,,,,,,15.307286262512207,15.307286262512207,,
84,594,7.362961292266846,7.363035678863525,,7.362961292266846,,,,,,
85,595,,,6.661320686340332,,6.661246299743652,6.661246299743652,,,,
85,596,,,6.90681266784668,,6.90673828125,6.90673828125,,,,
85,597,,,7.071370601654053,,7.071296215057373,7.071296215057373,,,,
85,598,,,8.570590019226074,,8.570515632629395,8.570515632629395,,,,
85,599,,,6.584392070770264,,6.584317684173584,6.584317684173584,,,,
85,600,,,8.052742958068848,,8.052668571472168,8.052668571472168,,,,
85,601,,,7.164135456085205,,7.164061069488525,7.164061069488525,,,,
,85,,,,,,,,,15.27774715423584,15.27774715423584
85,601,,,,,,,15.27774715423584,15.27774715423584,,
85,601,7.299342155456543,7.299416542053223,,7.299342155456543,,,,,,
86,602,,,5.825902938842773,,5.825828552246094,5.825828552246094,,,,
86,603,,,6.142386436462402,,6.142312049865723,6.142312049865723,,,,
86,604,,,9.197659492492676,,9.197585105895996,9.197585105895996,,,,
86,605,,,6.5725932121276855,,6.572518825531006,6.572518825531006,,,,
86,606,,,7.720571041107178,,7.72049617767334,7.72049617767334,,,,
86,607,,,7.988187789916992,,7.988112926483154,7.988112926483154,,,,
86,608,,,7.131222248077393,,7.131147384643555,7.131147384643555,,,,
,86,,,,,,,,,15.220738410949707,15.220738410949707
86,608,,,,,,,15.220738410949707,15.220738410949707,,
86,608,7.234671592712402,7.234747409820557,,7.234671592712402,,,,,,
87,609,,,6.64496374130249,,6.644888877868652,6.644888877868652,,,,
87,610,,,7.035950660705566,,7.0358757972717285,7.0358757972717285,,,,
87,611,,,6.51026725769043,,6.510192394256592,6.510192394256592,,,,
87,612,,,8.506013870239258,,8.505939483642578,8.505939483642578,,,,
87,613,,,7.782041072845459,,7.781966209411621,7.781966209411621,,,,
87,614,,,7.2370219230651855,,7.236947059631348,7.236947059631348,,,,
87,615,,,5.452917098999023,,5.4528422355651855,5.4528422355651855,,,,
,87,,,,,,,,,15.094816207885742,15.094816207885742
87,615,,,,,,,15.094816207885742,15.094816207885742,,
87,615,7.178137302398682,7.178212642669678,,7.178137302398682,,,,,,
88,616,,,9.407942771911621,,9.407868385314941,9.407868385314941,,,,
88,617,,,5.497646808624268,,5.49757194519043,5.49757194519043,,,,
88,618,,,6.209932327270508,,6.20985746383667,6.20985746383667,,,,
88,619,,,7.132345199584961,,7.132270336151123,7.132270336151123,,,,
88,620,,,7.071938991546631,,7.071864128112793,7.071864128112793,,,,
88,621,,,8.157746315002441,,8.157671928405762,8.157671928405762,,,,
88,622,,,5.025574207305908,,5.02549934387207,5.02549934387207,,,,
,88,,,,,,,,,14.78764533996582,14.78764533996582
88,622,,,,,,,14.78764533996582,14.78764533996582,,
88,622,7.115555763244629,7.11562967300415,,7.115555763244629,,,,,,
89,623,,,5.532767295837402,,5.5326924324035645,5.5326924324035645,,,,
89,624,,,9.281712532043457,,9.281638145446777,9.281638145446777,,,,
89,625,,,5.737103462219238,,5.7370285987854,5.7370285987854,,,,
89,626,,,7.644540309906006,,7.644465446472168,7.644465446472168,,,,
89,627,,,8.007039070129395,,8.006963729858398,8.006963729858398,,,,
89,628,,,5.017824649810791,,5.017749786376953,5.017749786376953,,,,
89,629,,,10.1333589553833,,10.133283615112305,10.133283615112305,,,,
,89,,,,,,,,,14.616252899169922,14.616252899169922
89,629,,,,,,,14.616251945495605,14.616251945495605,,
89,629,7.062042236328125,7.062117576599121,,7.062042236328125,,,,,,
90,630,,,9.057501792907715,,9.057426452636719,9.057426452636719,,,,
90,631,,,9.288267135620117,,9.288191795349121,9.288191795349121,,,,
90,632,,,6.251716136932373,,6.251641273498535,6.251641273498535,,,,
90,633,,,8.321354866027832,,8.321279525756836,8.321279525756836,,,,
90,634,,,4.924293518066406,,4.924218654632568,4.924218654632568,,,,
90,635,,,4.242133617401123,,4.242058753967285,4.242058753967285,,,,
90,636,,,7.101855278015137,,7.101780414581299,7.101780414581299,,,,
,90,,,,,,,,,14.327831268310547,14.327831268310547
90,636,,,,,,,14.32783031463623,14.32783031463623,,
90,636,7.019291400909424,7.01936674118042,,7.019291400909424,,,,,,
91,637,,,6.962705135345459,,6.962630271911621,6.962630271911621,,,,
91,638,,,5.816073894500732,,5.8159990310668945,5.8159990310668945,,,,
91,639,,,7.627628326416016,,7.627553462982178,7.627553462982178,,,,
91,640,,,7.281910419464111,,7.281835556030273,7.281835556030273,,,,
91,641,,,5.518317222595215,,5.518242359161377,5.518242359161377,,,,
91,642,,,7.073817729949951,,7.073742866516113,7.073742866516113,,,,
91,643,,,10.995999336242676,,10.99592399597168,10.99592399597168,,,,
,91,,,,,,,,,14.20919418334961,14.20919418334961
91,643,,,,,,,14.209193229675293,14.209193229675293,,
91,643,6.965250492095947,6.965325832366943,,6.965250492095947,,,,,,
92,644,,,8.399785041809082,,8.399709701538086,8.399709701538086,,,,
92,645,,,6.1752028465271,,6.1751275062561035,6.1751275062561035,,,,
92,646,,,7.159402847290039,,7.159327507019043,7.159327507019043,,,,
92,647,,,6.592155933380127,,6.592080593109131,6.592080593109131,,,,
92,648,,,6.933220386505127,,6.933145046234131,6.933145046234131,,,,
92,649,,,6.195194244384766,,6.1951189041137695,6.1951189041137695,,,,
92,650,,,6.987462520599365,,6.987387180328369,6.987387180328369,,,,
,92,,,,,,,,,14.210088729858398,14.210088729858398
92,650,,,,,,,14.210088729858398,14.210088729858398,,
92,650,6.91369104385376,6.913765907287598,,6.91369104385376,,,,,,
93,651,,,7.015387058258057,,7.0153117179870605,7.0153117179870605,,,,
93,652,,,5.888637065887451,,5.888561725616455,5.888561725616455,,,,
93,653,,,6.533409118652344,,6.533333778381348,6.533333778381348,,,,
93,654,,,5.088465213775635,,5.088389873504639,5.088389873504639,,,,
93,655,,,6.725648880004883,,6.725573539733887,6.725573539733887,,,,
93,656,,,9.932419776916504,,9.932344436645508,9.932344436645508,,,,
93,657,,,7.036859512329102,,7.0367841720581055,7.0367841720581055,,,,
,93,,,,,,,,,14.151369094848633,14.151369094848633
93,657,,,,,,,14.151369094848633,14.151369094848633,,
93,657,6.874088287353516,6.874162673950195,,6.874088287353516,,,,,,
94,658,,,5.946610927581787,,5.946535587310791,5.946535587310791,,,,
94,659,,,5.234423637390137,,5.234348297119141,5.234348297119141,,,,
94,660,,,8.560564041137695,,8.5604887008667,8.5604887008667,,,,
94,661,,,9.179496765136719,,9.179421424865723,9.179421424865723,,,,
94,662,,,4.348455905914307,,4.3483805656433105,4.3483805656433105,,,,
94,663,,,7.982567310333252,,7.982491970062256,7.982491970062256,,,,
94,664,,,5.9363250732421875,,5.936249732971191,5.936249732971191,,,,
,94,,,,,,,,,14.146336555480957,14.146336555480957
94,664,,,,,,,14.146336555480957,14.146336555480957,,
94,664,6.820040225982666,6.82011604309082,,6.820040225982666,,,,,,
95,665,,,6.208248138427734,,6.208172798156738,6.208172798156738,,,,
95,666,,,7.759206295013428,,7.759130954742432,7.759130954742432,,,,
95,667,,,6.465848445892334,,6.465773105621338,6.465773105621338,,,,
95,668,,,5.184257507324219,,5.184182167053223,5.184182167053223,,,,
95,669,,,8.15595817565918,,8.155882835388184,8.155882835388184,,,,
95,670,,,6.855856418609619,,6.855781078338623,6.855781078338623,,,,
95,671,,,6.86409330368042,,6.864017963409424,6.864017963409424,,,,
,95,,,,,,,,,14.180521965026855,14.180521965026855
95,671,,,,,,,14.180521965026855,14.180521965026855,,
95,671,6.776930332183838,6.777006149291992,,6.776930332183838,,,,,,
96,672,,,8.242854118347168,,8.242778778076172,8.242778778076172,,,,
96,673,,,8.277043342590332,,8.276968002319336,8.276968002319336,,,,
96,674,,,5.289737701416016,,5.2896623611450195,5.2896623611450195,,,,
96,675,,,7.241820335388184,,7.2417449951171875,7.2417449951171875,,,,
96,676,,,5.193900108337402,,5.193824768066406,5.193824768066406,,,,
96,677,,,7.174848556518555,,7.174773216247559,7.174773216247559,,,,
96,678,,,3.9942944049835205,,3.9942188262939453,3.9942188262939453,,,,
,96,,,,,,,,,14.067778587341309,14.067778587341309
96,678,,,,,,,14.067778587341309,14.067778587341309,,
96,678,6.732170581817627,6.732245445251465,,6.732170581817627,,,,,,
97,679,,,7.5776848793029785,,7.577609539031982,7.577609539031982,,,,
97,680,,,5.710294723510742,,5.710219383239746,5.710219383239746,,,,
97,681,,,7.385347366333008,,7.385272026062012,7.385272026062012,,,,
97,682,,,5.982245922088623,,5.982170581817627,5.982170581817627,,,,
97,683,,,7.024606704711914,,7.024531364440918,7.024531364440918,,,,
97,684,,,6.477221488952637,,6.477146148681641,6.477146148681641,,,,
97,685,,,6.466604709625244,,6.466529369354248,6.466529369354248,,,,
,97,,,,,,,,,13.730193138122559,13.730193138122559
97,685,,,,,,,13.730193138122559,13.730193138122559,,
97,685,6.679513454437256,6.679588794708252,,6.679513454437256,,,,,,
98,686,,,7.671935558319092,,7.6718597412109375,7.6718597412109375,,,,
98,687,,,7.845512866973877,,7.845437049865723,7.845437049865723,,,,
98,688,,,8.317384719848633,,8.317309379577637,8.317309379577637,,,,
98,689,,,5.139139652252197,,5.139063835144043,5.139063835144043,,,,
98,690,,,4.292827606201172,,4.292751789093018,4.292751789093018,,,,
98,691,,,6.7783379554748535,,6.778262138366699,6.778262138366699,,,,
98,692,,,5.883831024169922,,5.883755207061768,5.883755207061768,,,,
,98,,,,,,,,,13.46922779083252,13.46922779083252
98,692,,,,,,,13.46922779083252,13.46922779083252,,
98,692,6.627622604370117,6.627697944641113,,6.627622604370117,,,,,,
99,693,,,6.201126575469971,,6.201050758361816,6.201050758361816,,,,
99,694,,,8.327254295349121,,8.327178955078125,8.327178955078125,,,,
99,695,,,4.133097171783447,,4.133021354675293,4.133021354675293,,,,
99,696,,,6.659389495849609,,6.659313678741455,6.659313678741455,,,,
99,697,,,6.702203750610352,,6.702127933502197,6.702127933502197,,,,
99,698,,,6.753579616546631,,6.753503799438477,6.753503799438477,,,,
99,699,,,8.334671974182129,,8.334596633911133,8.334596633911133,,,,
,99,,,,,,,,,13.488811492919922,13.488811492919922
99,699,,,,,,,13.488810539245605,13.488810539245605,,
99,699,6.572811126708984,6.572886943817139,,6.572811126708984,,,,,,
100,700,,,7.2067646980285645,,7.20668888092041,7.20668888092041,,,,
100,701,,,8.06235408782959,,8.062278747558594,8.062278747558594,,,,
100,702,,,5.305421829223633,,5.3053460121154785,5.3053460121154785,,,,
100,703,,,5.638566493988037,,5.638490676879883,5.638490676879883,,,,
100,704,,,6.890649318695068,,6.890573501586914,6.890573501586914,,,,
100,705,,,5.358309745788574,,5.35823392868042,5.35823392868042,,,,
100,706,,,8.23853588104248,,8.238459587097168,8.238459587097168,,,,
,100,,,,,,,,,13.463629722595215,13.463629722595215
100,706,,,,,,,13.463629722595215,13.463629722595215,,
100,706,6.51780891418457,6.517885208129883,,6.51780891418457,,,,,,
101,707,,,8.167208671569824,,8.167132377624512,8.167132377624512,,,,
101,708,,,4.674505710601807,,4.674429893493652,4.674429893493652,,,,
101,709,,,7.064271926879883,,7.0641961097717285,7.0641961097717285,,,,
101,710,,,6.00562858581543,,6.005552768707275,6.005552768707275,,,,
101,711,,,6.407575607299805,,6.40749979019165,6.40749979019165,,,,
101,712,,,7.284491062164307,,7.284415245056152,7.284415245056152,,,,
101,713,,,4.412304878234863,,4.412229061126709,4.412229061126709,,,,
,101,,,,,,,,,13.394338607788086,13.394338607788086
101,713,,,,,,,13.394338607788086,13.394338607788086,,
101,713,6.471813678741455,6.471889495849609,,6.471813678741455,,,,,,
102,714,,,5.782021522521973,,5.781945705413818,5.781945705413818,,,,
102,715,,,8.280619621276855,,8.280543327331543,8.280543327331543,,,,
102,716,,,5.872035980224609,,5.871960163116455,5.871960163116455,,,,
102,717,,,6.285154819488525,,6.285079002380371,6.285079002380371,,,,
102,718,,,6.12576961517334,,6.1256937980651855,6.1256937980651855,,,,
102,719,,,6.911571502685547,,6.911495685577393,6.911495685577393,,,,
102,720,,,4.424448490142822,,4.424372673034668,4.424372673034668,,,,
,102,,,,,,,,,13.261409759521484,13.261409759521484
102,720,,,,,,,13.261408805847168,13.261408805847168,,
102,720,6.418173789978027,6.418249607086182,,6.418173789978027,,,,,,
103,721,,,5.622936248779297,,5.622860431671143,5.622860431671143,,,,
103,722,,,4.1284356117248535,,4.128359794616699,4.128359794616699,,,,
103,723,,,8.024255752563477,,8.024179458618164,8.024179458618164,,,,
103,724,,,6.362401962280273,,6.362325668334961,6.362325668334961,,,,
103,725,,,9.341145515441895,,9.341069221496582,9.341069221496582,,,,
103,726,,,5.576632499694824,,5.576556205749512,5.576556205749512,,,,
103,727,,,4.089184761047363,,4.089108467102051,4.089108467102051,,,,
,103,,,,,,,,,13.075803756713867,13.075803756713867
103,727,,,,,,,13.075803756713867,13.075803756713867,,
103,727,6.366865634918213,6.366941452026367,,6.366865634918213,,,,,,
104,728,,,6.342440128326416,,6.3423638343811035,6.3423638343811035,,,,
104,729,,,7.368618488311768,,7.368542194366455,7.368542194366455,,,,
104,730,,,7.15381383895874,,7.153737545013428,7.153737545013428,,,,
104,731,,,5.495009899139404,,5.494933605194092,5.494933605194092,,,,
104,732,,,3.990034818649292,,3.9899585247039795,3.9899585247039795,,,,
104,733,,,9.056302070617676,,9.056225776672363,9.056225776672363,,,,
104,734,,,2.4363722801208496,,2.436295986175537,2.436295986175537,,,,
,104,,,,,,,,,12.86043643951416,12.86043643951416
104,734,,,,,,,12.86043643951416,12.86043643951416,,
104,734,6.324607849121094,6.324683666229248,,6.324607849121094,,,,,,
105,735,,,6.646045207977295,,6.645968914031982,6.645968914031982,,,,
105,736,,,7.161313056945801,,7.161236763000488,7.161236763000488,,,,
105,737,,,5.503332138061523,,5.503255844116211,5.503255844116211,,,,
105,738,,,6.74957275390625,,6.7494964599609375,6.7494964599609375,,,,
105,739,,,6.707743167877197,,6.707666873931885,6.707666873931885,,,,
105,740,,,5.7152228355407715,,5.715146541595459,5.715146541595459,,,,
105,741,,,3.879765033721924,,3.8796887397766113,3.8796887397766113,,,,
,105,,,,,,,,,12.699155807495117,12.699155807495117
105,741,,,,,,,12.699155807495117,12.699155807495117,,
105,741,6.264729976654053,6.264805793762207,,6.264729976654053,,,,,,
106,742,,,7.454032897949219,,7.453956604003906,7.453956604003906,,,,
106,743,,,4.561845779418945,,4.561769485473633,4.561769485473633,,,,
106,744,,,5.815219402313232,,5.81514310836792,5.81514310836792,,,,
106,745,,,6.246371746063232,,6.24629545211792,6.24629545211792,,,,
106,746,,,6.947845935821533,,6.947769641876221,6.947769641876221,,,,
106,747,,,7.030684471130371,,7.030608177185059,7.030608177185059,,,,
106,748,,,4.122335433959961,,4.122259140014648,4.122259140014648,,,,
,106,,,,,,,,,12.430164337158203,12.430164337158203
106,748,,,,,,,12.43016529083252,12.43016529083252,,
106,748,6.211982727050781,6.212059020996094,,6.211982727050781,,,,,,
107,749,,,5.4332499504089355,,5.433173656463623,5.433173656463623,,,,
107,750,,,8.790998458862305,,8.790922164916992,8.790922164916992,,,,
107,751,,,4.716883182525635,,4.716806888580322,4.716806888580322,,,,
107,752,,,6.3241729736328125,,6.3240966796875,6.3240966796875,,,,
107,753,,,6.210943698883057,,6.210867404937744,6.210867404937744,,,,
107,754,,,4.953818321228027,,4.953742027282715,4.953742027282715,,,,
107,755,,,7.674020767211914,,7.673944473266602,7.673944473266602,,,,
,107,,,,,,,,,12.249897956848145,12.249897956848145
107,755,,,,,,,12.249897956848145,12.249897956848145,,
107,755,6.16585636138916,6.165933132171631,,6.16585636138916,,,,,,
108,756,,,5.871462821960449,,5.8713860511779785,5.8713860511779785,,,,
108,757,,,6.077608108520508,,6.077531337738037,6.077531337738037,,,,
108,758,,,7.089328289031982,,7.089251518249512,7.089251518249512,,,,
108,759,,,5.2100629806518555,,5.209986209869385,5.209986209869385,,,,
108,760,,,6.525964260101318,,6.525887489318848,6.525887489318848,,,,
108,761,,,5.432446479797363,,5.432369709014893,5.432369709014893,,,,
108,762,,,7.159905910491943,,7.159829139709473,7.159829139709473,,,,
,108,,,,,,,,,12.311729431152344,12.311729431152344
108,762,,,,,,,12.311729431152344,12.311729431152344,,
108,762,6.100604057312012,6.100680351257324,,6.100604057312012,,,,,,
109,763,,,6.013227462768555,,6.013150691986084,6.013150691986084,,,,
109,764,,,5.866366386413574,,5.8662896156311035,5.8662896156311035,,,,
109,765,,,6.787708282470703,,6.787631511688232,6.787631511688232,,,,
109,766,,,5.7563910484313965,,5.756314277648926,5.756314277648926,,,,
109,767,,,5.493846416473389,,5.493769645690918,5.493769645690918,,,,
109,768,,,5.885491371154785,,5.8854146003723145,5.8854146003723145,,,,
109,769,,,7.191868305206299,,7.191791534423828,7.191791534423828,,,,
,109,,,,,,,,,12.455906867980957,12.455906867980957
109,769,,,,,,,12.455906867980957,12.455906867980957,,
109,769,6.039135932922363,6.039212703704834,,6.039135932922363,,,,,,
110,770,,,7.1716179847717285,,7.171541213989258,7.171541213989258,,,,
110,771,,,5.2952070236206055,,5.295130252838135,5.295130252838135,,,,
110,772,,,6.562432289123535,,6.5623555183410645,6.5623555183410645,,,,
110,773,,,5.723384857177734,,5.723308086395264,5.723308086395264,,,,
110,774,,,4.329434394836426,,4.329357624053955,4.329357624053955,,,,
110,775,,,6.673349857330322,,6.673273086547852,6.673273086547852,,,,
110,776,,,6.455783367156982,,6.455706596374512,6.455706596374512,,,,
,110,,,,,,,,,12.544546127319336,12.544546127319336
110,776,,,,,,,12.544546127319336,12.544546127319336,,
110,776,5.988369941711426,5.988446235656738,,5.988369941711426,,,,,,
111,777,,,6.859628200531006,,6.859551429748535,6.859551429748535,,,,
111,778,,,5.094263076782227,,5.094186305999756,5.094186305999756,,,,
111,779,,,6.231979846954346,,6.231903076171875,6.231903076171875,,,,
111,780,,,4.410367488861084,,4.410290718078613,4.410290718078613,,,,
111,781,,,6.034238815307617,,6.0341620445251465,6.0341620445251465,,,,
111,782,,,6.009894847869873,,6.009818077087402,6.009818077087402,,,,
111,783,,,8.561483383178711,,8.561406135559082,8.561406135559082,,,,
,111,,,,,,,,,12.681599617004395,12.681599617004395
111,783,,,,,,,12.681599617004395,12.681599617004395,,
111,783,5.937324047088623,5.937400817871094,,5.937324047088623,,,,,,
112,784,,,5.2136149406433105,,5.21353816986084,5.21353816986084,,,,
112,785,,,5.41041898727417,,5.410342216491699,5.410342216491699,,,,
112,786,,,6.299737453460693,,6.299660682678223,6.299660682678223,,,,
112,787,,,5.6497697830200195,,5.649693012237549,5.649693012237549,,,,
112,788,,,8.559625625610352,,8.559548377990723,8.559548377990723,,,,
112,789,,,4.138084888458252,,4.138008117675781,4.138008117675781,,,,
112,790,,,6.143049240112305,,6.142972469329834,6.142972469329834,,,,
,112,,,,,,,,,12.625439643859863,12.625439643859863
112,790,,,,,,,12.625439643859863,12.625439643859863,,
112,790,5.89402437210083,5.894101142883301,,5.89402437210083,,,,,,
113,791,,,7.401341438293457,,7.401264190673828,7.401264190673828,,,,
113,792,,,4.904632091522217,,4.904554843902588,4.904554843902588,,,,
113,793,,,4.8800153732299805,,4.879938125610352,4.879938125610352,,,,
113,794,,,6.032985210418701,,6.032907962799072,6.032907962799072,,,,
113,795,,,5.274087429046631,,5.274010181427002,5.274010181427002,,,,
113,796,,,6.281459331512451,,6.281382083892822,6.281382083892822,,,,
113,797,,,6.745982646942139,,6.74590539932251,6.74590539932251,,,,
,113,,,,,,,,,12.279142379760742,12.279142379760742
113,797,,,,,,,12.279142379760742,12.279142379760742,,
113,797,5.851572036743164,5.851649284362793,,5.851572036743164,,,,,,
114,798,,,7.39003324508667,,7.389955997467041,7.389955997467041,,,,
114,799,,,4.445125579833984,,4.4450483322143555,4.4450483322143555,,,,
114,800,,,6.083939552307129,,6.0838623046875,6.0838623046875,,,,
114,801,,,5.403201580047607,,5.4031243324279785,5.4031243324279785,,,,
114,802,,,6.345672607421875,,6.345595359802246,6.345595359802246,,,,
114,803,,,5.372486114501953,,5.372408866882324,5.372408866882324,,,,
114,804,,,5.230296611785889,,5.23021936416626,5.23021936416626,,,,
,114,,,,,,,,,12.071075439453125,12.071075439453125
114,804,,,,,,,12.071075439453125,12.071075439453125,,
114,804,5.804129600524902,5.804206848144531,,5.804129600524902,,,,,,
115,805,,,6.978878021240234,,6.9788007736206055,6.9788007736206055,,,,
115,806,,,5.767877101898193,,5.7677998542785645,5.7677998542785645,,,,
115,807,,,4.925097942352295,,4.925020694732666,4.925020694732666,,,,
115,808,,,5.720826148986816,,5.7207489013671875,5.7207489013671875,,,,
115,809,,,5.523740768432617,,5.523663520812988,5.523663520812988,,,,
115,810,,,4.143821716308594,,4.143744468688965,4.143744468688965,,,,
115,811,,,9.794853210449219,,9.79477596282959,9.79477596282959,,,,
,115,,,,,,,,,11.918436050415039,11.918436050415039
115,811,,,,,,,11.918436050415039,11.918436050415039,,
115,811,5.762011528015137,5.762087821960449,,5.762011528015137,,,,,,
116,812,,,4.936601638793945,,4.936524391174316,4.936524391174316,,,,
116,813,,,5.223862648010254,,5.223785400390625,5.223785400390625,,,,
116,814,,,5.713068008422852,,5.712990760803223,5.712990760803223,,,,
116,815,,,7.445186614990234,,7.4451093673706055,7.4451093673706055,,,,
116,816,,,5.426962852478027,,5.426885604858398,5.426885604858398,,,,
116,817,,,5.169380187988281,,5.169302940368652,5.169302940368652,,,,
116,818,,,6.611988067626953,,6.611910820007324,6.611910820007324,,,,
,116,,,,,,,,,11.78985595703125,11.78985595703125
116,818,,,,,,,11.78985595703125,11.78985595703125,,
116,818,5.708872318267822,5.708950042724609,,5.708872318267822,,,,,,
117,819,,,5.162042140960693,,5.161964416503906,5.161964416503906,,,,
117,820,,,4.355374813079834,,4.355297088623047,4.355297088623047,,,,
117,821,,,7.028520107269287,,7.0284423828125,7.0284423828125,,,,
117,822,,,5.807089328765869,,5.807011604309082,5.807011604309082,,,,
117,823,,,5.084308624267578,,5.084230899810791,5.084230899810791,,,,
117,824,,,6.070326805114746,,6.070249080657959,6.070249080657959,,,,
117,825,,,6.736023902893066,,6.735946178436279,6.735946178436279,,,,
,117,,,,,,,,,11.773208618164062,11.773208618164062
117,825,,,,,,,11.773208618164062,11.773208618164062,,
117,825,5.652262210845947,5.652339935302734,,5.652262210845947,,,,,,
118,826,,,5.514738082885742,,5.514660358428955,5.514660358428955,,,,
118,827,,,5.865764141082764,,5.865686416625977,5.865686416625977,,,,
118,828,,,4.735414505004883,,4.735336780548096,4.735336780548096,,,,
118,829,,,5.164851188659668,,5.164773464202881,5.164773464202881,,,,
118,830,,,6.519322872161865,,6.519245147705078,6.519245147705078,,,,
118,831,,,6.338356971740723,,6.3382792472839355,6.3382792472839355,,,,
118,832,,,4.358009338378906,,4.357931613922119,4.357931613922119,,,,
,118,,,,,,,,,11.550216674804688,11.550216674804688
118,832,,,,,,,11.550216674804688,11.550216674804688,,
118,832,5.611326217651367,5.611404895782471,,5.611326217651367,,,,,,
119,833,,,6.92334508895874,,6.923267364501953,6.923267364501953,,,,
119,834,,,6.352656364440918,,6.352578639984131,6.352578639984131,,,,
119,835,,,5.304286479949951,,5.304208755493164,5.304208755493164,,,,
119,836,,,5.719412803649902,,5.719335079193115,5.719335079193115,,,,
119,837,,,4.818475723266602,,4.8183979988098145,4.8183979988098145,,,,
119,838,,,4.909529209136963,,4.909451484680176,4.909451484680176,,,,
119,839,,,3.8309779167175293,,3.830900192260742,3.830900192260742,,,,
,119,,,,,,,,,11.433989524841309,11.433989524841309
119,839,,,,,,,11.433989524841309,11.433989524841309,,
119,839,5.562953472137451,5.56303071975708,,5.562953472137451,,,,,,
120,840,,,3.339163064956665,,3.339085340499878,3.339085340499878,,,,
120,841,,,6.656918048858643,,6.6568403244018555,6.6568403244018555,,,,
120,842,,,6.1116461753845215,,6.111568450927734,6.111568450927734,,,,
120,843,,,6.528066635131836,,6.527988910675049,6.527988910675049,,,,
120,844,,,5.229321002960205,,5.229243278503418,5.229243278503418,,,,
120,845,,,5.977313995361328,,5.977236270904541,5.977236270904541,,,,
120,846,,,3.7512247562408447,,3.7511467933654785,3.7511467933654785,,,,
,120,,,,,,,,,11.393113136291504,11.393113136291504
120,846,,,,,,,11.393113136291504,11.393113136291504,,
120,846,5.529199123382568,5.529276371002197,,5.529199123382568,,,,,,
121,847,,,4.0398101806640625,,4.039732456207275,4.039732456207275,,,,
121,848,,,4.9027814865112305,,4.902703762054443,4.902703762054443,,,,
121,849,,,4.726182460784912,,4.726104259490967,4.726104259490967,,,,
121,850,,,6.919667720794678,,6.919589519500732,6.919589519500732,,,,
121,851,,,6.376558780670166,,6.376480579376221,6.376480579376221,,,,
121,852,,,5.905336856842041,,5.905258655548096,5.905258655548096,,,,
121,853,,,5.328577995300293,,5.328499794006348,5.328499794006348,,,,
,121,,,,,,,,,11.363235473632812,11.363235473632812
121,853,,,,,,,11.363235473632812,11.363235473632812,,
121,853,5.469499111175537,5.469577789306641,,5.469499111175537,,,,,,
122,854,,,4.717678070068359,,4.717599868774414,4.717599868774414,,,,
122,855,,,3.0970633029937744,,3.096985340118408,3.096985340118408,,,,
122,856,,,7.686868667602539,,7.686790466308594,7.686790466308594,,,,
122,857,,,7.147684097290039,,7.147605895996094,7.147605895996094,,,,
122,858,,,5.532257556915283,,5.532179355621338,5.532179355621338,,,,
122,859,,,3.794916868209839,,3.7948386669158936,3.7948386669158936,,,,
122,860,,,7.006570339202881,,7.0064921379089355,7.0064921379089355,,,,
,122,,,,,,,,,11.440008163452148,11.440008163452148
122,860,,,,,,,11.440008163452148,11.440008163452148,,
122,860,5.427989482879639,5.428067684173584,,5.427989482879639,,,,,,
123,861,,,6.468652725219727,,6.468574523925781,6.468574523925781,,,,
123,862,,,5.75771951675415,,5.757641315460205,5.757641315460205,,,,
123,863,,,5.4008259773254395,,5.400747776031494,5.400747776031494,,,,
123,864,,,5.812911510467529,,5.812833309173584,5.812833309173584,,,,
123,865,,,5.160388946533203,,5.160310745239258,5.160310745239258,,,,
123,866,,,4.114490032196045,,4.1144118309021,4.1144118309021,,,,
123,867,,,4.130640506744385,,4.1305623054504395,4.1305623054504395,,,,
,123,,,,,,,,,11.493287086486816,11.493287086486816
123,867,,,,,,,11.493287086486816,11.493287086486816,,
123,867,5.374663829803467,5.374741554260254,,5.374663829803467,,,,,,
124,868,,,4.070691108703613,,4.070612907409668,4.070612907409668,,,,
124,869,,,5.199550151824951,,5.199471950531006,5.199471950531006,,,,
124,870,,,5.059076309204102,,5.058998107910156,5.058998107910156,,,,
124,871,,,5.416484355926514,,5.416406154632568,5.416406154632568,,,,
124,872,,,6.317456245422363,,6.317378044128418,6.317378044128418,,,,
124,873,,,4.882915019989014,,4.882836818695068,4.882836818695068,,,,
124,874,,,7.858058929443359,,7.857980728149414,7.857980728149414,,,,
,124,,,,,,,,,11.386364936828613,11.386364936828613
124,874,,,,,,,11.386364936828613,11.386364936828613,,
124,874,5.31646203994751,5.316540718078613,,5.31646203994751,,,,,,
125,875,,,6.5280985832214355,,6.52802038192749,6.52802038192749,,,,
125,876,,,5.046032428741455,,5.04595422744751,5.04595422744751,,,,
125,877,,,4.848636627197266,,4.84855842590332,4.84855842590332,,,,
125,878,,,3.164658784866333,,3.1645803451538086,3.1645803451538086,,,,
125,879,,,4.834379196166992,,4.834300518035889,4.834300518035889,,,,
125,880,,,6.069608688354492,,6.069530010223389,6.069530010223389,,,,
125,881,,,8.243298530578613,,8.243220329284668,8.243220329284668,,,,
,125,,,,,,,,,11.242259979248047,11.242259979248047
125,881,,,,,,,11.24225902557373,11.24225902557373,,
125,881,5.267788887023926,5.267867088317871,,5.267788887023926,,,,,,
126,882,,,4.051610946655273,,4.05153226852417,4.05153226852417,,,,
126,883,,,5.341850757598877,,5.341772079467773,5.341772079467773,,,,
126,884,,,5.9316582679748535,,5.93157958984375,5.93157958984375,,,,
126,885,,,4.566115856170654,,4.566037178039551,4.566037178039551,,,,
126,886,,,6.075387001037598,,6.075308322906494,6.075308322906494,,,,
126,887,,,4.685585975646973,,4.685507297515869,4.685507297515869,,,,
126,888,,,7.0396199226379395,,7.039541244506836,7.039541244506836,,,,
,126,,,,,,,,,11.011308670043945,11.011308670043945
126,888,,,,,,,11.011308670043945,11.011308670043945,,
126,888,5.222206115722656,5.22228479385376,,5.222206115722656,,,,,,
127,889,,,6.277027130126953,,6.27694845199585,6.27694845199585,,,,
127,890,,,5.634094715118408,,5.634016036987305,5.634016036987305,,,,
127,891,,,5.23895263671875,,5.2388739585876465,5.2388739585876465,,,,
127,892,,,6.095434665679932,,6.095355987548828,6.095355987548828,,,,
127,893,,,3.363398551940918,,3.3633198738098145,3.3633198738098145,,,,
127,894,,,5.144542217254639,,5.144463539123535,5.144463539123535,,,,
127,895,,,3.3689687252044678,,3.3688900470733643,3.3688900470733643,,,,
,127,,,,,,,,,10.70416259765625,10.70416259765625
127,895,,,,,,,10.70416259765625,10.70416259765625,,
127,895,5.17902946472168,5.179107666015625,,5.17902946472168,,,,,,
128,896,,,4.1219305992126465,,4.121851921081543,4.121851921081543,,,,
128,897,,,5.547699928283691,,5.547621250152588,5.547621250152588,,,,
128,898,,,4.522932529449463,,4.522853851318359,4.522853851318359,,,,
128,899,,,4.700577259063721,,4.700498580932617,4.700498580932617,,,,
128,900,,,4.175269603729248,,4.1751909255981445,4.1751909255981445,,,,
128,901,,,7.198572158813477,,7.198493480682373,7.198493480682373,,,,
128,902,,,6.789865970611572,,6.789787292480469,6.789787292480469,,,,
,128,,,,,,,,,10.568982124328613,10.568982124328613
128,902,,,,,,,10.568982124328613,10.568982124328613,,
128,902,5.147087097167969,5.147165298461914,,5.147087097167969,,,,,,
129,903,,,4.298549175262451,,4.298470497131348,4.298470497131348,,,,
129,904,,,5.426303863525391,,5.426224708557129,5.426224708557129,,,,
129,905,,,5.787856101989746,,5.787776947021484,5.787776947021484,,,,
129,906,,,5.264291286468506,,5.264212131500244,5.264212131500244,,,,
129,907,,,4.20522928237915,,4.205150127410889,4.205150127410889,,,,
129,908,,,4.859589576721191,,4.85951042175293,4.85951042175293,,,,
129,909,,,7.264276504516602,,7.26419734954834,7.26419734954834,,,,
,129,,,,,,,,,10.286638259887695,10.286638259887695
129,909,,,,,,,10.286638259887695,10.286638259887695,,
129,909,5.108300685882568,5.10837984085083,,5.108300685882568,,,,,,
130,910,,,5.598949909210205,,5.598870754241943,5.598870754241943,,,,
130,911,,,4.095437049865723,,4.095357894897461,4.095357894897461,,,,
130,912,,,5.504018783569336,,5.503939628601074,5.503939628601074,,,,
130,913,,,5.7405009269714355,,5.740421772003174,5.740421772003174,,,,
130,914,,,5.146360397338867,,5.1462812423706055,5.1462812423706055,,,,
130,915,,,4.002256393432617,,4.0021772384643555,4.0021772384643555,,,,
130,916,,,5.9486613273620605,,5.948582172393799,5.948582172393799,,,,
,130,,,,,,,,,10.077028274536133,10.077028274536133
130,916,,,,,,,10.077028274536133,10.077028274536133,,
130,916,5.069453716278076,5.069532871246338,,5.069453716278076,,,,,,
131,917,,,5.236443996429443,,5.236364841461182,5.236364841461182,,,,
131,918,,,4.185671806335449,,4.1855926513671875,4.1855926513671875,,,,
131,919,,,3.773850679397583,,3.7737715244293213,3.7737715244293213,,,,
131,920,,,6.034838676452637,,6.034759521484375,6.034759521484375,,,,
131,921,,,4.605051040649414,,4.604971885681152,4.604971885681152,,,,
131,922,,,5.320746898651123,,5.320667743682861,5.320667743682861,,,,
131,923,,,7.785113334655762,,7.7850341796875,7.7850341796875,,,,
,131,,,,,,,,,10.040085792541504,10.040085792541504
131,923,,,,,,,10.040085792541504,10.040085792541504,,
131,923,5.031453609466553,5.031532287597656,,5.031453609466553,,,,,,
132,924,,,4.215167999267578,,4.215088844299316,4.215088844299316,,,,
132,925,,,4.022737503051758,,4.022658348083496,4.022658348083496,,,,
132,926,,,5.447747707366943,,5.447668552398682,5.447668552398682,,,,
132,927,,,5.075632572174072,,5.0755534172058105,5.0755534172058105,,,,
132,928,,,6.089986801147461,,6.089907646179199,6.089907646179199,,,,
132,929,,,5.54719352722168,,5.547114372253418,5.547114372253418,,,,
132,930,,,3.762451648712158,,3.7623722553253174,3.7623722553253174,,,,
,132,,,,,,,,,10.034976959228516,10.034976959228516
132,930,,,,,,,10.034977912902832,10.034977912902832,,
132,930,4.989628314971924,4.9897074699401855,,4.989628314971924,,,,,,
133,931,,,4.545159816741943,,4.545080184936523,4.545080184936523,,,,
133,932,,,5.514380931854248,,5.514301300048828,5.514301300048828,,,,
133,933,,,6.074525356292725,,6.074445724487305,6.074445724487305,,,,
133,934,,,4.154991149902344,,4.154911518096924,4.154911518096924,,,,
133,935,,,3.9909958839416504,,3.9909164905548096,3.9909164905548096,,,,
133,936,,,5.018741130828857,,5.0186614990234375,5.0186614990234375,,,,
133,937,,,5.981553554534912,,5.981473922729492,5.981473922729492,,,,
,133,,,,,,,,,9.979802131652832,9.979802131652832
133,937,,,,,,,9.979802131652832,9.979802131652832,,
133,937,4.947666168212891,4.947745323181152,,4.947666168212891,,,,,,
134,938,,,5.087947368621826,,5.087867736816406,5.087867736816406,,,,
134,939,,,3.887895107269287,,3.887815475463867,3.887815475463867,,,,
134,940,,,4.585160255432129,,4.585080623626709,4.585080623626709,,,,
134,941,,,5.577884197235107,,5.5778045654296875,5.5778045654296875,,,,
134,942,,,5.237948894500732,,5.2378692626953125,5.2378692626953125,,,,
134,943,,,5.9741129875183105,,5.974033355712891,5.974033355712891,,,,
134,944,,,2.3888652324676514,,2.3887856006622314,2.3887856006622314,,,,
,134,,,,,,,,,9.831229209899902,9.831229209899902
134,944,,,,,,,9.831229209899902,9.831229209899902,,
134,944,4.901374816894531,4.901454925537109,,4.901374816894531,,,,,,
135,945,,,4.128577709197998,,4.128498077392578,4.128498077392578,,,,
135,946,,,4.496788501739502,,4.496708869934082,4.496708869934082,,,,
135,947,,,5.6088056564331055,,5.6087260246276855,5.6087260246276855,,,,
135,948,,,4.876363754272461,,4.876284122467041,4.876284122467041,,,,
135,949,,,4.187405109405518,,4.187325477600098,4.187325477600098,,,,
135,950,,,5.793448448181152,,5.793368816375732,5.793368816375732,,,,
135,951,,,5.001649379730225,,5.001569747924805,5.001569747924805,,,,
,135,,,,,,,,,9.66899299621582,9.66899299621582
135,951,,,,,,,9.66899299621582,9.66899299621582,,
135,951,4.857490539550781,4.857569694519043,,4.857490539550781,,,,,,
136,952,,,5.223047733306885,,5.222968101501465,5.222968101501465,,,,
136,953,,,5.343250751495361,,5.343171119689941,5.343171119689941,,,,
136,954,,,5.865724086761475,,5.865644454956055,5.865644454956055,,,,
136,955,,,3.989423990249634,,3.9893441200256348,3.9893441200256348,,,,
136,956,,,4.324044227600098,,4.3239641189575195,4.3239641189575195,,,,
136,957,,,3.690211534500122,,3.690131664276123,3.690131664276123,,,,
136,958,,,6.077206134796143,,6.0771260261535645,6.0771260261535645,,,,
,136,,,,,,,,,9.671442985534668,9.671442985534668
136,958,,,,,,,9.671442985534668,9.671442985534668,,
136,958,4.817905426025391,4.8179850578308105,,4.817905426025391,,,,,,
137,959,,,4.672323226928711,,4.672243118286133,4.672243118286133,,,,
137,960,,,5.309555530548096,,5.309475421905518,5.309475421905518,,,,
137,961,,,4.29403829574585,,4.2939581871032715,4.2939581871032715,,,,
137,962,,,4.794684410095215,,4.794604301452637,4.794604301452637,,,,
137,963,,,4.936922550201416,,4.936842441558838,4.936842441558838,,,,
137,964,,,4.044458389282227,,4.044378280639648,4.044378280639648,,,,
137,965,,,6.438771724700928,,6.43869161605835,6.43869161605835,,,,
,137,,,,,,,,,9.650948524475098,9.650948524475098
137,965,,,,,,,9.650948524475098,9.650948524475098,,
137,965,4.778982162475586,4.779062271118164,,4.778982162475586,,,,,,
138,966,,,6.459092617034912,,6.459012508392334,6.459012508392334,,,,
138,967,,,6.3631181716918945,,6.363038063049316,6.363038063049316,,,,
138,968,,,3.2155330181121826,,3.2154529094696045,3.2154529094696045,,,,
138,969,,,5.909361362457275,,5.909281253814697,5.909281253814697,,,,
138,970,,,3.832118511199951,,3.832038402557373,3.832038402557373,,,,
138,971,,,2.742743730545044,,2.742663621902466,2.742663621902466,,,,
138,972,,,4.49213171005249,,4.492051601409912,4.492051601409912,,,,
,138,,,,,,,,,9.53941535949707,9.53941535949707
138,972,,,,,,,9.53941535949707,9.53941535949707,,
138,972,4.738196849822998,4.738276958465576,,4.738196849822998,,,,,,
139,973,,,4.133749008178711,,4.133668899536133,4.133668899536133,,,,
139,974,,,4.70714807510376,,4.707067966461182,4.707067966461182,,,,
139,975,,,6.85434627532959,,6.854266166687012,6.854266166687012,,,,
139,976,,,3.7338685989379883,,3.733788251876831,3.733788251876831,,,,
139,977,,,4.040618896484375,,4.040538787841797,4.040538787841797,,,,
139,978,,,5.455151081085205,,5.455070972442627,5.455070972442627,,,,
139,979,,,2.836475133895874,,2.836394786834717,2.836394786834717,,,,
,139,,,,,,,,,9.506119728088379,9.506119728088379
139,979,,,,,,,9.506119728088379,9.506119728088379,,
139,979,4.704007625579834,4.704087734222412,,4.704007625579834,,,,,,
140,980,,,4.1699628829956055,,4.169882774353027,4.169882774353027,,,,
140,981,,,4.762854099273682,,4.762773513793945,4.762773513793945,,,,
140,982,,,5.118241310119629,,5.118160724639893,5.118160724639893,,,,
140,983,,,5.812912940979004,,5.812832355499268,5.812832355499268,,,,
140,984,,,4.418112754821777,,4.418032169342041,4.418032169342041,,,,
140,985,,,2.8130180835723877,,2.8129377365112305,2.8129377365112305,,,,
140,986,,,7.337446212768555,,7.337365627288818,7.337365627288818,,,,
,140,,,,,,,,,9.37582778930664,9.37582778930664
140,986,,,,,,,9.375828742980957,9.375828742980957,,
140,986,4.681746006011963,4.681827068328857,,4.681746006011963,,,,,,
141,987,,,4.719447612762451,,4.719367027282715,4.719367027282715,,,,
141,988,,,3.8444528579711914,,3.844372272491455,3.844372272491455,,,,
141,989,,,5.1970744132995605,,5.196993827819824,5.196993827819824,,,,
141,990,,,4.278509616851807,,4.27842903137207,4.27842903137207,,,,
141,991,,,4.742122173309326,,4.74204158782959,4.74204158782959,,,,
141,992,,,5.496041297912598,,5.495960712432861,5.495960712432861,,,,
141,993,,,3.4944534301757812,,3.494372844696045,3.494372844696045,,,,
,141,,,,,,,,,9.222652435302734,9.222652435302734
141,993,,,,,,,9.222651481628418,9.222651481628418,,
141,993,4.641185283660889,4.641265869140625,,4.641185283660889,,,,,,
142,994,,,3.724376916885376,,3.7242963314056396,3.7242963314056396,,,,
142,995,,,4.787437438964844,,4.787356853485107,4.787356853485107,,,,
142,996,,,3.5291948318481445,,3.529114246368408,3.529114246368408,,,,
142,997,,,6.155721187591553,,6.155640602111816,6.155640602111816,,,,
142,998,,,4.793602466583252,,4.793521881103516,4.793521881103516,,,,
142,999,,,3.866597890853882,,3.8665170669555664,3.8665170669555664,,,,
142,1000,,,6.7625956535339355,,6.762515068054199,6.762515068054199,,,,
,142,,,,,,,,,9.255668640136719,9.255668640136719
142,1000,,,,,,,9.255668640136719,9.255668640136719,,
142,1000,4.610570430755615,4.61065149307251,,4.610570430755615,,,,,,
143,1001,,,4.132104396820068,,4.132023811340332,4.132023811340332,,,,
143,1002,,,4.998713493347168,,4.998632907867432,4.998632907867432,,,,
143,1003,,,5.017571449279785,,5.017490863800049,5.017490863800049,,,,
143,1004,,,5.984987258911133,,5.9849066734313965,5.9849066734313965,,,,
143,1005,,,2.2112185955047607,,2.2111377716064453,2.2111377716064453,,,,
143,1006,,,5.563813209533691,,5.563732147216797,5.563732147216797,,,,
143,1007,,,3.46345591545105,,3.4633750915527344,3.4633750915527344,,,,
,143,,,,,,,,,9.091848373413086,9.091848373413086
143,1007,,,,,,,9.091848373413086,9.091848373413086,,
143,1007,4.581441402435303,4.581522464752197,,4.581441402435303,,,,,,
144,1008,,,4.3626532554626465,,4.362572193145752,4.362572193145752,,,,
144,1009,,,4.1067376136779785,,4.106656551361084,4.106656551361084,,,,
144,1010,,,5.507052421569824,,5.50697135925293,5.50697135925293,,,,
144,1011,,,4.654776573181152,,4.654695510864258,4.654695510864258,,,,
144,1012,,,4.417712688446045,,4.41763162612915,4.41763162612915,,,,
144,1013,,,4.400654315948486,,4.400573253631592,4.400573253631592,,,,
144,1014,,,4.347898006439209,,4.3478169441223145,4.3478169441223145,,,,
,144,,,,,,,,,8.911247253417969,8.911247253417969
144,1014,,,,,,,8.911247253417969,8.911247253417969,,
144,1014,4.561495304107666,4.561575889587402,,4.561495304107666,,,,,,
145,1015,,,4.842773914337158,,4.842692852020264,4.842692852020264,,,,
145,1016,,,5.700718402862549,,5.700637340545654,5.700637340545654,,,,
145,1017,,,3.4517524242401123,,3.4516713619232178,3.4516713619232178,,,,
145,1018,,,4.367401123046875,,4.3673200607299805,4.3673200607299805,,,,
145,1019,,,4.2506513595581055,,4.250570297241211,4.250570297241211,,,,
145,1020,,,4.336972236633301,,4.336891174316406,4.336891174316406,,,,
145,1021,,,5.0701518058776855,,5.070070743560791,5.070070743560791,,,,
,145,,,,,,,,,8.763964653015137,8.763964653015137
145,1021,,,,,,,8.763964653015137,8.763964653015137,,
145,1021,4.525656223297119,4.525737285614014,,4.525656223297119,,,,,,
146,1022,,,4.400918960571289,,4.4008378982543945,4.4008378982543945,,,,
146,1023,,,5.482457160949707,,5.4823760986328125,5.4823760986328125,,,,
146,1024,,,3.9261202812194824,,3.926038980484009,3.926038980484009,,,,
146,1025,,,5.519667625427246,,5.519586563110352,5.519586563110352,,,,
146,1026,,,3.1727383136749268,,3.172657012939453,3.172657012939453,,,,
146,1027,,,4.884525299072266,,4.884444236755371,4.884444236755371,,,,
146,1028,,,3.44413161277771,,3.4440503120422363,3.4440503120422363,,,,
,146,,,,,,,,,8.560213088989258,8.560213088989258
146,1028,,,,,,,8.560213088989258,8.560213088989258,,
146,1028,4.498425006866455,4.49850606918335,,4.498425006866455,,,,,,
147,1029,,,6.649017810821533,,6.648936748504639,6.648936748504639,,,,
147,1030,,,5.221580505371094,,5.221499443054199,5.221499443054199,,,,
147,1031,,,3.8389439582824707,,3.838862657546997,3.838862657546997,,,,
147,1032,,,2.2362546920776367,,2.236173391342163,2.236173391342163,,,,
147,1033,,,4.35714054107666,,4.357059001922607,4.357059001922607,,,,
147,1034,,,4.98709774017334,,4.987016201019287,4.987016201019287,,,,
147,1035,,,3.1733434200286865,,3.173262119293213,3.173262119293213,,,,
,147,,,,,,,,,8.433420181274414,8.433420181274414
147,1035,,,,,,,8.433420181274414,8.433420181274414,,
147,1035,4.467375755310059,4.467457294464111,,4.467375755310059,,,,,,
148,1036,,,5.70107364654541,,5.700992107391357,5.700992107391357,,,,
148,1037,,,5.410826206207275,,5.410744667053223,5.410744667053223,,,,
148,1038,,,4.546169281005859,,4.546087741851807,4.546087741851807,,,,
148,1039,,,4.1521382331848145,,4.152056694030762,4.152056694030762,,,,
148,1040,,,4.5301690101623535,,4.530087471008301,4.530087471008301,,,,
148,1041,,,2.769690752029419,,2.769609212875366,2.769609212875366,,,,
148,1042,,,3.1834921836853027,,3.18341064453125,3.18341064453125,,,,
,148,,,,,,,,,8.331713676452637,8.331713676452637
148,1042,,,,,,,8.331713676452637,8.331713676452637,,
148,1042,4.439741611480713,4.439823627471924,,4.439741611480713,,,,,,
149,1043,,,5.344914436340332,,5.344832897186279,5.344832897186279,,,,
149,1044,,,4.475712776184082,,4.475631237030029,4.475631237030029,,,,
149,1045,,,4.086077690124512,,4.085996150970459,4.085996150970459,,,,
149,1046,,,4.722672939300537,,4.722591400146484,4.722591400146484,,,,
149,1047,,,3.2049777507781982,,3.2048962116241455,3.2048962116241455,,,,
149,1048,,,4.988916397094727,,4.988834857940674,4.988834857940674,,,,
149,1049,,,3.4723620414733887,,3.472280502319336,3.472280502319336,,,,
,149,,,,,,,,,8.295182228088379,8.295182228088379
149,1049,,,,,,,8.295182228088379,8.295182228088379,,
149,1049,4.411746978759766,4.411828517913818,,4.411746978759766,,,,,,
150,1050,,,4.137537002563477,,4.137455463409424,4.137455463409424,,,,
150,1051,,,3.866381883621216,,3.866300344467163,3.866300344467163,,,,
150,1052,,,5.964485168457031,,5.9644036293029785,5.9644036293029785,,,,
150,1053,,,2.065812587738037,,2.0657308101654053,2.0657308101654053,,,,
150,1054,,,6.261907577514648,,6.261826038360596,6.261826038360596,,,,
150,1055,,,4.9551801681518555,,4.955098628997803,4.955098628997803,,,,
150,1056,,,1.88400399684906,,1.8839222192764282,1.8839222192764282,,,,
,150,,,,,,,,,8.243546485900879,8.243546485900879
150,1056,,,,,,,8.243546485900879,8.243546485900879,,
150,1056,4.385456562042236,4.385538101196289,,4.385456562042236,,,,,,
151,1057,,,4.42830753326416,,4.428225994110107,4.428225994110107,,,,
151,1058,,,4.690892696380615,,4.6908111572265625,4.6908111572265625,,,,
151,1059,,,3.291652202606201,,3.2915704250335693,3.2915704250335693,,,,
151,1060,,,4.328389644622803,,4.328307628631592,4.328307628631592,,,,
151,1061,,,4.530295372009277,,4.530213356018066,4.530213356018066,,,,
151,1062,,,4.504375457763672,,4.504293441772461,4.504293441772461,,,,
151,1063,,,5.330526828765869,,5.330444812774658,5.330444812774658,,,,
,151,,,,,,,,,8.25936222076416,8.25936222076416
151,1063,,,,,,,8.25936222076416,8.25936222076416,,
151,1063,4.356445789337158,4.356527328491211,,4.356445789337158,,,,,,
152,1064,,,4.025670051574707,,4.025588035583496,4.025588035583496,,,,
152,1065,,,4.877017974853516,,4.876935958862305,4.876935958862305,,,,
152,1066,,,4.1699538230896,,4.169871807098389,4.169871807098389,,,,
152,1067,,,4.285887241363525,,4.2858052253723145,4.2858052253723145,,,,
152,1068,,,4.067593574523926,,4.067511558532715,4.067511558532715,,,,
152,1069,,,4.234798908233643,,4.234716892242432,4.234716892242432,,,,
152,1070,,,4.988516330718994,,4.988434314727783,4.988434314727783,,,,
,152,,,,,,,,,8.321269035339355,8.321269035339355
152,1070,,,,,,,8.321269035339355,8.321269035339355,,
152,1070,4.318602561950684,4.318684101104736,,4.318602561950684,,,,,,
153,1071,,,4.316540718078613,,4.316458702087402,4.316458702087402,,,,
153,1072,,,4.196008205413818,,4.195926189422607,4.195926189422607,,,,
153,1073,,,2.9823968410491943,,2.9823148250579834,2.9823148250579834,,,,
153,1074,,,5.0058746337890625,,5.005792617797852,5.005792617797852,,,,
153,1075,,,4.847963809967041,,4.84788179397583,4.84788179397583,,,,
153,1076,,,4.062240123748779,,4.062158107757568,4.062158107757568,,,,
153,1077,,,5.083094120025635,,5.083012104034424,5.083012104034424,,,,
,153,,,,,,,,,8.405229568481445,8.405229568481445
153,1077,,,,,,,8.405229568481445,8.405229568481445,,
153,1077,4.284966468811035,4.285048484802246,,4.284966468811035,,,,,,
154,1078,,,3.58975887298584,,3.589676856994629,3.589676856994629,,,,
154,1079,,,5.256725311279297,,5.256643295288086,5.256643295288086,,,,
154,1080,,,3.619483232498169,,3.619400978088379,3.619400978088379,,,,
154,1081,,,4.2301554679870605,,4.23007345199585,4.23007345199585,,,,
154,1082,,,4.65716552734375,,4.657083511352539,4.657083511352539,,,,
154,1083,,,4.615454196929932,,4.615372180938721,4.615372180938721,,,,
154,1084,,,3.050628423690796,,3.050546169281006,3.050546169281006,,,,
,154,,,,,,,,,8.314678192138672,8.314678192138672
154,1084,,,,,,,8.314678192138672,8.314678192138672,,
154,1084,4.252894878387451,4.252976894378662,,4.252894878387451,,,,,,
155,1085,,,3.8994927406311035,,3.8994104862213135,3.8994104862213135,,,,
155,1086,,,4.6879801750183105,,4.687897682189941,4.687897682189941,,,,
155,1087,,,3.929068088531494,,3.928985834121704,3.928985834121704,,,,
155,1088,,,3.804471731185913,,3.804389476776123,3.804389476776123,,,,
155,1089,,,4.148739337921143,,4.148656845092773,4.148656845092773,,,,
155,1090,,,4.964995861053467,,4.964913368225098,4.964913368225098,,,,
155,1091,,,4.002028465270996,,4.001945972442627,4.001945972442627,,,,
,155,,,,,,,,,8.071760177612305,8.071760177612305
155,1091,,,,,,,8.071760177612305,8.071760177612305,,
155,1091,4.225095748901367,4.225177764892578,,4.225095748901367,,,,,,
156,1092,,,5.6406402587890625,,5.640557765960693,5.640557765960693,,,,
156,1093,,,4.422226905822754,,4.422144412994385,4.422144412994385,,,,
156,1094,,,5.426241874694824,,5.426159381866455,5.426159381866455,,,,
156,1095,,,4.152291297912598,,4.1522088050842285,4.1522088050842285,,,,
156,1096,,,2.940422773361206,,2.940340280532837,2.940340280532837,,,,
156,1097,,,2.8277926445007324,,2.8277101516723633,2.8277101516723633,,,,
156,1098,,,3.5612382888793945,,3.5611557960510254,3.5611557960510254,,,,
,156,,,,,,,,,7.885931491851807,7.885931491851807
156,1098,,,,,,,7.885931491851807,7.885931491851807,,
156,1098,4.195223808288574,4.195306301116943,,4.195223808288574,,,,,,
157,1099,,,5.048567771911621,,5.048485279083252,5.048485279083252,,,,
157,1100,,,3.8674893379211426,,3.8674068450927734,3.8674068450927734,,,,
157,1101,,,4.811809062957764,,4.8117265701293945,4.8117265701293945,,,,
157,1102,,,3.2891204357147217,,3.2890379428863525,3.2890379428863525,,,,
157,1103,,,4.0044636726379395,,4.00438117980957,4.00438117980957,,,,
157,1104,,,4.109772205352783,,4.109689712524414,4.109689712524414,,,,
157,1105,,,3.8563671112060547,,3.8562843799591064,3.8562843799591064,,,,
,157,,,,,,,,,7.7535223960876465,7.7535223960876465
157,1105,,,,,,,7.7535223960876465,7.7535223960876465,,
157,1105,4.168915271759033,4.168997764587402,,4.168915271759033,,,,,,
158,1106,,,4.722737789154053,,4.722655296325684,4.722655296325684,,,,
158,1107,,,3.795147657394409,,3.795064926147461,3.795064926147461,,,,
158,1108,,,3.8149633407592773,,3.814880609512329,3.814880609512329,,,,
158,1109,,,3.370478391647339,,3.3703956604003906,3.3703956604003906,,,,
158,1110,,,5.842963218688965,,5.842880725860596,5.842880725860596,,,,
158,1111,,,3.664058208465576,,3.663975477218628,3.663975477218628,,,,
158,1112,,,3.1610074043273926,,3.1609246730804443,3.1609246730804443,,,,
,158,,,,,,,,,7.621204376220703,7.621204376220703
158,1112,,,,,,,7.621204376220703,7.621204376220703,,
158,1112,4.14042329788208,4.140506267547607,,4.14042329788208,,,,,,
159,1113,,,3.656562328338623,,3.656479597091675,3.656479597091675,,,,
159,1114,,,4.303872585296631,,4.3037896156311035,4.3037896156311035,,,,
159,1115,,,3.652109146118164,,3.652026414871216,3.652026414871216,,,,
159,1116,,,5.053682804107666,,5.053599834442139,5.053599834442139,,,,
159,1117,,,4.552883148193359,,4.552800178527832,4.552800178527832,,,,
159,1118,,,3.5130133628845215,,3.512930393218994,3.512930393218994,,,,
159,1119,,,3.964980125427246,,3.9648971557617188,3.9648971557617188,,,,
,159,,,,,,,,,7.600294589996338,7.600294589996338
159,1119,,,,,,,7.600294589996338,7.600294589996338,,
159,1119,4.11269998550415,4.112782955169678,,4.11269998550415,,,,,,
160,1120,,,3.0725817680358887,,3.0724987983703613,3.0724987983703613,,,,
160,1121,,,3.776163339614868,,3.776080369949341,3.776080369949341,,,,
160,1122,,,4.1624627113342285,,4.162379741668701,4.162379741668701,,,,
160,1123,,,4.116799354553223,,4.116716384887695,4.116716384887695,,,,
160,1124,,,3.563509225845337,,3.5634262561798096,3.5634262561798096,,,,
160,1125,,,4.95081901550293,,4.950736045837402,4.950736045837402,,,,
160,1126,,,6.404434680938721,,6.404351711273193,6.404351711273193,,,,
,160,,,,,,,,,7.684770584106445,7.684770584106445
160,1126,,,,,,,7.6847710609436035,7.6847710609436035,,
160,1126,4.085250377655029,4.085333347320557,,4.085250377655029,,,,,,
161,1127,,,3.4026527404785156,,3.4025697708129883,3.4025697708129883,,,,
161,1128,,,3.550384759902954,,3.5503017902374268,3.5503017902374268,,,,
161,1129,,,5.129838943481445,,5.129755973815918,5.129755973815918,,,,
161,1130,,,4.1651811599731445,,4.165098190307617,4.165098190307617,,,,
161,1131,,,3.8205435276031494,,3.820460557937622,3.820460557937622,,,,
161,1132,,,4.484689235687256,,4.4846062660217285,4.4846062660217285,,,,
161,1133,,,3.442765474319458,,3.4426822662353516,3.4426822662353516,,,,
,161,,,,,,,,,7.696652412414551,7.696652412414551
161,1133,,,,,,,7.696652412414551,7.696652412414551,,
161,1133,4.053929328918457,4.054012298583984,,4.053929328918457,,,,,,
162,1134,,,3.230217218399048,,3.2301340103149414,3.2301340103149414,,,,
162,1135,,,6.386715888977051,,6.386632919311523,6.386632919311523,,,,
162,1136,,,3.4485108852386475,,3.448427677154541,3.448427677154541,,,,
162,1137,,,2.7828760147094727,,2.782792806625366,2.782792806625366,,,,
162,1138,,,3.4913854598999023,,3.491302251815796,3.491302251815796,,,,
162,1139,,,4.355238437652588,,4.3551554679870605,4.3551554679870605,,,,
162,1140,,,5.2982282638549805,,5.298144817352295,5.298144817352295,,,,
,162,,,,,,,,,7.81603479385376,7.81603479385376
162,1140,,,,,,,7.81603479385376,7.81603479385376,,
162,1140,4.028431415557861,4.028514385223389,,4.028431415557861,,,,,,
163,1141,,,2.799461603164673,,2.7993783950805664,2.7993783950805664,,,,
163,1142,,,3.2336020469665527,,3.2335188388824463,3.2335188388824463,,,,
163,1143,,,4.443317890167236,,4.443234443664551,4.443234443664551,,,,
163,1144,,,5.009621620178223,,5.009538173675537,5.009538173675537,,,,
163,1145,,,4.9526777267456055,,4.95259428024292,4.95259428024292,,,,
163,1146,,,3.48193359375,,3.4818503856658936,3.4818503856658936,,,,
163,1147,,,4.1221208572387695,,4.122037410736084,4.122037410736084,,,,
,163,,,,,,,,,7.814958095550537,7.814958095550537
163,1147,,,,,,,7.814958095550537,7.814958095550537,,
163,1147,3.99464750289917,3.9947309494018555,,3.99464750289917,,,,,,
164,1148,,,4.14313268661499,,4.143049240112305,4.143049240112305,,,,
164,1149,,,4.4705071449279785,,4.470423698425293,4.470423698425293,,,,
164,1150,,,4.764779090881348,,4.764695644378662,4.764695644378662,,,,
164,1151,,,4.222041606903076,,4.221958160400391,4.221958160400391,,,,
164,1152,,,3.1048660278320312,,3.1047825813293457,3.1047825813293457,,,,
164,1153,,,4.30891227722168,,4.308828830718994,4.308828830718994,,,,
164,1154,,,0.7541279792785645,,0.7540445327758789,0.7540445327758789,,,,
,164,,,,,,,,,7.780808925628662,7.780808925628662
164,1154,,,,,,,7.780808925628662,7.780808925628662,,
164,1154,3.968078851699829,3.968162775039673,,3.968078851699829,,,,,,
165,1155,,,3.9201879501342773,,3.920104503631592,3.920104503631592,,,,
165,1156,,,2.721414804458618,,2.7213313579559326,2.7213313579559326,,,,
165,1157,,,4.612462520599365,,4.61237907409668,4.61237907409668,,,,
165,1158,,,3.9704861640930176,,3.970402717590332,3.970402717590332,,,,
165,1159,,,3.6535160541534424,,3.653432607650757,3.653432607650757,,,,
165,1160,,,4.133752822875977,,4.133669376373291,4.133669376373291,,,,
165,1161,,,5.591640949249268,,5.591557502746582,5.591557502746582,,,,
,165,,,,,,,,,7.762839317321777,7.762839317321777
165,1161,,,,,,,7.762839317321777,7.762839317321777,,
165,1161,3.9385337829589844,3.93861722946167,,3.9385337829589844,,,,,,
166,1162,,,3.4914584159851074,,3.4913747310638428,3.4913747310638428,,,,
166,1163,,,5.02878999710083,,5.0287065505981445,5.0287065505981445,,,,
166,1164,,,3.8121745586395264,,3.8120908737182617,3.8120908737182617,,,,
166,1165,,,2.411372423171997,,2.4112887382507324,2.4112887382507324,,,,
166,1166,,,3.697040557861328,,3.6969568729400635,3.6969568729400635,,,,
166,1167,,,3.724940061569214,,3.724856376647949,3.724856376647949,,,,
166,1168,,,7.378478050231934,,7.37839412689209,7.37839412689209,,,,
,166,,,,,,,,,7.801427841186523,7.801427841186523
166,1168,,,,,,,7.801427364349365,7.801427364349365,,
166,1168,3.910928964614868,3.911012649536133,,3.910928964614868,,,,,,
167,1169,,,3.571045398712158,,3.5709617137908936,3.5709617137908936,,,,
167,1170,,,4.251137733459473,,4.251053810119629,4.251053810119629,,,,
167,1171,,,4.56735897064209,,4.567275047302246,4.567275047302246,,,,
167,1172,,,3.8262410163879395,,3.826157331466675,3.826157331466675,,,,
167,1173,,,2.583839178085327,,2.5837554931640625,2.5837554931640625,,,,
167,1174,,,4.603179931640625,,4.603096008300781,4.603096008300781,,,,
167,1175,,,3.576202630996704,,3.5761187076568604,3.5761187076568604,,,,
,167,,,,,,,,,7.7114458084106445,7.7114458084106445
167,1175,,,,,,,7.7114458084106445,7.7114458084106445,,
167,1175,3.8813090324401855,3.881392478942871,,3.8813090324401855,,,,,,
168,1176,,,3.6096248626708984,,3.6095409393310547,3.6095409393310547,,,,
168,1177,,,4.996496677398682,,4.996412754058838,4.996412754058838,,,,
168,1178,,,4.630300521850586,,4.630216598510742,4.630216598510742,,,,
168,1179,,,2.8442978858947754,,2.8442139625549316,2.8442139625549316,,,,
168,1180,,,3.6764895915985107,,3.676405668258667,3.676405668258667,,,,
168,1181,,,3.732914924621582,,3.7328310012817383,3.7328310012817383,,,,
168,1182,,,2.811516761779785,,2.8114328384399414,2.8114328384399414,,,,
,168,,,,,,,,,7.641294956207275,7.641294956207275
168,1182,,,,,,,7.641294956207275,7.641294956207275,,
168,1182,3.850024700164795,3.8501086235046387,,3.850024700164795,,,,,,
169,1183,,,3.9758341312408447,,3.975750207901001,3.975750207901001,,,,
169,1184,,,3.5066308975219727,,3.506546974182129,3.506546974182129,,,,
169,1185,,,4.417084693908691,,4.417000770568848,4.417000770568848,,,,
169,1186,,,4.239771366119385,,4.239687442779541,4.239687442779541,,,,
169,1187,,,4.119783401489258,,4.119699478149414,4.119699478149414,,,,
169,1188,,,2.616891622543335,,2.616807460784912,2.616807460784912,,,,
169,1189,,,3.960822820663452,,3.9607386589050293,3.9607386589050293,,,,
,169,,,,,,,,,7.574126243591309,7.574126243591309
169,1189,,,,,,,7.574126243591309,7.574126243591309,,
169,1189,3.8212971687316895,3.821380853652954,,3.8212971687316895,,,,,,
170,1190,,,3.962571620941162,,3.9624874591827393,3.9624874591827393,,,,
170,1191,,,3.485492467880249,,3.485408306121826,3.485408306121826,,,,
170,1192,,,3.265502452850342,,3.265418291091919,3.265418291091919,,,,
170,1193,,,4.196577072143555,,4.196493148803711,4.196493148803711,,,,
170,1194,,,4.296904563903809,,4.296820163726807,4.296820163726807,,,,
170,1195,,,3.005725860595703,,3.0056416988372803,3.0056416988372803,,,,
170,1196,,,5.229351997375488,,5.229267597198486,5.229267597198486,,,,
,170,,,,,,,,,7.583267688751221,7.583267688751221
170,1196,,,,,,,7.583267688751221,7.583267688751221,,
170,1196,3.791881561279297,3.7919652462005615,,3.791881561279297,,,,,,
171,1197,,,5.2001495361328125,,5.2000651359558105,5.2000651359558105,,,,
171,1198,,,3.186823844909668,,3.186739683151245,3.186739683151245,,,,
171,1199,,,3.4628243446350098,,3.462740182876587,3.462740182876587,,,,
171,1200,,,3.478639841079712,,3.478555679321289,3.478555679321289,,,,
171,1201,,,3.1171436309814453,,3.1170592308044434,3.1170592308044434,,,,
171,1202,,,4.319019794464111,,4.318935394287109,4.318935394287109,,,,
171,1203,,,3.350174903869629,,3.350090503692627,3.350090503692627,,,,
,171,,,,,,,,,7.484817981719971,7.484817981719971
171,1203,,,,,,,7.484817981719971,7.484817981719971,,
171,1203,3.7679028511047363,3.76798677444458,,3.7679028511047363,,,,,,
172,1204,,,2.9968454837799072,,2.9967610836029053,2.9967610836029053,,,,
172,1205,,,5.47426700592041,,5.474182605743408,5.474182605743408,,,,
172,1206,,,3.3472979068756104,,3.3472135066986084,3.3472135066986084,,,,
172,1207,,,3.6614015102386475,,3.6613171100616455,3.6613171100616455,,,,
172,1208,,,3.4629857540130615,,3.4629013538360596,3.4629013538360596,,,,
172,1209,,,2.972541093826294,,2.972456693649292,2.972456693649292,,,,
172,1210,,,4.9761528968811035,,4.976068496704102,4.976068496704102,,,,
,172,,,,,,,,,7.408693790435791,7.408693790435791
172,1210,,,,,,,7.408693790435791,7.408693790435791,,
172,1210,3.730330467224121,3.730414867401123,,3.730330467224121,,,,,,
173,1211,,,2.804058074951172,,2.80397367477417,2.80397367477417,,,,
173,1212,,,3.846820831298828,,3.846736431121826,3.846736431121826,,,,
173,1213,,,3.1825993061065674,,3.1825149059295654,3.1825149059295654,,,,
173,1214,,,3.06990647315979,,3.069822072982788,3.069822072982788,,,,
173,1215,,,3.430182695388794,,3.430098295211792,3.430098295211792,,,,
173,1216,,,4.275171756744385,,4.275087356567383,4.275087356567383,,,,
173,1217,,,7.948904514312744,,7.948820114135742,7.948820114135742,,,,
,173,,,,,,,,,7.4136552810668945,7.4136552810668945
173,1217,,,,,,,7.4136552810668945,7.4136552810668945,,
173,1217,3.700241804122925,3.7003257274627686,,3.700241804122925,,,,,,
174,1218,,,1.9701921939849854,,1.9701075553894043,1.9701075553894043,,,,
174,1219,,,4.091036319732666,,4.090951919555664,4.090951919555664,,,,
174,1220,,,4.014840602874756,,4.014756202697754,4.014756202697754,,,,
174,1221,,,2.8587520122528076,,2.8586673736572266,2.8586673736572266,,,,
174,1222,,,4.605026721954346,,4.6049418449401855,4.6049418449401855,,,,
174,1223,,,5.0424275398254395,,5.042342662811279,5.042342662811279,,,,
174,1224,,,2.2200663089752197,,2.2199816703796387,2.2199816703796387,,,,
,174,,,,,,,,,7.231130599975586,7.231130599975586
174,1224,,,,,,,7.231130123138428,7.231130123138428,,
174,1224,3.672825336456299,3.67290997505188,,3.672825336456299,,,,,,
175,1225,,,4.053701877593994,,4.053617000579834,4.053617000579834,,,,
175,1226,,,2.8998165130615234,,2.8997318744659424,2.8997318744659424,,,,
175,1227,,,3.7531893253326416,,3.7531046867370605,3.7531046867370605,,,,
175,1228,,,3.989511489868164,,3.989426612854004,3.989426612854004,,,,
175,1229,,,2.970536470413208,,2.970451593399048,2.970451593399048,,,,
175,1230,,,3.796661853790283,,3.796576976776123,3.796576976776123,,,,
175,1231,,,4.573790073394775,,4.573705196380615,4.573705196380615,,,,
,175,,,,,,,,,7.199154853820801,7.199154853820801
175,1231,,,,,,,7.199154853820801,7.199154853820801,,
175,1231,3.635772466659546,3.635857105255127,,3.635772466659546,,,,,,
176,1232,,,3.2691519260406494,,3.2690670490264893,3.2690670490264893,,,,
176,1233,,,3.108867645263672,,3.1087827682495117,3.1087827682495117,,,,
176,1234,,,4.693559169769287,,4.693474292755127,4.693474292755127,,,,
176,1235,,,4.576277732849121,,4.576192855834961,4.576192855834961,,,,
176,1236,,,2.552574396133423,,2.5524895191192627,2.5524895191192627,,,,
176,1237,,,3.4683115482330322,,3.468226671218872,3.468226671218872,,,,
176,1238,,,3.5278806686401367,,3.5277957916259766,3.5277957916259766,,,,
,176,,,,,,,,,7.156605243682861,7.156605243682861
176,1238,,,,,,,7.156605243682861,7.156605243682861,,
176,1238,3.6064560413360596,3.606541156768799,,3.6064560413360596,,,,,,
177,1239,,,2.600695848464966,,2.6006109714508057,2.6006109714508057,,,,
177,1240,,,4.158451080322266,,4.1583662033081055,4.1583662033081055,,,,
177,1241,,,3.4492948055267334,,3.4492099285125732,3.4492099285125732,,,,
177,1242,,,4.5822038650512695,,4.582118988037109,4.582118988037109,,,,
177,1243,,,2.4911184310913086,,2.4910333156585693,2.4910333156585693,,,,
177,1244,,,4.009598255157471,,4.0095133781433105,4.0095133781433105,,,,
177,1245,,,3.977216958999634,,3.9771318435668945,3.9771318435668945,,,,
,177,,,,,,,,,7.09376859664917,7.09376859664917
177,1245,,,,,,,7.09376859664917,7.09376859664917,,
177,1245,3.57369065284729,3.57377552986145,,3.57369065284729,,,,,,
178,1246,,,2.213367462158203,,2.213282346725464,2.213282346725464,,,,
178,1247,,,3.6018660068511963,,3.601780891418457,3.601780891418457,,,,
178,1248,,,5.123327255249023,,5.123242378234863,5.123242378234863,,,,
178,1249,,,2.2620348930358887,,2.2619497776031494,2.2619497776031494,,,,
178,1250,,,4.560352802276611,,4.560267448425293,4.560267448425293,,,,
178,1251,,,3.3012444972991943,,3.301159381866455,3.301159381866455,,,,
178,1252,,,4.035308837890625,,4.035223484039307,4.035223484039307,,,,
,178,,,,,,,,,7.046090602874756,7.046090602874756
178,1252,,,,,,,7.046090602874756,7.046090602874756,,
178,1252,3.541159152984619,3.5412445068359375,,3.541159152984619,,,,,,
179,1253,,,3.606367588043213,,3.6062824726104736,3.6062824726104736,,,,
179,1254,,,4.761739253997803,,4.761653900146484,4.761653900146484,,,,
179,1255,,,2.770453453063965,,2.7703680992126465,2.7703680992126465,,,,
179,1256,,,3.312560558319092,,3.3124752044677734,3.3124752044677734,,,,
179,1257,,,3.1174144744873047,,3.1173291206359863,3.1173291206359863,,,,
179,1258,,,3.0652523040771484,,3.06516695022583,3.06516695022583,,,,
179,1259,,,4.582248687744141,,4.582163333892822,4.582163333892822,,,,
,179,,,,,,,,,7.024576663970947,7.024576663970947
179,1259,,,,,,,7.024576663970947,7.024576663970947,,
179,1259,3.5061309337615967,3.506216526031494,,3.5061309337615967,,,,,,
180,1260,,,4.267749309539795,,4.267663955688477,4.267663955688477,,,,
180,1261,,,3.450526475906372,,3.4504411220550537,3.4504411220550537,,,,
180,1262,,,3.4769375324249268,,3.4768521785736084,3.4768521785736084,,,,
180,1263,,,2.853853464126587,,2.8537681102752686,2.8537681102752686,,,,
180,1264,,,2.958638906478882,,2.9585535526275635,2.9585535526275635,,,,
180,1265,,,3.9499621391296387,,3.9498767852783203,3.9498767852783203,,,,
180,1266,,,3.34407114982605,,3.3439857959747314,3.3439857959747314,,,,
,180,,,,,,,,,6.940406322479248,6.940406322479248
180,1266,,,,,,,6.940406322479248,6.940406322479248,,
180,1266,3.484102249145508,3.484187364578247,,3.484102249145508,,,,,,
181,1267,,,3.086292266845703,,3.0862069129943848,3.0862069129943848,,,,
181,1268,,,2.632599353790283,,2.632513999938965,2.632513999938965,,,,
181,1269,,,3.2881686687469482,,3.288083076477051,3.288083076477051,,,,
181,1270,,,4.140261173248291,,4.140175819396973,4.140175819396973,,,,
181,1271,,,3.429896831512451,,3.4298112392425537,3.4298112392425537,,,,
181,1272,,,3.782491683959961,,3.7824060916900635,3.7824060916900635,,,,
181,1273,,,4.38521146774292,,4.385126113891602,4.385126113891602,,,,
,181,,,,,,,,,6.803855895996094,6.803855895996094
181,1273,,,,,,,6.803855895996094,6.803855895996094,,
181,1273,3.451547861099243,3.451633930206299,,3.451547861099243,,,,,,
182,1274,,,5.030111312866211,,5.030025959014893,5.030025959014893,,,,
182,1275,,,2.745307207107544,,2.7452216148376465,2.7452216148376465,,,,
182,1276,,,2.4331676959991455,,2.433082103729248,2.433082103729248,,,,
182,1277,,,3.596599578857422,,3.5965139865875244,3.5965139865875244,,,,
182,1278,,,2.8316001892089844,,2.831514596939087,2.831514596939087,,,,
182,1279,,,3.4839062690734863,,3.483820676803589,3.483820676803589,,,,
182,1280,,,4.6080193519592285,,4.607933521270752,4.607933521270752,,,,
,182,,,,,,,,,6.752983570098877,6.752983570098877
182,1280,,,,,,,6.752983570098877,6.752983570098877,,
182,1280,3.427161455154419,3.4272468090057373,,3.427161455154419,,,,,,
183,1281,,,3.547360897064209,,3.5472750663757324,3.5472750663757324,,,,
183,1282,,,3.3891963958740234,,3.389110565185547,3.389110565185547,,,,
183,1283,,,3.50162672996521,,3.5015408992767334,3.5015408992767334,,,,
183,1284,,,3.2866029739379883,,3.2865171432495117,3.2865171432495117,,,,
183,1285,,,3.4244637489318848,,3.424377918243408,3.424377918243408,,,,
183,1286,,,3.717752456665039,,3.7176666259765625,3.7176666259765625,,,,
183,1287,,,2.2018649578094482,,2.2017791271209717,2.2017791271209717,,,,
,183,,,,,,,,,6.647763729095459,6.647763729095459
183,1287,,,,,,,6.647763729095459,6.647763729095459,,
183,1287,3.402690887451172,3.4027767181396484,,3.402690887451172,,,,,,
184,1288,,,4.20082426071167,,4.200738430023193,4.200738430023193,,,,
184,1289,,,2.3496527671813965,,2.34956693649292,2.34956693649292,,,,
184,1290,,,3.8938827514648438,,3.893796920776367,3.893796920776367,,,,
184,1291,,,3.224205732345581,,3.2241199016571045,3.2241199016571045,,,,
184,1292,,,2.987797260284424,,2.9877114295959473,2.9877114295959473,,,,
184,1293,,,3.560272693634033,,3.5601868629455566,3.5601868629455566,,,,
184,1294,,,3.5244338512420654,,3.524348020553589,3.524348020553589,,,,
,184,,,,,,,,,6.616979598999023,6.616979598999023
184,1294,,,,,,,6.616979122161865,6.616979122161865,,
184,1294,3.3784706592559814,3.378556489944458,,3.3784706592559814,,,,,,
185,1295,,,3.8672871589660645,,3.867201089859009,3.867201089859009,,,,
185,1296,,,2.4085354804992676,,2.408449411392212,2.408449411392212,,,,
185,1297,,,2.8561227321624756,,2.85603666305542,2.85603666305542,,,,
185,1298,,,4.074731826782227,,4.07464599609375,4.07464599609375,,,,
185,1299,,,2.8957808017730713,,2.8956947326660156,2.8956947326660156,,,,
185,1300,,,4.109435558319092,,4.109349727630615,4.109349727630615,,,,
185,1301,,,3.164429187774658,,3.1643431186676025,3.1643431186676025,,,,
,185,,,,,,,,,6.468438148498535,6.468438148498535
185,1301,,,,,,,6.468438148498535,6.468438148498535,,
185,1301,3.3565499782562256,3.3566362857818604,,3.3565499782562256,,,,,,
186,1302,,,1.695923089981079,,1.6958370208740234,1.6958370208740234,,,,
186,1303,,,4.230599403381348,,4.230513095855713,4.230513095855713,,,,
186,1304,,,3.4076688289642334,,3.4075827598571777,3.4075827598571777,,,,
186,1305,,,3.1789498329162598,,3.178863763809204,3.178863763809204,,,,
186,1306,,,3.7899951934814453,,3.7899091243743896,3.7899091243743896,,,,
186,1307,,,3.6119580268859863,,3.6118719577789307,3.6118719577789307,,,,
186,1308,,,3.456928014755249,,3.4568419456481934,3.4568419456481934,,,,
,186,,,,,,,,,6.266829490661621,6.266829490661621
186,1308,,,,,,,6.266829490661621,6.266829490661621,,
186,1308,3.3271989822387695,3.327285051345825,,3.3271989822387695,,,,,,
187,1309,,,2.7352564334869385,,2.7351701259613037,2.7351701259613037,,,,
187,1310,,,3.0337014198303223,,3.0336151123046875,3.0336151123046875,,,,
187,1311,,,3.3308768272399902,,3.3307905197143555,3.3307905197143555,,,,
187,1312,,,3.750225782394409,,3.7501394748687744,3.7501394748687744,,,,
187,1313,,,3.470332145690918,,3.470245838165283,3.470245838165283,,,,
187,1314,,,4.089698314666748,,4.089612007141113,4.089612007141113,,,,
187,1315,,,1.7666150331497192,,1.7665287256240845,1.7665287256240845,,,,
,187,,,,,,,,,6.082257270812988,6.082257270812988
187,1315,,,,,,,6.082257270812988,6.082257270812988,,
187,1315,3.305415153503418,3.305501699447632,,3.305415153503418,,,,,,
188,1316,,,2.764305591583252,,2.764219284057617,2.764219284057617,,,,
188,1317,,,2.466153383255005,,2.46606707572937,2.46606707572937,,,,
188,1318,,,5.19725227355957,,5.1971659660339355,5.1971659660339355,,,,
188,1319,,,2.4223792552948,,2.422292947769165,2.422292947769165,,,,
188,1320,,,3.278038501739502,,3.277952194213867,3.277952194213867,,,,
188,1321,,,3.3641252517700195,,3.3640387058258057,3.3640387058258057,,,,
188,1322,,,3.7991867065429688,,3.799100160598755,3.799100160598755,,,,
,188,,,,,,,,,6.009581565856934,6.009581565856934
188,1322,,,,,,,6.009581565856934,6.009581565856934,,
188,1322,3.281003475189209,3.281090259552002,,3.281003475189209,,,,,,
189,1323,,,3.0589733123779297,,3.058886766433716,3.058886766433716,,,,
189,1324,,,3.284860610961914,,3.2847740650177,3.2847740650177,,,,
189,1325,,,2.960001230239868,,2.9599146842956543,2.9599146842956543,,,,
189,1326,,,3.397810697555542,,3.397724151611328,3.397724151611328,,,,
189,1327,,,2.745112180709839,,2.745025634765625,2.745025634765625,,,,
189,1328,,,3.302187919616699,,3.3021013736724854,3.3021013736724854,,,,
189,1329,,,5.240813255310059,,5.240726470947266,5.240726470947266,,,,
,189,,,,,,,,,6.037808895111084,6.037808895111084
189,1329,,,,,,,6.037808895111084,6.037808895111084,,
189,1329,3.2492077350616455,3.2492945194244385,,3.2492077350616455,,,,,,
190,1330,,,3.8830978870391846,,3.8830113410949707,3.8830113410949707,,,,
190,1331,,,3.328183174133301,,3.328096628189087,3.328096628189087,,,,
190,1332,,,3.6762943267822266,,3.6762077808380127,3.6762077808380127,,,,
190,1333,,,2.484753131866455,,2.484666585922241,2.484666585922241,,,,
190,1334,,,3.707412004470825,,3.7073252201080322,3.7073252201080322,,,,
190,1335,,,2.7107348442077637,,2.7106480598449707,2.7106480598449707,,,,
190,1336,,,2.0622847080230713,,2.0621979236602783,2.0621979236602783,,,,
,190,,,,,,,,,5.984889030456543,5.984889030456543
190,1336,,,,,,,5.984889030456543,5.984889030456543,,
190,1336,3.2256126403808594,3.2256994247436523,,3.2256126403808594,,,,,,
191,1337,,,3.525676727294922,,3.525589942932129,3.525589942932129,,,,
191,1338,,,2.411501169204712,,2.411414384841919,2.411414384841919,,,,
191,1339,,,3.9317142963409424,,3.9316275119781494,3.9316275119781494,,,,
191,1340,,,4.446624279022217,,4.446537494659424,4.446537494659424,,,,
191,1341,,,2.7200114727020264,,2.7199246883392334,2.7199246883392334,,,,
191,1342,,,2.8412179946899414,,2.8411312103271484,2.8411312103271484,,,,
191,1343,,,1.4614499807357788,,1.4613631963729858,1.4613631963729858,,,,
,191,,,,,,,,,5.973578929901123,5.973578929901123
191,1343,,,,,,,5.973578929901123,5.973578929901123,,
191,1343,3.2038018703460693,3.203888177871704,,3.2038018703460693,,,,,,
192,1344,,,2.9499623775482178,,2.949875593185425,2.949875593185425,,,,
192,1345,,,4.430122375488281,,4.430035591125488,4.430035591125488,,,,
192,1346,,,3.253894567489624,,3.253807783126831,3.253807783126831,,,,
192,1347,,,3.65169095993042,,3.651603937149048,3.651603937149048,,,,
192,1348,,,3.0841100215911865,,3.0840229988098145,3.0840229988098145,,,,
192,1349,,,2.310525894165039,,2.310438871383667,2.310438871383667,,,,
192,1350,,,1.6263359785079956,,1.6262489557266235,1.6262489557266235,,,,
,192,,,,,,,,,5.949716091156006,5.949716091156006
192,1350,,,,,,,5.949716091156006,5.949716091156006,,
192,1350,3.1826868057250977,3.182774066925049,,3.1826868057250977,,,,,,
193,1351,,,4.56166410446167,,4.561577320098877,4.561577320098877,,,,
193,1352,,,4.176740646362305,,4.176653861999512,4.176653861999512,,,,
193,1353,,,3.4857780933380127,,3.4856910705566406,3.4856910705566406,,,,
193,1354,,,2.7774291038513184,,2.7773420810699463,2.7773420810699463,,,,
193,1355,,,1.6711585521697998,,1.6710715293884277,1.6710715293884277,,,,
193,1356,,,1.8341468572616577,,1.8340598344802856,1.8340598344802856,,,,
193,1357,,,4.410284996032715,,4.410197734832764,4.410197734832764,,,,
,193,,,,,,,,,5.877965927124023,5.877965927124023
193,1357,,,,,,,5.877965450286865,5.877965450286865,,
193,1357,3.1623876094818115,3.1624741554260254,,3.1623876094818115,,,,,,
194,1358,,,3.5498478412628174,,3.5497608184814453,3.5497608184814453,,,,
194,1359,,,3.551316499710083,,3.551229476928711,3.551229476928711,,,,
194,1360,,,2.2986624240875244,,2.2985754013061523,2.2985754013061523,,,,
194,1361,,,3.0216262340545654,,3.0215392112731934,3.0215392112731934,,,,
194,1362,,,2.985889196395874,,2.985801935195923,2.985801935195923,,,,
194,1363,,,3.0152151584625244,,3.0151278972625732,3.0151278972625732,,,,
194,1364,,,4.288418292999268,,4.288331031799316,4.288331031799316,,,,
,194,,,,,,,,,5.763108253479004,5.763108253479004
194,1364,,,,,,,5.763108253479004,5.763108253479004,,
194,1364,3.1419854164123535,3.1420726776123047,,3.1419854164123535,,,,,,
195,1365,,,2.8173508644104004,,2.817263603210449,2.817263603210449,,,,
195,1366,,,2.1180994510650635,,2.1180121898651123,2.1180121898651123,,,,
195,1367,,,3.0691559314727783,,3.069068670272827,3.069068670272827,,,,
195,1368,,,3.749265432357788,,3.749178171157837,3.749178171157837,,,,
195,1369,,,3.3562376499176025,,3.3561503887176514,3.3561503887176514,,,,
195,1370,,,4.259889602661133,,4.259802341461182,4.259802341461182,,,,
195,1371,,,1.4448970556259155,,1.4448096752166748,1.4448096752166748,,,,
,195,,,,,,,,,5.63070011138916,5.63070011138916
195,1371,,,,,,,5.63070011138916,5.63070011138916,,
195,1371,3.123337984085083,3.123425006866455,,3.123337984085083,,,,,,
196,1372,,,3.246107339859009,,3.2460200786590576,3.2460200786590576,,,,
196,1373,,,2.9406049251556396,,2.9405176639556885,2.9405176639556885,,,,
196,1374,,,3.837005138397217,,3.8369176387786865,3.8369176387786865,,,,
196,1375,,,3.3323769569396973,,3.332289457321167,3.332289457321167,,,,
196,1376,,,2.1143805980682373,,2.114293098449707,2.114293098449707,,,,
196,1377,,,3.302868366241455,,3.302780866622925,3.302780866622925,,,,
196,1378,,,2.6328327655792236,,2.6327452659606934,2.6327452659606934,,,,
,196,,,,,,,,,5.6620306968688965,5.6620306968688965
196,1378,,,,,,,5.6620306968688965,5.6620306968688965,,
196,1378,3.099623441696167,3.099710702896118,,3.099623441696167,,,,,,
197,1379,,,4.143241882324219,,4.143154621124268,4.143154621124268,,,,
197,1380,,,2.805541753768921,,2.8054542541503906,2.8054542541503906,,,,
197,1381,,,3.130297899246216,,3.1302103996276855,3.1302103996276855,,,,
197,1382,,,2.6788651943206787,,2.6787776947021484,2.6787776947021484,,,,
197,1383,,,2.4804651737213135,,2.480377674102783,2.480377674102783,,,,
197,1384,,,3.6679205894470215,,3.667833089828491,3.667833089828491,,,,
197,1385,,,1.9798542261123657,,1.979766607284546,1.979766607284546,,,,
,197,,,,,,,,,5.602287292480469,5.602287292480469
197,1385,,,,,,,5.602287292480469,5.602287292480469,,
197,1385,3.08207368850708,3.0821611881256104,,3.08207368850708,,,,,,
198,1386,,,3.1108415126800537,,3.1107540130615234,3.1107540130615234,,,,
198,1387,,,2.1950104236602783,,2.194922924041748,2.194922924041748,,,,
198,1388,,,3.945905923843384,,3.9458181858062744,3.9458181858062744,,,,
198,1389,,,2.7806131839752197,,2.7805254459381104,2.7805254459381104,,,,
198,1390,,,3.0019140243530273,,3.001826286315918,3.001826286315918,,,,
198,1391,,,3.0430643558502197,,3.0429766178131104,3.0429766178131104,,,,
198,1392,,,3.788156032562256,,3.7880682945251465,3.7880682945251465,,,,
,198,,,,,,,,,5.584212303161621,5.584212303161621
198,1392,,,,,,,5.584212303161621,5.584212303161621,,
198,1392,3.0584075450897217,3.058495283126831,,3.0584075450897217,,,,,,
199,1393,,,3.0009922981262207,,3.0009045600891113,3.0009045600891113,,,,
199,1394,,,2.347372055053711,,2.3472843170166016,2.3472843170166016,,,,
199,1395,,,3.2009694576263428,,3.2008817195892334,3.2008817195892334,,,,
199,1396,,,3.768671989440918,,3.7685842514038086,3.7685842514038086,,,,
199,1397,,,3.5358943939208984,,3.535806655883789,3.535806655883789,,,,
199,1398,,,2.2814857959747314,,2.281398057937622,2.281398057937622,,,,
199,1399,,,3.315486192703247,,3.3153984546661377,3.3153984546661377,,,,
,199,,,,,,,,,5.508641242980957,5.508641242980957
199,1399,,,,,,,5.508641242980957,5.508641242980957,,
199,1399,3.0397071838378906,3.039794921875,,3.0397071838378906,,,,,,
200,1400,,,3.349034070968628,,3.3489463329315186,3.3489463329315186,,,,
200,1401,,,3.186943531036377,,3.1868555545806885,3.1868555545806885,,,,
200,1402,,,2.8643739223480225,,2.864285945892334,2.864285945892334,,,,
200,1403,,,2.507255792617798,,2.5071678161621094,2.5071678161621094,,,,
200,1404,,,3.141237735748291,,3.1411497592926025,3.1411497592926025,,,,
200,1405,,,3.356462001800537,,3.3563740253448486,3.3563740253448486,,,,
200,1406,,,2.2356302738189697,,2.2355422973632812,2.2355422973632812,,,,
,200,,,,,,,,,5.499568462371826,5.499568462371826
200,1406,,,,,,,5.499568462371826,5.499568462371826,,
200,1406,3.018526554107666,3.0186147689819336,,3.018526554107666,,,,,,
201,1407,,,3.4009463787078857,,3.4008584022521973,3.4008584022521973,,,,
201,1408,,,3.1972358226776123,,3.197147846221924,3.197147846221924,,,,
201,1409,,,2.5783863067626953,,2.578298330307007,2.578298330307007,,,,
201,1410,,,3.1041226387023926,,3.104034662246704,3.104034662246704,,,,
201,1411,,,3.3759052753448486,,3.37581729888916,3.37581729888916,,,,
201,1412,,,2.807532548904419,,2.8074445724487305,2.8074445724487305,,,,
201,1413,,,1.7811505794525146,,1.7810624837875366,1.7810624837875366,,,,
,201,,,,,,,,,5.525796413421631,5.525796413421631
201,1413,,,,,,,5.525796413421631,5.525796413421631,,
201,1413,3.001019239425659,3.0011072158813477,,3.001019239425659,,,,,,
202,1414,,,2.7278802394866943,,2.727792263031006,2.727792263031006,,,,
202,1415,,,3.013723850250244,,3.0136356353759766,3.0136356353759766,,,,
202,1416,,,2.921980142593384,,2.921891927719116,2.921891927719116,,,,
202,1417,,,3.1744723320007324,,3.174384117126465,3.174384117126465,,,,
202,1418,,,4.363433837890625,,4.363345623016357,4.363345623016357,,,,
202,1419,,,2.2208023071289062,,2.2207140922546387,2.2207140922546387,,,,
202,1420,,,1.5814825296401978,,1.5813943147659302,1.5813943147659302,,,,
,202,,,,,,,,,5.446008682250977,5.446008682250977
202,1420,,,,,,,5.446009159088135,5.446009159088135,,
202,1420,2.9827117919921875,2.982799768447876,,2.9827117919921875,,,,,,
203,1421,,,1.6506613492965698,,1.6505731344223022,1.6505731344223022,,,,
203,1422,,,3.5858864784240723,,3.5857982635498047,3.5857982635498047,,,,
203,1423,,,3.024881362915039,,3.0247931480407715,3.0247931480407715,,,,
203,1424,,,3.2196710109710693,,3.2195827960968018,3.2195827960968018,,,,
203,1425,,,4.109585762023926,,4.109497547149658,4.109497547149658,,,,
203,1426,,,2.571444511413574,,2.5713562965393066,2.5713562965393066,,,,
203,1427,,,1.9402360916137695,,1.9401477575302124,1.9401477575302124,,,,
,203,,,,,,,,,5.3607378005981445,5.3607378005981445
203,1427,,,,,,,5.3607378005981445,5.3607378005981445,,
203,1427,2.9630048274993896,2.9630932807922363,,2.9630048274993896,,,,,,
204,1428,,,2.198091745376587,,2.1980035305023193,2.1980035305023193,,,,
204,1429,,,3.37471866607666,,3.3746302127838135,3.3746302127838135,,,,
204,1430,,,2.4189562797546387,,2.418867826461792,2.418867826461792,,,,
204,1431,,,3.1016898155212402,,3.1016013622283936,3.1016013622283936,,,,
204,1432,,,3.5655972957611084,,3.5655088424682617,3.5655088424682617,,,,
204,1433,,,2.5662755966186523,,2.5661871433258057,2.5661871433258057,,,,
204,1434,,,4.1559929847717285,,4.155904769897461,4.155904769897461,,,,
,204,,,,,,,,,5.370524883270264,5.370524883270264
204,1434,,,,,,,5.370524883270264,5.370524883270264,,
204,1434,2.946394443511963,2.9464828968048096,,2.946394443511963,,,,,,
205,1435,,,2.2924225330352783,,2.2923340797424316,2.2923340797424316,,,,
205,1436,,,2.892249584197998,,2.8921611309051514,2.8921611309051514,,,,
205,1437,,,2.2851154804229736,,2.285027027130127,2.285027027130127,,,,
205,1438,,,4.46205997467041,,4.461971282958984,4.461971282958984,,,,
205,1439,,,2.745516538619995,,2.7454280853271484,2.7454280853271484,,,,
205,1440,,,2.484055519104004,,2.4839670658111572,2.4839670658111572,,,,
205,1441,,,3.9572970867156982,,3.9572086334228516,3.9572086334228516,,,,
,205,,,,,,,,,5.406328201293945,5.406328201293945
205,1441,,,,,,,5.4063286781311035,5.4063286781311035,,
205,1441,2.9246811866760254,2.924769401550293,,2.9246811866760254,,,,,,
206,1442,,,2.60744047164917,,2.6073520183563232,2.6073520183563232,,,,
206,1443,,,2.690262794494629,,2.690174102783203,2.690174102783203,,,,
206,1444,,,3.4192018508911133,,3.4191131591796875,3.4191131591796875,,,,
206,1445,,,3.6981897354125977,,3.698101043701172,3.698101043701172,,,,
206,1446,,,2.878704786300659,,2.8786160945892334,2.8786160945892334,,,,
206,1447,,,2.425684928894043,,2.425596237182617,2.425596237182617,,,,
206,1448,,,2.0101826190948486,,2.010093927383423,2.010093927383423,,,,
,206,,,,,,,,,5.407443523406982,5.407443523406982
206,1448,,,,,,,5.407443523406982,5.407443523406982,,
206,1448,2.897684335708618,2.897773265838623,,2.897684335708618,,,,,,
207,1449,,,2.9599297046661377,,2.959841012954712,2.959841012954712,,,,
207,1450,,,3.026069164276123,,3.0259804725646973,3.0259804725646973,,,,
207,1451,,,3.263577938079834,,3.263489246368408,3.263489246368408,,,,
207,1452,,,2.3014163970947266,,2.301327705383301,2.301327705383301,,,,
207,1453,,,1.6886470317840576,,1.6885582208633423,1.6885582208633423,,,,
207,1454,,,3.504934549331665,,3.5048458576202393,3.5048458576202393,,,,
207,1455,,,4.280426502227783,,4.280337810516357,4.280337810516357,,,,
,207,,,,,,,,,5.404852867126465,5.404852867126465
207,1455,,,,,,,5.404852867126465,5.404852867126465,,
207,1455,2.8783013820648193,2.878389835357666,,2.8783013820648193,,,,,,
208,1456,,,2.774585723876953,,2.7744967937469482,2.7744967937469482,,,,
208,1457,,,2.6415746212005615,,2.6414856910705566,2.6414856910705566,,,,
208,1458,,,2.5265095233917236,,2.5264205932617188,2.5264205932617188,,,,
208,1459,,,3.5278589725494385,,3.5277700424194336,3.5277700424194336,,,,
208,1460,,,3.4971048831939697,,3.497015953063965,3.497015953063965,,,,
208,1461,,,2.0671305656433105,,2.0670416355133057,2.0670416355133057,,,,
208,1462,,,3.1355113983154297,,3.135422468185425,3.135422468185425,,,,
,208,,,,,,,,,5.333747386932373,5.333747386932373
208,1462,,,,,,,5.333747386932373,5.333747386932373,,
208,1462,2.8564727306365967,2.8565616607666016,,2.8564727306365967,,,,,,
209,1463,,,2.2612931728363037,,2.261204242706299,2.261204242706299,,,,
209,1464,,,3.118082284927368,,3.1179933547973633,3.1179933547973633,,,,
209,1465,,,2.319993495941162,,2.3199045658111572,2.3199045658111572,,,,
209,1466,,,2.070831775665283,,2.0707428455352783,2.0707428455352783,,,,
209,1467,,,2.2312357425689697,,2.231146812438965,2.231146812438965,,,,
209,1468,,,4.624915599822998,,4.624826431274414,4.624826431274414,,,,
209,1469,,,3.8911523818969727,,3.8910634517669678,3.8910634517669678,,,,
,209,,,,,,,,,5.25399923324585,5.25399923324585
209,1469,,,,,,,5.25399923324585,5.25399923324585,,
209,1469,2.836857557296753,2.836946725845337,,2.836857557296753,,,,,,
210,1470,,,2.8268163204193115,,2.8267271518707275,2.8267271518707275,,,,
210,1471,,,3.1200177669525146,,3.1199285984039307,3.1199285984039307,,,,
210,1472,,,2.8769330978393555,,2.8768439292907715,2.8768439292907715,,,,
210,1473,,,3.915776491165161,,3.915687322616577,3.915687322616577,,,,
210,1474,,,1.8189842700958252,,1.8188951015472412,1.8188951015472412,,,,
210,1475,,,2.5984952449798584,,2.5984060764312744,2.5984060764312744,,,,
210,1476,,,2.1622774600982666,,2.1621882915496826,2.1621882915496826,,,,
,210,,,,,,,,,5.191039562225342,5.191039562225342
210,1476,,,,,,,5.191039562225342,5.191039562225342,,
210,1476,2.818401336669922,2.818490505218506,,2.818401336669922,,,,,,
211,1477,,,2.027099847793579,,2.027010679244995,2.027010679244995,,,,
211,1478,,,3.376047134399414,,3.37595796585083,3.37595796585083,,,,
211,1479,,,3.1823573112487793,,3.1822681427001953,3.1822681427001953,,,,
211,1480,,,3.2260701656341553,,3.2259809970855713,3.2259809970855713,,,,
211,1481,,,2.0986857414245605,,2.0985965728759766,2.0985965728759766,,,,
211,1482,,,2.640075445175171,,2.639986276626587,2.639986276626587,,,,
211,1483,,,3.498676300048828,,3.498586893081665,3.498586893081665,,,,
,211,,,,,,,,,5.213496685028076,5.213496685028076
211,1483,,,,,,,5.213496685028076,5.213496685028076,,
211,1483,2.8018462657928467,2.801935911178589,,2.8018462657928467,,,,,,
212,1484,,,4.2795610427856445,,4.2794718742370605,4.2794718742370605,,,,
212,1485,,,1.4847491979599,,1.4846599102020264,1.4846599102020264,,,,
212,1486,,,2.3235056400299072,,2.323416233062744,2.323416233062744,,,,
212,1487,,,2.7448537349700928,,2.7447643280029297,2.7447643280029297,,,,
212,1488,,,2.8850295543670654,,2.8849401473999023,2.8849401473999023,,,,
212,1489,,,2.9690229892730713,,2.968933582305908,2.968933582305908,,,,
212,1490,,,2.852857828140259,,2.8527684211730957,2.8527684211730957,,,,
,212,,,,,,,,,5.232419013977051,5.232419013977051
212,1490,,,,,,,5.232419013977051,5.232419013977051,,
212,1490,2.7852509021759033,2.7853405475616455,,2.7852509021759033,,,,,,
213,1491,,,2.687857151031494,,2.687767744064331,2.687767744064331,,,,
213,1492,,,2.3406405448913574,,2.3405511379241943,2.3405511379241943,,,,
213,1493,,,3.1410529613494873,,3.140963554382324,3.140963554382324,,,,
213,1494,,,3.103544235229492,,3.103454828262329,3.103454828262329,,,,
213,1495,,,2.4880948066711426,,2.4880053997039795,2.4880053997039795,,,,
213,1496,,,2.623556137084961,,2.623466730117798,2.623466730117798,,,,
213,1497,,,3.2563493251800537,,3.2562599182128906,3.2562599182128906,,,,
,213,,,,,,,,,5.228241920471191,5.228241920471191
213,1497,,,,,,,5.228241920471191,5.228241920471191,,
213,1497,2.7616169452667236,2.7617061138153076,,2.7616169452667236,,,,,,
214,1498,,,2.2917873859405518,,2.2916977405548096,2.2916977405548096,,,,
214,1499,,,1.9383639097213745,,1.9382743835449219,1.9382743835449219,,,,
214,1500,,,4.404638290405273,,4.404548645019531,4.404548645019531,,,,
214,1501,,,2.999096393585205,,2.999006748199463,2.999006748199463,,,,
214,1502,,,2.597848653793335,,2.5977590084075928,2.5977590084075928,,,,
214,1503,,,2.468017339706421,,2.4679276943206787,2.4679276943206787,,,,
214,1504,,,2.1390750408172607,,2.1389853954315186,2.1389853954315186,,,,
,214,,,,,,,,,5.1916823387146,5.1916823387146
214,1504,,,,,,,5.1916823387146,5.1916823387146,,
214,1504,2.745307445526123,2.745396852493286,,2.745307445526123,,,,,,
215,1505,,,3.153374195098877,,3.1532845497131348,3.1532845497131348,,,,
215,1506,,,3.2600491046905518,,3.2599594593048096,3.2599594593048096,,,,
215,1507,,,2.5510523319244385,,2.5509626865386963,2.5509626865386963,,,,
215,1508,,,2.697256088256836,,2.6971664428710938,2.6971664428710938,,,,
215,1509,,,2.2618613243103027,,2.2617716789245605,2.2617716789245605,,,,
215,1510,,,2.4120306968688965,,2.4119410514831543,2.4119410514831543,,,,
215,1511,,,2.771230697631836,,2.7711410522460938,2.7711410522460938,,,,
,215,,,,,,,,,5.132635116577148,5.132635116577148
215,1511,,,,,,,5.13263463973999,5.13263463973999,,
215,1511,2.725374698638916,2.7254645824432373,,2.725374698638916,,,,,,
216,1512,,,2.9146270751953125,,2.914537191390991,2.914537191390991,,,,
216,1513,,,2.976231336593628,,2.9761414527893066,2.9761414527893066,,,,
216,1514,,,1.949221134185791,,1.9491313695907593,1.9491313695907593,,,,
216,1515,,,2.1375110149383545,,2.137421131134033,2.137421131134033,,,,
216,1516,,,3.1009254455566406,,3.1008355617523193,3.1008355617523193,,,,
216,1517,,,2.5799827575683594,,2.579892873764038,2.579892873764038,,,,
216,1518,,,4.272241115570068,,4.272150993347168,4.272150993347168,,,,
,216,,,,,,,,,5.087626934051514,5.087626934051514
216,1518,,,,,,,5.087626934051514,5.087626934051514,,
216,1518,2.707453727722168,2.70754337310791,,2.707453727722168,,,,,,
217,1519,,,2.163172483444214,,2.1630825996398926,2.1630825996398926,,,,
217,1520,,,1.7192661762237549,,1.7191762924194336,1.7191762924194336,,,,
217,1521,,,3.408668041229248,,3.4085781574249268,3.4085781574249268,,,,
217,1522,,,3.5956227779388428,,3.5955328941345215,3.5955328941345215,,,,
217,1523,,,2.214541435241699,,2.214451551437378,2.214451551437378,,,,
217,1524,,,2.6856088638305664,,2.685518980026245,2.685518980026245,,,,
217,1525,,,3.6440091133117676,,3.643918991088867,3.643918991088867,,,,
,217,,,,,,,,,5.07761812210083,5.07761812210083
217,1525,,,,,,,5.07761812210083,5.07761812210083,,
217,1525,2.6906371116638184,2.6907267570495605,,2.6906371116638184,,,,,,
218,1526,,,3.753742218017578,,3.7536520957946777,3.7536520957946777,,,,
218,1527,,,3.6078128814697266,,3.607722759246826,3.607722759246826,,,,
218,1528,,,2.1347224712371826,,2.1346323490142822,2.1346323490142822,,,,
218,1529,,,2.788877248764038,,2.7887871265411377,2.7887871265411377,,,,
218,1530,,,2.7383921146392822,,2.738301992416382,2.738301992416382,,,,
218,1531,,,1.4741374254226685,,1.474047303199768,1.474047303199768,,,,
218,1532,,,1.4745290279388428,,1.4744389057159424,1.4744389057159424,,,,
,218,,,,,,,,,5.00216817855835,5.00216817855835
218,1532,,,,,,,5.00216817855835,5.00216817855835,,
218,1532,2.674518585205078,2.6746089458465576,,2.674518585205078,,,,,,
219,1533,,,4.068483829498291,,4.068393707275391,4.068393707275391,,,,
219,1534,,,1.7639203071594238,,1.7638301849365234,1.7638301849365234,,,,
219,1535,,,1.433516025543213,,1.433425784111023,1.433425784111023,,,,
219,1536,,,3.7780327796936035,,3.777942657470703,3.777942657470703,,,,
219,1537,,,2.712228536605835,,2.7121384143829346,2.7121384143829346,,,,
219,1538,,,2.389704465866089,,2.3896143436431885,2.3896143436431885,,,,
219,1539,,,2.2010087966918945,,2.200918436050415,2.200918436050415,,,,
,219,,,,,,,,,4.967085838317871,4.967085838317871
219,1539,,,,,,,4.967085838317871,4.967085838317871,,
219,1539,2.662069082260132,2.662158966064453,,2.662069082260132,,,,,,
220,1540,,,2.3737266063690186,,2.373636245727539,2.373636245727539,,,,
220,1541,,,2.3254892826080322,,2.3253989219665527,2.3253989219665527,,,,
220,1542,,,2.7578020095825195,,2.75771164894104,2.75771164894104,,,,
220,1543,,,3.0885732173919678,,3.0884828567504883,3.0884828567504883,,,,
220,1544,,,2.7428476810455322,,2.7427573204040527,2.7427573204040527,,,,
220,1545,,,2.33300518989563,,2.3329148292541504,2.3329148292541504,,,,
220,1546,,,3.315685987472534,,3.3155956268310547,3.3155956268310547,,,,
,220,,,,,,,,,4.935451507568359,4.935451507568359
220,1546,,,,,,,4.935451507568359,4.935451507568359,,
220,1546,2.6453726291656494,2.645462989807129,,2.6453726291656494,,,,,,
221,1547,,,2.606632947921753,,2.6065425872802734,2.6065425872802734,,,,
221,1548,,,2.2042465209960938,,2.2041561603546143,2.2041561603546143,,,,
221,1549,,,1.4991614818572998,,1.4990711212158203,1.4990711212158203,,,,
221,1550,,,2.9450523853302,,2.9449620246887207,2.9449620246887207,,,,
221,1551,,,2.8940908908843994,,2.89400053024292,2.89400053024292,,,,
221,1552,,,3.395033597946167,,3.3949432373046875,3.3949432373046875,,,,
221,1553,,,3.228848934173584,,3.2287585735321045,3.2287585735321045,,,,
,221,,,,,,,,,4.9555487632751465,4.9555487632751465
221,1553,,,,,,,4.9555487632751465,4.9555487632751465,,
221,1553,2.628150701522827,2.6282408237457275,,2.628150701522827,,,,,,
222,1554,,,2.4990832805633545,,2.498992681503296,2.498992681503296,,,,
222,1555,,,2.484393358230591,,2.4843027591705322,2.4843027591705322,,,,
222,1556,,,2.5278477668762207,,2.527757167816162,2.527757167816162,,,,
222,1557,,,2.3473775386810303,,2.3472869396209717,2.3472869396209717,,,,
222,1558,,,2.354269027709961,,2.3541784286499023,2.3541784286499023,,,,
222,1559,,,3.431091547012329,,3.4310009479522705,3.4310009479522705,,,,
222,1560,,,2.6570398807525635,,2.656949281692505,2.656949281692505,,,,
,222,,,,,,,,,4.901798725128174,4.901798725128174
222,1560,,,,,,,4.901798725128174,4.901798725128174,,
222,1560,2.6101763248443604,2.610266923904419,,2.6101763248443604,,,,,,
223,1561,,,2.3909425735473633,,2.3908519744873047,2.3908519744873047,,,,
223,1562,,,1.9544308185577393,,1.9543402194976807,1.9543402194976807,,,,
223,1563,,,3.61661958694458,,3.6165289878845215,3.6165289878845215,,,,
223,1564,,,3.0282034873962402,,3.0281128883361816,3.0281128883361816,,,,
223,1565,,,2.271909475326538,,2.2718188762664795,2.2718188762664795,,,,
223,1566,,,2.5336174964904785,,2.53352689743042,2.53352689743042,,,,
223,1567,,,1.925525188446045,,1.9254344701766968,1.9254344701766968,,,,
,223,,,,,,,,,4.832347869873047,4.832347869873047
223,1567,,,,,,,4.832347869873047,4.832347869873047,,
223,1567,2.5909361839294434,2.591026782989502,,2.5909361839294434,,,,,,
224,1568,,,2.9022676944732666,,2.902176856994629,2.902176856994629,,,,
224,1569,,,2.9469473361968994,,2.9468564987182617,2.9468564987182617,,,,
224,1570,,,2.911714792251587,,2.911623954772949,2.911623954772949,,,,
224,1571,,,2.2860448360443115,,2.285953998565674,2.285953998565674,,,,
224,1572,,,2.722986936569214,,2.722896099090576,2.722896099090576,,,,
224,1573,,,1.8907556533813477,,1.89066481590271,1.89066481590271,,,,
224,1574,,,1.9907079935073853,,1.9906171560287476,1.9906171560287476,,,,
,224,,,,,,,,,4.803510665893555,4.803510665893555
224,1574,,,,,,,4.8035101890563965,4.8035101890563965,,
224,1574,2.5735929012298584,2.573683738708496,,2.5735929012298584,,,,,,
225,1575,,,2.664473056793213,,2.664382219314575,2.664382219314575,,,,
225,1576,,,2.396848678588867,,2.3967578411102295,2.3967578411102295,,,,
225,1577,,,2.1602869033813477,,2.16019606590271,2.16019606590271,,,,
225,1578,,,2.7478134632110596,,2.747722625732422,2.747722625732422,,,,
225,1579,,,2.31400465965271,,2.3139138221740723,2.3139138221740723,,,,
225,1580,,,2.8440680503845215,,2.843977212905884,2.843977212905884,,,,
225,1581,,,3.1208388805389404,,3.1207480430603027,3.1207480430603027,,,,
,225,,,,,,,,,4.792690753936768,4.792690753936768
225,1581,,,,,,,4.792690753936768,4.792690753936768,,
225,1581,2.5564281940460205,2.5565192699432373,,2.5564281940460205,,,,,,
226,1582,,,3.1540050506591797,,3.153914213180542,3.153914213180542,,,,
226,1583,,,2.407651901245117,,2.4075608253479004,2.4075608253479004,,,,
226,1584,,,2.923996925354004,,2.923905849456787,2.923905849456787,,,,
226,1585,,,2.5559444427490234,,2.5558533668518066,2.5558533668518066,,,,
226,1586,,,2.36285662651062,,2.3627655506134033,2.3627655506134033,,,,
226,1587,,,1.7327996492385864,,1.7327085733413696,1.7327085733413696,,,,
226,1588,,,2.8832879066467285,,2.8831968307495117,2.8831968307495117,,,,
,226,,,,,,,,,4.722009658813477,4.722009658813477
226,1588,,,,,,,4.722010135650635,4.722010135650635,,
226,1588,2.543985366821289,2.544076442718506,,2.543985366821289,,,,,,
227,1589,,,2.390970230102539,,2.3908791542053223,2.3908791542053223,,,,
227,1590,,,2.555025100708008,,2.554934024810791,2.554934024810791,,,,
227,1591,,,3.3035149574279785,,3.3034238815307617,3.3034238815307617,,,,
227,1592,,,1.9804883003234863,,1.9803972244262695,1.9803972244262695,,,,
227,1593,,,2.6434459686279297,,2.643354892730713,2.643354892730713,,,,
227,1594,,,2.29465389251709,,2.294562816619873,2.294562816619873,,,,
227,1595,,,2.390336275100708,,2.390245199203491,2.390245199203491,,,,
,227,,,,,,,,,4.611909866333008,4.611909866333008
227,1595,,,,,,,4.611910343170166,4.611910343170166,,
227,1595,2.519826650619507,2.5199174880981445,,2.519826650619507,,,,,,
228,1596,,,1.2798458337783813,,1.279754638671875,1.279754638671875,,,,
228,1597,,,2.6712841987609863,,2.6711928844451904,2.6711928844451904,,,,
228,1598,,,2.2639338970184326,,2.2638425827026367,2.2638425827026367,,,,
228,1599,,,3.1229562759399414,,3.1228649616241455,3.1228649616241455,,,,
228,1600,,,2.045468807220459,,2.045377492904663,2.045377492904663,,,,
228,1601,,,3.0542571544647217,,3.054165840148926,3.054165840148926,,,,
228,1602,,,4.036797523498535,,4.036706447601318,4.036706447601318,,,,
,228,,,,,,,,,4.525104999542236,4.525104999542236
228,1602,,,,,,,4.525104999542236,4.525104999542236,,
228,1602,2.5021119117736816,2.5022032260894775,,2.5021119117736816,,,,,,
229,1603,,,1.858912706375122,,1.8588213920593262,1.8588213920593262,,,,
229,1604,,,2.3234808444976807,,2.3233895301818848,2.3233895301818848,,,,
229,1605,,,2.2265207767486572,,2.2264294624328613,2.2264294624328613,,,,
229,1606,,,2.926532506942749,,2.926441192626953,2.926441192626953,,,,
229,1607,,,3.3788881301879883,,3.3787968158721924,3.3787968158721924,,,,
229,1608,,,2.265789031982422,,2.265697717666626,2.265697717666626,,,,
229,1609,,,2.340578556060791,,2.340487241744995,2.340487241744995,,,,
,229,,,,,,,,,4.489220142364502,4.489220142364502
229,1609,,,,,,,4.489220142364502,4.489220142364502,,
229,1609,2.487412929534912,2.487504482269287,,2.487412929534912,,,,,,
230,1610,,,3.0608365535736084,,3.0607452392578125,3.0607452392578125,,,,
230,1611,,,2.0748250484466553,,2.0747334957122803,2.0747334957122803,,,,
230,1612,,,2.8674156665802,,2.867324113845825,2.867324113845825,,,,
230,1613,,,2.4540822505950928,,2.4539906978607178,2.4539906978607178,,,,
230,1614,,,2.067512273788452,,2.067420721054077,2.067420721054077,,,,
230,1615,,,2.2326245307922363,,2.2325329780578613,2.2325329780578613,,,,
230,1616,,,2.5736277103424072,,2.5735361576080322,2.5735361576080322,,,,
,230,,,,,,,,,4.452531337738037,4.452531337738037
230,1616,,,,,,,4.452531337738037,4.452531337738037,,
230,1616,2.4661686420440674,2.4662601947784424,,2.4661686420440674,,,,,,
231,1617,,,1.9790419340133667,,1.9789503812789917,1.9789503812789917,,,,
231,1618,,,2.5925979614257812,,2.5925064086914062,2.5925064086914062,,,,
231,1619,,,2.397125720977783,,2.397034168243408,2.397034168243408,,,,
231,1620,,,2.3385584354400635,,2.3384668827056885,2.3384668827056885,,,,
231,1621,,,2.79339599609375,,2.793304443359375,2.793304443359375,,,,
231,1622,,,2.5650758743286133,,2.5649843215942383,2.5649843215942383,,,,
231,1623,,,2.5088231563568115,,2.5087316036224365,2.5087316036224365,,,,
,231,,,,,,,,,4.398312568664551,4.398312568664551
231,1623,,,,,,,4.398312568664551,4.398312568664551,,
231,1623,2.4480032920837402,2.4480948448181152,,2.4480032920837402,,,,,,
232,1624,,,2.8653879165649414,,2.8652963638305664,2.8652963638305664,,,,
232,1625,,,2.2079086303710938,,2.2078168392181396,2.2078168392181396,,,,
232,1626,,,2.5964608192443848,,2.5963690280914307,2.5963690280914307,,,,
232,1627,,,2.750542640686035,,2.750450849533081,2.750450849533081,,,,
232,1628,,,2.257856607437134,,2.2577648162841797,2.2577648162841797,,,,
232,1629,,,2.1910884380340576,,2.1909966468811035,2.1909966468811035,,,,
232,1630,,,1.7063952684402466,,1.7063034772872925,1.7063034772872925,,,,
,232,,,,,,,,,4.394676208496094,4.394676208496094
232,1630,,,,,,,4.394676208496094,4.394676208496094,,
232,1630,2.4327149391174316,2.4328067302703857,,2.4327149391174316,,,,,,
233,1631,,,1.6639615297317505,,1.6638697385787964,1.6638697385787964,,,,
233,1632,,,2.711526393890381,,2.7114346027374268,2.7114346027374268,,,,
233,1633,,,1.8859121799468994,,1.8858203887939453,1.8858203887939453,,,,
233,1634,,,2.28476881980896,,2.284677028656006,2.284677028656006,,,,
233,1635,,,3.0589215755462646,,3.0588297843933105,3.0588297843933105,,,,
233,1636,,,2.790849447250366,,2.790757656097412,2.790757656097412,,,,
233,1637,,,2.7417073249816895,,2.7416155338287354,2.7416155338287354,,,,
,233,,,,,,,,,4.313042163848877,4.313042163848877
233,1637,,,,,,,4.313042163848877,4.313042163848877,,
233,1637,2.4193718433380127,2.419463634490967,,2.4193718433380127,,,,,,
234,1638,,,2.961333751678467,,2.9612419605255127,2.9612419605255127,,,,
234,1639,,,1.9212664365768433,,1.9211745262145996,1.9211745262145996,,,,
234,1640,,,1.292233943939209,,1.2921420335769653,1.2921420335769653,,,,
234,1641,,,2.50716233253479,,2.507070302963257,2.507070302963257,,,,
234,1642,,,3.254470109939575,,3.254378080368042,3.254378080368042,,,,
234,1643,,,2.7518391609191895,,2.7517471313476562,2.7517471313476562,,,,
234,1644,,,1.6908706426620483,,1.6907786130905151,1.6907786130905151,,,,
,234,,,,,,,,,4.236776351928711,4.236776351928711
234,1644,,,,,,,4.236776351928711,4.236776351928711,,
234,1644,2.403419017791748,2.403510808944702,,2.403419017791748,,,,,,
235,1645,,,2.2028398513793945,,2.2027478218078613,2.2027478218078613,,,,
235,1646,,,1.6015992164611816,,1.6015071868896484,1.6015071868896484,,,,
235,1647,,,3.061143398284912,,3.061051368713379,3.061051368713379,,,,
235,1648,,,2.4012110233306885,,2.4011189937591553,2.4011189937591553,,,,
235,1649,,,2.561189651489258,,2.5610976219177246,2.5610976219177246,,,,
235,1650,,,2.1476516723632812,,2.147559642791748,2.147559642791748,,,,
235,1651,,,3.304568290710449,,3.304476261138916,3.304476261138916,,,,
,235,,,,,,,,,4.207993984222412,4.207993984222412
235,1651,,,,,,,4.207993984222412,4.207993984222412,,
235,1651,2.3865506649017334,2.3866426944732666,,2.3865506649017334,,,,,,
236,1652,,,1.6913578510284424,,1.6912657022476196,1.6912657022476196,,,,
236,1653,,,2.5820400714874268,,2.5819478034973145,2.5819478034973145,,,,
236,1654,,,2.098806858062744,,2.098714590072632,2.098714590072632,,,,
236,1655,,,2.177802801132202,,2.17771053314209,2.17771053314209,,,,
236,1656,,,2.0957720279693604,,2.095679759979248,2.095679759979248,,,,
236,1657,,,2.6657466888427734,,2.665654420852661,2.665654420852661,,,,
236,1658,,,4.704073905944824,,4.703981876373291,4.703981876373291,,,,
,236,,,,,,,,,4.197174072265625,4.197174072265625
236,1658,,,,,,,4.197174072265625,4.197174072265625,,
236,1658,2.3647005558013916,2.364792823791504,,2.3647005558013916,,,,,,
237,1659,,,1.7331191301345825,,1.7330268621444702,1.7330268621444702,,,,
237,1660,,,2.425092935562134,,2.4250006675720215,2.4250006675720215,,,,
237,1661,,,2.479153871536255,,2.4790616035461426,2.4790616035461426,,,,
237,1662,,,2.4883430004119873,,2.488250732421875,2.488250732421875,,,,
237,1663,,,2.121746301651001,,2.1216540336608887,2.1216540336608887,,,,
237,1664,,,2.860973834991455,,2.8608815670013428,2.8608815670013428,,,,
237,1665,,,2.2291619777679443,,2.229069709777832,2.229069709777832,,,,
,237,,,,,,,,,4.244800567626953,4.244800567626953
237,1665,,,,,,,4.244800567626953,4.244800567626953,,
237,1665,2.3441219329833984,2.3442139625549316,,2.3441219329833984,,,,,,
238,1666,,,3.916917324066162,,3.91682505607605,3.91682505607605,,,,
238,1667,,,2.048889636993408,,2.048797369003296,2.048797369003296,,,,
238,1668,,,2.1038782596588135,,2.103785753250122,2.103785753250122,,,,
238,1669,,,2.494256019592285,,2.4941635131835938,2.4941635131835938,,,,
238,1670,,,1.7657560110092163,,1.7656636238098145,1.7656636238098145,,,,
238,1671,,,1.9035316705703735,,1.9034392833709717,1.9034392833709717,,,,
238,1672,,,1.6604562997817993,,1.660363793373108,1.660363793373108,,,,
,238,,,,,,,,,4.182757377624512,4.182757377624512
238,1672,,,,,,,4.182757377624512,4.182757377624512,,
238,1672,2.330245018005371,2.3303372859954834,,2.330245018005371,,,,,,
239,1673,,,2.672966957092285,,2.6728744506835938,2.6728744506835938,,,,
239,1674,,,2.232137680053711,,2.2320451736450195,2.2320451736450195,,,,
239,1675,,,2.0767574310302734,,2.076664924621582,2.076664924621582,,,,
239,1676,,,2.5148427486419678,,2.5147502422332764,2.5147502422332764,,,,
239,1677,,,1.9060553312301636,,1.9059628248214722,1.9059628248214722,,,,
239,1678,,,2.394810438156128,,2.3947179317474365,2.3947179317474365,,,,
239,1679,,,2.542531967163086,,2.5424394607543945,2.5424394607543945,,,,
,239,,,,,,,,,4.156264781951904,4.156264781951904
239,1679,,,,,,,4.156264781951904,4.156264781951904,,
239,1679,2.313793182373047,2.313885450363159,,2.313793182373047,,,,,,
240,1680,,,1.985715389251709,,1.985622763633728,1.985622763633728,,,,
240,1681,,,1.8832098245620728,,1.8831171989440918,1.8831171989440918,,,,
240,1682,,,2.021641254425049,,2.0215487480163574,2.0215487480163574,,,,
240,1683,,,2.9391462802886963,,2.939053535461426,2.939053535461426,,,,
240,1684,,,3.0649030208587646,,3.064810276031494,3.064810276031494,,,,
240,1685,,,1.995468020439148,,1.995375394821167,1.995375394821167,,,,
240,1686,,,2.0596790313720703,,2.0595862865448,2.0595862865448,,,,
,240,,,,,,,,,4.0923566818237305,4.0923566818237305
240,1686,,,,,,,4.0923566818237305,4.0923566818237305,,
240,1686,2.2999014854431152,2.299994468688965,,2.2999014854431152,,,,,,
241,1687,,,2.8465535640716553,,2.8464608192443848,2.8464608192443848,,,,
241,1688,,,2.407930612564087,,2.4078378677368164,2.4078378677368164,,,,
241,1689,,,1.7908587455749512,,1.7907660007476807,1.7907660007476807,,,,
241,1690,,,1.9551918506622314,,1.955099105834961,1.955099105834961,,,,
241,1691,,,1.3982771635055542,,1.3981844186782837,1.3981844186782837,,,,
241,1692,,,2.9925155639648438,,2.9924228191375732,2.9924228191375732,,,,
241,1693,,,3.1676719188690186,,3.167579174041748,3.167579174041748,,,,
,241,,,,,,,,,4.047617435455322,4.047617435455322
241,1693,,,,,,,4.047617435455322,4.047617435455322,,
241,1693,2.28684139251709,2.2869341373443604,,2.28684139251709,,,,,,
242,1694,,,2.348572254180908,,2.3484795093536377,2.3484795093536377,,,,
242,1695,,,2.6647887229919434,,2.664695978164673,2.664695978164673,,,,
242,1696,,,2.509510040283203,,2.5094172954559326,2.5094172954559326,,,,
242,1697,,,2.5334842205047607,,2.533391237258911,2.533391237258911,,,,
242,1698,,,1.2422348260879517,,1.2421419620513916,1.2421419620513916,,,,
242,1699,,,2.2815349102020264,,2.2814419269561768,2.2814419269561768,,,,
242,1700,,,2.4387006759643555,,2.438607692718506,2.438607692718506,,,,
,242,,,,,,,,,4.018835067749023,4.018835067749023
242,1700,,,,,,,4.018835067749023,4.018835067749023,,
242,1700,2.273575782775879,2.2736687660217285,,2.273575782775879,,,,,,
243,1701,,,2.020134210586548,,2.0200412273406982,2.0200412273406982,,,,
243,1702,,,3.4241673946380615,,3.424074411392212,3.424074411392212,,,,
243,1703,,,2.224862575531006,,2.2247695922851562,2.2247695922851562,,,,
243,1704,,,1.9291291236877441,,1.9290361404418945,1.9290361404418945,,,,
243,1705,,,1.673398494720459,,1.6733055114746094,1.6733055114746094,,,,
243,1706,,,2.304377317428589,,2.3042843341827393,2.3042843341827393,,,,
243,1707,,,2.251039505004883,,2.250946521759033,2.250946521759033,,,,
,243,,,,,,,,,4.013791561126709,4.013791561126709
243,1707,,,,,,,4.013791561126709,4.013791561126709,,
243,1707,2.2619004249572754,2.261993646621704,,2.2619004249572754,,,,,,
244,1708,,,2.821743965148926,,2.821650981903076,2.821650981903076,,,,
244,1709,,,1.7062593698501587,,1.7061662673950195,1.7061662673950195,,,,
244,1710,,,2.1922287940979004,,2.192135810852051,2.192135810852051,,,,
244,1711,,,2.2260313034057617,,2.225938320159912,2.225938320159912,,,,
244,1712,,,1.7202707529067993,,1.7201776504516602,1.7201776504516602,,,,
244,1713,,,2.504284620285034,,2.5041913986206055,2.5041913986206055,,,,
244,1714,,,3.0890777111053467,,3.088984489440918,3.088984489440918,,,,
,244,,,,,,,,,4.0095062255859375,4.0095062255859375
244,1714,,,,,,,4.0095062255859375,4.0095062255859375,,
244,1714,2.2476282119750977,2.2477214336395264,,2.2476282119750977,,,,,,
245,1715,,,2.047678232192993,,2.0475850105285645,2.0475850105285645,,,,
245,1716,,,2.565357208251953,,2.5652639865875244,2.5652639865875244,,,,
245,1717,,,1.7981592416763306,,1.7980660200119019,1.7980660200119019,,,,
245,1718,,,2.106628656387329,,2.1065354347229004,2.1065354347229004,,,,
245,1719,,,2.7568070888519287,,2.7567138671875,2.7567138671875,,,,
245,1720,,,2.3818109035491943,,2.3817176818847656,2.3817176818847656,,,,
245,1721,,,1.5128241777420044,,1.5127309560775757,1.5127309560775757,,,,
,245,,,,,,,,,3.9751296043395996,3.9751296043395996
245,1721,,,,,,,3.9751296043395996,3.9751296043395996,,
245,1721,2.231083393096924,2.2311766147613525,,2.231083393096924,,,,,,
246,1722,,,1.857583999633789,,1.8574907779693604,1.8574907779693604,,,,
246,1723,,,2.631819725036621,,2.6317265033721924,2.6317265033721924,,,,
246,1724,,,1.9626120328903198,,1.9625186920166016,1.9625186920166016,,,,
246,1725,,,2.0060813426971436,,2.005988121032715,2.005988121032715,,,,
246,1726,,,2.791747570037842,,2.791654348373413,2.791654348373413,,,,
246,1727,,,2.18054461479187,,2.1804513931274414,2.1804513931274414,,,,
246,1728,,,1.8093903064727783,,1.80929696559906,1.80929696559906,,,,
,246,,,,,,,,,3.87070631980896,3.87070631980896
246,1728,,,,,,,3.87070631980896,3.87070631980896,,
246,1728,2.213069200515747,2.213162660598755,,2.213069200515747,,,,,,
247,1729,,,2.539033889770508,,2.5389404296875,2.5389404296875,,,,
247,1730,,,2.6695432662963867,,2.669449806213379,2.669449806213379,,,,
247,1731,,,1.8003491163253784,,1.8002556562423706,1.8002556562423706,,,,
247,1732,,,1.7239196300506592,,1.7238261699676514,1.7238261699676514,,,,
247,1733,,,2.484123468399048,,2.48403000831604,2.48403000831604,,,,
247,1734,,,2.0030694007873535,,2.0029759407043457,2.0029759407043457,,,,
247,1735,,,2.0201735496520996,,2.020080089569092,2.020080089569092,,,,
,247,,,,,,,,,3.8273937702178955,3.8273937702178955
247,1735,,,,,,,3.8273937702178955,3.8273937702178955,,
247,1735,2.192471981048584,2.192565441131592,,2.192471981048584,,,,,,
248,1736,,,2.274296998977661,,2.2742035388946533,2.2742035388946533,,,,
248,1737,,,1.5243771076202393,,1.5242836475372314,1.5242836475372314,,,,
248,1738,,,2.798321485519409,,2.7982280254364014,2.7982280254364014,,,,
248,1739,,,1.8281561136245728,,1.8280625343322754,1.8280625343322754,,,,
248,1740,,,2.3234567642211914,,2.3233633041381836,2.3233633041381836,,,,
248,1741,,,1.870483636856079,,1.8703900575637817,1.8703900575637817,,,,
248,1742,,,3.332244873046875,,3.332151412963867,3.332151412963867,,,,
,248,,,,,,,,,3.8063700199127197,3.8063700199127197
248,1742,,,,,,,3.8063700199127197,3.8063700199127197,,
248,1742,2.175386428833008,2.1754798889160156,,2.175386428833008,,,,,,
249,1743,,,3.1142239570617676,,3.1141302585601807,3.1141302585601807,,,,
249,1744,,,1.4027235507965088,,1.4026299715042114,1.4026299715042114,,,,
249,1745,,,1.6152663230895996,,1.6151727437973022,1.6151727437973022,,,,
249,1746,,,2.2131097316741943,,2.2130160331726074,2.2130160331726074,,,,
249,1747,,,2.0274341106414795,,2.0273404121398926,2.0273404121398926,,,,
249,1748,,,2.8215041160583496,,2.8214104175567627,2.8214104175567627,,,,
249,1749,,,1.5069156885147095,,1.5068219900131226,1.5068219900131226,,,,
,249,,,,,,,,,3.7340774536132812,3.7340774536132812
249,1749,,,,,,,3.7340774536132812,3.7340774536132812,,
249,1749,2.1582367420196533,2.158330202102661,,2.1582367420196533,,,,,,
250,1750,,,1.660888433456421,,1.660794734954834,1.660794734954834,,,,
250,1751,,,1.7944774627685547,,1.7943837642669678,1.7943837642669678,,,,
250,1752,,,2.1059470176696777,,2.105853319168091,2.105853319168091,,,,
250,1753,,,2.2192587852478027,,2.219165086746216,2.219165086746216,,,,
250,1754,,,2.9479804039001465,,2.9478867053985596,2.9478867053985596,,,,
250,1755,,,1.942665696144104,,1.9425718784332275,1.9425718784332275,,,,
250,1756,,,2.589764356613159,,2.5896706581115723,2.5896706581115723,,,,
,250,,,,,,,,,3.716193914413452,3.716193914413452
250,1756,,,,,,,3.716193914413452,3.716193914413452,,
250,1756,2.1398873329162598,2.1399810314178467,,2.1398873329162598,,,,,,
251,1757,,,2.692702531814575,,2.692608594894409,2.692608594894409,,,,
251,1758,,,1.9332859516143799,,1.9331921339035034,1.9331921339035034,,,,
251,1759,,,1.6173750162124634,,1.617281198501587,1.617281198501587,,,,
251,1760,,,2.360821485519409,,2.360727548599243,2.360727548599243,,,,
251,1761,,,2.426229953765869,,2.426136016845703,2.426136016845703,,,,
251,1762,,,2.1839959621429443,,2.1839020252227783,2.1839020252227783,,,,
251,1763,,,0.9049976468086243,,0.9049037098884583,0.9049037098884583,,,,
,251,,,,,,,,,3.7193164825439453,3.7193164825439453
251,1763,,,,,,,3.7193164825439453,3.7193164825439453,,
251,1763,2.1259899139404297,2.126084089279175,,2.1259899139404297,,,,,,
252,1764,,,2.1455984115600586,,2.1455044746398926,2.1455044746398926,,,,
252,1765,,,2.5154244899749756,,2.5153305530548096,2.5153305530548096,,,,
252,1766,,,1.7231807708740234,,1.7230868339538574,1.7230868339538574,,,,
252,1767,,,2.315711498260498,,2.315617561340332,2.315617561340332,,,,
252,1768,,,1.9150153398513794,,1.9149212837219238,1.9149212837219238,,,,
252,1769,,,2.114593982696533,,2.114500045776367,2.114500045776367,,,,
252,1770,,,1.9526445865631104,,1.9525505304336548,1.9525505304336548,,,,
,252,,,,,,,,,3.730482578277588,3.730482578277588
252,1770,,,,,,,3.730482578277588,3.730482578277588,,
252,1770,2.111555576324463,2.111649513244629,,2.111555576324463,,,,,,
253,1771,,,2.621314525604248,,2.621220588684082,2.621220588684082,,,,
253,1772,,,1.585060954093933,,1.5849668979644775,1.5849668979644775,,,,
253,1773,,,1.7857555150985718,,1.7856614589691162,1.7856614589691162,,,,
253,1774,,,2.2099392414093018,,2.2098450660705566,2.2098450660705566,,,,
253,1775,,,2.4083333015441895,,2.4082391262054443,2.4082391262054443,,,,
253,1776,,,1.5805704593658447,,1.5804762840270996,1.5804762840270996,,,,
253,1777,,,3.1938514709472656,,3.1937572956085205,3.1937572956085205,,,,
,253,,,,,,,,,3.6413440704345703,3.6413440704345703
253,1777,,,,,,,3.6413440704345703,3.6413440704345703,,
253,1777,2.1000893115997314,2.1001832485198975,,2.1000893115997314,,,,,,
254,1778,,,1.4604880809783936,,1.4603939056396484,1.4603939056396484,,,,
254,1779,,,1.5557914972305298,,1.5556973218917847,1.5556973218917847,,,,
254,1780,,,1.814213752746582,,1.814119577407837,1.814119577407837,,,,
254,1781,,,2.0451550483703613,,2.045060873031616,2.045060873031616,,,,
254,1782,,,2.221585988998413,,2.221491813659668,2.221491813659668,,,,
254,1783,,,3.1899218559265137,,3.1898276805877686,3.1898276805877686,,,,
254,1784,,,2.6998817920684814,,2.6997876167297363,2.6997876167297363,,,,
,254,,,,,,,,,3.5793886184692383,3.5793886184692383
254,1784,,,,,,,3.5793888568878174,3.5793888568878174,,
254,1784,2.0861196517944336,2.0862138271331787,,2.0861196517944336,,,,,,
255,1785,,,2.46016788482666,,2.460073709487915,2.460073709487915,,,,
255,1786,,,2.4016740322113037,,2.4015798568725586,2.4015798568725586,,,,
255,1787,,,2.025332450866699,,2.025238037109375,2.025238037109375,,,,
255,1788,,,1.9098402261734009,,1.9097459316253662,1.9097459316253662,,,,
255,1789,,,1.4552452564239502,,1.4551509618759155,1.4551509618759155,,,,
255,1790,,,2.5023884773254395,,2.5022940635681152,2.5022940635681152,,,,
255,1791,,,1.2351495027542114,,1.2350550889968872,1.2350550889968872,,,,
,255,,,,,,,,,3.5040664672851562,3.5040664672851562
255,1791,,,,,,,3.5040664672851562,3.5040664672851562,,
255,1791,2.0732905864715576,2.073385000228882,,2.0732905864715576,,,,,,
256,1792,,,2.251809597015381,,2.2517151832580566,2.2517151832580566,,,,
256,1793,,,1.58107328414917,,1.5809788703918457,1.5809788703918457,,,,
256,1794,,,2.8863792419433594,,2.886284828186035,2.886284828186035,,,,
256,1795,,,1.8054317235946655,,1.8053373098373413,1.8053373098373413,,,,
256,1796,,,2.113116979598999,,2.113022565841675,2.113022565841675,,,,
256,1797,,,1.7386707067489624,,1.7385761737823486,1.7385761737823486,,,,
256,1798,,,1.960387945175171,,1.9602934122085571,1.9602934122085571,,,,
,256,,,,,,,,,3.4779202938079834,3.4779202938079834
256,1798,,,,,,,3.4779202938079834,3.4779202938079834,,
256,1798,2.056631326675415,2.0567257404327393,,2.056631326675415,,,,,,
257,1799,,,2.0483055114746094,,2.048211097717285,2.048211097717285,,,,
257,1800,,,1.117988109588623,,1.1178935766220093,1.1178935766220093,,,,
257,1801,,,2.464139223098755,,2.4640445709228516,2.4640445709228516,,,,
257,1802,,,2.4457666873931885,,2.445672035217285,2.445672035217285,,,,
257,1803,,,2.3408617973327637,,2.3407671451568604,2.3407671451568604,,,,
257,1804,,,2.167707681655884,,2.1676130294799805,2.1676130294799805,,,,
257,1805,,,1.1473681926727295,,1.1472735404968262,1.1472735404968262,,,,
,257,,,,,,,,,3.480354070663452,3.480354070663452
257,1805,,,,,,,3.480354070663452,3.480354070663452,,
257,1805,2.0414788722991943,2.0415735244750977,,2.0414788722991943,,,,,,
258,1806,,,2.3790528774261475,,2.378958225250244,2.378958225250244,,,,
258,1807,,,1.6795464754104614,,1.679451823234558,1.679451823234558,,,,
258,1808,,,1.3041436672210693,,1.304049015045166,1.304049015045166,,,,
258,1809,,,2.1320979595184326,,2.1320033073425293,2.1320033073425293,,,,
258,1810,,,1.9666298627853394,,1.966535210609436,1.966535210609436,,,,
258,1811,,,2.1472694873809814,,2.147174835205078,2.147174835205078,,,,
258,1812,,,3.4835519790649414,,3.483457326889038,3.483457326889038,,,,
,258,,,,,,,,,3.501349687576294,3.501349687576294
258,1812,,,,,,,3.501349687576294,3.501349687576294,,
258,1812,2.025799036026001,2.0258936882019043,,2.025799036026001,,,,,,
259,1813,,,1.5328561067581177,,1.5327613353729248,1.5327613353729248,,,,
259,1814,,,1.9550713300704956,,1.9549765586853027,1.9549765586853027,,,,
259,1815,,,2.382776975631714,,2.3826823234558105,2.3826823234558105,,,,
259,1816,,,1.984484076499939,,1.984389305114746,1.984389305114746,,,,
259,1817,,,2.2440788745880127,,2.2439839839935303,2.2439839839935303,,,,
259,1818,,,1.9174374341964722,,1.9173426628112793,1.9173426628112793,,,,
259,1819,,,2.1907131671905518,,2.1906182765960693,2.1906182765960693,,,,
,259,,,,,,,,,3.514997959136963,3.514997959136963
259,1819,,,,,,,3.514997959136963,3.514997959136963,,
259,1819,2.0137438774108887,2.013838768005371,,2.0137438774108887,,,,,,
260,1820,,,1.46880304813385,,1.4687081575393677,1.4687081575393677,,,,
260,1821,,,2.5257649421691895,,2.525670051574707,2.525670051574707,,,,
260,1822,,,1.3705463409423828,,1.3704514503479004,1.3704514503479004,,,,
260,1823,,,2.2933380603790283,,2.293243169784546,2.293243169784546,,,,
260,1824,,,2.262376308441162,,2.2622814178466797,2.2622814178466797,,,,
260,1825,,,1.956404209136963,,1.9563093185424805,1.9563093185424805,,,,
260,1826,,,2.3572020530700684,,2.357107162475586,2.357107162475586,,,,
,260,,,,,,,,,3.483229875564575,3.483229875564575
260,1826,,,,,,,3.483229875564575,3.483229875564575,,
260,1826,2.001659393310547,2.00175404548645,,2.001659393310547,,,,,,
261,1827,,,1.5605825185775757,,1.5604875087738037,1.5604875087738037,,,,
261,1828,,,1.636569619178772,,1.636474609375,1.636474609375,,,,
261,1829,,,2.3604092597961426,,2.36031436920166,2.36031436920166,,,,
261,1830,,,2.764019250869751,,2.7639243602752686,2.7639243602752686,,,,
261,1831,,,2.131941556930542,,2.1318464279174805,2.1318464279174805,,,,
261,1832,,,1.459251880645752,,1.45915687084198,1.45915687084198,,,,
261,1833,,,2.06394362449646,,2.0638484954833984,2.0638484954833984,,,,
,261,,,,,,,,,3.4822983741760254,3.4822983741760254
261,1833,,,,,,,3.4822983741760254,3.4822983741760254,,
261,1833,1.9899839162826538,1.9900790452957153,,1.9899839162826538,,,,,,
262,1834,,,1.202272891998291,,1.202177882194519,1.202177882194519,,,,
262,1835,,,1.6270642280578613,,1.6269690990447998,1.6269690990447998,,,,
262,1836,,,1.6718920469284058,,1.6717969179153442,1.6717969179153442,,,,
262,1837,,,2.375515937805176,,2.3754208087921143,2.3754208087921143,,,,
262,1838,,,2.7711610794067383,,2.7710659503936768,2.7710659503936768,,,,
262,1839,,,2.255676031112671,,2.2555809020996094,2.2555809020996094,,,,
262,1840,,,1.8752588033676147,,1.8751636743545532,1.8751636743545532,,,,
,262,,,,,,,,,3.439155101776123,3.439155101776123
262,1840,,,,,,,3.439155101776123,3.439155101776123,,
262,1840,1.977442741394043,1.977537989616394,,1.977442741394043,,,,,,
263,1841,,,1.6639091968536377,,1.6638140678405762,1.6638140678405762,,,,
263,1842,,,2.4279096126556396,,2.427814483642578,2.427814483642578,,,,
263,1843,,,2.1399543285369873,,2.139859199523926,2.139859199523926,,,,
263,1844,,,2.1371195316314697,,2.137024402618408,2.137024402618408,,,,
263,1845,,,2.219198226928711,,2.2191030979156494,2.2191030979156494,,,,
263,1846,,,1.6163780689239502,,1.6162828207015991,1.6162828207015991,,,,
263,1847,,,0.839675784111023,,0.8395805358886719,0.8395805358886719,,,,
,263,,,,,,,,,3.3901968002319336,3.3901968002319336
263,1847,,,,,,,3.3901965618133545,3.3901965618133545,,
263,1847,1.96372389793396,1.963819146156311,,1.96372389793396,,,,,,
264,1848,,,2.135848045349121,,2.1357526779174805,2.1357526779174805,,,,
264,1849,,,1.7346055507659912,,1.7345103025436401,1.7345103025436401,,,,
264,1850,,,2.7115955352783203,,2.7115001678466797,2.7115001678466797,,,,
264,1851,,,1.8830434083938599,,1.8829480409622192,1.8829480409622192,,,,
264,1852,,,1.5243661403656006,,1.52427077293396,1.52427077293396,,,,
264,1853,,,1.8927217721939087,,1.892626404762268,1.892626404762268,,,,
264,1854,,,1.440614104270935,,1.4405187368392944,1.4405187368392944,,,,
,264,,,,,,,,,3.355302095413208,3.355302095413208
264,1854,,,,,,,3.355302095413208,3.355302095413208,,
264,1854,1.94851815700531,1.9486135244369507,,1.94851815700531,,,,,,
265,1855,,,2.180919647216797,,2.1808242797851562,2.1808242797851562,,,,
265,1856,,,1.7095816135406494,,1.7094862461090088,1.7094862461090088,,,,
265,1857,,,2.2177534103393555,,2.217658042907715,2.217658042907715,,,,
265,1858,,,1.6782712936401367,,1.6781758069992065,1.6781758069992065,,,,
265,1859,,,2.5537452697753906,,2.55364990234375,2.55364990234375,,,,
265,1860,,,1.2796541452407837,,1.2795586585998535,1.2795586585998535,,,,
265,1861,,,1.9459285736083984,,1.9458330869674683,1.9458330869674683,,,,
,265,,,,,,,,,3.294783115386963,3.294783115386963
265,1861,,,,,,,3.294783115386963,3.294783115386963,,
265,1861,1.937104344367981,1.9371997117996216,,1.937104344367981,,,,,,
266,1862,,,1.3124622106552124,,1.3123667240142822,1.3123667240142822,,,,
266,1863,,,2.259939193725586,,2.259843587875366,2.259843587875366,,,,
266,1864,,,1.9552860260009766,,1.9551905393600464,1.9551905393600464,,,,
266,1865,,,1.8431148529052734,,1.8430193662643433,1.8430193662643433,,,,
266,1866,,,2.2883734703063965,,2.2882778644561768,2.2882778644561768,,,,
266,1867,,,1.6749985218048096,,1.6749029159545898,1.6749029159545898,,,,
266,1868,,,2.518242359161377,,2.5181467533111572,2.5181467533111572,,,,
,266,,,,,,,,,3.218945264816284,3.218945264816284
266,1868,,,,,,,3.218945264816284,3.218945264816284,,
266,1868,1.9259461164474487,1.926041603088379,,1.9259461164474487,,,,,,
267,1869,,,2.048164129257202,,2.0480685234069824,2.0480685234069824,,,,
267,1870,,,1.336614727973938,,1.3365191221237183,1.3365191221237183,,,,
267,1871,,,2.4054324626922607,,2.405336856842041,2.405336856842041,,,,
267,1872,,,2.0428519248962402,,2.0427563190460205,2.0427563190460205,,,,
267,1873,,,1.5577852725982666,,1.5576895475387573,1.5576895475387573,,,,
267,1874,,,2.2053539752960205,,2.205258369445801,2.205258369445801,,,,
267,1875,,,1.6287153959274292,,1.62861967086792,1.62861967086792,,,,
,267,,,,,,,,,3.1770355701446533,3.1770355701446533
267,1875,,,,,,,3.1770355701446533,3.1770355701446533,,
267,1875,1.91472327709198,1.9148190021514893,,1.91472327709198,,,,,,
268,1876,,,2.7288105487823486,,2.728714942932129,2.728714942932129,,,,
268,1877,,,1.7349474430084229,,1.7348517179489136,1.7348517179489136,,,,
268,1878,,,1.409557580947876,,1.4094618558883667,1.4094618558883667,,,,
268,1879,,,1.7712182998657227,,1.7711225748062134,1.7711225748062134,,,,
268,1880,,,2.0497493743896484,,2.0496535301208496,2.0496535301208496,,,,
268,1881,,,1.828396201133728,,1.8283003568649292,1.8283003568649292,,,,
268,1882,,,1.5958075523376465,,1.5957117080688477,1.5957117080688477,,,,
,268,,,,,,,,,3.173537492752075,3.173537492752075
268,1882,,,,,,,3.173537492752075,3.173537492752075,,
268,1882,1.901254415512085,1.9013501405715942,,1.901254415512085,,,,,,
269,1883,,,1.8185111284255981,,1.8184152841567993,1.8184152841567993,,,,
269,1884,,,2.292252779006958,,2.292156934738159,2.292156934738159,,,,
269,1885,,,1.6001217365264893,,1.6000258922576904,1.6000258922576904,,,,
269,1886,,,1.9030568599700928,,1.902961015701294,1.902961015701294,,,,
269,1887,,,1.5457466840744019,,1.545650839805603,1.545650839805603,,,,
269,1888,,,1.9042463302612305,,1.9041504859924316,1.9041504859924316,,,,
269,1889,,,2.5576043128967285,,2.5575084686279297,2.5575084686279297,,,,
,269,,,,,,,,,3.1642696857452393,3.1642696857452393
269,1889,,,,,,,3.1642696857452393,3.1642696857452393,,
269,1889,1.8858706951141357,1.8859667778015137,,1.8858706951141357,,,,,,
270,1890,,,2.305227518081665,,2.305131673812866,2.305131673812866,,,,
270,1891,,,1.2702250480651855,,1.2701290845870972,1.2701290845870972,,,,
270,1892,,,2.2130818367004395,,2.2129859924316406,2.2129859924316406,,,,
270,1893,,,0.9725934267044067,,0.9724974632263184,0.9724974632263184,,,,
270,1894,,,2.0114457607269287,,2.011349678039551,2.011349678039551,,,,
270,1895,,,2.2594690322875977,,2.2593729496002197,2.2593729496002197,,,,
270,1896,,,2.392637252807617,,2.3925411701202393,2.3925411701202393,,,,
,270,,,,,,,,,3.114065647125244,3.114065647125244
270,1896,,,,,,,3.114065647125244,3.114065647125244,,
270,1896,1.8711637258529663,1.8712598085403442,,1.8711637258529663,,,,,,
271,1897,,,2.0154261589050293,,2.0153300762176514,2.0153300762176514,,,,
271,1898,,,2.0208640098571777,,2.0207679271698,2.0207679271698,,,,
271,1899,,,1.2154384851455688,,1.215342402458191,1.215342402458191,,,,
271,1900,,,2.175898790359497,,2.175802707672119,2.175802707672119,,,,
271,1901,,,1.5641406774520874,,1.5640445947647095,1.5640445947647095,,,,
271,1902,,,1.8961851596832275,,1.8960890769958496,1.8960890769958496,,,,
271,1903,,,2.574911117553711,,2.574815034866333,2.574815034866333,,,,
,271,,,,,,,,,3.1131184101104736,3.1131184101104736
271,1903,,,,,,,3.1131184101104736,3.1131184101104736,,
271,1903,1.859283447265625,1.859379529953003,,1.859283447265625,,,,,,
272,1904,,,1.9393820762634277,,1.9392859935760498,1.9392859935760498,,,,
272,1905,,,1.6302672624588013,,1.6301710605621338,1.6301710605621338,,,,
272,1906,,,1.4460864067077637,,1.4459902048110962,1.4459902048110962,,,,
272,1907,,,1.7136801481246948,,1.7135839462280273,1.7135839462280273,,,,
272,1908,,,2.0378663539886475,,2.0377702713012695,2.0377702713012695,,,,
272,1909,,,2.378024101257324,,2.377927780151367,2.377927780151367,,,,
272,1910,,,1.6570571660995483,,1.6569609642028809,1.6569609642028809,,,,
,272,,,,,,,,,3.1042709350585938,3.1042709350585938
272,1910,,,,,,,3.1042709350585938,3.1042709350585938,,
272,1910,1.8456612825393677,1.845757246017456,,1.8456612825393677,,,,,,
273,1911,,,1.456790566444397,,1.4566943645477295,1.4566943645477295,,,,
273,1912,,,2.1256275177001953,,2.1255311965942383,2.1255311965942383,,,,
273,1913,,,1.7597652673721313,,1.7596689462661743,1.7596689462661743,,,,
273,1914,,,1.5377368927001953,,1.5376405715942383,1.5376405715942383,,,,
273,1915,,,2.2519125938415527,,2.2518162727355957,2.2518162727355957,,,,
273,1916,,,2.002175807952881,,2.002079486846924,2.002079486846924,,,,
273,1917,,,1.5145221948623657,,1.5144258737564087,1.5144258737564087,,,,
,273,,,,,,,,,3.0732243061065674,3.0732243061065674
273,1917,,,,,,,3.0732243061065674,3.0732243061065674,,
273,1917,1.8355042934417725,1.8356006145477295,,1.8355042934417725,,,,,,
274,1918,,,1.8771008253097534,,1.8770045042037964,1.8770045042037964,,,,
274,1919,,,1.0459271669387817,,1.0458308458328247,1.0458308458328247,,,,
274,1920,,,2.0480880737304688,,2.0479917526245117,2.0479917526245117,,,,
274,1921,,,1.8284969329833984,,1.8284004926681519,1.8284004926681519,,,,
274,1922,,,1.6024541854858398,,1.6023577451705933,1.6023577451705933,,,,
274,1923,,,2.318819046020508,,2.318722724914551,2.318722724914551,,,,
274,1924,,,2.436628580093384,,2.4365322589874268,2.4365322589874268,,,,
,274,,,,,,,,,3.04811692237854,3.04811692237854
274,1924,,,,,,,3.04811692237854,3.04811692237854,,
274,1924,1.8249424695968628,1.8250386714935303,,1.8249424695968628,,,,,,
275,1925,,,2.094254493713379,,2.0941579341888428,2.0941579341888428,,,,
275,1926,,,1.872604489326477,,1.8725080490112305,1.8725080490112305,,,,
275,1927,,,1.65491783618927,,1.6548213958740234,1.6548213958740234,,,,
275,1928,,,1.7852660417556763,,1.7851694822311401,1.7851694822311401,,,,
275,1929,,,1.8349361419677734,,1.8348395824432373,1.8348395824432373,,,,
275,1930,,,1.6922892332077026,,1.6921926736831665,1.6921926736831665,,,,
275,1931,,,1.6635318994522095,,1.6634353399276733,1.6634353399276733,,,,
,275,,,,,,,,,2.992496967315674,2.992496967315674
275,1931,,,,,,,2.992496967315674,2.992496967315674,,
275,1931,1.8129377365112305,1.8130340576171875,,1.8129377365112305,,,,,,
276,1932,,,2.2184596061706543,,2.218363046646118,2.218363046646118,,,,
276,1933,,,1.2752985954284668,,1.2752020359039307,1.2752020359039307,,,,
276,1934,,,1.9092838764190674,,1.9091873168945312,1.9091873168945312,,,,
276,1935,,,1.3321036100387573,,1.3320070505142212,1.3320070505142212,,,,
276,1936,,,2.5546650886535645,,2.5545685291290283,2.5545685291290283,,,,
276,1937,,,1.398681879043579,,1.3985852003097534,1.3985852003097534,,,,
276,1938,,,2.158295154571533,,2.158198595046997,2.158198595046997,,,,
,276,,,,,,,,,3.000805377960205,3.000805377960205
276,1938,,,,,,,3.000805377960205,3.000805377960205,,
276,1938,1.8034881353378296,1.8035846948623657,,1.8034881353378296,,,,,,
277,1939,,,2.1118319034576416,,2.1117353439331055,2.1117353439331055,,,,
277,1940,,,1.6358784437179565,,1.6357817649841309,1.6357817649841309,,,,
277,1941,,,1.962411642074585,,1.9623149633407593,1.9623149633407593,,,,
277,1942,,,1.364449381828308,,1.3643527030944824,1.3643527030944824,,,,
277,1943,,,1.9637445211410522,,1.9636478424072266,1.9636478424072266,,,,
277,1944,,,2.0203545093536377,,2.0202577114105225,2.0202577114105225,,,,
277,1945,,,0.9382731914520264,,0.9381764531135559,0.9381764531135559,,,,
,277,,,,,,,,,3.021368980407715,3.021368980407715
277,1945,,,,,,,3.0213687419891357,3.0213687419891357,,
277,1945,1.7897891998291016,1.7898858785629272,,1.7897891998291016,,,,,,
278,1946,,,2.046740770339966,,2.0466439723968506,2.0466439723968506,,,,
278,1947,,,1.8070437908172607,,1.8069469928741455,1.8069469928741455,,,,
278,1948,,,1.5322139263153076,,1.5321171283721924,1.5321171283721924,,,,
278,1949,,,1.7138062715530396,,1.7137094736099243,1.7137094736099243,,,,
278,1950,,,1.331289529800415,,1.3311927318572998,1.3311927318572998,,,,
278,1951,,,1.8635579347610474,,1.8634611368179321,1.8634611368179321,,,,
278,1952,,,2.734787702560425,,2.7346909046173096,2.7346909046173096,,,,
,278,,,,,,,,,3.012725353240967,3.012725353240967
278,1952,,,,,,,3.012725353240967,3.012725353240967,,
278,1952,1.775620460510254,1.7757171392440796,,1.775620460510254,,,,,,
279,1953,,,1.9212114810943604,,1.9211145639419556,1.9211145639419556,,,,
279,1954,,,2.0537328720092773,,2.053636074066162,2.053636074066162,,,,
279,1955,,,1.8632622957229614,,1.8631653785705566,1.8631653785705566,,,,
279,1956,,,1.3301758766174316,,1.3300789594650269,1.3300789594650269,,,,
279,1957,,,1.5761268138885498,,1.576029896736145,1.576029896736145,,,,
279,1958,,,1.4225150346755981,,1.4224181175231934,1.4224181175231934,,,,
279,1959,,,2.824392318725586,,2.8242952823638916,2.8242952823638916,,,,
,279,,,,,,,,,3.0035200119018555,3.0035200119018555
279,1959,,,,,,,3.0035197734832764,3.0035197734832764,,
279,1959,1.760871171951294,1.7609680891036987,,1.760871171951294,,,,,,
280,1960,,,1.3953962326049805,,1.3952991962432861,1.3952991962432861,,,,
280,1961,,,1.4754219055175781,,1.4753248691558838,1.4753248691558838,,,,
280,1962,,,2.621077537536621,,2.6209805011749268,2.6209805011749268,,,,
280,1963,,,1.27818763256073,,1.2780905961990356,1.2780905961990356,,,,
280,1964,,,2.3635144233703613,,2.363417387008667,2.363417387008667,,,,
280,1965,,,1.3293166160583496,,1.3292195796966553,1.3292195796966553,,,,
280,1966,,,1.8147144317626953,,1.814617395401001,1.814617395401001,,,,
,280,,,,,,,,,2.9700863361358643,2.9700863361358643
280,1966,,,,,,,2.9700863361358643,2.9700863361358643,,
280,1966,1.7478924989700317,1.747989535331726,,1.7478924989700317,,,,,,
281,1967,,,2.106285810470581,,2.1061887741088867,2.1061887741088867,,,,
281,1968,,,2.177776575088501,,2.1776795387268066,2.1776795387268066,,,,
281,1969,,,1.3864339590072632,,1.3863368034362793,1.3863368034362793,,,,
281,1970,,,1.4808502197265625,,1.4807530641555786,1.4807530641555786,,,,
281,1971,,,1.514709711074829,,1.5146125555038452,1.5146125555038452,,,,
281,1972,,,1.6529160737991333,,1.6528189182281494,1.6528189182281494,,,,
281,1973,,,1.9982447624206543,,1.9981476068496704,1.9981476068496704,,,,
,281,,,,,,,,,2.9382052421569824,2.9382052421569824
281,1973,,,,,,,2.9382052421569824,2.9382052421569824,,
281,1973,1.7361090183258057,1.7362061738967896,,1.7361090183258057,,,,,,
282,1974,,,0.9361210465431213,,0.9360238313674927,0.9360238313674927,,,,
282,1975,,,2.063356876373291,,2.0632596015930176,2.0632596015930176,,,,
282,1976,,,1.8533681631088257,,1.8532708883285522,1.8532708883285522,,,,
282,1977,,,2.550846815109253,,2.5507495403289795,2.5507495403289795,,,,
282,1978,,,1.5580681562423706,,1.5579708814620972,1.5579708814620972,,,,
282,1979,,,1.7316715717315674,,1.731574296951294,1.731574296951294,,,,
282,1980,,,0.8194101452827454,,0.8193128705024719,0.8193128705024719,,,,
,282,,,,,,,,,2.9069647789001465,2.9069647789001465
282,1980,,,,,,,2.9069647789001465,2.9069647789001465,,
282,1980,1.7255045175552368,1.7256017923355103,,1.7255045175552368,,,,,,
283,1981,,,1.5929393768310547,,1.5928421020507812,1.5928421020507812,,,,
283,1982,,,2.2243268489837646,,2.224229574203491,2.224229574203491,,,,
283,1983,,,1.4117107391357422,,1.4116134643554688,1.4116134643554688,,,,
283,1984,,,1.5991649627685547,,1.5990675687789917,1.5990675687789917,,,,
283,1985,,,1.710198163986206,,1.710100769996643,1.710100769996643,,,,
283,1986,,,1.9625197649002075,,1.9624223709106445,1.9624223709106445,,,,
283,1987,,,1.1444692611694336,,1.1443718671798706,1.1443718671798706,,,,
,283,,,,,,,,,2.8969147205352783,2.8969147205352783
283,1987,,,,,,,2.8969147205352783,2.8969147205352783,,
283,1987,1.7144181728363037,1.7145155668258667,,1.7144181728363037,,,,,,
284,1988,,,1.3583154678344727,,1.3582180738449097,1.3582180738449097,,,,
284,1989,,,1.7210028171539307,,1.7209054231643677,1.7209054231643677,,,,
284,1990,,,1.370573878288269,,1.370476484298706,1.370476484298706,,,,
284,1991,,,1.4108521938323975,,1.4107547998428345,1.4107547998428345,,,,
284,1992,,,2.010082244873047,,2.0099847316741943,2.0099847316741943,,,,
284,1993,,,2.2871668338775635,,2.287069320678711,2.287069320678711,,,,
284,1994,,,1.803871512413025,,1.8037739992141724,1.8037739992141724,,,,
,284,,,,,,,,,2.8289566040039062,2.8289566040039062
284,1994,,,,,,,2.8289566040039062,2.8289566040039062,,
284,1994,1.6994234323501587,1.6995208263397217,,1.6994234323501587,,,,,,
285,1995,,,1.4289973974227905,,1.428899884223938,1.428899884223938,,,,
285,1996,,,1.8090015649795532,,1.8089040517807007,1.8089040517807007,,,,
285,1997,,,2.2354323863983154,,2.235334873199463,2.235334873199463,,,,
285,1998,,,1.3864346742630005,,1.386337161064148,1.386337161064148,,,,
285,1999,,,1.5358885526657104,,1.535791039466858,1.535791039466858,,,,
285,2000,,,1.7769355773925781,,1.776837944984436,1.776837944984436,,,,
285,2001,,,1.4769558906555176,,1.4768582582473755,1.4768582582473755,,,,
,285,,,,,,,,,2.7752459049224854,2.7752459049224854
285,2001,,,,,,,2.7752459049224854,2.7752459049224854,,
285,2001,1.6824984550476074,1.68259596824646,,1.6824984550476074,,,,,,
286,2002,,,1.5259253978729248,,1.5258277654647827,1.5258277654647827,,,,
286,2003,,,1.8898556232452393,,1.8897579908370972,1.8897579908370972,,,,
286,2004,,,1.5907278060913086,,1.5906301736831665,1.5906301736831665,,,,
286,2005,,,2.2756574153900146,,2.275559663772583,2.275559663772583,,,,
286,2006,,,1.3960258960723877,,1.3959282636642456,1.3959282636642456,,,,
286,2007,,,1.2399898767471313,,1.2398921251296997,1.2398921251296997,,,,
286,2008,,,1.9426836967468262,,1.9425859451293945,1.9425859451293945,,,,
,286,,,,,,,,,2.7624287605285645,2.7624287605285645
286,2008,,,,,,,2.7624287605285645,2.7624287605285645,,
286,2008,1.6699711084365845,1.6700687408447266,,1.6699711084365845,,,,,,
287,2009,,,1.25243079662323,,1.2523330450057983,1.2523330450057983,,,,
287,2010,,,2.1477439403533936,,2.147646188735962,2.147646188735962,,,,
287,2011,,,1.7872892618179321,,1.7871915102005005,1.7871915102005005,,,,
287,2012,,,1.8858898878097534,,1.8857921361923218,1.8857921361923218,,,,
287,2013,,,2.002501964569092,,2.00240421295166,2.00240421295166,,,,
287,2014,,,1.3019697666168213,,1.3018720149993896,1.3018720149993896,,,,
287,2015,,,0.479496031999588,,0.4793982207775116,0.4793982207775116,,,,
,287,,,,,,,,,2.740222454071045,2.740222454071045
287,2015,,,,,,,2.740222454071045,2.740222454071045,,
287,2015,1.656002163887024,1.656099796295166,,1.656002163887024,,,,,,
288,2016,,,2.180494785308838,,2.1803970336914062,2.1803970336914062,,,,
288,2017,,,1.75653076171875,,1.7564328908920288,1.7564328908920288,,,,
288,2018,,,1.4199961423873901,,1.419898271560669,1.419898271560669,,,,
288,2019,,,1.5831084251403809,,1.5830105543136597,1.5830105543136597,,,,
288,2020,,,1.5740571022033691,,1.573959231376648,1.573959231376648,,,,
288,2021,,,1.325430989265442,,1.3253331184387207,1.3253331184387207,,,,
288,2022,,,1.7059012651443481,,1.705803394317627,1.705803394317627,,,,
,288,,,,,,,,,2.7105729579925537,2.7105729579925537
288,2022,,,,,,,2.7105729579925537,2.7105729579925537,,
288,2022,1.6437188386917114,1.643816590309143,,1.6437188386917114,,,,,,
289,2023,,,1.9356011152267456,,1.9355031251907349,1.9355031251907349,,,,
289,2024,,,2.0274569988250732,,2.0273590087890625,2.0273590087890625,,,,
289,2025,,,1.8746559619903564,,1.8745579719543457,1.8745579719543457,,,,
289,2026,,,1.4764697551727295,,1.4763717651367188,1.4763717651367188,,,,
289,2027,,,1.2280656099319458,,1.227967619895935,1.227967619895935,,,,
289,2028,,,1.2858262062072754,,1.2857282161712646,1.2857282161712646,,,,
289,2029,,,1.5071873664855957,,1.507089376449585,1.507089376449585,,,,
,289,,,,,,,,,2.6573235988616943,2.6573235988616943
289,2029,,,,,,,2.6573235988616943,2.6573235988616943,,
289,2029,1.6302191019058228,1.630316972732544,,1.6302191019058228,,,,,,
290,2030,,,1.5010067224502563,,1.5009087324142456,1.5009087324142456,,,,
290,2031,,,1.9011759757995605,,1.9010778665542603,1.9010778665542603,,,,
290,2032,,,1.8449475765228271,,1.8448494672775269,1.8448494672775269,,,,
290,2033,,,1.686883807182312,,1.6867856979370117,1.6867856979370117,,,,
290,2034,,,1.5622185468673706,,1.5621204376220703,1.5621204376220703,,,,
290,2035,,,1.32169771194458,,1.3215996026992798,1.3215996026992798,,,,
290,2036,,,1.3383108377456665,,1.3382127285003662,1.3382127285003662,,,,
,290,,,,,,,,,2.6535542011260986,2.6535542011260986
290,2036,,,,,,,2.6535542011260986,2.6535542011260986,,
290,2036,1.6186938285827637,1.6187915802001953,,1.6186938285827637,,,,,,
291,2037,,,1.4694750308990479,,1.4693769216537476,1.4693769216537476,,,,
291,2038,,,1.7943240404129028,,1.7942259311676025,1.7942259311676025,,,,
291,2039,,,1.4386965036392212,,1.4385982751846313,1.4385982751846313,,,,
291,2040,,,1.6229172945022583,,1.6228190660476685,1.6228190660476685,,,,
291,2041,,,1.1933698654174805,,1.1932716369628906,1.1932716369628906,,,,
291,2042,,,1.8020323514938354,,1.8019341230392456,1.8019341230392456,,,,
291,2043,,,2.497685194015503,,2.497586965560913,2.497586965560913,,,,
,291,,,,,,,,,2.645881414413452,2.645881414413452
291,2043,,,,,,,2.645881414413452,2.645881414413452,,
291,2043,1.6089130640029907,1.6090112924575806,,1.6089130640029907,,,,,,
292,2044,,,1.9607813358306885,,1.9606831073760986,1.9606831073760986,,,,
292,2045,,,2.7498669624328613,,2.7497687339782715,2.7497687339782715,,,,
292,2046,,,0.7316452860832214,,0.7315469980239868,0.7315469980239868,,,,
292,2047,,,1.3206697702407837,,1.3205714225769043,1.3205714225769043,,,,
292,2048,,,1.6938306093215942,,1.6937322616577148,1.6937322616577148,,,,
292,2049,,,1.1037490367889404,,1.103650689125061,1.103650689125061,,,,
292,2050,,,1.703824520111084,,1.7037261724472046,1.7037261724472046,,,,
,292,,,,,,,,,2.610097646713257,2.610097646713257
292,2050,,,,,,,2.610097646713257,2.610097646713257,,
292,2050,1.5998196601867676,1.599918007850647,,1.5998196601867676,,,,,,
293,2051,,,1.8050674200057983,,1.804969072341919,1.804969072341919,,,,
293,2052,,,1.4556257724761963,,1.455527424812317,1.455527424812317,,,,
293,2053,,,1.784532070159912,,1.7844337224960327,1.7844337224960327,,,,
293,2054,,,1.5374300479888916,,1.5373317003250122,1.5373317003250122,,,,
293,2055,,,1.1361610889434814,,1.1360626220703125,1.1360626220703125,,,,
293,2056,,,1.6620662212371826,,1.6619677543640137,1.6619677543640137,,,,
293,2057,,,2.0172736644744873,,2.0171751976013184,2.0171751976013184,,,,
,293,,,,,,,,,2.5590803623199463,2.5590803623199463
293,2057,,,,,,,2.5590803623199463,2.5590803623199463,,
293,2057,1.590075969696045,1.5901740789413452,,1.590075969696045,,,,,,
294,2058,,,1.9174033403396606,,1.9173048734664917,1.9173048734664917,,,,
294,2059,,,1.102856159210205,,1.1027576923370361,1.1027576923370361,,,,
294,2060,,,2.2616775035858154,,2.2615790367126465,2.2615790367126465,,,,
294,2061,,,1.6356589794158936,,1.6355605125427246,1.6355605125427246,,,,
294,2062,,,1.4363611936569214,,1.436262607574463,1.436262607574463,,,,
294,2063,,,1.4139699935913086,,1.41387140750885,1.41387140750885,,,,
294,2064,,,0.841895580291748,,0.8417969942092896,0.8417969942092896,,,,
,294,,,,,,,,,2.5180423259735107,2.5180423259735107
294,2064,,,,,,,2.5180423259735107,2.5180423259735107,,
294,2064,1.581648588180542,1.5817471742630005,,1.581648588180542,,,,,,
295,2065,,,1.2534252405166626,,1.253326654434204,1.253326654434204,,,,
295,2066,,,1.6597192287445068,,1.6596206426620483,1.6596206426620483,,,,
295,2067,,,1.7928327322006226,,1.792734146118164,1.792734146118164,,,,
295,2068,,,1.5875184535980225,,1.587419867515564,1.587419867515564,,,,
295,2069,,,1.6932930946350098,,1.6931945085525513,1.6931945085525513,,,,
295,2070,,,1.4786726236343384,,1.4785739183425903,1.4785739183425903,,,,
295,2071,,,1.4717599153518677,,1.4716612100601196,1.4716612100601196,,,,
,295,,,,,,,,,2.4761364459991455,2.4761364459991455
295,2071,,,,,,,2.4761364459991455,2.4761364459991455,,
295,2071,1.571253776550293,1.571352481842041,,1.571253776550293,,,,,,
296,2072,,,1.5664280652999878,,1.5663293600082397,1.5663293600082397,,,,
296,2073,,,1.7434715032577515,,1.7433727979660034,1.7433727979660034,,,,
296,2074,,,1.3715425729751587,,1.3714438676834106,1.3714438676834106,,,,
296,2075,,,2.307603359222412,,2.307504653930664,2.307504653930664,,,,
296,2076,,,1.1565845012664795,,1.1564857959747314,1.1564857959747314,,,,
296,2077,,,1.313173532485962,,1.3130748271942139,1.3130748271942139,,,,
296,2078,,,1.3435277938842773,,1.3434289693832397,1.3434289693832397,,,,
,296,,,,,,,,,2.4526448249816895,2.4526448249816895
296,2078,,,,,,,2.4526448249816895,2.4526448249816895,,
296,2078,1.5626662969589233,1.5627648830413818,,1.5626662969589233,,,,,,
297,2079,,,1.4259161949157715,,1.4258173704147339,1.4258173704147339,,,,
297,2080,,,1.5210024118423462,,1.5209035873413086,1.5209035873413086,,,,
297,2081,,,1.8357340097427368,,1.8356351852416992,1.8356351852416992,,,,
297,2082,,,1.7038081884384155,,1.703709363937378,1.703709363937378,,,,
297,2083,,,1.352161169052124,,1.3520623445510864,1.3520623445510864,,,,
297,2084,,,1.7343021631240845,,1.7342033386230469,1.7342033386230469,,,,
297,2085,,,0.8661531209945679,,0.8660542368888855,0.8660542368888855,,,,
,297,,,,,,,,,2.446263313293457,2.446263313293457
297,2085,,,,,,,2.446263551712036,2.446263551712036,,
297,2085,1.552486538887024,1.5525853633880615,,1.552486538887024,,,,,,
298,2086,,,1.5069552659988403,,1.5068563222885132,1.5068563222885132,,,,
298,2087,,,1.6850175857543945,,1.6849186420440674,1.6849186420440674,,,,
298,2088,,,1.3019510507583618,,1.3018521070480347,1.3018521070480347,,,,
298,2089,,,2.2585976123809814,,2.2584986686706543,2.2584986686706543,,,,
298,2090,,,1.6085240840911865,,1.6084251403808594,1.6084251403808594,,,,
298,2091,,,0.8003168106079102,,0.800217866897583,0.800217866897583,,,,
298,2092,,,1.801214575767517,,1.80111563205719,1.80111563205719,,,,
,298,,,,,,,,,2.452768564224243,2.452768564224243
298,2092,,,,,,,2.452768564224243,2.452768564224243,,
298,2092,1.542931318283081,1.5430302619934082,,1.542931318283081,,,,,,
299,2093,,,1.7338190078735352,,1.733720064163208,1.733720064163208,,,,
299,2094,,,1.2916733026504517,,1.291574239730835,1.291574239730835,,,,
299,2095,,,1.8156296014785767,,1.81553053855896,1.81553053855896,,,,
299,2096,,,1.4298173189163208,,1.429718255996704,1.429718255996704,,,,
299,2097,,,1.4315547943115234,,1.4314557313919067,1.4314557313919067,,,,
299,2098,,,1.6297547817230225,,1.6296557188034058,1.6296557188034058,,,,
299,2099,,,1.187943935394287,,1.1878448724746704,1.1878448724746704,,,,
,299,,,,,,,,,2.410429000854492,2.410429000854492
299,2099,,,,,,,2.410429000854492,2.410429000854492,,
299,2099,1.53366219997406,1.5337612628936768,,1.53366219997406,,,,,,
300,2100,,,1.3522084951400757,,1.352109432220459,1.352109432220459,,,,
300,2101,,,1.8869789838790894,,1.8868799209594727,1.8868799209594727,,,,
300,2102,,,1.9614472389221191,,1.961348056793213,1.961348056793213,,,,
300,2103,,,1.1086719036102295,,1.1085727214813232,1.1085727214813232,,,,
300,2104,,,0.9557903409004211,,0.9556911587715149,0.9556911587715149,,,,
300,2105,,,1.8477448225021362,,1.84764564037323,1.84764564037323,,,,
300,2106,,,1.6263856887817383,,1.626286506652832,1.626286506652832,,,,
,300,,,,,,,,,2.3958182334899902,2.3958182334899902
300,2106,,,,,,,2.3958182334899902,2.3958182334899902,,
300,2106,1.525036096572876,1.5251352787017822,,1.525036096572876,,,,,,
301,2107,,,1.6236835718154907,,1.6235843896865845,1.6235843896865845,,,,
301,2108,,,1.3423542976379395,,1.3422551155090332,1.3422551155090332,,,,
301,2109,,,2.087800979614258,,2.0877017974853516,2.0877017974853516,,,,
301,2110,,,2.2048442363739014,,2.204745054244995,2.204745054244995,,,,
301,2111,,,0.850758969783783,,0.8506596684455872,0.8506596684455872,,,,
301,2112,,,1.250370740890503,,1.2502714395523071,1.2502714395523071,,,,
301,2113,,,0.8492633104324341,,0.8491640090942383,0.8491640090942383,,,,
,301,,,,,,,,,2.3734562397003174,2.3734562397003174
301,2113,,,,,,,2.3734562397003174,2.3734562397003174,,
301,2113,1.5180634260177612,1.5181626081466675,,1.5180634260177612,,,,,,
302,2114,,,1.8169353008270264,,1.8168359994888306,1.8168359994888306,,,,
302,2115,,,1.4657697677612305,,1.4656704664230347,1.4656704664230347,,,,
302,2116,,,1.4068617820739746,,1.4067624807357788,1.4067624807357788,,,,
302,2117,,,0.6988719701766968,,0.6987726092338562,0.6987726092338562,,,,
302,2118,,,1.728163242340088,,1.7280638217926025,1.7280638217926025,,,,
302,2119,,,2.1539597511291504,,2.153860330581665,2.153860330581665,,,,
302,2120,,,0.9101332426071167,,0.9100338220596313,0.9100338220596313,,,,
,302,,,,,,,,,2.3751394748687744,2.3751394748687744
302,2120,,,,,,,2.3751394748687744,2.3751394748687744,,
302,2120,1.5076435804367065,1.5077428817749023,,1.5076435804367065,,,,,,
303,2121,,,1.8811639547348022,,1.881064534187317,1.881064534187317,,,,
303,2122,,,1.4320619106292725,,1.431962490081787,1.431962490081787,,,,
303,2123,,,1.8142973184585571,,1.8141978979110718,1.8141978979110718,,,,
303,2124,,,1.093873381614685,,1.0937739610671997,1.0937739610671997,,,,
303,2125,,,1.4244511127471924,,1.424351692199707,1.424351692199707,,,,
303,2126,,,1.5531961917877197,,1.5530967712402344,1.5530967712402344,,,,
303,2127,,,0.949972927570343,,0.9498734474182129,0.9498734474182129,,,,
,303,,,,,,,,,2.3640623092651367,2.3640623092651367
303,2127,,,,,,,2.3640620708465576,2.3640620708465576,,
303,2127,1.4987685680389404,1.4988679885864258,,1.4987685680389404,,,,,,
304,2128,,,1.1669198274612427,,1.1668202877044678,1.1668202877044678,,,,
304,2129,,,1.9185086488723755,,1.9184091091156006,1.9184091091156006,,,,
304,2130,,,1.8151304721832275,,1.8150309324264526,1.8150309324264526,,,,
304,2131,,,1.0414259433746338,,1.0413264036178589,1.0413264036178589,,,,
304,2132,,,1.395897388458252,,1.395797848701477,1.395797848701477,,,,
304,2133,,,1.6396617889404297,,1.6395622491836548,1.6395622491836548,,,,
304,2134,,,1.3856611251831055,,1.3855615854263306,1.3855615854263306,,,,
,304,,,,,,,,,2.3634731769561768,2.3634731769561768
304,2134,,,,,,,2.3634731769561768,2.3634731769561768,,
304,2134,1.489652156829834,1.4897518157958984,,1.489652156829834,,,,,,
305,2135,,,1.1059294939041138,,1.1058298349380493,1.1058298349380493,,,,
305,2136,,,1.6539390087127686,,1.653839349746704,1.653839349746704,,,,
305,2137,,,0.9497556090354919,,0.9496559500694275,0.9496559500694275,,,,
305,2138,,,2.1210238933563232,,2.120924234390259,2.120924234390259,,,,
305,2139,,,1.6476413011550903,,1.6475416421890259,1.6475416421890259,,,,
305,2140,,,1.505696415901184,,1.5055967569351196,1.5055967569351196,,,,
305,2141,,,1.2258762121200562,,1.2257765531539917,1.2257765531539917,,,,
,305,,,,,,,,,2.3237740993499756,2.3237740993499756
305,2141,,,,,,,2.3237740993499756,2.3237740993499756,,
305,2141,1.4812633991241455,1.48136305809021,,1.4812633991241455,,,,,,
306,2142,,,1.304909110069275,,1.3048094511032104,1.3048094511032104,,,,
306,2143,,,0.8858015537261963,,0.8857018351554871,0.8857018351554871,,,,
306,2144,,,1.718461036682129,,1.718361258506775,1.718361258506775,,,,
306,2145,,,1.623255729675293,,1.623155951499939,1.623155951499939,,,,
306,2146,,,1.6329989433288574,,1.6328991651535034,1.6328991651535034,,,,
306,2147,,,1.8099452257156372,,1.8098454475402832,1.8098454475402832,,,,
306,2148,,,1.0787519216537476,,1.0786521434783936,1.0786521434783936,,,,
,306,,,,,,,,,2.294783115386963,2.294783115386963
306,2148,,,,,,,2.294783115386963,2.294783115386963,,
306,2148,1.4712576866149902,1.4713574647903442,,1.4712576866149902,,,,,,
307,2149,,,1.532483696937561,,1.532383918762207,1.532383918762207,,,,
307,2150,,,1.745008945465088,,1.7449091672897339,1.7449091672897339,,,,
307,2151,,,1.0664823055267334,,1.0663824081420898,1.0663824081420898,,,,
307,2152,,,1.6186268329620361,,1.6185269355773926,1.6185269355773926,,,,
307,2153,,,1.6088240146636963,,1.6087241172790527,1.6087241172790527,,,,
307,2154,,,1.2904990911483765,,1.290399193763733,1.290399193763733,,,,
307,2155,,,1.1880528926849365,,1.187952995300293,1.187952995300293,,,,
,307,,,,,,,,,2.279498338699341,2.279498338699341
307,2155,,,,,,,2.279498338699341,2.279498338699341,,
307,2155,1.4598915576934814,1.4599910974502563,,1.4598915576934814,,,,,,
308,2156,,,1.5450031757354736,,1.54490327835083,1.54490327835083,,,,
308,2157,,,2.293635129928589,,2.2935352325439453,2.2935352325439453,,,,
308,2158,,,1.4971966743469238,,1.4970967769622803,1.4970967769622803,,,,
308,2159,,,1.1507598161697388,,1.1506597995758057,1.1506597995758057,,,,
308,2160,,,1.3355960845947266,,1.3354960680007935,1.3354960680007935,,,,
308,2161,,,0.8542619943618774,,0.8541619777679443,0.8541619777679443,,,,
308,2162,,,1.4800596237182617,,1.4799596071243286,1.4799596071243286,,,,
,308,,,,,,,,,2.2843844890594482,2.2843844890594482
308,2162,,,,,,,2.2843844890594482,2.2843844890594482,,
308,2162,1.4479745626449585,1.448074460029602,,1.4479745626449585,,,,,,
309,2163,,,1.331421136856079,,1.331321120262146,1.331321120262146,,,,
309,2164,,,1.64847731590271,,1.6483772993087769,1.6483772993087769,,,,
309,2165,,,1.4627803564071655,,1.4626803398132324,1.4626803398132324,,,,
309,2166,,,1.7864127159118652,,1.7863126993179321,1.7863126993179321,,,,
309,2167,,,1.4099524021148682,,1.4098522663116455,1.4098522663116455,,,,
309,2168,,,1.288643479347229,,1.2885433435440063,1.2885433435440063,,,,
309,2169,,,0.5992518663406372,,0.5991517305374146,0.5991517305374146,,,,
,309,,,,,,,,,2.2749252319335938,2.2749252319335938
309,2169,,,,,,,2.2749252319335938,2.2749252319335938,,
309,2169,1.4355716705322266,1.4356716871261597,,1.4355716705322266,,,,,,
310,2170,,,0.9739580154418945,,0.9738578796386719,0.9738578796386719,,,,
310,2171,,,1.7931994199752808,,1.793099284172058,1.793099284172058,,,,
310,2172,,,1.1166632175445557,,1.116563081741333,1.116563081741333,,,,
310,2173,,,1.6707931756973267,,1.670693039894104,1.670693039894104,,,,
310,2174,,,1.4369821548461914,,1.4368820190429688,1.4368820190429688,,,,
310,2175,,,1.5264194011688232,,1.526319146156311,1.526319146156311,,,,
310,2176,,,1.5121471881866455,,1.5120469331741333,1.5120469331741333,,,,
,310,,,,,,,,,2.2877767086029053,2.2877767086029053
310,2176,,,,,,,2.2877767086029053,2.2877767086029053,,
310,2176,1.42500901222229,1.4251092672348022,,1.42500901222229,,,,,,
311,2177,,,1.6733559370040894,,1.6732556819915771,1.6732556819915771,,,,
311,2178,,,1.2464908361434937,,1.2463905811309814,1.2463905811309814,,,,
311,2179,,,1.707543969154358,,1.7074437141418457,1.7074437141418457,,,,
311,2180,,,1.6119308471679688,,1.6118305921554565,1.6118305921554565,,,,
311,2181,,,0.9001510143280029,,0.900050699710846,0.900050699710846,,,,
311,2182,,,1.3068403005599976,,1.3067400455474854,1.3067400455474854,,,,
311,2183,,,1.558998465538025,,1.5588980913162231,1.5588980913162231,,,,
,311,,,,,,,,,2.299075126647949,2.299075126647949
311,2183,,,,,,,2.29907488822937,2.29907488822937,,
311,2183,1.4165173768997192,1.4166176319122314,,1.4165173768997192,,,,,,
312,2184,,,1.7204309701919556,,1.7203305959701538,1.7203305959701538,,,,
312,2185,,,1.7813667058944702,,1.7812663316726685,1.7812663316726685,,,,
312,2186,,,1.1476465463638306,,1.1475461721420288,1.1475461721420288,,,,
312,2187,,,1.5142103433609009,,1.5141099691390991,1.5141099691390991,,,,
312,2188,,,0.9119213223457336,,0.9118209481239319,0.9118209481239319,,,,
312,2189,,,1.576825499534607,,1.5767251253128052,1.5767251253128052,,,,
312,2190,,,0.8596327900886536,,0.859532356262207,0.859532356262207,,,,
,312,,,,,,,,,2.3056623935699463,2.3056623935699463
312,2190,,,,,,,2.3056623935699463,2.3056623935699463,,
312,2190,1.4077056646347046,1.4078059196472168,,1.4077056646347046,,,,,,
313,2191,,,0.7794922590255737,,0.7793918251991272,0.7793918251991272,,,,
313,2192,,,2.2823126316070557,,2.282212257385254,2.282212257385254,,,,
313,2193,,,1.8325653076171875,,1.8324648141860962,1.8324648141860962,,,,
313,2194,,,1.1606351137161255,,1.1605346202850342,1.1605346202850342,,,,
313,2195,,,1.1284254789352417,,1.1283249855041504,1.1283249855041504,,,,
313,2196,,,1.4748785495758057,,1.4747780561447144,1.4747780561447144,,,,
313,2197,,,0.6583225131034851,,0.658221960067749,0.658221960067749,,,,
,313,,,,,,,,,2.285501718521118,2.285501718521118
313,2197,,,,,,,2.285501718521118,2.285501718521118,,
313,2197,1.3967905044555664,1.3968909978866577,,1.3967905044555664,,,,,,
314,2198,,,1.3206571340560913,,1.320556640625,1.320556640625,,,,
314,2199,,,0.9696168303489685,,0.9695162773132324,0.9695162773132324,,,,
314,2200,,,1.1871154308319092,,1.1870148181915283,1.1870148181915283,,,,
314,2201,,,1.7247337102890015,,1.7246330976486206,1.7246330976486206,,,,
314,2202,,,1.4510366916656494,,1.4509360790252686,1.4509360790252686,,,,
314,2203,,,1.7545104026794434,,1.7544097900390625,1.7544097900390625,,,,
314,2204,,,1.1224018335342407,,1.1223012208938599,1.1223012208938599,,,,
,314,,,,,,,,,2.2581558227539062,2.2581558227539062
314,2204,,,,,,,2.2581558227539062,2.2581558227539062,,
314,2204,1.3847732543945312,1.3848739862442017,,1.3847732543945312,,,,,,
315,2205,,,1.3878592252731323,,1.3877586126327515,1.3877586126327515,,,,
315,2206,,,1.565847635269165,,1.5657469034194946,1.5657469034194946,,,,
315,2207,,,0.9294386506080627,,0.9293379783630371,0.9293379783630371,,,,
315,2208,,,1.8999284505844116,,1.8998277187347412,1.8998277187347412,,,,
315,2209,,,0.8931699395179749,,0.8930692076683044,0.8930692076683044,,,,
315,2210,,,0.9194543361663818,,0.9193536043167114,0.9193536043167114,,,,
315,2211,,,3.1043803691864014,,3.1042795181274414,3.1042795181274414,,,,
,315,,,,,,,,,2.2365689277648926,2.2365689277648926
315,2211,,,,,,,2.2365689277648926,2.2365689277648926,,
315,2211,1.373991847038269,1.374092698097229,,1.373991847038269,,,,,,
316,2212,,,1.5001877546310425,,1.500087022781372,1.500087022781372,,,,
316,2213,,,1.464287519454956,,1.4641867876052856,1.4641867876052856,,,,
316,2214,,,1.0028362274169922,,1.0027353763580322,1.0027353763580322,,,,
316,2215,,,1.0155490636825562,,1.0154482126235962,1.0154482126235962,,,,
316,2216,,,1.7371269464492798,,1.7370260953903198,1.7370260953903198,,,,
316,2217,,,1.3515816926956177,,1.3514808416366577,1.3514808416366577,,,,
316,2218,,,1.7126222848892212,,1.7125214338302612,1.7125214338302612,,,,
,316,,,,,,,,,2.2070982456207275,2.2070982456207275
316,2218,,,,,,,2.2070982456207275,2.2070982456207275,,
316,2218,1.3667702674865723,1.3668709993362427,,1.3667702674865723,,,,,,
317,2219,,,1.2164100408554077,,1.2163091897964478,1.2163091897964478,,,,
317,2220,,,0.8597884774208069,,0.8596875667572021,0.8596875667572021,,,,
317,2221,,,1.083919644355774,,1.083818793296814,1.083818793296814,,,,
317,2222,,,1.6894820928573608,,1.6893812417984009,1.6893812417984009,,,,
317,2223,,,1.4750871658325195,,1.47498619556427,1.47498619556427,,,,
317,2224,,,2.0141048431396484,,2.0140039920806885,2.0140039920806885,,,,
317,2225,,,0.8800523281097412,,0.8799513578414917,0.8799513578414917,,,,
,317,,,,,,,,,2.1969916820526123,2.1969916820526123
317,2225,,,,,,,2.1969916820526123,2.1969916820526123,,
317,2225,1.359712839126587,1.3598138093948364,,1.359712839126587,,,,,,
318,2226,,,0.8340156674385071,,0.8339146971702576,0.8339146971702576,,,,
318,2227,,,1.1465507745742798,,1.1464498043060303,1.1464498043060303,,,,
318,2228,,,1.7067631483078003,,1.7066621780395508,1.7066621780395508,,,,
318,2229,,,0.9273963570594788,,0.9272953271865845,0.9272953271865845,,,,
318,2230,,,1.6615650653839111,,1.661463975906372,1.661463975906372,,,,
318,2231,,,1.7738107442855835,,1.7737096548080444,1.7737096548080444,,,,
318,2232,,,1.5480895042419434,,1.5479884147644043,1.5479884147644043,,,,
,318,,,,,,,,,2.2263987064361572,2.2263987064361572
318,2232,,,,,,,2.2263987064361572,2.2263987064361572,,
318,2232,1.3537241220474243,1.3538250923156738,,1.3537241220474243,,,,,,
319,2233,,,0.8857161998748779,,0.8856151103973389,0.8856151103973389,,,,
319,2234,,,1.7450721263885498,,1.7449710369110107,1.7449710369110107,,,,
319,2235,,,1.8587040901184082,,1.8586030006408691,1.8586030006408691,,,,
319,2236,,,1.000133752822876,,1.000032663345337,1.000032663345337,,,,
319,2237,,,1.082910180091858,,1.0828090906143188,1.0828090906143188,,,,
319,2238,,,1.527227520942688,,1.5271263122558594,1.5271263122558594,,,,
319,2239,,,1.2787532806396484,,1.2786520719528198,1.2786520719528198,,,,
,319,,,,,,,,,2.22843337059021,2.22843337059021
319,2239,,,,,,,2.22843337059021,2.22843337059021,,
319,2239,1.3456708192825317,1.3457719087600708,,1.3456708192825317,,,,,,
320,2240,,,0.81939697265625,,0.8192957639694214,0.8192957639694214,,,,
320,2241,,,1.3441873788833618,,1.3440861701965332,1.3440861701965332,,,,
320,2242,,,1.4640191793441772,,1.4639179706573486,1.4639179706573486,,,,
320,2243,,,1.4821661710739136,,1.482064962387085,1.482064962387085,,,,
320,2244,,,1.145642638206482,,1.1455414295196533,1.1455414295196533,,,,
320,2245,,,1.5961040258407593,,1.5960028171539307,1.5960028171539307,,,,
320,2246,,,1.8096296787261963,,1.8095284700393677,1.8095284700393677,,,,
,320,,,,,,,,,2.2224326133728027,2.2224326133728027
320,2246,,,,,,,2.2224326133728027,2.2224326133728027,,
320,2246,1.3379580974578857,1.3380591869354248,,1.3379580974578857,,,,,,
321,2247,,,1.089117169380188,,1.0890158414840698,1.0890158414840698,,,,
321,2248,,,1.33085036277771,,1.3307490348815918,1.3307490348815918,,,,
321,2249,,,1.4309033155441284,,1.4308019876480103,1.4308019876480103,,,,
321,2250,,,1.3769794702529907,,1.3768781423568726,1.3768781423568726,,,,
321,2251,,,1.2033836841583252,,1.203282356262207,1.203282356262207,,,,
321,2252,,,1.0390809774398804,,1.0389796495437622,1.0389796495437622,,,,
321,2253,,,2.661367416381836,,2.6612660884857178,2.6612660884857178,,,,
,321,,,,,,,,,2.230570077896118,2.230570077896118
321,2253,,,,,,,2.230570077896118,2.230570077896118,,
321,2253,1.3282638788223267,1.3283652067184448,,1.3282638788223267,,,,,,
322,2254,,,0.7761029601097107,,0.7760015726089478,0.7760015726089478,,,,
322,2255,,,1.7161723375320435,,1.7160708904266357,1.7160708904266357,,,,
322,2256,,,1.3025233745574951,,1.3024219274520874,1.3024219274520874,,,,
322,2257,,,0.9412514567375183,,0.9411500096321106,0.9411500096321106,,,,
322,2258,,,1.1622260808944702,,1.1621246337890625,1.1621246337890625,,,,
322,2259,,,1.8832541704177856,,1.883152723312378,1.883152723312378,,,,
322,2260,,,1.7077487707138062,,1.7076473236083984,1.7076473236083984,,,,
,322,,,,,,,,,2.247122049331665,2.247122049331665
322,2260,,,,,,,2.247122049331665,2.247122049331665,,
322,2260,1.3209866285324097,1.3210879564285278,,1.3209866285324097,,,,,,
323,2261,,,1.1207895278930664,,1.1206880807876587,1.1206880807876587,,,,
323,2262,,,1.45111083984375,,1.4510092735290527,1.4510092735290527,,,,
323,2263,,,1.2601163387298584,,1.2600147724151611,1.2600147724151611,,,,
323,2264,,,1.3531126976013184,,1.353011131286621,1.353011131286621,,,,
323,2265,,,1.6366976499557495,,1.6365960836410522,1.6365960836410522,,,,
323,2266,,,1.0598303079605103,,1.059728741645813,1.059728741645813,,,,
323,2267,,,1.2852025032043457,,1.2851009368896484,1.2851009368896484,,,,
,323,,,,,,,,,2.2386856079101562,2.2386856079101562
323,2267,,,,,,,2.2386856079101562,2.2386856079101562,,
323,2267,1.3118369579315186,1.3119385242462158,,1.3118369579315186,,,,,,
324,2268,,,1.3433146476745605,,1.3432130813598633,1.3432130813598633,,,,
324,2269,,,1.2161986827850342,,1.216097116470337,1.216097116470337,,,,
324,2270,,,1.1285637617111206,,1.1284620761871338,1.1284620761871338,,,,
324,2271,,,1.3644126653671265,,1.3643109798431396,1.3643109798431396,,,,
324,2272,,,1.7683184146881104,,1.7682167291641235,1.7682167291641235,,,,
324,2273,,,1.1136493682861328,,1.113547682762146,1.113547682762146,,,,
324,2274,,,1.0073230266571045,,1.0072213411331177,1.0072213411331177,,,,
,324,,,,,,,,,2.1689789295196533,2.1689789295196533
324,2274,,,,,,,2.1689789295196533,2.1689789295196533,,
324,2274,1.3037735223770142,1.303875207901001,,1.3037735223770142,,,,,,
325,2275,,,2.006772518157959,,2.0066707134246826,2.0066707134246826,,,,
325,2276,,,1.1375212669372559,,1.137419581413269,1.137419581413269,,,,
325,2277,,,1.3085343837738037,,1.3084325790405273,1.3084325790405273,,,,
325,2278,,,1.0776838064193726,,1.0775820016860962,1.0775820016860962,,,,
325,2279,,,1.2738193273544312,,1.2737175226211548,1.2737175226211548,,,,
325,2280,,,0.9772781133651733,,0.977176308631897,0.977176308631897,,,,
325,2281,,,1.2869867086410522,,1.2868849039077759,1.2868849039077759,,,,
,325,,,,,,,,,2.1186084747314453,2.1186084747314453
325,2281,,,,,,,2.1186084747314453,2.1186084747314453,,
325,2281,1.2962478399276733,1.2963497638702393,,1.2962478399276733,,,,,,
326,2282,,,1.3293015956878662,,1.3291997909545898,1.3291997909545898,,,,
326,2283,,,1.0903743505477905,,1.0902725458145142,1.0902725458145142,,,,
326,2284,,,1.211881160736084,,1.2117793560028076,1.2117793560028076,,,,
326,2285,,,1.7993959188461304,,1.7992939949035645,1.7992939949035645,,,,
326,2286,,,1.0858664512634277,,1.0857645273208618,1.0857645273208618,,,,
326,2287,,,1.3131511211395264,,1.3130491971969604,1.3130491971969604,,,,
326,2288,,,1.0294922590255737,,1.0293903350830078,1.0293903350830078,,,,
,326,,,,,,,,,2.080876588821411,2.080876588821411
326,2288,,,,,,,2.080876588821411,2.080876588821411,,
326,2288,1.2886871099472046,1.2887890338897705,,1.2886871099472046,,,,,,
327,2289,,,1.5451757907867432,,1.5450738668441772,1.5450738668441772,,,,
327,2290,,,1.576345443725586,,1.57624351978302,1.57624351978302,,,,
327,2291,,,1.8734201192855835,,1.8733181953430176,1.8733181953430176,,,,
327,2292,,,1.2369405031204224,,1.2368385791778564,1.2368385791778564,,,,
327,2293,,,0.7407348155975342,,0.7406328320503235,0.7406328320503235,,,,
327,2294,,,1.0039992332458496,,1.0038971900939941,1.0038971900939941,,,,
327,2295,,,0.5070362687110901,,0.5069342255592346,0.5069342255592346,,,,
,327,,,,,,,,,2.036044120788574,2.036044120788574
327,2295,,,,,,,2.036044120788574,2.036044120788574,,
327,2295,1.280957579612732,1.2810593843460083,,1.280957579612732,,,,,,
328,2296,,,1.080825686454773,,1.0807236433029175,1.0807236433029175,,,,
328,2297,,,1.1923679113388062,,1.1922658681869507,1.1922658681869507,,,,
328,2298,,,0.814251184463501,,0.8141491413116455,0.8141491413116455,,,,
328,2299,,,1.4675419330596924,,1.467439889907837,1.467439889907837,,,,
328,2300,,,1.2253358364105225,,1.225233793258667,1.225233793258667,,,,
328,2301,,,1.7469868659973145,,1.7468847036361694,1.7468847036361694,,,,
328,2302,,,1.590091347694397,,1.589989185333252,1.589989185333252,,,,
,328,,,,,,,,,1.9888161420822144,1.9888161420822144
328,2302,,,,,,,1.9888161420822144,1.9888161420822144,,
328,2302,1.2741873264312744,1.2742892503738403,,1.2741873264312744,,,,,,
329,2303,,,1.209266185760498,,1.209164023399353,1.209164023399353,,,,
329,2304,,,1.6098017692565918,,1.6096996068954468,1.6096996068954468,,,,
329,2305,,,1.0782663822174072,,1.0781642198562622,1.0781642198562622,,,,
329,2306,,,1.7240327596664429,,1.7239305973052979,1.7239305973052979,,,,
329,2307,,,1.0451791286468506,,1.0450769662857056,1.0450769662857056,,,,
329,2308,,,0.8916786909103394,,0.8915764689445496,0.8915764689445496,,,,
329,2309,,,1.3963336944580078,,1.3962314128875732,1.3962314128875732,,,,
,329,,,,,,,,,1.9680144786834717,1.9680144786834717
329,2309,,,,,,,1.9680144786834717,1.9680144786834717,,
329,2309,1.2676388025283813,1.2677412033081055,,1.2676388025283813,,,,,,
330,2310,,,1.5294773578643799,,1.5293750762939453,1.5293750762939453,,,,
330,2311,,,1.2826018333435059,,1.2824995517730713,1.2824995517730713,,,,
330,2312,,,1.1152316331863403,,1.1151293516159058,1.1151293516159058,,,,
330,2313,,,1.2344344854354858,,1.2343322038650513,1.2343322038650513,,,,
330,2314,,,1.1350265741348267,,1.134924292564392,1.134924292564392,,,,
330,2315,,,0.8527748584747314,,0.8526725172996521,0.8526725172996521,,,,
330,2316,,,2.374727725982666,,2.3746254444122314,2.3746254444122314,,,,
,330,,,,,,,,,1.942360520362854,1.942360520362854
330,2316,,,,,,,1.942360520362854,1.942360520362854,,
330,2316,1.261085033416748,1.2611874341964722,,1.261085033416748,,,,,,
331,2317,,,1.7266026735305786,,1.7265002727508545,1.7265002727508545,,,,
331,2318,,,1.1413990259170532,,1.141296625137329,1.141296625137329,,,,
331,2319,,,1.374725580215454,,1.37462317943573,1.37462317943573,,,,
331,2320,,,0.699951708316803,,0.6998493075370789,0.6998493075370789,,,,
331,2321,,,1.0996202230453491,,1.099517822265625,1.099517822265625,,,,
331,2322,,,1.3889864683151245,,1.3888840675354004,1.3888840675354004,,,,
331,2323,,,1.5302177667617798,,1.5301153659820557,1.5301153659820557,,,,
,331,,,,,,,,,1.9647163152694702,1.9647163152694702
331,2323,,,,,,,1.9647163152694702,1.9647163152694702,,
331,2323,1.255602240562439,1.255704641342163,,1.255602240562439,,,,,,
332,2324,,,0.808578610420227,,0.8084761500358582,0.8084761500358582,,,,
332,2325,,,1.147654414176941,,1.1475518941879272,1.1475518941879272,,,,
332,2326,,,1.2740464210510254,,1.2739439010620117,1.2739439010620117,,,,
332,2327,,,1.3032060861587524,,1.3031035661697388,1.3031035661697388,,,,
332,2328,,,1.4493759870529175,,1.4492734670639038,1.4492734670639038,,,,
332,2329,,,1.631778597831726,,1.6316760778427124,1.6316760778427124,,,,
332,2330,,,0.9062795042991638,,0.9061769843101501,0.9061769843101501,,,,
,332,,,,,,,,,1.9586204290390015,1.9586204290390015
332,2330,,,,,,,1.9586204290390015,1.9586204290390015,,
332,2330,1.2476614713668823,1.2477638721466064,,1.2476614713668823,,,,,,
333,2331,,,1.9909480810165405,,1.9908455610275269,1.9908455610275269,,,,
333,2332,,,0.8747299313545227,,0.8746273517608643,0.8746273517608643,,,,
333,2333,,,1.0552006959915161,,1.055098056793213,1.055098056793213,,,,
333,2334,,,0.8077613115310669,,0.8076587319374084,0.8076587319374084,,,,
333,2335,,,1.2223395109176636,,1.2222368717193604,1.2222368717193604,,,,
333,2336,,,1.5177829265594482,,1.517680287361145,1.517680287361145,,,,
333,2337,,,1.2043671607971191,,1.204264521598816,1.204264521598816,,,,
,333,,,,,,,,,1.959307312965393,1.959307312965393
333,2337,,,,,,,1.959307312965393,1.959307312965393,,
333,2337,1.242313027381897,1.2424156665802002,,1.242313027381897,,,,,,
334,2338,,,0.699780285358429,,0.6996776461601257,0.6996776461601257,,,,
334,2339,,,1.0384198427200317,,1.0383172035217285,1.0383172035217285,,,,
334,2340,,,1.9009591341018677,,1.9008564949035645,1.9008564949035645,,,,
334,2341,,,1.0101350545883179,,1.0100324153900146,1.0100324153900146,,,,
334,2342,,,1.6308164596557617,,1.630713701248169,1.630713701248169,,,,
334,2343,,,1.3570196628570557,,1.356916904449463,1.356916904449463,,,,
334,2344,,,0.6247892379760742,,0.6246864795684814,0.6246864795684814,,,,
,334,,,,,,,,,1.9383301734924316,1.9383301734924316
334,2344,,,,,,,1.9383302927017212,1.9383302927017212,,
334,2344,1.234630823135376,1.2347335815429688,,1.234630823135376,,,,,,
335,2345,,,0.8659296631813049,,0.8658269047737122,0.8658269047737122,,,,
335,2346,,,1.3064242601394653,,1.3063215017318726,1.3063215017318726,,,,
335,2347,,,1.1686241626739502,,1.1685214042663574,1.1685214042663574,,,,
335,2348,,,1.1777499914169312,,1.1776472330093384,1.1776472330093384,,,,
335,2349,,,1.6130644083023071,,1.6129616498947144,1.6129616498947144,,,,
335,2350,,,1.3071104288101196,,1.3070075511932373,1.3070075511932373,,,,
335,2351,,,1.0474063158035278,,1.0473034381866455,1.0473034381866455,,,,
,335,,,,,,,,,1.9111123085021973,1.9111123085021973
335,2351,,,,,,,1.9111124277114868,1.9111124277114868,,
335,2351,1.2283961772918701,1.2284988164901733,,1.2283961772918701,,,,,,
336,2352,,,0.7149379849433899,,0.7148351073265076,0.7148351073265076,,,,
336,2353,,,1.851454496383667,,1.8513516187667847,1.8513516187667847,,,,
336,2354,,,1.3586324453353882,,1.3585295677185059,1.3585295677185059,,,,
336,2355,,,1.0624617338180542,,1.0623588562011719,1.0623588562011719,,,,
336,2356,,,1.5098326206207275,,1.5097297430038452,1.5097297430038452,,,,
336,2357,,,1.0730674266815186,,1.0729645490646362,1.0729645490646362,,,,
336,2358,,,0.5588871836662292,,0.5587842464447021,0.5587842464447021,,,,
,336,,,,,,,,,1.882336974143982,1.882336974143982
336,2358,,,,,,,1.882336974143982,1.882336974143982,,
336,2358,1.2202844619750977,1.2203874588012695,,1.2202844619750977,,,,,,
337,2359,,,1.1197144985198975,,1.1196115016937256,1.1196115016937256,,,,
337,2360,,,0.9100182056427002,,0.9099152088165283,0.9099152088165283,,,,
337,2361,,,1.2886213064193726,,1.2885183095932007,1.2885183095932007,,,,
337,2362,,,1.4371147155761719,,1.43701171875,1.43701171875,,,,
337,2363,,,1.4493002891540527,,1.4491972923278809,1.4491972923278809,,,,
337,2364,,,1.4125664234161377,,1.4124634265899658,1.4124634265899658,,,,
337,2365,,,0.3073403537273407,,0.30723729729652405,0.30723729729652405,,,,
,337,,,,,,,,,1.8557188510894775,1.8557188510894775
337,2365,,,,,,,1.8557188510894775,1.8557188510894775,,
337,2365,1.2128520011901855,1.2129549980163574,,1.2128520011901855,,,,,,
338,2366,,,2.117124319076538,,2.117021322250366,2.117021322250366,,,,
338,2367,,,0.9151235222816467,,0.9150204658508301,0.9150204658508301,,,,
338,2368,,,0.9720223546028137,,0.9719192981719971,0.9719192981719971,,,,
338,2369,,,1.018401861190796,,1.0182987451553345,1.0182987451553345,,,,
338,2370,,,0.937786340713501,,0.9376832246780396,0.9376832246780396,,,,
338,2371,,,1.3041497468948364,,1.304046630859375,1.304046630859375,,,,
338,2372,,,1.141714334487915,,1.1416112184524536,1.1416112184524536,,,,
,338,,,,,,,,,1.837044596672058,1.837044596672058
338,2372,,,,,,,1.837044596672058,1.837044596672058,,
338,2372,1.206602931022644,1.206705927848816,,1.206602931022644,,,,,,
339,2373,,,0.9604359269142151,,0.9603327512741089,0.9603327512741089,,,,
339,2374,,,1.5360174179077148,,1.5359143018722534,1.5359143018722534,,,,
339,2375,,,1.0220690965652466,,1.0219658613204956,1.0219658613204956,,,,
339,2376,,,1.4662346839904785,,1.4661314487457275,1.4661314487457275,,,,
339,2377,,,1.303534984588623,,1.303431749343872,1.303431749343872,,,,
339,2378,,,1.108001947402954,,1.1078987121582031,1.1078987121582031,,,,
339,2379,,,0.676691472530365,,0.676588237285614,0.676588237285614,,,,
,339,,,,,,,,,1.8261743783950806,1.8261743783950806
339,2379,,,,,,,1.8261743783950806,1.8261743783950806,,
339,2379,1.1999051570892334,1.2000082731246948,,1.1999051570892334,,,,,,
340,2380,,,1.3617851734161377,,1.3616819381713867,1.3616819381713867,,,,
340,2381,,,0.8208343982696533,,0.8207311034202576,0.8207311034202576,,,,
340,2382,,,1.0175094604492188,,1.0174062252044678,1.0174062252044678,,,,
340,2383,,,0.85115647315979,,0.8510531783103943,0.8510531783103943,,,,
340,2384,,,2.2186381816864014,,2.2185349464416504,2.2185349464416504,,,,
340,2385,,,0.8108251690864563,,0.8107218146324158,0.8107218146324158,,,,
340,2386,,,1.4390883445739746,,1.438984990119934,1.438984990119934,,,,
,340,,,,,,,,,1.8123159408569336,1.8123159408569336
340,2386,,,,,,,1.8123159408569336,1.8123159408569336,,
340,2386,1.1952546834945679,1.1953580379486084,,1.1952546834945679,,,,,,
341,2387,,,0.9424483776092529,,0.9423450231552124,0.9423450231552124,,,,
341,2388,,,1.1212526559829712,,1.1211493015289307,1.1211493015289307,,,,
341,2389,,,1.5151232481002808,,1.5150198936462402,1.5150198936462402,,,,
341,2390,,,0.8812695145606995,,0.8811661005020142,0.8811661005020142,,,,
341,2391,,,1.2132805585861206,,1.21317720413208,1.21317720413208,,,,
341,2392,,,1.7091097831726074,,1.7090063095092773,1.7090063095092773,,,,
341,2393,,,0.5217927694320679,,0.5216893553733826,0.5216893553733826,,,,
,341,,,,,,,,,1.802671194076538,1.802671194076538
341,2393,,,,,,,1.802671194076538,1.802671194076538,,
341,2393,1.188627004623413,1.1887304782867432,,1.188627004623413,,,,,,
342,2394,,,0.6713984608650208,,0.6712949872016907,0.6712949872016907,,,,
342,2395,,,0.9039812684059143,,0.9038777947425842,0.9038777947425842,,,,
342,2396,,,0.932066798210144,,0.931963324546814,0.931963324546814,,,,
342,2397,,,1.2540760040283203,,1.2539725303649902,1.2539725303649902,,,,
342,2398,,,1.5133693218231201,,1.51326584815979,1.51326584815979,,,,
342,2399,,,1.7641314268112183,,1.7640279531478882,1.7640279531478882,,,,
342,2400,,,1.359908938407898,,1.3598054647445679,1.3598054647445679,,,,
,342,,,,,,,,,1.786108374595642,1.786108374595642
342,2400,,,,,,,1.786108374595642,1.786108374595642,,
342,2400,1.1840516328811646,1.1841552257537842,,1.1840516328811646,,,,,,
343,2401,,,1.3577194213867188,,1.3576158285140991,1.3576158285140991,,,,
343,2402,,,1.233196496963501,,1.2330929040908813,1.2330929040908813,,,,
343,2403,,,1.5826122760772705,,1.5825086832046509,1.5825086832046509,,,,
343,2404,,,1.0298560857772827,,1.029752492904663,1.029752492904663,,,,
343,2405,,,0.6308222413063049,,0.6307186484336853,0.6307186484336853,,,,
343,2406,,,1.110524296760559,,1.1104207038879395,1.1104207038879395,,,,
343,2407,,,1.5240598917007446,,1.523956298828125,1.523956298828125,,,,
,343,,,,,,,,,1.775896668434143,1.775896668434143
343,2407,,,,,,,1.775896668434143,1.775896668434143,,
343,2407,1.1789164543151855,1.1790201663970947,,1.1789164543151855,,,,,,
344,2408,,,1.0719114542007446,,1.071807861328125,1.071807861328125,,,,
344,2409,,,1.0616973638534546,,1.0615936517715454,1.0615936517715454,,,,
344,2410,,,1.352688193321228,,1.3525844812393188,1.3525844812393188,,,,
344,2411,,,1.0891512632369995,,1.0890475511550903,1.0890475511550903,,,,
344,2412,,,1.3738456964492798,,1.3737419843673706,1.3737419843673706,,,,
344,2413,,,0.7132995128631592,,0.71319580078125,0.71319580078125,,,,
344,2414,,,2.1799545288085938,,2.1798508167266846,2.1798508167266846,,,,
,344,,,,,,,,,1.7788881063461304,1.7788881063461304
344,2414,,,,,,,1.7788881063461304,1.7788881063461304,,
344,2414,1.1732416152954102,1.1733453273773193,,1.1732416152954102,,,,,,
345,2415,,,1.3971035480499268,,1.3969998359680176,1.3969998359680176,,,,
345,2416,,,0.9274423122406006,,0.9273385405540466,0.9273385405540466,,,,
345,2417,,,1.5293635129928589,,1.5292598009109497,1.5292598009109497,,,,
345,2418,,,1.0313606262207031,,1.0312567949295044,1.0312567949295044,,,,
345,2419,,,1.411162257194519,,1.4110584259033203,1.4110584259033203,,,,
345,2420,,,0.6680330634117126,,0.6679292321205139,0.6679292321205139,,,,
345,2421,,,1.270495057106018,,1.2703912258148193,1.2703912258148193,,,,
,345,,,,,,,,,1.7740397453308105,1.7740397453308105
345,2421,,,,,,,1.774039626121521,1.774039626121521,,
345,2421,1.1670962572097778,1.1672002077102661,,1.1670962572097778,,,,,,
346,2422,,,1.2269293069839478,,1.226825475692749,1.226825475692749,,,,
346,2423,,,0.9962889552116394,,0.9961851239204407,0.9961851239204407,,,,
346,2424,,,1.436277985572815,,1.4361741542816162,1.4361741542816162,,,,
346,2425,,,1.2032206058502197,,1.203116774559021,1.203116774559021,,,,
346,2426,,,1.1709613800048828,,1.170857548713684,1.170857548713684,,,,
346,2427,,,0.8640636801719666,,0.863959789276123,0.863959789276123,,,,
346,2428,,,1.3437210321426392,,1.3436170816421509,1.3436170816421509,,,,
,346,,,,,,,,,1.7370836734771729,1.7370836734771729
346,2428,,,,,,,1.7370836734771729,1.7370836734771729,,
346,2428,1.1609373092651367,1.1610411405563354,,1.1609373092651367,,,,,,
347,2429,,,0.939570963382721,,0.9394670128822327,0.9394670128822327,,,,
347,2430,,,0.9945793747901917,,0.9944754242897034,0.9944754242897034,,,,
347,2431,,,1.1970518827438354,,1.1969479322433472,1.1969479322433472,,,,
347,2432,,,1.0756208896636963,,1.075516939163208,1.075516939163208,,,,
347,2433,,,1.797959566116333,,1.7978556156158447,1.7978556156158447,,,,
347,2434,,,0.9516822695732117,,0.9515782594680786,0.9515782594680786,,,,
347,2435,,,1.0768661499023438,,1.076762080192566,1.076762080192566,,,,
,347,,,,,,,,,1.7216148376464844,1.7216148376464844
347,2435,,,,,,,1.7216148376464844,1.7216148376464844,,
347,2435,1.1544512510299683,1.1545552015304565,,1.1544512510299683,,,,,,
348,2436,,,0.9650136828422546,,0.9649096727371216,0.9649096727371216,,,,
348,2437,,,0.8601709604263306,,0.8600668907165527,0.8600668907165527,,,,
348,2438,,,1.3390957117080688,,1.338991641998291,1.338991641998291,,,,
348,2439,,,1.3308647871017456,,1.3307607173919678,1.3307607173919678,,,,
348,2440,,,0.9171915650367737,,0.9170874953269958,0.9170874953269958,,,,
348,2441,,,1.281604290008545,,1.281500220298767,1.281500220298767,,,,
348,2442,,,1.686313271522522,,1.6862092018127441,1.6862092018127441,,,,
,348,,,,,,,,,1.6925159692764282,1.6925159692764282
348,2442,,,,,,,1.6925159692764282,1.6925159692764282,,
348,2442,1.149120807647705,1.149224877357483,,1.149120807647705,,,,,,
349,2443,,,1.027590036392212,,1.0274858474731445,1.0274858474731445,,,,
349,2444,,,1.1129335165023804,,1.112829327583313,1.112829327583313,,,,
349,2445,,,0.8544395565986633,,0.854335367679596,0.854335367679596,,,,
349,2446,,,1.5070933103561401,,1.5069891214370728,1.5069891214370728,,,,
349,2447,,,1.182633876800537,,1.1825296878814697,1.1825296878814697,,,,
349,2448,,,1.2911492586135864,,1.291045069694519,1.291045069694519,,,,
349,2449,,,0.8485398888587952,,0.848435640335083,0.848435640335083,,,,
,349,,,,,,,,,1.6735129356384277,1.6735129356384277
349,2449,,,,,,,1.6735128164291382,1.6735128164291382,,
349,2449,1.144059181213379,1.1441633701324463,,1.144059181213379,,,,,,
350,2450,,,1.0267236232757568,,1.0266194343566895,1.0266194343566895,,,,
350,2451,,,0.9552417397499084,,0.9551374912261963,0.9551374912261963,,,,
350,2452,,,1.1868633031845093,,1.1867589950561523,1.1867589950561523,,,,
350,2453,,,1.2086420059204102,,1.2085376977920532,1.2085376977920532,,,,
350,2454,,,1.0786347389221191,,1.0785304307937622,1.0785304307937622,,,,
350,2455,,,0.9908058047294617,,0.9907014966011047,0.9907014966011047,,,,
350,2456,,,2.173175573348999,,2.1730711460113525,2.1730711460113525,,,,
,350,,,,,,,,,1.7006592750549316,1.7006592750549316
350,2456,,,,,,,1.7006593942642212,1.7006593942642212,,
350,2456,1.1390098333358765,1.1391140222549438,,1.1390098333358765,,,,,,
351,2457,,,0.8178758025169373,,0.8177714943885803,0.8177714943885803,,,,
351,2458,,,0.587573766708374,,0.5874693989753723,0.5874693989753723,,,,
351,2459,,,1.296193242073059,,1.2960889339447021,1.2960889339447021,,,,
351,2460,,,1.2421258687973022,,1.2420214414596558,1.2420214414596558,,,,
351,2461,,,0.8946587443351746,,0.8945543766021729,0.8945543766021729,,,,
351,2462,,,1.6666542291641235,,1.666549801826477,1.666549801826477,,,,
351,2463,,,1.8949837684631348,,1.8948793411254883,1.8948793411254883,,,,
,351,,,,,,,,,1.7127996683120728,1.7127996683120728
351,2463,,,,,,,1.7127996683120728,1.7127996683120728,,
351,2463,1.1317702531814575,1.1318745613098145,,1.1317702531814575,,,,,,
352,2464,,,0.8896247148513794,,0.8895202875137329,0.8895202875137329,,,,
352,2465,,,1.4025003910064697,,1.4023959636688232,1.4023959636688232,,,,
352,2466,,,0.9576312303543091,,0.9575267434120178,0.9575267434120178,,,,
352,2467,,,1.1521307229995728,,1.1520262956619263,1.1520262956619263,,,,
352,2468,,,1.3029539585113525,,1.302849531173706,1.302849531173706,,,,
352,2469,,,1.189751386642456,,1.18964684009552,1.18964684009552,,,,
352,2470,,,0.7448283433914185,,0.7447238564491272,0.7447238564491272,,,,
,352,,,,,,,,,1.685194492340088,1.685194492340088
352,2470,,,,,,,1.6851946115493774,1.6851946115493774,,
352,2470,1.1252137422561646,1.125318169593811,,1.1252137422561646,,,,,,
353,2471,,,1.0515480041503906,,1.0514434576034546,1.0514434576034546,,,,
353,2472,,,1.1509795188903809,,1.1508749723434448,1.1508749723434448,,,,
353,2473,,,1.400104284286499,,1.399999737739563,1.399999737739563,,,,
353,2474,,,0.7031171917915344,,0.7030126452445984,0.7030126452445984,,,,
353,2475,,,0.8966503739356995,,0.8965457677841187,0.8965457677841187,,,,
353,2476,,,1.4429079294204712,,1.4428033828735352,1.4428033828735352,,,,
353,2477,,,1.3133260011672974,,1.3132213354110718,1.3132213354110718,,,,
,353,,,,,,,,,1.670982003211975,1.670982003211975
353,2477,,,,,,,1.670982003211975,1.670982003211975,,
353,2477,1.1195510625839233,1.1196556091308594,,1.1195510625839233,,,,,,
354,2478,,,1.0745881795883179,,1.0744835138320923,1.0744835138320923,,,,
354,2479,,,1.0337105989456177,,1.033605933189392,1.033605933189392,,,,
354,2480,,,1.116791009902954,,1.1166863441467285,1.1166863441467285,,,,
354,2481,,,1.3901690244674683,,1.3900643587112427,1.3900643587112427,,,,
354,2482,,,1.4548014402389526,,1.454696774482727,1.454696774482727,,,,
354,2483,,,0.7594892382621765,,0.7593845129013062,0.7593845129013062,,,,
354,2484,,,0.7048397660255432,,0.7047350406646729,0.7047350406646729,,,,
,354,,,,,,,,,1.6425215005874634,1.6425215005874634
354,2484,,,,,,,1.6425215005874634,1.6425215005874634,,
354,2484,1.1126583814620972,1.1127630472183228,,1.1126583814620972,,,,,,
355,2485,,,0.616224467754364,,0.6161197423934937,0.6161197423934937,,,,
355,2486,,,1.1828570365905762,,1.182752251625061,1.182752251625061,,,,
355,2487,,,1.3611514568328857,,1.3610466718673706,1.3610466718673706,,,,
355,2488,,,1.5285742282867432,,1.528469443321228,1.528469443321228,,,,
355,2489,,,1.149093508720398,,1.1489887237548828,1.1489887237548828,,,,
355,2490,,,0.9599433541297913,,0.9598385691642761,0.9598385691642761,,,,
355,2491,,,0.671940803527832,,0.6718360185623169,0.6718360185623169,,,,
,355,,,,,,,,,1.6270750761032104,1.6270750761032104
355,2491,,,,,,,1.6270750761032104,1.6270750761032104,,
355,2491,1.1057496070861816,1.1058545112609863,,1.1057496070861816,,,,,,
356,2492,,,0.8277539610862732,,0.8276491165161133,0.8276491165161133,,,,
356,2493,,,1.1228145360946655,,1.1227097511291504,1.1227097511291504,,,,
356,2494,,,1.1968786716461182,,1.1967737674713135,1.1967737674713135,,,,
356,2495,,,0.6261602640151978,,0.6260554194450378,0.6260554194450378,,,,
356,2496,,,1.0489938259124756,,1.048888921737671,1.048888921737671,,,,
356,2497,,,1.2845699787139893,,1.2844650745391846,1.2844650745391846,,,,
356,2498,,,2.4235832691192627,,2.423478364944458,2.423478364944458,,,,
,356,,,,,,,,,1.6369843482971191,1.6369843482971191
356,2498,,,,,,,1.6369844675064087,1.6369844675064087,,
356,2498,1.1004464626312256,1.1005513668060303,,1.1004464626312256,,,,,,
357,2499,,,0.969032347202301,,0.9689274430274963,0.9689274430274963,,,,
357,2500,,,1.158082365989685,,1.1579774618148804,1.1579774618148804,,,,
357,2501,,,0.9969871640205383,,0.9968822002410889,0.9968822002410889,,,,
357,2502,,,0.6933344602584839,,0.6932294964790344,0.6932294964790344,,,,
357,2503,,,1.4932594299316406,,1.4931544065475464,1.4931544065475464,,,,
357,2504,,,1.3040794134140015,,1.3039743900299072,1.3039743900299072,,,,
357,2505,,,0.9646992087364197,,0.9645941853523254,0.9645941853523254,,,,
,357,,,,,,,,,1.648725152015686,1.648725152015686
357,2505,,,,,,,1.648725152015686,1.648725152015686,,
357,2505,1.0942538976669312,1.0943588018417358,,1.0942538976669312,,,,,,
358,2506,,,0.9432947039604187,,0.9431896805763245,0.9431896805763245,,,,
358,2507,,,0.6899042725563049,,0.6897992491722107,0.6897992491722107,,,,
358,2508,,,1.426072359085083,,1.4259673357009888,1.4259673357009888,,,,
358,2509,,,1.2161664962768555,,1.2160614728927612,1.2160614728927612,,,,
358,2510,,,1.1006652116775513,,1.100560188293457,1.100560188293457,,,,
358,2511,,,1.0938228368759155,,1.0937176942825317,1.0937176942825317,,,,
358,2512,,,1.2353800535202026,,1.2352749109268188,1.2352749109268188,,,,
,358,,,,,,,,,1.6451892852783203,1.6451892852783203
358,2512,,,,,,,1.6451892852783203,1.6451892852783203,,
358,2512,1.0874546766281128,1.087559700012207,,1.0874546766281128,,,,,,
359,2513,,,1.5868773460388184,,1.5867722034454346,1.5867722034454346,,,,
359,2514,,,1.0975587368011475,,1.0974535942077637,1.0974535942077637,,,,
359,2515,,,1.0677907466888428,,1.067685604095459,1.067685604095459,,,,
359,2516,,,1.0392706394195557,,1.0391654968261719,1.0391654968261719,,,,
359,2517,,,0.8962140679359436,,0.8961089253425598,0.8961089253425598,,,,
359,2518,,,0.8047562837600708,,0.8046510815620422,0.8046510815620422,,,,
359,2519,,,1.0977753400802612,,1.0976701974868774,1.0976701974868774,,,,
,359,,,,,,,,,1.6408329010009766,1.6408329010009766
359,2519,,,,,,,1.6408329010009766,1.6408329010009766,,
359,2519,1.0828962326049805,1.0830012559890747,,1.0828962326049805,,,,,,
360,2520,,,1.428279995918274,,1.4281747341156006,1.4281747341156006,,,,
360,2521,,,0.876267671585083,,0.8761624693870544,0.8761624693870544,,,,
360,2522,,,0.8793894648551941,,0.8792842030525208,0.8792842030525208,,,,
360,2523,,,0.7740053534507751,,0.7739000916481018,0.7739000916481018,,,,
360,2524,,,1.2606558799743652,,1.260550618171692,1.260550618171692,,,,
360,2525,,,1.1187704801559448,,1.1186652183532715,1.1186652183532715,,,,
360,2526,,,1.382415771484375,,1.3823105096817017,1.3823105096817017,,,,
,360,,,,,,,,,1.6506400108337402,1.6506400108337402
360,2526,,,,,,,1.6506398916244507,1.6506398916244507,,
360,2526,1.0753103494644165,1.0754156112670898,,1.0753103494644165,,,,,,
361,2527,,,0.7571797966957092,,0.7570744752883911,0.7570744752883911,,,,
361,2528,,,1.0450114011764526,,1.0449061393737793,1.0449061393737793,,,,
361,2529,,,1.3150620460510254,,1.3149566650390625,1.3149566650390625,,,,
361,2530,,,1.0543537139892578,,1.054248332977295,1.054248332977295,,,,
361,2531,,,1.0087748765945435,,1.0086694955825806,1.0086694955825806,,,,
361,2532,,,0.9702194333076477,,0.9701140522956848,0.9701140522956848,,,,
361,2533,,,1.7912580966949463,,1.7911527156829834,1.7911527156829834,,,,
,361,,,,,,,,,1.6391773223876953,1.6391773223876953
361,2533,,,,,,,1.6391773223876953,1.6391773223876953,,
361,2533,1.0700629949569702,1.070168375968933,,1.0700629949569702,,,,,,
362,2534,,,1.607542634010315,,1.607437252998352,1.607437252998352,,,,
362,2535,,,1.0489362478256226,,1.0488308668136597,1.0488308668136597,,,,
362,2536,,,1.2428463697433472,,1.2427409887313843,1.2427409887313843,,,,
362,2537,,,0.7718402743339539,,0.7717348337173462,0.7717348337173462,,,,
362,2538,,,0.8832501173019409,,0.8831446766853333,0.8831446766853333,,,,
362,2539,,,0.8028373122215271,,0.8027318716049194,0.8027318716049194,,,,
362,2540,,,1.1508607864379883,,1.1507552862167358,1.1507552862167358,,,,
,362,,,,,,,,,1.6133793592453003,1.6133793592453003
362,2540,,,,,,,1.6133793592453003,1.6133793592453003,,
362,2540,1.0648084878921509,1.0649138689041138,,1.0648084878921509,,,,,,
363,2541,,,1.6443167924880981,,1.6442112922668457,1.6442112922668457,,,,
363,2542,,,0.559200644493103,,0.5590951442718506,0.5590951442718506,,,,
363,2543,,,0.9425366520881653,,0.9424311518669128,0.9424311518669128,,,,
363,2544,,,1.5775524377822876,,1.5774469375610352,1.5774469375610352,,,,
363,2545,,,0.8862914443016052,,0.886185884475708,0.886185884475708,,,,
363,2546,,,0.9109841585159302,,0.910878598690033,0.910878598690033,,,,
363,2547,,,0.6195330619812012,,0.619427502155304,0.619427502155304,,,,
,363,,,,,,,,,1.579933524131775,1.579933524131775
363,2547,,,,,,,1.579933524131775,1.579933524131775,,
363,2547,1.0592210292816162,1.0593266487121582,,1.0592210292816162,,,,,,
364,2548,,,0.9490143060684204,,0.9489087462425232,0.9489087462425232,,,,
364,2549,,,1.3608108758926392,,1.3607052564620972,1.3607052564620972,,,,
364,2550,,,0.8909547924995422,,0.8908491730690002,0.8908491730690002,,,,
364,2551,,,0.9763558506965637,,0.9762502312660217,0.9762502312660217,,,,
364,2552,,,0.8805586099624634,,0.8804529905319214,0.8804529905319214,,,,
364,2553,,,0.581870973110199,,0.5817652940750122,0.5817652940750122,,,,
364,2554,,,2.8866851329803467,,2.8865795135498047,2.8865795135498047,,,,
,364,,,,,,,,,1.5565871000289917,1.5565871000289917
364,2554,,,,,,,1.5565871000289917,1.5565871000289917,,
364,2554,1.0543371438980103,1.0544427633285522,,1.0543371438980103,,,,,,
365,2555,,,0.8363611698150635,,0.8362554907798767,0.8362554907798767,,,,
365,2556,,,1.0832239389419556,,1.083118200302124,1.083118200302124,,,,
365,2557,,,0.6983091831207275,,0.6982035040855408,0.6982035040855408,,,,
365,2558,,,1.1329567432403564,,1.132851004600525,1.132851004600525,,,,
365,2559,,,1.4340862035751343,,1.4339804649353027,1.4339804649353027,,,,
365,2560,,,1.0016698837280273,,1.0015641450881958,1.0015641450881958,,,,
365,2561,,,1.3375970125198364,,1.3374912738800049,1.3374912738800049,,,,
,365,,,,,,,,,1.5577439069747925,1.5577439069747925
365,2561,,,,,,,1.5577439069747925,1.5577439069747925,,
365,2561,1.0490245819091797,1.0491303205490112,,1.0490245819091797,,,,,,
366,2562,,,0.7280707359313965,,0.7279649972915649,0.7279649972915649,,,,
366,2563,,,1.1227097511291504,,1.1226040124893188,1.1226040124893188,,,,
366,2564,,,1.0984091758728027,,1.0983034372329712,1.0983034372329712,,,,
366,2565,,,0.7675276398658752,,0.7674218416213989,0.7674218416213989,,,,
366,2566,,,0.9977743625640869,,0.9976685643196106,0.9976685643196106,,,,
366,2567,,,1.1855998039245605,,1.1854939460754395,1.1854939460754395,,,,
366,2568,,,1.9950166940689087,,1.9949108362197876,1.9949108362197876,,,,
,366,,,,,,,,,1.522227168083191,1.522227168083191
366,2568,,,,,,,1.522227168083191,1.522227168083191,,
366,2568,1.042752742767334,1.0428584814071655,,1.042752742767334,,,,,,
367,2569,,,0.8977960348129272,,0.8976901769638062,0.8976901769638062,,,,
367,2570,,,0.769182026386261,,0.7690761685371399,0.7690761685371399,,,,
367,2571,,,0.5328681468963623,,0.5327622890472412,0.5327622890472412,,,,
367,2572,,,1.5071288347244263,,1.5070229768753052,1.5070229768753052,,,,
367,2573,,,1.317657232284546,,1.3175513744354248,1.3175513744354248,,,,
367,2574,,,1.074724793434143,,1.074618935585022,1.074618935585022,,,,
367,2575,,,1.3312008380889893,,1.3310948610305786,1.3310948610305786,,,,
,367,,,,,,,,,1.4913822412490845,1.4913822412490845
367,2575,,,,,,,1.4913822412490845,1.4913822412490845,,
367,2575,1.0349620580673218,1.0350677967071533,,1.0349620580673218,,,,,,
368,2576,,,1.3451229333877563,,1.3450169563293457,1.3450169563293457,,,,
368,2577,,,0.7174364328384399,,0.7173304557800293,0.7173304557800293,,,,
368,2578,,,0.7942022681236267,,0.7940962910652161,0.7940962910652161,,,,
368,2579,,,0.7645289897918701,,0.7644230127334595,0.7644230127334595,,,,
368,2580,,,1.799314022064209,,1.7992080450057983,1.7992080450057983,,,,
368,2581,,,0.8055703639984131,,0.8054643273353577,0.8054643273353577,,,,
368,2582,,,0.8588384985923767,,0.8587324619293213,0.8587324619293213,,,,
,368,,,,,,,,,1.484809398651123,1.484809398651123
368,2582,,,,,,,1.4848092794418335,1.4848092794418335,,
368,2582,1.027068853378296,1.0271748304367065,,1.027068853378296,,,,,,
369,2583,,,1.2755069732666016,,1.2754008769989014,1.2754008769989014,,,,
369,2584,,,1.076783299446106,,1.0766772031784058,1.0766772031784058,,,,
369,2585,,,1.881831169128418,,1.8817250728607178,1.8817250728607178,,,,
369,2586,,,0.4785204231739044,,0.4784143269062042,0.4784143269062042,,,,
369,2587,,,0.7850082516670227,,0.7849021553993225,0.7849021553993225,,,,
369,2588,,,0.7373993396759033,,0.7372932434082031,0.7372932434082031,,,,
369,2589,,,0.7167794108390808,,0.7166733145713806,0.7166733145713806,,,,
,369,,,,,,,,,1.4838000535964966,1.4838000535964966
369,2589,,,,,,,1.4838000535964966,1.4838000535964966,,
369,2589,1.0201044082641602,1.0202103853225708,,1.0201044082641602,,,,,,
370,2590,,,1.0149140357971191,,1.014807939529419,1.014807939529419,,,,
370,2591,,,0.8326965570449829,,0.8325904011726379,0.8325904011726379,,,,
370,2592,,,0.735456645488739,,0.735350489616394,0.735350489616394,,,,
370,2593,,,0.867245078086853,,0.8671389222145081,0.8671389222145081,,,,
370,2594,,,1.1240260601043701,,1.1239198446273804,1.1239198446273804,,,,
370,2595,,,1.5694756507873535,,1.5693694353103638,1.5693694353103638,,,,
370,2596,,,0.8120841979980469,,0.8119779825210571,0.8119779825210571,,,,
,370,,,,,,,,,1.4552124738693237,1.4552124738693237
370,2596,,,,,,,1.4552124738693237,1.4552124738693237,,
370,2596,1.0113990306854248,1.011505126953125,,1.0113990306854248,,,,,,
371,2597,,,0.965388298034668,,0.9652820825576782,0.9652820825576782,,,,
371,2598,,,0.5923651456832886,,0.592258870601654,0.592258870601654,,,,
371,2599,,,0.9822605848312378,,0.9821543097496033,0.9821543097496033,,,,
371,2600,,,1.1599974632263184,,1.159891128540039,1.159891128540039,,,,
371,2601,,,1.1231592893600464,,1.123052954673767,1.123052954673767,,,,
371,2602,,,1.2894096374511719,,1.2893033027648926,1.2893033027648926,,,,
371,2603,,,0.8043501377105713,,0.804243803024292,0.804243803024292,,,,
,371,,,,,,,,,1.4264018535614014,1.4264018535614014
371,2603,,,,,,,1.4264018535614014,1.4264018535614014,,
371,2603,1.006044626235962,1.0061508417129517,,1.006044626235962,,,,,,
372,2604,,,1.9062690734863281,,1.9061627388000488,1.9061627388000488,,,,
372,2605,,,0.8111714124679565,,0.8110650777816772,0.8110650777816772,,,,
372,2606,,,1.0847309827804565,,1.0846246480941772,1.0846246480941772,,,,
372,2607,,,0.6624729633331299,,0.6623665690422058,0.6623665690422058,,,,
372,2608,,,0.8632776737213135,,0.8631712794303894,0.8631712794303894,,,,
372,2609,,,0.7685986757278442,,0.7684922814369202,0.7684922814369202,,,,
372,2610,,,0.7474059462547302,,0.7472995519638062,0.7472995519638062,,,,
,372,,,,,,,,,1.4039361476898193,1.4039361476898193
372,2610,,,,,,,1.4039361476898193,1.4039361476898193,,
372,2610,1.0001755952835083,1.0002819299697876,,1.0001755952835083,,,,,,
373,2611,,,1.2080674171447754,,1.2079609632492065,1.2079609632492065,,,,
373,2612,,,0.7951511144638062,,0.7950446605682373,0.7950446605682373,,,,
373,2613,,,0.8117281794548035,,0.8116217255592346,0.8116217255592346,,,,
373,2614,,,1.0798710584640503,,1.0797646045684814,1.0797646045684814,,,,
373,2615,,,0.9179080724716187,,0.917801558971405,0.917801558971405,,,,
373,2616,,,1.3578300476074219,,1.357723593711853,1.357723593711853,,,,
373,2617,,,0.4702194929122925,,0.47011297941207886,0.47011297941207886,,,,
,373,,,,,,,,,1.3925358057022095,1.3925358057022095
373,2617,,,,,,,1.3925358057022095,1.3925358057022095,,
373,2617,0.9954838752746582,0.9955903887748718,,0.9954838752746582,,,,,,
374,2618,,,0.9379546046257019,,0.9378480911254883,0.9378480911254883,,,,
374,2619,,,1.3917862176895142,,1.3916796445846558,1.3916796445846558,,,,
374,2620,,,0.9518239498138428,,0.9517173767089844,0.9517173767089844,,,,
374,2621,,,1.0825530290603638,,1.0824464559555054,1.0824464559555054,,,,
374,2622,,,0.6902539134025574,,0.690147340297699,0.690147340297699,,,,
374,2623,,,0.7774084806442261,,0.7773019075393677,0.7773019075393677,,,,
374,2624,,,1.316989779472351,,1.3168832063674927,1.3168832063674927,,,,
,374,,,,,,,,,1.3865033388137817,1.3865033388137817
374,2624,,,,,,,1.3865033388137817,1.3865033388137817,,
374,2624,0.9921525120735168,0.9922590255737305,,0.9921525120735168,,,,,,
375,2625,,,1.3599019050598145,,1.359795331954956,1.359795331954956,,,,
375,2626,,,0.7584577798843384,,0.7583511471748352,0.7583511471748352,,,,
375,2627,,,0.991965651512146,,0.9918590188026428,0.9918590188026428,,,,
375,2628,,,1.3114017248153687,,1.3112950325012207,1.3112950325012207,,,,
375,2629,,,0.7144258618354797,,0.7143191695213318,0.7143191695213318,,,,
375,2630,,,0.9190289378166199,,0.9189222455024719,0.9189222455024719,,,,
375,2631,,,0.6235665082931519,,0.6234598159790039,0.6234598159790039,,,,
,375,,,,,,,,,1.361551284790039,1.361551284790039
375,2631,,,,,,,1.361551284790039,1.361551284790039,,
375,2631,0.9864062070846558,0.9865128993988037,,0.9864062070846558,,,,,,
376,2632,,,1.060171365737915,,1.060064673423767,1.060064673423767,,,,
376,2633,,,1.099351406097412,,1.0992447137832642,1.0992447137832642,,,,
376,2634,,,1.0002256631851196,,1.0001189708709717,1.0001189708709717,,,,
376,2635,,,0.8403902649879456,,0.8402835130691528,0.8402835130691528,,,,
376,2636,,,0.6455885767936707,,0.6454818248748779,0.6454818248748779,,,,
376,2637,,,1.1980983018875122,,1.1979914903640747,1.1979914903640747,,,,
376,2638,,,1.1125524044036865,,1.112445592880249,1.112445592880249,,,,
,376,,,,,,,,,1.3452820777893066,1.3452820777893066
376,2638,,,,,,,1.3452821969985962,1.3452821969985962,,
376,2638,0.9820160865783691,0.9821227788925171,,0.9820160865783691,,,,,,
377,2639,,,1.0378742218017578,,1.0377674102783203,1.0377674102783203,,,,
377,2640,,,1.0439248085021973,,1.0438179969787598,1.0438179969787598,,,,
377,2641,,,0.8925397396087646,,0.8924328684806824,0.8924328684806824,,,,
377,2642,,,0.8828519582748413,,0.882745087146759,0.882745087146759,,,,
377,2643,,,1.0739521980285645,,1.0738452672958374,1.0738452672958374,,,,
377,2644,,,1.0106207132339478,,1.0105137825012207,1.0105137825012207,,,,
377,2645,,,0.7868886590003967,,0.7867817878723145,0.7867817878723145,,,,
,377,,,,,,,,,1.3491798639297485,1.3491798639297485
377,2645,,,,,,,1.3491798639297485,1.3491798639297485,,
377,2645,0.9782220721244812,0.9783288836479187,,0.9782220721244812,,,,,,
378,2646,,,0.7450487017631531,,0.744941771030426,0.744941771030426,,,,
378,2647,,,1.5038923025131226,,1.5037853717803955,1.5037853717803955,,,,
378,2648,,,1.0515213012695312,,1.0514143705368042,1.0514143705368042,,,,
378,2649,,,1.022194266319275,,1.0220873355865479,1.0220873355865479,,,,
378,2650,,,0.7519394159317017,,0.7518324255943298,0.7518324255943298,,,,
378,2651,,,0.8864569664001465,,0.8863499760627747,0.8863499760627747,,,,
378,2652,,,0.6496787667274475,,0.6495717763900757,0.6495717763900757,,,,
,378,,,,,,,,,1.3557536602020264,1.3557536602020264
378,2652,,,,,,,1.3557536602020264,1.3557536602020264,,
378,2652,0.9731765389442444,0.9732835292816162,,0.9731765389442444,,,,,,
379,2653,,,1.0884747505187988,,1.0883677005767822,1.0883677005767822,,,,
379,2654,,,0.8537599444389343,,0.8536529541015625,0.8536529541015625,,,,
379,2655,,,0.9279040098190308,,0.9277969598770142,0.9277969598770142,,,,
379,2656,,,0.8373091816902161,,0.8372021317481995,0.8372021317481995,,,,
379,2657,,,1.3259531259536743,,1.3258460760116577,1.3258460760116577,,,,
379,2658,,,0.9468734860420227,,0.9467664361000061,0.9467664361000061,,,,
379,2659,,,0.5243009924888611,,0.5241938829421997,0.5241938829421997,,,,
,379,,,,,,,,,1.3585011959075928,1.3585011959075928
379,2659,,,,,,,1.3585011959075928,1.3585011959075928,,
379,2659,0.9688165187835693,0.9689235091209412,,0.9688165187835693,,,,,,
380,2660,,,0.8395578861236572,,0.8394507765769958,0.8394507765769958,,,,
380,2661,,,0.6803150773048401,,0.6802079677581787,0.6802079677581787,,,,
380,2662,,,0.8915295600891113,,0.89142245054245,0.89142245054245,,,,
380,2663,,,1.0183165073394775,,1.0182093381881714,1.0182093381881714,,,,
380,2664,,,1.0121921300888062,,1.0120849609375,1.0120849609375,,,,
380,2665,,,1.193023681640625,,1.1929165124893188,1.1929165124893188,,,,
380,2666,,,1.3748652935028076,,1.3747581243515015,1.3747581243515015,,,,
,380,,,,,,,,,1.3713058233261108,1.3713058233261108
380,2666,,,,,,,1.3713058233261108,1.3713058233261108,,
380,2666,0.9646786451339722,0.9647857546806335,,0.9646786451339722,,,,,,
381,2667,,,0.6992438435554504,,0.6991366744041443,0.6991366744041443,,,,
381,2668,,,0.9565040469169617,,0.9563968777656555,0.9563968777656555,,,,
381,2669,,,1.0432541370391846,,1.0431469678878784,1.0431469678878784,,,,
381,2670,,,0.7906566262245178,,0.7905493974685669,0.7905493974685669,,,,
381,2671,,,0.9698662757873535,,0.9697590470314026,0.9697590470314026,,,,
381,2672,,,1.4421545267105103,,1.4420472383499146,1.4420472383499146,,,,
381,2673,,,0.5942615866661072,,0.5941542983055115,0.5941542983055115,,,,
,381,,,,,,,,,1.3745592832565308,1.3745592832565308
381,2673,,,,,,,1.3745592832565308,1.3745592832565308,,
381,2673,0.9606029391288757,0.9607101678848267,,0.9606029391288757,,,,,,
382,2674,,,0.8763524293899536,,0.8762451410293579,0.8762451410293579,,,,
382,2675,,,0.5055275559425354,,0.5054202675819397,0.5054202675819397,,,,
382,2676,,,1.411720633506775,,1.4116133451461792,1.4116133451461792,,,,
382,2677,,,0.6823907494544983,,0.6822834610939026,0.6822834610939026,,,,
382,2678,,,1.6726304292678833,,1.6725231409072876,1.6725231409072876,,,,
382,2679,,,0.6064797043800354,,0.6063723564147949,0.6063723564147949,,,,
382,2680,,,0.9146367907524109,,0.9145294427871704,0.9145294427871704,,,,
,382,,,,,,,,,1.3781458139419556,1.3781458139419556
382,2680,,,,,,,1.3781458139419556,1.3781458139419556,,
382,2680,0.9564558267593384,0.9565631747245789,,0.9564558267593384,,,,,,
383,2681,,,1.0167365074157715,,1.0166290998458862,1.0166290998458862,,,,
383,2682,,,1.4509034156799316,,1.4507960081100464,1.4507960081100464,,,,
383,2683,,,0.9070574641227722,,0.906950056552887,0.906950056552887,,,,
383,2684,,,0.6975783109664917,,0.6974709033966064,0.6974709033966064,,,,
383,2685,,,0.8111695647239685,,0.8110621571540833,0.8110621571540833,,,,
383,2686,,,0.8675501942634583,,0.867442786693573,0.867442786693573,,,,
383,2687,,,0.8565216064453125,,0.8564141392707825,0.8564141392707825,,,,
,383,,,,,,,,,1.3715347051620483,1.3715347051620483
383,2687,,,,,,,1.3715347051620483,1.3715347051620483,,
383,2687,0.9523931741714478,0.952500581741333,,0.9523931741714478,,,,,,
384,2688,,,1.0484720468521118,,1.0483646392822266,1.0483646392822266,,,,
384,2689,,,0.777154803276062,,0.777047336101532,0.777047336101532,,,,
384,2690,,,1.419615387916565,,1.4195078611373901,1.4195078611373901,,,,
384,2691,,,1.1131545305252075,,1.1130470037460327,1.1130470037460327,,,,
384,2692,,,0.5601158142089844,,0.5600082874298096,0.5600082874298096,,,,
384,2693,,,0.9924333691596985,,0.9923258423805237,0.9923258423805237,,,,
384,2694,,,0.3592650294303894,,0.3591574728488922,0.3591574728488922,,,,
,384,,,,,,,,,1.3490394353866577,1.3490394353866577
384,2694,,,,,,,1.3490394353866577,1.3490394353866577,,
384,2694,0.9482330083847046,0.9483404755592346,,0.9482330083847046,,,,,,
385,2695,,,0.9623908996582031,,0.9622833728790283,0.9622833728790283,,,,
385,2696,,,0.6278913021087646,,0.6277837157249451,0.6277837157249451,,,,
385,2697,,,1.0370008945465088,,1.036893367767334,1.036893367767334,,,,
385,2698,,,1.2893489599227905,,1.2892413139343262,1.2892413139343262,,,,
385,2699,,,0.8353392481803894,,0.8352316617965698,0.8352316617965698,,,,
385,2700,,,1.0531258583068848,,1.0530182123184204,1.0530182123184204,,,,
385,2701,,,0.5741068124771118,,0.5739991664886475,0.5739991664886475,,,,
,385,,,,,,,,,1.3369697332382202,1.3369697332382202
385,2701,,,,,,,1.3369697332382202,1.3369697332382202,,
385,2701,0.9442667961120605,0.9443744421005249,,0.9442667961120605,,,,,,
386,2702,,,1.3229902982711792,,1.3228826522827148,1.3228826522827148,,,,
386,2703,,,1.071089267730713,,1.0709816217422485,1.0709816217422485,,,,
386,2704,,,1.0060926675796509,,1.0059850215911865,1.0059850215911865,,,,
386,2705,,,0.5279344320297241,,0.527826726436615,0.527826726436615,,,,
386,2706,,,0.8026497960090637,,0.8025420904159546,0.8025420904159546,,,,
386,2707,,,1.0019268989562988,,1.001819133758545,1.001819133758545,,,,
386,2708,,,0.6993727087974548,,0.6992650032043457,0.6992650032043457,,,,
,386,,,,,,,,,1.3157726526260376,1.3157726526260376
386,2708,,,,,,,1.3157726526260376,1.3157726526260376,,
386,2708,0.9402762651443481,0.9403840899467468,,0.9402762651443481,,,,,,
387,2709,,,1.0110411643981934,,1.0109333992004395,1.0109333992004395,,,,
387,2710,,,0.7808279395103455,,0.7807201743125916,0.7807201743125916,,,,
387,2711,,,1.4069312810897827,,1.4068235158920288,1.4068235158920288,,,,
387,2712,,,1.023189663887024,,1.02308189868927,1.02308189868927,,,,
387,2713,,,0.7676681876182556,,0.7675604224205017,0.7675604224205017,,,,
387,2714,,,0.7344438433647156,,0.7343360185623169,0.7343360185623169,,,,
387,2715,,,0.6715636849403381,,0.6714558601379395,0.6714558601379395,,,,
,387,,,,,,,,,1.276587724685669,1.276587724685669
387,2715,,,,,,,1.276587724685669,1.276587724685669,,
387,2715,0.9372943043708801,0.937402069568634,,0.9372943043708801,,,,,,
388,2716,,,0.6871504187583923,,0.6870425939559937,0.6870425939559937,,,,
388,2717,,,0.8664824962615967,,0.866374671459198,0.866374671459198,,,,
388,2718,,,1.2394719123840332,,1.2393640279769897,1.2393640279769897,,,,
388,2719,,,0.8601105809211731,,0.8600026965141296,0.8600026965141296,,,,
388,2720,,,1.5154743194580078,,1.5153664350509644,1.5153664350509644,,,,
388,2721,,,0.5971091389656067,,0.5970012545585632,0.5970012545585632,,,,
388,2722,,,0.47920313477516174,,0.4790952205657959,0.4790952205657959,,,,
,388,,,,,,,,,1.2492148876190186,1.2492148876190186
388,2722,,,,,,,1.2492148876190186,1.2492148876190186,,
388,2722,0.9325195550918579,0.9326274991035461,,0.9325195550918579,,,,,,
389,2723,,,1.0669012069702148,,1.0667933225631714,1.0667933225631714,,,,
389,2724,,,0.6715189218521118,,0.6714109778404236,0.6714109778404236,,,,
389,2725,,,1.673408031463623,,1.67330002784729,1.67330002784729,,,,
389,2726,,,0.5318487882614136,,0.5317408442497253,0.5317408442497253,,,,
389,2727,,,0.6711745262145996,,0.6710665822029114,0.6710665822029114,,,,
389,2728,,,1.0201927423477173,,1.0200847387313843,1.0200847387313843,,,,
389,2729,,,0.7692986726760864,,0.7691906690597534,0.7691906690597534,,,,
,389,,,,,,,,,1.2228529453277588,1.2228529453277588
389,2729,,,,,,,1.2228529453277588,1.2228529453277588,,
389,2729,0.9290733933448792,0.9291813373565674,,0.9290733933448792,,,,,,
390,2730,,,0.7230449318885803,,0.7229369282722473,0.7229369282722473,,,,
390,2731,,,1.1308701038360596,,1.1307621002197266,1.1307621002197266,,,,
390,2732,,,1.0913984775543213,,1.0912904739379883,1.0912904739379883,,,,
390,2733,,,0.6567466259002686,,0.6566385626792908,0.6566385626792908,,,,
390,2734,,,0.8702560067176819,,0.8701479434967041,0.8701479434967041,,,,
390,2735,,,1.294613003730774,,1.2945048809051514,1.2945048809051514,,,,
390,2736,,,0.35748863220214844,,0.35738053917884827,0.35738053917884827,,,,
,390,,,,,,,,,1.2149684429168701,1.2149684429168701
390,2736,,,,,,,1.2149684429168701,1.2149684429168701,,
390,2736,0.925537109375,0.925645112991333,,0.925537109375,,,,,,
391,2737,,,1.0891753435134888,,1.0890672206878662,1.0890672206878662,,,,
391,2738,,,0.812528669834137,,0.8124205470085144,0.8124205470085144,,,,
391,2739,,,0.8966728448867798,,0.8965647220611572,0.8965647220611572,,,,
391,2740,,,1.1239676475524902,,1.1238595247268677,1.1238595247268677,,,,
391,2741,,,0.8768975734710693,,0.876789391040802,0.876789391040802,,,,
391,2742,,,0.891139566898346,,0.8910313844680786,0.8910313844680786,,,,
391,2743,,,0.49955248832702637,,0.49944430589675903,0.49944430589675903,,,,
,391,,,,,,,,,1.2107386589050293,1.2107386589050293
391,2743,,,,,,,1.2107385396957397,1.2107385396957397,,
391,2743,0.9218862056732178,0.9219943284988403,,0.9218862056732178,,,,,,
392,2744,,,0.84187251329422,,0.8417643308639526,0.8417643308639526,,,,
392,2745,,,1.3261746168136597,,1.3260663747787476,1.3260663747787476,,,,
392,2746,,,0.5966062545776367,,0.5964980125427246,0.5964980125427246,,,,
392,2747,,,1.1226997375488281,,1.122591495513916,1.122591495513916,,,,
392,2748,,,0.8902072310447693,,0.8900989890098572,0.8900989890098572,,,,
392,2749,,,0.773605465888977,,0.7734972238540649,0.7734972238540649,,,,
392,2750,,,0.8035907745361328,,0.8034825325012207,0.8034825325012207,,,,
,392,,,,,,,,,1.209215760231018,1.209215760231018
392,2750,,,,,,,1.209215760231018,1.209215760231018,,
392,2750,0.9179328680038452,0.9180411696434021,,0.9179328680038452,,,,,,
393,2751,,,0.8107662200927734,,0.8106579184532166,0.8106579184532166,,,,
393,2752,,,0.45629310607910156,,0.4561848044395447,0.4561848044395447,,,,
393,2753,,,1.1092911958694458,,1.1091828346252441,1.1091828346252441,,,,
393,2754,,,0.8943536877632141,,0.8942453861236572,0.8942453861236572,,,,
393,2755,,,0.9467425346374512,,0.9466341733932495,0.9466341733932495,,,,
393,2756,,,0.6902391910552979,,0.6901308298110962,0.6901308298110962,,,,
393,2757,,,2.460033655166626,,2.459925413131714,2.459925413131714,,,,
,393,,,,,,,,,1.193796157836914,1.193796157836914
393,2757,,,,,,,1.193796157836914,1.193796157836914,,
393,2757,0.9144325852394104,0.9145408272743225,,0.9144325852394104,,,,,,
394,2758,,,0.831261396408081,,0.8311530351638794,0.8311530351638794,,,,
394,2759,,,0.8705297112464905,,0.8704213500022888,0.8704213500022888,,,,
394,2760,,,0.9930831789970398,,0.9929747581481934,0.9929747581481934,,,,
394,2761,,,0.9210467338562012,,0.9209383130073547,0.9209383130073547,,,,
394,2762,,,0.7703752517700195,,0.7702668309211731,0.7702668309211731,,,,
394,2763,,,1.144232988357544,,1.1441245079040527,1.1441245079040527,,,,
394,2764,,,0.7368375062942505,,0.736729085445404,0.736729085445404,,,,
,394,,,,,,,,,1.1980851888656616,1.1980851888656616
394,2764,,,,,,,1.1980851888656616,1.1980851888656616,,
394,2764,0.9107689261436462,0.9108774065971375,,0.9107689261436462,,,,,,
395,2765,,,0.589458703994751,,0.5893502235412598,0.5893502235412598,,,,
395,2766,,,1.1193925142288208,,1.1192840337753296,1.1192840337753296,,,,
395,2767,,,0.8401632905006409,,0.8400548100471497,0.8400548100471497,,,,
395,2768,,,0.5879436731338501,,0.5878351926803589,0.5878351926803589,,,,
395,2769,,,0.9804832339286804,,0.9803747534751892,0.9803747534751892,,,,
395,2770,,,1.348506212234497,,1.3483977317810059,1.3483977317810059,,,,
395,2771,,,0.8453792333602905,,0.8452706933021545,0.8452706933021545,,,,
,395,,,,,,,,,1.2032846212387085,1.2032846212387085
395,2771,,,,,,,1.2032846212387085,1.2032846212387085,,
395,2771,0.9070232510566711,0.9071316719055176,,0.9070232510566711,,,,,,
396,2772,,,1.008935809135437,,1.0088272094726562,1.0088272094726562,,,,
396,2773,,,0.9418164491653442,,0.9417079091072083,0.9417079091072083,,,,
396,2774,,,0.6541060209274292,,0.6539974808692932,0.6539974808692932,,,,
396,2775,,,0.6080617904663086,,0.6079531908035278,0.6079531908035278,,,,
396,2776,,,0.7185170650482178,,0.718408465385437,0.718408465385437,,,,
396,2777,,,0.9881401062011719,,0.9880315065383911,0.9880315065383911,,,,
396,2778,,,2.248546600341797,,2.2484378814697266,2.2484378814697266,,,,
,396,,,,,,,,,1.2029255628585815,1.2029255628585815
396,2778,,,,,,,1.2029255628585815,1.2029255628585815,,
396,2778,0.9038572311401367,0.9039658904075623,,0.9038572311401367,,,,,,
397,2779,,,1.154400110244751,,1.1542915105819702,1.1542915105819702,,,,
397,2780,,,0.5781712532043457,,0.5780625939369202,0.5780625939369202,,,,
397,2781,,,1.3602879047393799,,1.3601793050765991,1.3601793050765991,,,,
397,2782,,,0.6640092730522156,,0.66390061378479,0.66390061378479,,,,
397,2783,,,0.8135592937469482,,0.8134506344795227,0.8134506344795227,,,,
397,2784,,,0.924496591091156,,0.9243878722190857,0.9243878722190857,,,,
397,2785,,,0.6423473358154297,,0.6422386169433594,0.6422386169433594,,,,
,397,,,,,,,,,1.1959812641143799,1.1959812641143799
397,2785,,,,,,,1.1959812641143799,1.1959812641143799,,
397,2785,0.8996254205703735,0.8997340202331543,,0.8996254205703735,,,,,,
398,2786,,,0.6022704839706421,,0.6021617650985718,0.6021617650985718,,,,
398,2787,,,0.924765944480896,,0.9246572256088257,0.9246572256088257,,,,
398,2788,,,0.8135383725166321,,0.8134296536445618,0.8134296536445618,,,,
398,2789,,,0.615193247795105,,0.6150844693183899,0.6150844693183899,,,,
398,2790,,,1.2518688440322876,,1.2517601251602173,1.2517601251602173,,,,
398,2791,,,0.8080295920372009,,0.8079208135604858,0.8079208135604858,,,,
398,2792,,,1.872389554977417,,1.8722807168960571,1.8722807168960571,,,,
,398,,,,,,,,,1.1727275848388672,1.1727275848388672
398,2792,,,,,,,1.1727275848388672,1.1727275848388672,,
398,2792,0.8968030214309692,0.8969117999076843,,0.8968030214309692,,,,,,
399,2793,,,1.0034147500991821,,1.0033059120178223,1.0033059120178223,,,,
399,2794,,,0.860860288143158,,0.8607514500617981,0.8607514500617981,,,,
399,2795,,,1.3080912828445435,,1.3079824447631836,1.3079824447631836,,,,
399,2796,,,0.7433993220329285,,0.7432904839515686,0.7432904839515686,,,,
399,2797,,,0.8612728714942932,,0.8611640334129333,0.8611640334129333,,,,
399,2798,,,0.6618806719779968,,0.661771833896637,0.661771833896637,,,,
399,2799,,,0.6793407201766968,,0.6792318224906921,0.6792318224906921,,,,
,399,,,,,,,,,1.157275915145874,1.157275915145874
399,2799,,,,,,,1.157275915145874,1.157275915145874,,
399,2799,0.8930161595344543,0.8931249976158142,,0.8930161595344543,,,,,,
400,2800,,,0.8869004249572754,,0.8867915272712708,0.8867915272712708,,,,
400,2801,,,1.0030512809753418,,1.0029423236846924,1.0029423236846924,,,,
400,2802,,,0.7399737238883972,,0.7398648262023926,0.7398648262023926,,,,
400,2803,,,0.6741055846214294,,0.6739966869354248,0.6739966869354248,,,,
400,2804,,,1.2740581035614014,,1.273949146270752,1.273949146270752,,,,
400,2805,,,0.8908922672271729,,0.8907833099365234,0.8907833099365234,,,,
400,2806,,,0.5446500778198242,,0.5445411205291748,0.5445411205291748,,,,
,400,,,,,,,,,1.1506844758987427,1.1506844758987427
400,2806,,,,,,,1.1506844758987427,1.1506844758987427,,
400,2806,0.889808714389801,0.8899177312850952,,0.889808714389801,,,,,,
401,2807,,,1.1405994892120361,,1.1404905319213867,1.1404905319213867,,,,
401,2808,,,0.9470748901367188,,0.9469658732414246,0.9469658732414246,,,,
401,2809,,,0.577810525894165,,0.5777015089988708,0.5777015089988708,,,,
401,2810,,,0.7366997599601746,,0.7365907430648804,0.7365907430648804,,,,
401,2811,,,1.0892455577850342,,1.0891364812850952,1.0891364812850952,,,,
401,2812,,,0.9179913997650146,,0.9178823828697205,0.9178823828697205,,,,
401,2813,,,0.6546411514282227,,0.6545320749282837,0.6545320749282837,,,,
,401,,,,,,,,,1.1396342515945435,1.1396342515945435
401,2813,,,,,,,1.1396342515945435,1.1396342515945435,,
401,2813,0.8869360089302063,0.8870450854301453,,0.8869360089302063,,,,,,
402,2814,,,0.6874642372131348,,0.6873551607131958,0.6873551607131958,,,,
402,2815,,,1.0733243227005005,,1.0732152462005615,1.0732152462005615,,,,
402,2816,,,0.7879771590232849,,0.787868082523346,0.787868082523346,,,,
402,2817,,,0.8761024475097656,,0.8759933710098267,0.8759933710098267,,,,
402,2818,,,0.7812232971191406,,0.7811141610145569,0.7811141610145569,,,,
402,2819,,,0.52365642786026,,0.5235472917556763,0.5235472917556763,,,,
402,2820,,,2.401566743850708,,2.4014575481414795,2.4014575481414795,,,,
,402,,,,,,,,,1.140305757522583,1.140305757522583
402,2820,,,,,,,1.140305757522583,1.140305757522583,,
402,2820,0.8830807209014893,0.883189857006073,,0.8830807209014893,,,,,,
403,2821,,,0.9960638284683228,,0.995954692363739,0.995954692363739,,,,
403,2822,,,0.6520248651504517,,0.6519157290458679,0.6519157290458679,,,,
403,2823,,,0.9089369177818298,,0.9088277220726013,0.9088277220726013,,,,
403,2824,,,0.9160872101783752,,0.9159780144691467,0.9159780144691467,,,,
403,2825,,,0.9060755372047424,,0.9059663414955139,0.9059663414955139,,,,
403,2826,,,1.0527926683425903,,1.0526834726333618,1.0526834726333618,,,,
403,2827,,,0.47852087020874023,,0.47841164469718933,0.47841164469718933,,,,
,403,,,,,,,,,1.132294774055481,1.132294774055481
403,2827,,,,,,,1.132294774055481,1.132294774055481,,
403,2827,0.8801145553588867,0.8802237510681152,,0.8801145553588867,,,,,,
404,2828,,,0.5588510632514954,,0.5587418079376221,0.5587418079376221,,,,
404,2829,,,1.0712339878082275,,1.071124792098999,1.071124792098999,,,,
404,2830,,,0.7761369347572327,,0.7760276794433594,0.7760276794433594,,,,
404,2831,,,0.7424968481063843,,0.742387592792511,0.742387592792511,,,,
404,2832,,,1.1658298969268799,,1.1657205820083618,1.1657205820083618,,,,
404,2833,,,0.8545659780502319,,0.8544566631317139,0.8544566631317139,,,,
404,2834,,,1.1147751808166504,,1.1146658658981323,1.1146658658981323,,,,
,404,,,,,,,,,1.126369833946228,1.126369833946228
404,2834,,,,,,,1.126369833946228,1.126369833946228,,
404,2834,0.8763072490692139,0.8764165043830872,,0.8763072490692139,,,,,,
405,2835,,,1.1804956197738647,,1.1803863048553467,1.1803863048553467,,,,
405,2836,,,0.7215140461921692,,0.7214047312736511,0.7214047312736511,,,,
405,2837,,,1.2972499132156372,,1.2971405982971191,1.2971405982971191,,,,
405,2838,,,0.5553781986236572,,0.5552688241004944,0.5552688241004944,,,,
405,2839,,,0.445838987827301,,0.4457296133041382,0.4457296133041382,,,,
405,2840,,,0.618354856967926,,0.6182454824447632,0.6182454824447632,,,,
405,2841,,,2.0114920139312744,,2.011382579803467,2.011382579803467,,,,
,405,,,,,,,,,1.1155705451965332,1.1155705451965332
405,2841,,,,,,,1.1155705451965332,1.1155705451965332,,
405,2841,0.8741089105606079,0.8742182850837708,,0.8741089105606079,,,,,,
406,2842,,,0.6712679266929626,,0.6711585521697998,0.6711585521697998,,,,
406,2843,,,1.0118156671524048,,1.0117062330245972,1.0117062330245972,,,,
406,2844,,,0.798694372177124,,0.7985849380493164,0.7985849380493164,,,,
406,2845,,,0.47412416338920593,,0.4740147292613983,0.4740147292613983,,,,
406,2846,,,1.0128928422927856,,1.012783408164978,1.012783408164978,,,,
406,2847,,,0.9478960633277893,,0.9477866291999817,0.9477866291999817,,,,
406,2848,,,1.6965374946594238,,1.6964280605316162,1.6964280605316162,,,,
,406,,,,,,,,,1.1179298162460327,1.1179298162460327
406,2848,,,,,,,1.1179298162460327,1.1179298162460327,,
406,2848,0.8709325790405273,0.8710418939590454,,0.8709325790405273,,,,,,
407,2849,,,1.2052631378173828,,1.2051537036895752,1.2051537036895752,,,,
407,2850,,,0.6593759059906006,,0.6592664122581482,0.6592664122581482,,,,
407,2851,,,0.9242488741874695,,0.9241393804550171,0.9241393804550171,,,,
407,2852,,,0.8357138633728027,,0.8356043696403503,0.8356043696403503,,,,
407,2853,,,0.4987480938434601,,0.4986385703086853,0.4986385703086853,,,,
407,2854,,,1.0888948440551758,,1.0887852907180786,1.0887852907180786,,,,
407,2855,,,0.8333866000175476,,0.8332770466804504,0.8332770466804504,,,,
,407,,,,,,,,,1.1286894083023071,1.1286894083023071
407,2855,,,,,,,1.1286894083023071,1.1286894083023071,,
407,2855,0.8665202260017395,0.8666297793388367,,0.8665202260017395,,,,,,
408,2856,,,1.4599031209945679,,1.4597935676574707,1.4597935676574707,,,,
408,2857,,,0.521774411201477,,0.5216648578643799,0.5216648578643799,,,,
408,2858,,,1.1319226026535034,,1.1318130493164062,1.1318130493164062,,,,
408,2859,,,0.5864325165748596,,0.5863229036331177,0.5863229036331177,,,,
408,2860,,,0.6710186004638672,,0.6709089875221252,0.6709089875221252,,,,
408,2861,,,0.9101454615592957,,0.9100358486175537,0.9100358486175537,,,,
408,2862,,,0.5922226905822754,,0.5921130180358887,0.5921130180358887,,,,
,408,,,,,,,,,1.130999207496643,1.130999207496643
408,2862,,,,,,,1.130999207496643,1.130999207496643,,
408,2862,0.8631501197814941,0.8632596135139465,,0.8631501197814941,,,,,,
409,2863,,,0.45733729004859924,,0.4572276473045349,0.4572276473045349,,,,
409,2864,,,0.792532742023468,,0.7924230694770813,0.7924230694770813,,,,
409,2865,,,1.2519593238830566,,1.25184965133667,1.25184965133667,,,,
409,2866,,,0.6529693603515625,,0.6528596878051758,0.6528596878051758,,,,
409,2867,,,1.3306224346160889,,1.3305127620697021,1.3305127620697021,,,,
409,2868,,,0.8344683647155762,,0.8343586325645447,0.8343586325645447,,,,
409,2869,,,0.43588030338287354,,0.43577057123184204,0.43577057123184204,,,,
,409,,,,,,,,,1.1277275085449219,1.1277275085449219
409,2869,,,,,,,1.1277275085449219,1.1277275085449219,,
409,2869,0.8600228428840637,0.8601324558258057,,0.8600228428840637,,,,,,
410,2870,,,0.7315725684165955,,0.731462836265564,0.731462836265564,,,,
410,2871,,,0.8467569351196289,,0.8466472029685974,0.8466472029685974,,,,
410,2872,,,0.8933908939361572,,0.893281102180481,0.893281102180481,,,,
410,2873,,,1.1426044702529907,,1.1424946784973145,1.1424946784973145,,,,
410,2874,,,0.5129591822624207,,0.5128493905067444,0.5128493905067444,,,,
410,2875,,,0.6559845805168152,,0.6558747887611389,0.6558747887611389,,,,
410,2876,,,1.8162978887557983,,1.816188097000122,1.816188097000122,,,,
,410,,,,,,,,,1.1167858839035034,1.1167858839035034
410,2876,,,,,,,1.1167858839035034,1.1167858839035034,,
410,2876,0.8570478558540344,0.8571577072143555,,0.8570478558540344,,,,,,
411,2877,,,0.5946738719940186,,0.5945640206336975,0.5945640206336975,,,,
411,2878,,,0.8264530897140503,,0.8263432383537292,0.8263432383537292,,,,
411,2879,,,0.6837350130081177,,0.6836251616477966,0.6836251616477966,,,,
411,2880,,,1.0411531925201416,,1.0410432815551758,1.0410432815551758,,,,
411,2881,,,0.825358510017395,,0.825248658657074,0.825248658657074,,,,
411,2882,,,1.2368659973144531,,1.2367560863494873,1.2367560863494873,,,,
411,2883,,,0.6197564005851746,,0.6196464896202087,0.6196464896202087,,,,
,411,,,,,,,,,1.0964559316635132,1.0964559316635132
411,2883,,,,,,,1.0964559316635132,1.0964559316635132,,
411,2883,0.8533251881599426,0.8534349799156189,,0.8533251881599426,,,,,,
412,2884,,,0.9298005700111389,,0.9296906590461731,0.9296906590461731,,,,
412,2885,,,0.7443027496337891,,0.7441928386688232,0.7441928386688232,,,,
412,2886,,,0.6343141794204712,,0.6342042684555054,0.6342042684555054,,,,
412,2887,,,1.0217180252075195,,1.0216081142425537,1.0216081142425537,,,,
412,2888,,,1.3010295629501343,,1.3009196519851685,1.3009196519851685,,,,
412,2889,,,0.597169041633606,,0.5970590710639954,0.5970590710639954,,,,
412,2890,,,0.5174999833106995,,0.5173900127410889,0.5173900127410889,,,,
,412,,,,,,,,,1.0776625871658325,1.0776625871658325
412,2890,,,,,,,1.0776625871658325,1.0776625871658325,,
412,2890,0.8504621386528015,0.8505720496177673,,0.8504621386528015,,,,,,
413,2891,,,1.330400824546814,,1.3302907943725586,1.3302907943725586,,,,
413,2892,,,0.7475748062133789,,0.7474647760391235,0.7474647760391235,,,,
413,2893,,,1.0377309322357178,,1.0376209020614624,1.0376209020614624,,,,
413,2894,,,0.4641628861427307,,0.46405285596847534,0.46405285596847534,,,,
413,2895,,,0.8216856718063354,,0.8215756416320801,0.8215756416320801,,,,
413,2896,,,0.6417052149772644,,0.641595184803009,0.641595184803009,,,,
413,2897,,,0.9577400088310242,,0.957629919052124,0.957629919052124,,,,
,413,,,,,,,,,1.0768775939941406,1.0768775939941406
413,2897,,,,,,,1.0768775939941406,1.0768775939941406,,
413,2897,0.8473272919654846,0.8474372625350952,,0.8473272919654846,,,,,,
414,2898,,,1.0716807842254639,,1.0715707540512085,1.0715707540512085,,,,
414,2899,,,0.8093740344047546,,0.8092639446258545,0.8092639446258545,,,,
414,2900,,,0.6390184164047241,,0.638908326625824,0.638908326625824,,,,
414,2901,,,0.8380186557769775,,0.8379085659980774,0.8379085659980774,,,,
414,2902,,,0.7042772769927979,,0.7041671276092529,0.7041671276092529,,,,
414,2903,,,1.2109324932098389,,1.210822343826294,1.210822343826294,,,,
414,2904,,,0.2832656502723694,,0.28315550088882446,0.28315550088882446,,,,
,414,,,,,,,,,1.0814998149871826,1.0814998149871826
414,2904,,,,,,,1.0814998149871826,1.0814998149871826,,
414,2904,0.8437371850013733,0.8438473343849182,,0.8437371850013733,,,,,,
415,2905,,,1.0633076429367065,,1.0631974935531616,1.0631974935531616,,,,
415,2906,,,0.7275843620300293,,0.7274742126464844,0.7274742126464844,,,,
415,2907,,,1.1053773164749146,,1.1052671670913696,1.1052671670913696,,,,
415,2908,,,0.7952364683151245,,0.7951262593269348,0.7951262593269348,,,,
415,2909,,,0.573607861995697,,0.5734976530075073,0.5734976530075073,,,,
415,2910,,,0.7465159296989441,,0.7464057207107544,0.7464057207107544,,,,
415,2911,,,0.9325801730155945,,0.9324699640274048,0.9324699640274048,,,,
,415,,,,,,,,,1.0874511003494263,1.0874511003494263
415,2911,,,,,,,1.0874511003494263,1.0874511003494263,,
415,2911,0.8408854007720947,0.8409956097602844,,0.8408854007720947,,,,,,
416,2912,,,1.4534211158752441,,1.4533108472824097,1.4533108472824097,,,,
416,2913,,,0.40644732117652893,,0.40633705258369446,0.40633705258369446,,,,
416,2914,,,0.4355885982513428,,0.4354783296585083,0.4354783296585083,,,,
416,2915,,,0.4618678689002991,,0.4617576003074646,0.4617576003074646,,,,
416,2916,,,0.7594550848007202,,0.7593448162078857,0.7593448162078857,,,,
416,2917,,,0.797991931438446,,0.7978816032409668,0.7978816032409668,,,,
416,2918,,,2.7362210750579834,,2.7361106872558594,2.7361106872558594,,,,
,416,,,,,,,,,1.090848445892334,1.090848445892334
416,2918,,,,,,,1.090848445892334,1.090848445892334,,
416,2918,0.8376708626747131,0.8377811312675476,,0.8376708626747131,,,,,,
417,2919,,,0.6278712153434753,,0.6277608871459961,0.6277608871459961,,,,
417,2920,,,0.8518368601799011,,0.8517265319824219,0.8517265319824219,,,,
417,2921,,,0.9776483178138733,,0.977537989616394,0.977537989616394,,,,
417,2922,,,0.9399674534797668,,0.9398570656776428,0.9398570656776428,,,,
417,2923,,,0.4218493103981018,,0.4217389225959778,0.4217389225959778,,,,
417,2924,,,0.863743782043457,,0.863633394241333,0.863633394241333,,,,
417,2925,,,1.7073618173599243,,1.7072514295578003,1.7072514295578003,,,,
,417,,,,,,,,,1.0701687335968018,1.0701687335968018
417,2925,,,,,,,1.0701687335968018,1.0701687335968018,,
417,2925,0.8348978757858276,0.8350082039833069,,0.8348978757858276,,,,,,
418,2926,,,1.0121513605117798,,1.0120409727096558,1.0120409727096558,,,,
418,2927,,,1.0165016651153564,,1.0163912773132324,1.0163912773132324,,,,
418,2928,,,0.7759923338890076,,0.7758818864822388,0.7758818864822388,,,,
418,2929,,,0.8049660325050354,,0.8048555850982666,0.8048555850982666,,,,
418,2930,,,0.6392586827278137,,0.6391482353210449,0.6391482353210449,,,,
418,2931,,,0.7384222149848938,,0.738311767578125,0.738311767578125,,,,
418,2932,,,0.8368908166885376,,0.8367803692817688,0.8367803692817688,,,,
,418,,,,,,,,,1.0534577369689941,1.0534577369689941
418,2932,,,,,,,1.0534577369689941,1.0534577369689941,,
418,2932,0.8314387798309326,0.831549346446991,,0.8314387798309326,,,,,,
419,2933,,,0.9575044512748718,,0.9573939442634583,0.9573939442634583,,,,
419,2934,,,0.6558124423027039,,0.6557019352912903,0.6557019352912903,,,,
419,2935,,,0.621096134185791,,0.6209856271743774,0.6209856271743774,,,,
419,2936,,,0.7139294147491455,,0.7138189077377319,0.7138189077377319,,,,
419,2937,,,0.6676812171936035,,0.6675706505775452,0.6675706505775452,,,,
419,2938,,,0.7249497175216675,,0.7248391509056091,0.7248391509056091,,,,
419,2939,,,2.5054268836975098,,2.5053162574768066,2.5053162574768066,,,,
,419,,,,,,,,,1.0186378955841064,1.0186378955841064
419,2939,,,,,,,1.0186378955841064,1.0186378955841064,,
419,2939,0.8282045125961304,0.8283150792121887,,0.8282045125961304,,,,,,
420,2940,,,1.0301119089126587,,1.0300012826919556,1.0300012826919556,,,,
420,2941,,,0.529880166053772,,0.5297695994377136,0.5297695994377136,,,,
420,2942,,,0.9016996622085571,,0.9015890955924988,0.9015890955924988,,,,
420,2943,,,1.0567364692687988,,1.0566258430480957,1.0566258430480957,,,,
420,2944,,,0.6344897747039795,,0.6343791484832764,0.6343791484832764,,,,
420,2945,,,0.8396433591842651,,0.839532732963562,0.839532732963562,,,,
420,2946,,,0.7099676728248596,,0.7098570466041565,0.7098570466041565,,,,
,420,,,,,,,,,1.0056138038635254,1.0056138038635254
420,2946,,,,,,,1.0056138038635254,1.0056138038635254,,
420,2946,0.8247990608215332,0.8249096870422363,,0.8247990608215332,,,,,,
421,2947,,,1.3481279611587524,,1.3480173349380493,1.3480173349380493,,,,
421,2948,,,0.6982373595237732,,0.6981266736984253,0.6981266736984253,,,,
421,2949,,,0.772141695022583,,0.7720310091972351,0.7720310091972351,,,,
421,2950,,,0.6095166206359863,,0.6094059348106384,0.6094059348106384,,,,
421,2951,,,0.8649418950080872,,0.8648312091827393,0.8648312091827393,,,,
421,2952,,,0.527550220489502,,0.527439534664154,0.527439534664154,,,,
421,2953,,,1.1183180809020996,,1.118207335472107,1.118207335472107,,,,
,421,,,,,,,,,0.9990144968032837,0.9990144968032837
421,2953,,,,,,,0.9990144968032837,0.9990144968032837,,
421,2953,0.8218321204185486,0.8219427466392517,,0.8218321204185486,,,,,,
422,2954,,,1.1381218433380127,,1.13801109790802,1.13801109790802,,,,
422,2955,,,0.6266130208969116,,0.626502275466919,0.626502275466919,,,,
422,2956,,,0.7549201846122742,,0.7548094391822815,0.7548094391822815,,,,
422,2957,,,0.8828526139259338,,0.8827418684959412,0.8827418684959412,,,,
422,2958,,,0.41007712483406067,,0.4099663496017456,0.4099663496017456,,,,
422,2959,,,1.173837423324585,,1.1737266778945923,1.1737266778945923,,,,
422,2960,,,0.6157118082046509,,0.6156010031700134,0.6156010031700134,,,,
,422,,,,,,,,,0.9898756742477417,0.9898756742477417
422,2960,,,,,,,0.9898756742477417,0.9898756742477417,,
422,2960,0.8182914853096008,0.8184021711349487,,0.8182914853096008,,,,,,
423,2961,,,0.6252904534339905,,0.625179648399353,0.625179648399353,,,,
423,2962,,,1.4067801237106323,,1.40666925907135,1.40666925907135,,,,
423,2963,,,0.9508873820304871,,0.9507765173912048,0.9507765173912048,,,,
423,2964,,,0.5955458283424377,,0.5954349637031555,0.5954349637031555,,,,
423,2965,,,0.4092737138271332,,0.40916284918785095,0.40916284918785095,,,,
423,2966,,,0.9155263900756836,,0.9154155254364014,0.9154155254364014,,,,
423,2967,,,0.7796262502670288,,0.7795153856277466,0.7795153856277466,,,,
,423,,,,,,,,,0.9803361892700195,0.9803361892700195
423,2967,,,,,,,0.9803361892700195,0.9803361892700195,,
423,2967,0.8148951530456543,0.8150060772895813,,0.8148951530456543,,,,,,
424,2968,,,0.6169297099113464,,0.6168187856674194,0.6168187856674194,,,,
424,2969,,,0.7079356908798218,,0.7078247666358948,0.7078247666358948,,,,
424,2970,,,0.5047878623008728,,0.5046769380569458,0.5046769380569458,,,,
424,2971,,,0.791260838508606,,0.791149914264679,0.791149914264679,,,,
424,2972,,,0.910313069820404,,0.910202145576477,0.910202145576477,,,,
424,2973,,,1.4220216274261475,,1.4219106435775757,1.4219106435775757,,,,
424,2974,,,0.5886512398719788,,0.588540256023407,0.588540256023407,,,,
,424,,,,,,,,,0.9739824533462524,0.9739824533462524
424,2974,,,,,,,0.9739824533462524,0.9739824533462524,,
424,2974,0.811495840549469,0.811606764793396,,0.811495840549469,,,,,,
425,2975,,,0.4536728858947754,,0.4535619020462036,0.4535619020462036,,,,
425,2976,,,1.4801965951919556,,1.4800856113433838,1.4800856113433838,,,,
425,2977,,,0.858475387096405,,0.8583644032478333,0.8583644032478333,,,,
425,2978,,,0.5007275938987732,,0.5006165504455566,0.5006165504455566,,,,
425,2979,,,1.1415600776672363,,1.1414490938186646,1.1414490938186646,,,,
425,2980,,,0.6021809577941895,,0.6020699143409729,0.6020699143409729,,,,
425,2981,,,0.3075665831565857,,0.30745553970336914,0.30745553970336914,,,,
,425,,,,,,,,,0.9702321290969849,0.9702321290969849
425,2981,,,,,,,0.9702321290969849,0.9702321290969849,,
425,2981,0.8080695867538452,0.8081805109977722,,0.8080695867538452,,,,,,
426,2982,,,1.1984014511108398,,1.1982903480529785,1.1982903480529785,,,,
426,2983,,,0.4860305190086365,,0.48591944575309753,0.48591944575309753,,,,
426,2984,,,1.2418843507766724,,1.241773247718811,1.241773247718811,,,,
426,2985,,,0.6857136487960815,,0.6856025457382202,0.6856025457382202,,,,
426,2986,,,0.3778846561908722,,0.37777355313301086,0.37777355313301086,,,,
426,2987,,,0.8651536703109741,,0.8650425672531128,0.8650425672531128,,,,
426,2988,,,0.7348601818084717,,0.7347490787506104,0.7347490787506104,,,,
,426,,,,,,,,,0.9644587635993958,0.9644587635993958
426,2988,,,,,,,0.9644587635993958,0.9644587635993958,,
426,2988,0.8046953082084656,0.8048064112663269,,0.8046953082084656,,,,,,
427,2989,,,0.6844669580459595,,0.6843557953834534,0.6843557953834534,,,,
427,2990,,,0.9346023201942444,,0.9344911575317383,0.9344911575317383,,,,
427,2991,,,0.8086879849433899,,0.8085768222808838,0.8085768222808838,,,,
427,2992,,,0.6963662505149841,,0.696255087852478,0.696255087852478,,,,
427,2993,,,1.1902278661727905,,1.1901166439056396,1.1901166439056396,,,,
427,2994,,,0.6053079962730408,,0.6051967740058899,0.6051967740058899,,,,
427,2995,,,0.5052965879440308,,0.5051853656768799,0.5051853656768799,,,,
,427,,,,,,,,,0.9618250131607056,0.9618250131607056
427,2995,,,,,,,0.9618250131607056,0.9618250131607056,,
427,2995,0.801323413848877,0.8014346361160278,,0.801323413848877,,,,,,
428,2996,,,0.7437692880630493,,0.7436580657958984,0.7436580657958984,,,,
428,2997,,,0.9811795353889465,,0.9810683131217957,0.9810683131217957,,,,
428,2998,,,0.5488573312759399,,0.5487461090087891,0.5487461090087891,,,,
428,2999,,,0.8674666285514832,,0.8673553466796875,0.8673553466796875,,,,
428,3000,,,0.511859655380249,,0.5117483735084534,0.5117483735084534,,,,
428,3001,,,1.334878921508789,,1.3347675800323486,1.3347675800323486,,,,
428,3002,,,0.26260384917259216,,0.2624925673007965,0.2624925673007965,,,,
,428,,,,,,,,,0.9629422426223755,0.9629422426223755
428,3002,,,,,,,0.9629422426223755,0.9629422426223755,,
428,3002,0.7977691888809204,0.7978804111480713,,0.7977691888809204,,,,,,
429,3003,,,0.5041777491569519,,0.5040664672851562,0.5040664672851562,,,,
429,3004,,,0.8976423740386963,,0.8975310325622559,0.8975310325622559,,,,
429,3005,,,0.7345240712165833,,0.7344127297401428,0.7344127297401428,,,,
429,3006,,,1.5688899755477905,,1.56877863407135,1.56877863407135,,,,
429,3007,,,0.5003681778907776,,0.5002568364143372,0.5002568364143372,,,,
429,3008,,,0.6286994218826294,,0.628588080406189,0.628588080406189,,,,
429,3009,,,0.6061923503875732,,0.6060810089111328,0.6060810089111328,,,,
,429,,,,,,,,,0.9578267335891724,0.9578267335891724
429,3009,,,,,,,0.9578267335891724,0.9578267335891724,,
429,3009,0.7938688397407532,0.7939801812171936,,0.7938688397407532,,,,,,
430,3010,,,0.603593111038208,,0.6034817099571228,0.6034817099571228,,,,
430,3011,,,0.7590388655662537,,0.7589274644851685,0.7589274644851685,,,,
430,3012,,,1.5771312713623047,,1.5770198106765747,1.5770198106765747,,,,
430,3013,,,0.5360110998153687,,0.5358996987342834,0.5358996987342834,,,,
430,3014,,,0.6462332010269165,,0.6461217999458313,0.6461217999458313,,,,
430,3015,,,0.6884177327156067,,0.6883062720298767,0.6883062720298767,,,,
430,3016,,,0.5891559720039368,,0.5890445113182068,0.5890445113182068,,,,
,430,,,,,,,,,0.9552344083786011,0.9552344083786011
430,3016,,,,,,,0.9552344083786011,0.9552344083786011,,
430,3016,0.7891212701797485,0.7892327308654785,,0.7891212701797485,,,,,,
431,3017,,,0.9686724543571472,,0.9685609936714172,0.9685609936714172,,,,
431,3018,,,0.48808541893959045,,0.4879739582538605,0.4879739582538605,,,,
431,3019,,,1.005570411682129,,1.005458950996399,1.005458950996399,,,,
431,3020,,,0.6036206483840942,,0.6035091280937195,0.6035091280937195,,,,
431,3021,,,0.5013387203216553,,0.5012272000312805,0.5012272000312805,,,,
431,3022,,,0.6277913451194763,,0.6276798248291016,0.6276798248291016,,,,
431,3023,,,2.1640124320983887,,2.163900852203369,2.163900852203369,,,,
,431,,,,,,,,,0.9438759684562683,0.9438759684562683
431,3023,,,,,,,0.9438759684562683,0.9438759684562683,,
431,3023,0.7852349877357483,0.7853464484214783,,0.7852349877357483,,,,,,
432,3024,,,0.4796455502510071,,0.47953400015830994,0.47953400015830994,,,,
432,3025,,,0.5549741387367249,,0.5548625588417053,0.5548625588417053,,,,
432,3026,,,0.8514423370361328,,0.8513307571411133,0.8513307571411133,,,,
432,3027,,,0.8823224306106567,,0.8822108507156372,0.8822108507156372,,,,
432,3028,,,0.46660664677619934,,0.4664950668811798,0.4664950668811798,,,,
432,3029,,,0.9337419271469116,,0.9336303472518921,0.9336303472518921,,,,
432,3030,,,2.162338972091675,,2.1622273921966553,2.1622273921966553,,,,
,432,,,,,,,,,0.93433678150177,0.93433678150177
432,3030,,,,,,,0.93433678150177,0.93433678150177,,
432,3030,0.7810037732124329,0.7811153531074524,,0.7810037732124329,,,,,,
433,3031,,,0.5386748313903809,,0.5385631918907166,0.5385631918907166,,,,
433,3032,,,0.870832622051239,,0.8707209825515747,0.8707209825515747,,,,
433,3033,,,0.46807271242141724,,0.46796107292175293,0.46796107292175293,,,,
433,3034,,,1.1525415182113647,,1.1524298191070557,1.1524298191070557,,,,
433,3035,,,0.6233247518539429,,0.6232131123542786,0.6232131123542786,,,,
433,3036,,,0.9428142309188843,,0.9427025318145752,0.9427025318145752,,,,
433,3037,,,0.9628321528434753,,0.9627204537391663,0.9627204537391663,,,,
,433,,,,,,,,,0.9363765120506287,0.9363765120506287
433,3037,,,,,,,0.9363765120506287,0.9363765120506287,,
433,3037,0.7775075435638428,0.7776193022727966,,0.7775075435638428,,,,,,
434,3038,,,0.43218380212783813,,0.43207210302352905,0.43207210302352905,,,,
434,3039,,,0.6409716606140137,,0.6408599615097046,0.6408599615097046,,,,
434,3040,,,0.8037288784980774,,0.8036171793937683,0.8036171793937683,,,,
434,3041,,,1.2693889141082764,,1.2692772150039673,1.2692772150039673,,,,
434,3042,,,0.5061396360397339,,0.50602787733078,0.50602787733078,,,,
434,3043,,,1.2021770477294922,,1.202065348625183,1.202065348625183,,,,
434,3044,,,0.20249660313129425,,0.2023848295211792,0.2023848295211792,,,,
,434,,,,,,,,,0.9329777359962463,0.9329777359962463
434,3044,,,,,,,0.9329777359962463,0.9329777359962463,,
434,3044,0.7733041644096375,0.7734158635139465,,0.7733041644096375,,,,,,
435,3045,,,0.507031261920929,,0.5069195032119751,0.5069195032119751,,,,
435,3046,,,0.7761088013648987,,0.7759970426559448,0.7759970426559448,,,,
435,3047,,,1.3553681373596191,,1.3552563190460205,1.3552563190460205,,,,
435,3048,,,0.7465206980705261,,0.7464088797569275,0.7464088797569275,,,,
435,3049,,,0.636858344078064,,0.6367465257644653,0.6367465257644653,,,,
435,3050,,,0.6982221603393555,,0.6981103420257568,0.6981103420257568,,,,
435,3051,,,0.48837417364120483,,0.4882623255252838,0.4882623255252838,,,,
,435,,,,,,,,,0.9347165822982788,0.9347165822982788
435,3051,,,,,,,0.9347165822982788,0.9347165822982788,,
435,3051,0.7690253853797913,0.7691372036933899,,0.7690253853797913,,,,,,
436,3052,,,0.2590649127960205,,0.2589530646800995,0.2589530646800995,,,,
436,3053,,,1.0960593223571777,,1.095947504043579,1.095947504043579,,,,
436,3054,,,0.8761407732963562,,0.8760288953781128,0.8760288953781128,,,,
436,3055,,,0.8265271186828613,,0.8264152407646179,0.8264152407646179,,,,
436,3056,,,0.8186031579971313,,0.8184912800788879,0.8184912800788879,,,,
436,3057,,,0.7962758541107178,,0.7961639165878296,0.7961639165878296,,,,
436,3058,,,0.5477480888366699,,0.5476361513137817,0.5476361513137817,,,,
,436,,,,,,,,,0.9172355532646179,0.9172355532646179
436,3058,,,,,,,0.9172355532646179,0.9172355532646179,,
436,3058,0.7650766372680664,0.7651885747909546,,0.7650766372680664,,,,,,
437,3059,,,0.9179701805114746,,0.9178582429885864,0.9178582429885864,,,,
437,3060,,,0.8473058938980103,,0.8471939563751221,0.8471939563751221,,,,
437,3061,,,0.7878857254981995,,0.7877737879753113,0.7877737879753113,,,,
437,3062,,,0.38478603959083557,,0.384674072265625,0.384674072265625,,,,
437,3063,,,0.43103349208831787,,0.4309214949607849,0.4309214949607849,,,,
437,3064,,,0.7546312808990479,,0.7545192837715149,0.7545192837715149,,,,
437,3065,,,1.9488786458969116,,1.9487665891647339,1.9487665891647339,,,,
,437,,,,,,,,,0.9022372364997864,0.9022372364997864
437,3065,,,,,,,0.9022372364997864,0.9022372364997864,,
437,3065,0.7613691687583923,0.7614810466766357,,0.7613691687583923,,,,,,
438,3066,,,0.9582837224006653,,0.9581717252731323,0.9581717252731323,,,,
438,3067,,,1.0456297397613525,,1.0455176830291748,1.0455176830291748,,,,
438,3068,,,0.5010448098182678,,0.5009327530860901,0.5009327530860901,,,,
438,3069,,,1.0742018222808838,,1.074089765548706,1.074089765548706,,,,
438,3070,,,0.5182300209999084,,0.5181179642677307,0.5181179642677307,,,,
438,3071,,,0.5235216617584229,,0.5234096050262451,0.5234096050262451,,,,
438,3072,,,0.5612794756889343,,0.5611673593521118,0.5611673593521118,,,,
,438,,,,,,,,,0.8947390913963318,0.8947390913963318
438,3072,,,,,,,0.8947390913963318,0.8947390913963318,,
438,3072,0.7577532529830933,0.757865309715271,,0.7577532529830933,,,,,,
439,3073,,,1.201605200767517,,1.2014931440353394,1.2014931440353394,,,,
439,3074,,,1.1983939409255981,,1.1982818841934204,1.1982818841934204,,,,
439,3075,,,0.5467590093612671,,0.5466468930244446,0.5466468930244446,,,,
439,3076,,,0.5197296738624573,,0.5196175575256348,0.5196175575256348,,,,
439,3077,,,0.311287522315979,,0.3111753761768341,0.3111753761768341,,,,
439,3078,,,0.566601574420929,,0.5664893984794617,0.5664893984794617,,,,
439,3079,,,1.242549180984497,,1.2424370050430298,1.2424370050430298,,,,
,439,,,,,,,,,0.8994394540786743,0.8994394540786743
439,3079,,,,,,,0.8994394540786743,0.8994394540786743,,
439,3079,0.7544499039649963,0.7545620203018188,,0.7544499039649963,,,,,,
440,3080,,,0.7173133492469788,,0.7172011733055115,0.7172011733055115,,,,
440,3081,,,1.3637782335281372,,1.36366605758667,1.36366605758667,,,,
440,3082,,,0.5133820176124573,,0.51326984167099,0.51326984167099,,,,
440,3083,,,0.4503709375858307,,0.450258731842041,0.450258731842041,,,,
440,3084,,,0.7485072016716003,,0.7483949661254883,0.7483949661254883,,,,
440,3085,,,0.7267792820930481,,0.726667046546936,0.726667046546936,,,,
440,3086,,,0.7205802798271179,,0.7204680442810059,0.7204680442810059,,,,
,440,,,,,,,,,0.888302743434906,0.888302743434906
440,3086,,,,,,,0.888302743434906,0.888302743434906,,
440,3086,0.7513149976730347,0.7514272332191467,,0.7513149976730347,,,,,,
441,3087,,,0.9017667770385742,,0.9016545414924622,0.9016545414924622,,,,
441,3088,,,0.37918975949287415,,0.3790774941444397,0.3790774941444397,,,,
441,3089,,,0.5821942090988159,,0.5820819139480591,0.5820819139480591,,,,
441,3090,,,1.2521291971206665,,1.2520169019699097,1.2520169019699097,,,,
441,3091,,,0.7365986108779907,,0.7364863157272339,0.7364863157272339,,,,
441,3092,,,0.6739161014556885,,0.6738038063049316,0.6738038063049316,,,,
441,3093,,,0.6415054798126221,,0.6413931250572205,0.6413931250572205,,,,
,441,,,,,,,,,0.8614846467971802,0.8614846467971802
441,3093,,,,,,,0.8614846467971802,0.8614846467971802,,
441,3093,0.7475519180297852,0.747664213180542,,0.7475519180297852,,,,,,
442,3094,,,0.9158790707588196,,0.915766716003418,0.915766716003418,,,,
442,3095,,,0.8438296914100647,,0.8437173366546631,0.8437173366546631,,,,
442,3096,,,0.42120373249053955,,0.42109134793281555,0.42109134793281555,,,,
442,3097,,,0.6261180639266968,,0.6260056495666504,0.6260056495666504,,,,
442,3098,,,0.3990624248981476,,0.3989500105381012,0.3989500105381012,,,,
442,3099,,,0.801909327507019,,0.8017969131469727,0.8017969131469727,,,,
442,3100,,,1.978298544883728,,1.9781861305236816,1.9781861305236816,,,,
,442,,,,,,,,,0.8408383131027222,0.8408383131027222
442,3100,,,,,,,0.8408383131027222,0.8408383131027222,,
442,3100,0.7449643611907959,0.7450767159461975,,0.7449643611907959,,,,,,
443,3101,,,0.5648617148399353,,0.5647493004798889,0.5647493004798889,,,,
443,3102,,,0.754135012626648,,0.7540225386619568,0.7540225386619568,,,,
443,3103,,,0.3967476487159729,,0.3966352045536041,0.3966352045536041,,,,
443,3104,,,0.6829620003700256,,0.6828495264053345,0.6828495264053345,,,,
443,3105,,,0.7576805353164673,,0.7575680613517761,0.7575680613517761,,,,
443,3106,,,1.1852751970291138,,1.1851626634597778,1.1851626634597778,,,,
443,3107,,,1.0368671417236328,,1.0367546081542969,1.0367546081542969,,,,
,443,,,,,,,,,0.8467209935188293,0.8467209935188293
443,3107,,,,,,,0.8467209935188293,0.8467209935188293,,
443,3107,0.7419247627258301,0.7420371770858765,,0.7419247627258301,,,,,,
444,3108,,,1.4514974355697632,,1.4513849020004272,1.4513849020004272,,,,
444,3109,,,0.38807305693626404,,0.3879605233669281,0.3879605233669281,,,,
444,3110,,,0.5122836828231812,,0.5121711492538452,0.5121711492538452,,,,
444,3111,,,0.9299296140670776,,0.9298170804977417,0.9298170804977417,,,,
444,3112,,,0.738990306854248,,0.7388777732849121,0.7388777732849121,,,,
444,3113,,,0.5368603467941284,,0.5367477536201477,0.5367477536201477,,,,
444,3114,,,0.4140845239162445,,0.4139719307422638,0.4139719307422638,,,,
,444,,,,,,,,,0.8471158146858215,0.8471158146858215
444,3114,,,,,,,0.8471158146858215,0.8471158146858215,,
444,3114,0.7391685247421265,0.7392809987068176,,0.7391685247421265,,,,,,
445,3115,,,0.7372183799743652,,0.7371057868003845,0.7371057868003845,,,,
445,3116,,,0.9739718437194824,,0.9738592505455017,0.9738592505455017,,,,
445,3117,,,0.4627549946308136,,0.4626423716545105,0.4626423716545105,,,,
445,3118,,,0.41344186663627625,,0.41332924365997314,0.41332924365997314,,,,
445,3119,,,0.6405311226844788,,0.6404184699058533,0.6404184699058533,,,,
445,3120,,,1.1813803911209106,,1.1812677383422852,1.1812677383422852,,,,
445,3121,,,0.7537144422531128,,0.7536017894744873,0.7536017894744873,,,,
,445,,,,,,,,,0.840497612953186,0.840497612953186
445,3121,,,,,,,0.840497612953186,0.840497612953186,,
445,3121,0.7358782291412354,0.7359907627105713,,0.7358782291412354,,,,,,
446,3122,,,0.323078989982605,,0.3229663074016571,0.3229663074016571,,,,
446,3123,,,0.822488009929657,,0.8223752975463867,0.8223752975463867,,,,
446,3124,,,0.5505136847496033,,0.550400972366333,0.550400972366333,,,,
446,3125,,,0.7374463081359863,,0.7373335957527161,0.7373335957527161,,,,
446,3126,,,0.6557839512825012,,0.655671238899231,0.655671238899231,,,,
446,3127,,,0.9313955903053284,,0.9312828779220581,0.9312828779220581,,,,
446,3128,,,1.7506663799285889,,1.7505536079406738,1.7505536079406738,,,,
,446,,,,,,,,,0.8278519511222839,0.8278519511222839
446,3128,,,,,,,0.8278519511222839,0.8278519511222839,,
446,3128,0.7335667610168457,0.733679473400116,,0.7335667610168457,,,,,,
447,3129,,,0.5385120511054993,,0.5383992791175842,0.5383992791175842,,,,
447,3130,,,0.4288295805454254,,0.4287168085575104,0.4287168085575104,,,,
447,3131,,,1.2821440696716309,,1.2820312976837158,1.2820312976837158,,,,
447,3132,,,0.8147295713424683,,0.8146167993545532,0.8146167993545532,,,,
447,3133,,,0.7872485518455505,,0.7871357798576355,0.7871357798576355,,,,
447,3134,,,0.583846926689148,,0.5837340950965881,0.5837340950965881,,,,
447,3135,,,0.6076363325119019,,0.607523500919342,0.607523500919342,,,,
,447,,,,,,,,,0.8140543699264526,0.8140543699264526
447,3135,,,,,,,0.8140543699264526,0.8140543699264526,,
447,3135,0.7313655614852905,0.7314783930778503,,0.7313655614852905,,,,,,
448,3136,,,0.43209442496299744,,0.4319815933704376,0.4319815933704376,,,,
448,3137,,,0.702839732170105,,0.7027269005775452,0.7027269005775452,,,,
448,3138,,,1.295021653175354,,1.2949087619781494,1.2949087619781494,,,,
448,3139,,,0.45459678769111633,,0.45448392629623413,0.45448392629623413,,,,
448,3140,,,0.7751514315605164,,0.7750385403633118,0.7750385403633118,,,,
448,3141,,,0.7848588228225708,,0.7847459316253662,0.7847459316253662,,,,
448,3142,,,0.5308871865272522,,0.5307742953300476,0.5307742953300476,,,,
,448,,,,,,,,,0.8173835277557373,0.8173835277557373
448,3142,,,,,,,0.8173834681510925,0.8173834681510925,,
448,3142,0.7283021807670593,0.7284150123596191,,0.7283021807670593,,,,,,
449,3143,,,0.6243852376937866,,0.624272346496582,0.624272346496582,,,,
449,3144,,,0.5254405736923218,,0.5253276228904724,0.5253276228904724,,,,
449,3145,,,0.5481482744216919,,0.5480353236198425,0.5480353236198425,,,,
449,3146,,,0.6379329562187195,,0.6378200054168701,0.6378200054168701,,,,
449,3147,,,1.4866786003112793,,1.4865655899047852,1.4865655899047852,,,,
449,3148,,,0.5087339878082275,,0.5086210370063782,0.5086210370063782,,,,
449,3149,,,0.7869343757629395,,0.7868213653564453,0.7868213653564453,,,,
,449,,,,,,,,,0.8223124146461487,0.8223124146461487
449,3149,,,,,,,0.8223124146461487,0.8223124146461487,,
449,3149,0.725600004196167,0.7257129549980164,,0.725600004196167,,,,,,
450,3150,,,0.5268794298171997,,0.5267664194107056,0.5267664194107056,,,,
450,3151,,,0.8544208407402039,,0.8543078303337097,0.8543078303337097,,,,
450,3152,,,0.4012739360332489,,0.40116092562675476,0.40116092562675476,,,,
450,3153,,,0.5929082632064819,,0.5927952527999878,0.5927952527999878,,,,
450,3154,,,1.2594841718673706,,1.2593711614608765,1.2593711614608765,,,,
450,3155,,,0.6348505020141602,,0.6347374320030212,0.6347374320030212,,,,
450,3156,,,0.9015219807624817,,0.9014089107513428,0.9014089107513428,,,,
,450,,,,,,,,,0.8229466080665588,0.8229466080665588
450,3156,,,,,,,0.8229466080665588,0.8229466080665588,,
450,3156,0.7226929664611816,0.7228059768676758,,0.7226929664611816,,,,,,
451,3157,,,0.3945923447608948,,0.39447927474975586,0.39447927474975586,,,,
451,3158,,,0.5736186504364014,,0.5735055804252625,0.5735055804252625,,,,
451,3159,,,0.6233904361724854,,0.6232773661613464,0.6232773661613464,,,,
451,3160,,,0.6595048308372498,,0.6593917012214661,0.6593917012214661,,,,
451,3161,,,0.7805050015449524,,0.7803918719291687,0.7803918719291687,,,,
451,3162,,,1.4334566593170166,,1.433343529701233,1.433343529701233,,,,
451,3163,,,0.3395240306854248,,0.3394108712673187,0.3394108712673187,,,,
,451,,,,,,,,,0.8204668760299683,0.8204668760299683
451,3163,,,,,,,0.8204668760299683,0.8204668760299683,,
451,3163,0.7202617526054382,0.7203748226165771,,0.7202617526054382,,,,,,
452,3164,,,0.587666928768158,,0.5875537991523743,0.5875537991523743,,,,
452,3165,,,0.6670554876327515,,0.666942298412323,0.666942298412323,,,,
452,3166,,,0.710715651512146,,0.7106024622917175,0.7106024622917175,,,,
452,3167,,,0.5238717794418335,,0.523758590221405,0.523758590221405,,,,
452,3168,,,1.0130643844604492,,1.012951135635376,1.012951135635376,,,,
452,3169,,,0.943538248538971,,0.9434250593185425,0.9434250593185425,,,,
452,3170,,,0.3526917099952698,,0.3525784909725189,0.3525784909725189,,,,
,452,,,,,,,,,0.8063100576400757,0.8063100576400757
452,3170,,,,,,,0.8063100576400757,0.8063100576400757,,
452,3170,0.7180314064025879,0.7181445956230164,,0.7180314064025879,,,,,,
453,3171,,,0.6734070181846619,,0.6732937693595886,0.6732937693595886,,,,
453,3172,,,0.710832417011261,,0.7107191681861877,0.7107191681861877,,,,
453,3173,,,0.5931520462036133,,0.59303879737854,0.59303879737854,,,,
453,3174,,,0.5435421466827393,,0.543428897857666,0.543428897857666,,,,
453,3175,,,0.8843950033187866,,0.8842816948890686,0.8842816948890686,,,,
453,3176,,,0.9011756181716919,,0.9010623097419739,0.9010623097419739,,,,
453,3177,,,0.6844848990440369,,0.6843715906143188,0.6843715906143188,,,,
,453,,,,,,,,,0.7899208664894104,0.7899208664894104
453,3177,,,,,,,0.7899208664894104,0.7899208664894104,,
453,3177,0.7156806588172913,0.7157939076423645,,0.7156806588172913,,,,,,
454,3178,,,0.7744563817977905,,0.7743430733680725,0.7743430733680725,,,,
454,3179,,,0.5771918892860413,,0.5770785808563232,0.5770785808563232,,,,
454,3180,,,1.0901252031326294,,1.0900118350982666,1.0900118350982666,,,,
454,3181,,,0.42579224705696106,,0.42567887902259827,0.42567887902259827,,,,
454,3182,,,0.7489396333694458,,0.748826265335083,0.748826265335083,,,,
454,3183,,,0.44622543454170227,,0.4461120665073395,0.4461120665073395,,,,
454,3184,,,1.2889713048934937,,1.2888579368591309,1.2888579368591309,,,,
,454,,,,,,,,,0.7883803248405457,0.7883803248405457
454,3184,,,,,,,0.7883803248405457,0.7883803248405457,,
454,3184,0.7129995822906494,0.7131129503250122,,0.7129995822906494,,,,,,
455,3185,,,0.6796704530715942,,0.6795570254325867,0.6795570254325867,,,,
455,3186,,,0.6613013744354248,,0.6611879467964172,0.6611879467964172,,,,
455,3187,,,1.2752629518508911,,1.2751495838165283,1.2751495838165283,,,,
455,3188,,,0.4567052721977234,,0.4565918445587158,0.4565918445587158,,,,
455,3189,,,0.7161967754364014,,0.7160833477973938,0.7160833477973938,,,,
455,3190,,,0.6238922476768494,,0.623778760433197,0.623778760433197,,,,
455,3191,,,0.30786728858947754,,0.3077538311481476,0.3077538311481476,,,,
,455,,,,,,,,,0.7800260186195374,0.7800260186195374
455,3191,,,,,,,0.7800260186195374,0.7800260186195374,,
455,3191,0.7102361917495728,0.7103497385978699,,0.7102361917495728,,,,,,
456,3192,,,0.8542982935905457,,0.8541848063468933,0.8541848063468933,,,,
456,3193,,,0.8792978525161743,,0.879184365272522,0.879184365272522,,,,
456,3194,,,0.3445759117603302,,0.34446242451667786,0.34446242451667786,,,,
456,3195,,,1.130717396736145,,1.1306039094924927,1.1306039094924927,,,,
456,3196,,,0.7324754595756531,,0.732361912727356,0.732361912727356,,,,
456,3197,,,0.4279248118400574,,0.42781126499176025,0.42781126499176025,,,,
456,3198,,,0.38604405522346497,,0.38593050837516785,0.38593050837516785,,,,
,456,,,,,,,,,0.7715978026390076,0.7715978026390076
456,3198,,,,,,,0.7715978026390076,0.7715978026390076,,
456,3198,0.7079737186431885,0.7080872654914856,,0.7079737186431885,,,,,,
457,3199,,,0.5816668272018433,,0.5815532803535461,0.5815532803535461,,,,
457,3200,,,0.4044366478919983,,0.4043230712413788,0.4043230712413788,,,,
457,3201,,,1.4342341423034668,,1.434120535850525,1.434120535850525,,,,
457,3202,,,0.4389294385910034,,0.4388158619403839,0.4388158619403839,,,,
457,3203,,,0.37886279821395874,,0.37874919176101685,0.37874919176101685,,,,
457,3204,,,0.9238648414611816,,0.9237512350082397,0.9237512350082397,,,,
457,3205,,,0.89984130859375,,0.8997277021408081,0.8997277021408081,,,,
,457,,,,,,,,,0.7711166143417358,0.7711166143417358
457,3205,,,,,,,0.7711166143417358,0.7711166143417358,,
457,3205,0.7056801915168762,0.7057937979698181,,0.7056801915168762,,,,,,
458,3206,,,0.5963886380195618,,0.5962750315666199,0.5962750315666199,,,,
458,3207,,,1.0187335014343262,,1.0186198949813843,1.0186198949813843,,,,
458,3208,,,0.7400270104408264,,0.7399133443832397,0.7399133443832397,,,,
458,3209,,,0.7527345418930054,,0.7526208758354187,0.7526208758354187,,,,
458,3210,,,0.45859646797180176,,0.4584828019142151,0.4584828019142151,,,,
458,3211,,,0.7180483937263489,,0.7179347276687622,0.7179347276687622,,,,
458,3212,,,0.5271844863891602,,0.5270707607269287,0.5270707607269287,,,,
,458,,,,,,,,,0.7663373351097107,0.7663373351097107
458,3212,,,,,,,0.7663373351097107,0.7663373351097107,,
458,3212,0.702980101108551,0.7030937075614929,,0.702980101108551,,,,,,
459,3213,,,1.2262276411056519,,1.2261139154434204,1.2261139154434204,,,,
459,3214,,,0.7118353247642517,,0.7117215991020203,0.7117215991020203,,,,
459,3215,,,0.797731876373291,,0.7976181507110596,0.7976181507110596,,,,
459,3216,,,0.5170236229896545,,0.5169098973274231,0.5169098973274231,,,,
459,3217,,,0.7561529278755188,,0.7560391426086426,0.7560391426086426,,,,
459,3218,,,0.3274577856063843,,0.32734400033950806,0.32734400033950806,,,,
459,3219,,,0.3523920178413391,,0.3522782325744629,0.3522782325744629,,,,
,459,,,,,,,,,0.767129123210907,0.767129123210907
459,3219,,,,,,,0.767129123210907,0.767129123210907,,
459,3219,0.7008394002914429,0.7009530663490295,,0.7008394002914429,,,,,,
460,3220,,,0.914700448513031,,0.9145866632461548,0.9145866632461548,,,,
460,3221,,,0.6676326394081116,,0.6675188541412354,0.6675188541412354,,,,
460,3222,,,0.6575799584388733,,0.6574661135673523,0.6574661135673523,,,,
460,3223,,,0.8801465034484863,,0.8800326585769653,0.8800326585769653,,,,
460,3224,,,0.8883525133132935,,0.8882386684417725,0.8882386684417725,,,,
460,3225,,,0.32994377613067627,,0.3298299312591553,0.3298299312591553,,,,
460,3226,,,0.3095121383666992,,0.30939826369285583,0.30939826369285583,,,,
,460,,,,,,,,,0.7675084471702576,0.7675084471702576
460,3226,,,,,,,0.7675084471702576,0.7675084471702576,,
460,3226,0.6986192464828491,0.6987329125404358,,0.6986192464828491,,,,,,
461,3227,,,0.5660701990127563,,0.5659563541412354,0.5659563541412354,,,,
461,3228,,,0.6138824820518494,,0.6137685775756836,0.6137685775756836,,,,
461,3229,,,0.7938169240951538,,0.793703019618988,0.793703019618988,,,,
461,3230,,,0.9987363815307617,,0.998622477054596,0.998622477054596,,,,
461,3231,,,0.3713895082473755,,0.37127557396888733,0.37127557396888733,,,,
461,3232,,,0.7817350625991821,,0.7816211581230164,0.7816211581230164,,,,
461,3233,,,0.8295098543167114,,0.8293958902359009,0.8293958902359009,,,,
,461,,,,,,,,,0.7629101276397705,0.7629101276397705
461,3233,,,,,,,0.7629101872444153,0.7629101872444153,,
461,3233,0.695838451385498,0.6959524154663086,,0.695838451385498,,,,,,
462,3234,,,0.8998857736587524,,0.8997718095779419,0.8997718095779419,,,,
462,3235,,,0.6883460879325867,,0.6882321238517761,0.6882321238517761,,,,
462,3236,,,0.4680611193180084,,0.4679471552371979,0.4679471552371979,,,,
462,3237,,,0.44025859236717224,,0.4401445984840393,0.4401445984840393,,,,
462,3238,,,0.32877981662750244,,0.3286658227443695,0.3286658227443695,,,,
462,3239,,,1.2466001510620117,,1.2464861869812012,1.2464861869812012,,,,
462,3240,,,0.9419505596160889,,0.9418365359306335,0.9418365359306335,,,,
,462,,,,,,,,,0.764825701713562,0.764825701713562
462,3240,,,,,,,0.764825701713562,0.764825701713562,,
462,3240,0.6940292119979858,0.6941431760787964,,0.6940292119979858,,,,,,
463,3241,,,0.3895646333694458,,0.3894506096839905,0.3894506096839905,,,,
463,3242,,,0.7738823890686035,,0.7737683653831482,0.7737683653831482,,,,
463,3243,,,0.4820256233215332,,0.4819115698337555,0.4819115698337555,,,,
463,3244,,,0.5591303706169128,,0.5590162873268127,0.5590162873268127,,,,
463,3245,,,0.9871317148208618,,0.9870176315307617,0.9870176315307617,,,,
463,3246,,,0.935311496257782,,0.9351974129676819,0.9351974129676819,,,,
463,3247,,,0.7490854859352112,,0.7489714026451111,0.7489714026451111,,,,
,463,,,,,,,,,0.7483633756637573,0.7483633756637573
463,3247,,,,,,,0.7483633756637573,0.7483633756637573,,
463,3247,0.6913295984268188,0.6914436221122742,,0.6913295984268188,,,,,,
464,3248,,,1.127872109413147,,1.1277580261230469,1.1277580261230469,,,,
464,3249,,,0.5346969962120056,,0.5345828533172607,0.5345828533172607,,,,
464,3250,,,0.5499439835548401,,0.5498298406600952,0.5498298406600952,,,,
464,3251,,,0.5262468457221985,,0.5261327028274536,0.5261327028274536,,,,
464,3252,,,0.5507616996765137,,0.5506475567817688,0.5506475567817688,,,,
464,3253,,,0.9414060711860657,,0.9412919282913208,0.9412919282913208,,,,
464,3254,,,0.425234317779541,,0.42512014508247375,0.42512014508247375,,,,
,464,,,,,,,,,0.7311166524887085,0.7311166524887085
464,3254,,,,,,,0.7311166524887085,0.7311166524887085,,
464,3254,0.6885745525360107,0.6886886954307556,,0.6885745525360107,,,,,,
465,3255,,,0.39406490325927734,,0.3939507007598877,0.3939507007598877,,,,
465,3256,,,0.65065997838974,,0.6505457758903503,0.6505457758903503,,,,
465,3257,,,1.425415277481079,,1.4253010749816895,1.4253010749816895,,,,
465,3258,,,0.4172233045101166,,0.41710907220840454,0.41710907220840454,,,,
465,3259,,,0.6898759603500366,,0.6897616982460022,0.6897616982460022,,,,
465,3260,,,0.6340992450714111,,0.6339849829673767,0.6339849829673767,,,,
465,3261,,,0.4424888789653778,,0.4423746168613434,0.4423746168613434,,,,
,465,,,,,,,,,0.7216559052467346,0.7216559052467346
465,3261,,,,,,,0.7216559052467346,0.7216559052467346,,
465,3261,0.6865167021751404,0.68663090467453,,0.6865167021751404,,,,,,
466,3262,,,0.7206419706344604,,0.720527708530426,0.720527708530426,,,,
466,3263,,,0.6795243620872498,,0.6794100999832153,0.6794100999832153,,,,
466,3264,,,1.1973177194595337,,1.1972033977508545,1.1972033977508545,,,,
466,3265,,,0.5069975852966309,,0.5068832635879517,0.5068832635879517,,,,
466,3266,,,0.5694131851196289,,0.5692988634109497,0.5692988634109497,,,,
466,3267,,,0.4904591143131256,,0.4903447926044464,0.4903447926044464,,,,
466,3268,,,0.5273219347000122,,0.527207612991333,0.527207612991333,,,,
,466,,,,,,,,,0.7127608060836792,0.7127608060836792
466,3268,,,,,,,0.7127608060836792,0.7127608060836792,,
466,3268,0.6841366291046143,0.6842509508132935,,0.6841366291046143,,,,,,
467,3269,,,0.7631471157073975,,0.7630327939987183,0.7630327939987183,,,,
467,3270,,,0.3859827220439911,,0.3858683705329895,0.3858683705329895,,,,
467,3271,,,1.188401222229004,,1.1882869005203247,1.1882869005203247,,,,
467,3272,,,0.9128976464271545,,0.9127832651138306,0.9127832651138306,,,,
467,3273,,,0.579881489276886,,0.579767107963562,0.579767107963562,,,,
467,3274,,,0.43351051211357117,,0.4333961009979248,0.4333961009979248,,,,
467,3275,,,0.22675307095050812,,0.22663864493370056,0.22663864493370056,,,,
,467,,,,,,,,,0.7016801834106445,0.7016801834106445
467,3275,,,,,,,0.7016801834106445,0.7016801834106445,,
467,3275,0.6820587515830994,0.6821730136871338,,0.6820587515830994,,,,,,
468,3276,,,0.6531866192817688,,0.6530721783638,0.6530721783638,,,,
468,3277,,,0.6324441432952881,,0.6323297023773193,0.6323297023773193,,,,
468,3278,,,0.5790244936943054,,0.5789100527763367,0.5789100527763367,,,,
468,3279,,,0.689287543296814,,0.6891731023788452,0.6891731023788452,,,,
468,3280,,,0.8725842237472534,,0.8724697232246399,0.8724697232246399,,,,
468,3281,,,0.6765403151512146,,0.6764258146286011,0.6764258146286011,,,,
468,3282,,,0.6165492534637451,,0.6164347529411316,0.6164347529411316,,,,
,468,,,,,,,,,0.6978052854537964,0.6978052854537964
468,3282,,,,,,,0.6978052854537964,0.6978052854537964,,
468,3282,0.6797714829444885,0.6798860430717468,,0.6797714829444885,,,,,,
469,3283,,,0.7057775855064392,,0.7056630849838257,0.7056630849838257,,,,
469,3284,,,0.710509717464447,,0.7103952169418335,0.7103952169418335,,,,
469,3285,,,0.4126075506210327,,0.4124930202960968,0.4124930202960968,,,,
469,3286,,,0.8112421631813049,,0.8111276030540466,0.8111276030540466,,,,
469,3287,,,0.9703534245491028,,0.9702388644218445,0.9702388644218445,,,,
469,3288,,,0.6148734092712402,,0.6147588491439819,0.6147588491439819,,,,
469,3289,,,0.25188788771629333,,0.25177329778671265,0.25177329778671265,,,,
,469,,,,,,,,,0.6886104941368103,0.6886104941368103
469,3289,,,,,,,0.6886104941368103,0.6886104941368103,,
469,3289,0.6775045990943909,0.6776190996170044,,0.6775045990943909,,,,,,
470,3290,,,0.6794195771217346,,0.6793050169944763,0.6793050169944763,,,,
470,3291,,,0.40941736102104187,,0.4093027710914612,0.4093027710914612,,,,
470,3292,,,1.1057710647583008,,1.1056565046310425,1.1056565046310425,,,,
470,3293,,,0.6858932375907898,,0.6857786178588867,0.6857786178588867,,,,
470,3294,,,0.552053689956665,,0.551939070224762,0.551939070224762,,,,
470,3295,,,0.3741060197353363,,0.37399137020111084,0.37399137020111084,,,,
470,3296,,,1.3417421579360962,,1.3416274785995483,1.3416274785995483,,,,
,470,,,,,,,,,0.6825127601623535,0.6825127601623535
470,3296,,,,,,,0.6825127601623535,0.6825127601623535,,
470,3296,0.6759347319602966,0.6760493516921997,,0.6759347319602966,,,,,,
471,3297,,,0.40780240297317505,,0.4076877236366272,0.4076877236366272,,,,
471,3298,,,0.700141966342926,,0.7000272870063782,0.7000272870063782,,,,
471,3299,,,0.7844614386558533,,0.7843467593193054,0.7843467593193054,,,,
471,3300,,,0.490628719329834,,0.49051401019096375,0.49051401019096375,,,,
471,3301,,,0.46851804852485657,,0.46840333938598633,0.46840333938598633,,,,
471,3302,,,0.620664656162262,,0.6205499172210693,0.6205499172210693,,,,
471,3303,,,2.1889193058013916,,2.1888046264648438,2.1888046264648438,,,,
,471,,,,,,,,,0.6872807145118713,0.6872807145118713
471,3303,,,,,,,0.6872807145118713,0.6872807145118713,,
471,3303,0.6733067631721497,0.6734214425086975,,0.6733067631721497,,,,,,
472,3304,,,0.5381559729576111,,0.5380412340164185,0.5380412340164185,,,,
472,3305,,,0.4663081467151642,,0.46619337797164917,0.46619337797164917,,,,
472,3306,,,1.4315694570541382,,1.4314546585083008,1.4314546585083008,,,,
472,3307,,,0.560635507106781,,0.5605207085609436,0.5605207085609436,,,,
472,3308,,,0.3690682053565979,,0.3689534068107605,0.3689534068107605,,,,
472,3309,,,0.7081621289253235,,0.7080473303794861,0.7080473303794861,,,,
472,3310,,,0.5427685379981995,,0.5426537394523621,0.5426537394523621,,,,
,472,,,,,,,,,0.6798621416091919,0.6798621416091919
472,3310,,,,,,,0.6798621416091919,0.6798621416091919,,
472,3310,0.6708558201789856,0.6709706783294678,,0.6708558201789856,,,,,,
473,3311,,,0.6950026750564575,,0.6948878765106201,0.6948878765106201,,,,
473,3312,,,0.47137686610221863,,0.47126203775405884,0.47126203775405884,,,,
473,3313,,,0.9182183742523193,,0.9181035161018372,0.9181035161018372,,,,
473,3314,,,0.6148866415023804,,0.6147717833518982,0.6147717833518982,,,,
473,3315,,,0.5557959675788879,,0.5556811094284058,0.5556811094284058,,,,
473,3316,,,0.47972989082336426,,0.4796150028705597,0.4796150028705597,,,,
473,3317,,,1.413405179977417,,1.41329026222229,1.41329026222229,,,,
,473,,,,,,,,,0.6723030209541321,0.6723030209541321
473,3317,,,,,,,0.6723030209541321,0.6723030209541321,,
473,3317,0.6689106225967407,0.6690254807472229,,0.6689106225967407,,,,,,
474,3318,,,0.6949606537818909,,0.6948457360267639,0.6948457360267639,,,,
474,3319,,,0.4186735153198242,,0.41855859756469727,0.41855859756469727,,,,
474,3320,,,0.6787346005439758,,0.6786196827888489,0.6786196827888489,,,,
474,3321,,,0.695612907409668,,0.695497989654541,0.695497989654541,,,,
474,3322,,,0.271755576133728,,0.2716406285762787,0.2716406285762787,,,,
474,3323,,,1.088217854499817,,1.08810293674469,1.08810293674469,,,,
474,3324,,,1.0797605514526367,,1.0796456336975098,1.0796456336975098,,,,
,474,,,,,,,,,0.6635617613792419,0.6635617613792419
474,3324,,,,,,,0.6635617613792419,0.6635617613792419,,
474,3324,0.6670011878013611,0.6671160459518433,,0.6670011878013611,,,,,,
475,3325,,,0.3522193133831024,,0.3521043360233307,0.3521043360233307,,,,
475,3326,,,1.4431205987930298,,1.4430055618286133,1.4430055618286133,,,,
475,3327,,,0.6179952025413513,,0.6178802251815796,0.6178802251815796,,,,
475,3328,,,0.7125543355941772,,0.7124392986297607,0.7124392986297607,,,,
475,3329,,,0.6355258226394653,,0.6354107856750488,0.6354107856750488,,,,
475,3330,,,0.339044988155365,,0.3389299511909485,0.3389299511909485,,,,
475,3331,,,0.36736926436424255,,0.36725422739982605,0.36725422739982605,,,,
,475,,,,,,,,,0.6498083472251892,0.6498083472251892
475,3331,,,,,,,0.6498083472251892,0.6498083472251892,,
475,3331,0.6647043228149414,0.6648193597793579,,0.6647043228149414,,,,,,
476,3332,,,0.6722443699836731,,0.6721293330192566,0.6721293330192566,,,,
476,3333,,,0.3648621439933777,,0.3647470772266388,0.3647470772266388,,,,
476,3334,,,0.6413491368293762,,0.6412340402603149,0.6412340402603149,,,,
476,3335,,,0.793663501739502,,0.7935484051704407,0.7935484051704407,,,,
476,3336,,,1.0411254167556763,,1.0410102605819702,1.0410102605819702,,,,
476,3337,,,0.5597377419471741,,0.5596226453781128,0.5596226453781128,,,,
476,3338,,,0.4055790305137634,,0.40546390414237976,0.40546390414237976,,,,
,476,,,,,,,,,0.6401889324188232,0.6401889324188232
476,3338,,,,,,,0.6401888728141785,0.6401888728141785,,
476,3338,0.662641704082489,0.6627567410469055,,0.662641704082489,,,,,,
477,3339,,,1.1432108879089355,,1.1430957317352295,1.1430957317352295,,,,
477,3340,,,0.9188585877418518,,0.9187434315681458,0.9187434315681458,,,,
477,3341,,,0.4362635314464569,,0.43614837527275085,0.43614837527275085,,,,
477,3342,,,0.4265877306461334,,0.42647257447242737,0.42647257447242737,,,,
477,3343,,,0.7825471758842468,,0.7824320197105408,0.7824320197105408,,,,
477,3344,,,0.28823986649513245,,0.288124680519104,0.288124680519104,,,,
477,3345,,,0.5779563188552856,,0.5778411030769348,0.5778411030769348,,,,
,477,,,,,,,,,0.6318221688270569,0.6318221688270569
477,3345,,,,,,,0.6318221688270569,0.6318221688270569,,
477,3345,0.6606600284576416,0.6607751250267029,,0.6606600284576416,,,,,,
478,3346,,,0.5779305100440979,,0.5778152942657471,0.5778152942657471,,,,
478,3347,,,0.3653804063796997,,0.3652651906013489,0.3652651906013489,,,,
478,3348,,,1.1734553575515747,,1.173340082168579,1.173340082168579,,,,
478,3349,,,0.7576878666877747,,0.757572591304779,0.757572591304779,,,,
478,3350,,,0.607643187046051,,0.6075279116630554,0.6075279116630554,,,,
478,3351,,,0.43539074063301086,,0.43527546525001526,0.43527546525001526,,,,
478,3352,,,0.7520857453346252,,0.7519704699516296,0.7519704699516296,,,,
,478,,,,,,,,,0.6283855438232422,0.6283855438232422
478,3352,,,,,,,0.6283855438232422,0.6283855438232422,,
478,3352,0.6586330533027649,0.6587482690811157,,0.6586330533027649,,,,,,
479,3353,,,0.3609795868396759,,0.3608642816543579,0.3608642816543579,,,,
479,3354,,,0.5769586563110352,,0.5768433809280396,0.5768433809280396,,,,
479,3355,,,0.6441543698310852,,0.6440390348434448,0.6440390348434448,,,,
479,3356,,,0.38415029644966125,,0.3840349614620209,0.3840349614620209,,,,
479,3357,,,1.339298963546753,,1.3391835689544678,1.3391835689544678,,,,
479,3358,,,0.4251222312450409,,0.4250068664550781,0.4250068664550781,,,,
479,3359,,,1.2144354581832886,,1.2143200635910034,1.2143200635910034,,,,
,479,,,,,,,,,0.6251624226570129,0.6251624226570129
479,3359,,,,,,,0.6251624226570129,0.6251624226570129,,
479,3359,0.6565243005752563,0.656639575958252,,0.6565243005752563,,,,,,
480,3360,,,0.7288534045219421,,0.728738009929657,0.728738009929657,,,,
480,3361,,,0.6119120717048645,,0.6117966771125793,0.6117966771125793,,,,
480,3362,,,0.5910937190055847,,0.5909783244132996,0.5909783244132996,,,,
480,3363,,,0.486369788646698,,0.48625439405441284,0.48625439405441284,,,,
480,3364,,,0.5818741917610168,,0.5817587971687317,0.5817587971687317,,,,
480,3365,,,1.0007342100143433,,1.000618815422058,1.000618815422058,,,,
480,3366,,,0.4631337523460388,,0.4630182981491089,0.4630182981491089,,,,
,480,,,,,,,,,0.6247348189353943,0.6247348189353943
480,3366,,,,,,,0.6247348189353943,0.6247348189353943,,
480,3366,0.654710054397583,0.6548254489898682,,0.654710054397583,,,,,,
481,3367,,,0.8044675588607788,,0.8043521046638489,0.8043521046638489,,,,
481,3368,,,0.4633152484893799,,0.46319979429244995,0.46319979429244995,,,,
481,3369,,,0.4535048007965088,,0.45338931679725647,0.45338931679725647,,,,
481,3370,,,1.3280836343765259,,1.3279681205749512,1.3279681205749512,,,,
481,3371,,,0.2511165142059326,,0.2510010302066803,0.2510010302066803,,,,
481,3372,,,0.7057842016220093,,0.7056686878204346,0.7056686878204346,,,,
481,3373,,,0.40739259123802185,,0.40727707743644714,0.40727707743644714,,,,
,481,,,,,,,,,0.6173788905143738,0.6173788905143738
481,3373,,,,,,,0.6173788905143738,0.6173788905143738,,
481,3373,0.6522836089134216,0.6523991227149963,,0.6522836089134216,,,,,,
482,3374,,,0.5900180339813232,,0.5899025201797485,0.5899025201797485,,,,
482,3375,,,0.5356779098510742,,0.5355623960494995,0.5355623960494995,,,,
482,3376,,,0.46700429916381836,,0.46688875555992126,0.46688875555992126,,,,
482,3377,,,1.1919153928756714,,1.1917998790740967,1.1917998790740967,,,,
482,3378,,,0.2940095067024231,,0.2938939332962036,0.2938939332962036,,,,
482,3379,,,0.7607903480529785,,0.760674774646759,0.760674774646759,,,,
482,3380,,,0.820377767086029,,0.8202621936798096,0.8202621936798096,,,,
,482,,,,,,,,,0.6232471466064453,0.6232471466064453
482,3380,,,,,,,0.6232471466064453,0.6232471466064453,,
482,3380,0.6504032015800476,0.6505187749862671,,0.6504032015800476,,,,,,
483,3381,,,0.9617583751678467,,0.9616427421569824,0.9616427421569824,,,,
483,3382,,,0.8884292840957642,,0.8883136510848999,0.8883136510848999,,,,
483,3383,,,0.5629380941390991,,0.5628224611282349,0.5628224611282349,,,,
483,3384,,,0.43560007214546204,,0.4354844391345978,0.4354844391345978,,,,
483,3385,,,0.754055380821228,,0.7539397478103638,0.7539397478103638,,,,
483,3386,,,0.424569308757782,,0.42445364594459534,0.42445364594459534,,,,
483,3387,,,0.2809969484806061,,0.28088128566741943,0.28088128566741943,,,,
,483,,,,,,,,,0.6274289488792419,0.6274289488792419
483,3387,,,,,,,0.6274289488792419,0.6274289488792419,,
483,3387,0.6481548547744751,0.6482704877853394,,0.6481548547744751,,,,,,
484,3388,,,0.3049706816673279,,0.30485498905181885,0.30485498905181885,,,,
484,3389,,,0.3970907926559448,,0.3969751000404358,0.3969751000404358,,,,
484,3390,,,0.4816664457321167,,0.48155075311660767,0.48155075311660767,,,,
484,3391,,,0.8104435205459595,,0.8103278279304504,0.8103278279304504,,,,
484,3392,,,0.8451655507087708,,0.8450498580932617,0.8450498580932617,,,,
484,3393,,,1.1228344440460205,,1.1227186918258667,1.1227186918258667,,,,
484,3394,,,0.42014962434768677,,0.42003387212753296,0.42003387212753296,,,,
,484,,,,,,,,,0.6300569176673889,0.6300569176673889
484,3394,,,,,,,0.6300569176673889,0.6300569176673889,,
484,3394,0.6461160778999329,0.6462317705154419,,0.6461160778999329,,,,,,
485,3395,,,0.3374808430671692,,0.3373650908470154,0.3373650908470154,,,,
485,3396,,,0.672137439250946,,0.6720216870307922,0.6720216870307922,,,,
485,3397,,,0.2703869640827179,,0.2702711820602417,0.2702711820602417,,,,
485,3398,,,1.1748881340026855,,1.1747723817825317,1.1747723817825317,,,,
485,3399,,,0.8247565627098083,,0.8246407508850098,0.8246407508850098,,,,
485,3400,,,0.6319398283958435,,0.6318240165710449,0.6318240165710449,,,,
485,3401,,,0.5226837396621704,,0.5225679278373718,0.5225679278373718,,,,
,485,,,,,,,,,0.6291543841362,0.6291543841362
485,3401,,,,,,,0.6291543841362,0.6291543841362,,
485,3401,0.644213080406189,0.6443288326263428,,0.644213080406189,,,,,,
486,3402,,,0.5468597412109375,,0.5467439293861389,0.5467439293861389,,,,
486,3403,,,0.9745655059814453,,0.9744496941566467,0.9744496941566467,,,,
486,3404,,,0.3228060305118561,,0.3226901888847351,0.3226901888847351,,,,
486,3405,,,0.49690520763397217,,0.4967893362045288,0.4967893362045288,,,,
486,3406,,,1.2269121408462524,,1.226796269416809,1.226796269416809,,,,
486,3407,,,0.3142540454864502,,0.31413817405700684,0.31413817405700684,,,,
486,3408,,,0.5690127015113831,,0.5688968300819397,0.5688968300819397,,,,
,486,,,,,,,,,0.6270566582679749,0.6270566582679749
486,3408,,,,,,,0.6270566582679749,0.6270566582679749,,
486,3408,0.642344057559967,0.6424599289894104,,0.642344057559967,,,,,,
487,3409,,,0.531304657459259,,0.5311887264251709,0.5311887264251709,,,,
487,3410,,,0.7876545786857605,,0.7875386476516724,0.7875386476516724,,,,
487,3411,,,0.8714694976806641,,0.8713535666465759,0.8713535666465759,,,,
487,3412,,,0.3310205936431885,,0.33090466260910034,0.33090466260910034,,,,
487,3413,,,0.70524662733078,,0.7051306962966919,0.7051306962966919,,,,
487,3414,,,0.598550021648407,,0.5984340906143188,0.5984340906143188,,,,
487,3415,,,0.6840549111366272,,0.6839389204978943,0.6839389204978943,,,,
,487,,,,,,,,,0.6220475435256958,0.6220475435256958
487,3415,,,,,,,0.6220475435256958,0.6220475435256958,,
487,3415,0.6401610970497131,0.640277087688446,,0.6401610970497131,,,,,,
488,3416,,,0.4970606863498688,,0.49694469571113586,0.49694469571113586,,,,
488,3417,,,0.4745233356952667,,0.4744073450565338,0.4744073450565338,,,,
488,3418,,,0.3914358913898468,,0.3913199007511139,0.3913199007511139,,,,
488,3419,,,1.0796258449554443,,1.0795098543167114,1.0795098543167114,,,,
488,3420,,,0.3730298578739166,,0.37291383743286133,0.37291383743286133,,,,
488,3421,,,1.0381664037704468,,1.0380504131317139,1.0380504131317139,,,,
488,3422,,,0.5755617618560791,,0.5754457116127014,0.5754457116127014,,,,
,488,,,,,,,,,0.6187185645103455,0.6187185645103455
488,3422,,,,,,,0.6187185645103455,0.6187185645103455,,
488,3422,0.6382648348808289,0.6383808255195618,,0.6382648348808289,,,,,,
489,3423,,,1.0454134941101074,,1.045297384262085,1.045297384262085,,,,
489,3424,,,0.4389392137527466,,0.4388231337070465,0.4388231337070465,,,,
489,3425,,,0.6775882244110107,,0.6774721145629883,0.6774721145629883,,,,
489,3426,,,0.6184327006340027,,0.6183165907859802,0.6183165907859802,,,,
489,3427,,,0.5173169374465942,,0.5172008275985718,0.5172008275985718,,,,
489,3428,,,0.6184212565422058,,0.6183051466941833,0.6183051466941833,,,,
489,3429,,,0.38230106234550476,,0.3821849226951599,0.3821849226951599,,,,
,489,,,,,,,,,0.6100679039955139,0.6100679039955139
489,3429,,,,,,,0.6100679039955139,0.6100679039955139,,
489,3429,0.6366642117500305,0.6367803812026978,,0.6366642117500305,,,,,,
490,3430,,,0.34779873490333557,,0.3476825952529907,0.3476825952529907,,,,
490,3431,,,0.3164084255695343,,0.31629228591918945,0.31629228591918945,,,,
490,3432,,,0.6646890044212341,,0.6645728349685669,0.6645728349685669,,,,
490,3433,,,0.5082066059112549,,0.5080904364585876,0.5080904364585876,,,,
490,3434,,,0.7003432512283325,,0.7002270817756653,0.7002270817756653,,,,
490,3435,,,1.3755452632904053,,1.3754290342330933,1.3754290342330933,,,,
490,3436,,,0.35729482769966125,,0.35717862844467163,0.35717862844467163,,,,
,490,,,,,,,,,0.5995152592658997,0.5995152592658997
490,3436,,,,,,,0.5995152592658997,0.5995152592658997,,
490,3436,0.6347037553787231,0.6348199248313904,,0.6347037553787231,,,,,,
491,3437,,,0.6597872376441956,,0.6596710085868835,0.6596710085868835,,,,
491,3438,,,0.39988356828689575,,0.39976733922958374,0.39976733922958374,,,,
491,3439,,,0.5994818210601807,,0.5993655920028687,0.5993655920028687,,,,
491,3440,,,0.5445437431335449,,0.5444275140762329,0.5444275140762329,,,,
491,3441,,,0.42167046666145325,,0.42155420780181885,0.42155420780181885,,,,
491,3442,,,1.203167200088501,,1.203050971031189,1.203050971031189,,,,
491,3443,,,0.5456738471984863,,0.5455575585365295,0.5455575585365295,,,,
,491,,,,,,,,,0.5979594588279724,0.5979594588279724
491,3443,,,,,,,0.5979594588279724,0.5979594588279724,,
491,3443,0.6325365900993347,0.6326528191566467,,0.6325365900993347,,,,,,
492,3444,,,0.2997637987136841,,0.2996475100517273,0.2996475100517273,,,,
492,3445,,,0.5131369233131409,,0.5130206346511841,0.5130206346511841,,,,
492,3446,,,0.9421103596687317,,0.9419940710067749,0.9419940710067749,,,,
492,3447,,,0.2888825237751007,,0.28876620531082153,0.28876620531082153,,,,
492,3448,,,0.799087405204773,,0.7989710569381714,0.7989710569381714,,,,
492,3449,,,0.9264498353004456,,0.926333487033844,0.926333487033844,,,,
492,3450,,,0.6718588471412659,,0.6717424988746643,0.6717424988746643,,,,
,492,,,,,,,,,0.6019319891929626,0.6019319891929626
492,3450,,,,,,,0.6019319891929626,0.6019319891929626,,
492,3450,0.6306880712509155,0.6308043003082275,,0.6306880712509155,,,,,,
493,3451,,,0.6243556141853333,,0.6242392659187317,0.6242392659187317,,,,
493,3452,,,1.254456639289856,,1.2543402910232544,1.2543402910232544,,,,
493,3453,,,0.5597931742668152,,0.5596767663955688,0.5596767663955688,,,,
493,3454,,,0.3006651699542999,,0.3005487620830536,0.3005487620830536,,,,
493,3455,,,0.539265513420105,,0.5391491055488586,0.5391491055488586,,,,
493,3456,,,0.5073278546333313,,0.507211446762085,0.507211446762085,,,,
493,3457,,,0.5951332449913025,,0.5950168371200562,0.5950168371200562,,,,
,493,,,,,,,,,0.6015143394470215,0.6015143394470215
493,3457,,,,,,,0.6015143394470215,0.6015143394470215,,
493,3457,0.6287524700164795,0.6288688778877258,,0.6287524700164795,,,,,,
494,3458,,,0.47289425134658813,,0.4727778136730194,0.4727778136730194,,,,
494,3459,,,0.37330394983291626,,0.37318748235702515,0.37318748235702515,,,,
494,3460,,,0.6777805685997009,,0.6776641011238098,0.6776641011238098,,,,
494,3461,,,0.8263155221939087,,0.8261990547180176,0.8261990547180176,,,,
494,3462,,,0.46367114782333374,,0.46355465054512024,0.46355465054512024,,,,
494,3463,,,0.9530411958694458,,0.9529247283935547,0.9529247283935547,,,,
494,3464,,,0.6160337924957275,,0.6159172654151917,0.6159172654151917,,,,
,494,,,,,,,,,0.5991250872612,0.5991250872612
494,3464,,,,,,,0.5991250872612,0.5991250872612,,
494,3464,0.6270238161087036,0.62714022397995,,0.6270238161087036,,,,,,
495,3465,,,0.45327815413475037,,0.4531616270542145,0.4531616270542145,,,,
495,3466,,,0.5316891074180603,,0.5315725803375244,0.5315725803375244,,,,
495,3467,,,0.23751620948314667,,0.23739966750144958,0.23739966750144958,,,,
495,3468,,,0.2821190357208252,,0.2820024788379669,0.2820024788379669,,,,
495,3469,,,1.3220500946044922,,1.3219335079193115,1.3219335079193115,,,,
495,3470,,,0.8476952314376831,,0.8475786447525024,0.8475786447525024,,,,
495,3471,,,0.8334532976150513,,0.8333367109298706,0.8333367109298706,,,,
,495,,,,,,,,,0.5988572239875793,0.5988572239875793
495,3471,,,,,,,0.5988572239875793,0.5988572239875793,,
495,3471,0.6252783536911011,0.6253949999809265,,0.6252783536911011,,,,,,
496,3472,,,0.4164856970310211,,0.41636911034584045,0.41636911034584045,,,,
496,3473,,,0.8802937865257263,,0.8801771998405457,0.8801771998405457,,,,
496,3474,,,0.6505188345909119,,0.6504022479057312,0.6504022479057312,,,,
496,3475,,,0.6031998991966248,,0.6030832529067993,0.6030832529067993,,,,
496,3476,,,0.4941122233867645,,0.4939955770969391,0.4939955770969391,,,,
496,3477,,,0.7892081141471863,,0.7890914678573608,0.7890914678573608,,,,
496,3478,,,0.3745911121368408,,0.3744744658470154,0.3744744658470154,,,,
,496,,,,,,,,,0.6017554402351379,0.6017554402351379
496,3478,,,,,,,0.6017554402351379,0.6017554402351379,,
496,3478,0.6233014464378357,0.6234180927276611,,0.6233014464378357,,,,,,
497,3479,,,0.48960942029953003,,0.4894927442073822,0.4894927442073822,,,,
497,3480,,,1.103667974472046,,1.1035512685775757,1.1035512685775757,,,,
497,3481,,,0.44395339488983154,,0.44383668899536133,0.44383668899536133,,,,
497,3482,,,0.9189122319221497,,0.9187955260276794,0.9187955260276794,,,,
497,3483,,,0.448917031288147,,0.44880032539367676,0.44880032539367676,,,,
497,3484,,,0.4407762885093689,,0.4406595528125763,0.4406595528125763,,,,
497,3485,,,0.32267048954963684,,0.32255375385284424,0.32255375385284424,,,,
,497,,,,,,,,,0.5981612205505371,0.5981612205505371
497,3485,,,,,,,0.5981612205505371,0.5981612205505371,,
497,3485,0.6221323609352112,0.6222491264343262,,0.6221323609352112,,,,,,
498,3486,,,0.39239686727523804,,0.39228013157844543,0.39228013157844543,,,,
498,3487,,,0.9010279178619385,,0.9009111523628235,0.9009111523628235,,,,
498,3488,,,0.6885871291160583,,0.6884703636169434,0.6884703636169434,,,,
498,3489,,,0.5574634671211243,,0.5573467016220093,0.5573467016220093,,,,
498,3490,,,0.706109344959259,,0.705992579460144,0.705992579460144,,,,
498,3491,,,0.606916606426239,,0.6067997813224792,0.6067997813224792,,,,
498,3492,,,0.26737362146377563,,0.26725679636001587,0.26725679636001587,,,,
,498,,,,,,,,,0.5849119424819946,0.5849119424819946
498,3492,,,,,,,0.5849119424819946,0.5849119424819946,,
498,3492,0.6199250221252441,0.6200417876243591,,0.6199250221252441,,,,,,
499,3493,,,0.6180514097213745,,0.6179345846176147,0.6179345846176147,,,,
499,3494,,,1.001968264579773,,1.0018514394760132,1.0018514394760132,,,,
499,3495,,,0.534406840801239,,0.5342900156974792,0.5342900156974792,,,,
499,3496,,,0.5894821286201477,,0.5893653035163879,0.5893653035163879,,,,
499,3497,,,0.3800230920314789,,0.37990623712539673,0.37990623712539673,,,,
499,3498,,,0.6446781158447266,,0.644561231136322,0.644561231136322,,,,
499,3499,,,0.45376211404800415,,0.4536452293395996,0.4536452293395996,,,,
,499,,,,,,,,,0.5764558911323547,0.5764558911323547
499,3499,,,,,,,0.5764558911323547,0.5764558911323547,,
499,3499,0.6177295446395874,0.6178463697433472,,0.6177295446395874,,,,,,
