epoch,step,train_loss_epoch,train_loss_regularized_epoch,train_loss_regularized_step,train_loss_scaled (x10^0)_epoch,train_loss_scaled (x10^0)_step,train_loss_step,val_loss_epoch,val_loss_scaled (x10^0)_epoch,val_loss_scaled (x10^0)_step,val_loss_step
0,0,,,46.42509078979492,,46.41925048828125,46.41925048828125,,,,
0,1,,,32.25439453125,,32.24856185913086,32.24856185913086,,,,
0,2,,,31.20863914489746,,31.202810287475586,31.202810287475586,,,,
0,3,,,8.491168022155762,,8.485343933105469,8.485343933105469,,,,
0,4,,,65.165771484375,,65.15995025634766,65.15995025634766,,,,
0,5,,,43.865360260009766,,43.85954666137695,43.85954666137695,,,,
0,6,,,27.65718650817871,,27.651378631591797,27.651378631591797,,,,
,0,,,,,,,,,3.6976089477539062,3.6976089477539062
0,6,,,,,,,3.6976089477539062,3.6976089477539062,,
0,6,37.29329299926758,37.29911804199219,,37.29329299926758,,,,,,
1,7,,,23.164386749267578,,23.158580780029297,23.158580780029297,,,,
1,8,,,55.07023239135742,,55.06443405151367,55.06443405151367,,,,
1,9,,,32.67033767700195,,32.66454315185547,32.66454315185547,,,,
1,10,,,39.278419494628906,,39.27263259887695,39.27263259887695,,,,
1,11,,,22.99374008178711,,22.987957000732422,22.987957000732422,,,,
1,12,,,49.3209228515625,,49.31514358520508,49.31514358520508,,,,
1,13,,,39.869873046875,,39.86410140991211,39.86410140991211,,,,
,1,,,,,,,,,3.674696922302246,3.674696922302246
1,13,,,,,,,3.674696683883667,3.674696683883667,,
1,13,37.24114990234375,37.24694061279297,,37.24114990234375,,,,,,
2,14,,,55.979957580566406,,55.97419357299805,55.97419357299805,,,,
2,15,,,20.428699493408203,,20.422943115234375,20.422943115234375,,,,
2,16,,,41.95927429199219,,41.95352554321289,41.95352554321289,,,,
2,17,,,38.52680969238281,,38.52106475830078,38.52106475830078,,,,
2,18,,,47.143672943115234,,47.137935638427734,47.137935638427734,,,,
2,19,,,23.312389373779297,,23.306657791137695,23.306657791137695,,,,
2,20,,,25.926528930664062,,25.92080307006836,25.92080307006836,,,,
,2,,,,,,,,,3.650423526763916,3.650423526763916
2,20,,,,,,,3.650423526763916,3.650423526763916,,
2,20,37.18221664428711,37.18796157836914,,37.18221664428711,,,,,,
3,21,,,30.484220504760742,,30.478500366210938,30.478500366210938,,,,
3,22,,,36.1374397277832,,36.13172912597656,36.13172912597656,,,,
3,23,,,34.47496032714844,,34.46925354003906,34.46925354003906,,,,
3,24,,,48.42414474487305,,48.4184455871582,48.4184455871582,,,,
3,25,,,39.06608963012695,,39.06039810180664,39.06039810180664,,,,
3,26,,,43.16173553466797,,43.15605163574219,43.15605163574219,,,,
3,27,,,13.125273704528809,,13.119593620300293,13.119593620300293,,,,
,3,,,,,,,,,3.625192165374756,3.625192165374756
3,27,,,,,,,3.625192165374756,3.625192165374756,,
3,27,37.11909103393555,37.12479782104492,,37.11909103393555,,,,,,
4,28,,,67.43489837646484,,67.4292221069336,67.4292221069336,,,,
4,29,,,33.59259033203125,,33.58692169189453,33.58692169189453,,,,
4,30,,,36.07727813720703,,36.071617126464844,36.071617126464844,,,,
4,31,,,28.279926300048828,,28.274272918701172,28.274272918701172,,,,
4,32,,,40.161251068115234,,40.15560531616211,40.15560531616211,,,,
4,33,,,18.46284294128418,,18.457202911376953,18.457202911376953,,,,
4,34,,,32.68558883666992,,32.679954528808594,32.679954528808594,,,,
,4,,,,,,,,,3.5989725589752197,3.5989725589752197
4,34,,,,,,,3.5989725589752197,3.5989725589752197,,
4,34,37.055660247802734,37.06131362915039,,37.055660247802734,,,,,,
5,35,,,44.20563888549805,,44.200016021728516,44.200016021728516,,,,
5,36,,,32.02193069458008,,32.01631164550781,32.01631164550781,,,,
5,37,,,38.08448028564453,,38.0788688659668,38.0788688659668,,,,
5,38,,,24.284242630004883,,24.27863883972168,24.27863883972168,,,,
5,39,,,36.209449768066406,,36.203853607177734,36.203853607177734,,,,
5,40,,,47.31281661987305,,47.307228088378906,47.307228088378906,,,,
5,41,,,36.565914154052734,,36.560333251953125,36.560333251953125,,,,
,5,,,,,,,,,3.5725080966949463,3.5725080966949463
5,41,,,,,,,3.5725080966949463,3.5725080966949463,,
5,41,36.98746109008789,36.993064880371094,,36.98746109008789,,,,,,
6,42,,,49.25257110595703,,49.24699401855469,49.24699401855469,,,,
6,43,,,42.97352600097656,,42.96795654296875,42.96795654296875,,,,
6,44,,,34.41436004638672,,34.40879821777344,34.40879821777344,,,,
6,45,,,47.529754638671875,,47.524200439453125,47.524200439453125,,,,
6,46,,,33.48857116699219,,33.48302459716797,33.48302459716797,,,,
6,47,,,25.95403480529785,,25.94849395751953,25.94849395751953,,,,
6,48,,,4.775696277618408,,4.770163059234619,4.770163059234619,,,,
,6,,,,,,,,,3.5462071895599365,3.5462071895599365
6,48,,,,,,,3.5462071895599365,3.5462071895599365,,
6,48,36.92051696777344,36.92607498168945,,36.92051696777344,,,,,,
7,49,,,41.35507583618164,,41.349552154541016,41.349552154541016,,,,
7,50,,,51.60981750488281,,51.60429763793945,51.60429763793945,,,,
7,51,,,31.83694076538086,,31.83142852783203,31.83142852783203,,,,
7,52,,,31.85057830810547,,31.845073699951172,31.845073699951172,,,,
7,53,,,24.455991744995117,,24.45049476623535,24.45049476623535,,,,
7,54,,,43.32408142089844,,43.3185920715332,43.3185920715332,,,,
7,55,,,28.090890884399414,,28.08540916442871,28.08540916442871,,,,
,7,,,,,,,,,3.5191667079925537,3.5191667079925537
7,55,,,,,,,3.5191667079925537,3.5191667079925537,,
7,55,36.85199737548828,36.85750198364258,,36.85199737548828,,,,,,
8,56,,,22.908470153808594,,22.902996063232422,22.902996063232422,,,,
8,57,,,41.8707389831543,,41.865272521972656,41.865272521972656,,,,
8,58,,,59.307456970214844,,59.301998138427734,59.301998138427734,,,,
8,59,,,33.11729431152344,,33.111839294433594,33.111839294433594,,,,
8,60,,,31.54591178894043,,31.54046630859375,31.54046630859375,,,,
8,61,,,35.1559944152832,,35.15055847167969,35.15055847167969,,,,
8,62,,,28.298564910888672,,28.293134689331055,28.293134689331055,,,,
,8,,,,,,,,,3.491647720336914,3.491647720336914
8,62,,,,,,,3.491647720336914,3.491647720336914,,
8,62,36.781654357910156,36.787109375,,36.781654357910156,,,,,,
9,63,,,52.46110534667969,,52.455684661865234,52.455684661865234,,,,
9,64,,,40.62012481689453,,40.61471176147461,40.61471176147461,,,,
9,65,,,37.39134216308594,,37.38593673706055,37.38593673706055,,,,
9,66,,,39.21219253540039,,39.206790924072266,39.206790924072266,,,,
9,67,,,16.196754455566406,,16.191362380981445,16.191362380981445,,,,
9,68,,,32.30211639404297,,32.296730041503906,32.296730041503906,,,,
9,69,,,42.35453414916992,,42.349159240722656,42.349159240722656,,,,
,9,,,,,,,,,3.4633285999298096,3.4633285999298096
9,69,,,,,,,3.4633285999298096,3.4633285999298096,,
9,69,36.7109260559082,36.71632385253906,,36.7109260559082,,,,,,
10,70,,,57.07928466796875,,57.07391357421875,57.07391357421875,,,,
10,71,,,50.9842643737793,,50.978904724121094,50.978904724121094,,,,
10,72,,,25.304906845092773,,25.29955291748047,25.29955291748047,,,,
10,73,,,30.551109313964844,,30.545761108398438,30.545761108398438,,,,
10,74,,,41.13109588623047,,41.125755310058594,41.125755310058594,,,,
10,75,,,25.129066467285156,,25.123733520507812,25.123733520507812,,,,
10,76,,,9.12526798248291,,9.11994457244873,9.11994457244873,,,,
,10,,,,,,,,,3.435107707977295,3.435107707977295
10,76,,,,,,,3.435107707977295,3.435107707977295,,
10,76,36.638057708740234,36.643402099609375,,36.638057708740234,,,,,,
11,77,,,23.142885208129883,,23.137569427490234,23.137569427490234,,,,
11,78,,,59.78084182739258,,59.77553176879883,59.77553176879883,,,,
11,79,,,19.36308479309082,,19.357784271240234,19.357784271240234,,,,
11,80,,,30.9290714263916,,30.923778533935547,30.923778533935547,,,,
11,81,,,48.68680191040039,,48.6815185546875,48.6815185546875,,,,
11,82,,,21.23756980895996,,21.2322940826416,21.2322940826416,,,,
11,83,,,79.96082305908203,,79.95555114746094,79.95555114746094,,,,
,11,,,,,,,,,3.4049015045166016,3.4049015045166016
11,83,,,,,,,3.4049015045166016,3.4049015045166016,,
11,83,36.56342315673828,36.5687141418457,,36.56342315673828,,,,,,
12,84,,,56.05424499511719,,56.048980712890625,56.048980712890625,,,,
12,85,,,41.46725845336914,,41.46200180053711,41.46200180053711,,,,
12,86,,,24.265708923339844,,24.260459899902344,24.260459899902344,,,,
12,87,,,37.78150939941406,,37.776268005371094,37.776268005371094,,,,
12,88,,,38.01323699951172,,38.00800704956055,38.00800704956055,,,,
12,89,,,21.989017486572266,,21.983795166015625,21.983795166015625,,,,
12,90,,,34.8298454284668,,34.82463073730469,34.82463073730469,,,,
,12,,,,,,,,,3.3746354579925537,3.3746354579925537
12,90,,,,,,,3.3746354579925537,3.3746354579925537,,
12,90,36.486080169677734,36.4913215637207,,36.486080169677734,,,,,,
13,91,,,54.90583801269531,,54.900630950927734,54.900630950927734,,,,
13,92,,,19.521270751953125,,19.516069412231445,19.516069412231445,,,,
13,93,,,40.576141357421875,,40.57094955444336,40.57094955444336,,,,
13,94,,,29.06419563293457,,29.059009552001953,29.059009552001953,,,,
13,95,,,40.533260345458984,,40.52808380126953,40.52808380126953,,,,
13,96,,,29.559986114501953,,29.55481719970703,29.55481719970703,,,,
13,97,,,47.91450119018555,,47.909339904785156,47.909339904785156,,,,
,13,,,,,,,,,3.342837333679199,3.342837333679199
13,97,,,,,,,3.34283709526062,3.34283709526062,,
13,97,36.40714645385742,36.41233444213867,,36.40714645385742,,,,,,
14,98,,,56.25559616088867,,56.25044250488281,56.25044250488281,,,,
14,99,,,34.590091705322266,,34.5849494934082,34.5849494934082,,,,
14,100,,,26.85309600830078,,26.847959518432617,26.847959518432617,,,,
14,101,,,40.13312911987305,,40.12800216674805,40.12800216674805,,,,
14,102,,,19.08135414123535,,19.076234817504883,19.076234817504883,,,,
14,103,,,38.631961822509766,,38.62685012817383,38.62685012817383,,,,
14,104,,,42.819664001464844,,42.81455993652344,42.81455993652344,,,,
,14,,,,,,,,,3.309277296066284,3.309277296066284
14,104,,,,,,,3.309277296066284,3.309277296066284,,
14,104,36.32469177246094,36.32981872558594,,36.32469177246094,,,,,,
15,105,,,30.701595306396484,,30.696500778198242,30.696500778198242,,,,
15,106,,,43.56874465942383,,43.56365966796875,43.56365966796875,,,,
15,107,,,35.074241638183594,,35.06916427612305,35.06916427612305,,,,
15,108,,,44.61832046508789,,44.613250732421875,44.613250732421875,,,,
15,109,,,32.397029876708984,,32.3919677734375,32.3919677734375,,,,
15,110,,,39.02941131591797,,39.024356842041016,39.024356842041016,,,,
15,111,,,15.093402862548828,,15.088358879089355,15.088358879089355,,,,
,15,,,,,,,,,3.273905038833618,3.273905038833618
15,111,,,,,,,3.273905038833618,3.273905038833618,,
15,111,36.23796463012695,36.243038177490234,,36.23796463012695,,,,,,
16,112,,,20.205490112304688,,20.200456619262695,20.200456619262695,,,,
16,113,,,60.866668701171875,,60.86164474487305,60.86164474487305,,,,
16,114,,,32.09513854980469,,32.09012222290039,32.09012222290039,,,,
16,115,,,15.42441177368164,,15.419407844543457,15.419407844543457,,,,
16,116,,,37.651885986328125,,37.646888732910156,37.646888732910156,,,,
16,117,,,49.929195404052734,,49.9242057800293,49.9242057800293,,,,
16,118,,,38.120201110839844,,38.1152229309082,38.1152229309082,,,,
,16,,,,,,,,,3.2353782653808594,3.2353782653808594
16,118,,,,,,,3.2353782653808594,3.2353782653808594,,
16,118,36.146812438964844,36.15182113647461,,36.146812438964844,,,,,,
17,119,,,41.603694915771484,,41.59872055053711,41.59872055053711,,,,
17,120,,,30.16717529296875,,30.16221046447754,30.16221046447754,,,,
17,121,,,47.16444396972656,,47.159488677978516,47.159488677978516,,,,
17,122,,,33.29360580444336,,33.28866195678711,33.28866195678711,,,,
17,123,,,37.72234344482422,,37.7174072265625,37.7174072265625,,,,
17,124,,,19.482418060302734,,19.477489471435547,19.477489471435547,,,,
17,125,,,54.402862548828125,,54.39794158935547,54.39794158935547,,,,
,17,,,,,,,,,3.1916472911834717,3.1916472911834717
17,125,,,,,,,3.1916472911834717,3.1916472911834717,,
17,125,36.04756546020508,36.052513122558594,,36.04756546020508,,,,,,
18,126,,,39.79402542114258,,39.78911590576172,39.78911590576172,,,,
18,127,,,8.571553230285645,,8.566649436950684,8.566649436950684,,,,
18,128,,,28.971885681152344,,28.966989517211914,28.966989517211914,,,,
18,129,,,42.56780242919922,,42.56291580200195,42.56291580200195,,,,
18,130,,,42.782371520996094,,42.777496337890625,42.777496337890625,,,,
18,131,,,47.975154876708984,,47.97029113769531,47.97029113769531,,,,
18,132,,,49.204036712646484,,49.199180603027344,49.199180603027344,,,,
,18,,,,,,,,,3.143364906311035,3.143364906311035
18,132,,,,,,,3.1433651447296143,3.1433651447296143,,
18,132,35.93461227416992,35.93949890136719,,35.93461227416992,,,,,,
19,133,,,34.32876205444336,,34.32391357421875,34.32391357421875,,,,
19,134,,,49.55635070800781,,49.551513671875,49.551513671875,,,,
19,135,,,47.49895477294922,,47.49412155151367,47.49412155151367,,,,
19,136,,,13.886479377746582,,13.881659507751465,13.881659507751465,,,,
19,137,,,23.66283416748047,,23.658021926879883,23.658021926879883,,,,
19,138,,,40.6322135925293,,40.627410888671875,40.627410888671875,,,,
19,139,,,50.06632995605469,,50.0615348815918,50.0615348815918,,,,
,19,,,,,,,,,3.087921142578125,3.087921142578125
19,139,,,,,,,3.087921142578125,3.087921142578125,,
19,139,35.81328582763672,35.818111419677734,,35.81328582763672,,,,,,
20,140,,,17.021703720092773,,17.016923904418945,17.016923904418945,,,,
20,141,,,11.683961868286133,,11.679189682006836,11.679189682006836,,,,
20,142,,,38.1680908203125,,38.163330078125,38.163330078125,,,,
20,143,,,44.197265625,,44.19251251220703,44.19251251220703,,,,
20,144,,,54.231903076171875,,54.22715759277344,54.22715759277344,,,,
20,145,,,47.003047943115234,,46.99831771850586,46.99831771850586,,,,
20,146,,,40.32621383666992,,40.32149124145508,40.32149124145508,,,,
,20,,,,,,,,,3.024397850036621,3.024397850036621
20,146,,,,,,,3.024397611618042,3.024397611618042,,
20,146,35.67027282714844,35.675025939941406,,35.67027282714844,,,,,,
21,147,,,19.38705825805664,,19.382343292236328,19.382343292236328,,,,
21,148,,,61.64920425415039,,61.644500732421875,61.644500732421875,,,,
21,149,,,41.04258346557617,,41.03789138793945,41.03789138793945,,,,
21,150,,,25.06607437133789,,25.061389923095703,25.061389923095703,,,,
21,151,,,44.08926010131836,,44.0845832824707,44.0845832824707,,,,
21,152,,,25.981346130371094,,25.976682662963867,25.976682662963867,,,,
21,153,,,24.633655548095703,,24.628999710083008,24.628999710083008,,,,
,21,,,,,,,,,2.9485116004943848,2.9485116004943848
21,153,,,,,,,2.9485116004943848,2.9485116004943848,,
21,153,35.517372131347656,35.52206039428711,,35.517372131347656,,,,,,
22,154,,,29.366825103759766,,29.362178802490234,29.362178802490234,,,,
22,155,,,30.856647491455078,,30.85201072692871,30.85201072692871,,,,
22,156,,,44.75148010253906,,44.746856689453125,44.746856689453125,,,,
22,157,,,30.470327377319336,,30.46571159362793,30.46571159362793,,,,
22,158,,,38.8613166809082,,38.856712341308594,38.856712341308594,,,,
22,159,,,45.178192138671875,,45.1735954284668,45.1735954284668,,,,
22,160,,,15.44349193572998,,15.438905715942383,15.438905715942383,,,,
,22,,,,,,,,,2.8567709922790527,2.8567709922790527
22,160,,,,,,,2.8567709922790527,2.8567709922790527,,
22,160,35.33281326293945,35.337425231933594,,35.33281326293945,,,,,,
23,161,,,58.47891616821289,,58.474342346191406,58.474342346191406,,,,
23,162,,,7.847923278808594,,7.84335994720459,7.84335994720459,,,,
23,163,,,41.483253479003906,,41.47869873046875,41.47869873046875,,,,
23,164,,,30.80485725402832,,30.800312042236328,30.800312042236328,,,,
23,165,,,41.293182373046875,,41.28864669799805,41.28864669799805,,,,
23,166,,,30.218994140625,,30.2144718170166,30.2144718170166,,,,
23,167,,,36.734153747558594,,36.72964096069336,36.72964096069336,,,,
,23,,,,,,,,,2.7375943660736084,2.7375943660736084
23,167,,,,,,,2.7375943660736084,2.7375943660736084,,
23,167,35.11740493774414,35.121952056884766,,35.11740493774414,,,,,,
24,168,,,23.499174118041992,,23.494672775268555,23.494672775268555,,,,
24,169,,,35.40105056762695,,35.39656066894531,35.39656066894531,,,,
24,170,,,32.07757568359375,,32.073097229003906,32.073097229003906,,,,
24,171,,,37.47331619262695,,37.46884536743164,37.46884536743164,,,,
24,172,,,49.235965728759766,,49.23150634765625,49.23150634765625,,,,
24,173,,,39.266170501708984,,39.26171875,39.26171875,,,,
24,174,,,13.571080207824707,,13.566641807556152,13.566641807556152,,,,
,24,,,,,,,,,2.5815834999084473,2.5815834999084473
24,174,,,,,,,2.5815834999084473,2.5815834999084473,,
24,174,34.82571029663086,34.83018112182617,,34.82571029663086,,,,,,
25,175,,,14.504928588867188,,14.500502586364746,14.500502586364746,,,,
25,176,,,35.965126037597656,,35.96070861816406,35.96070861816406,,,,
25,177,,,43.433502197265625,,43.42909622192383,43.42909622192383,,,,
25,178,,,20.732540130615234,,20.7281436920166,20.7281436920166,,,,
25,179,,,45.6402587890625,,45.6358757019043,45.6358757019043,,,,
25,180,,,21.734222412109375,,21.729848861694336,21.729848861694336,,,,
25,181,,,100.2194595336914,,100.21509552001953,100.21509552001953,,,,
,25,,,,,,,,,2.356804609298706,2.356804609298706
25,181,,,,,,,2.356804609298706,2.356804609298706,,
25,181,34.4415397644043,34.44593811035156,,34.4415397644043,,,,,,
26,182,,,34.88247299194336,,34.87812423706055,34.87812423706055,,,,
26,183,,,29.336902618408203,,29.332565307617188,29.332565307617188,,,,
26,184,,,25.275007247924805,,25.270681381225586,25.270681381225586,,,,
26,185,,,20.33391571044922,,20.329599380493164,20.329599380493164,,,,
26,186,,,22.729135513305664,,22.724828720092773,22.724828720092773,,,,
26,187,,,74.0298843383789,,74.02558898925781,74.02558898925781,,,,
26,188,,,25.425621032714844,,25.421335220336914,25.421335220336914,,,,
,26,,,,,,,,,2.0870308876037598,2.0870308876037598
26,188,,,,,,,2.0870308876037598,2.0870308876037598,,
26,188,33.897159576416016,33.9014778137207,,33.897159576416016,,,,,,
27,189,,,41.55934143066406,,41.55506896972656,41.55506896972656,,,,
27,190,,,39.68986511230469,,39.685604095458984,39.685604095458984,,,,
27,191,,,56.02121353149414,,56.016963958740234,56.016963958740234,,,,
27,192,,,24.360504150390625,,24.356271743774414,24.356271743774414,,,,
27,193,,,20.731021881103516,,20.72679901123047,20.72679901123047,,,,
27,194,,,16.851015090942383,,16.8468017578125,16.8468017578125,,,,
27,195,,,33.918949127197266,,33.91474151611328,33.91474151611328,,,,
,27,,,,,,,,,1.758968710899353,1.758968710899353
27,195,,,,,,,1.758968710899353,1.758968710899353,,
27,195,33.240089416503906,33.24432373046875,,33.240089416503906,,,,,,
28,196,,,23.776592254638672,,23.772397994995117,23.772397994995117,,,,
28,197,,,26.969039916992188,,26.96485710144043,26.96485710144043,,,,
28,198,,,26.415178298950195,,26.4110050201416,26.4110050201416,,,,
28,199,,,57.91259002685547,,57.90842819213867,57.90842819213867,,,,
28,200,,,34.128562927246094,,34.124412536621094,34.124412536621094,,,,
28,201,,,36.40857696533203,,36.40443801879883,36.40443801879883,,,,
28,202,,,1.0779937505722046,,1.0738669633865356,1.0738669633865356,,,,
,28,,,,,,,,,1.3958616256713867,1.3958616256713867
28,202,,,,,,,1.3958616256713867,1.3958616256713867,,
28,202,32.3118782043457,32.316043853759766,,32.3118782043457,,,,,,
29,203,,,33.382110595703125,,33.37799072265625,33.37799072265625,,,,
29,204,,,25.194177627563477,,25.190067291259766,25.190067291259766,,,,
29,205,,,35.57247543334961,,35.56837463378906,35.56837463378906,,,,
29,206,,,27.590858459472656,,27.586769104003906,27.586769104003906,,,,
29,207,,,36.89521789550781,,36.89113998413086,36.89113998413086,,,,
29,208,,,25.656848907470703,,25.652782440185547,25.652782440185547,,,,
29,209,,,39.117828369140625,,39.113773345947266,39.113773345947266,,,,
,29,,,,,,,,,1.0056434869766235,1.0056434869766235
29,209,,,,,,,1.0056434869766235,1.0056434869766235,,
29,209,31.205455780029297,31.20954704284668,,31.205455780029297,,,,,,
30,210,,,40.67380905151367,,40.66976547241211,40.66976547241211,,,,
30,211,,,6.529662609100342,,6.525632381439209,6.525632381439209,,,,
30,212,,,20.43543815612793,,20.43141746520996,20.43141746520996,,,,
30,213,,,35.761375427246094,,35.757362365722656,35.757362365722656,,,,
30,214,,,43.123741149902344,,43.1197395324707,43.1197395324707,,,,
30,215,,,27.69435691833496,,27.690366744995117,27.690366744995117,,,,
30,216,,,41.46012878417969,,41.45615005493164,41.45615005493164,,,,
,30,,,,,,,,,0.7068401575088501,0.7068401575088501
30,216,,,,,,,0.7068401575088501,0.7068401575088501,,
30,216,29.76319122314453,29.767202377319336,,29.76319122314453,,,,,,
31,217,,,38.663394927978516,,38.659427642822266,38.659427642822266,,,,
31,218,,,19.389665603637695,,19.385709762573242,19.385709762573242,,,,
31,219,,,35.171844482421875,,35.16789627075195,35.16789627075195,,,,
31,220,,,20.47519302368164,,20.471254348754883,20.471254348754883,,,,
31,221,,,17.814550399780273,,17.810623168945312,17.810623168945312,,,,
31,222,,,27.146495819091797,,27.142578125,27.142578125,,,,
31,223,,,54.869388580322266,,54.865482330322266,54.865482330322266,,,,
,31,,,,,,,,,0.6610419750213623,0.6610419750213623
31,223,,,,,,,0.6610419154167175,0.6610419154167175,,
31,223,28.111692428588867,28.11563491821289,,28.111692428588867,,,,,,
32,224,,,29.31458854675293,,29.31069564819336,29.31069564819336,,,,
32,225,,,16.933317184448242,,16.929433822631836,16.929433822631836,,,,
32,226,,,16.285465240478516,,16.281591415405273,16.281591415405273,,,,
32,227,,,27.293048858642578,,27.289182662963867,27.289182662963867,,,,
32,228,,,35.855560302734375,,35.85170364379883,35.85170364379883,,,,
32,229,,,24.81873321533203,,24.81488609313965,24.81488609313965,,,,
32,230,,,44.50676727294922,,44.5029296875,44.5029296875,,,,
,32,,,,,,,,,0.9673467874526978,0.9673467874526978
32,230,,,,,,,0.9673467874526978,0.9673467874526978,,
32,230,26.222131729125977,26.225997924804688,,26.222131729125977,,,,,,
33,231,,,20.148630142211914,,20.144805908203125,20.144805908203125,,,,
33,232,,,37.751888275146484,,37.74807357788086,37.74807357788086,,,,
33,233,,,7.51126766204834,,7.507461071014404,7.507461071014404,,,,
33,234,,,29.29458999633789,,29.290790557861328,29.290790557861328,,,,
33,235,,,21.400720596313477,,21.396930694580078,21.396930694580078,,,,
33,236,,,21.05790901184082,,21.054126739501953,21.054126739501953,,,,
33,237,,,47.68153381347656,,47.67776107788086,47.67776107788086,,,,
,33,,,,,,,,,1.6418713331222534,1.6418713331222534
33,237,,,,,,,1.6418713331222534,1.6418713331222534,,
33,237,24.317073822021484,24.32087516784668,,24.317073822021484,,,,,,
34,238,,,29.624767303466797,,29.62100601196289,29.62100601196289,,,,
34,239,,,21.441017150878906,,21.43726348876953,21.43726348876953,,,,
34,240,,,21.671833038330078,,21.668087005615234,21.668087005615234,,,,
34,241,,,19.889455795288086,,19.885719299316406,19.885719299316406,,,,
34,242,,,22.844554901123047,,22.840824127197266,22.840824127197266,,,,
34,243,,,19.279577255249023,,19.275854110717773,19.275854110717773,,,,
34,244,,,21.57493782043457,,21.57122230529785,21.57122230529785,,,,
,34,,,,,,,,,2.589240550994873,2.589240550994873
34,244,,,,,,,2.589240550994873,2.589240550994873,,
34,244,22.402814865112305,22.406558990478516,,22.402814865112305,,,,,,
35,245,,,8.553767204284668,,8.550061225891113,8.550061225891113,,,,
35,246,,,16.464994430541992,,16.461292266845703,16.461292266845703,,,,
35,247,,,32.69376754760742,,32.69007110595703,32.69007110595703,,,,
35,248,,,10.787863731384277,,10.784174919128418,10.784174919128418,,,,
35,249,,,35.04521560668945,,35.041534423828125,35.041534423828125,,,,
35,250,,,16.652313232421875,,16.648639678955078,16.648639678955078,,,,
35,251,,,28.662681579589844,,28.659013748168945,28.659013748168945,,,,
,35,,,,,,,,,3.8324882984161377,3.8324882984161377
35,251,,,,,,,3.8324882984161377,3.8324882984161377,,
35,251,20.536924362182617,20.54061508178711,,20.536924362182617,,,,,,
36,252,,,15.617574691772461,,15.61391544342041,15.61391544342041,,,,
36,253,,,24.114402770996094,,24.110748291015625,24.110748291015625,,,,
36,254,,,25.682857513427734,,25.679210662841797,25.679210662841797,,,,
36,255,,,20.49075698852539,,20.48711585998535,20.48711585998535,,,,
36,256,,,15.055191040039062,,15.051556587219238,15.051556587219238,,,,
36,257,,,10.744799613952637,,10.741170883178711,10.741170883178711,,,,
36,258,,,22.539472579956055,,22.535846710205078,22.535846710205078,,,,
,36,,,,,,,,,5.26749849319458,5.26749849319458
36,258,,,,,,,5.26749849319458,5.26749849319458,,
36,258,18.84465217590332,18.848295211791992,,18.84465217590332,,,,,,
37,259,,,5.942643642425537,,5.939023971557617,5.939023971557617,,,,
37,260,,,11.408371925354004,,11.404754638671875,11.404754638671875,,,,
37,261,,,10.250422477722168,,10.246808052062988,10.246808052062988,,,,
37,262,,,15.138258934020996,,15.134647369384766,15.134647369384766,,,,
37,263,,,31.915653228759766,,31.912046432495117,31.912046432495117,,,,
37,264,,,28.770824432373047,,28.76722526550293,28.76722526550293,,,,
37,265,,,16.498430252075195,,16.494836807250977,16.494836807250977,,,,
,37,,,,,,,,,6.742646217346191,6.742646217346191
37,265,,,,,,,6.742646217346191,6.742646217346191,,
37,265,17.19059944152832,17.194210052490234,,17.19059944152832,,,,,,
38,266,,,19.077878952026367,,19.074289321899414,19.074289321899414,,,,
38,267,,,16.841650009155273,,16.83806610107422,16.83806610107422,,,,
38,268,,,18.402063369750977,,18.398483276367188,18.398483276367188,,,,
38,269,,,10.44118881225586,,10.437610626220703,10.437610626220703,,,,
38,270,,,20.55740737915039,,20.5538330078125,20.5538330078125,,,,
38,271,,,12.62518310546875,,12.621613502502441,12.621613502502441,,,,
38,272,,,10.418106079101562,,10.414538383483887,10.414538383483887,,,,
,38,,,,,,,,,8.28906536102295,8.28906536102295
38,272,,,,,,,8.28906536102295,8.28906536102295,,
38,272,15.97322940826416,15.976810455322266,,15.97322940826416,,,,,,
39,273,,,22.634824752807617,,22.63125991821289,22.63125991821289,,,,
39,274,,,8.40958309173584,,8.406023979187012,8.406023979187012,,,,
39,275,,,13.05777645111084,,13.054218292236328,13.054218292236328,,,,
39,276,,,21.674440383911133,,21.670883178710938,21.670883178710938,,,,
39,277,,,11.693199157714844,,11.68964672088623,11.68964672088623,,,,
39,278,,,13.142132759094238,,13.138582229614258,13.138582229614258,,,,
39,279,,,11.799263954162598,,11.795717239379883,11.795717239379883,,,,
,39,,,,,,,,,9.695028305053711,9.695028305053711
39,279,,,,,,,9.695028305053711,9.695028305053711,,
39,279,14.904157638549805,14.90771484375,,14.904157638549805,,,,,,
40,280,,,15.375967979431152,,15.372422218322754,15.372422218322754,,,,
40,281,,,18.20269775390625,,18.199153900146484,18.199153900146484,,,,
40,282,,,16.31018829345703,,16.30664825439453,16.30664825439453,,,,
40,283,,,9.742908477783203,,9.739370346069336,9.739370346069336,,,,
40,284,,,13.380655288696289,,13.377118110656738,13.377118110656738,,,,
40,285,,,12.857307434082031,,12.85377311706543,12.85377311706543,,,,
40,286,,,9.639140129089355,,9.63560676574707,9.63560676574707,,,,
,40,,,,,,,,,10.979097366333008,10.979097366333008
40,286,,,,,,,10.979097366333008,10.979097366333008,,
40,286,14.03322982788086,14.03676986694336,,14.03322982788086,,,,,,
41,287,,,16.351383209228516,,16.34785270690918,16.34785270690918,,,,
41,288,,,7.856245517730713,,7.852717399597168,7.852717399597168,,,,
41,289,,,12.24864387512207,,12.245116233825684,12.245116233825684,,,,
41,290,,,12.895581245422363,,12.892054557800293,12.892054557800293,,,,
41,291,,,10.401226997375488,,10.39770221710205,10.39770221710205,,,,
41,292,,,19.35245132446289,,19.348926544189453,19.348926544189453,,,,
41,293,,,15.496274948120117,,15.492754936218262,15.492754936218262,,,,
,41,,,,,,,,,12.184181213378906,12.184181213378906
41,293,,,,,,,12.184181213378906,12.184181213378906,,
41,293,13.316729545593262,13.320256233215332,,13.316729545593262,,,,,,
42,294,,,12.253190040588379,,12.24967098236084,12.24967098236084,,,,
42,295,,,13.793537139892578,,13.790019035339355,13.790019035339355,,,,
42,296,,,10.202812194824219,,10.199295997619629,10.199295997619629,,,,
42,297,,,16.866378784179688,,16.862863540649414,16.862863540649414,,,,
42,298,,,12.938953399658203,,12.935439109802246,12.935439109802246,,,,
42,299,,,12.893230438232422,,12.889718055725098,12.889718055725098,,,,
42,300,,,6.32439661026001,,6.32088565826416,6.32088565826416,,,,
,42,,,,,,,,,13.121490478515625,13.121490478515625
42,300,,,,,,,13.121490478515625,13.121490478515625,,
42,300,12.752524375915527,12.7560396194458,,12.752524375915527,,,,,,
43,301,,,11.177483558654785,,11.173972129821777,11.173972129821777,,,,
43,302,,,8.826519012451172,,8.82300853729248,8.82300853729248,,,,
43,303,,,14.320151329040527,,14.316640853881836,14.316640853881836,,,,
43,304,,,7.083856582641602,,7.080348968505859,7.080348968505859,,,,
43,305,,,16.229019165039062,,16.22551155090332,16.22551155090332,,,,
43,306,,,17.0237979888916,,17.020292282104492,17.020292282104492,,,,
43,307,,,9.847281455993652,,9.843775749206543,9.843775749206543,,,,
,43,,,,,,,,,13.979862213134766,13.979862213134766
43,307,,,,,,,13.979863166809082,13.979863166809082,,
43,307,12.287245750427246,12.290754318237305,,12.287245750427246,,,,,,
44,308,,,9.304033279418945,,9.300529479980469,9.300529479980469,,,,
44,309,,,13.190311431884766,,13.186808586120605,13.186808586120605,,,,
44,310,,,12.989786148071289,,12.986285209655762,12.986285209655762,,,,
44,311,,,14.425869941711426,,14.422369956970215,14.422369956970215,,,,
44,312,,,9.34360122680664,,9.340102195739746,9.340102195739746,,,,
44,313,,,11.26192569732666,,11.258426666259766,11.258426666259766,,,,
44,314,,,14.444283485412598,,14.440784454345703,14.440784454345703,,,,
,44,,,,,,,,,14.971054077148438,14.971054077148438
44,314,,,,,,,14.971054077148438,14.971054077148438,,
44,314,11.907422065734863,11.910922050476074,,11.907422065734863,,,,,,
45,315,,,15.526043891906738,,15.522547721862793,15.522547721862793,,,,
45,316,,,12.398120880126953,,12.39462661743164,12.39462661743164,,,,
45,317,,,12.30663013458252,,12.303135871887207,12.303135871887207,,,,
45,318,,,9.191640853881836,,9.188145637512207,9.188145637512207,,,,
45,319,,,8.527112007141113,,8.5236177444458,8.5236177444458,,,,
45,320,,,10.336385726928711,,10.332892417907715,10.332892417907715,,,,
45,321,,,14.537342071533203,,14.533849716186523,14.533849716186523,,,,
,45,,,,,,,,,15.825323104858398,15.825323104858398
45,321,,,,,,,15.825323104858398,15.825323104858398,,
45,321,11.563161849975586,11.566655158996582,,11.563161849975586,,,,,,
46,322,,,14.460753440856934,,14.457262992858887,14.457262992858887,,,,
46,323,,,7.669096946716309,,7.665606498718262,7.665606498718262,,,,
46,324,,,6.1277923583984375,,6.124302387237549,6.124302387237549,,,,
46,325,,,11.595788955688477,,11.592299461364746,11.592299461364746,,,,
46,326,,,8.76494312286377,,8.761454582214355,8.761454582214355,,,,
46,327,,,17.777734756469727,,17.774246215820312,17.774246215820312,,,,
46,328,,,14.209802627563477,,14.206315040588379,14.206315040588379,,,,
,46,,,,,,,,,16.464035034179688,16.464035034179688
46,328,,,,,,,16.464035034179688,16.464035034179688,,
46,328,11.247456550598145,11.250946998596191,,11.247456550598145,,,,,,
47,329,,,10.563321113586426,,10.559833526611328,10.559833526611328,,,,
47,330,,,9.854547500610352,,9.851059913635254,9.851059913635254,,,,
47,331,,,15.538675308227539,,15.535187721252441,15.535187721252441,,,,
47,332,,,11.193020820617676,,11.189534187316895,11.189534187316895,,,,
47,333,,,11.86338996887207,,11.859904289245605,11.859904289245605,,,,
47,334,,,5.573952674865723,,5.5704665184021,5.5704665184021,,,,
47,335,,,14.779796600341797,,14.776309967041016,14.776309967041016,,,,
,47,,,,,,,,,17.133913040161133,17.133913040161133
47,335,,,,,,,17.133913040161133,17.133913040161133,,
47,335,10.9971923828125,11.000679969787598,,10.9971923828125,,,,,,
48,336,,,11.112882614135742,,11.10939884185791,11.10939884185791,,,,
48,337,,,12.449127197265625,,12.445643424987793,12.445643424987793,,,,
48,338,,,12.930965423583984,,12.927482604980469,12.927482604980469,,,,
48,339,,,5.816734790802002,,5.813251495361328,5.813251495361328,,,,
48,340,,,11.367022514343262,,11.36353874206543,11.36353874206543,,,,
48,341,,,10.026885032653809,,10.023401260375977,10.023401260375977,,,,
48,342,,,12.721832275390625,,12.71834945678711,12.71834945678711,,,,
,48,,,,,,,,,17.665613174438477,17.665613174438477
48,342,,,,,,,17.665613174438477,17.665613174438477,,
48,342,10.73758316040039,10.741066932678223,,10.73758316040039,,,,,,
49,343,,,9.185989379882812,,9.182507514953613,9.182507514953613,,,,
49,344,,,11.81209945678711,,11.80861759185791,11.80861759185791,,,,
49,345,,,9.409805297851562,,9.40632438659668,9.40632438659668,,,,
49,346,,,9.442676544189453,,9.43919563293457,9.43919563293457,,,,
49,347,,,7.21901273727417,,7.215531826019287,7.215531826019287,,,,
49,348,,,12.547348976135254,,12.543868064880371,12.543868064880371,,,,
49,349,,,19.889053344726562,,19.88557243347168,19.88557243347168,,,,
,49,,,,,,,,,18.10028076171875,18.10028076171875
49,349,,,,,,,18.10028076171875,18.10028076171875,,
49,349,10.518139839172363,10.52161979675293,,10.518139839172363,,,,,,
50,350,,,11.88066577911377,,11.877185821533203,11.877185821533203,,,,
50,351,,,11.080316543579102,,11.076836585998535,11.076836585998535,,,,
50,352,,,11.448185920715332,,11.444706916809082,11.444706916809082,,,,
50,353,,,9.453630447387695,,9.450150489807129,9.450150489807129,,,,
50,354,,,10.253018379211426,,10.249539375305176,10.249539375305176,,,,
50,355,,,9.06684684753418,,9.06336784362793,9.06336784362793,,,,
50,356,,,7.104120254516602,,7.100640773773193,7.100640773773193,,,,
,50,,,,,,,,,18.195884704589844,18.195884704589844
50,356,,,,,,,18.195884704589844,18.195884704589844,,
50,356,10.32541561126709,10.328895568847656,,10.32541561126709,,,,,,
51,357,,,8.972618103027344,,8.969138145446777,8.969138145446777,,,,
51,358,,,7.6639909744262695,,7.660511493682861,7.660511493682861,,,,
51,359,,,11.014683723449707,,11.01120376586914,11.01120376586914,,,,
51,360,,,13.29039478302002,,13.286914825439453,13.286914825439453,,,,
51,361,,,7.156816482543945,,7.153336048126221,7.153336048126221,,,,
51,362,,,11.634552001953125,,11.631072044372559,11.631072044372559,,,,
51,363,,,13.395456314086914,,13.391976356506348,13.391976356506348,,,,
,51,,,,,,,,,18.183807373046875,18.183807373046875
51,363,,,,,,,18.183807373046875,18.183807373046875,,
51,363,10.154379844665527,10.157858848571777,,10.154379844665527,,,,,,
52,364,,,11.157715797424316,,11.15423583984375,11.15423583984375,,,,
52,365,,,8.523764610290527,,8.520283699035645,8.520283699035645,,,,
52,366,,,9.883408546447754,,9.879927635192871,9.879927635192871,,,,
52,367,,,8.49399471282959,,8.490513801574707,8.490513801574707,,,,
52,368,,,8.91032886505127,,8.906847953796387,8.906847953796387,,,,
52,369,,,11.614399909973145,,11.610918045043945,11.610918045043945,,,,
52,370,,,13.679887771606445,,13.676406860351562,13.676406860351562,,,,
,52,,,,,,,,,18.21384048461914,18.21384048461914
52,370,,,,,,,18.21384048461914,18.21384048461914,,
52,370,9.990805625915527,9.994285583496094,,9.990805625915527,,,,,,
53,371,,,12.341940879821777,,12.338459968566895,12.338459968566895,,,,
53,372,,,8.249441146850586,,8.245960235595703,8.245960235595703,,,,
53,373,,,7.589056968688965,,7.58557653427124,7.58557653427124,,,,
53,374,,,15.061120986938477,,15.05764102935791,15.05764102935791,,,,
53,375,,,10.12755298614502,,10.124073028564453,10.124073028564453,,,,
53,376,,,3.748983144760132,,3.7455027103424072,3.7455027103424072,,,,
53,377,,,15.130668640136719,,15.127187728881836,15.127187728881836,,,,
,53,,,,,,,,,18.314273834228516,18.314273834228516
53,377,,,,,,,18.314273834228516,18.314273834228516,,
53,377,9.846260070800781,9.849740028381348,,9.846260070800781,,,,,,
54,378,,,10.095124244689941,,10.091643333435059,10.091643333435059,,,,
54,379,,,13.972648620605469,,13.969167709350586,13.969167709350586,,,,
54,380,,,9.541674613952637,,9.53819465637207,9.53819465637207,,,,
54,381,,,10.264819145202637,,10.26133918762207,10.26133918762207,,,,
54,382,,,8.247843742370605,,8.244363784790039,8.244363784790039,,,,
54,383,,,8.206666946411133,,8.20318603515625,8.20318603515625,,,,
54,384,,,4.317493915557861,,4.314012050628662,4.314012050628662,,,,
,54,,,,,,,,,18.283498764038086,18.283498764038086
54,384,,,,,,,18.283498764038086,18.283498764038086,,
54,384,9.713827133178711,9.717308044433594,,9.713827133178711,,,,,,
55,385,,,9.459537506103516,,9.4560546875,9.4560546875,,,,
55,386,,,8.994853019714355,,8.99137020111084,8.99137020111084,,,,
55,387,,,7.710692405700684,,7.707209587097168,7.707209587097168,,,,
55,388,,,10.44347095489502,,10.439987182617188,10.439987182617188,,,,
55,389,,,11.681312561035156,,11.677828788757324,11.677828788757324,,,,
55,390,,,10.12132740020752,,10.117843627929688,10.117843627929688,,,,
55,391,,,7.179707050323486,,7.176222801208496,7.176222801208496,,,,
,55,,,,,,,,,18.121746063232422,18.121746063232422
55,391,,,,,,,18.121746063232422,18.121746063232422,,
55,391,9.581393241882324,9.58487606048584,,9.581393241882324,,,,,,
56,392,,,7.627115249633789,,7.623630523681641,7.623630523681641,,,,
56,393,,,9.525260925292969,,9.521775245666504,9.521775245666504,,,,
56,394,,,12.876543998718262,,12.873058319091797,12.873058319091797,,,,
56,395,,,6.51023006439209,,6.506745338439941,6.506745338439941,,,,
56,396,,,9.541011810302734,,9.53752613067627,9.53752613067627,,,,
56,397,,,11.541767120361328,,11.538281440734863,11.538281440734863,,,,
56,398,,,7.571227073669434,,7.5677409172058105,7.5677409172058105,,,,
,56,,,,,,,,,17.918193817138672,17.918193817138672
56,398,,,,,,,17.918193817138672,17.918193817138672,,
56,398,9.480613708496094,9.484100341796875,,9.480613708496094,,,,,,
57,399,,,9.506632804870605,,9.503146171569824,9.503146171569824,,,,
57,400,,,10.14281940460205,,10.139331817626953,10.139331817626953,,,,
57,401,,,9.67000961303711,,9.666522026062012,9.666522026062012,,,,
57,402,,,9.249129295349121,,9.245640754699707,9.245640754699707,,,,
57,403,,,7.477836608886719,,7.4743475914001465,7.4743475914001465,,,,
57,404,,,8.455920219421387,,8.452430725097656,8.452430725097656,,,,
57,405,,,13.988737106323242,,13.985248565673828,13.985248565673828,,,,
,57,,,,,,,,,17.962909698486328,17.962909698486328
57,405,,,,,,,17.962909698486328,17.962909698486328,,
57,405,9.368766784667969,9.372255325317383,,9.368766784667969,,,,,,
58,406,,,7.189412593841553,,7.185924053192139,7.185924053192139,,,,
58,407,,,9.100728988647461,,9.097240447998047,9.097240447998047,,,,
58,408,,,6.9463982582092285,,6.9429097175598145,6.9429097175598145,,,,
58,409,,,9.397886276245117,,9.394397735595703,9.394397735595703,,,,
58,410,,,9.877306938171387,,9.873817443847656,9.873817443847656,,,,
58,411,,,12.466592788696289,,12.463103294372559,12.463103294372559,,,,
58,412,,,10.943981170654297,,10.940491676330566,10.940491676330566,,,,
,58,,,,,,,,,17.790433883666992,17.790433883666992
58,412,,,,,,,17.790433883666992,17.790433883666992,,
58,412,9.264326095581055,9.267814636230469,,9.264326095581055,,,,,,
59,413,,,11.294206619262695,,11.290716171264648,11.290716171264648,,,,
59,414,,,11.743217468261719,,11.739727020263672,11.739727020263672,,,,
59,415,,,8.610251426696777,,8.60676097869873,8.60676097869873,,,,
59,416,,,6.028100967407227,,6.024609565734863,6.024609565734863,,,,
59,417,,,7.460533618927002,,7.457042217254639,7.457042217254639,,,,
59,418,,,7.188732624053955,,7.185240268707275,7.185240268707275,,,,
59,419,,,16.526363372802734,,16.522871017456055,16.522871017456055,,,,
,59,,,,,,,,,17.95991325378418,17.95991325378418
59,419,,,,,,,17.95991325378418,17.95991325378418,,
59,419,9.176497459411621,9.179988861083984,,9.176497459411621,,,,,,
60,420,,,8.30494499206543,,8.30145263671875,8.30145263671875,,,,
60,421,,,12.639649391174316,,12.63615608215332,12.63615608215332,,,,
60,422,,,8.830677032470703,,8.827183723449707,8.827183723449707,,,,
60,423,,,8.773955345153809,,8.770462036132812,8.770462036132812,,,,
60,424,,,9.0753173828125,,9.071823120117188,9.071823120117188,,,,
60,425,,,7.742659091949463,,7.73916482925415,7.73916482925415,,,,
60,426,,,6.854207992553711,,6.85071325302124,6.85071325302124,,,,
,60,,,,,,,,,17.843202590942383,17.843202590942383
60,426,,,,,,,17.843202590942383,17.843202590942383,,
60,426,9.084746360778809,9.088240623474121,,9.084746360778809,,,,,,
61,427,,,9.810881614685059,,9.807387351989746,9.807387351989746,,,,
61,428,,,9.491432189941406,,9.487936973571777,9.487936973571777,,,,
61,429,,,10.240521430969238,,10.23702621459961,10.23702621459961,,,,
61,430,,,8.550888061523438,,8.547391891479492,8.547391891479492,,,,
61,431,,,10.4967679977417,,10.493271827697754,10.493271827697754,,,,
61,432,,,7.085409164428711,,7.081912517547607,7.081912517547607,,,,
61,433,,,4.514157772064209,,4.5106611251831055,4.5106611251831055,,,,
,61,,,,,,,,,17.710283279418945,17.710283279418945
61,433,,,,,,,17.710283279418945,17.710283279418945,,
61,433,8.99551773071289,8.999013900756836,,8.99551773071289,,,,,,
62,434,,,5.330387592315674,,5.32689094543457,5.32689094543457,,,,
62,435,,,10.708540916442871,,10.70504379272461,10.70504379272461,,,,
62,436,,,9.609790802001953,,9.606293678283691,9.606293678283691,,,,
62,437,,,12.82177448272705,,12.818277359008789,12.818277359008789,,,,
62,438,,,8.405325889587402,,8.40182876586914,8.40182876586914,,,,
62,439,,,7.589911937713623,,7.586414337158203,7.586414337158203,,,,
62,440,,,6.221395015716553,,6.217896938323975,6.217896938323975,,,,
,62,,,,,,,,,17.485414505004883,17.485414505004883
62,440,,,,,,,17.485414505004883,17.485414505004883,,
62,440,8.906110763549805,8.909608840942383,,8.906110763549805,,,,,,
63,441,,,8.572216987609863,,8.568717956542969,8.568717956542969,,,,
63,442,,,10.163768768310547,,10.160269737243652,10.160269737243652,,,,
63,443,,,9.881796836853027,,9.878296852111816,9.878296852111816,,,,
63,444,,,7.3350701332092285,,7.331570625305176,7.331570625305176,,,,
63,445,,,7.7431206703186035,,7.739620685577393,7.739620685577393,,,,
63,446,,,7.460880756378174,,7.457380294799805,7.457380294799805,,,,
63,447,,,13.606532096862793,,13.603031158447266,13.603031158447266,,,,
,63,,,,,,,,,17.433412551879883,17.433412551879883
63,447,,,,,,,17.433412551879883,17.433412551879883,,
63,447,8.821489334106445,8.824989318847656,,8.821489334106445,,,,,,
64,448,,,7.504638671875,,7.5011372566223145,7.5011372566223145,,,,
64,449,,,6.030224323272705,,6.026722431182861,6.026722431182861,,,,
64,450,,,11.24472713470459,,11.241225242614746,11.241225242614746,,,,
64,451,,,7.725841999053955,,7.722339630126953,7.722339630126953,,,,
64,452,,,10.392870903015137,,10.389368057250977,10.389368057250977,,,,
64,453,,,8.014266014099121,,8.010763168334961,8.010763168334961,,,,
64,454,,,12.66139030456543,,12.657886505126953,12.657886505126953,,,,
,64,,,,,,,,,17.284452438354492,17.284452438354492
64,454,,,,,,,17.284452438354492,17.284452438354492,,
64,454,8.727570533752441,8.731073379516602,,8.727570533752441,,,,,,
65,455,,,10.186388969421387,,10.18288516998291,10.18288516998291,,,,
65,456,,,7.383738994598389,,7.380234241485596,7.380234241485596,,,,
65,457,,,11.83117961883545,,11.827674865722656,11.827674865722656,,,,
65,458,,,8.539765357971191,,8.536259651184082,8.536259651184082,,,,
65,459,,,7.331038951873779,,7.327532768249512,7.327532768249512,,,,
65,460,,,6.610424995422363,,6.606918811798096,6.606918811798096,,,,
65,461,,,8.61927604675293,,8.615768432617188,8.615768432617188,,,,
,65,,,,,,,,,17.2232608795166,17.2232608795166
65,461,,,,,,,17.2232608795166,17.2232608795166,,
65,461,8.641948699951172,8.645452499389648,,8.641948699951172,,,,,,
66,462,,,7.554821968078613,,7.551315784454346,7.551315784454346,,,,
66,463,,,8.802360534667969,,8.79885482788086,8.79885482788086,,,,
66,464,,,8.230133056640625,,8.226627349853516,8.226627349853516,,,,
66,465,,,8.365915298461914,,8.362408638000488,8.362408638000488,,,,
66,466,,,9.447887420654297,,9.444380760192871,9.444380760192871,,,,
66,467,,,11.494145393371582,,11.49063777923584,11.49063777923584,,,,
66,468,,,1.8825037479400635,,1.8789957761764526,1.8789957761764526,,,,
,66,,,,,,,,,17.137065887451172,17.137065887451172
66,468,,,,,,,17.137065887451172,17.137065887451172,,
66,468,8.56138801574707,8.564894676208496,,8.56138801574707,,,,,,
67,469,,,7.382976055145264,,7.379467964172363,7.379467964172363,,,,
67,470,,,9.116180419921875,,9.112672805786133,9.112672805786133,,,,
67,471,,,9.089341163635254,,9.085832595825195,9.085832595825195,,,,
67,472,,,11.213274002075195,,11.209765434265137,11.209765434265137,,,,
67,473,,,5.787219047546387,,5.78371000289917,5.78371000289917,,,,
67,474,,,9.70121955871582,,9.697710037231445,9.697710037231445,,,,
67,475,,,4.847773551940918,,4.844263553619385,4.844263553619385,,,,
,67,,,,,,,,,16.929889678955078,16.929889678955078
67,475,,,,,,,16.929889678955078,16.929889678955078,,
67,475,8.484040260314941,8.487549781799316,,8.484040260314941,,,,,,
68,476,,,10.811053276062012,,10.807541847229004,10.807541847229004,,,,
68,477,,,6.483261585235596,,6.47974967956543,6.47974967956543,,,,
68,478,,,7.2035298347473145,,7.20001745223999,7.20001745223999,,,,
68,479,,,10.608133316040039,,10.604619979858398,10.604619979858398,,,,
68,480,,,6.772961616516113,,6.769448757171631,6.769448757171631,,,,
68,481,,,9.541007041931152,,9.537493705749512,9.537493705749512,,,,
68,482,,,5.969406604766846,,5.965892791748047,5.965892791748047,,,,
,68,,,,,,,,,16.797252655029297,16.797252655029297
68,482,,,,,,,16.797252655029297,16.797252655029297,,
68,482,8.41350269317627,8.41701602935791,,8.41350269317627,,,,,,
69,483,,,9.013937950134277,,9.010422706604004,9.010422706604004,,,,
69,484,,,7.170523643493652,,7.167007923126221,7.167007923126221,,,,
69,485,,,9.473089218139648,,9.469573020935059,9.469573020935059,,,,
69,486,,,8.350786209106445,,8.347269058227539,8.347269058227539,,,,
69,487,,,7.153134822845459,,7.1496171951293945,7.1496171951293945,,,,
69,488,,,9.061164855957031,,9.057647705078125,9.057647705078125,,,,
69,489,,,8.015305519104004,,8.011787414550781,8.011787414550781,,,,
,69,,,,,,,,,16.788890838623047,16.788890838623047
69,489,,,,,,,16.788890838623047,16.788890838623047,,
69,489,8.34603214263916,8.349549293518066,,8.34603214263916,,,,,,
70,490,,,5.588854789733887,,5.585336685180664,5.585336685180664,,,,
70,491,,,10.550125122070312,,10.546606063842773,10.546606063842773,,,,
70,492,,,8.091279983520508,,8.087759971618652,8.087759971618652,,,,
70,493,,,8.89648723602295,,8.892966270446777,8.892966270446777,,,,
70,494,,,5.88235330581665,,5.8788323402404785,5.8788323402404785,,,,
70,495,,,9.487462997436523,,9.483942031860352,9.483942031860352,,,,
70,496,,,11.509012222290039,,11.50549030303955,11.50549030303955,,,,
,70,,,,,,,,,16.933135986328125,16.933135986328125
70,496,,,,,,,16.933135986328125,16.933135986328125,,
70,496,8.28078556060791,8.284305572509766,,8.28078556060791,,,,,,
71,497,,,7.392279624938965,,7.388758659362793,7.388758659362793,,,,
71,498,,,6.092874526977539,,6.089353084564209,6.089353084564209,,,,
71,499,,,7.272615432739258,,7.2690935134887695,7.2690935134887695,,,,
71,500,,,10.071318626403809,,10.06779670715332,10.06779670715332,,,,
71,501,,,8.03722095489502,,8.033698081970215,8.033698081970215,,,,
71,502,,,9.033363342285156,,9.029840469360352,9.029840469360352,,,,
71,503,,,11.957030296325684,,11.953506469726562,11.953506469726562,,,,
,71,,,,,,,,,16.972579956054688,16.972579956054688
71,503,,,,,,,16.972579956054688,16.972579956054688,,
71,503,8.213506698608398,8.217028617858887,,8.213506698608398,,,,,,
72,504,,,9.777827262878418,,9.774303436279297,9.774303436279297,,,,
72,505,,,10.947846412658691,,10.94432258605957,10.94432258605957,,,,
72,506,,,7.817099094390869,,7.813575744628906,7.813575744628906,,,,
72,507,,,6.499266147613525,,6.495741844177246,6.495741844177246,,,,
72,508,,,7.350157260894775,,7.346632957458496,7.346632957458496,,,,
72,509,,,5.762149333953857,,5.758624076843262,5.758624076843262,,,,
72,510,,,10.305286407470703,,10.30176067352295,10.30176067352295,,,,
,72,,,,,,,,,16.86018180847168,16.86018180847168
72,510,,,,,,,16.86018180847168,16.86018180847168,,
72,510,8.156291961669922,8.15981674194336,,8.156291961669922,,,,,,
73,511,,,7.180654525756836,,7.177127361297607,7.177127361297607,,,,
73,512,,,9.222478866577148,,9.218950271606445,9.218950271606445,,,,
73,513,,,7.45095157623291,,7.447422504425049,7.447422504425049,,,,
73,514,,,7.488883018493652,,7.485353469848633,7.485353469848633,,,,
73,515,,,8.53522777557373,,8.531698226928711,8.531698226928711,,,,
73,516,,,8.51784896850586,,8.514318466186523,8.514318466186523,,,,
73,517,,,8.478344917297363,,8.474814414978027,8.474814414978027,,,,
,73,,,,,,,,,16.621173858642578,16.621173858642578
73,517,,,,,,,16.621173858642578,16.621173858642578,,
73,517,8.0867338180542,8.090262413024902,,8.0867338180542,,,,,,
74,518,,,4.818219184875488,,4.814688205718994,4.814688205718994,,,,
74,519,,,9.719500541687012,,9.71596908569336,9.71596908569336,,,,
74,520,,,6.307962417602539,,6.30443000793457,6.30443000793457,,,,
74,521,,,10.157639503479004,,10.154106140136719,10.154106140136719,,,,
74,522,,,8.471454620361328,,8.467921257019043,8.467921257019043,,,,
74,523,,,7.522801399230957,,7.519267559051514,7.519267559051514,,,,
74,524,,,11.21747875213623,,11.213944435119629,11.213944435119629,,,,
,74,,,,,,,,,16.4197998046875,16.4197998046875
74,524,,,,,,,16.4197998046875,16.4197998046875,,
74,524,8.028488159179688,8.032020568847656,,8.028488159179688,,,,,,
75,525,,,6.329832553863525,,6.326297283172607,6.326297283172607,,,,
75,526,,,7.111461639404297,,7.107925891876221,7.107925891876221,,,,
75,527,,,8.539031028747559,,8.535494804382324,8.535494804382324,,,,
75,528,,,7.353806972503662,,7.350269794464111,7.350269794464111,,,,
75,529,,,8.900425910949707,,8.896888732910156,8.896888732910156,,,,
75,530,,,9.425110816955566,,9.4215726852417,9.4215726852417,,,,
75,531,,,8.387114524841309,,8.383576393127441,8.383576393127441,,,,
,75,,,,,,,,,16.286956787109375,16.286956787109375
75,531,,,,,,,16.286956787109375,16.286956787109375,,
75,531,7.96584939956665,7.969386100769043,,7.96584939956665,,,,,,
76,532,,,6.704545974731445,,6.701006889343262,6.701006889343262,,,,
76,533,,,9.967242240905762,,9.963702201843262,9.963702201843262,,,,
76,534,,,8.939492225646973,,8.935951232910156,8.935951232910156,,,,
76,535,,,6.037092208862305,,6.033551216125488,6.033551216125488,,,,
76,536,,,7.917029857635498,,7.913488388061523,7.913488388061523,,,,
76,537,,,7.394780158996582,,7.391238212585449,7.391238212585449,,,,
76,538,,,9.29123592376709,,9.28769302368164,9.28769302368164,,,,
,76,,,,,,,,,16.104162216186523,16.104162216186523
76,538,,,,,,,16.104162216186523,16.104162216186523,,
76,538,7.909305572509766,7.912846088409424,,7.909305572509766,,,,,,
77,539,,,6.2294416427612305,,6.225898265838623,6.225898265838623,,,,
77,540,,,5.6473069190979,,5.643763542175293,5.643763542175293,,,,
77,541,,,10.853588104248047,,10.850044250488281,10.850044250488281,,,,
77,542,,,8.211759567260742,,8.20821475982666,8.20821475982666,,,,
77,543,,,5.652101039886475,,5.648555755615234,5.648555755615234,,,,
77,544,,,9.818161010742188,,9.814615249633789,9.814615249633789,,,,
77,545,,,9.703389167785645,,9.69984245300293,9.69984245300293,,,,
,77,,,,,,,,,16.066503524780273,16.066503524780273
77,545,,,,,,,16.066503524780273,16.066503524780273,,
77,545,7.847612380981445,7.851157188415527,,7.847612380981445,,,,,,
78,546,,,8.241421699523926,,8.237874984741211,8.237874984741211,,,,
78,547,,,8.501252174377441,,8.49770450592041,8.49770450592041,,,,
78,548,,,7.577347755432129,,7.5737996101379395,7.5737996101379395,,,,
78,549,,,8.168051719665527,,8.164502143859863,8.164502143859863,,,,
78,550,,,6.829967498779297,,6.826416969299316,6.826416969299316,,,,
78,551,,,6.820018768310547,,6.816467761993408,6.816467761993408,,,,
78,552,,,9.348705291748047,,9.345154762268066,9.345154762268066,,,,
,78,,,,,,,,,16.014362335205078,16.014362335205078
78,552,,,,,,,16.014362335205078,16.014362335205078,,
78,552,7.783717155456543,7.787266731262207,,7.783717155456543,,,,,,
79,553,,,7.575603485107422,,7.572052955627441,7.572052955627441,,,,
79,554,,,8.312535285949707,,8.308984756469727,8.308984756469727,,,,
79,555,,,9.643548965454102,,9.639997482299805,9.639997482299805,,,,
79,556,,,5.996372222900391,,5.9928202629089355,5.9928202629089355,,,,
79,557,,,9.309747695922852,,9.306195259094238,9.306195259094238,,,,
79,558,,,5.82789945602417,,5.824346542358398,5.824346542358398,,,,
79,559,,,6.810426712036133,,6.806872844696045,6.806872844696045,,,,
,79,,,,,,,,,15.870649337768555,15.870649337768555
79,559,,,,,,,15.870649337768555,15.870649337768555,,
79,559,7.717172145843506,7.720724105834961,,7.717172145843506,,,,,,
80,560,,,5.602908611297607,,5.599353790283203,5.599353790283203,,,,
80,561,,,9.546250343322754,,9.542694091796875,9.542694091796875,,,,
80,562,,,7.076005458831787,,7.07244873046875,7.07244873046875,,,,
80,563,,,5.512969493865967,,5.509411811828613,5.509411811828613,,,,
80,564,,,7.214366436004639,,7.210808277130127,7.210808277130127,,,,
80,565,,,10.27414321899414,,10.270585060119629,10.270585060119629,,,,
80,566,,,9.471352577209473,,9.467793464660645,9.467793464660645,,,,
,80,,,,,,,,,15.731546401977539,15.731546401977539
80,566,,,,,,,15.731546401977539,15.731546401977539,,
80,566,7.647956371307373,7.651513576507568,,7.647956371307373,,,,,,
81,567,,,6.032422065734863,,6.028862953186035,6.028862953186035,,,,
81,568,,,5.589997291564941,,5.586436748504639,5.586436748504639,,,,
81,569,,,7.342334747314453,,7.33877420425415,7.33877420425415,,,,
81,570,,,6.386498928070068,,6.382937431335449,6.382937431335449,,,,
81,571,,,9.705192565917969,,9.701630592346191,9.701630592346191,,,,
81,572,,,10.673348426818848,,10.669785499572754,10.669785499572754,,,,
81,573,,,7.041994571685791,,7.038431167602539,7.038431167602539,,,,
,81,,,,,,,,,15.577818870544434,15.577818870544434
81,573,,,,,,,15.577818870544434,15.577818870544434,,
81,573,7.583974361419678,7.587535858154297,,7.583974361419678,,,,,,
82,574,,,7.305927276611328,,7.302363872528076,7.302363872528076,,,,
82,575,,,8.263236045837402,,8.259672164916992,8.259672164916992,,,,
82,576,,,6.794342994689941,,6.790778636932373,6.790778636932373,,,,
82,577,,,8.574411392211914,,8.570846557617188,8.570846557617188,,,,
82,578,,,6.763518810272217,,6.759953498840332,6.759953498840332,,,,
82,579,,,6.8542938232421875,,6.8507280349731445,6.8507280349731445,,,,
82,580,,,9.041830062866211,,9.038263320922852,9.038263320922852,,,,
,82,,,,,,,,,15.478471755981445,15.478471755981445
82,580,,,,,,,15.478471755981445,15.478471755981445,,
82,580,7.517441749572754,7.521006107330322,,7.517441749572754,,,,,,
83,581,,,6.4486846923828125,,6.445116996765137,6.445116996765137,,,,
83,582,,,7.552101135253906,,7.548532962799072,7.548532962799072,,,,
83,583,,,8.743102073669434,,8.739533424377441,8.739533424377441,,,,
83,584,,,8.132413864135742,,8.128844261169434,8.128844261169434,,,,
83,585,,,6.501440525054932,,6.497870445251465,6.497870445251465,,,,
83,586,,,6.683008670806885,,6.679437637329102,6.679437637329102,,,,
83,587,,,9.36863899230957,,9.365066528320312,9.365066528320312,,,,
,83,,,,,,,,,15.541316986083984,15.541316986083984
83,587,,,,,,,15.541316032409668,15.541316032409668,,
83,587,7.459017753601074,7.462587356567383,,7.459017753601074,,,,,,
84,588,,,6.653119087219238,,6.649547576904297,6.649547576904297,,,,
84,589,,,6.303006172180176,,6.299434185028076,6.299434185028076,,,,
84,590,,,6.940064907073975,,6.936492443084717,6.936492443084717,,,,
84,591,,,7.849545478820801,,7.845972537994385,7.845972537994385,,,,
84,592,,,7.91180419921875,,7.908230781555176,7.908230781555176,,,,
84,593,,,8.073308944702148,,8.069734573364258,8.069734573364258,,,,
84,594,,,9.26655101776123,,9.262975692749023,9.262975692749023,,,,
,84,,,,,,,,,15.355988502502441,15.355988502502441
84,594,,,,,,,15.355988502502441,15.355988502502441,,
84,594,7.401259422302246,7.404832363128662,,7.401259422302246,,,,,,
85,595,,,8.400796890258789,,8.397220611572266,8.397220611572266,,,,
85,596,,,8.977590560913086,,8.974013328552246,8.974013328552246,,,,
85,597,,,5.8433990478515625,,5.839821815490723,5.839821815490723,,,,
85,598,,,4.843166351318359,,4.839588165283203,4.839588165283203,,,,
85,599,,,8.155684471130371,,8.152106285095215,8.152106285095215,,,,
85,600,,,6.921106815338135,,6.917527675628662,6.917527675628662,,,,
85,601,,,9.918275833129883,,9.914695739746094,9.914695739746094,,,,
,85,,,,,,,,,15.126511573791504,15.126511573791504
85,601,,,,,,,15.126511573791504,15.126511573791504,,
85,601,7.347182273864746,7.350760459899902,,7.347182273864746,,,,,,
86,602,,,6.15902853012085,,6.155447483062744,6.155447483062744,,,,
86,603,,,5.743775367736816,,5.7401933670043945,5.7401933670043945,,,,
86,604,,,7.3056721687316895,,7.302088737487793,7.302088737487793,,,,
86,605,,,8.197921752929688,,8.194337844848633,8.194337844848633,,,,
86,606,,,8.216171264648438,,8.212587356567383,8.212587356567383,,,,
86,607,,,6.8596954345703125,,6.8561110496521,6.8561110496521,,,,
86,608,,,10.73374080657959,,10.730154991149902,10.730154991149902,,,,
,86,,,,,,,,,15.063263893127441,15.063263893127441
86,608,,,,,,,15.063263893127441,15.063263893127441,,
86,608,7.291697978973389,7.295280933380127,,7.291697978973389,,,,,,
87,609,,,5.315668106079102,,5.312082767486572,5.312082767486572,,,,
87,610,,,6.341281890869141,,6.337696075439453,6.337696075439453,,,,
87,611,,,10.756001472473145,,10.75241470336914,10.75241470336914,,,,
87,612,,,6.743722915649414,,6.74013614654541,6.74013614654541,,,,
87,613,,,7.369243621826172,,7.365655899047852,7.365655899047852,,,,
87,614,,,6.639575958251953,,6.635987281799316,6.635987281799316,,,,
87,615,,,7.958377361297607,,7.9547882080078125,7.9547882080078125,,,,
,87,,,,,,,,,14.986751556396484,14.986751556396484
87,615,,,,,,,14.986750602722168,14.986750602722168,,
87,615,7.235611438751221,7.239197254180908,,7.235611438751221,,,,,,
88,616,,,5.3355817794799805,,5.331991672515869,5.331991672515869,,,,
88,617,,,8.180106163024902,,8.176515579223633,8.176515579223633,,,,
88,618,,,8.079944610595703,,8.076353073120117,8.076353073120117,,,,
88,619,,,6.973690509796143,,6.97009801864624,6.97009801864624,,,,
88,620,,,7.660567283630371,,7.656973838806152,7.656973838806152,,,,
88,621,,,5.560550212860107,,5.556956768035889,5.556956768035889,,,,
88,622,,,10.517695426940918,,10.514101028442383,10.514101028442383,,,,
,88,,,,,,,,,14.883443832397461,14.883443832397461
88,622,,,,,,,14.883443832397461,14.883443832397461,,
88,622,7.170459270477295,7.174050807952881,,7.170459270477295,,,,,,
89,623,,,6.649747371673584,,6.646152019500732,6.646152019500732,,,,
89,624,,,8.437630653381348,,8.434033393859863,8.434033393859863,,,,
89,625,,,5.792543411254883,,5.788945198059082,5.788945198059082,,,,
89,626,,,6.888453483581543,,6.884854793548584,6.884854793548584,,,,
89,627,,,5.603083610534668,,5.599484920501709,5.599484920501709,,,,
89,628,,,9.222850799560547,,9.21925163269043,9.21925163269043,,,,
89,629,,,7.375693321228027,,7.372093200683594,7.372093200683594,,,,
,89,,,,,,,,,14.863386154174805,14.863386154174805
89,629,,,,,,,14.863386154174805,14.863386154174805,,
89,629,7.111726760864258,7.1153244972229,,7.111726760864258,,,,,,
90,630,,,8.827781677246094,,8.82418155670166,8.82418155670166,,,,
90,631,,,6.068485736846924,,6.064884662628174,6.064884662628174,,,,
90,632,,,7.806625843048096,,7.8030242919921875,7.8030242919921875,,,,
90,633,,,5.415714740753174,,5.412112236022949,5.412112236022949,,,,
90,634,,,6.496257305145264,,6.492653846740723,6.492653846740723,,,,
90,635,,,9.361773490905762,,9.358169555664062,9.358169555664062,,,,
90,636,,,2.532942056655884,,2.529337167739868,2.529337167739868,,,,
,90,,,,,,,,,14.78192138671875,14.78192138671875
90,636,,,,,,,14.78192138671875,14.78192138671875,,
90,636,7.043690204620361,7.047292709350586,,7.043690204620361,,,,,,
91,637,,,7.419578552246094,,7.41597318649292,7.41597318649292,,,,
91,638,,,5.978650093078613,,5.975043773651123,5.975043773651123,,,,
91,639,,,7.476024627685547,,7.472416877746582,7.472416877746582,,,,
91,640,,,8.579632759094238,,8.576024055480957,8.576024055480957,,,,
91,641,,,4.4053850173950195,,4.401776313781738,4.401776313781738,,,,
91,642,,,9.233071327209473,,9.229461669921875,9.229461669921875,,,,
91,643,,,3.9929866790771484,,3.9893767833709717,3.9893767833709717,,,,
,91,,,,,,,,,14.60171890258789,14.60171890258789
91,643,,,,,,,14.601719856262207,14.601719856262207,,
91,643,6.990856647491455,6.99446439743042,,6.990856647491455,,,,,,
92,644,,,8.607453346252441,,8.603842735290527,8.603842735290527,,,,
92,645,,,5.626674175262451,,5.623062610626221,5.623062610626221,,,,
92,646,,,7.461853504180908,,7.4582414627075195,7.4582414627075195,,,,
92,647,,,6.0067620277404785,,6.003149032592773,6.003149032592773,,,,
92,648,,,6.206045150756836,,6.2024312019348145,6.2024312019348145,,,,
92,649,,,8.394157409667969,,8.390542984008789,8.390542984008789,,,,
92,650,,,4.833290100097656,,4.82967472076416,4.82967472076416,,,,
,92,,,,,,,,,14.448451042175293,14.448451042175293
92,650,,,,,,,14.448451042175293,14.448451042175293,,
92,650,6.916454792022705,6.920067310333252,,6.916454792022705,,,,,,
93,651,,,7.3457255363464355,,7.3421101570129395,7.3421101570129395,,,,
93,652,,,4.5982160568237305,,4.594599723815918,4.594599723815918,,,,
93,653,,,6.273085117340088,,6.269468307495117,6.269468307495117,,,,
93,654,,,6.642667293548584,,6.639050006866455,6.639050006866455,,,,
93,655,,,6.634144306182861,,6.630525588989258,6.630525588989258,,,,
93,656,,,8.672351837158203,,8.668731689453125,8.668731689453125,,,,
93,657,,,9.622126579284668,,9.61850643157959,9.61850643157959,,,,
,93,,,,,,,,,14.496817588806152,14.496817588806152
93,657,,,,,,,14.496817588806152,14.496817588806152,,
93,657,6.862968921661377,6.866586685180664,,6.862968921661377,,,,,,
94,658,,,8.465497016906738,,8.46187686920166,8.46187686920166,,,,
94,659,,,6.257339954376221,,6.253718852996826,6.253718852996826,,,,
94,660,,,7.593791961669922,,7.590170383453369,7.590170383453369,,,,
94,661,,,5.602513313293457,,5.598891258239746,5.598891258239746,,,,
94,662,,,9.708953857421875,,9.705330848693848,9.705330848693848,,,,
94,663,,,4.570908069610596,,4.56728458404541,4.56728458404541,,,,
94,664,,,3.3177242279052734,,3.3141000270843506,3.3141000270843506,,,,
,94,,,,,,,,,14.47163200378418,14.47163200378418
94,664,,,,,,,14.47163200378418,14.47163200378418,,
94,664,6.810988903045654,6.81461238861084,,6.810988903045654,,,,,,
95,665,,,7.836108684539795,,7.832483291625977,7.832483291625977,,,,
95,666,,,5.553579807281494,,5.549954414367676,5.549954414367676,,,,
95,667,,,6.21439790725708,,6.2107720375061035,6.2107720375061035,,,,
95,668,,,5.77293586730957,,5.769308567047119,5.769308567047119,,,,
95,669,,,6.764280319213867,,6.760652542114258,6.760652542114258,,,,
95,670,,,8.423657417297363,,8.420028686523438,8.420028686523438,,,,
95,671,,,6.788475036621094,,6.784845352172852,6.784845352172852,,,,
,95,,,,,,,,,14.364956855773926,14.364956855773926
95,671,,,,,,,14.364956855773926,14.364956855773926,,
95,671,6.758825778961182,6.762453079223633,,6.758825778961182,,,,,,
96,672,,,6.399713039398193,,6.396081924438477,6.396081924438477,,,,
96,673,,,8.121661186218262,,8.118029594421387,8.118029594421387,,,,
96,674,,,5.750100612640381,,5.746467590332031,5.746467590332031,,,,
96,675,,,5.031137943267822,,5.0275044441223145,5.0275044441223145,,,,
96,676,,,7.254991054534912,,7.251356601715088,7.251356601715088,,,,
96,677,,,8.303177833557129,,8.299542427062988,8.299542427062988,,,,
96,678,,,4.877854824066162,,4.874218463897705,4.874218463897705,,,,
,96,,,,,,,,,14.245735168457031,14.245735168457031
96,678,,,,,,,14.245735168457031,14.245735168457031,,
96,678,6.692833423614502,6.69646692276001,,6.692833423614502,,,,,,
97,679,,,8.250197410583496,,8.246561050415039,8.246561050415039,,,,
97,680,,,6.555851459503174,,6.552214622497559,6.552214622497559,,,,
97,681,,,4.947924613952637,,4.944286823272705,4.944286823272705,,,,
97,682,,,6.918310165405273,,6.914671421051025,6.914671421051025,,,,
97,683,,,8.398959159851074,,8.395319938659668,8.395319938659668,,,,
97,684,,,5.277299880981445,,5.273659706115723,5.273659706115723,,,,
97,685,,,5.4659342765808105,,5.46229362487793,5.46229362487793,,,,
,97,,,,,,,,,13.862144470214844,13.862144470214844
97,685,,,,,,,13.862144470214844,13.862144470214844,,
97,685,6.647070407867432,6.650708198547363,,6.647070407867432,,,,,,
98,686,,,7.0106730461120605,,7.007030487060547,7.007030487060547,,,,
98,687,,,4.8203630447387695,,4.8167195320129395,4.8167195320129395,,,,
98,688,,,5.891285419464111,,5.887640953063965,5.887640953063965,,,,
98,689,,,7.8517327308654785,,7.848087787628174,7.848087787628174,,,,
98,690,,,6.7515082359313965,,6.747862339019775,6.747862339019775,,,,
98,691,,,7.382718086242676,,7.379071235656738,7.379071235656738,,,,
98,692,,,5.996745586395264,,5.993098258972168,5.993098258972168,,,,
,98,,,,,,,,,13.479143142700195,13.479143142700195
98,692,,,,,,,13.479143142700195,13.479143142700195,,
98,692,6.577854633331299,6.581499099731445,,6.577854633331299,,,,,,
99,693,,,7.274392127990723,,7.270743370056152,7.270743370056152,,,,
99,694,,,6.352074146270752,,6.348424434661865,6.348424434661865,,,,
99,695,,,7.249582767486572,,7.245932102203369,7.245932102203369,,,,
99,696,,,6.142027378082275,,6.138376235961914,6.138376235961914,,,,
99,697,,,5.980056285858154,,5.976404190063477,5.976404190063477,,,,
99,698,,,6.117359161376953,,6.113706111907959,6.113706111907959,,,,
99,699,,,6.633368015289307,,6.629714012145996,6.629714012145996,,,,
,99,,,,,,,,,13.1953706741333,13.1953706741333
99,699,,,,,,,13.1953706741333,13.1953706741333,,
99,699,6.522310256958008,6.525961399078369,,6.522310256958008,,,,,,
100,700,,,5.89539098739624,,5.891735553741455,5.891735553741455,,,,
100,701,,,6.410388469696045,,6.406732559204102,6.406732559204102,,,,
100,702,,,5.877371788024902,,5.873714447021484,5.873714447021484,,,,
100,703,,,5.838732719421387,,5.835074424743652,5.835074424743652,,,,
100,704,,,6.162990570068359,,6.159331321716309,6.159331321716309,,,,
100,705,,,8.21069622039795,,8.207036018371582,8.207036018371582,,,,
100,706,,,7.700139045715332,,7.696477890014648,7.696477890014648,,,,
,100,,,,,,,,,13.157421112060547,13.157421112060547
100,706,,,,,,,13.15742015838623,13.15742015838623,,
100,706,6.472126007080078,6.475784778594971,,6.472126007080078,,,,,,
101,707,,,6.0810723304748535,,6.077411651611328,6.077411651611328,,,,
101,708,,,6.301840782165527,,6.2981791496276855,6.2981791496276855,,,,
101,709,,,5.860487937927246,,5.856825828552246,5.856825828552246,,,,
101,710,,,5.4424896240234375,,5.438827037811279,5.438827037811279,,,,
101,711,,,8.064600944519043,,8.060937881469727,8.060937881469727,,,,
101,712,,,5.554299354553223,,5.550634860992432,5.550634860992432,,,,
101,713,,,9.543663024902344,,9.539997100830078,9.539997100830078,,,,
,101,,,,,,,,,13.217490196228027,13.217490196228027
101,713,,,,,,,13.217490196228027,13.217490196228027,,
101,713,6.409461498260498,6.413123607635498,,6.409461498260498,,,,,,
102,714,,,5.3358049392700195,,5.332138538360596,5.332138538360596,,,,
102,715,,,7.3257155418396,,7.322048664093018,7.322048664093018,,,,
102,716,,,6.241286754608154,,6.237618923187256,6.237618923187256,,,,
102,717,,,4.594799518585205,,4.59113073348999,4.59113073348999,,,,
102,718,,,6.331623554229736,,6.327954292297363,6.327954292297363,,,,
102,719,,,8.74085807800293,,8.737187385559082,8.737187385559082,,,,
102,720,,,5.25904655456543,,5.255375385284424,5.255375385284424,,,,
,102,,,,,,,,,13.11598014831543,13.11598014831543
102,720,,,,,,,13.11598014831543,13.11598014831543,,
102,720,6.355896472930908,6.359565258026123,,6.355896472930908,,,,,,
103,721,,,6.071098804473877,,6.0674262046813965,6.0674262046813965,,,,
103,722,,,6.736016750335693,,6.7323431968688965,6.7323431968688965,,,,
103,723,,,7.065261363983154,,7.061587333679199,7.061587333679199,,,,
103,724,,,5.588230609893799,,5.5845561027526855,5.5845561027526855,,,,
103,725,,,6.428284645080566,,6.424609184265137,6.424609184265137,,,,
103,726,,,5.653636932373047,,5.649960041046143,5.649960041046143,,,,
103,727,,,7.006351470947266,,7.002673625946045,7.002673625946045,,,,
,103,,,,,,,,,13.053201675415039,13.053201675415039
103,727,,,,,,,13.053201675415039,13.053201675415039,,
103,727,6.297487735748291,6.301162242889404,,6.297487735748291,,,,,,
104,728,,,5.204738140106201,,5.201059341430664,5.201059341430664,,,,
104,729,,,5.518754959106445,,5.515075206756592,5.515075206756592,,,,
104,730,,,7.253785610198975,,7.250104904174805,7.250104904174805,,,,
104,731,,,8.076080322265625,,8.072399139404297,8.072399139404297,,,,
104,732,,,5.271311283111572,,5.2676286697387695,5.2676286697387695,,,,
104,733,,,6.6692633628845215,,6.6655802726745605,6.6655802726745605,,,,
104,734,,,5.00976037979126,,5.006076335906982,5.006076335906982,,,,
,104,,,,,,,,,12.879432678222656,12.879432678222656
104,734,,,,,,,12.879432678222656,12.879432678222656,,
104,734,6.250843048095703,6.254525184631348,,6.250843048095703,,,,,,
105,735,,,5.279654026031494,,5.2759690284729,5.2759690284729,,,,
105,736,,,7.9950737953186035,,7.991388320922852,7.991388320922852,,,,
105,737,,,6.394198894500732,,6.390512466430664,6.390512466430664,,,,
105,738,,,5.247018814086914,,5.2433319091796875,5.2433319091796875,,,,
105,739,,,5.8122687339782715,,5.80858039855957,5.80858039855957,,,,
105,740,,,7.054035186767578,,7.0503458976745605,7.0503458976745605,,,,
105,741,,,4.698330879211426,,4.694640636444092,4.694640636444092,,,,
,105,,,,,,,,,12.830832481384277,12.830832481384277
105,741,,,,,,,12.830832481384277,12.830832481384277,,
105,741,6.199312686920166,6.203000068664551,,6.199312686920166,,,,,,
106,742,,,3.6749632358551025,,3.6712727546691895,3.6712727546691895,,,,
106,743,,,6.803096294403076,,6.799405574798584,6.799405574798584,,,,
106,744,,,7.626523971557617,,7.622832298278809,7.622832298278809,,,,
106,745,,,6.816895961761475,,6.81320333480835,6.81320333480835,,,,
106,746,,,3.812849283218384,,3.8091557025909424,3.8091557025909424,,,,
106,747,,,6.8541951179504395,,6.850500583648682,6.850500583648682,,,,
106,748,,,9.804560661315918,,9.800865173339844,9.800865173339844,,,,
,106,,,,,,,,,12.785872459411621,12.785872459411621
106,748,,,,,,,12.785872459411621,12.785872459411621,,
106,748,6.15556001663208,6.159252643585205,,6.15556001663208,,,,,,
107,749,,,7.307192325592041,,7.30349588394165,7.30349588394165,,,,
107,750,,,5.769604682922363,,5.765907287597656,5.765907287597656,,,,
107,751,,,7.713571071624756,,7.709872722625732,7.709872722625732,,,,
107,752,,,4.611496925354004,,4.607797622680664,4.607797622680664,,,,
107,753,,,6.618386745452881,,6.614686965942383,6.614686965942383,,,,
107,754,,,4.5406036376953125,,4.536903381347656,4.536903381347656,,,,
107,755,,,6.425768852233887,,6.422067642211914,6.422067642211914,,,,
,107,,,,,,,,,12.54996109008789,12.54996109008789
107,755,,,,,,,12.549962043762207,12.549962043762207,,
107,755,6.109323978424072,6.113022804260254,,6.109323978424072,,,,,,
108,756,,,4.368267059326172,,4.364564418792725,4.364564418792725,,,,
108,757,,,8.73681640625,,8.733113288879395,8.733113288879395,,,,
108,758,,,4.470224380493164,,4.466519832611084,4.466519832611084,,,,
108,759,,,6.718015193939209,,6.714309215545654,6.714309215545654,,,,
108,760,,,4.710551738739014,,4.706845283508301,4.706845283508301,,,,
108,761,,,6.167243480682373,,6.163536548614502,6.163536548614502,,,,
108,762,,,9.33220386505127,,9.328495979309082,9.328495979309082,,,,
,108,,,,,,,,,12.595216751098633,12.595216751098633
108,762,,,,,,,12.595216751098633,12.595216751098633,,
108,762,6.062285900115967,6.065991401672363,,6.062285900115967,,,,,,
109,763,,,7.531257629394531,,7.5275492668151855,7.5275492668151855,,,,
109,764,,,3.5013434886932373,,3.497634172439575,3.497634172439575,,,,
109,765,,,9.385479927062988,,9.381769180297852,9.381769180297852,,,,
109,766,,,4.9195098876953125,,4.915798664093018,4.915798664093018,,,,
109,767,,,4.624710559844971,,4.620998382568359,4.620998382568359,,,,
109,768,,,6.481274604797363,,6.4775614738464355,6.4775614738464355,,,,
109,769,,,5.146758556365967,,5.143044471740723,5.143044471740723,,,,
,109,,,,,,,,,12.655838966369629,12.655838966369629
109,769,,,,,,,12.655838966369629,12.655838966369629,,
109,769,6.015678882598877,6.019390106201172,,6.015678882598877,,,,,,
110,770,,,5.269873142242432,,5.2661590576171875,5.2661590576171875,,,,
110,771,,,5.810005187988281,,5.806290626525879,5.806290626525879,,,,
110,772,,,6.317701816558838,,6.313986301422119,6.313986301422119,,,,
110,773,,,5.555717468261719,,5.552000522613525,5.552000522613525,,,,
110,774,,,6.570436954498291,,6.566719055175781,6.566719055175781,,,,
110,775,,,4.706948757171631,,4.703230381011963,4.703230381011963,,,,
110,776,,,10.173100471496582,,10.169381141662598,10.169381141662598,,,,
,110,,,,,,,,,12.586038589477539,12.586038589477539
110,776,,,,,,,12.586038589477539,12.586038589477539,,
110,776,5.96422004699707,5.967936038970947,,5.96422004699707,,,,,,
111,777,,,5.8025665283203125,,5.798846244812012,5.798846244812012,,,,
111,778,,,3.980611562728882,,3.9768905639648438,3.9768905639648438,,,,
111,779,,,5.6467485427856445,,5.643026351928711,5.643026351928711,,,,
111,780,,,8.285391807556152,,8.281668663024902,8.281668663024902,,,,
111,781,,,6.160205841064453,,6.156481742858887,6.156481742858887,,,,
111,782,,,6.815277576446533,,6.81155252456665,6.81155252456665,,,,
111,783,,,2.799377679824829,,2.79565167427063,2.79565167427063,,,,
,111,,,,,,,,,12.404921531677246,12.404921531677246
111,783,,,,,,,12.404921531677246,12.404921531677246,,
111,783,5.916367053985596,5.920089244842529,,5.916367053985596,,,,,,
112,784,,,7.15766716003418,,7.153940200805664,7.153940200805664,,,,
112,785,,,7.419614315032959,,7.415886402130127,7.415886402130127,,,,
112,786,,,4.287474155426025,,4.283745765686035,4.283745765686035,,,,
112,787,,,6.2590250968933105,,6.255295276641846,6.255295276641846,,,,
112,788,,,5.082034587860107,,5.078303813934326,5.078303813934326,,,,
112,789,,,5.961122035980225,,5.957390785217285,5.957390785217285,,,,
112,790,,,3.421400308609009,,3.417667865753174,3.417667865753174,,,,
,112,,,,,,,,,12.186931610107422,12.186931610107422
112,790,,,,,,,12.186930656433105,12.186930656433105,,
112,790,5.870774269104004,5.874504089355469,,5.870774269104004,,,,,,
113,791,,,5.033825874328613,,5.030092239379883,5.030092239379883,,,,
113,792,,,6.83023738861084,,6.826502323150635,6.826502323150635,,,,
113,793,,,4.324975490570068,,4.321239948272705,4.321239948272705,,,,
113,794,,,6.549526691436768,,6.545790672302246,6.545790672302246,,,,
113,795,,,5.372878551483154,,5.369141578674316,5.369141578674316,,,,
113,796,,,5.974447250366211,,5.970708847045898,5.970708847045898,,,,
113,797,,,8.149901390075684,,8.146162033081055,8.146162033081055,,,,
,113,,,,,,,,,11.874472618103027,11.874472618103027
113,797,,,,,,,11.874472618103027,11.874472618103027,,
113,797,5.822476387023926,5.826212406158447,,5.822476387023926,,,,,,
114,798,,,4.713304042816162,,4.709563255310059,4.709563255310059,,,,
114,799,,,6.025845050811768,,6.022103309631348,6.022103309631348,,,,
114,800,,,5.767784118652344,,5.764040946960449,5.764040946960449,,,,
114,801,,,6.985620498657227,,6.981875896453857,6.981875896453857,,,,
114,802,,,4.279394149780273,,4.275649070739746,4.275649070739746,,,,
114,803,,,7.063450336456299,,7.059704303741455,7.059704303741455,,,,
114,804,,,5.480947494506836,,5.477200508117676,5.477200508117676,,,,
,114,,,,,,,,,11.687494277954102,11.687494277954102
114,804,,,,,,,11.687494277954102,11.687494277954102,,
114,804,5.783041477203369,5.786785125732422,,5.783041477203369,,,,,,
115,805,,,5.639279365539551,,5.635531425476074,5.635531425476074,,,,
115,806,,,4.516060829162598,,4.512311935424805,4.512311935424805,,,,
115,807,,,4.097297668457031,,4.093547821044922,4.093547821044922,,,,
115,808,,,7.6974406242370605,,7.693689823150635,7.693689823150635,,,,
115,809,,,6.525371551513672,,6.52161979675293,6.52161979675293,,,,
115,810,,,4.985962867736816,,4.982210159301758,4.982210159301758,,,,
115,811,,,8.250274658203125,,8.24652099609375,8.24652099609375,,,,
,115,,,,,,,,,11.699477195739746,11.699477195739746
115,811,,,,,,,11.699477195739746,11.699477195739746,,
115,811,5.730409145355225,5.734159469604492,,5.730409145355225,,,,,,
116,812,,,4.937971115112305,,4.934216499328613,4.934216499328613,,,,
116,813,,,6.7102484703063965,,6.706492900848389,6.706492900848389,,,,
116,814,,,5.693788528442383,,5.690032005310059,5.690032005310059,,,,
116,815,,,5.688940525054932,,5.685183525085449,5.685183525085449,,,,
116,816,,,5.29818058013916,,5.294422626495361,5.294422626495361,,,,
116,817,,,6.005619525909424,,6.00186014175415,6.00186014175415,,,,
116,818,,,5.097193241119385,,5.093432903289795,5.093432903289795,,,,
,116,,,,,,,,,11.661863327026367,11.661863327026367
116,818,,,,,,,11.661863327026367,11.661863327026367,,
116,818,5.681921482086182,5.685677528381348,,5.681921482086182,,,,,,
117,819,,,3.863417625427246,,3.8596558570861816,3.8596558570861816,,,,
117,820,,,5.2195892333984375,,5.215826511383057,5.215826511383057,,,,
117,821,,,7.0064263343811035,,7.002662658691406,7.002662658691406,,,,
117,822,,,4.751378536224365,,4.747613906860352,4.747613906860352,,,,
117,823,,,5.918147087097168,,5.914381504058838,5.914381504058838,,,,
117,824,,,7.821828365325928,,7.818061828613281,7.818061828613281,,,,
117,825,,,3.638137102127075,,3.634369373321533,3.634369373321533,,,,
,117,,,,,,,,,11.66552734375,11.66552734375
117,825,,,,,,,11.66552734375,11.66552734375,,
117,825,5.63468074798584,5.638444900512695,,5.63468074798584,,,,,,
118,826,,,4.377699851989746,,4.373931407928467,4.373931407928467,,,,
118,827,,,7.555909156799316,,7.552139759063721,7.552139759063721,,,,
118,828,,,6.759713172912598,,6.7559428215026855,6.7559428215026855,,,,
118,829,,,4.0629777908325195,,4.059206485748291,4.059206485748291,,,,
118,830,,,7.4506449699401855,,7.446872234344482,7.446872234344482,,,,
118,831,,,4.517945766448975,,4.514172077178955,4.514172077178955,,,,
118,832,,,2.628782272338867,,2.6250076293945312,2.6250076293945312,,,,
,118,,,,,,,,,11.66360092163086,11.66360092163086
118,832,,,,,,,11.663599967956543,11.663599967956543,,
118,832,5.597905158996582,5.601675510406494,,5.597905158996582,,,,,,
119,833,,,5.801110744476318,,5.797335624694824,5.797335624694824,,,,
119,834,,,6.43454647064209,,6.430770397186279,6.430770397186279,,,,
119,835,,,8.801017761230469,,8.797240257263184,8.797240257263184,,,,
119,836,,,3.527484893798828,,3.5237064361572266,3.5237064361572266,,,,
119,837,,,4.519394874572754,,4.515615463256836,4.515615463256836,,,,
119,838,,,4.341939926147461,,4.338159561157227,4.338159561157227,,,,
119,839,,,5.397919178009033,,5.394138336181641,5.394138336181641,,,,
,119,,,,,,,,,11.50776481628418,11.50776481628418
119,839,,,,,,,11.50776481628418,11.50776481628418,,
119,839,5.556960582733154,5.560739040374756,,5.556960582733154,,,,,,
120,840,,,5.128015518188477,,5.124233722686768,5.124233722686768,,,,
120,841,,,4.976853847503662,,4.973071098327637,4.973071098327637,,,,
120,842,,,7.630967140197754,,7.62718391418457,7.62718391418457,,,,
120,843,,,6.934842109680176,,6.931057929992676,6.931057929992676,,,,
120,844,,,4.458189964294434,,4.454404830932617,4.454404830932617,,,,
120,845,,,5.356687545776367,,5.352901458740234,5.352901458740234,,,,
120,846,,,1.7854703664779663,,1.781683087348938,1.781683087348938,,,,
,120,,,,,,,,,11.373684883117676,11.373684883117676
120,846,,,,,,,11.373684883117676,11.373684883117676,,
120,846,5.510742664337158,5.514526844024658,,5.510742664337158,,,,,,
121,847,,,4.817781925201416,,4.813993453979492,4.813993453979492,,,,
121,848,,,4.597003936767578,,4.593214988708496,4.593214988708496,,,,
121,849,,,3.925661563873291,,3.9218719005584717,3.9218719005584717,,,,
121,850,,,7.138724327087402,,7.134933948516846,7.134933948516846,,,,
121,851,,,5.418022155761719,,5.414230823516846,5.414230823516846,,,,
121,852,,,6.4859185218811035,,6.482125759124756,6.482125759124756,,,,
121,853,,,6.767721652984619,,6.763927459716797,6.763927459716797,,,,
,121,,,,,,,,,11.369575500488281,11.369575500488281
121,853,,,,,,,11.369575500488281,11.369575500488281,,
121,853,5.474014759063721,5.477805137634277,,5.474014759063721,,,,,,
122,854,,,5.534585952758789,,5.53079080581665,5.53079080581665,,,,
122,855,,,4.543495178222656,,4.539699077606201,4.539699077606201,,,,
122,856,,,5.195773601531982,,5.191976070404053,5.191976070404053,,,,
122,857,,,7.821365833282471,,7.817567825317383,7.817567825317383,,,,
122,858,,,6.854723930358887,,6.850924968719482,6.850924968719482,,,,
122,859,,,3.730234384536743,,3.7264347076416016,3.7264347076416016,,,,
122,860,,,2.71597957611084,,2.7121784687042236,2.7121784687042236,,,,
,122,,,,,,,,,11.250575065612793,11.250575065612793
122,860,,,,,,,11.250575065612793,11.250575065612793,,
122,860,5.439131259918213,5.442929267883301,,5.439131259918213,,,,,,
123,861,,,5.052091121673584,,5.0482892990112305,5.0482892990112305,,,,
123,862,,,4.6157708168029785,,4.61196756362915,4.61196756362915,,,,
123,863,,,6.8015456199646,,6.797741889953613,6.797741889953613,,,,
123,864,,,4.225127220153809,,4.221322536468506,4.221322536468506,,,,
123,865,,,6.01251220703125,,6.008706569671631,6.008706569671631,,,,
123,866,,,4.875818729400635,,4.872012138366699,4.872012138366699,,,,
123,867,,,7.5931243896484375,,7.5893168449401855,7.5893168449401855,,,,
,123,,,,,,,,,11.166328430175781,11.166328430175781
123,867,,,,,,,11.166328430175781,11.166328430175781,,
123,867,5.397025108337402,5.400829315185547,,5.397025108337402,,,,,,
124,868,,,6.505896091461182,,6.502087116241455,6.502087116241455,,,,
124,869,,,4.252752780914307,,4.248942852020264,4.248942852020264,,,,
124,870,,,3.6478025913238525,,3.6439919471740723,3.6439919471740723,,,,
124,871,,,6.389092445373535,,6.385280609130859,6.385280609130859,,,,
124,872,,,5.052425861358643,,5.048612594604492,5.048612594604492,,,,
124,873,,,4.946653366088867,,4.942839622497559,4.942839622497559,,,,
124,874,,,9.025320053100586,,9.021505355834961,9.021505355834961,,,,
,124,,,,,,,,,11.172394752502441,11.172394752502441
124,874,,,,,,,11.172394752502441,11.172394752502441,,
124,874,5.357618808746338,5.361430644989014,,5.357618808746338,,,,,,
125,875,,,3.7333872318267822,,3.7295713424682617,3.7295713424682617,,,,
125,876,,,6.114381790161133,,6.110565185546875,6.110565185546875,,,,
125,877,,,4.6010422706604,,4.597224712371826,4.597224712371826,,,,
125,878,,,7.728828430175781,,7.725009441375732,7.725009441375732,,,,
125,879,,,6.62870454788208,,6.624885082244873,6.624885082244873,,,,
125,880,,,3.3934619426727295,,3.3896408081054688,3.3896408081054688,,,,
125,881,,,4.546331405639648,,4.54250955581665,4.54250955581665,,,,
,125,,,,,,,,,10.979474067687988,10.979474067687988
125,881,,,,,,,10.979474067687988,10.979474067687988,,
125,881,5.314562797546387,5.318381309509277,,5.314562797546387,,,,,,
126,882,,,5.09403133392334,,5.090208530426025,5.090208530426025,,,,
126,883,,,6.795923233032227,,6.792099475860596,6.792099475860596,,,,
126,884,,,4.7143025398254395,,4.710477352142334,4.710477352142334,,,,
126,885,,,5.229221820831299,,5.225395679473877,5.225395679473877,,,,
126,886,,,6.159448623657227,,6.155621528625488,6.155621528625488,,,,
126,887,,,4.505494117736816,,4.50166654586792,4.50166654586792,,,,
126,888,,,2.954192638397217,,2.950363874435425,2.950363874435425,,,,
,126,,,,,,,,,10.722796440124512,10.722796440124512
126,888,,,,,,,10.722796440124512,10.722796440124512,,
126,888,5.267742156982422,5.271567344665527,,5.267742156982422,,,,,,
127,889,,,6.759007453918457,,6.755177021026611,6.755177021026611,,,,
127,890,,,3.618332862854004,,3.614501953125,3.614501953125,,,,
127,891,,,5.658167362213135,,5.6543354988098145,5.6543354988098145,,,,
127,892,,,4.782377243041992,,4.7785444259643555,4.7785444259643555,,,,
127,893,,,3.4159798622131348,,3.4121458530426025,3.4121458530426025,,,,
127,894,,,5.829004764556885,,5.825170040130615,5.825170040130615,,,,
127,895,,,8.785615921020508,,8.781780242919922,8.781780242919922,,,,
,127,,,,,,,,,10.610627174377441,10.610627174377441
127,895,,,,,,,10.610627174377441,10.610627174377441,,
127,895,5.228712558746338,5.232545375823975,,5.228712558746338,,,,,,
128,896,,,4.610701560974121,,4.6068644523620605,4.6068644523620605,,,,
128,897,,,5.109020233154297,,5.105181694030762,5.105181694030762,,,,
128,898,,,5.501391410827637,,5.497552394866943,5.497552394866943,,,,
128,899,,,6.176999092102051,,6.173159122467041,6.173159122467041,,,,
128,900,,,3.513303756713867,,3.509462833404541,3.509462833404541,,,,
128,901,,,7.251216411590576,,7.247374534606934,7.247374534606934,,,,
128,902,,,2.546581983566284,,2.542738676071167,2.542738676071167,,,,
,128,,,,,,,,,10.459299087524414,10.459299087524414
128,902,,,,,,,10.459299087524414,10.459299087524414,,
128,902,5.191077709197998,5.194917678833008,,5.191077709197998,,,,,,
129,903,,,6.273820877075195,,6.26997709274292,6.26997709274292,,,,
129,904,,,4.802430152893066,,4.798584938049316,4.798584938049316,,,,
129,905,,,4.817133903503418,,4.81328821182251,4.81328821182251,,,,
129,906,,,4.955075740814209,,4.951229095458984,4.951229095458984,,,,
129,907,,,6.216745853424072,,6.212897777557373,6.212897777557373,,,,
129,908,,,4.031792163848877,,4.027943134307861,4.027943134307861,,,,
129,909,,,4.792085647583008,,4.788236141204834,4.788236141204834,,,,
,129,,,,,,,,,10.37028980255127,10.37028980255127
129,909,,,,,,,10.37028980255127,10.37028980255127,,
129,909,5.156001091003418,5.159848213195801,,5.156001091003418,,,,,,
130,910,,,5.551204204559326,,5.547353744506836,5.547353744506836,,,,
130,911,,,6.112640380859375,,6.10878849029541,6.10878849029541,,,,
130,912,,,4.765146732330322,,4.761293888092041,4.761293888092041,,,,
130,913,,,5.067821025848389,,5.063967227935791,5.063967227935791,,,,
130,914,,,5.989446640014648,,5.985591888427734,5.985591888427734,,,,
130,915,,,4.459959506988525,,4.456104278564453,4.456104278564453,,,,
130,916,,,1.9264817237854004,,1.9226256608963013,1.9226256608963013,,,,
,130,,,,,,,,,10.217203140258789,10.217203140258789
130,916,,,,,,,10.217203140258789,10.217203140258789,,
130,916,5.120640754699707,5.124493598937988,,5.120640754699707,,,,,,
131,917,,,4.954180717468262,,4.950323581695557,4.950323581695557,,,,
131,918,,,4.659599781036377,,4.655741214752197,4.655741214752197,,,,
131,919,,,3.8697242736816406,,3.8658649921417236,3.8658649921417236,,,,
131,920,,,4.950926303863525,,4.947065830230713,4.947065830230713,,,,
131,921,,,5.751579284667969,,5.74771785736084,5.74771785736084,,,,
131,922,,,6.522915840148926,,6.519053936004639,6.519053936004639,,,,
131,923,,,4.665207386016846,,4.661344051361084,4.661344051361084,,,,
,131,,,,,,,,,10.15991497039795,10.15991497039795
131,923,,,,,,,10.15991497039795,10.15991497039795,,
131,923,5.087650775909424,5.091510772705078,,5.087650775909424,,,,,,
132,924,,,4.879680156707764,,4.875816345214844,4.875816345214844,,,,
132,925,,,5.840346813201904,,5.836482524871826,5.836482524871826,,,,
132,926,,,5.541302680969238,,5.5374369621276855,5.5374369621276855,,,,
132,927,,,4.474471092224121,,4.470603942871094,4.470603942871094,,,,
132,928,,,5.729365825653076,,5.725497722625732,5.725497722625732,,,,
132,929,,,4.936199188232422,,4.932330131530762,4.932330131530762,,,,
132,930,,,2.2314419746398926,,2.227572202682495,2.227572202682495,,,,
,132,,,,,,,,,10.147811889648438,10.147811889648438
132,930,,,,,,,10.147811889648438,10.147811889648438,,
132,930,5.053099155426025,5.056966304779053,,5.053099155426025,,,,,,
133,931,,,4.773570537567139,,4.76970100402832,4.76970100402832,,,,
133,932,,,3.8269336223602295,,3.8230628967285156,3.8230628967285156,,,,
133,933,,,6.7944841384887695,,6.79061222076416,6.79061222076416,,,,
133,934,,,4.144800662994385,,4.140927791595459,4.140927791595459,,,,
133,935,,,6.416632175445557,,6.4127583503723145,6.4127583503723145,,,,
133,936,,,4.732331275939941,,4.728456974029541,4.728456974029541,,,,
133,937,,,3.6277952194213867,,3.62391996383667,3.62391996383667,,,,
,133,,,,,,,,,10.17867374420166,10.17867374420166
133,937,,,,,,,10.17867374420166,10.17867374420166,,
133,937,5.023448944091797,5.027321815490723,,5.023448944091797,,,,,,
134,938,,,5.366051197052002,,5.362175464630127,5.362175464630127,,,,
134,939,,,5.070802211761475,,5.066925525665283,5.066925525665283,,,,
134,940,,,4.965381622314453,,4.961503505706787,4.961503505706787,,,,
134,941,,,4.442131519317627,,4.4382524490356445,4.4382524490356445,,,,
134,942,,,5.502715110778809,,5.498834609985352,5.498834609985352,,,,
134,943,,,3.689964532852173,,3.6860835552215576,3.6860835552215576,,,,
134,944,,,7.381403923034668,,7.377521991729736,7.377521991729736,,,,
,134,,,,,,,,,10.307108879089355,10.307108879089355
134,944,,,,,,,10.307108879089355,10.307108879089355,,
134,944,4.985152244567871,4.989030838012695,,4.985152244567871,,,,,,
135,945,,,3.2116689682006836,,3.207787275314331,3.207787275314331,,,,
135,946,,,5.951854705810547,,5.947971820831299,5.947971820831299,,,,
135,947,,,4.877040386199951,,4.873156547546387,4.873156547546387,,,,
135,948,,,5.361051082611084,,5.357166767120361,5.357166767120361,,,,
135,949,,,4.600322723388672,,4.596436977386475,4.596436977386475,,,,
135,950,,,5.402546405792236,,5.398660182952881,5.398660182952881,,,,
135,951,,,5.67522668838501,,5.671339511871338,5.671339511871338,,,,
,135,,,,,,,,,10.410030364990234,10.410030364990234
135,951,,,,,,,10.410029411315918,10.410029411315918,,
135,951,4.942420959472656,4.946304798126221,,4.942420959472656,,,,,,
136,952,,,5.186316013336182,,5.182427883148193,5.182427883148193,,,,
136,953,,,5.248552322387695,,5.244663238525391,5.244663238525391,,,,
136,954,,,4.520220756530762,,4.516330718994141,4.516330718994141,,,,
136,955,,,2.9641621112823486,,2.960271120071411,2.960271120071411,,,,
136,956,,,4.765456676483154,,4.7615647315979,4.7615647315979,,,,
136,957,,,6.098863124847412,,6.094970703125,6.094970703125,,,,
136,958,,,6.813093185424805,,6.809199810028076,6.809199810028076,,,,
,136,,,,,,,,,10.5559720993042,10.5559720993042
136,958,,,,,,,10.5559720993042,10.5559720993042,,
136,958,4.911949634552002,4.915840148925781,,4.911949634552002,,,,,,
137,959,,,4.277518272399902,,4.273623943328857,4.273623943328857,,,,
137,960,,,5.282801628112793,,5.278906345367432,5.278906345367432,,,,
137,961,,,4.676924705505371,,4.673028469085693,4.673028469085693,,,,
137,962,,,5.043409824371338,,5.039513111114502,5.039513111114502,,,,
137,963,,,5.951091766357422,,5.9471940994262695,5.9471940994262695,,,,
137,964,,,4.485779285430908,,4.481880187988281,4.481880187988281,,,,
137,965,,,3.7206945419311523,,3.716794490814209,3.716794490814209,,,,
,137,,,,,,,,,10.424666404724121,10.424666404724121
137,965,,,,,,,10.424666404724121,10.424666404724121,,
137,965,4.876540184020996,4.880436897277832,,4.876540184020996,,,,,,
138,966,,,6.939606189727783,,6.935705184936523,6.935705184936523,,,,
138,967,,,3.92800235748291,,3.924099922180176,3.924099922180176,,,,
138,968,,,5.268622398376465,,5.264719486236572,5.264719486236572,,,,
138,969,,,4.42374849319458,,4.419844627380371,4.419844627380371,,,,
138,970,,,5.077943325042725,,5.074038505554199,5.074038505554199,,,,
138,971,,,3.520010471343994,,3.516104221343994,3.516104221343994,,,,
138,972,,,4.605350494384766,,4.601443290710449,4.601443290710449,,,,
,138,,,,,,,,,10.239171981811523,10.239171981811523
138,972,,,,,,,10.239171981811523,10.239171981811523,,
138,972,4.840792655944824,4.844696521759033,,4.840792655944824,,,,,,
139,973,,,4.276429653167725,,4.27252197265625,4.27252197265625,,,,
139,974,,,3.765504837036133,,3.7615959644317627,3.7615959644317627,,,,
139,975,,,5.5857648849487305,,5.581854820251465,5.581854820251465,,,,
139,976,,,5.433924674987793,,5.430013656616211,5.430013656616211,,,,
139,977,,,3.2495412826538086,,3.245629072189331,3.245629072189331,,,,
139,978,,,5.741208076477051,,5.737295150756836,5.737295150756836,,,,
139,979,,,6.646754264831543,,6.642840385437012,6.642840385437012,,,,
,139,,,,,,,,,10.134915351867676,10.134915351867676
139,979,,,,,,,10.134915351867676,10.134915351867676,,
139,979,4.787446975708008,4.791357517242432,,4.787446975708008,,,,,,
140,980,,,5.670007228851318,,5.666092872619629,5.666092872619629,,,,
140,981,,,6.131481170654297,,6.127565860748291,6.127565860748291,,,,
140,982,,,4.419455528259277,,4.415539264678955,4.415539264678955,,,,
140,983,,,4.3053436279296875,,4.301426887512207,4.301426887512207,,,,
140,984,,,4.184329509735107,,4.1804118156433105,4.1804118156433105,,,,
140,985,,,3.705252170562744,,3.7013332843780518,3.7013332843780518,,,,
140,986,,,4.954261302947998,,4.95034122467041,4.95034122467041,,,,
,140,,,,,,,,,10.055087089538574,10.055087089538574
140,986,,,,,,,10.055087089538574,10.055087089538574,,
140,986,4.744901657104492,4.748818397521973,,4.744901657104492,,,,,,
141,987,,,5.0405964851379395,,5.036675453186035,5.036675453186035,,,,
141,988,,,4.649610996246338,,4.645689010620117,4.645689010620117,,,,
141,989,,,4.342780590057373,,4.338857650756836,4.338857650756836,,,,
141,990,,,4.271209716796875,,4.267285346984863,4.267285346984863,,,,
141,991,,,6.266986846923828,,6.263062000274658,6.263062000274658,,,,
141,992,,,3.979844331741333,,3.9759182929992676,3.9759182929992676,,,,
141,993,,,3.7406516075134277,,3.736724615097046,3.736724615097046,,,,
,141,,,,,,,,,9.865165710449219,9.865165710449219
141,993,,,,,,,9.865165710449219,9.865165710449219,,
141,993,4.69470739364624,4.698631286621094,,4.69470739364624,,,,,,
142,994,,,5.144801616668701,,5.140873908996582,5.140873908996582,,,,
142,995,,,4.720206260681152,,4.716277599334717,4.716277599334717,,,,
142,996,,,4.52912712097168,,4.525197982788086,4.525197982788086,,,,
142,997,,,4.135890960693359,,4.131960868835449,4.131960868835449,,,,
142,998,,,5.186030387878418,,5.182099342346191,5.182099342346191,,,,
142,999,,,4.60827112197876,,4.604338645935059,4.604338645935059,,,,
142,1000,,,3.7342710494995117,,3.730337619781494,3.730337619781494,,,,
,142,,,,,,,,,9.676711082458496,9.676711082458496
142,1000,,,,,,,9.676711082458496,9.676711082458496,,
142,1000,4.658764362335205,4.662694931030273,,4.658764362335205,,,,,,
143,1001,,,5.593877792358398,,5.5899434089660645,5.5899434089660645,,,,
143,1002,,,4.677555561065674,,4.673619747161865,4.673619747161865,,,,
143,1003,,,4.10780143737793,,4.103864669799805,4.103864669799805,,,,
143,1004,,,3.6582305431365967,,3.6542928218841553,3.6542928218841553,,,,
143,1005,,,4.864904403686523,,4.860965251922607,4.860965251922607,,,,
143,1006,,,4.169671535491943,,4.165731430053711,4.165731430053711,,,,
143,1007,,,6.4228315353393555,,6.418890953063965,6.418890953063965,,,,
,143,,,,,,,,,9.61959457397461,9.61959457397461
143,1007,,,,,,,9.619593620300293,9.619593620300293,,
143,1007,4.620471000671387,4.62440824508667,,4.620471000671387,,,,,,
144,1008,,,5.041752338409424,,5.037811279296875,5.037811279296875,,,,
144,1009,,,4.200125217437744,,4.196182727813721,4.196182727813721,,,,
144,1010,,,4.726930141448975,,4.722987174987793,4.722987174987793,,,,
144,1011,,,4.632750034332275,,4.628805637359619,4.628805637359619,,,,
144,1012,,,4.112359523773193,,4.108414173126221,4.108414173126221,,,,
144,1013,,,5.0377936363220215,,5.033847332000732,5.033847332000732,,,,
144,1014,,,3.967304229736328,,3.9633572101593018,3.9633572101593018,,,,
,144,,,,,,,,,9.553709983825684,9.553709983825684
144,1014,,,,,,,9.553709983825684,9.553709983825684,,
144,1014,4.58263635635376,4.586580276489258,,4.58263635635376,,,,,,
145,1015,,,4.3219499588012695,,4.318001747131348,4.318001747131348,,,,
145,1016,,,4.245288848876953,,4.241339683532715,4.241339683532715,,,,
145,1017,,,5.244454383850098,,5.240504264831543,5.240504264831543,,,,
145,1018,,,4.851968765258789,,4.848017692565918,4.848017692565918,,,,
145,1019,,,3.9604756832122803,,3.9565236568450928,3.9565236568450928,,,,
145,1020,,,4.425490856170654,,4.42153787612915,4.42153787612915,,,,
145,1021,,,5.23753547668457,,5.23358154296875,5.23358154296875,,,,
,145,,,,,,,,,9.5147123336792,9.5147123336792
145,1021,,,,,,,9.5147123336792,9.5147123336792,,
145,1021,4.547218322753906,4.551169395446777,,4.547218322753906,,,,,,
146,1022,,,4.649147033691406,,4.6451921463012695,4.6451921463012695,,,,
146,1023,,,4.179255485534668,,4.175299167633057,4.175299167633057,,,,
146,1024,,,4.456013202667236,,4.452056407928467,4.452056407928467,,,,
146,1025,,,3.8777217864990234,,3.8737640380859375,3.8737640380859375,,,,
146,1026,,,5.741448879241943,,5.737489700317383,5.737489700317383,,,,
146,1027,,,4.299139022827148,,4.2951788902282715,4.2951788902282715,,,,
146,1028,,,4.204564094543457,,4.200603008270264,4.200603008270264,,,,
,146,,,,,,,,,9.503204345703125,9.503204345703125
146,1028,,,,,,,9.503204345703125,9.503204345703125,,
146,1028,4.510463714599609,4.514421463012695,,4.510463714599609,,,,,,
147,1029,,,4.893321514129639,,4.889359951019287,4.889359951019287,,,,
147,1030,,,3.72426700592041,,3.720304250717163,3.720304250717163,,,,
147,1031,,,4.818416118621826,,4.814452648162842,4.814452648162842,,,,
147,1032,,,5.677601337432861,,5.6736369132995605,5.6736369132995605,,,,
147,1033,,,3.486342191696167,,3.48237681388855,3.48237681388855,,,,
147,1034,,,4.494225978851318,,4.490259647369385,4.490259647369385,,,,
147,1035,,,3.9610753059387207,,3.9571075439453125,3.9571075439453125,,,,
,147,,,,,,,,,9.4479398727417,9.4479398727417
147,1035,,,,,,,9.4479398727417,9.4479398727417,,
147,1035,4.479106426239014,4.4830708503723145,,4.479106426239014,,,,,,
148,1036,,,5.624098300933838,,5.620129585266113,5.620129585266113,,,,
148,1037,,,2.6343212127685547,,2.6303517818450928,2.6303517818450928,,,,
148,1038,,,4.916977405548096,,4.9130072593688965,4.9130072593688965,,,,
148,1039,,,4.5937042236328125,,4.589733123779297,4.589733123779297,,,,
148,1040,,,5.408481121063232,,5.4045090675354,5.4045090675354,,,,
148,1041,,,3.8676087856292725,,3.8636350631713867,3.8636350631713867,,,,
148,1042,,,3.48590350151062,,3.481928825378418,3.481928825378418,,,,
,148,,,,,,,,,9.269340515136719,9.269340515136719
148,1042,,,,,,,9.269340515136719,9.269340515136719,,
148,1042,4.443464756011963,4.447436332702637,,4.443464756011963,,,,,,
149,1043,,,4.569206237792969,,4.565230846405029,4.565230846405029,,,,
149,1044,,,4.192911148071289,,4.188934326171875,4.188934326171875,,,,
149,1045,,,4.177676677703857,,4.173698902130127,4.173698902130127,,,,
149,1046,,,5.434437274932861,,5.4304585456848145,5.4304585456848145,,,,
149,1047,,,4.205590724945068,,4.201611042022705,4.201611042022705,,,,
149,1048,,,3.9029500484466553,,3.8989691734313965,3.8989691734313965,,,,
149,1049,,,4.374605178833008,,4.3706231117248535,4.3706231117248535,,,,
,149,,,,,,,,,9.156007766723633,9.156007766723633
149,1049,,,,,,,9.156007766723633,9.156007766723633,,
149,1049,4.407511234283447,4.411489963531494,,4.407511234283447,,,,,,
150,1050,,,5.137462139129639,,5.133479595184326,5.133479595184326,,,,
150,1051,,,3.889922618865967,,3.885938882827759,3.885938882827759,,,,
150,1052,,,4.855790615081787,,4.851806163787842,4.851806163787842,,,,
150,1053,,,4.277070045471191,,4.27308464050293,4.27308464050293,,,,
150,1054,,,4.520153999328613,,4.516167163848877,4.516167163848877,,,,
150,1055,,,3.4997365474700928,,3.4957492351531982,3.4957492351531982,,,,
150,1056,,,4.600747585296631,,4.596758842468262,4.596758842468262,,,,
,150,,,,,,,,,9.074505805969238,9.074505805969238
150,1056,,,,,,,9.074505805969238,9.074505805969238,,
150,1056,4.373334884643555,4.377319812774658,,4.373334884643555,,,,,,
151,1057,,,5.364375591278076,,5.360385894775391,5.360385894775391,,,,
151,1058,,,3.953991651535034,,3.950000762939453,3.950000762939453,,,,
151,1059,,,5.373345851898193,,5.369353771209717,5.369353771209717,,,,
151,1060,,,4.596626281738281,,4.59263277053833,4.59263277053833,,,,
151,1061,,,4.128405570983887,,4.124411106109619,4.124411106109619,,,,
151,1062,,,3.065290927886963,,3.061295509338379,3.061295509338379,,,,
151,1063,,,3.2788381576538086,,3.2748420238494873,3.2748420238494873,,,,
,151,,,,,,,,,8.978167533874512,8.978167533874512
151,1063,,,,,,,8.978167533874512,8.978167533874512,,
151,1063,4.34292459487915,4.346917629241943,,4.34292459487915,,,,,,
152,1064,,,4.920368194580078,,4.9163713455200195,4.9163713455200195,,,,
152,1065,,,4.080408573150635,,4.07641077041626,4.07641077041626,,,,
152,1066,,,4.126215934753418,,4.122217178344727,4.122217178344727,,,,
152,1067,,,2.6435577869415283,,2.6395578384399414,2.6395578384399414,,,,
152,1068,,,5.569739818572998,,5.565739154815674,5.565739154815674,,,,
152,1069,,,4.615632057189941,,4.611630439758301,4.611630439758301,,,,
152,1070,,,4.118804454803467,,4.11480188369751,4.11480188369751,,,,
,152,,,,,,,,,8.764225006103516,8.764225006103516
152,1070,,,,,,,8.764225006103516,8.764225006103516,,
152,1070,4.309800624847412,4.313799858093262,,4.309800624847412,,,,,,
153,1071,,,4.04237699508667,,4.038372993469238,4.038372993469238,,,,
153,1072,,,2.168332576751709,,2.16432785987854,2.16432785987854,,,,
153,1073,,,5.394181728363037,,5.390176296234131,5.390176296234131,,,,
153,1074,,,4.661279201507568,,4.657272815704346,4.657272815704346,,,,
153,1075,,,4.563952922821045,,4.559945583343506,4.559945583343506,,,,
153,1076,,,4.707794666290283,,4.7037858963012695,4.7037858963012695,,,,
153,1077,,,4.726126670837402,,4.722116947174072,4.722116947174072,,,,
,153,,,,,,,,,8.535261154174805,8.535261154174805
153,1077,,,,,,,8.535261154174805,8.535261154174805,,
153,1077,4.279949188232422,4.283955097198486,,4.279949188232422,,,,,,
154,1078,,,4.1241912841796875,,4.120180130004883,4.120180130004883,,,,
154,1079,,,5.647533893585205,,5.643521785736084,5.643521785736084,,,,
154,1080,,,5.466616630554199,,5.4626030921936035,5.4626030921936035,,,,
154,1081,,,3.5132880210876465,,3.5092737674713135,3.5092737674713135,,,,
154,1082,,,3.015061855316162,,3.0110461711883545,3.0110461711883545,,,,
154,1083,,,3.9163990020751953,,3.9123828411102295,3.9123828411102295,,,,
154,1084,,,3.6969892978668213,,3.69297194480896,3.69297194480896,,,,
,154,,,,,,,,,8.360677719116211,8.360677719116211
154,1084,,,,,,,8.360677719116211,8.360677719116211,,
154,1084,4.242176055908203,4.246190071105957,,4.242176055908203,,,,,,
155,1085,,,4.885660648345947,,4.8816423416137695,4.8816423416137695,,,,
155,1086,,,4.864639759063721,,4.860620498657227,4.860620498657227,,,,
155,1087,,,3.851416826248169,,3.8473963737487793,3.8473963737487793,,,,
155,1088,,,4.419203758239746,,4.415182113647461,4.415182113647461,,,,
155,1089,,,4.060384273529053,,4.056361675262451,4.056361675262451,,,,
155,1090,,,3.8103530406951904,,3.8063292503356934,3.8063292503356934,,,,
155,1091,,,2.476130485534668,,2.4721059799194336,2.4721059799194336,,,,
,155,,,,,,,,,8.186717987060547,8.186717987060547
155,1091,,,,,,,8.186717987060547,8.186717987060547,,
155,1091,4.203070163726807,4.207090854644775,,4.203070163726807,,,,,,
156,1092,,,4.406698703765869,,4.402673244476318,4.402673244476318,,,,
156,1093,,,3.9667749404907227,,3.9627480506896973,3.9627480506896973,,,,
156,1094,,,3.372856855392456,,3.3688292503356934,3.3688292503356934,,,,
156,1095,,,3.8749704360961914,,3.8709421157836914,3.8709421157836914,,,,
156,1096,,,4.946513652801514,,4.942484378814697,4.942484378814697,,,,
156,1097,,,4.061737537384033,,4.0577073097229,4.0577073097229,,,,
156,1098,,,5.258734703063965,,5.254703521728516,5.254703521728516,,,,
,156,,,,,,,,,7.980374336242676,7.980374336242676
156,1098,,,,,,,7.980374336242676,7.980374336242676,,
156,1098,4.168768405914307,4.172796726226807,,4.168768405914307,,,,,,
157,1099,,,5.63124942779541,,5.627216339111328,5.627216339111328,,,,
157,1100,,,3.3389365673065186,,3.334902286529541,3.334902286529541,,,,
157,1101,,,3.558786392211914,,3.554750919342041,3.554750919342041,,,,
157,1102,,,4.857662200927734,,4.853625774383545,4.853625774383545,,,,
157,1103,,,4.363797187805176,,4.359759330749512,4.359759330749512,,,,
157,1104,,,3.5797746181488037,,3.5757360458374023,3.5757360458374023,,,,
157,1105,,,2.837303400039673,,2.833263874053955,2.833263874053955,,,,
,157,,,,,,,,,7.8623433113098145,7.8623433113098145
157,1105,,,,,,,7.8623433113098145,7.8623433113098145,,
157,1105,4.136229991912842,4.140265941619873,,4.136229991912842,,,,,,
158,1106,,,4.063650608062744,,4.059609889984131,4.059609889984131,,,,
158,1107,,,3.69761061668396,,3.693568468093872,3.693568468093872,,,,
158,1108,,,5.44489860534668,,5.440855026245117,5.440855026245117,,,,
158,1109,,,2.6955478191375732,,2.6915035247802734,2.6915035247802734,,,,
158,1110,,,5.157312393188477,,5.153266906738281,5.153266906738281,,,,
158,1111,,,3.5642027854919434,,3.5601563453674316,3.5601563453674316,,,,
158,1112,,,4.354084491729736,,4.350037574768066,4.350037574768066,,,,
,158,,,,,,,,,7.859089374542236,7.859089374542236
158,1112,,,,,,,7.859089374542236,7.859089374542236,,
158,1112,4.114544868469238,4.118589401245117,,4.114544868469238,,,,,,
159,1113,,,3.2803735733032227,,3.2763254642486572,3.2763254642486572,,,,
159,1114,,,3.790987730026245,,3.7869389057159424,3.7869389057159424,,,,
159,1115,,,4.5957183837890625,,4.591668605804443,4.591668605804443,,,,
159,1116,,,3.4947080612182617,,3.490657329559326,3.490657329559326,,,,
159,1117,,,3.835134983062744,,3.8310835361480713,3.8310835361480713,,,,
159,1118,,,5.3841400146484375,,5.380087375640869,5.380087375640869,,,,
159,1119,,,4.2589006423950195,,4.254846572875977,4.254846572875977,,,,
,159,,,,,,,,,7.931748390197754,7.931748390197754
159,1119,,,,,,,7.931748390197754,7.931748390197754,,
159,1119,4.070953369140625,4.0750041007995605,,4.070953369140625,,,,,,
160,1120,,,4.714641571044922,,4.7105865478515625,4.7105865478515625,,,,
160,1121,,,3.755793571472168,,3.7517378330230713,3.7517378330230713,,,,
160,1122,,,5.563924312591553,,5.5598673820495605,5.5598673820495605,,,,
160,1123,,,3.576235771179199,,3.5721778869628906,3.5721778869628906,,,,
160,1124,,,2.653623104095459,,2.649563789367676,2.649563789367676,,,,
160,1125,,,4.970282554626465,,4.966222286224365,4.966222286224365,,,,
160,1126,,,1.4382624626159668,,1.4342014789581299,1.4342014789581299,,,,
,160,,,,,,,,,7.928738594055176,7.928738594055176
160,1126,,,,,,,7.928738594055176,7.928738594055176,,
160,1126,4.038898944854736,4.042956829071045,,4.038898944854736,,,,,,
161,1127,,,3.823552370071411,,3.819490909576416,3.819490909576416,,,,
161,1128,,,3.0375630855560303,,3.0335006713867188,3.0335006713867188,,,,
161,1129,,,4.569324493408203,,4.565260887145996,4.565260887145996,,,,
161,1130,,,3.4127798080444336,,3.4087154865264893,3.4087154865264893,,,,
161,1131,,,3.4603090286254883,,3.4562437534332275,3.4562437534332275,,,,
161,1132,,,5.2701616287231445,,5.2660956382751465,5.2660956382751465,,,,
161,1133,,,5.292488098144531,,5.288420677185059,5.288420677185059,,,,
,161,,,,,,,,,7.876373291015625,7.876373291015625
161,1133,,,,,,,7.876373291015625,7.876373291015625,,
161,1133,4.005092620849609,4.009156703948975,,4.005092620849609,,,,,,
162,1134,,,3.7271203994750977,,3.7230520248413086,3.7230520248413086,,,,
162,1135,,,4.452622413635254,,4.448553085327148,4.448553085327148,,,,
162,1136,,,3.677600145339966,,3.673530101776123,3.673530101776123,,,,
162,1137,,,4.838334083557129,,4.834263324737549,4.834263324737549,,,,
162,1138,,,4.385035991668701,,4.3809638023376465,4.3809638023376465,,,,
162,1139,,,2.9051401615142822,,2.901066780090332,2.901066780090332,,,,
162,1140,,,3.794999122619629,,3.7909247875213623,3.7909247875213623,,,,
,162,,,,,,,,,7.882094383239746,7.882094383239746
162,1140,,,,,,,7.882094383239746,7.882094383239746,,
162,1140,3.9816510677337646,3.985722064971924,,3.9816510677337646,,,,,,
163,1141,,,3.8013243675231934,,3.7972490787506104,3.7972490787506104,,,,
163,1142,,,3.7033846378326416,,3.699308156967163,3.699308156967163,,,,
163,1143,,,3.9264016151428223,,3.9223239421844482,3.9223239421844482,,,,
163,1144,,,5.156739234924316,,5.152660369873047,5.152660369873047,,,,
163,1145,,,3.327979564666748,,3.3239002227783203,3.3239002227783203,,,,
163,1146,,,4.097236633300781,,4.093156337738037,4.093156337738037,,,,
163,1147,,,3.197214365005493,,3.1931333541870117,3.1931333541870117,,,,
,163,,,,,,,,,7.821722984313965,7.821722984313965
163,1147,,,,,,,7.821722984313965,7.821722984313965,,
163,1147,3.950748920440674,3.954826831817627,,3.950748920440674,,,,,,
164,1148,,,3.675325870513916,,3.671243667602539,3.671243667602539,,,,
164,1149,,,4.0361762046813965,,4.032093048095703,4.032093048095703,,,,
164,1150,,,5.368734359741211,,5.364650726318359,5.364650726318359,,,,
164,1151,,,3.5316672325134277,,3.5275824069976807,3.5275824069976807,,,,
164,1152,,,3.953744649887085,,3.9496588706970215,3.9496588706970215,,,,
164,1153,,,2.9854276180267334,,2.9813411235809326,2.9813411235809326,,,,
164,1154,,,4.003338813781738,,3.999250888824463,3.999250888824463,,,,
,164,,,,,,,,,7.691432476043701,7.691432476043701
164,1154,,,,,,,7.691432476043701,7.691432476043701,,
164,1154,3.925692319869995,3.929776906967163,,3.925692319869995,,,,,,
165,1155,,,4.531911849975586,,4.527822494506836,4.527822494506836,,,,
165,1156,,,3.5046637058258057,,3.5005733966827393,3.5005733966827393,,,,
165,1157,,,3.9384870529174805,,3.9343955516815186,3.9343955516815186,,,,
165,1158,,,4.172806262969971,,4.168713569641113,4.168713569641113,,,,
165,1159,,,4.268612384796143,,4.264518737792969,4.264518737792969,,,,
165,1160,,,3.5386154651641846,,3.5345208644866943,3.5345208644866943,,,,
165,1161,,,2.3724048137664795,,2.368309497833252,2.368309497833252,,,,
,165,,,,,,,,,7.509515285491943,7.509515285491943
165,1161,,,,,,,7.509515285491943,7.509515285491943,,
165,1161,3.893123149871826,3.8972156047821045,,3.893123149871826,,,,,,
166,1162,,,4.129047870635986,,4.124951362609863,4.124951362609863,,,,
166,1163,,,4.320202827453613,,4.316105365753174,4.316105365753174,,,,
166,1164,,,2.6684136390686035,,2.6643149852752686,2.6643149852752686,,,,
166,1165,,,3.773580312728882,,3.7694809436798096,3.7694809436798096,,,,
166,1166,,,4.372908115386963,,4.368807792663574,4.368807792663574,,,,
166,1167,,,4.154493808746338,,4.150392532348633,4.150392532348633,,,,
166,1168,,,3.285400390625,,3.2812979221343994,3.2812979221343994,,,,
,166,,,,,,,,,7.450883388519287,7.450883388519287
166,1168,,,,,,,7.450883388519287,7.450883388519287,,
166,1168,3.862672805786133,3.866771936416626,,3.862672805786133,,,,,,
167,1169,,,4.878995418548584,,4.874892234802246,4.874892234802246,,,,
167,1170,,,3.481044292449951,,3.476940155029297,3.476940155029297,,,,
167,1171,,,3.3129594326019287,,3.308854103088379,3.308854103088379,,,,
167,1172,,,2.862482786178589,,2.8583762645721436,2.8583762645721436,,,,
167,1173,,,4.7223687171936035,,4.718261241912842,4.718261241912842,,,,
167,1174,,,4.036009788513184,,4.0319013595581055,4.0319013595581055,,,,
167,1175,,,3.035371780395508,,3.0312626361846924,3.0312626361846924,,,,
,167,,,,,,,,,7.318151473999023,7.318151473999023
167,1175,,,,,,,7.318150997161865,7.318150997161865,,
167,1175,3.8283841609954834,3.8324902057647705,,3.8283841609954834,,,,,,
168,1176,,,4.2173285484313965,,4.213217735290527,4.213217735290527,,,,
168,1177,,,4.137384414672852,,4.133272647857666,4.133272647857666,,,,
168,1178,,,3.1732733249664307,,3.1691606044769287,3.1691606044769287,,,,
168,1179,,,3.7230427265167236,,3.7189290523529053,3.7189290523529053,,,,
168,1180,,,4.037508487701416,,4.033393859863281,4.033393859863281,,,,
168,1181,,,3.1810812950134277,,3.1769657135009766,3.1769657135009766,,,,
168,1182,,,4.6612162590026855,,4.657099723815918,4.657099723815918,,,,
,168,,,,,,,,,7.305159568786621,7.305159568786621
168,1182,,,,,,,7.305159568786621,7.305159568786621,,
168,1182,3.794722080230713,3.798835277557373,,3.794722080230713,,,,,,
169,1183,,,4.511776924133301,,4.507659435272217,4.507659435272217,,,,
169,1184,,,3.8144054412841797,,3.8102872371673584,3.8102872371673584,,,,
169,1185,,,4.170525550842285,,4.166406154632568,4.166406154632568,,,,
169,1186,,,4.267776966094971,,4.263656139373779,4.263656139373779,,,,
169,1187,,,1.9749082326889038,,1.970786452293396,1.970786452293396,,,,
169,1188,,,2.7616496086120605,,2.7575271129608154,2.7575271129608154,,,,
169,1189,,,6.685751914978027,,6.681628227233887,6.681628227233887,,,,
,169,,,,,,,,,7.292734146118164,7.292734146118164
169,1189,,,,,,,7.292734622955322,7.292734622955322,,
169,1189,3.7618720531463623,3.7659921646118164,,3.7618720531463623,,,,,,
170,1190,,,3.667074203491211,,3.662949323654175,3.662949323654175,,,,
170,1191,,,2.6027183532714844,,2.598592519760132,2.598592519760132,,,,
170,1192,,,3.9703550338745117,,3.966228485107422,3.966228485107422,,,,
170,1193,,,3.574016571044922,,3.5698888301849365,3.5698888301849365,,,,
170,1194,,,4.8906989097595215,,4.886569976806641,4.886569976806641,,,,
170,1195,,,3.4032678604125977,,3.3991377353668213,3.3991377353668213,,,,
170,1196,,,4.385128498077393,,4.380997180938721,4.380997180938721,,,,
,170,,,,,,,,,7.269556999206543,7.269556999206543
170,1196,,,,,,,7.269556999206543,7.269556999206543,,
170,1196,3.7217631340026855,3.725890874862671,,3.7217631340026855,,,,,,
171,1197,,,5.5271806716918945,,5.523048400878906,5.523048400878906,,,,
171,1198,,,2.462803840637207,,2.4586706161499023,2.4586706161499023,,,,
171,1199,,,3.760730743408203,,3.756596565246582,3.756596565246582,,,,
171,1200,,,2.976069927215576,,2.9719345569610596,2.9719345569610596,,,,
171,1201,,,3.1227200031280518,,3.1185834407806396,3.1185834407806396,,,,
171,1202,,,5.057098865509033,,5.052961349487305,5.052961349487305,,,,
171,1203,,,1.73875892162323,,1.734620213508606,1.734620213508606,,,,
,171,,,,,,,,,7.23807954788208,7.23807954788208
171,1203,,,,,,,7.23807954788208,7.23807954788208,,
171,1203,3.6913373470306396,3.6954729557037354,,3.6913373470306396,,,,,,
172,1204,,,1.9788156747817993,,1.9746763706207275,1.9746763706207275,,,,
172,1205,,,4.985438346862793,,4.981297969818115,4.981297969818115,,,,
172,1206,,,3.3539676666259766,,3.3498263359069824,3.3498263359069824,,,,
172,1207,,,4.10641622543335,,4.102273941040039,4.102273941040039,,,,
172,1208,,,3.688807487487793,,3.684664249420166,3.684664249420166,,,,
172,1209,,,3.3059239387512207,,3.3017797470092773,3.3017797470092773,,,,
172,1210,,,5.248917579650879,,5.244772434234619,5.244772434234619,,,,
,172,,,,,,,,,7.221385478973389,7.221385478973389
172,1210,,,,,,,7.221385478973389,7.221385478973389,,
172,1210,3.6645190715789795,3.668660879135132,,3.6645190715789795,,,,,,
173,1211,,,2.488800048828125,,2.4846534729003906,2.4846534729003906,,,,
173,1212,,,3.0397424697875977,,3.035594940185547,3.035594940185547,,,,
173,1213,,,5.370782852172852,,5.366634368896484,5.366634368896484,,,,
173,1214,,,3.5220069885253906,,3.517857789993286,3.517857789993286,,,,
173,1215,,,4.675042629241943,,4.670892238616943,4.670892238616943,,,,
173,1216,,,3.00498628616333,,3.0008344650268555,3.0008344650268555,,,,
173,1217,,,2.932162046432495,,2.928009271621704,2.928009271621704,,,,
,173,,,,,,,,,7.1210103034973145,7.1210103034973145
173,1217,,,,,,,7.1210103034973145,7.1210103034973145,,
173,1217,3.6352107524871826,3.639359951019287,,3.6352107524871826,,,,,,
174,1218,,,2.393218517303467,,2.3890645503997803,2.3890645503997803,,,,
174,1219,,,3.4760820865631104,,3.4719274044036865,3.4719274044036865,,,,
174,1220,,,3.727325439453125,,3.7231693267822266,3.7231693267822266,,,,
174,1221,,,4.58313512802124,,4.578978061676025,4.578978061676025,,,,
174,1222,,,4.219792366027832,,4.215634346008301,4.215634346008301,,,,
174,1223,,,3.82606840133667,,3.8219094276428223,3.8219094276428223,,,,
174,1224,,,2.264486312866211,,2.2603261470794678,2.2603261470794678,,,,
,174,,,,,,,,,7.082774639129639,7.082774639129639
174,1224,,,,,,,7.082774639129639,7.082774639129639,,
174,1224,3.61542010307312,3.619577407836914,,3.61542010307312,,,,,,
175,1225,,,4.655628681182861,,4.651467800140381,4.651467800140381,,,,
175,1226,,,4.368320941925049,,4.364159107208252,4.364159107208252,,,,
175,1227,,,3.3555448055267334,,3.351381778717041,3.351381778717041,,,,
175,1228,,,2.539813995361328,,2.5356500148773193,2.5356500148773193,,,,
175,1229,,,4.046087265014648,,4.041922092437744,4.041922092437744,,,,
175,1230,,,3.4218578338623047,,3.417691707611084,3.417691707611084,,,,
175,1231,,,1.387271761894226,,1.3831045627593994,1.3831045627593994,,,,
,175,,,,,,,,,7.0140838623046875,7.0140838623046875
175,1231,,,,,,,7.0140838623046875,7.0140838623046875,,
175,1231,3.5891664028167725,3.5933306217193604,,3.5891664028167725,,,,,,
176,1232,,,3.3525850772857666,,3.348417043685913,3.348417043685913,,,,
176,1233,,,4.718090057373047,,4.713921070098877,4.713921070098877,,,,
176,1234,,,3.9692983627319336,,3.9651284217834473,3.9651284217834473,,,,
176,1235,,,2.8169918060302734,,2.8128209114074707,2.8128209114074707,,,,
176,1236,,,2.2979793548583984,,2.2938077449798584,2.2938077449798584,,,,
176,1237,,,4.928754806518555,,4.924582004547119,4.924582004547119,,,,
176,1238,,,1.8115183115005493,,1.8073445558547974,1.8073445558547974,,,,
,176,,,,,,,,,6.909596920013428,6.909596920013428
176,1238,,,,,,,6.909596920013428,6.909596920013428,,
176,1238,3.5664987564086914,3.570669651031494,,3.5664987564086914,,,,,,
177,1239,,,4.2792816162109375,,4.275106906890869,4.275106906890869,,,,
177,1240,,,3.0107157230377197,,3.006539821624756,3.006539821624756,,,,
177,1241,,,3.9987130165100098,,3.9945361614227295,3.9945361614227295,,,,
177,1242,,,4.199189186096191,,4.195011615753174,4.195011615753174,,,,
177,1243,,,2.930424928665161,,2.926246404647827,2.926246404647827,,,,
177,1244,,,2.701571464538574,,2.697391986846924,2.697391986846924,,,,
177,1245,,,3.973294973373413,,3.969114303588867,3.969114303588867,,,,
,177,,,,,,,,,6.866335391998291,6.866335391998291
177,1245,,,,,,,6.866335391998291,6.866335391998291,,
177,1245,3.542470932006836,3.5466482639312744,,3.542470932006836,,,,,,
178,1246,,,4.055540084838867,,4.051358222961426,4.051358222961426,,,,
178,1247,,,2.8112642765045166,,2.807081699371338,2.807081699371338,,,,
178,1248,,,2.731398105621338,,2.7272145748138428,2.7272145748138428,,,,
178,1249,,,2.9644298553466797,,2.9602456092834473,2.9602456092834473,,,,
178,1250,,,4.605515480041504,,4.601330280303955,4.601330280303955,,,,
178,1251,,,3.8508412837982178,,3.8466548919677734,3.8466548919677734,,,,
178,1252,,,3.8001816272735596,,3.795994520187378,3.795994520187378,,,,
,178,,,,,,,,,6.6891913414001465,6.6891913414001465
178,1252,,,,,,,6.6891913414001465,6.6891913414001465,,
178,1252,3.5164523124694824,3.520636558532715,,3.5164523124694824,,,,,,
179,1253,,,3.505610227584839,,3.5014216899871826,3.5014216899871826,,,,
179,1254,,,4.274847984313965,,4.270658493041992,4.270658493041992,,,,
179,1255,,,2.596336841583252,,2.592146158218384,2.592146158218384,,,,
179,1256,,,2.6648201942443848,,2.6606287956237793,2.6606287956237793,,,,
179,1257,,,4.079648971557617,,4.0754570960998535,4.0754570960998535,,,,
179,1258,,,3.7764127254486084,,3.772219657897949,3.772219657897949,,,,
179,1259,,,3.6879730224609375,,3.683778762817383,3.683778762817383,,,,
,179,,,,,,,,,6.570349216461182,6.570349216461182
179,1259,,,,,,,6.570349216461182,6.570349216461182,,
179,1259,3.4908154010772705,3.495006561279297,,3.4908154010772705,,,,,,
180,1260,,,2.6281774044036865,,2.6239817142486572,2.6239817142486572,,,,
180,1261,,,3.0929512977600098,,3.088754653930664,3.088754653930664,,,,
180,1262,,,2.757276773452759,,2.7530791759490967,2.7530791759490967,,,,
180,1263,,,3.4673044681549072,,3.4631056785583496,3.4631056785583496,,,,
180,1264,,,4.057008743286133,,4.05280876159668,4.05280876159668,,,,
180,1265,,,5.376269340515137,,5.372068881988525,5.372068881988525,,,,
180,1266,,,2.1093075275421143,,2.1051058769226074,2.1051058769226074,,,,
,180,,,,,,,,,6.542537689208984,6.542537689208984
180,1266,,,,,,,6.542537689208984,6.542537689208984,,
180,1266,3.473445177078247,3.4776434898376465,,3.473445177078247,,,,,,
181,1267,,,2.373105049133301,,2.3689026832580566,2.3689026832580566,,,,
181,1268,,,2.505622386932373,,2.5014190673828125,2.5014190673828125,,,,
181,1269,,,4.438823699951172,,4.434619903564453,4.434619903564453,,,,
181,1270,,,4.885095119476318,,4.880890369415283,4.880890369415283,,,,
181,1271,,,3.4950242042541504,,3.4908180236816406,3.4908180236816406,,,,
181,1272,,,3.3032679557800293,,3.299060821533203,3.299060821533203,,,,
181,1273,,,2.596473455429077,,2.5922651290893555,2.5922651290893555,,,,
,181,,,,,,,,,6.611692905426025,6.611692905426025
181,1273,,,,,,,6.611692905426025,6.611692905426025,,
181,1273,3.442793607711792,3.446998357772827,,3.442793607711792,,,,,,
182,1274,,,3.657700777053833,,3.6534922122955322,3.6534922122955322,,,,
182,1275,,,3.6879007816314697,,3.6836912631988525,3.6836912631988525,,,,
182,1276,,,2.8385281562805176,,2.834317684173584,2.834317684173584,,,,
182,1277,,,3.2442681789398193,,3.2400567531585693,3.2400567531585693,,,,
182,1278,,,4.147953510284424,,4.143741130828857,4.143741130828857,,,,
182,1279,,,3.16389799118042,,3.159684896469116,3.159684896469116,,,,
182,1280,,,2.855797529220581,,2.851583480834961,2.851583480834961,,,,
,182,,,,,,,,,6.56664514541626,6.56664514541626
182,1280,,,,,,,6.56664514541626,6.56664514541626,,
182,1280,3.417149543762207,3.421360731124878,,3.417149543762207,,,,,,
183,1281,,,3.3970706462860107,,3.392855405807495,3.392855405807495,,,,
183,1282,,,2.9852912425994873,,2.9810750484466553,2.9810750484466553,,,,
183,1283,,,2.8807835578918457,,2.8765666484832764,2.8765666484832764,,,,
183,1284,,,3.2118427753448486,,3.207624673843384,3.207624673843384,,,,
183,1285,,,4.048166751861572,,4.043947696685791,4.043947696685791,,,,
183,1286,,,4.273126125335693,,4.268906116485596,4.268906116485596,,,,
183,1287,,,2.2208902835845947,,2.2166693210601807,2.2166693210601807,,,,
,183,,,,,,,,,6.436199188232422,6.436199188232422
183,1287,,,,,,,6.436199188232422,6.436199188232422,,
183,1287,3.388584613800049,3.3928024768829346,,3.388584613800049,,,,,,
184,1288,,,3.2914204597473145,,3.287198066711426,3.287198066711426,,,,
184,1289,,,3.939577102661133,,3.9353535175323486,3.9353535175323486,,,,
184,1290,,,3.3078675270080566,,3.303643226623535,3.303643226623535,,,,
184,1291,,,3.551248788833618,,3.5470235347747803,3.5470235347747803,,,,
184,1292,,,3.767394542694092,,3.7631680965423584,3.7631680965423584,,,,
184,1293,,,2.872048854827881,,2.867821455001831,2.867821455001831,,,,
184,1294,,,1.9549860954284668,,1.9507577419281006,1.9507577419281006,,,,
,184,,,,,,,,,6.331672191619873,6.331672191619873
184,1294,,,,,,,6.331672191619873,6.331672191619873,,
184,1294,3.36246919631958,3.366694450378418,,3.36246919631958,,,,,,
185,1295,,,4.136206150054932,,4.13197660446167,4.13197660446167,,,,
185,1296,,,4.243422508239746,,4.239192008972168,4.239192008972168,,,,
185,1297,,,2.530090570449829,,2.5258591175079346,2.5258591175079346,,,,
185,1298,,,2.8718228340148926,,2.8675904273986816,2.8675904273986816,,,,
185,1299,,,2.5529630184173584,,2.54872989654541,2.54872989654541,,,,
185,1300,,,3.2670559883117676,,3.262821912765503,3.262821912765503,,,,
185,1301,,,4.498109817504883,,4.493874549865723,4.493874549865723,,,,
,185,,,,,,,,,6.2867937088012695,6.2867937088012695
185,1301,,,,,,,6.2867937088012695,6.2867937088012695,,
185,1301,3.3351171016693115,3.3393492698669434,,3.3351171016693115,,,,,,
186,1302,,,2.8288984298706055,,2.82466197013855,2.82466197013855,,,,
186,1303,,,4.71394157409668,,4.7097039222717285,4.7097039222717285,,,,
186,1304,,,3.5252232551574707,,3.520984649658203,3.520984649658203,,,,
186,1305,,,3.1174123287200928,,3.113172769546509,3.113172769546509,,,,
186,1306,,,2.7791380882263184,,2.774897575378418,2.774897575378418,,,,
186,1307,,,2.7759220600128174,,2.7716808319091797,2.7716808319091797,,,,
186,1308,,,3.7104103565216064,,3.7061679363250732,3.7061679363250732,,,,
,186,,,,,,,,,6.2806782722473145,6.2806782722473145
186,1308,,,,,,,6.2806782722473145,6.2806782722473145,,
186,1308,3.310574769973755,3.314814329147339,,3.310574769973755,,,,,,
187,1309,,,3.9079928398132324,,3.9037492275238037,3.9037492275238037,,,,
187,1310,,,2.4648303985595703,,2.4605860710144043,2.4605860710144043,,,,
187,1311,,,3.2003884315490723,,3.19614315032959,3.19614315032959,,,,
187,1312,,,3.4519574642181396,,3.4477109909057617,3.4477109909057617,,,,
187,1313,,,4.182358741760254,,4.178111553192139,4.178111553192139,,,,
187,1314,,,3.1774516105651855,,3.173203229904175,3.173203229904175,,,,
187,1315,,,1.5877082347869873,,1.5834589004516602,1.5834589004516602,,,,
,187,,,,,,,,,6.196501731872559,6.196501731872559
187,1315,,,,,,,6.196501731872559,6.196501731872559,,
187,1315,3.286792278289795,3.2910382747650146,,3.286792278289795,,,,,,
188,1316,,,2.831429958343506,,2.827179431915283,2.827179431915283,,,,
188,1317,,,4.19798469543457,,4.193733215332031,4.193733215332031,,,,
188,1318,,,4.0179362297058105,,4.013683795928955,4.013683795928955,,,,
188,1319,,,3.8523991107940674,,3.8481454849243164,3.8481454849243164,,,,
188,1320,,,1.9708911180496216,,1.9666366577148438,1.9666366577148438,,,,
188,1321,,,2.9806056022644043,,2.9763503074645996,2.9763503074645996,,,,
188,1322,,,2.6927549839019775,,2.6884984970092773,2.6884984970092773,,,,
,188,,,,,,,,,6.243041038513184,6.243041038513184
188,1322,,,,,,,6.243041038513184,6.243041038513184,,
188,1322,3.2680652141571045,3.2723186016082764,,3.2680652141571045,,,,,,
189,1323,,,1.7594164609909058,,1.7551592588424683,1.7551592588424683,,,,
189,1324,,,3.825294017791748,,3.8210361003875732,3.8210361003875732,,,,
189,1325,,,4.2772698402404785,,4.273010730743408,4.273010730743408,,,,
189,1326,,,2.753556251525879,,2.749296188354492,2.749296188354492,,,,
189,1327,,,3.6300599575042725,,3.6257989406585693,3.6257989406585693,,,,
189,1328,,,3.1215503215789795,,3.11728835105896,3.11728835105896,,,,
189,1329,,,3.5537116527557373,,3.5494487285614014,3.5494487285614014,,,,
,189,,,,,,,,,6.190211772918701,6.190211772918701
189,1329,,,,,,,6.190211772918701,6.190211772918701,,
189,1329,3.2427659034729004,3.247025489807129,,3.2427659034729004,,,,,,
190,1330,,,1.8213509321212769,,1.817086935043335,1.817086935043335,,,,
190,1331,,,3.20426607131958,,3.2000014781951904,3.2000014781951904,,,,
190,1332,,,2.6458609104156494,,2.6415953636169434,2.6415953636169434,,,,
190,1333,,,5.028082847595215,,5.023816108703613,5.023816108703613,,,,
190,1334,,,4.076366424560547,,4.072098731994629,4.072098731994629,,,,
190,1335,,,3.2319042682647705,,3.227635622024536,3.227635622024536,,,,
190,1336,,,1.5488307476043701,,1.5445611476898193,1.5445611476898193,,,,
,190,,,,,,,,,6.114665508270264,6.114665508270264
190,1336,,,,,,,6.114665508270264,6.114665508270264,,
190,1336,3.2253246307373047,3.2295916080474854,,3.2253246307373047,,,,,,
191,1337,,,2.299908399581909,,2.295637845993042,2.295637845993042,,,,
191,1338,,,3.5504024028778076,,3.546131134033203,3.546131134033203,,,,
191,1339,,,2.7021446228027344,,2.6978724002838135,2.6978724002838135,,,,
191,1340,,,2.528742551803589,,2.5244696140289307,2.5244696140289307,,,,
191,1341,,,4.363413333892822,,4.359139919281006,4.359139919281006,,,,
191,1342,,,3.3209736347198486,,3.3166990280151367,3.3166990280151367,,,,
191,1343,,,4.5355353355407715,,4.531259536743164,4.531259536743164,,,,
,191,,,,,,,,,6.122743129730225,6.122743129730225
191,1343,,,,,,,6.122743129730225,6.122743129730225,,
191,1343,3.206144332885742,3.2104175090789795,,3.206144332885742,,,,,,
192,1344,,,3.3565258979797363,,3.3522489070892334,3.3522489070892334,,,,
192,1345,,,2.812978982925415,,2.8087010383605957,2.8087010383605957,,,,
192,1346,,,4.23570442199707,,4.2314252853393555,4.2314252853393555,,,,
192,1347,,,2.033679962158203,,2.0293996334075928,2.0293996334075928,,,,
192,1348,,,2.9309275150299072,,2.9266464710235596,2.9266464710235596,,,,
192,1349,,,4.038902759552002,,4.034620761871338,4.034620761871338,,,,
192,1350,,,2.405360221862793,,2.4010772705078125,2.4010772705078125,,,,
,192,,,,,,,,,6.101146697998047,6.101146697998047
192,1350,,,,,,,6.101146697998047,6.101146697998047,,
192,1350,3.1817169189453125,3.1859967708587646,,3.1817169189453125,,,,,,
193,1351,,,3.0138096809387207,,3.009526252746582,3.009526252746582,,,,
193,1352,,,3.2522640228271484,,3.2479796409606934,3.2479796409606934,,,,
193,1353,,,2.4392499923706055,,2.434964656829834,2.434964656829834,,,,
193,1354,,,3.133009910583496,,3.128723621368408,3.128723621368408,,,,
193,1355,,,3.7623584270477295,,3.758071184158325,3.758071184158325,,,,
193,1356,,,2.988314628601074,,2.9840266704559326,2.9840266704559326,,,,
193,1357,,,4.2182207107543945,,4.213931560516357,4.213931560516357,,,,
,193,,,,,,,,,6.189804553985596,6.189804553985596
193,1357,,,,,,,6.189804553985596,6.189804553985596,,
193,1357,3.1597673892974854,3.164053440093994,,3.1597673892974854,,,,,,
194,1358,,,3.0422565937042236,,3.037966728210449,3.037966728210449,,,,
194,1359,,,4.270577907562256,,4.266286849975586,4.266286849975586,,,,
194,1360,,,3.2000772953033447,,3.1957852840423584,3.1957852840423584,,,,
194,1361,,,2.6824610233306885,,2.678168296813965,2.678168296813965,,,,
194,1362,,,2.5448150634765625,,2.5405216217041016,2.5405216217041016,,,,
194,1363,,,3.6510558128356934,,3.646761178970337,3.646761178970337,,,,
194,1364,,,1.7881089448928833,,1.7838134765625,1.7838134765625,,,,
,194,,,,,,,,,6.24746561050415,6.24746561050415
194,1364,,,,,,,6.24746561050415,6.24746561050415,,
194,1364,3.1426541805267334,3.146946668624878,,3.1426541805267334,,,,,,
195,1365,,,3.1114933490753174,,3.1071970462799072,3.1071970462799072,,,,
195,1366,,,2.7049899101257324,,2.700692653656006,2.700692653656006,,,,
195,1367,,,4.666084289550781,,4.66178560256958,4.66178560256958,,,,
195,1368,,,2.805079698562622,,2.8007805347442627,2.8007805347442627,,,,
195,1369,,,2.430255889892578,,2.4259555339813232,2.4259555339813232,,,,
195,1370,,,3.0395402908325195,,3.0352389812469482,3.0352389812469482,,,,
195,1371,,,3.1539952754974365,,3.149693012237549,3.149693012237549,,,,
,195,,,,,,,,,6.188549041748047,6.188549041748047
195,1371,,,,,,,6.188549041748047,6.188549041748047,,
195,1371,3.1235740184783936,3.127873182296753,,3.1235740184783936,,,,,,
196,1372,,,3.246091365814209,,3.241788625717163,3.241788625717163,,,,
196,1373,,,3.1726038455963135,,3.168299674987793,3.168299674987793,,,,
196,1374,,,2.665675401687622,,2.661370277404785,2.661370277404785,,,,
196,1375,,,2.7335448265075684,,2.729238986968994,2.729238986968994,,,,
196,1376,,,4.069217681884766,,4.064910888671875,4.064910888671875,,,,
196,1377,,,3.445173740386963,,3.440865993499756,3.440865993499756,,,,
196,1378,,,1.2623751163482666,,1.2580665349960327,1.2580665349960327,,,,
,196,,,,,,,,,6.107674598693848,6.107674598693848
196,1378,,,,,,,6.107674598693848,6.107674598693848,,
196,1378,3.102470636367798,3.106775999069214,,3.102470636367798,,,,,,
197,1379,,,2.9209258556365967,,2.916616678237915,2.916616678237915,,,,
197,1380,,,2.319950580596924,,2.315640449523926,2.315640449523926,,,,
197,1381,,,3.1635537147521973,,3.1592423915863037,3.1592423915863037,,,,
197,1382,,,3.144859790802002,,3.140547513961792,3.140547513961792,,,,
197,1383,,,4.1345648765563965,,4.130251407623291,4.130251407623291,,,,
197,1384,,,3.503885269165039,,3.4995710849761963,3.4995710849761963,,,,
197,1385,,,1.3468555212020874,,1.3425406217575073,1.3425406217575073,,,,
,197,,,,,,,,,6.049679279327393,6.049679279327393
197,1385,,,,,,,6.049679279327393,6.049679279327393,,
197,1385,3.084756374359131,3.089068651199341,,3.084756374359131,,,,,,
198,1386,,,2.4018914699554443,,2.397576093673706,2.397576093673706,,,,
198,1387,,,2.799678087234497,,2.7953619956970215,2.7953619956970215,,,,
198,1388,,,3.4993295669555664,,3.495012044906616,3.495012044906616,,,,
198,1389,,,2.5693795680999756,,2.565061569213867,2.565061569213867,,,,
198,1390,,,3.4322638511657715,,3.427945137023926,3.427945137023926,,,,
198,1391,,,3.0751752853393555,,3.0708556175231934,3.0708556175231934,,,,
198,1392,,,4.766429424285889,,4.76210880279541,4.76210880279541,,,,
,198,,,,,,,,,5.982588291168213,5.982588291168213
198,1392,,,,,,,5.982588291168213,5.982588291168213,,
198,1392,3.0647220611572266,3.069039821624756,,3.0647220611572266,,,,,,
199,1393,,,3.6060428619384766,,3.6017212867736816,3.6017212867736816,,,,
199,1394,,,2.377253770828247,,2.3729310035705566,2.3729310035705566,,,,
199,1395,,,3.429908514022827,,3.4255850315093994,3.4255850315093994,,,,
199,1396,,,2.6942367553710938,,2.6899123191833496,2.6899123191833496,,,,
199,1397,,,2.3091073036193848,,2.3047821521759033,2.3047821521759033,,,,
199,1398,,,4.125408172607422,,4.121082305908203,4.121082305908203,,,,
199,1399,,,2.3476920127868652,,2.34336519241333,2.34336519241333,,,,
,199,,,,,,,,,5.815806865692139,5.815806865692139
199,1399,,,,,,,5.815806865692139,5.815806865692139,,
199,1399,3.0423176288604736,3.0466418266296387,,3.0423176288604736,,,,,,
200,1400,,,2.4896481037139893,,2.4853198528289795,2.4853198528289795,,,,
200,1401,,,2.2433314323425293,,2.2390024662017822,2.2390024662017822,,,,
200,1402,,,2.794949769973755,,2.7906198501586914,2.7906198501586914,,,,
200,1403,,,3.152641534805298,,3.148310899734497,3.148310899734497,,,,
200,1404,,,2.730051040649414,,2.725719451904297,2.725719451904297,,,,
200,1405,,,4.601993083953857,,4.597661018371582,4.597661018371582,,,,
200,1406,,,3.3928797245025635,,3.3885462284088135,3.3885462284088135,,,,
,200,,,,,,,,,5.65964412689209,5.65964412689209
200,1406,,,,,,,5.65964412689209,5.65964412689209,,
200,1406,3.020758867263794,3.0250892639160156,,3.020758867263794,,,,,,
201,1407,,,3.4672012329101562,,3.4628663063049316,3.4628663063049316,,,,
201,1408,,,3.807007074356079,,3.802670955657959,3.802670955657959,,,,
201,1409,,,2.432175636291504,,2.4278383255004883,2.4278383255004883,,,,
201,1410,,,3.5704851150512695,,3.5661468505859375,3.5661468505859375,,,,
201,1411,,,2.0498931407928467,,2.045553684234619,2.045553684234619,,,,
201,1412,,,1.8907231092453003,,1.886383056640625,1.886383056640625,,,,
201,1413,,,5.2524027824401855,,5.2480621337890625,5.2480621337890625,,,,
,201,,,,,,,,,5.668529033660889,5.668529033660889
201,1413,,,,,,,5.668529033660889,5.668529033660889,,
201,1413,3.005409002304077,3.009746789932251,,3.005409002304077,,,,,,
202,1414,,,3.4546215534210205,,3.450279951095581,3.450279951095581,,,,
202,1415,,,2.777465343475342,,2.773122549057007,2.773122549057007,,,,
202,1416,,,2.813976764678955,,2.8096330165863037,2.8096330165863037,,,,
202,1417,,,3.31703519821167,,3.3126909732818604,3.3126909732818604,,,,
202,1418,,,3.0988831520080566,,3.0945379734039307,3.0945379734039307,,,,
202,1419,,,2.167649745941162,,2.163303852081299,2.163303852081299,,,,
202,1420,,,3.7775068283081055,,3.7731597423553467,3.7731597423553467,,,,
,202,,,,,,,,,5.696617603302002,5.696617603302002
202,1420,,,,,,,5.696617603302002,5.696617603302002,,
202,1420,2.9832942485809326,2.9876389503479004,,2.9832942485809326,,,,,,
203,1421,,,2.7895116806030273,,2.785163402557373,2.785163402557373,,,,
203,1422,,,2.9554624557495117,,2.951113224029541,2.951113224029541,,,,
203,1423,,,2.5251517295837402,,2.5208017826080322,2.5208017826080322,,,,
203,1424,,,2.1989030838012695,,2.194552183151245,2.194552183151245,,,,
203,1425,,,2.8321127891540527,,2.827761173248291,2.827761173248291,,,,
203,1426,,,3.8218252658843994,,3.8174726963043213,3.8174726963043213,,,,
203,1427,,,4.715207099914551,,4.710853576660156,4.710853576660156,,,,
,203,,,,,,,,,5.734486103057861,5.734486103057861
203,1427,,,,,,,5.734486103057861,5.734486103057861,,
203,1427,2.958970069885254,2.96332049369812,,2.958970069885254,,,,,,
204,1428,,,3.4147086143493652,,3.4103541374206543,3.4103541374206543,,,,
204,1429,,,3.143451452255249,,3.139096260070801,3.139096260070801,,,,
204,1430,,,2.3554577827453613,,2.3511016368865967,2.3511016368865967,,,,
204,1431,,,2.4891364574432373,,2.4847795963287354,2.4847795963287354,,,,
204,1432,,,3.9499902725219727,,3.9456326961517334,3.9456326961517334,,,,
204,1433,,,2.803468942642212,,2.799110174179077,2.799110174179077,,,,
204,1434,,,1.6953896284103394,,1.6910297870635986,1.6910297870635986,,,,
,204,,,,,,,,,5.714202404022217,5.714202404022217
204,1434,,,,,,,5.714202404022217,5.714202404022217,,
204,1434,2.9434053897857666,2.9477622509002686,,2.9434053897857666,,,,,,
205,1435,,,3.127915143966675,,3.123554229736328,3.123554229736328,,,,
205,1436,,,2.450448751449585,,2.446086883544922,2.446086883544922,,,,
205,1437,,,2.665494203567505,,2.6611318588256836,2.6611318588256836,,,,
205,1438,,,2.867659568786621,,2.8632962703704834,2.8632962703704834,,,,
205,1439,,,2.5601000785827637,,2.5557358264923096,2.5557358264923096,,,,
205,1440,,,4.262136459350586,,4.2577714920043945,4.2577714920043945,,,,
205,1441,,,1.8637923002243042,,1.8594262599945068,1.8594262599945068,,,,
,205,,,,,,,,,5.560959815979004,5.560959815979004
205,1441,,,,,,,5.560959815979004,5.560959815979004,,
205,1441,2.918409824371338,2.9227726459503174,,2.918409824371338,,,,,,
206,1442,,,3.5730276107788086,,3.5686604976654053,3.5686604976654053,,,,
206,1443,,,3.232649803161621,,3.2282817363739014,3.2282817363739014,,,,
206,1444,,,3.054983139038086,,3.05061411857605,3.05061411857605,,,,
206,1445,,,1.9161123037338257,,1.9117423295974731,1.9117423295974731,,,,
206,1446,,,3.887521266937256,,3.883150339126587,3.883150339126587,,,,
206,1447,,,2.123016834259033,,2.118645191192627,2.118645191192627,,,,
206,1448,,,1.9056072235107422,,1.90123450756073,1.90123450756073,,,,
,206,,,,,,,,,5.4245524406433105,5.4245524406433105
206,1448,,,,,,,5.4245524406433105,5.4245524406433105,,
206,1448,2.8978912830352783,2.9022607803344727,,2.8978912830352783,,,,,,
207,1449,,,3.0516393184661865,,3.0472660064697266,3.0472660064697266,,,,
207,1450,,,2.754913091659546,,2.7505390644073486,2.7505390644073486,,,,
207,1451,,,3.047917604446411,,3.0435428619384766,3.0435428619384766,,,,
207,1452,,,2.6092422008514404,,2.6048660278320312,2.6048660278320312,,,,
207,1453,,,3.1233179569244385,,3.118941068649292,3.118941068649292,,,,
207,1454,,,2.4606778621673584,,2.4563002586364746,2.4563002586364746,,,,
207,1455,,,3.550114154815674,,3.5457358360290527,3.5457358360290527,,,,
,207,,,,,,,,,5.275515556335449,5.275515556335449
207,1455,,,,,,,5.275515556335449,5.275515556335449,,
207,1455,2.8786048889160156,2.8829805850982666,,2.8786048889160156,,,,,,
208,1456,,,2.4591002464294434,,2.4547207355499268,2.4547207355499268,,,,
208,1457,,,3.236595630645752,,3.232215166091919,3.232215166091919,,,,
208,1458,,,2.5110130310058594,,2.50663161277771,2.50663161277771,,,,
208,1459,,,3.2165138721466064,,3.2121315002441406,3.2121315002441406,,,,
208,1460,,,1.3329341411590576,,1.3285508155822754,1.3285508155822754,,,,
208,1461,,,3.3533339500427246,,3.348949909210205,3.348949909210205,,,,
208,1462,,,5.632620334625244,,5.628235340118408,5.628235340118408,,,,
,208,,,,,,,,,5.349597454071045,5.349597454071045
208,1462,,,,,,,5.349597454071045,5.349597454071045,,
208,1462,2.8539273738861084,2.858309507369995,,2.8539273738861084,,,,,,
209,1463,,,2.218986749649048,,2.2146010398864746,2.2146010398864746,,,,
209,1464,,,3.315202236175537,,3.3108160495758057,3.3108160495758057,,,,
209,1465,,,2.4942712783813477,,2.4898838996887207,2.4898838996887207,,,,
209,1466,,,3.858440637588501,,3.8540523052215576,3.8540523052215576,,,,
209,1467,,,3.0137035846710205,,3.0093140602111816,3.0093140602111816,,,,
209,1468,,,2.41074538230896,,2.406355142593384,2.406355142593384,,,,
209,1469,,,1.9190729856491089,,1.9146820306777954,1.9146820306777954,,,,
,209,,,,,,,,,5.364160060882568,5.364160060882568
209,1469,,,,,,,5.364160060882568,5.364160060882568,,
209,1469,2.8240044116973877,2.828392505645752,,2.8240044116973877,,,,,,
210,1470,,,1.7831038236618042,,1.7787119150161743,1.7787119150161743,,,,
210,1471,,,3.2411229610443115,,3.2367305755615234,3.2367305755615234,,,,
210,1472,,,2.821401834487915,,2.8170084953308105,2.8170084953308105,,,,
210,1473,,,3.03488826751709,,3.030493974685669,3.030493974685669,,,,
210,1474,,,3.0073163509368896,,3.0029211044311523,3.0029211044311523,,,,
210,1475,,,2.821056842803955,,2.8166604042053223,2.8166604042053223,,,,
210,1476,,,3.109003782272339,,3.1046066284179688,3.1046066284179688,,,,
,210,,,,,,,,,5.34670877456665,5.34670877456665
210,1476,,,,,,,5.34670877456665,5.34670877456665,,
210,1476,2.799490451812744,2.803884983062744,,2.799490451812744,,,,,,
211,1477,,,3.2568302154541016,,3.252432346343994,3.252432346343994,,,,
211,1478,,,1.7611445188522339,,1.7567458152770996,1.7567458152770996,,,,
211,1479,,,3.5040504932403564,,3.4996511936187744,3.4996511936187744,,,,
211,1480,,,3.005533218383789,,3.0011327266693115,3.0011327266693115,,,,
211,1481,,,2.7060763835906982,,2.7016749382019043,2.7016749382019043,,,,
211,1482,,,2.4589381217956543,,2.454535722732544,2.454535722732544,,,,
211,1483,,,2.7807085514068604,,2.7763051986694336,2.7763051986694336,,,,
,211,,,,,,,,,5.36292839050293,5.36292839050293
211,1483,,,,,,,5.3629279136657715,5.3629279136657715,,
211,1483,2.777613878250122,2.7820141315460205,,2.777613878250122,,,,,,
212,1484,,,2.707043170928955,,2.702639102935791,2.702639102935791,,,,
212,1485,,,2.5390467643737793,,2.534641742706299,2.534641742706299,,,,
212,1486,,,3.4087462425231934,,3.4043402671813965,3.4043402671813965,,,,
212,1487,,,3.6402337551116943,,3.635826826095581,3.635826826095581,,,,
212,1488,,,2.001307249069214,,1.9968998432159424,1.9968998432159424,,,,
212,1489,,,2.641126871109009,,2.63671875,2.63671875,,,,
212,1490,,,1.8441792726516724,,1.8397700786590576,1.8397700786590576,,,,
,212,,,,,,,,,5.315780162811279,5.315780162811279
212,1490,,,,,,,5.315780162811279,5.315780162811279,,
212,1490,2.7609379291534424,2.7653446197509766,,2.7609379291534424,,,,,,
213,1491,,,2.624690532684326,,2.6202802658081055,2.6202802658081055,,,,
213,1492,,,2.5732338428497314,,2.5688228607177734,2.5688228607177734,,,,
213,1493,,,2.6767797470092773,,2.672367572784424,2.672367572784424,,,,
213,1494,,,2.7480850219726562,,2.7436721324920654,2.7436721324920654,,,,
213,1495,,,2.4321911334991455,,2.4277772903442383,2.4277772903442383,,,,
213,1496,,,2.986131429672241,,2.9817168712615967,2.9817168712615967,,,,
213,1497,,,3.898589849472046,,3.894174337387085,3.894174337387085,,,,
,213,,,,,,,,,5.263999938964844,5.263999938964844
213,1497,,,,,,,5.263999938964844,5.263999938964844,,
213,1497,2.741168975830078,2.74558162689209,,2.741168975830078,,,,,,
214,1498,,,2.09403395652771,,2.0896177291870117,2.0896177291870117,,,,
214,1499,,,2.3636772632598877,,2.359260082244873,2.359260082244873,,,,
214,1500,,,2.8028616905212402,,2.7984437942504883,2.7984437942504883,,,,
214,1501,,,2.329465389251709,,2.3250467777252197,2.3250467777252197,,,,
214,1502,,,3.074929714202881,,3.070510149002075,3.070510149002075,,,,
214,1503,,,3.6929614543914795,,3.6885411739349365,3.6885411739349365,,,,
214,1504,,,2.7648427486419678,,2.7604215145111084,2.7604215145111084,,,,
,214,,,,,,,,,5.116472244262695,5.116472244262695
214,1504,,,,,,,5.1164727210998535,5.1164727210998535,,
214,1504,2.7241690158843994,2.7285873889923096,,2.7241690158843994,,,,,,
215,1505,,,2.7049310207366943,,2.7005083560943604,2.7005083560943604,,,,
215,1506,,,3.063028573989868,,3.058605194091797,3.058605194091797,,,,
215,1507,,,2.1281092166900635,,2.123684883117676,2.123684883117676,,,,
215,1508,,,3.4387989044189453,,3.4343738555908203,3.4343738555908203,,,,
215,1509,,,3.527371406555176,,3.5229451656341553,3.5229451656341553,,,,
215,1510,,,1.9818217754364014,,1.977394461631775,1.977394461631775,,,,
215,1511,,,1.1272921562194824,,1.1228642463684082,1.1228642463684082,,,,
,215,,,,,,,,,5.004322052001953,5.004322052001953
215,1511,,,,,,,5.004322052001953,5.004322052001953,,
215,1511,2.704092025756836,2.708517074584961,,2.704092025756836,,,,,,
216,1512,,,2.080512762069702,,2.0760838985443115,2.0760838985443115,,,,
216,1513,,,3.093663215637207,,3.089233875274658,3.089233875274658,,,,
216,1514,,,3.5516622066497803,,3.5472323894500732,3.5472323894500732,,,,
216,1515,,,2.7461767196655273,,2.741745710372925,2.741745710372925,,,,
216,1516,,,2.3191092014312744,,2.3146772384643555,2.3146772384643555,,,,
216,1517,,,2.5516135692596436,,2.547180652618408,2.547180652618408,,,,
216,1518,,,2.1457221508026123,,2.1412882804870605,2.1412882804870605,,,,
,216,,,,,,,,,4.953806400299072,4.953806400299072
216,1518,,,,,,,4.953806400299072,4.953806400299072,,
216,1518,2.685354709625244,2.6897854804992676,,2.685354709625244,,,,,,
217,1519,,,2.3583180904388428,,2.3538835048675537,2.3538835048675537,,,,
217,1520,,,2.0975639820098877,,2.0931289196014404,2.0931289196014404,,,,
217,1521,,,3.3562076091766357,,3.351771831512451,3.351771831512451,,,,
217,1522,,,3.4693610668182373,,3.4649245738983154,3.4649245738983154,,,,
217,1523,,,2.6512138843536377,,2.6467761993408203,2.6467761993408203,,,,
217,1524,,,2.159027576446533,,2.1545891761779785,2.1545891761779785,,,,
217,1525,,,2.5190699100494385,,2.5146303176879883,2.5146303176879883,,,,
,217,,,,,,,,,4.825158596038818,4.825158596038818
217,1525,,,,,,,4.825158596038818,4.825158596038818,,
217,1525,2.667931079864502,2.672367572784424,,2.667931079864502,,,,,,
218,1526,,,1.541954517364502,,1.5375137329101562,1.5375137329101562,,,,
218,1527,,,2.573859214782715,,2.5694174766540527,2.5694174766540527,,,,
218,1528,,,2.886025905609131,,2.8815832138061523,2.8815832138061523,,,,
218,1529,,,3.271472930908203,,3.267029285430908,3.267029285430908,,,,
218,1530,,,2.1620354652404785,,2.1575911045074463,2.1575911045074463,,,,
218,1531,,,3.196917772293091,,3.192472219467163,3.192472219467163,,,,
218,1532,,,3.4373373985290527,,3.4328911304473877,3.4328911304473877,,,,
,218,,,,,,,,,4.774503707885742,4.774503707885742
218,1532,,,,,,,4.774503231048584,4.774503231048584,,
218,1532,2.6498730182647705,2.6543166637420654,,2.6498730182647705,,,,,,
219,1533,,,3.035604476928711,,3.0311574935913086,3.0311574935913086,,,,
219,1534,,,2.225142002105713,,2.220694065093994,2.220694065093994,,,,
219,1535,,,3.2583611011505127,,3.2539124488830566,3.2539124488830566,,,,
219,1536,,,2.3933968544006348,,2.3889474868774414,2.3889474868774414,,,,
219,1537,,,2.7123663425445557,,2.707916021347046,2.707916021347046,,,,
219,1538,,,2.7561588287353516,,2.7517077922821045,2.7517077922821045,,,,
219,1539,,,1.085607647895813,,1.0811556577682495,1.0811556577682495,,,,
,219,,,,,,,,,4.732224941253662,4.732224941253662
219,1539,,,,,,,4.732224941253662,4.732224941253662,,
219,1539,2.628983497619629,2.633432388305664,,2.628983497619629,,,,,,
220,1540,,,3.040361166000366,,3.0359079837799072,3.0359079837799072,,,,
220,1541,,,2.7198336124420166,,2.7153797149658203,2.7153797149658203,,,,
220,1542,,,1.8786371946334839,,1.8741823434829712,1.8741823434829712,,,,
220,1543,,,2.2642858028411865,,2.2598299980163574,2.2598299980163574,,,,
220,1544,,,3.0195372104644775,,3.015080690383911,3.015080690383911,,,,
220,1545,,,2.899254083633423,,2.89479660987854,2.89479660987854,,,,
220,1546,,,2.2302465438842773,,2.225788116455078,2.225788116455078,,,,
,220,,,,,,,,,4.683511257171631,4.683511257171631
220,1546,,,,,,,4.683511257171631,4.683511257171631,,
220,1546,2.6086034774780273,2.6130590438842773,,2.6086034774780273,,,,,,
221,1547,,,2.051363706588745,,2.0469043254852295,2.0469043254852295,,,,
221,1548,,,2.617245674133301,,2.612785577774048,2.612785577774048,,,,
221,1549,,,2.2882044315338135,,2.283743143081665,2.283743143081665,,,,
221,1550,,,2.923450231552124,,2.9189882278442383,2.9189882278442383,,,,
221,1551,,,2.021880865097046,,2.0174176692962646,2.0174176692962646,,,,
221,1552,,,3.1446220874786377,,3.14015793800354,3.14015793800354,,,,
221,1553,,,3.963043451309204,,3.9585788249969482,3.9585788249969482,,,,
,221,,,,,,,,,4.660699844360352,4.660699844360352
221,1553,,,,,,,4.66070032119751,4.66070032119751,,
221,1553,2.588935375213623,2.593397617340088,,2.588935375213623,,,,,,
222,1554,,,3.021843671798706,,3.017378091812134,3.017378091812134,,,,
222,1555,,,2.244075059890747,,2.2396085262298584,2.2396085262298584,,,,
222,1556,,,2.1032018661499023,,2.0987343788146973,2.0987343788146973,,,,
222,1557,,,2.6844794750213623,,2.680011034011841,2.680011034011841,,,,
222,1558,,,2.4242799282073975,,2.4198107719421387,2.4198107719421387,,,,
222,1559,,,3.070894241333008,,3.0664241313934326,3.0664241313934326,,,,
222,1560,,,2.2653756141662598,,2.260904550552368,2.260904550552368,,,,
,222,,,,,,,,,4.673743724822998,4.673743724822998
222,1560,,,,,,,4.673743724822998,4.673743724822998,,
222,1560,2.56781268119812,2.5722808837890625,,2.56781268119812,,,,,,
223,1561,,,2.9513959884643555,,2.9469244480133057,2.9469244480133057,,,,
223,1562,,,2.715017080307007,,2.7105445861816406,2.7105445861816406,,,,
223,1563,,,2.019376516342163,,2.0149030685424805,2.0149030685424805,,,,
223,1564,,,2.99946928024292,,2.9949951171875,2.9949951171875,,,,
223,1565,,,2.231682062149048,,2.2272071838378906,2.2272071838378906,,,,
223,1566,,,2.387495517730713,,2.38301944732666,2.38301944732666,,,,
223,1567,,,2.5692825317382812,,2.564805746078491,2.564805746078491,,,,
,223,,,,,,,,,4.709041118621826,4.709041118621826
223,1567,,,,,,,4.709041118621826,4.709041118621826,,
223,1567,2.547356128692627,2.551830291748047,,2.547356128692627,,,,,,
224,1568,,,2.377549409866333,,2.3730719089508057,2.3730719089508057,,,,
224,1569,,,2.9693191051483154,,2.964840888977051,2.964840888977051,,,,
224,1570,,,1.8951029777526855,,1.8906238079071045,1.8906238079071045,,,,
224,1571,,,1.5456068515777588,,1.5411264896392822,1.5411264896392822,,,,
224,1572,,,2.9370648860931396,,2.932583808898926,2.932583808898926,,,,
224,1573,,,3.4245235919952393,,3.420042037963867,3.420042037963867,,,,
224,1574,,,2.6398048400878906,,2.635322093963623,2.635322093963623,,,,
,224,,,,,,,,,4.699399471282959,4.699399471282959
224,1574,,,,,,,4.699399471282959,4.699399471282959,,
224,1574,2.5271427631378174,2.5316224098205566,,2.5271427631378174,,,,,,
225,1575,,,1.9538828134536743,,1.9493991136550903,1.9493991136550903,,,,
225,1576,,,2.2229650020599365,,2.218480348587036,2.218480348587036,,,,
225,1577,,,2.218325614929199,,2.2138402462005615,2.2138402462005615,,,,
225,1578,,,2.966891050338745,,2.96240496635437,2.96240496635437,,,,
225,1579,,,3.308018684387207,,3.3035314083099365,3.3035314083099365,,,,
225,1580,,,2.2347891330718994,,2.2303009033203125,2.2303009033203125,,,,
225,1581,,,2.913573980331421,,2.9090850353240967,2.9090850353240967,,,,
,225,,,,,,,,,4.701104164123535,4.701104164123535
225,1581,,,,,,,4.701104164123535,4.701104164123535,,
225,1581,2.50492000579834,2.5094058513641357,,2.50492000579834,,,,,,
226,1582,,,2.4165942668914795,,2.412104368209839,2.412104368209839,,,,
226,1583,,,2.7744996547698975,,2.7700088024139404,2.7700088024139404,,,,
226,1584,,,2.9359164237976074,,2.931424617767334,2.931424617767334,,,,
226,1585,,,2.8886818885803223,,2.8841891288757324,2.8841891288757324,,,,
226,1586,,,1.6894654035568237,,1.684971809387207,1.684971809387207,,,,
226,1587,,,2.385233163833618,,2.3807384967803955,2.3807384967803955,,,,
226,1588,,,2.127439260482788,,2.122943878173828,2.122943878173828,,,,
,226,,,,,,,,,4.682353973388672,4.682353973388672
226,1588,,,,,,,4.682353973388672,4.682353973388672,,
226,1588,2.4877710342407227,2.4922635555267334,,2.4877710342407227,,,,,,
227,1589,,,3.40429425239563,,3.3997983932495117,3.3997983932495117,,,,
227,1590,,,2.0999178886413574,,2.095421314239502,2.095421314239502,,,,
227,1591,,,2.337552070617676,,2.333054542541504,2.333054542541504,,,,
227,1592,,,1.7591609954833984,,1.7546625137329102,1.7546625137329102,,,,
227,1593,,,3.4481873512268066,,3.44368839263916,3.44368839263916,,,,
227,1594,,,1.833553671836853,,1.829053521156311,1.829053521156311,,,,
227,1595,,,2.431525707244873,,2.4270246028900146,2.4270246028900146,,,,
,227,,,,,,,,,4.683470726013184,4.683470726013184
227,1595,,,,,,,4.683470726013184,4.683470726013184,,
227,1595,2.473068952560425,2.477566719055176,,2.473068952560425,,,,,,
228,1596,,,2.2214457988739014,,2.2169439792633057,2.2169439792633057,,,,
228,1597,,,2.2387595176696777,,2.2342569828033447,2.2342569828033447,,,,
228,1598,,,3.024094581604004,,3.0195913314819336,3.0195913314819336,,,,
228,1599,,,2.194455862045288,,2.1899516582489014,2.1899516582489014,,,,
228,1600,,,1.997821569442749,,1.993316411972046,1.993316411972046,,,,
228,1601,,,2.889953374862671,,2.8854472637176514,2.8854472637176514,,,,
228,1602,,,2.931806802749634,,2.927299976348877,2.927299976348877,,,,
,228,,,,,,,,,4.6109395027160645,4.6109395027160645
228,1602,,,,,,,4.6109395027160645,4.6109395027160645,,
228,1602,2.4529011249542236,2.4574053287506104,,2.4529011249542236,,,,,,
229,1603,,,2.2390074729919434,,2.234499454498291,2.234499454498291,,,,
229,1604,,,3.2615175247192383,,3.2570090293884277,3.2570090293884277,,,,
229,1605,,,1.5857609510421753,,1.5812515020370483,1.5812515020370483,,,,
229,1606,,,2.1073670387268066,,2.1028568744659424,2.1028568744659424,,,,
229,1607,,,2.717288017272949,,2.7127766609191895,2.7127766609191895,,,,
229,1608,,,2.9027278423309326,,2.8982157707214355,2.8982157707214355,,,,
229,1609,,,2.0071372985839844,,2.002624034881592,2.002624034881592,,,,
,229,,,,,,,,,4.565125942230225,4.565125942230225
229,1609,,,,,,,4.565125942230225,4.565125942230225,,
229,1609,2.437269687652588,2.441779613494873,,2.437269687652588,,,,,,
230,1610,,,2.055466651916504,,2.050952672958374,2.050952672958374,,,,
230,1611,,,2.5987486839294434,,2.594233512878418,2.594233512878418,,,,
230,1612,,,3.681851387023926,,3.677335262298584,3.677335262298584,,,,
230,1613,,,1.7727277278900146,,1.7682106494903564,1.7682106494903564,,,,
230,1614,,,2.8983118534088135,,2.893794059753418,2.893794059753418,,,,
230,1615,,,2.0303335189819336,,2.0258145332336426,2.0258145332336426,,,,
230,1616,,,1.1994667053222656,,1.1949470043182373,1.1949470043182373,,,,
,230,,,,,,,,,4.508349895477295,4.508349895477295
230,1616,,,,,,,4.508349895477295,4.508349895477295,,
230,1616,2.424854040145874,2.429370880126953,,2.424854040145874,,,,,,
231,1617,,,2.28009033203125,,2.2755701541900635,2.2755701541900635,,,,
231,1618,,,2.1526029109954834,,2.1480820178985596,2.1480820178985596,,,,
231,1619,,,2.661583185195923,,2.6570615768432617,2.6570615768432617,,,,
231,1620,,,2.0849971771240234,,2.080474615097046,2.080474615097046,,,,
231,1621,,,1.677147388458252,,1.672624111175537,1.672624111175537,,,,
231,1622,,,3.5683844089508057,,3.5638601779937744,3.5638601779937744,,,,
231,1623,,,2.549617290496826,,2.5450923442840576,2.5450923442840576,,,,
,231,,,,,,,,,4.4122467041015625,4.4122467041015625
231,1623,,,,,,,4.4122467041015625,4.4122467041015625,,
231,1623,2.408169746398926,2.412691831588745,,2.408169746398926,,,,,,
232,1624,,,2.658043384552002,,2.6535167694091797,2.6535167694091797,,,,
232,1625,,,2.3331456184387207,,2.328618288040161,2.328618288040161,,,,
232,1626,,,2.6498525142669678,,2.6453239917755127,2.6453239917755127,,,,
232,1627,,,2.2434473037719727,,2.238917827606201,2.238917827606201,,,,
232,1628,,,2.3328559398651123,,2.3283259868621826,2.3283259868621826,,,,
232,1629,,,2.389026641845703,,2.384495496749878,2.384495496749878,,,,
232,1630,,,1.8124562501907349,,1.8079242706298828,1.8079242706298828,,,,
,232,,,,,,,,,4.3625946044921875,4.3625946044921875
232,1630,,,,,,,4.3625946044921875,4.3625946044921875,,
232,1630,2.3932816982269287,2.397810697555542,,2.3932816982269287,,,,,,
233,1631,,,1.4890294075012207,,1.4844965934753418,1.4844965934753418,,,,
233,1632,,,2.321791648864746,,2.317257881164551,2.317257881164551,,,,
233,1633,,,2.690869092941284,,2.6863346099853516,2.6863346099853516,,,,
233,1634,,,1.943294644355774,,1.938759207725525,1.938759207725525,,,,
233,1635,,,3.3528409004211426,,3.348304510116577,3.348304510116577,,,,
233,1636,,,2.9508988857269287,,2.946361541748047,2.946361541748047,,,,
233,1637,,,1.1992921829223633,,1.1947540044784546,1.1947540044784546,,,,
,233,,,,,,,,,4.3026909828186035,4.3026909828186035
233,1637,,,,,,,4.3026909828186035,4.3026909828186035,,
233,1637,2.3795368671417236,2.3840720653533936,,2.3795368671417236,,,,,,
234,1638,,,2.153332233428955,,2.1487934589385986,2.1487934589385986,,,,
234,1639,,,2.4910709857940674,,2.4865312576293945,2.4865312576293945,,,,
234,1640,,,2.2608983516693115,,2.2563576698303223,2.2563576698303223,,,,
234,1641,,,1.7590402364730835,,1.7544984817504883,1.7544984817504883,,,,
234,1642,,,2.8854713439941406,,2.8809287548065186,2.8809287548065186,,,,
234,1643,,,2.827702045440674,,2.8231587409973145,2.8231587409973145,,,,
234,1644,,,1.955570101737976,,1.9510260820388794,1.9510260820388794,,,,
,234,,,,,,,,,4.258727550506592,4.258727550506592
234,1644,,,,,,,4.258727550506592,4.258727550506592,,
234,1644,2.3657889366149902,2.3703300952911377,,2.3657889366149902,,,,,,
235,1645,,,2.793917179107666,,2.789372444152832,2.789372444152832,,,,
235,1646,,,2.4321343898773193,,2.427588939666748,2.427588939666748,,,,
235,1647,,,2.2725729942321777,,2.268026828765869,2.268026828765869,,,,
235,1648,,,2.4683384895324707,,2.4637913703918457,2.4637913703918457,,,,
235,1649,,,1.4438064098358154,,1.4392584562301636,1.4392584562301636,,,,
235,1650,,,2.6741411685943604,,2.6695923805236816,2.6695923805236816,,,,
235,1651,,,2.5028340816497803,,2.498284339904785,2.498284339904785,,,,
,235,,,,,,,,,4.200451850891113,4.200451850891113
235,1651,,,,,,,4.200451850891113,4.200451850891113,,
235,1651,2.352076292037964,2.3566231727600098,,2.352076292037964,,,,,,
236,1652,,,2.685318946838379,,2.6807680130004883,2.6807680130004883,,,,
236,1653,,,2.5527021884918213,,2.5481505393981934,2.5481505393981934,,,,
236,1654,,,2.8205819129943848,,2.8160293102264404,2.8160293102264404,,,,
236,1655,,,2.358778476715088,,2.3542251586914062,2.3542251586914062,,,,
236,1656,,,2.3103129863739014,,2.3057587146759033,2.3057587146759033,,,,
236,1657,,,1.7095451354980469,,1.7049901485443115,1.7049901485443115,,,,
236,1658,,,1.3542191982269287,,1.349663257598877,1.349663257598877,,,,
,236,,,,,,,,,4.1078362464904785,4.1078362464904785
236,1658,,,,,,,4.1078362464904785,4.1078362464904785,,
236,1658,2.3397717475891113,2.344325065612793,,2.3397717475891113,,,,,,
237,1659,,,2.6355905532836914,,2.631033420562744,2.631033420562744,,,,
237,1660,,,2.157719135284424,,2.153160810470581,2.153160810470581,,,,
237,1661,,,2.3101518154144287,,2.3055927753448486,2.3055927753448486,,,,
237,1662,,,2.0362062454223633,,2.031646251678467,2.031646251678467,,,,
237,1663,,,2.8769402503967285,,2.8723793029785156,2.8723793029785156,,,,
237,1664,,,2.3473761081695557,,2.3428142070770264,2.3428142070770264,,,,
237,1665,,,1.2711480855941772,,1.2665854692459106,1.2665854692459106,,,,
,237,,,,,,,,,4.014418601989746,4.014418601989746
237,1665,,,,,,,4.014418601989746,4.014418601989746,,
237,1665,2.323387861251831,2.3279473781585693,,2.323387861251831,,,,,,
238,1666,,,1.907415509223938,,1.9028520584106445,1.9028520584106445,,,,
238,1667,,,2.434335708618164,,2.4297714233398438,2.4297714233398438,,,,
238,1668,,,2.18125057220459,,2.1766855716705322,2.1766855716705322,,,,
238,1669,,,2.2086188793182373,,2.2040529251098633,2.2040529251098633,,,,
238,1670,,,2.205669403076172,,2.2011027336120605,2.2011027336120605,,,,
238,1671,,,2.89766788482666,,2.8931002616882324,2.8931002616882324,,,,
238,1672,,,2.4544103145599365,,2.4498419761657715,2.4498419761657715,,,,
,238,,,,,,,,,3.941922664642334,3.941922664642334
238,1672,,,,,,,3.941922664642334,3.941922664642334,,
238,1672,2.3100008964538574,2.3145666122436523,,2.3100008964538574,,,,,,
239,1673,,,2.135972261428833,,2.1314027309417725,2.1314027309417725,,,,
239,1674,,,2.3047807216644287,,2.300210475921631,2.300210475921631,,,,
239,1675,,,2.857228994369507,,2.8526580333709717,2.8526580333709717,,,,
239,1676,,,2.32361102104187,,2.3190388679504395,2.3190388679504395,,,,
239,1677,,,2.8814477920532227,,2.8768749237060547,2.8768749237060547,,,,
239,1678,,,1.5807178020477295,,1.576143741607666,1.576143741607666,,,,
239,1679,,,1.5603809356689453,,1.555806279182434,1.555806279182434,,,,
,239,,,,,,,,,3.937258243560791,3.937258243560791
239,1679,,,,,,,3.937258243560791,3.937258243560791,,
239,1679,2.2964322566986084,2.301004409790039,,2.2964322566986084,,,,,,
240,1680,,,2.01424241065979,,2.00966739654541,2.00966739654541,,,,
240,1681,,,2.2574851512908936,,2.2529094219207764,2.2529094219207764,,,,
240,1682,,,2.2640082836151123,,2.2594316005706787,2.2594316005706787,,,,
240,1683,,,2.391115427017212,,2.386538028717041,2.386538028717041,,,,
240,1684,,,2.8333466053009033,,2.828768491744995,2.828768491744995,,,,
240,1685,,,2.404125452041626,,2.3995466232299805,2.3995466232299805,,,,
240,1686,,,1.1155296564102173,,1.1109498739242554,1.1109498739242554,,,,
,240,,,,,,,,,3.9230988025665283,3.9230988025665283
240,1686,,,,,,,3.9230988025665283,3.9230988025665283,,
240,1686,2.2828969955444336,2.2874739170074463,,2.2828969955444336,,,,,,
241,1687,,,2.369213819503784,,2.364633321762085,2.364633321762085,,,,
241,1688,,,2.2699756622314453,,2.265394687652588,2.265394687652588,,,,
241,1689,,,2.3170907497406006,,2.3125088214874268,2.3125088214874268,,,,
241,1690,,,2.3936092853546143,,2.389026641845703,2.389026641845703,,,,
241,1691,,,2.595189332962036,,2.5906057357788086,2.5906057357788086,,,,
241,1692,,,1.671879768371582,,1.667295217514038,1.667295217514038,,,,
241,1693,,,2.2675089836120605,,2.2629234790802,2.2629234790802,,,,
,241,,,,,,,,,3.978863477706909,3.978863477706909
241,1693,,,,,,,3.978863477706909,3.978863477706909,,
241,1693,2.264793872833252,2.269376516342163,,2.264793872833252,,,,,,
242,1694,,,1.7664451599121094,,1.7618591785430908,1.7618591785430908,,,,
242,1695,,,2.5980560779571533,,2.5934691429138184,2.5934691429138184,,,,
242,1696,,,2.3684756755828857,,2.3638875484466553,2.3638875484466553,,,,
242,1697,,,2.8868954181671143,,2.8823065757751465,2.8823065757751465,,,,
242,1698,,,1.865243673324585,,1.8606539964675903,1.8606539964675903,,,,
242,1699,,,2.064406633377075,,2.0598161220550537,2.0598161220550537,,,,
242,1700,,,2.1187527179718018,,2.114161491394043,2.114161491394043,,,,
,242,,,,,,,,,4.015411853790283,4.015411853790283
242,1700,,,,,,,4.015411853790283,4.015411853790283,,
242,1700,2.2454593181610107,2.2500479221343994,,2.2454593181610107,,,,,,
243,1701,,,1.7589794397354126,,1.7543878555297852,1.7543878555297852,,,,
243,1702,,,2.5632481575012207,,2.5586559772491455,2.5586559772491455,,,,
243,1703,,,3.1425771713256836,,3.137984037399292,3.137984037399292,,,,
243,1704,,,1.8807377815246582,,1.8761439323425293,1.8761439323425293,,,,
243,1705,,,2.168794631958008,,2.1642000675201416,2.1642000675201416,,,,
243,1706,,,1.82024085521698,,1.815645456314087,1.815645456314087,,,,
243,1707,,,2.394273042678833,,2.389676809310913,2.389676809310913,,,,
,243,,,,,,,,,4.0267767906188965,4.0267767906188965
243,1707,,,,,,,4.0267767906188965,4.0267767906188965,,
243,1707,2.2279443740844727,2.2325382232666016,,2.2279443740844727,,,,,,
244,1708,,,2.5169479846954346,,2.512350559234619,2.512350559234619,,,,
244,1709,,,2.377580404281616,,2.3729817867279053,2.3729817867279053,,,,
244,1710,,,1.691457748413086,,1.6868579387664795,1.6868579387664795,,,,
244,1711,,,2.2934796810150146,,2.288879156112671,2.288879156112671,,,,
244,1712,,,2.7911252975463867,,2.7865238189697266,2.7865238189697266,,,,
244,1713,,,1.7164911031723022,,1.7118889093399048,1.7118889093399048,,,,
244,1714,,,2.025499105453491,,2.0208964347839355,2.0208964347839355,,,,
,244,,,,,,,,,3.9867522716522217,3.9867522716522217
244,1714,,,,,,,3.9867522716522217,3.9867522716522217,,
244,1714,2.2144813537597656,2.219081401824951,,2.2144813537597656,,,,,,
245,1715,,,2.252199411392212,,2.24759578704834,2.24759578704834,,,,
245,1716,,,1.6520556211471558,,1.6474509239196777,1.6474509239196777,,,,
245,1717,,,2.598292589187622,,2.593687057495117,2.593687057495117,,,,
245,1718,,,2.2401466369628906,,2.2355403900146484,2.2355403900146484,,,,
245,1719,,,2.888047933578491,,2.8834407329559326,2.8834407329559326,,,,
245,1720,,,2.0645840167999268,,2.0599758625030518,2.0599758625030518,,,,
245,1721,,,0.8734267354011536,,0.8688178658485413,0.8688178658485413,,,,
,245,,,,,,,,,3.975088357925415,3.975088357925415
245,1721,,,,,,,3.975088357925415,3.975088357925415,,
245,1721,2.1950583457946777,2.199664354324341,,2.1950583457946777,,,,,,
246,1722,,,1.9369990825653076,,1.9323896169662476,1.9323896169662476,,,,
246,1723,,,2.4295780658721924,,2.4249680042266846,2.4249680042266846,,,,
246,1724,,,2.3881986141204834,,2.38358736038208,2.38358736038208,,,,
246,1725,,,2.111354351043701,,2.1067421436309814,2.1067421436309814,,,,
246,1726,,,2.50673508644104,,2.502121925354004,2.502121925354004,,,,
246,1727,,,1.7056512832641602,,1.7010374069213867,1.7010374069213867,,,,
246,1728,,,2.3047544956207275,,2.300139904022217,2.300139904022217,,,,
,246,,,,,,,,,3.94568133354187,3.94568133354187
246,1728,,,,,,,3.94568133354187,3.94568133354187,,
246,1728,2.1824939250946045,2.187105894088745,,2.1824939250946045,,,,,,
247,1729,,,1.724602460861206,,1.719987392425537,1.719987392425537,,,,
247,1730,,,2.304987668991089,,2.3003716468811035,2.3003716468811035,,,,
247,1731,,,1.887205958366394,,1.8825892210006714,1.8825892210006714,,,,
247,1732,,,2.0523078441619873,,2.0476901531219482,2.0476901531219482,,,,
247,1733,,,1.6469846963882446,,1.6423662900924683,1.6423662900924683,,,,
247,1734,,,3.2144548892974854,,3.2098357677459717,3.2098357677459717,,,,
247,1735,,,2.741619825363159,,2.736999750137329,2.736999750137329,,,,
,247,,,,,,,,,3.9324569702148438,3.9324569702148438
247,1735,,,,,,,3.9324569702148438,3.9324569702148438,,
247,1735,2.1692888736724854,2.173906087875366,,2.1692888736724854,,,,,,
248,1736,,,2.30041766166687,,2.2957968711853027,2.2957968711853027,,,,
248,1737,,,1.9597738981246948,,1.9551527500152588,1.9551527500152588,,,,
248,1738,,,2.647982358932495,,2.643360137939453,2.643360137939453,,,,
248,1739,,,1.8370493650436401,,1.8324263095855713,1.8324263095855713,,,,
248,1740,,,1.9800641536712646,,1.9754403829574585,1.9754403829574585,,,,
248,1741,,,2.482893466949463,,2.47826886177063,2.47826886177063,,,,
248,1742,,,1.5160152912139893,,1.5113898515701294,1.5113898515701294,,,,
,248,,,,,,,,,3.8576347827911377,3.8576347827911377
248,1742,,,,,,,3.8576347827911377,3.8576347827911377,,
248,1742,2.156426191329956,2.1610491275787354,,2.156426191329956,,,,,,
249,1743,,,2.1404006481170654,,2.1357741355895996,2.1357741355895996,,,,
249,1744,,,1.8832989931106567,,1.878671407699585,1.878671407699585,,,,
249,1745,,,2.8685944080352783,,2.863966226577759,2.863966226577759,,,,
249,1746,,,1.8170125484466553,,1.8123832941055298,1.8123832941055298,,,,
249,1747,,,2.445932149887085,,2.4413022994995117,2.4413022994995117,,,,
249,1748,,,1.979113221168518,,1.9744824171066284,1.9744824171066284,,,,
249,1749,,,1.448344349861145,,1.443712592124939,1.443712592124939,,,,
,249,,,,,,,,,3.8180880546569824,3.8180880546569824
249,1749,,,,,,,3.8180880546569824,3.8180880546569824,,
249,1749,2.1408584117889404,2.1454873085021973,,2.1408584117889404,,,,,,
250,1750,,,2.1988658905029297,,2.1942336559295654,2.1942336559295654,,,,
250,1751,,,1.8504871129989624,,1.8458540439605713,1.8458540439605713,,,,
250,1752,,,1.4275344610214233,,1.4229007959365845,1.4229007959365845,,,,
250,1753,,,3.043436288833618,,3.038801908493042,3.038801908493042,,,,
250,1754,,,1.753100872039795,,1.7484652996063232,1.7484652996063232,,,,
250,1755,,,1.8871437311172485,,1.882507562637329,1.882507562637329,,,,
250,1756,,,3.7222111225128174,,3.717574119567871,3.717574119567871,,,,
,250,,,,,,,,,3.823758125305176,3.823758125305176
250,1756,,,,,,,3.823758363723755,3.823758363723755,,
250,1756,2.121859312057495,2.1264936923980713,,2.121859312057495,,,,,,
251,1757,,,2.2596206665039062,,2.2549824714660645,2.2549824714660645,,,,
251,1758,,,1.96071195602417,,1.9560729265213013,1.9560729265213013,,,,
251,1759,,,1.759088158607483,,1.7544482946395874,1.7544482946395874,,,,
251,1760,,,2.767775774002075,,2.7631351947784424,2.7631351947784424,,,,
251,1761,,,1.9877320528030396,,1.9830906391143799,1.9830906391143799,,,,
251,1762,,,2.360234022140503,,2.3555917739868164,2.3555917739868164,,,,
251,1763,,,0.8911445140838623,,0.8865012526512146,0.8865012526512146,,,,
,251,,,,,,,,,3.770350456237793,3.770350456237793
251,1763,,,,,,,3.770350217819214,3.770350217819214,,
251,1763,2.1019229888916016,2.1065633296966553,,2.1019229888916016,,,,,,
252,1764,,,2.5914318561553955,,2.586787700653076,2.586787700653076,,,,
252,1765,,,2.412045478820801,,2.407400369644165,2.407400369644165,,,,
252,1766,,,2.0451128482818604,,2.040466785430908,2.040466785430908,,,,
252,1767,,,1.8092284202575684,,1.8045812845230103,1.8045812845230103,,,,
252,1768,,,1.8002475500106812,,1.7955995798110962,1.7955995798110962,,,,
252,1769,,,1.9052678346633911,,1.9006190299987793,1.9006190299987793,,,,
252,1770,,,2.045736074447632,,2.0410866737365723,2.0410866737365723,,,,
,252,,,,,,,,,3.7294602394104004,3.7294602394104004
252,1770,,,,,,,3.7294602394104004,3.7294602394104004,,
252,1770,2.0864098072052,2.0910563468933105,,2.0864098072052,,,,,,
253,1771,,,1.9352233409881592,,1.9305731058120728,1.9305731058120728,,,,
253,1772,,,2.066420793533325,,2.061769723892212,2.061769723892212,,,,
253,1773,,,2.9198131561279297,,2.9151611328125,2.9151611328125,,,,
253,1774,,,1.901582956314087,,1.8969299793243408,1.8969299793243408,,,,
253,1775,,,2.1019227504730225,,2.09726881980896,2.09726881980896,,,,
253,1776,,,1.6759549379348755,,1.6713002920150757,1.6713002920150757,,,,
253,1777,,,1.7216026782989502,,1.7169471979141235,1.7169471979141235,,,,
,253,,,,,,,,,3.700882911682129,3.700882911682129
253,1777,,,,,,,3.700883150100708,3.700883150100708,,
253,1777,2.073232650756836,2.077885389328003,,2.073232650756836,,,,,,
254,1778,,,1.9305224418640137,,1.9258662462234497,1.9258662462234497,,,,
254,1779,,,2.0557634830474854,,2.0511064529418945,2.0511064529418945,,,,
254,1780,,,1.3888198137283325,,1.3841619491577148,1.3841619491577148,,,,
254,1781,,,1.9832106828689575,,1.9785518646240234,1.9785518646240234,,,,
254,1782,,,2.1281144618988037,,2.1234548091888428,2.1234548091888428,,,,
254,1783,,,2.733858346939087,,2.7291977405548096,2.7291977405548096,,,,
254,1784,,,2.5148823261260986,,2.510221004486084,2.510221004486084,,,,
,254,,,,,,,,,3.689873456954956,3.689873456954956
254,1784,,,,,,,3.689873456954956,3.689873456954956,,
254,1784,2.0601837635040283,2.064842462539673,,2.0601837635040283,,,,,,
255,1785,,,1.6554768085479736,,1.6508150100708008,1.6508150100708008,,,,
255,1786,,,2.6515097618103027,,2.6468470096588135,2.6468470096588135,,,,
255,1787,,,2.0886189937591553,,2.0839552879333496,2.0839552879333496,,,,
255,1788,,,1.5615181922912598,,1.5568537712097168,1.5568537712097168,,,,
255,1789,,,1.9515774250030518,,1.946912169456482,1.946912169456482,,,,
255,1790,,,2.504678249359131,,2.500012159347534,2.500012159347534,,,,
255,1791,,,1.8051302433013916,,1.8004634380340576,1.8004634380340576,,,,
,255,,,,,,,,,3.6848413944244385,3.6848413944244385
255,1791,,,,,,,3.6848413944244385,3.6848413944244385,,
255,1791,2.0487167835235596,2.0533809661865234,,2.0487167835235596,,,,,,
256,1792,,,1.310700535774231,,1.3060331344604492,1.3060331344604492,,,,
256,1793,,,2.138551712036133,,2.1338837146759033,2.1338837146759033,,,,
256,1794,,,1.723842740058899,,1.7191739082336426,1.7191739082336426,,,,
256,1795,,,2.190755605697632,,2.1860859394073486,2.1860859394073486,,,,
256,1796,,,2.313532829284668,,2.3088626861572266,2.3088626861572266,,,,
256,1797,,,2.362041711807251,,2.357370376586914,2.357370376586914,,,,
256,1798,,,2.5860068798065186,,2.5813345909118652,2.5813345909118652,,,,
,256,,,,,,,,,3.700641632080078,3.700641632080078
256,1798,,,,,,,3.700641632080078,3.700641632080078,,
256,1798,2.0359859466552734,2.0406551361083984,,2.0359859466552734,,,,,,
257,1799,,,2.959282398223877,,2.9546096324920654,2.9546096324920654,,,,
257,1800,,,1.0893796682357788,,1.0847059488296509,1.0847059488296509,,,,
257,1801,,,1.999267339706421,,1.9945929050445557,1.9945929050445557,,,,
257,1802,,,1.968588948249817,,1.9639136791229248,1.9639136791229248,,,,
257,1803,,,2.4102365970611572,,2.4055604934692383,2.4055604934692383,,,,
257,1804,,,1.543068528175354,,1.5383915901184082,1.5383915901184082,,,,
257,1805,,,2.5994873046875,,2.5948095321655273,2.5948095321655273,,,,
,257,,,,,,,,,3.6930487155914307,3.6930487155914307
257,1805,,,,,,,3.6930487155914307,3.6930487155914307,,
257,1805,2.025855302810669,2.0305304527282715,,2.025855302810669,,,,,,
258,1806,,,1.8001796007156372,,1.7955012321472168,1.7955012321472168,,,,
258,1807,,,1.7686249017715454,,1.7639460563659668,1.7639460563659668,,,,
258,1808,,,2.3553082942962646,,2.3506288528442383,2.3506288528442383,,,,
258,1809,,,2.7131078243255615,,2.7084271907806396,2.7084271907806396,,,,
258,1810,,,2.513312816619873,,2.5086312294006348,2.5086312294006348,,,,
258,1811,,,1.3465747833251953,,1.3418923616409302,1.3418923616409302,,,,
258,1812,,,1.0075116157531738,,1.002828598022461,1.002828598022461,,,,
,258,,,,,,,,,3.6104815006256104,3.6104815006256104
258,1812,,,,,,,3.6104815006256104,3.6104815006256104,,
258,1812,2.014915704727173,2.0195960998535156,,2.014915704727173,,,,,,
259,1813,,,1.8264069557189941,,1.8217229843139648,1.8217229843139648,,,,
259,1814,,,1.14940345287323,,1.1447190046310425,1.1447190046310425,,,,
259,1815,,,2.0285000801086426,,2.0238146781921387,2.0238146781921387,,,,
259,1816,,,2.268970012664795,,2.2642836570739746,2.2642836570739746,,,,
259,1817,,,2.9981672763824463,,2.9934799671173096,2.9934799671173096,,,,
259,1818,,,1.8998513221740723,,1.8951631784439087,1.8951631784439087,,,,
259,1819,,,1.6931822299957275,,1.6884933710098267,1.6884933710098267,,,,
,259,,,,,,,,,3.5386643409729004,3.5386643409729004
259,1819,,,,,,,3.5386643409729004,3.5386643409729004,,
259,1819,2.004136323928833,2.008822202682495,,2.004136323928833,,,,,,
260,1820,,,2.199506998062134,,2.194817304611206,2.194817304611206,,,,
260,1821,,,1.5839548110961914,,1.5792644023895264,1.5792644023895264,,,,
260,1822,,,2.06825590133667,,2.0635647773742676,2.0635647773742676,,,,
260,1823,,,2.1323180198669434,,2.1276259422302246,2.1276259422302246,,,,
260,1824,,,2.4907867908477783,,2.486093521118164,2.486093521118164,,,,
260,1825,,,1.6388472318649292,,1.6341532468795776,1.6341532468795776,,,,
260,1826,,,1.6133347749710083,,1.608640193939209,1.608640193939209,,,,
,260,,,,,,,,,3.503995180130005,3.503995180130005
260,1826,,,,,,,3.503995180130005,3.503995180130005,,
260,1826,1.9903936386108398,1.995085597038269,,1.9903936386108398,,,,,,
261,1827,,,2.1034271717071533,,2.0987319946289062,2.0987319946289062,,,,
261,1828,,,1.8842648267745972,,1.8795685768127441,1.8795685768127441,,,,
261,1829,,,2.096090078353882,,2.091392755508423,2.091392755508423,,,,
261,1830,,,1.9271188974380493,,1.9224209785461426,1.9224209785461426,,,,
261,1831,,,2.2936487197875977,,2.288949966430664,2.288949966430664,,,,
261,1832,,,1.5495787858963013,,1.5448791980743408,1.5448791980743408,,,,
261,1833,,,2.0288379192352295,,2.0241377353668213,2.0241377353668213,,,,
,261,,,,,,,,,3.466754913330078,3.466754913330078
261,1833,,,,,,,3.466754913330078,3.466754913330078,,
261,1833,1.9741169214248657,1.9788144826889038,,1.9741169214248657,,,,,,
262,1834,,,2.9583044052124023,,2.953603506088257,2.953603506088257,,,,
262,1835,,,1.6439611911773682,,1.6392593383789062,1.6392593383789062,,,,
262,1836,,,1.9240410327911377,,1.919338345527649,1.919338345527649,,,,
262,1837,,,1.9124956130981445,,1.9077922105789185,1.9077922105789185,,,,
262,1838,,,1.5830050706863403,,1.5783008337020874,1.5783008337020874,,,,
262,1839,,,1.6553603410720825,,1.6506553888320923,1.6506553888320923,,,,
262,1840,,,2.267112970352173,,2.262407064437866,2.262407064437866,,,,
,262,,,,,,,,,3.451845407485962,3.451845407485962
262,1840,,,,,,,3.451845407485962,3.451845407485962,,
262,1840,1.9603689908981323,1.9650720357894897,,1.9603689908981323,,,,,,
263,1841,,,2.0086612701416016,,2.0039546489715576,2.0039546489715576,,,,
263,1842,,,2.293917179107666,,2.2892098426818848,2.2892098426818848,,,,
263,1843,,,1.8032724857330322,,1.7985643148422241,1.7985643148422241,,,,
263,1844,,,2.153364658355713,,2.148655652999878,2.148655652999878,,,,
263,1845,,,1.7364474534988403,,1.731737732887268,1.731737732887268,,,,
263,1846,,,2.119734048843384,,2.115023612976074,2.115023612976074,,,,
263,1847,,,0.9213680028915405,,0.9166564345359802,0.9166564345359802,,,,
,263,,,,,,,,,3.405830144882202,3.405830144882202
263,1847,,,,,,,3.405830144882202,3.405830144882202,,
263,1847,1.9499439001083374,1.9546526670455933,,1.9499439001083374,,,,,,
264,1848,,,1.1762641668319702,,1.1715518236160278,1.1715518236160278,,,,
264,1849,,,2.2297918796539307,,2.22507905960083,2.22507905960083,,,,
264,1850,,,1.4549208879470825,,1.450207233428955,1.450207233428955,,,,
264,1851,,,2.175762891769409,,2.171048164367676,2.171048164367676,,,,
264,1852,,,2.323495864868164,,2.3187801837921143,2.3187801837921143,,,,
264,1853,,,2.060333251953125,,2.055616617202759,2.055616617202759,,,,
264,1854,,,2.570066452026367,,2.5653491020202637,2.5653491020202637,,,,
,264,,,,,,,,,3.401266098022461,3.401266098022461
264,1854,,,,,,,3.401266098022461,3.401266098022461,,
264,1854,1.9379276037216187,1.942642092704773,,1.9379276037216187,,,,,,
265,1855,,,2.360933303833008,,2.356215238571167,2.356215238571167,,,,
265,1856,,,1.8351871967315674,,1.8304685354232788,1.8304685354232788,,,,
265,1857,,,1.9965697526931763,,1.9918502569198608,1.9918502569198608,,,,
265,1858,,,2.0581321716308594,,2.0534119606018066,2.0534119606018066,,,,
265,1859,,,2.3049707412719727,,2.3002498149871826,2.3002498149871826,,,,
265,1860,,,1.4197611808776855,,1.4150390625,1.4150390625,,,,
265,1861,,,0.9228418469429016,,0.918118953704834,0.918118953704834,,,,
,265,,,,,,,,,3.4117186069488525,3.4117186069488525
265,1861,,,,,,,3.4117186069488525,3.4117186069488525,,
265,1861,1.928083062171936,1.9328030347824097,,1.928083062171936,,,,,,
266,1862,,,2.155195951461792,,2.150472402572632,2.150472402572632,,,,
266,1863,,,1.8858563899993896,,1.881131887435913,1.881131887435913,,,,
266,1864,,,2.4195995330810547,,2.414874315261841,2.414874315261841,,,,
266,1865,,,1.9134424924850464,,1.9087164402008057,1.9087164402008057,,,,
266,1866,,,1.366657018661499,,1.361930012702942,1.361930012702942,,,,
266,1867,,,1.622182011604309,,1.6174542903900146,1.6174542903900146,,,,
266,1868,,,2.341642379760742,,2.336913824081421,2.336913824081421,,,,
,266,,,,,,,,,3.375474452972412,3.375474452972412
266,1868,,,,,,,3.375474452972412,3.375474452972412,,
266,1868,1.9154387712478638,1.9201644659042358,,1.9154387712478638,,,,,,
267,1869,,,1.617483377456665,,1.612753987312317,1.612753987312317,,,,
267,1870,,,1.9333696365356445,,1.9286394119262695,1.9286394119262695,,,,
267,1871,,,1.9895278215408325,,1.9847965240478516,1.9847965240478516,,,,
267,1872,,,1.8372787237167358,,1.8325467109680176,1.8325467109680176,,,,
267,1873,,,2.2110702991485596,,2.2063376903533936,2.2063376903533936,,,,
267,1874,,,2.2579779624938965,,2.253244638442993,2.253244638442993,,,,
267,1875,,,0.8646610975265503,,0.8599267601966858,0.8599267601966858,,,,
,267,,,,,,,,,3.3082964420318604,3.3082964420318604
267,1875,,,,,,,3.3082964420318604,3.3082964420318604,,
267,1875,1.904437780380249,1.9091696739196777,,1.904437780380249,,,,,,
268,1876,,,2.0926225185394287,,2.0878872871398926,2.0878872871398926,,,,
268,1877,,,1.5419201850891113,,1.537184238433838,1.537184238433838,,,,
268,1878,,,2.1906638145446777,,2.185927152633667,2.185927152633667,,,,
268,1879,,,1.9622007608413696,,1.957463264465332,1.957463264465332,,,,
268,1880,,,1.3986188173294067,,1.3938803672790527,1.3938803672790527,,,,
268,1881,,,2.6648409366607666,,2.660101890563965,2.660101890563965,,,,
268,1882,,,0.6732024550437927,,0.6684624552726746,0.6684624552726746,,,,
,268,,,,,,,,,3.238881826400757,3.238881826400757
268,1882,,,,,,,3.238881826400757,3.238881826400757,,
268,1882,1.8938223123550415,1.8985596895217896,,1.8938223123550415,,,,,,
269,1883,,,2.104679822921753,,2.0999391078948975,2.0999391078948975,,,,
269,1884,,,1.8312000036239624,,1.82645845413208,1.82645845413208,,,,
269,1885,,,1.0909584760665894,,1.0862159729003906,1.0862159729003906,,,,
269,1886,,,2.0692641735076904,,2.064520835876465,2.064520835876465,,,,
269,1887,,,1.5977877378463745,,1.593043565750122,1.593043565750122,,,,
269,1888,,,2.021827220916748,,2.017082452774048,2.017082452774048,,,,
269,1889,,,3.5675623416900635,,3.562816858291626,3.562816858291626,,,,
,269,,,,,,,,,3.2172889709472656,3.2172889709472656
269,1889,,,,,,,3.2172889709472656,3.2172889709472656,,
269,1889,1.8860104084014893,1.8907535076141357,,1.8860104084014893,,,,,,
270,1890,,,1.6189786195755005,,1.6142324209213257,1.6142324209213257,,,,
270,1891,,,2.1962130069732666,,2.1914660930633545,2.1914660930633545,,,,
270,1892,,,2.2255163192749023,,2.220768928527832,2.220768928527832,,,,
270,1893,,,2.2212963104248047,,2.216547966003418,2.216547966003418,,,,
270,1894,,,1.9264883995056152,,1.921739101409912,1.921739101409912,,,,
270,1895,,,0.943234384059906,,0.938484251499176,0.938484251499176,,,,
270,1896,,,2.289250612258911,,2.2844998836517334,2.2844998836517334,,,,
,270,,,,,,,,,3.234692096710205,3.234692096710205
270,1896,,,,,,,3.234692096710205,3.234692096710205,,
270,1896,1.8760669231414795,1.8808152675628662,,1.8760669231414795,,,,,,
271,1897,,,1.7440414428710938,,1.7392897605895996,1.7392897605895996,,,,
271,1898,,,1.9558348655700684,,1.9510823488235474,1.9510823488235474,,,,
271,1899,,,1.6695750951766968,,1.664821982383728,1.664821982383728,,,,
271,1900,,,1.664872407913208,,1.6601186990737915,1.6601186990737915,,,,
271,1901,,,2.5392236709594727,,2.5344693660736084,2.5344693660736084,,,,
271,1902,,,1.8144140243530273,,1.8096586465835571,1.8096586465835571,,,,
271,1903,,,1.4198378324508667,,1.4150816202163696,1.4150816202163696,,,,
,271,,,,,,,,,3.183441162109375,3.183441162109375
271,1903,,,,,,,3.183441162109375,3.183441162109375,,
271,1903,1.8651132583618164,1.8698667287826538,,1.8651132583618164,,,,,,
272,1904,,,1.7421501874923706,,1.7373929023742676,1.7373929023742676,,,,
272,1905,,,2.1267101764678955,,2.1219520568847656,2.1219520568847656,,,,
272,1906,,,1.0182119607925415,,1.0134530067443848,1.0134530067443848,,,,
272,1907,,,1.808853268623352,,1.8040937185287476,1.8040937185287476,,,,
272,1908,,,2.2154650688171387,,2.2107045650482178,2.2107045650482178,,,,
272,1909,,,2.5501909255981445,,2.5454297065734863,2.5454297065734863,,,,
272,1910,,,1.020613670349121,,1.015851616859436,1.015851616859436,,,,
,272,,,,,,,,,3.099893569946289,3.099893569946289
272,1910,,,,,,,3.099893569946289,3.099893569946289,,
272,1910,1.853171706199646,1.8579312562942505,,1.853171706199646,,,,,,
273,1911,,,1.796472191810608,,1.791709303855896,1.791709303855896,,,,
273,1912,,,1.6445574760437012,,1.6397936344146729,1.6397936344146729,,,,
273,1913,,,1.6126431226730347,,1.6078786849975586,1.6078786849975586,,,,
273,1914,,,2.298983573913574,,2.2942185401916504,2.2942185401916504,,,,
273,1915,,,1.601975440979004,,1.5972096920013428,1.5972096920013428,,,,
273,1916,,,2.217902421951294,,2.2131359577178955,2.2131359577178955,,,,
273,1917,,,1.6085695028305054,,1.603801965713501,1.603801965713501,,,,
,273,,,,,,,,,3.06721568107605,3.06721568107605
273,1917,,,,,,,3.06721568107605,3.06721568107605,,
273,1917,1.8424112796783447,1.8471760749816895,,1.8424112796783447,,,,,,
274,1918,,,1.1558194160461426,,1.1510509252548218,1.1510509252548218,,,,
274,1919,,,1.8920767307281494,,1.8873076438903809,1.8873076438903809,,,,
274,1920,,,2.7016890048980713,,2.6969192028045654,2.6969192028045654,,,,
274,1921,,,2.239013671875,,2.234243154525757,2.234243154525757,,,,
274,1922,,,1.968291163444519,,1.9635196924209595,1.9635196924209595,,,,
274,1923,,,1.1215296983718872,,1.1167573928833008,1.1167573928833008,,,,
274,1924,,,1.674315094947815,,1.6695420742034912,1.6695420742034912,,,,
,274,,,,,,,,,2.9973273277282715,2.9973273277282715
274,1924,,,,,,,2.9973273277282715,2.9973273277282715,,
274,1924,1.8315101861953735,1.836280345916748,,1.8315101861953735,,,,,,
275,1925,,,1.9890836477279663,,1.984309434890747,1.984309434890747,,,,
275,1926,,,1.865055799484253,,1.8602808713912964,1.8602808713912964,,,,
275,1927,,,1.3307565450668335,,1.3259809017181396,1.3259809017181396,,,,
275,1928,,,1.6119965314865112,,1.6072200536727905,1.6072200536727905,,,,
275,1929,,,1.444224238395691,,1.439447045326233,1.439447045326233,,,,
275,1930,,,2.450533151626587,,2.4457550048828125,2.4457550048828125,,,,
275,1931,,,2.508671522140503,,2.503892660140991,2.503892660140991,,,,
,275,,,,,,,,,2.937164783477783,2.937164783477783
275,1931,,,,,,,2.937164783477783,2.937164783477783,,
275,1931,1.8199142217636108,1.8246904611587524,,1.8199142217636108,,,,,,
276,1932,,,1.9345647096633911,,1.9297847747802734,1.9297847747802734,,,,
276,1933,,,1.893013596534729,,1.8882328271865845,1.8882328271865845,,,,
276,1934,,,2.040132999420166,,2.035351514816284,2.035351514816284,,,,
276,1935,,,2.4367382526397705,,2.4319558143615723,2.4319558143615723,,,,
276,1936,,,1.5245871543884277,,1.519803762435913,1.519803762435913,,,,
276,1937,,,1.4218190908432007,,1.4170348644256592,1.4170348644256592,,,,
276,1938,,,0.855583667755127,,0.8507989048957825,0.8507989048957825,,,,
,276,,,,,,,,,2.920189142227173,2.920189142227173
276,1938,,,,,,,2.920189142227173,2.920189142227173,,
276,1938,1.810386300086975,1.8151684999465942,,1.810386300086975,,,,,,
277,1939,,,1.3427464962005615,,1.337960958480835,1.337960958480835,,,,
277,1940,,,1.8099130392074585,,1.8051267862319946,1.8051267862319946,,,,
277,1941,,,2.102923631668091,,2.0981364250183105,2.0981364250183105,,,,
277,1942,,,1.208103895187378,,1.2033159732818604,1.2033159732818604,,,,
277,1943,,,2.246262550354004,,2.241473913192749,2.241473913192749,,,,
277,1944,,,2.1051385402679443,,2.1003494262695312,2.1003494262695312,,,,
277,1945,,,1.85721755027771,,1.8524274826049805,1.8524274826049805,,,,
,277,,,,,,,,,2.9303598403930664,2.9303598403930664
277,1945,,,,,,,2.9303600788116455,2.9303600788116455,,
277,1945,1.8009449243545532,1.8057326078414917,,1.8009449243545532,,,,,,
278,1946,,,2.5470802783966064,,2.5422894954681396,2.5422894954681396,,,,
278,1947,,,2.5785574913024902,,2.573765993118286,2.573765993118286,,,,
278,1948,,,1.3735030889511108,,1.368710994720459,1.368710994720459,,,,
278,1949,,,1.068152904510498,,1.0633599758148193,1.0633599758148193,,,,
278,1950,,,1.5780911445617676,,1.5732975006103516,1.5732975006103516,,,,
278,1951,,,1.5764356851577759,,1.571641206741333,1.571641206741333,,,,
278,1952,,,1.9192456007003784,,1.9144505262374878,1.9144505262374878,,,,
,278,,,,,,,,,2.9299798011779785,2.9299798011779785
278,1952,,,,,,,2.9299798011779785,2.9299798011779785,,
278,1952,1.7899582386016846,1.7947511672973633,,1.7899582386016846,,,,,,
279,1953,,,1.445873498916626,,1.441077470779419,1.441077470779419,,,,
279,1954,,,1.706722378730774,,1.7019257545471191,1.7019257545471191,,,,
279,1955,,,2.1953563690185547,,2.190558910369873,2.190558910369873,,,,
279,1956,,,1.509872317314148,,1.5050737857818604,1.5050737857818604,,,,
279,1957,,,2.2519702911376953,,2.24717116355896,2.24717116355896,,,,
279,1958,,,1.8928112983703613,,1.8880113363265991,1.8880113363265991,,,,
279,1959,,,0.9259455800056458,,0.9211448431015015,0.9211448431015015,,,,
,279,,,,,,,,,2.92020583152771,2.92020583152771
279,1959,,,,,,,2.92020583152771,2.92020583152771,,
279,1959,1.7755682468414307,1.78036630153656,,1.7755682468414307,,,,,,
280,1960,,,2.090864419937134,,2.0860633850097656,2.0860633850097656,,,,
280,1961,,,2.1481716632843018,,2.143369674682617,2.143369674682617,,,,
280,1962,,,1.5166385173797607,,1.5118356943130493,1.5118356943130493,,,,
280,1963,,,1.6283286809921265,,1.6235251426696777,1.6235251426696777,,,,
280,1964,,,1.4958977699279785,,1.491093397140503,1.491093397140503,,,,
280,1965,,,1.3283476829528809,,1.3235427141189575,1.3235427141189575,,,,
280,1966,,,2.839289426803589,,2.8344836235046387,2.8344836235046387,,,,
,280,,,,,,,,,2.931062698364258,2.931062698364258
280,1966,,,,,,,2.931062698364258,2.931062698364258,,
280,1966,1.763507604598999,1.7683109045028687,,1.763507604598999,,,,,,
281,1967,,,1.6285449266433716,,1.6237387657165527,1.6237387657165527,,,,
281,1968,,,1.9666810035705566,,1.9618741273880005,1.9618741273880005,,,,
281,1969,,,1.9308526515960693,,1.9260449409484863,1.9260449409484863,,,,
281,1970,,,1.2085349559783936,,1.2037267684936523,1.2037267684936523,,,,
281,1971,,,1.751293420791626,,1.7464847564697266,1.7464847564697266,,,,
281,1972,,,1.4346745014190674,,1.4298650026321411,1.4298650026321411,,,,
281,1973,,,3.453979015350342,,3.4491684436798096,3.4491684436798096,,,,
,281,,,,,,,,,2.98516583442688,2.98516583442688
281,1973,,,,,,,2.98516583442688,2.98516583442688,,
281,1973,1.754536747932434,1.7593448162078857,,1.754536747932434,,,,,,
282,1974,,,1.9558513164520264,,1.9510401487350464,1.9510401487350464,,,,
282,1975,,,1.4239658117294312,,1.4191538095474243,1.4191538095474243,,,,
282,1976,,,2.8292298316955566,,2.8244171142578125,2.8244171142578125,,,,
282,1977,,,1.0148850679397583,,1.0100716352462769,1.0100716352462769,,,,
282,1978,,,1.4921495914459229,,1.4873353242874146,1.4873353242874146,,,,
282,1979,,,1.9102535247802734,,1.9054386615753174,1.9054386615753174,,,,
282,1980,,,1.3941987752914429,,1.3893831968307495,1.3893831968307495,,,,
,282,,,,,,,,,2.946178674697876,2.946178674697876
282,1980,,,,,,,2.946178674697876,2.946178674697876,,
282,1980,1.7440747022628784,1.7488877773284912,,1.7440747022628784,,,,,,
283,1981,,,1.828359603881836,,1.8235429525375366,1.8235429525375366,,,,
283,1982,,,2.246011734008789,,2.241194248199463,2.241194248199463,,,,
283,1983,,,2.043243169784546,,2.0384249687194824,2.0384249687194824,,,,
283,1984,,,1.4883263111114502,,1.4835071563720703,1.4835071563720703,,,,
283,1985,,,1.3573925495147705,,1.3525726795196533,1.3525726795196533,,,,
283,1986,,,1.6101772785186768,,1.6053565740585327,1.6053565740585327,,,,
283,1987,,,1.317957878112793,,1.3131365776062012,1.3131365776062012,,,,
,283,,,,,,,,,2.9130964279174805,2.9130964279174805
283,1987,,,,,,,2.9130961894989014,2.9130961894989014,,
283,1987,1.7312979698181152,1.7361167669296265,,1.7312979698181152,,,,,,
284,1988,,,2.2765605449676514,,2.2717385292053223,2.2717385292053223,,,,
284,1989,,,2.2090837955474854,,2.204261064529419,2.204261064529419,,,,
284,1990,,,1.4151309728622437,,1.4103072881698608,1.4103072881698608,,,,
284,1991,,,1.3090077638626099,,1.3041831254959106,1.3041831254959106,,,,
284,1992,,,1.9833015203475952,,1.9784762859344482,1.9784762859344482,,,,
284,1993,,,1.1774733066558838,,1.17264723777771,1.17264723777771,,,,
284,1994,,,1.5974390506744385,,1.592612385749817,1.592612385749817,,,,
,284,,,,,,,,,2.88537335395813,2.88537335395813
284,1994,,,,,,,2.88537335395813,2.88537335395813,,
284,1994,1.7158970832824707,1.7207212448120117,,1.7158970832824707,,,,,,
285,1995,,,2.6075408458709717,,2.6027135848999023,2.6027135848999023,,,,
285,1996,,,1.2260221242904663,,1.2211941480636597,1.2211941480636597,,,,
285,1997,,,1.4624396562576294,,1.457611083984375,1.457611083984375,,,,
285,1998,,,1.9474904537200928,,1.942661166191101,1.942661166191101,,,,
285,1999,,,1.3180351257324219,,1.3132048845291138,1.3132048845291138,,,,
285,2000,,,1.863228678703308,,1.8583978414535522,1.8583978414535522,,,,
285,2001,,,1.2379668951034546,,1.2331352233886719,1.2331352233886719,,,,
,285,,,,,,,,,2.8510944843292236,2.8510944843292236
285,2001,,,,,,,2.8510944843292236,2.8510944843292236,,
285,2001,1.7032482624053955,1.7080775499343872,,1.7032482624053955,,,,,,
286,2002,,,1.1541273593902588,,1.1492949724197388,1.1492949724197388,,,,
286,2003,,,2.528843402862549,,2.524010419845581,2.524010419845581,,,,
286,2004,,,1.0600855350494385,,1.0552517175674438,1.0552517175674438,,,,
286,2005,,,1.5173429250717163,,1.5125082731246948,1.5125082731246948,,,,
286,2006,,,1.4200270175933838,,1.415191650390625,1.415191650390625,,,,
286,2007,,,2.59342622756958,,2.588590145111084,2.588590145111084,,,,
286,2008,,,1.4771180152893066,,1.4722812175750732,1.4722812175750732,,,,
,286,,,,,,,,,2.8235769271850586,2.8235769271850586
286,2008,,,,,,,2.8235766887664795,2.8235766887664795,,
286,2008,1.6936397552490234,1.6984740495681763,,1.6936397552490234,,,,,,
287,2009,,,2.0453882217407227,,2.040550708770752,2.040550708770752,,,,
287,2010,,,1.2661592960357666,,1.2613210678100586,1.2613210678100586,,,,
287,2011,,,0.983932614326477,,0.9790937900543213,0.9790937900543213,,,,
287,2012,,,1.6238740682601929,,1.6190345287322998,1.6190345287322998,,,,
287,2013,,,1.7447729110717773,,1.7399327754974365,1.7399327754974365,,,,
287,2014,,,2.175321340560913,,2.170480251312256,2.170480251312256,,,,
287,2015,,,2.4741523265838623,,2.4693102836608887,2.4693102836608887,,,,
,287,,,,,,,,,2.815603494644165,2.815603494644165
287,2015,,,,,,,2.815603494644165,2.815603494644165,,
287,2015,1.6841418743133545,1.688981294631958,,1.6841418743133545,,,,,,
288,2016,,,1.7935214042663574,,1.788678765296936,1.788678765296936,,,,
288,2017,,,1.697238802909851,,1.6923953294754028,1.6923953294754028,,,,
288,2018,,,1.7260173559188843,,1.7211732864379883,1.7211732864379883,,,,
288,2019,,,1.7395317554473877,,1.7346868515014648,1.7346868515014648,,,,
288,2020,,,2.2851126194000244,,2.2802672386169434,2.2802672386169434,,,,
288,2021,,,0.9440745711326599,,0.9392281770706177,0.9392281770706177,,,,
288,2022,,,1.387170672416687,,1.3823235034942627,1.3823235034942627,,,,
,288,,,,,,,,,2.7940986156463623,2.7940986156463623
288,2022,,,,,,,2.7940986156463623,2.7940986156463623,,
288,2022,1.674478530883789,1.6793231964111328,,1.674478530883789,,,,,,
289,2023,,,1.7703025341033936,,1.7654545307159424,1.7654545307159424,,,,
289,2024,,,1.1957789659500122,,1.1909301280975342,1.1909301280975342,,,,
289,2025,,,2.0225889682769775,,2.0177395343780518,2.0177395343780518,,,,
289,2026,,,1.7440241575241089,,1.7391737699508667,1.7391737699508667,,,,
289,2027,,,1.5939548015594482,,1.5891036987304688,1.5891036987304688,,,,
289,2028,,,1.0935821533203125,,1.0887302160263062,1.0887302160263062,,,,
289,2029,,,3.1907529830932617,,3.1859002113342285,3.1859002113342285,,,,
,289,,,,,,,,,2.790334939956665,2.790334939956665
289,2029,,,,,,,2.790334939956665,2.790334939956665,,
289,2029,1.660524606704712,1.665374755859375,,1.660524606704712,,,,,,
290,2030,,,1.330754041671753,,1.325900673866272,1.325900673866272,,,,
290,2031,,,2.1385371685028076,,2.133683204650879,2.133683204650879,,,,
290,2032,,,2.042917251586914,,2.038062572479248,2.038062572479248,,,,
290,2033,,,1.5968124866485596,,1.5919569730758667,1.5919569730758667,,,,
290,2034,,,1.2432109117507935,,1.2383546829223633,1.2383546829223633,,,,
290,2035,,,1.7604728937149048,,1.7556158304214478,1.7556158304214478,,,,
290,2036,,,1.1716352701187134,,1.166777491569519,1.166777491569519,,,,
,290,,,,,,,,,2.787196159362793,2.787196159362793
290,2036,,,,,,,2.787195920944214,2.787195920944214,,
290,2036,1.6503711938858032,1.655226469039917,,1.6503711938858032,,,,,,
291,2037,,,1.633747935295105,,1.6288893222808838,1.6288893222808838,,,,
291,2038,,,0.9479047656059265,,0.9430451393127441,0.9430451393127441,,,,
291,2039,,,2.107382297515869,,2.102522134780884,2.102522134780884,,,,
291,2040,,,1.47529935836792,,1.4704383611679077,1.4704383611679077,,,,
291,2041,,,1.7280752658843994,,1.7232134342193604,1.7232134342193604,,,,
291,2042,,,1.9457387924194336,,1.9408761262893677,1.9408761262893677,,,,
291,2043,,,1.7438275814056396,,1.738964319229126,1.738964319229126,,,,
,291,,,,,,,,,2.781454086303711,2.781454086303711
291,2043,,,,,,,2.781454086303711,2.781454086303711,,
291,2043,1.6409564018249512,1.6458170413970947,,1.6409564018249512,,,,,,
292,2044,,,1.9919391870498657,,1.9870752096176147,1.9870752096176147,,,,
292,2045,,,1.1381689310073853,,1.133304238319397,1.133304238319397,,,,
292,2046,,,1.3077489137649536,,1.3028836250305176,1.3028836250305176,,,,
292,2047,,,1.5887176990509033,,1.5838514566421509,1.5838514566421509,,,,
292,2048,,,1.6674213409423828,,1.6625542640686035,1.6625542640686035,,,,
292,2049,,,2.205193281173706,,2.2003254890441895,2.2003254890441895,,,,
292,2050,,,1.3537510633468628,,1.3488825559616089,1.3488825559616089,,,,
,292,,,,,,,,,2.7706356048583984,2.7706356048583984
292,2050,,,,,,,2.7706356048583984,2.7706356048583984,,
292,2050,1.6275804042816162,1.6324466466903687,,1.6275804042816162,,,,,,
293,2051,,,1.4357542991638184,,1.4308849573135376,1.4308849573135376,,,,
293,2052,,,1.6736702919006348,,1.6688001155853271,1.6688001155853271,,,,
293,2053,,,1.569964051246643,,1.5650931596755981,1.5650931596755981,,,,
293,2054,,,1.3048255443572998,,1.2999539375305176,1.2999539375305176,,,,
293,2055,,,2.3128092288970947,,2.307936906814575,2.307936906814575,,,,
293,2056,,,1.1656237840652466,,1.1607507467269897,1.1607507467269897,,,,
293,2057,,,2.3379549980163574,,2.333081007003784,2.333081007003784,,,,
,293,,,,,,,,,2.756650447845459,2.756650447845459
293,2057,,,,,,,2.756650447845459,2.756650447845459,,
293,2057,1.6169921159744263,1.6218633651733398,,1.6169921159744263,,,,,,
294,2058,,,1.9064446687698364,,1.9015698432922363,1.9015698432922363,,,,
294,2059,,,1.5409950017929077,,1.5361192226409912,1.5361192226409912,,,,
294,2060,,,1.561501145362854,,1.5566245317459106,1.5566245317459106,,,,
294,2061,,,1.123260259628296,,1.1183828115463257,1.1183828115463257,,,,
294,2062,,,1.7384907007217407,,1.7336125373840332,1.7336125373840332,,,,
294,2063,,,1.7243218421936035,,1.7194428443908691,1.7194428443908691,,,,
294,2064,,,1.7938404083251953,,1.788960576057434,1.788960576057434,,,,
,294,,,,,,,,,2.739889144897461,2.739889144897461
294,2064,,,,,,,2.739889144897461,2.739889144897461,,
294,2064,1.6057430505752563,1.6106202602386475,,1.6057430505752563,,,,,,
295,2065,,,2.054408550262451,,2.049528121948242,2.049528121948242,,,,
295,2066,,,1.1123123168945312,,1.107431173324585,1.107431173324585,,,,
295,2067,,,1.647630214691162,,1.6427481174468994,1.6427481174468994,,,,
295,2068,,,1.9364086389541626,,1.9315258264541626,1.9315258264541626,,,,
295,2069,,,1.4574949741363525,,1.4526114463806152,1.4526114463806152,,,,
295,2070,,,1.492418885231018,,1.4875346422195435,1.4875346422195435,,,,
295,2071,,,1.34748375415802,,1.342598795890808,1.342598795890808,,,,
,295,,,,,,,,,2.691939115524292,2.691939115524292
295,2071,,,,,,,2.691939115524292,2.691939115524292,,
295,2071,1.5960553884506226,1.600938081741333,,1.5960553884506226,,,,,,
296,2072,,,1.3925355672836304,,1.387649655342102,1.387649655342102,,,,
296,2073,,,1.268491268157959,,1.2636045217514038,1.2636045217514038,,,,
296,2074,,,1.89127516746521,,1.886387586593628,1.886387586593628,,,,
296,2075,,,2.0666658878326416,,2.0617775917053223,2.0617775917053223,,,,
296,2076,,,1.8622220754623413,,1.8573330640792847,1.8573330640792847,,,,
296,2077,,,1.3180185556411743,,1.3131287097930908,1.3131287097930908,,,,
296,2078,,,0.9089377522468567,,0.9040471315383911,0.9040471315383911,,,,
,296,,,,,,,,,2.6237761974334717,2.6237761974334717
296,2078,,,,,,,2.6237761974334717,2.6237761974334717,,
296,2078,1.585709571838379,1.5905977487564087,,1.585709571838379,,,,,,
297,2079,,,1.6040657758712769,,1.5991742610931396,1.5991742610931396,,,,
297,2080,,,1.2248057126998901,,1.2199132442474365,1.2199132442474365,,,,
297,2081,,,1.310597538948059,,1.3057044744491577,1.3057044744491577,,,,
297,2082,,,1.3433027267456055,,1.3384088277816772,1.3384088277816772,,,,
297,2083,,,1.2748479843139648,,1.2699533700942993,1.2699533700942993,,,,
297,2084,,,2.9268767833709717,,2.9219813346862793,2.9219813346862793,,,,
297,2085,,,1.0794199705123901,,1.074523687362671,1.074523687362671,,,,
,297,,,,,,,,,2.547053813934326,2.547053813934326
297,2085,,,,,,,2.547053813934326,2.547053813934326,,
297,2085,1.5777384042739868,1.582632064819336,,1.5777384042739868,,,,,,
298,2086,,,1.3499679565429688,,1.345070719718933,1.345070719718933,,,,
298,2087,,,1.5077279806137085,,1.502829909324646,1.502829909324646,,,,
298,2088,,,1.8578641414642334,,1.852965235710144,1.852965235710144,,,,
298,2089,,,1.5314717292785645,,1.5265719890594482,1.5265719890594482,,,,
298,2090,,,0.9051239490509033,,0.9002234935760498,0.9002234935760498,,,,
298,2091,,,2.121279239654541,,2.11637806892395,2.11637806892395,,,,
298,2092,,,2.0286104679107666,,2.0237085819244385,2.0237085819244385,,,,
,298,,,,,,,,,2.5094146728515625,2.5094146728515625
298,2092,,,,,,,2.5094146728515625,2.5094146728515625,,
298,2092,1.5690871477127075,1.573986530303955,,1.5690871477127075,,,,,,
299,2093,,,1.064002513885498,,1.059099793434143,1.059099793434143,,,,
299,2094,,,1.2949471473693848,,1.290043592453003,1.290043592453003,,,,
299,2095,,,1.1657500267028809,,1.1608457565307617,1.1608457565307617,,,,
299,2096,,,1.8284449577331543,,1.8235399723052979,1.8235399723052979,,,,
299,2097,,,2.0808932781219482,,2.0759875774383545,2.0759875774383545,,,,
299,2098,,,1.8655825853347778,,1.8606760501861572,1.8606760501861572,,,,
299,2099,,,1.8117494583129883,,1.8068420886993408,1.8068420886993408,,,,
,299,,,,,,,,,2.4757187366485596,2.4757187366485596
299,2099,,,,,,,2.4757187366485596,2.4757187366485596,,
299,2099,1.5604327917099,1.5653375387191772,,1.5604327917099,,,,,,
300,2100,,,2.21186900138855,,2.206961154937744,2.206961154937744,,,,
300,2101,,,1.5349924564361572,,1.5300836563110352,1.5300836563110352,,,,
300,2102,,,1.3929029703140259,,1.387993335723877,1.387993335723877,,,,
300,2103,,,1.3936599493026733,,1.388749599456787,1.388749599456787,,,,
300,2104,,,1.1769770383834839,,1.17206609249115,1.17206609249115,,,,
300,2105,,,1.6653310060501099,,1.6604193449020386,1.6604193449020386,,,,
300,2106,,,1.4702893495559692,,1.465376853942871,1.465376853942871,,,,
,300,,,,,,,,,2.4670891761779785,2.4670891761779785
300,2106,,,,,,,2.4670891761779785,2.4670891761779785,,
300,2106,1.5522807836532593,1.5571906566619873,,1.5522807836532593,,,,,,
301,2107,,,2.0904388427734375,,2.0855255126953125,2.0855255126953125,,,,
301,2108,,,1.7523205280303955,,1.7474066019058228,1.7474066019058228,,,,
301,2109,,,1.3992125988006592,,1.3942979574203491,1.3942979574203491,,,,
301,2110,,,0.7917599081993103,,0.7868446111679077,0.7868446111679077,,,,
301,2111,,,2.0121066570281982,,2.007190704345703,2.007190704345703,,,,
301,2112,,,1.0617009401321411,,1.05678391456604,1.05678391456604,,,,
301,2113,,,2.0310451984405518,,2.026127576828003,2.026127576828003,,,,
,301,,,,,,,,,2.4808261394500732,2.4808261394500732
301,2113,,,,,,,2.4808261394500732,2.4808261394500732,,
301,2113,1.54319167137146,1.5481067895889282,,1.54319167137146,,,,,,
302,2114,,,2.011249542236328,,2.006330966949463,2.006330966949463,,,,
302,2115,,,1.1196080446243286,,1.114688754081726,1.114688754081726,,,,
302,2116,,,1.3040223121643066,,1.2991021871566772,1.2991021871566772,,,,
302,2117,,,1.1645700931549072,,1.159649133682251,1.159649133682251,,,,
302,2118,,,2.013463258743286,,2.0085415840148926,2.0085415840148926,,,,
302,2119,,,1.8622016906738281,,1.8572791814804077,1.8572791814804077,,,,
302,2120,,,0.9222078919410706,,0.9172846078872681,0.9172846078872681,,,,
,302,,,,,,,,,2.4969849586486816,2.4969849586486816
302,2120,,,,,,,2.4969849586486816,2.4969849586486816,,
302,2120,1.5356193780899048,1.540540099143982,,1.5356193780899048,,,,,,
303,2121,,,1.644332766532898,,1.6394089460372925,1.6394089460372925,,,,
303,2122,,,1.6463404893875122,,1.641416072845459,1.641416072845459,,,,
303,2123,,,1.756795883178711,,1.7518706321716309,1.7518706321716309,,,,
303,2124,,,1.3553619384765625,,1.3504360914230347,1.3504360914230347,,,,
303,2125,,,1.4355233907699585,,1.4305967092514038,1.4305967092514038,,,,
303,2126,,,1.5591679811477661,,1.5542405843734741,1.5542405843734741,,,,
303,2127,,,0.9927157759666443,,0.987787663936615,0.987787663936615,,,,
,303,,,,,,,,,2.466851234436035,2.466851234436035
303,2127,,,,,,,2.4668514728546143,2.4668514728546143,,
303,2127,1.5275906324386597,1.532516360282898,,1.5275906324386597,,,,,,
304,2128,,,1.4918180704116821,,1.4868888854980469,1.4868888854980469,,,,
304,2129,,,1.6080527305603027,,1.6031229496002197,1.6031229496002197,,,,
304,2130,,,1.5791332721710205,,1.5742026567459106,1.5742026567459106,,,,
304,2131,,,1.1443111896514893,,1.1393799781799316,1.1393799781799316,,,,
304,2132,,,1.4223387241363525,,1.4174065589904785,1.4174065589904785,,,,
304,2133,,,2.0342297554016113,,2.029296636581421,2.029296636581421,,,,
304,2134,,,1.1764248609542847,,1.1714911460876465,1.1714911460876465,,,,
,304,,,,,,,,,2.4504568576812744,2.4504568576812744
304,2134,,,,,,,2.4504568576812744,2.4504568576812744,,
304,2134,1.519938349723816,1.5248693227767944,,1.519938349723816,,,,,,
305,2135,,,1.167772889137268,,1.162838339805603,1.162838339805603,,,,
305,2136,,,1.539189100265503,,1.5342539548873901,1.5342539548873901,,,,
305,2137,,,1.448066234588623,,1.4431301355361938,1.4431301355361938,,,,
305,2138,,,1.7808629274368286,,1.775926113128662,1.775926113128662,,,,
305,2139,,,1.4986066818237305,,1.4936689138412476,1.4936689138412476,,,,
305,2140,,,1.6423701047897339,,1.6374318599700928,1.6374318599700928,,,,
305,2141,,,1.545348882675171,,1.5404099225997925,1.5404099225997925,,,,
,305,,,,,,,,,2.435312509536743,2.435312509536743
305,2141,,,,,,,2.435312509536743,2.435312509536743,,
305,2141,1.5097888708114624,1.5147253274917603,,1.5097888708114624,,,,,,
306,2142,,,2.1253366470336914,,2.120396852493286,2.120396852493286,,,,
306,2143,,,1.5632163286209106,,1.558275580406189,1.558275580406189,,,,
306,2144,,,1.3699569702148438,,1.3650152683258057,1.3650152683258057,,,,
306,2145,,,1.7520085573196411,,1.7470660209655762,1.7470660209655762,,,,
306,2146,,,1.1568423509597778,,1.1518992185592651,1.1518992185592651,,,,
306,2147,,,0.8038325309753418,,0.7988886833190918,0.7988886833190918,,,,
306,2148,,,2.2429802417755127,,2.2380356788635254,2.2380356788635254,,,,
,306,,,,,,,,,2.454766035079956,2.454766035079956
306,2148,,,,,,,2.454766035079956,2.454766035079956,,
306,2148,1.5028713941574097,1.5078134536743164,,1.5028713941574097,,,,,,
307,2149,,,0.9298672080039978,,0.924921989440918,0.924921989440918,,,,
307,2150,,,2.0126802921295166,,2.007734537124634,2.007734537124634,,,,
307,2151,,,1.6101280450820923,,1.605181336402893,1.605181336402893,,,,
307,2152,,,1.151321291923523,,1.1463738679885864,1.1463738679885864,,,,
307,2153,,,1.7370550632476807,,1.7321068048477173,1.7321068048477173,,,,
307,2154,,,1.7482908964157104,,1.7433420419692993,1.7433420419692993,,,,
307,2155,,,0.9820737242698669,,0.9771239161491394,0.9771239161491394,,,,
,307,,,,,,,,,2.4856081008911133,2.4856081008911133
307,2155,,,,,,,2.4856083393096924,2.4856083393096924,,
307,2155,1.494287371635437,1.499234676361084,,1.494287371635437,,,,,,
308,2156,,,1.7164411544799805,,1.7114909887313843,1.7114909887313843,,,,
308,2157,,,1.4602588415145874,,1.4553078413009644,1.4553078413009644,,,,
308,2158,,,1.9440038204193115,,1.9390521049499512,1.9390521049499512,,,,
308,2159,,,1.4247705936431885,,1.4198181629180908,1.4198181629180908,,,,
308,2160,,,1.0130248069763184,,1.0080715417861938,1.0080715417861938,,,,
308,2161,,,0.8318427801132202,,0.8268887400627136,0.8268887400627136,,,,
308,2162,,,3.0076632499694824,,3.002708673477173,3.002708673477173,,,,
,308,,,,,,,,,2.47226881980896,2.47226881980896
308,2162,,,,,,,2.47226881980896,2.47226881980896,,
308,2162,1.4881011247634888,1.4930533170700073,,1.4881011247634888,,,,,,
309,2163,,,1.4520779848098755,,1.4471226930618286,1.4471226930618286,,,,
309,2164,,,1.4661599397659302,,1.461203932762146,1.461203932762146,,,,
309,2165,,,1.4382609128952026,,1.4333040714263916,1.4333040714263916,,,,
309,2166,,,1.021064043045044,,1.016106367111206,1.016106367111206,,,,
309,2167,,,1.6308660507202148,,1.6259078979492188,1.6259078979492188,,,,
309,2168,,,1.9222900867462158,,1.9173312187194824,1.9173312187194824,,,,
309,2169,,,1.4036269187927246,,1.398667335510254,1.398667335510254,,,,
,309,,,,,,,,,2.426985025405884,2.426985025405884
309,2169,,,,,,,2.426985025405884,2.426985025405884,,
309,2169,1.478506088256836,1.4834634065628052,,1.478506088256836,,,,,,
310,2170,,,1.6570242643356323,,1.6520637273788452,1.6520637273788452,,,,
310,2171,,,1.2898237705230713,,1.2848625183105469,1.2848625183105469,,,,
310,2172,,,1.6527661085128784,,1.6478039026260376,1.6478039026260376,,,,
310,2173,,,0.8873332738876343,,0.8823703527450562,0.8823703527450562,,,,
310,2174,,,1.66024911403656,,1.6552855968475342,1.6552855968475342,,,,
310,2175,,,1.8434505462646484,,1.8384864330291748,1.8384864330291748,,,,
310,2176,,,1.1141307353973389,,1.1091657876968384,1.1091657876968384,,,,
,310,,,,,,,,,2.386409044265747,2.386409044265747
310,2176,,,,,,,2.386409044265747,2.386409044265747,,
310,2176,1.470872163772583,1.4758347272872925,,1.470872163772583,,,,,,
311,2177,,,1.1960527896881104,,1.1910868883132935,1.1910868883132935,,,,
311,2178,,,0.947245717048645,,0.9422791004180908,0.9422791004180908,,,,
311,2179,,,1.3746929168701172,,1.3697257041931152,1.3697257041931152,,,,
311,2180,,,1.3773664236068726,,1.3723983764648438,1.3723983764648438,,,,
311,2181,,,2.361957550048828,,2.3569889068603516,2.3569889068603516,,,,
311,2182,,,1.5995452404022217,,1.5945756435394287,1.5945756435394287,,,,
311,2183,,,1.344490647315979,,1.3395203351974487,1.3395203351974487,,,,
,311,,,,,,,,,2.3666152954101562,2.3666152954101562
311,2183,,,,,,,2.3666152954101562,2.3666152954101562,,
311,2183,1.4634313583374023,1.468399167060852,,1.4634313583374023,,,,,,
312,2184,,,1.5713977813720703,,1.5664267539978027,1.5664267539978027,,,,
312,2185,,,1.2705937623977661,,1.2656221389770508,1.2656221389770508,,,,
312,2186,,,1.668020248413086,,1.6630477905273438,1.6630477905273438,,,,
312,2187,,,1.5002238750457764,,1.4952505826950073,1.4952505826950073,,,,
312,2188,,,1.2184479236602783,,1.2134737968444824,1.2134737968444824,,,,
312,2189,,,1.8601943254470825,,1.8552194833755493,1.8552194833755493,,,,
312,2190,,,0.5783852338790894,,0.5734097957611084,0.5734097957611084,,,,
,312,,,,,,,,,2.3408119678497314,2.3408119678497314
312,2190,,,,,,,2.3408119678497314,2.3408119678497314,,
312,2190,1.4547560214996338,1.4597289562225342,,1.4547560214996338,,,,,,
313,2191,,,1.6462172269821167,,1.6412410736083984,1.6412410736083984,,,,
313,2192,,,1.539723515510559,,1.534746527671814,1.534746527671814,,,,
313,2193,,,1.424320936203003,,1.4193432331085205,1.4193432331085205,,,,
313,2194,,,1.1050376892089844,,1.100059151649475,1.100059151649475,,,,
313,2195,,,1.1940146684646606,,1.1890356540679932,1.1890356540679932,,,,
313,2196,,,1.4588782787322998,,1.4538986682891846,1.4538986682891846,,,,
313,2197,,,2.3679707050323486,,2.362990140914917,2.362990140914917,,,,
,313,,,,,,,,,2.367420196533203,2.367420196533203
313,2197,,,,,,,2.367420196533203,2.367420196533203,,
313,2197,1.4469717741012573,1.4519500732421875,,1.4469717741012573,,,,,,
314,2198,,,1.438262701034546,,1.4332813024520874,1.4332813024520874,,,,
314,2199,,,1.3251593112945557,,1.3201773166656494,1.3201773166656494,,,,
314,2200,,,1.432664155960083,,1.42768132686615,1.42768132686615,,,,
314,2201,,,1.4942370653152466,,1.4892535209655762,1.4892535209655762,,,,
314,2202,,,1.5534906387329102,,1.548506259918213,1.548506259918213,,,,
314,2203,,,1.1471138000488281,,1.1421287059783936,1.1421287059783936,,,,
314,2204,,,2.1459295749664307,,2.140943765640259,2.140943765640259,,,,
,314,,,,,,,,,2.369663715362549,2.369663715362549
314,2204,,,,,,,2.369663715362549,2.369663715362549,,
314,2204,1.4374717473983765,1.4424550533294678,,1.4374717473983765,,,,,,
315,2205,,,1.4211890697479248,,1.4162023067474365,1.4162023067474365,,,,
315,2206,,,1.8118571043014526,,1.8068695068359375,1.8068695068359375,,,,
315,2207,,,1.5280126333236694,,1.5230244398117065,1.5230244398117065,,,,
315,2208,,,1.464342713356018,,1.4593539237976074,1.4593539237976074,,,,
315,2209,,,1.3783336877822876,,1.3733441829681396,1.3733441829681396,,,,
315,2210,,,1.0816216468811035,,1.0766313076019287,1.0766313076019287,,,,
315,2211,,,1.2553335428237915,,1.2503424882888794,1.2503424882888794,,,,
,315,,,,,,,,,2.3516201972961426,2.3516201972961426
315,2211,,,,,,,2.3516201972961426,2.3516201972961426,,
315,2211,1.4312634468078613,1.4362518787384033,,1.4312634468078613,,,,,,
316,2212,,,1.8321746587753296,,1.827182650566101,1.827182650566101,,,,
316,2213,,,1.253821611404419,,1.2488287687301636,1.2488287687301636,,,,
316,2214,,,1.406113624572754,,1.4011199474334717,1.4011199474334717,,,,
316,2215,,,1.276386022567749,,1.2713916301727295,1.2713916301727295,,,,
316,2216,,,1.3895386457443237,,1.3845436573028564,1.3845436573028564,,,,
316,2217,,,1.6641079187393188,,1.6591123342514038,1.6591123342514038,,,,
316,2218,,,0.7568007111549377,,0.7518042922019958,0.7518042922019958,,,,
,316,,,,,,,,,2.297067642211914,2.297067642211914
316,2218,,,,,,,2.297067642211914,2.297067642211914,,
316,2218,1.423388957977295,1.428383231163025,,1.423388957977295,,,,,,
317,2219,,,0.8535376191139221,,0.8485403656959534,0.8485403656959534,,,,
317,2220,,,1.1640387773513794,,1.1590408086776733,1.1590408086776733,,,,
317,2221,,,1.7882276773452759,,1.783228874206543,1.783228874206543,,,,
317,2222,,,1.0862562656402588,,1.081256628036499,1.081256628036499,,,,
317,2223,,,1.561293125152588,,1.5562927722930908,1.5562927722930908,,,,
317,2224,,,2.2667174339294434,,2.261716604232788,2.261716604232788,,,,
317,2225,,,0.8890097141265869,,0.8840080499649048,0.8840080499649048,,,,
,317,,,,,,,,,2.245842456817627,2.245842456817627
317,2225,,,,,,,2.245842456817627,2.245842456817627,,
317,2225,1.4151495695114136,1.4201489686965942,,1.4151495695114136,,,,,,
318,2226,,,1.1047356128692627,,1.0997333526611328,1.0997333526611328,,,,
318,2227,,,1.7502152919769287,,1.7452123165130615,1.7452123165130615,,,,
318,2228,,,1.730002522468567,,1.7249988317489624,1.7249988317489624,,,,
318,2229,,,1.2462025880813599,,1.241198182106018,1.241198182106018,,,,
318,2230,,,1.3838425874710083,,1.3788375854492188,1.3788375854492188,,,,
318,2231,,,1.379296898841858,,1.374291181564331,1.374291181564331,,,,
318,2232,,,1.0901587009429932,,1.0851523876190186,1.0851523876190186,,,,
,318,,,,,,,,,2.2180137634277344,2.2180137634277344
318,2232,,,,,,,2.2180137634277344,2.2180137634277344,,
318,2232,1.407247543334961,1.4122518301010132,,1.407247543334961,,,,,,
319,2233,,,1.25457763671875,,1.249570369720459,1.249570369720459,,,,
319,2234,,,1.6224324703216553,,1.6174246072769165,1.6174246072769165,,,,
319,2235,,,1.8088138103485107,,1.8038053512573242,1.8038053512573242,,,,
319,2236,,,1.0300558805465698,,1.0250465869903564,1.0250465869903564,,,,
319,2237,,,1.5418400764465332,,1.5368300676345825,1.5368300676345825,,,,
319,2238,,,1.375359296798706,,1.370348334312439,1.370348334312439,,,,
319,2239,,,0.8458384275436401,,0.8408268094062805,0.8408268094062805,,,,
,319,,,,,,,,,2.2131333351135254,2.2131333351135254
319,2239,,,,,,,2.2131333351135254,2.2131333351135254,,
319,2239,1.3989545106887817,1.4039636850357056,,1.3989545106887817,,,,,,
320,2240,,,1.6312347650527954,,1.626222848892212,1.626222848892212,,,,
320,2241,,,1.3451712131500244,,1.3401585817337036,1.3401585817337036,,,,
320,2242,,,1.5135005712509155,,1.5084872245788574,1.5084872245788574,,,,
320,2243,,,1.007082462310791,,1.0020684003829956,1.0020684003829956,,,,
320,2244,,,1.7508955001831055,,1.7458807229995728,1.7458807229995728,,,,
320,2245,,,0.9604447484016418,,0.9554293751716614,0.9554293751716614,,,,
320,2246,,,1.758555293083191,,1.7535393238067627,1.7535393238067627,,,,
,320,,,,,,,,,2.1975979804992676,2.1975979804992676
320,2246,,,,,,,2.1975979804992676,2.1975979804992676,,
320,2246,1.3860117197036743,1.391025424003601,,1.3860117197036743,,,,,,
321,2247,,,2.0179555416107178,,2.0129384994506836,2.0129384994506836,,,,
321,2248,,,1.8228676319122314,,1.81784987449646,1.81784987449646,,,,
321,2249,,,1.0658836364746094,,1.0608649253845215,1.0608649253845215,,,,
321,2250,,,0.6517780423164368,,0.6467585563659668,0.6467585563659668,,,,
321,2251,,,1.364911675453186,,1.359891653060913,1.359891653060913,,,,
321,2252,,,1.3557209968566895,,1.3507003784179688,1.3507003784179688,,,,
321,2253,,,1.3249602317810059,,1.3199388980865479,1.3199388980865479,,,,
,321,,,,,,,,,2.158475160598755,2.158475160598755
321,2253,,,,,,,2.158475160598755,2.158475160598755,,
321,2253,1.3716048002243042,1.3766239881515503,,1.3716048002243042,,,,,,
322,2254,,,1.0391182899475098,,1.0340960025787354,1.0340960025787354,,,,
322,2255,,,1.3612604141235352,,1.3562374114990234,1.3562374114990234,,,,
322,2256,,,1.6407665014266968,,1.6357427835464478,1.6357427835464478,,,,
322,2257,,,1.1383861303329468,,1.133361577987671,1.133361577987671,,,,
322,2258,,,1.2134259939193726,,1.208400845527649,1.208400845527649,,,,
322,2259,,,1.9354472160339355,,1.9304213523864746,1.9304213523864746,,,,
322,2260,,,0.9461213946342468,,0.9410946369171143,0.9410946369171143,,,,
,322,,,,,,,,,2.137909173965454,2.137909173965454
322,2260,,,,,,,2.137909173965454,2.137909173965454,,
322,2260,1.3570462465286255,1.3620706796646118,,1.3570462465286255,,,,,,
323,2261,,,1.0668703317642212,,1.061842918395996,1.061842918395996,,,,
323,2262,,,1.3451361656188965,,1.3401081562042236,1.3401081562042236,,,,
323,2263,,,1.5812386274337769,,1.5762099027633667,1.5762099027633667,,,,
323,2264,,,1.2943837642669678,,1.2893542051315308,1.2893542051315308,,,,
323,2265,,,1.0866425037384033,,1.0816121101379395,1.0816121101379395,,,,
323,2266,,,1.1045327186584473,,1.0995017290115356,1.0995017290115356,,,,
323,2267,,,3.037562608718872,,3.0325307846069336,3.0325307846069336,,,,
,323,,,,,,,,,2.1422581672668457,2.1422581672668457
323,2267,,,,,,,2.1422581672668457,2.1422581672668457,,
323,2267,1.3467965126037598,1.3518259525299072,,1.3467965126037598,,,,,,
324,2268,,,1.5446968078613281,,1.5396640300750732,1.5396640300750732,,,,
324,2269,,,1.49155855178833,,1.486525058746338,1.486525058746338,,,,
324,2270,,,0.9269755482673645,,0.9219411611557007,0.9219411611557007,,,,
324,2271,,,1.1744885444641113,,1.169453501701355,1.169453501701355,,,,
324,2272,,,0.9629431962966919,,0.9579072594642639,0.9579072594642639,,,,
324,2273,,,1.6417914628982544,,1.6367548704147339,1.6367548704147339,,,,
324,2274,,,2.176542043685913,,2.1715047359466553,2.1715047359466553,,,,
,324,,,,,,,,,2.108992338180542,2.108992338180542
324,2274,,,,,,,2.108992338180542,2.108992338180542,,
324,2274,1.3374996185302734,1.3425344228744507,,1.3374996185302734,,,,,,
325,2275,,,1.8613789081573486,,1.856340765953064,1.856340765953064,,,,
325,2276,,,1.065447449684143,,1.060408592224121,1.060408592224121,,,,
325,2277,,,0.9245904088020325,,0.9195508360862732,0.9195508360862732,,,,
325,2278,,,1.8140398263931274,,1.8089996576309204,1.8089996576309204,,,,
325,2279,,,1.7507911920547485,,1.7457501888275146,1.7457501888275146,,,,
325,2280,,,0.8453115820884705,,0.8402697443962097,0.8402697443962097,,,,
325,2281,,,0.6281667947769165,,0.6231241822242737,0.6231241822242737,,,,
,325,,,,,,,,,2.089348793029785,2.089348793029785
325,2281,,,,,,,2.089348793029785,2.089348793029785,,
325,2281,1.3278417587280273,1.3328818082809448,,1.3278417587280273,,,,,,
326,2282,,,0.9607015252113342,,0.9556583166122437,0.9556583166122437,,,,
326,2283,,,1.4289535284042358,,1.4239096641540527,1.4239096641540527,,,,
326,2284,,,1.853844404220581,,1.8487998247146606,1.8487998247146606,,,,
326,2285,,,0.9963954091072083,,0.9913502335548401,0.9913502335548401,,,,
326,2286,,,1.14401113986969,,1.138965368270874,1.138965368270874,,,,
326,2287,,,1.2899577617645264,,1.2849112749099731,1.2849112749099731,,,,
326,2288,,,2.084293842315674,,2.0792465209960938,2.0792465209960938,,,,
,326,,,,,,,,,2.0770654678344727,2.0770654678344727
326,2288,,,,,,,2.0770654678344727,2.0770654678344727,,
326,2288,1.3213038444519043,1.3263490200042725,,1.3213038444519043,,,,,,
327,2289,,,1.637897253036499,,1.632848858833313,1.632848858833313,,,,
327,2290,,,1.135424017906189,,1.1303750276565552,1.1303750276565552,,,,
327,2291,,,1.1695586442947388,,1.1645090579986572,1.1645090579986572,,,,
327,2292,,,2.055405616760254,,2.0503551959991455,2.0503551959991455,,,,
327,2293,,,1.3630515336990356,,1.3580002784729004,1.3580002784729004,,,,
327,2294,,,0.596197783946991,,0.5911456346511841,0.5911456346511841,,,,
327,2295,,,1.2346203327178955,,1.229567527770996,1.229567527770996,,,,
,327,,,,,,,,,2.06339955329895,2.06339955329895
327,2295,,,,,,,2.06339955329895,2.06339955329895,,
327,2295,1.3158152103424072,1.3208653926849365,,1.3158152103424072,,,,,,
328,2296,,,1.49881911277771,,1.4937655925750732,1.4937655925750732,,,,
328,2297,,,1.6528918743133545,,1.6478376388549805,1.6478376388549805,,,,
328,2298,,,0.8816112875938416,,0.8765562176704407,0.8765562176704407,,,,
328,2299,,,1.4229763746261597,,1.417920708656311,1.417920708656311,,,,
328,2300,,,0.8508935570716858,,0.8458371162414551,0.8458371162414551,,,,
328,2301,,,1.6480416059494019,,1.6429845094680786,1.6429845094680786,,,,
328,2302,,,1.0987412929534912,,1.0936833620071411,1.0936833620071411,,,,
,328,,,,,,,,,2.0600497722625732,2.0600497722625732
328,2302,,,,,,,2.0600497722625732,2.0600497722625732,,
328,2302,1.3074560165405273,1.312511682510376,,1.3074560165405273,,,,,,
329,2303,,,1.0395311117172241,,1.0344725847244263,1.0344725847244263,,,,
329,2304,,,1.4320499897003174,,1.4269907474517822,1.4269907474517822,,,,
329,2305,,,1.393235445022583,,1.388175368309021,1.388175368309021,,,,
329,2306,,,1.2538957595825195,,1.2488349676132202,1.2488349676132202,,,,
329,2307,,,0.9871026873588562,,0.9820412993431091,0.9820412993431091,,,,
329,2308,,,1.842405080795288,,1.8373429775238037,1.8373429775238037,,,,
329,2309,,,0.9787053465843201,,0.9736425280570984,0.9736425280570984,,,,
,329,,,,,,,,,2.0610713958740234,2.0610713958740234
329,2309,,,,,,,2.0610713958740234,2.0610713958740234,,
329,2309,1.2992900609970093,1.3043506145477295,,1.2992900609970093,,,,,,
330,2310,,,1.045928716659546,,1.040865182876587,1.040865182876587,,,,
330,2311,,,1.4525328874588013,,1.447468638420105,1.447468638420105,,,,
330,2312,,,0.9050018191337585,,0.899936854839325,0.899936854839325,,,,
330,2313,,,1.4925395250320435,,1.4874738454818726,1.4874738454818726,,,,
330,2314,,,1.8748338222503662,,1.8697673082351685,1.8697673082351685,,,,
330,2315,,,0.9874783158302307,,0.9824112057685852,0.9824112057685852,,,,
330,2316,,,1.3153495788574219,,1.310281753540039,1.310281753540039,,,,
,330,,,,,,,,,2.073476791381836,2.073476791381836
330,2316,,,,,,,2.073476791381836,2.073476791381836,,
330,2316,1.2892985343933105,1.2943642139434814,,1.2892985343933105,,,,,,
331,2317,,,1.8219411373138428,,1.816872477531433,1.816872477531433,,,,
331,2318,,,1.1914101839065552,,1.1863408088684082,1.1863408088684082,,,,
331,2319,,,1.0727907419204712,,1.067720651626587,1.067720651626587,,,,
331,2320,,,1.1103036403656006,,1.105232834815979,1.105232834815979,,,,
331,2321,,,1.6578418016433716,,1.6527704000473022,1.6527704000473022,,,,
331,2322,,,0.9818947911262512,,0.9768224954605103,0.9768224954605103,,,,
331,2323,,,0.918034553527832,,0.912961483001709,0.912961483001709,,,,
,331,,,,,,,,,2.08243989944458,2.08243989944458
331,2323,,,,,,,2.08243989944458,2.08243989944458,,
331,2323,1.2781366109848022,1.2832070589065552,,1.2781366109848022,,,,,,
332,2324,,,1.0635277032852173,,1.0584540367126465,1.0584540367126465,,,,
332,2325,,,1.0233873128890991,,1.0183128118515015,1.0183128118515015,,,,
332,2326,,,1.459643006324768,,1.454567790031433,1.454567790031433,,,,
332,2327,,,1.4859580993652344,,1.480882167816162,1.480882167816162,,,,
332,2328,,,1.0673555135726929,,1.0622789859771729,1.0622789859771729,,,,
332,2329,,,1.5594402551651,,1.5543630123138428,1.5543630123138428,,,,
332,2330,,,1.2441742420196533,,1.2390961647033691,1.2390961647033691,,,,
,332,,,,,,,,,2.050485134124756,2.050485134124756
332,2330,,,,,,,2.050485134124756,2.050485134124756,,
332,2330,1.2695717811584473,1.2746474742889404,,1.2695717811584473,,,,,,
333,2331,,,1.6830878257751465,,1.6780089139938354,1.6780089139938354,,,,
333,2332,,,1.2781314849853516,,1.2730519771575928,1.2730519771575928,,,,
333,2333,,,1.2929582595825195,,1.2878780364990234,1.2878780364990234,,,,
333,2334,,,1.1100338697433472,,1.1049528121948242,1.1049528121948242,,,,
333,2335,,,0.6810445785522461,,0.6759626865386963,0.6759626865386963,,,,
333,2336,,,1.5677800178527832,,1.5626975297927856,1.5626975297927856,,,,
333,2337,,,1.2435272932052612,,1.2384440898895264,1.2384440898895264,,,,
,333,,,,,,,,,2.0286290645599365,2.0286290645599365
333,2337,,,,,,,2.0286290645599365,2.0286290645599365,,
333,2337,1.2622696161270142,1.267350435256958,,1.2622696161270142,,,,,,
334,2338,,,0.9940993785858154,,0.9890152215957642,0.9890152215957642,,,,
334,2339,,,1.400565505027771,,1.3954806327819824,1.3954806327819824,,,,
334,2340,,,0.9976484179496765,,0.9925627708435059,0.9925627708435059,,,,
334,2341,,,1.5225865840911865,,1.5175001621246338,1.5175001621246338,,,,
334,2342,,,1.01674222946167,,1.0116550922393799,1.0116550922393799,,,,
334,2343,,,1.4628510475158691,,1.4577630758285522,1.4577630758285522,,,,
334,2344,,,1.7294169664382935,,1.7243282794952393,1.7243282794952393,,,,
,334,,,,,,,,,2.0219173431396484,2.0219173431396484
334,2344,,,,,,,2.0219173431396484,2.0219173431396484,,
334,2344,1.256564736366272,1.261650800704956,,1.256564736366272,,,,,,
335,2345,,,1.250685453414917,,1.245596170425415,1.245596170425415,,,,
335,2346,,,0.79807448387146,,0.7929845452308655,0.7929845452308655,,,,
335,2347,,,1.0110719203948975,,1.0059814453125,1.0059814453125,,,,
335,2348,,,1.65250563621521,,1.6474143266677856,1.6474143266677856,,,,
335,2349,,,1.2129586935043335,,1.2078666687011719,1.2078666687011719,,,,
335,2350,,,1.2114298343658447,,1.2063370943069458,1.2063370943069458,,,,
335,2351,,,2.3213465213775635,,2.3162529468536377,2.3162529468536377,,,,
,335,,,,,,,,,2.0274877548217773,2.0274877548217773
335,2351,,,,,,,2.0274877548217773,2.0274877548217773,,
335,2351,1.2509450912475586,1.256036400794983,,1.2509450912475586,,,,,,
336,2352,,,1.291197657585144,,1.286103367805481,1.286103367805481,,,,
336,2353,,,0.8452058434486389,,0.8401108384132385,0.8401108384132385,,,,
336,2354,,,1.3780498504638672,,1.3729541301727295,1.3729541301727295,,,,
336,2355,,,1.6669164896011353,,1.6618200540542603,1.6618200540542603,,,,
336,2356,,,1.0189812183380127,,1.0138840675354004,1.0138840675354004,,,,
336,2357,,,1.4786382913589478,,1.4735404253005981,1.4735404253005981,,,,
336,2358,,,0.7529274225234985,,0.7478286623954773,0.7478286623954773,,,,
,336,,,,,,,,,2.023007869720459,2.023007869720459
336,2358,,,,,,,2.023007869720459,2.023007869720459,,
336,2358,1.2437409162521362,1.2488371133804321,,1.2437409162521362,,,,,,
337,2359,,,0.8159957528114319,,0.8108965158462524,0.8108965158462524,,,,
337,2360,,,1.546360969543457,,1.541261076927185,1.541261076927185,,,,
337,2361,,,1.439507007598877,,1.4344063997268677,1.4344063997268677,,,,
337,2362,,,0.8576644062995911,,0.8525631427764893,0.8525631427764893,,,,
337,2363,,,1.0388767719268799,,1.033774971961975,1.033774971961975,,,,
337,2364,,,1.5125603675842285,,1.5074577331542969,1.5074577331542969,,,,
337,2365,,,1.908811330795288,,1.9037079811096191,1.9037079811096191,,,,
,337,,,,,,,,,1.9974430799484253,1.9974430799484253
337,2365,,,,,,,1.9974430799484253,1.9974430799484253,,
337,2365,1.2383136749267578,1.2434148788452148,,1.2383136749267578,,,,,,
338,2366,,,1.270991563796997,,1.2658873796463013,1.2658873796463013,,,,
338,2367,,,1.6453605890274048,,1.6402555704116821,1.6402555704116821,,,,
338,2368,,,1.1547740697860718,,1.1496683359146118,1.1496683359146118,,,,
338,2369,,,1.1195194721221924,,1.1144130229949951,1.1144130229949951,,,,
338,2370,,,1.2843164205551147,,1.2792092561721802,1.2792092561721802,,,,
338,2371,,,0.9217728972434998,,0.9166649580001831,0.9166649580001831,,,,
338,2372,,,1.313718557357788,,1.308609962463379,1.308609962463379,,,,
,338,,,,,,,,,1.9899951219558716,1.9899951219558716
338,2372,,,,,,,1.9899951219558716,1.9899951219558716,,
338,2372,1.2324434518814087,1.2375497817993164,,1.2324434518814087,,,,,,
339,2373,,,1.159732699394226,,1.1546235084533691,1.1546235084533691,,,,
339,2374,,,1.1436803340911865,,1.1385704278945923,1.1385704278945923,,,,
339,2375,,,0.8763879537582397,,0.8712774515151978,0.8712774515151978,,,,
339,2376,,,1.8009122610092163,,1.7958011627197266,1.7958011627197266,,,,
339,2377,,,1.2174054384231567,,1.2122937440872192,1.2122937440872192,,,,
339,2378,,,1.2539154291152954,,1.2488030195236206,1.2488030195236206,,,,
339,2379,,,1.0856281518936157,,1.080514907836914,1.080514907836914,,,,
,339,,,,,,,,,1.9657078981399536,1.9657078981399536
339,2379,,,,,,,1.9657078981399536,1.9657078981399536,,
339,2379,1.2276959419250488,1.2328070402145386,,1.2276959419250488,,,,,,
340,2380,,,1.6573872566223145,,1.6522730588912964,1.6522730588912964,,,,
340,2381,,,1.8251053094863892,,1.8199903964996338,1.8199903964996338,,,,
340,2382,,,0.9133073687553406,,0.9081916213035583,0.9081916213035583,,,,
340,2383,,,1.0848957300186157,,1.0797793865203857,1.0797793865203857,,,,
340,2384,,,0.6590955853462219,,0.6539784073829651,0.6539784073829651,,,,
340,2385,,,1.4034768342971802,,1.398358941078186,1.398358941078186,,,,
340,2386,,,0.7393550276756287,,0.7342364192008972,0.7342364192008972,,,,
,340,,,,,,,,,1.9456336498260498,1.9456336498260498
340,2386,,,,,,,1.9456336498260498,1.9456336498260498,,
340,2386,1.221632957458496,1.226749062538147,,1.221632957458496,,,,,,
341,2387,,,1.3986862897872925,,1.3935672044754028,1.3935672044754028,,,,
341,2388,,,1.2315232753753662,,1.2264033555984497,1.2264033555984497,,,,
341,2389,,,1.1308695077896118,,1.125748872756958,1.125748872756958,,,,
341,2390,,,1.4558528661727905,,1.450731635093689,1.450731635093689,,,,
341,2391,,,1.1348791122436523,,1.129757285118103,1.129757285118103,,,,
341,2392,,,0.8592307567596436,,0.8541083335876465,0.8541083335876465,,,,
341,2393,,,1.5481373071670532,,1.5430141687393188,1.5430141687393188,,,,
,341,,,,,,,,,1.9313613176345825,1.9313613176345825
341,2393,,,,,,,1.9313613176345825,1.9313613176345825,,
341,2393,1.2170897722244263,1.2222106456756592,,1.2170897722244263,,,,,,
342,2394,,,1.7620221376419067,,1.756898283958435,1.756898283958435,,,,
342,2395,,,1.0687005519866943,,1.0635759830474854,1.0635759830474854,,,,
342,2396,,,1.3105790615081787,,1.3054537773132324,1.3054537773132324,,,,
342,2397,,,0.8117395043373108,,0.8066135048866272,0.8066135048866272,,,,
342,2398,,,1.4005217552185059,,1.395395040512085,1.395395040512085,,,,
342,2399,,,1.1850374937057495,,1.1799101829528809,1.1799101829528809,,,,
342,2400,,,0.5699613094329834,,0.5648332238197327,0.5648332238197327,,,,
,342,,,,,,,,,1.9244756698608398,1.9244756698608398
342,2400,,,,,,,1.9244756698608398,1.9244756698608398,,
342,2400,1.21092689037323,1.216052770614624,,1.21092689037323,,,,,,
343,2401,,,0.8129425048828125,,0.8078138828277588,0.8078138828277588,,,,
343,2402,,,1.5385510921478271,,1.5334218740463257,1.5334218740463257,,,,
343,2403,,,1.4079205989837646,,1.4027906656265259,1.4027906656265259,,,,
343,2404,,,0.8164272904396057,,0.8112966418266296,0.8112966418266296,,,,
343,2405,,,1.7935134172439575,,1.7883820533752441,1.7883820533752441,,,,
343,2406,,,0.9906460046768188,,0.9855138659477234,0.9855138659477234,,,,
343,2407,,,0.9590096473693848,,0.9538769721984863,0.9538769721984863,,,,
,343,,,,,,,,,1.9034134149551392,1.9034134149551392
343,2407,,,,,,,1.9034134149551392,1.9034134149551392,,
343,2407,1.205791711807251,1.2109222412109375,,1.205791711807251,,,,,,
344,2408,,,1.038698434829712,,1.0335649251937866,1.0335649251937866,,,,
344,2409,,,0.8761336803436279,,0.8709994554519653,0.8709994554519653,,,,
344,2410,,,0.7153803706169128,,0.7102456092834473,0.7102456092834473,,,,
344,2411,,,1.3488916158676147,,1.3437561988830566,1.3437561988830566,,,,
344,2412,,,2.0371389389038086,,2.0320026874542236,2.0320026874542236,,,,
344,2413,,,1.2533760070800781,,1.2482390403747559,1.2482390403747559,,,,
344,2414,,,1.1157608032226562,,1.1106231212615967,1.1106231212615967,,,,
,344,,,,,,,,,1.8896961212158203,1.8896961212158203
344,2414,,,,,,,1.8896961212158203,1.8896961212158203,,
344,2414,1.200830101966858,1.2059653997421265,,1.200830101966858,,,,,,
345,2415,,,1.6237882375717163,,1.618649959564209,1.618649959564209,,,,
345,2416,,,1.1372783184051514,,1.1321393251419067,1.1321393251419067,,,,
345,2417,,,1.3024505376815796,,1.2973108291625977,1.2973108291625977,,,,
345,2418,,,1.0876258611679077,,1.0824854373931885,1.0824854373931885,,,,
345,2419,,,1.1692092418670654,,1.1640678644180298,1.1640678644180298,,,,
345,2420,,,1.1005761623382568,,1.0954341888427734,1.0954341888427734,,,,
345,2421,,,0.6231781244277954,,0.6180356740951538,0.6180356740951538,,,,
,345,,,,,,,,,1.8864411115646362,1.8864411115646362
345,2421,,,,,,,1.8864411115646362,1.8864411115646362,,
345,2421,1.1955844163894653,1.2007248401641846,,1.1955844163894653,,,,,,
346,2422,,,0.9541866183280945,,0.9490435719490051,0.9490435719490051,,,,
346,2423,,,0.9355633854866028,,0.9304197430610657,0.9304197430610657,,,,
346,2424,,,1.461012840270996,,1.4558684825897217,1.4558684825897217,,,,
346,2425,,,0.6747670769691467,,0.669622004032135,0.669622004032135,,,,
346,2426,,,1.2480922937393188,,1.2429466247558594,1.2429466247558594,,,,
346,2427,,,1.7068365812301636,,1.7016903162002563,1.7016903162002563,,,,
346,2428,,,1.7024750709533691,,1.6973280906677246,1.6973280906677246,,,,
,346,,,,,,,,,1.8860667943954468,1.8860667943954468
346,2428,,,,,,,1.8860667943954468,1.8860667943954468,,
346,2428,1.1899746656417847,1.1951195001602173,,1.1899746656417847,,,,,,
347,2429,,,1.1820993423461914,,1.17695152759552,1.17695152759552,,,,
347,2430,,,1.425365686416626,,1.4202171564102173,1.4202171564102173,,,,
347,2431,,,1.4615228176116943,,1.456373691558838,1.456373691558838,,,,
347,2432,,,0.6232426166534424,,0.6180928349494934,0.6180928349494934,,,,
347,2433,,,1.3540583848953247,,1.3489080667495728,1.3489080667495728,,,,
347,2434,,,1.0087124109268188,,1.00356125831604,1.00356125831604,,,,
347,2435,,,1.4254043102264404,,1.4202523231506348,1.4202523231506348,,,,
,347,,,,,,,,,1.9052517414093018,1.9052517414093018
347,2435,,,,,,,1.9052517414093018,1.9052517414093018,,
347,2435,1.1853644847869873,1.190514087677002,,1.1853644847869873,,,,,,
348,2436,,,0.9448579549789429,,0.9397055506706238,0.9397055506706238,,,,
348,2437,,,1.3220939636230469,,1.3169409036636353,1.3169409036636353,,,,
348,2438,,,1.081059455871582,,1.075905680656433,1.075905680656433,,,,
348,2439,,,1.7908896207809448,,1.7857351303100586,1.7857351303100586,,,,
348,2440,,,0.9371375441551208,,0.9319823384284973,0.9319823384284973,,,,
348,2441,,,1.2908658981323242,,1.285710096359253,1.285710096359253,,,,
348,2442,,,0.4923240542411804,,0.4871675670146942,0.4871675670146942,,,,
,348,,,,,,,,,1.8878077268600464,1.8878077268600464
348,2442,,,,,,,1.8878077268600464,1.8878077268600464,,
348,2442,1.179398775100708,1.1845531463623047,,1.179398775100708,,,,,,
349,2443,,,0.9304468631744385,,0.9252898097038269,0.9252898097038269,,,,
349,2444,,,1.1694810390472412,,1.1643232107162476,1.1643232107162476,,,,
349,2445,,,0.729728639125824,,0.7245702147483826,0.7245702147483826,,,,
349,2446,,,1.0929324626922607,,1.0877735614776611,1.0877735614776611,,,,
349,2447,,,1.5430500507354736,,1.5378904342651367,1.5378904342651367,,,,
349,2448,,,1.2613009214401245,,1.2561405897140503,1.2561405897140503,,,,
349,2449,,,2.117530345916748,,2.1123692989349365,2.1123692989349365,,,,
,349,,,,,,,,,1.8477319478988647,1.8477319478988647
349,2449,,,,,,,1.8477319478988647,1.8477319478988647,,
349,2449,1.1746079921722412,1.1797668933868408,,1.1746079921722412,,,,,,
350,2450,,,1.7928918600082397,,1.787730097770691,1.787730097770691,,,,
350,2451,,,1.5548046827316284,,1.5496420860290527,1.5496420860290527,,,,
350,2452,,,1.028401494026184,,1.023238182067871,1.023238182067871,,,,
350,2453,,,1.3909672498703003,,1.3858031034469604,1.3858031034469604,,,,
350,2454,,,0.7542882561683655,,0.7491235733032227,0.7491235733032227,,,,
350,2455,,,0.5695621967315674,,0.5643969178199768,0.5643969178199768,,,,
350,2456,,,1.042638897895813,,1.0374729633331299,1.0374729633331299,,,,
,350,,,,,,,,,1.8369028568267822,1.8369028568267822
350,2456,,,,,,,1.8369028568267822,1.8369028568267822,,
350,2456,1.1684684753417969,1.173632264137268,,1.1684684753417969,,,,,,
351,2457,,,1.406793475151062,,1.4016270637512207,1.4016270637512207,,,,
351,2458,,,1.0416475534439087,,1.0364805459976196,1.0364805459976196,,,,
351,2459,,,1.0509850978851318,,1.045817255973816,1.045817255973816,,,,
351,2460,,,1.3908989429473877,,1.3857303857803345,1.3857303857803345,,,,
351,2461,,,1.1538256406784058,,1.1486564874649048,1.1486564874649048,,,,
351,2462,,,1.0692890882492065,,1.0641194581985474,1.0641194581985474,,,,
351,2463,,,0.8875092267990112,,0.8823389410972595,0.8823389410972595,,,,
,351,,,,,,,,,1.8124475479125977,1.8124475479125977
351,2463,,,,,,,1.8124475479125977,1.8124475479125977,,
351,2463,1.1628718376159668,1.168040156364441,,1.1628718376159668,,,,,,
352,2464,,,1.1690089702606201,,1.1638377904891968,1.1638377904891968,,,,
352,2465,,,0.7998957633972168,,0.7947239279747009,0.7947239279747009,,,,
352,2466,,,0.8827479481697083,,0.8775754570960999,0.8775754570960999,,,,
352,2467,,,1.785875678062439,,1.7807024717330933,1.7807024717330933,,,,
352,2468,,,1.5297263860702515,,1.5245524644851685,1.5245524644851685,,,,
352,2469,,,0.9228575825691223,,0.9176830649375916,0.9176830649375916,,,,
352,2470,,,0.853745698928833,,0.8485704064369202,0.8485704064369202,,,,
,352,,,,,,,,,1.7873010635375977,1.7873010635375977
352,2470,,,,,,,1.7873010635375977,1.7873010635375977,,
352,2470,1.157221794128418,1.1623948812484741,,1.157221794128418,,,,,,
353,2471,,,1.1555644273757935,,1.1503885984420776,1.1503885984420776,,,,
353,2472,,,0.770152747631073,,0.7649762630462646,0.7649762630462646,,,,
353,2473,,,1.0387762784957886,,1.0335991382598877,1.0335991382598877,,,,
353,2474,,,1.3287599086761475,,1.3235820531845093,1.3235820531845093,,,,
353,2475,,,1.296539545059204,,1.2913610935211182,1.2913610935211182,,,,
353,2476,,,1.085689902305603,,1.0805107355117798,1.0805107355117798,,,,
353,2477,,,1.8734216690063477,,1.8682419061660767,1.8682419061660767,,,,
,353,,,,,,,,,1.7827224731445312,1.7827224731445312
353,2477,,,,,,,1.7827224731445312,1.7827224731445312,,
353,2477,1.152158260345459,1.1573357582092285,,1.152158260345459,,,,,,
354,2478,,,1.1195207834243774,,1.1143403053283691,1.1143403053283691,,,,
354,2479,,,0.7753241658210754,,0.7701430916786194,0.7701430916786194,,,,
354,2480,,,1.3115192651748657,,1.306337594985962,1.306337594985962,,,,
354,2481,,,1.5618993043899536,,1.556716799736023,1.556716799736023,,,,
354,2482,,,1.3898147344589233,,1.384631633758545,1.384631633758545,,,,
354,2483,,,0.8300747871398926,,0.8248910903930664,0.8248910903930664,,,,
354,2484,,,0.957550585269928,,0.9523662328720093,0.9523662328720093,,,,
,354,,,,,,,,,1.772454023361206,1.772454023361206
354,2484,,,,,,,1.772454023361206,1.772454023361206,,
354,2484,1.1473251581192017,1.1525073051452637,,1.1473251581192017,,,,,,
355,2485,,,1.439457654953003,,1.4342725276947021,1.4342725276947021,,,,
355,2486,,,1.3801933526992798,,1.3750075101852417,1.3750075101852417,,,,
355,2487,,,1.0481220483779907,,1.0429354906082153,1.0429354906082153,,,,
355,2488,,,1.1035736799240112,,1.0983864068984985,1.0983864068984985,,,,
355,2489,,,1.175225853919983,,1.170037865638733,1.170037865638733,,,,
355,2490,,,0.9200511574745178,,0.9148624539375305,0.9148624539375305,,,,
355,2491,,,0.6274701356887817,,0.6222809553146362,0.6222809553146362,,,,
,355,,,,,,,,,1.7562016248703003,1.7562016248703003
355,2491,,,,,,,1.7562016248703003,1.7562016248703003,,
355,2491,1.140212893486023,1.145400047302246,,1.140212893486023,,,,,,
356,2492,,,1.1882864236831665,,1.1830965280532837,1.1830965280532837,,,,
356,2493,,,0.8583168983459473,,0.8531262874603271,0.8531262874603271,,,,
356,2494,,,1.7235236167907715,,1.718332290649414,1.718332290649414,,,,
356,2495,,,0.9855114817619324,,0.9803195595741272,0.9803195595741272,,,,
356,2496,,,0.9899141788482666,,0.9847215414047241,0.9847215414047241,,,,
356,2497,,,1.022659420967102,,1.0174663066864014,1.0174663066864014,,,,
356,2498,,,1.3129236698150635,,1.307729721069336,1.307729721069336,,,,
,356,,,,,,,,,1.7372992038726807,1.7372992038726807
356,2498,,,,,,,1.7372992038726807,1.7372992038726807,,
356,2498,1.1337193250656128,1.1389110088348389,,1.1337193250656128,,,,,,
357,2499,,,1.4532015323638916,,1.4480071067810059,1.4480071067810059,,,,
357,2500,,,1.2610915899276733,,1.2558963298797607,1.2558963298797607,,,,
357,2501,,,0.8587542176246643,,0.853558361530304,0.853558361530304,,,,
357,2502,,,0.9705874919891357,,0.9653910994529724,0.9653910994529724,,,,
357,2503,,,1.307077169418335,,1.301880121231079,1.301880121231079,,,,
357,2504,,,1.1027497053146362,,1.097551941871643,1.097551941871643,,,,
357,2505,,,0.7189651727676392,,0.7137668132781982,0.7137668132781982,,,,
,357,,,,,,,,,1.704979419708252,1.704979419708252
357,2505,,,,,,,1.7049795389175415,1.7049795389175415,,
357,2505,1.1278347969055176,1.1330311298370361,,1.1278347969055176,,,,,,
358,2506,,,0.6821743249893188,,0.6769751906394958,0.6769751906394958,,,,
358,2507,,,1.0516728162765503,,1.0464731454849243,1.0464731454849243,,,,
358,2508,,,1.0353506803512573,,1.030150294303894,1.030150294303894,,,,
358,2509,,,1.4860633611679077,,1.4808622598648071,1.4808622598648071,,,,
358,2510,,,1.1276421546936035,,1.1224403381347656,1.1224403381347656,,,,
358,2511,,,1.5455348491668701,,1.5403324365615845,1.5403324365615845,,,,
358,2512,,,0.7085517048835754,,0.703348696231842,0.703348696231842,,,,
,358,,,,,,,,,1.6670466661453247,1.6670466661453247
358,2512,,,,,,,1.6670466661453247,1.6670466661453247,,
358,2512,1.1232924461364746,1.128493309020996,,1.1232924461364746,,,,,,
359,2513,,,0.973722517490387,,0.9685186147689819,0.9685186147689819,,,,
359,2514,,,0.7100264430046082,,0.7048218846321106,0.7048218846321106,,,,
359,2515,,,1.163472294807434,,1.1582670211791992,1.1582670211791992,,,,
359,2516,,,1.1164653301239014,,1.1112593412399292,1.1112593412399292,,,,
359,2517,,,1.0173240900039673,,1.0121173858642578,1.0121173858642578,,,,
359,2518,,,1.627685546875,,1.6224782466888428,1.6224782466888428,,,,
359,2519,,,1.4751375913619995,,1.4699296951293945,1.4699296951293945,,,,
,359,,,,,,,,,1.650309681892395,1.650309681892395
359,2519,,,,,,,1.650309681892395,1.650309681892395,,
359,2519,1.1182252168655396,1.1234310865402222,,1.1182252168655396,,,,,,
360,2520,,,0.9911997318267822,,0.9859910011291504,0.9859910011291504,,,,
360,2521,,,1.532690405845642,,1.527480959892273,1.527480959892273,,,,
360,2522,,,0.7765439748764038,,0.7713338732719421,0.7713338732719421,,,,
360,2523,,,1.6038947105407715,,1.5986839532852173,1.5986839532852173,,,,
360,2524,,,1.0471421480178833,,1.0419306755065918,1.0419306755065918,,,,
360,2525,,,1.0068150758743286,,1.0016030073165894,1.0016030073165894,,,,
360,2526,,,0.43853527307510376,,0.4333224892616272,0.4333224892616272,,,,
,360,,,,,,,,,1.6426658630371094,1.6426658630371094
360,2526,,,,,,,1.6426658630371094,1.6426658630371094,,
360,2526,1.112081527709961,1.117292046546936,,1.112081527709961,,,,,,
361,2527,,,0.839601993560791,,0.8343885540962219,0.8343885540962219,,,,
361,2528,,,0.8921745419502258,,0.8869603872299194,0.8869603872299194,,,,
361,2529,,,2.014101266860962,,2.0088863372802734,2.0088863372802734,,,,
361,2530,,,1.0150693655014038,,1.0098538398742676,1.0098538398742676,,,,
361,2531,,,1.091346263885498,,1.086130142211914,1.086130142211914,,,,
361,2532,,,0.922697901725769,,0.9174810647964478,0.9174810647964478,,,,
361,2533,,,0.8487410545349121,,0.8435236215591431,0.8435236215591431,,,,
,361,,,,,,,,,1.6389285326004028,1.6389285326004028
361,2533,,,,,,,1.6389285326004028,1.6389285326004028,,
361,2533,1.1074544191360474,1.1126697063446045,,1.1074544191360474,,,,,,
362,2534,,,0.6944155693054199,,0.6891974806785583,0.6891974806785583,,,,
362,2535,,,0.804185152053833,,0.7989664077758789,0.7989664077758789,,,,
362,2536,,,1.4378564357757568,,1.4326369762420654,1.4326369762420654,,,,
362,2537,,,1.3227115869522095,,1.3174914121627808,1.3174914121627808,,,,
362,2538,,,1.815327763557434,,1.810106873512268,1.810106873512268,,,,
362,2539,,,0.6999766826629639,,0.6947552561759949,0.6947552561759949,,,,
362,2540,,,0.7692768573760986,,0.7640547156333923,0.7640547156333923,,,,
,362,,,,,,,,,1.6477478742599487,1.6477478742599487
362,2540,,,,,,,1.6477478742599487,1.6477478742599487,,
362,2540,1.102694034576416,1.1079140901565552,,1.102694034576416,,,,,,
363,2541,,,1.0730639696121216,,1.0678414106369019,1.0678414106369019,,,,
363,2542,,,1.2705893516540527,,1.2653661966323853,1.2653661966323853,,,,
363,2543,,,0.919158399105072,,0.9139346480369568,0.9139346480369568,,,,
363,2544,,,1.4022589921951294,,1.3970345258712769,1.3970345258712769,,,,
363,2545,,,1.3705259561538696,,1.3653007745742798,1.3653007745742798,,,,
363,2546,,,0.6627713441848755,,0.6575456857681274,0.6575456857681274,,,,
363,2547,,,0.9080984592437744,,0.9028721451759338,0.9028721451759338,,,,
,363,,,,,,,,,1.664007306098938,1.664007306098938
363,2547,,,,,,,1.664007306098938,1.664007306098938,,
363,2547,1.0989177227020264,1.1041419506072998,,1.0989177227020264,,,,,,
364,2548,,,0.954766571521759,,0.9495394825935364,0.9495394825935364,,,,
364,2549,,,1.1683629751205444,,1.1631351709365845,1.1631351709365845,,,,
364,2550,,,1.09506094455719,,1.0898324251174927,1.0898324251174927,,,,
364,2551,,,1.0409142971038818,,1.0356851816177368,1.0356851816177368,,,,
364,2552,,,0.8809776902198792,,0.8757479190826416,0.8757479190826416,,,,
364,2553,,,1.4818012714385986,,1.476570963859558,1.476570963859558,,,,
364,2554,,,1.0183587074279785,,1.0131276845932007,1.0131276845932007,,,,
,364,,,,,,,,,1.666682243347168,1.666682243347168
364,2554,,,,,,,1.666682243347168,1.666682243347168,,
364,2554,1.0934014320373535,1.0986303091049194,,1.0934014320373535,,,,,,
365,2555,,,1.148820400238037,,1.1435887813568115,1.1435887813568115,,,,
365,2556,,,0.6932744383811951,,0.6880422830581665,0.6880422830581665,,,,
365,2557,,,0.8881127834320068,,0.8828800916671753,0.8828800916671753,,,,
365,2558,,,1.9599676132202148,,1.954734206199646,1.954734206199646,,,,
365,2559,,,0.8439852595329285,,0.8387511968612671,0.8387511968612671,,,,
365,2560,,,1.0689444541931152,,1.0637096166610718,1.0637096166610718,,,,
365,2561,,,0.9860993027687073,,0.9808638095855713,0.9808638095855713,,,,
,365,,,,,,,,,1.664684772491455,1.664684772491455
365,2561,,,,,,,1.6646848917007446,1.6646848917007446,,
365,2561,1.088553786277771,1.0937869548797607,,1.088553786277771,,,,,,
366,2562,,,1.1541028022766113,,1.1488666534423828,1.1488666534423828,,,,
366,2563,,,1.4556257724761963,,1.45038902759552,1.45038902759552,,,,
366,2564,,,1.1847788095474243,,1.1795413494110107,1.1795413494110107,,,,
366,2565,,,0.7186987400054932,,0.7134606242179871,0.7134606242179871,,,,
366,2566,,,1.2270286083221436,,1.221789836883545,1.221789836883545,,,,
366,2567,,,0.9032915830612183,,0.8980521559715271,0.8980521559715271,,,,
366,2568,,,0.8004266023635864,,0.795186460018158,0.795186460018158,,,,
,366,,,,,,,,,1.655029296875,1.655029296875
366,2568,,,,,,,1.655029296875,1.655029296875,,
366,2568,1.0839678049087524,1.0892057418823242,,1.0839678049087524,,,,,,
367,2569,,,0.9553025960922241,,0.9500619173049927,0.9500619173049927,,,,
367,2570,,,0.7143600583076477,,0.709118664264679,0.709118664264679,,,,
367,2571,,,0.6700617671012878,,0.6648197174072266,0.6648197174072266,,,,
367,2572,,,1.5375170707702637,,1.5322744846343994,1.5322744846343994,,,,
367,2573,,,1.4027727842330933,,1.3975296020507812,1.3975296020507812,,,,
367,2574,,,0.9922378659248352,,0.9869940280914307,0.9869940280914307,,,,
367,2575,,,1.7050575017929077,,1.699812889099121,1.699812889099121,,,,
,367,,,,,,,,,1.6594276428222656,1.6594276428222656
367,2575,,,,,,,1.6594276428222656,1.6594276428222656,,
367,2575,1.0789376497268677,1.084180235862732,,1.0789376497268677,,,,,,
368,2576,,,0.781992495059967,,0.7767472863197327,0.7767472863197327,,,,
368,2577,,,0.9837526082992554,,0.9785066246986389,0.9785066246986389,,,,
368,2578,,,1.5282573699951172,,1.5230107307434082,1.5230107307434082,,,,
368,2579,,,0.9960328936576843,,0.9907856583595276,0.9907856583595276,,,,
368,2580,,,0.9542019367218018,,0.9489539265632629,0.9489539265632629,,,,
368,2581,,,1.3526356220245361,,1.3473869562149048,1.3473869562149048,,,,
368,2582,,,0.7564771175384521,,0.7512279152870178,0.7512279152870178,,,,
,368,,,,,,,,,1.6641899347305298,1.6641899347305298
368,2582,,,,,,,1.6641899347305298,1.6641899347305298,,
368,2582,1.0740551948547363,1.079302191734314,,1.0740551948547363,,,,,,
369,2583,,,1.561421275138855,,1.5561715364456177,1.5561715364456177,,,,
369,2584,,,0.6772630214691162,,0.6720126271247864,0.6720126271247864,,,,
369,2585,,,1.3191040754318237,,1.3138530254364014,1.3138530254364014,,,,
369,2586,,,0.9166598916053772,,0.9114081859588623,0.9114081859588623,,,,
369,2587,,,0.9512003660202026,,0.9459479451179504,0.9459479451179504,,,,
369,2588,,,1.1656923294067383,,1.1604392528533936,1.1604392528533936,,,,
369,2589,,,0.6807857751846313,,0.6755321025848389,0.6755321025848389,,,,
,369,,,,,,,,,1.6597833633422852,1.6597833633422852
369,2589,,,,,,,1.6597833633422852,1.6597833633422852,,
369,2589,1.0687304735183716,1.0739821195602417,,1.0687304735183716,,,,,,
370,2590,,,0.786211371421814,,0.780957043170929,0.780957043170929,,,,
370,2591,,,0.9484047889709473,,0.9431498050689697,0.9431498050689697,,,,
370,2592,,,0.7551842331886292,,0.7499286532402039,0.7499286532402039,,,,
370,2593,,,1.738111972808838,,1.7328557968139648,1.7328557968139648,,,,
370,2594,,,0.6580533981323242,,0.6527965068817139,0.6527965068817139,,,,
370,2595,,,1.2018388509750366,,1.196581244468689,1.196581244468689,,,,
370,2596,,,1.947379231452942,,1.9421210289001465,1.9421210289001465,,,,
,370,,,,,,,,,1.653006672859192,1.653006672859192
370,2596,,,,,,,1.653006672859192,1.653006672859192,,
370,2596,1.0642454624176025,1.069501519203186,,1.0642454624176025,,,,,,
371,2597,,,1.0241702795028687,,1.018911361694336,1.018911361694336,,,,
371,2598,,,1.149277687072754,,1.1440180540084839,1.1440180540084839,,,,
371,2599,,,0.7871472835540771,,0.7818869352340698,0.7818869352340698,,,,
371,2600,,,1.3856298923492432,,1.3803688287734985,1.3803688287734985,,,,
371,2601,,,1.5846850872039795,,1.579423189163208,1.579423189163208,,,,
371,2602,,,0.5938804149627686,,0.5886180400848389,0.5886180400848389,,,,
371,2603,,,0.7014477849006653,,0.6961848139762878,0.6961848139762878,,,,
,371,,,,,,,,,1.6440789699554443,1.6440789699554443
371,2603,,,,,,,1.6440789699554443,1.6440789699554443,,
371,2603,1.0594974756240845,1.0647581815719604,,1.0594974756240845,,,,,,
372,2604,,,1.0312577486038208,,1.025994062423706,1.025994062423706,,,,
372,2605,,,1.1015145778656006,,1.096250295639038,1.096250295639038,,,,
372,2606,,,0.9431384801864624,,0.9378736019134521,0.9378736019134521,,,,
372,2607,,,1.6010726690292358,,1.5958071947097778,1.5958071947097778,,,,
372,2608,,,0.805443525314331,,0.8001775145530701,0.8001775145530701,,,,
372,2609,,,0.655373752117157,,0.6501069664955139,0.6501069664955139,,,,
372,2610,,,1.6590067148208618,,1.6537392139434814,1.6537392139434814,,,,
,372,,,,,,,,,1.6306639909744263,1.6306639909744263
372,2610,,,,,,,1.6306639909744263,1.6306639909744263,,
372,2610,1.0551156997680664,1.0603809356689453,,1.0551156997680664,,,,,,
373,2611,,,1.598331093788147,,1.5930628776550293,1.5930628776550293,,,,
373,2612,,,1.5439958572387695,,1.538727045059204,1.538727045059204,,,,
373,2613,,,0.6374088525772095,,0.632139265537262,0.632139265537262,,,,
373,2614,,,0.7375429272651672,,0.732272744178772,0.732272744178772,,,,
373,2615,,,0.763098418712616,,0.7578276991844177,0.7578276991844177,,,,
373,2616,,,0.9466378688812256,,0.94136643409729,0.94136643409729,,,,
373,2617,,,1.3336498737335205,,1.3283777236938477,1.3283777236938477,,,,
,373,,,,,,,,,1.62441885471344,1.62441885471344
373,2617,,,,,,,1.62441885471344,1.62441885471344,,
373,2617,1.049966812133789,1.055236577987671,,1.049966812133789,,,,,,
374,2618,,,1.390405535697937,,1.3851326704025269,1.3851326704025269,,,,
374,2619,,,0.7734182476997375,,0.7681447863578796,0.7681447863578796,,,,
374,2620,,,1.072592854499817,,1.0673187971115112,1.0673187971115112,,,,
374,2621,,,1.2711386680603027,,1.2658640146255493,1.2658640146255493,,,,
374,2622,,,0.9377149939537048,,0.9324395656585693,0.9324395656585693,,,,
374,2623,,,0.6997356414794922,,0.6944594979286194,0.6944594979286194,,,,
374,2624,,,1.4816538095474243,,1.476377010345459,1.476377010345459,,,,
,374,,,,,,,,,1.632954478263855,1.632954478263855
374,2624,,,,,,,1.632954478263855,1.632954478263855,,
374,2624,1.0458040237426758,1.0510786771774292,,1.0458040237426758,,,,,,
375,2625,,,0.9701164364814758,,0.9648389220237732,0.9648389220237732,,,,
375,2626,,,1.7806015014648438,,1.7753232717514038,1.7753232717514038,,,,
375,2627,,,0.8938212990760803,,0.8885424733161926,0.8885424733161926,,,,
375,2628,,,0.9766893982887268,,0.9714098572731018,0.9714098572731018,,,,
375,2629,,,0.8481693267822266,,0.842889130115509,0.842889130115509,,,,
375,2630,,,0.766808032989502,,0.7615271806716919,0.7615271806716919,,,,
375,2631,,,1.1670433282852173,,1.1617618799209595,1.1617618799209595,,,,
,375,,,,,,,,,1.6304569244384766,1.6304569244384766
375,2631,,,,,,,1.6304569244384766,1.6304569244384766,,
375,2631,1.0415986776351929,1.0468779802322388,,1.0415986776351929,,,,,,
376,2632,,,1.2689393758773804,,1.2636573314666748,1.2636573314666748,,,,
376,2633,,,0.9639794230461121,,0.9586965441703796,0.9586965441703796,,,,
376,2634,,,0.6635549664497375,,0.6582713723182678,0.6582713723182678,,,,
376,2635,,,1.2631016969680786,,1.2578176259994507,1.2578176259994507,,,,
376,2636,,,0.5158633589744568,,0.5105786919593811,0.5105786919593811,,,,
376,2637,,,1.429389238357544,,1.4241039752960205,1.4241039752960205,,,,
376,2638,,,1.4612762928009033,,1.4559903144836426,1.4559903144836426,,,,
,376,,,,,,,,,1.6120282411575317,1.6120282411575317
376,2638,,,,,,,1.6120282411575317,1.6120282411575317,,
376,2638,1.0382936000823975,1.0435774326324463,,1.0382936000823975,,,,,,
377,2639,,,1.2467896938323975,,1.2415030002593994,1.2415030002593994,,,,
377,2640,,,0.7599025964736938,,0.7546153664588928,0.7546153664588928,,,,
377,2641,,,1.1022546291351318,,1.0969667434692383,1.0969667434692383,,,,
377,2642,,,0.7940924763679504,,0.7888039350509644,0.7888039350509644,,,,
377,2643,,,0.9059134125709534,,0.90062415599823,0.90062415599823,,,,
377,2644,,,1.0459846258163452,,1.0406947135925293,1.0406947135925293,,,,
377,2645,,,2.0400893688201904,,2.0347988605499268,2.0347988605499268,,,,
,377,,,,,,,,,1.5917201042175293,1.5917201042175293
377,2645,,,,,,,1.5917199850082397,1.5917199850082397,,
377,2645,1.033138394355774,1.0384268760681152,,1.033138394355774,,,,,,
378,2646,,,1.7652151584625244,,1.7599239349365234,1.7599239349365234,,,,
378,2647,,,0.7751184105873108,,0.7698265910148621,0.7698265910148621,,,,
378,2648,,,0.9099901914596558,,0.9046976566314697,0.9046976566314697,,,,
378,2649,,,0.8653632402420044,,0.8600701093673706,0.8600701093673706,,,,
378,2650,,,0.8629395961761475,,0.8576457500457764,0.8576457500457764,,,,
378,2651,,,0.9133831858634949,,0.9080885648727417,0.9080885648727417,,,,
378,2652,,,1.3459895849227905,,1.3406943082809448,1.3406943082809448,,,,
,378,,,,,,,,,1.5753828287124634,1.5753828287124634
378,2652,,,,,,,1.5753828287124634,1.5753828287124634,,
378,2652,1.0294923782348633,1.0347851514816284,,1.0294923782348633,,,,,,
379,2653,,,0.5683972835540771,,0.5631015300750732,0.5631015300750732,,,,
379,2654,,,1.2235145568847656,,1.218218207359314,1.218218207359314,,,,
379,2655,,,0.8669125437736511,,0.8616155982017517,0.8616155982017517,,,,
379,2656,,,0.9561824202537537,,0.9508848786354065,0.9508848786354065,,,,
379,2657,,,1.2902488708496094,,1.2849507331848145,1.2849507331848145,,,,
379,2658,,,1.3674827814102173,,1.3621838092803955,1.3621838092803955,,,,
379,2659,,,0.7858260273933411,,0.7805265188217163,0.7805265188217163,,,,
,379,,,,,,,,,1.5620354413986206,1.5620354413986206
379,2659,,,,,,,1.5620354413986206,1.5620354413986206,,
379,2659,1.0248866081237793,1.030184030532837,,1.0248866081237793,,,,,,
380,2660,,,0.8283369541168213,,0.823036789894104,0.823036789894104,,,,
380,2661,,,0.7977911233901978,,0.7924903631210327,0.7924903631210327,,,,
380,2662,,,0.6485481858253479,,0.6432468295097351,0.6432468295097351,,,,
380,2663,,,1.4775079488754272,,1.4722059965133667,1.4722059965133667,,,,
380,2664,,,1.181390404701233,,1.176087737083435,1.176087737083435,,,,
380,2665,,,1.328473448753357,,1.3231700658798218,1.3231700658798218,,,,
380,2666,,,0.7653102874755859,,0.760006308555603,0.760006308555603,,,,
,380,,,,,,,,,1.5520657300949097,1.5520657300949097
380,2666,,,,,,,1.5520657300949097,1.5520657300949097,,
380,2666,1.021998405456543,1.0273003578186035,,1.021998405456543,,,,,,
381,2667,,,0.8124843835830688,,0.8071797490119934,0.8071797490119934,,,,
381,2668,,,0.836454451084137,,0.831149160861969,0.831149160861969,,,,
381,2669,,,1.0795928239822388,,1.074286699295044,1.074286699295044,,,,
381,2670,,,0.5609251856803894,,0.5556185245513916,0.5556185245513916,,,,
381,2671,,,0.7926949262619019,,0.7873876690864563,0.7873876690864563,,,,
381,2672,,,1.110264539718628,,1.1049567461013794,1.1049567461013794,,,,
381,2673,,,3.5382299423217773,,3.532921552658081,3.532921552658081,,,,
,381,,,,,,,,,1.5450350046157837,1.5450350046157837
381,2673,,,,,,,1.5450350046157837,1.5450350046157837,,
381,2673,1.0173214673995972,1.022627830505371,,1.0173214673995972,,,,,,
382,2674,,,2.050203800201416,,2.0448946952819824,2.0448946952819824,,,,
382,2675,,,0.7987171411514282,,0.7934074401855469,0.7934074401855469,,,,
382,2676,,,0.529954731464386,,0.5246443152427673,0.5246443152427673,,,,
382,2677,,,1.0341392755508423,,1.0288283824920654,1.0288283824920654,,,,
382,2678,,,1.070865511894226,,1.0655540227890015,1.0655540227890015,,,,
382,2679,,,0.7208245992660522,,0.7155123949050903,0.7155123949050903,,,,
382,2680,,,0.7754625082015991,,0.7701495885848999,0.7701495885848999,,,,
,382,,,,,,,,,1.5427730083465576,1.5427730083465576
382,2680,,,,,,,1.5427730083465576,1.5427730083465576,,
382,2680,1.0135917663574219,1.0189025402069092,,1.0135917663574219,,,,,,
383,2681,,,0.6818202137947083,,0.6765066981315613,0.6765066981315613,,,,
383,2682,,,1.206959843635559,,1.2016456127166748,1.2016456127166748,,,,
383,2683,,,0.9860650897026062,,0.9807502031326294,0.9807502031326294,,,,
383,2684,,,1.4213390350341797,,1.4160234928131104,1.4160234928131104,,,,
383,2685,,,0.8684417009353638,,0.8631255030632019,0.8631255030632019,,,,
383,2686,,,0.7203320860862732,,0.7150153517723083,0.7150153517723083,,,,
383,2687,,,1.553835391998291,,1.5485180616378784,1.5485180616378784,,,,
,383,,,,,,,,,1.5366241931915283,1.5366241931915283
383,2687,,,,,,,1.5366241931915283,1.5366241931915283,,
383,2687,1.009217381477356,1.0145328044891357,,1.009217381477356,,,,,,
384,2688,,,0.5360844135284424,,0.5307664275169373,0.5307664275169373,,,,
384,2689,,,0.8977192640304565,,0.8924007415771484,0.8924007415771484,,,,
384,2690,,,1.0149080753326416,,1.0095888376235962,1.0095888376235962,,,,
384,2691,,,1.2719225883483887,,1.266602873802185,1.266602873802185,,,,
384,2692,,,1.017529845237732,,1.012209415435791,1.012209415435791,,,,
384,2693,,,0.9645002484321594,,0.9591792225837708,0.9591792225837708,,,,
384,2694,,,1.9682376384735107,,1.9629160165786743,1.9629160165786743,,,,
,384,,,,,,,,,1.5085967779159546,1.5085967779159546
384,2694,,,,,,,1.5085967779159546,1.5085967779159546,,
384,2694,1.0049947500228882,1.0103143453598022,,1.0049947500228882,,,,,,
385,2695,,,1.296958565711975,,1.2916362285614014,1.2916362285614014,,,,
385,2696,,,0.5079458951950073,,0.5026229619979858,0.5026229619979858,,,,
385,2697,,,1.5511255264282227,,1.5458019971847534,1.5458019971847534,,,,
385,2698,,,0.8627461194992065,,0.8574219346046448,0.8574219346046448,,,,
385,2699,,,0.6697414517402649,,0.6644166111946106,0.6644166111946106,,,,
385,2700,,,1.1793962717056274,,1.1740708351135254,1.1740708351135254,,,,
385,2701,,,0.9277344942092896,,0.922408401966095,0.922408401966095,,,,
,385,,,,,,,,,1.480838656425476,1.480838656425476
385,2701,,,,,,,1.480838656425476,1.480838656425476,,
385,2701,1.0010782480239868,1.0064022541046143,,1.0010782480239868,,,,,,
386,2702,,,1.4724622964859009,,1.4671356678009033,1.4671356678009033,,,,
386,2703,,,1.2794678211212158,,1.274140477180481,1.274140477180481,,,,
386,2704,,,0.8909246325492859,,0.8855966925621033,0.8855966925621033,,,,
386,2705,,,0.7997517585754395,,0.7944231629371643,0.7944231629371643,,,,
386,2706,,,0.6747764945030212,,0.6694473028182983,0.6694473028182983,,,,
386,2707,,,0.7269611954689026,,0.7216313481330872,0.7216313481330872,,,,
386,2708,,,1.4439173936843872,,1.4385870695114136,1.4385870695114136,,,,
,386,,,,,,,,,1.4702038764953613,1.4702038764953613
386,2708,,,,,,,1.4702039957046509,1.4702039957046509,,
386,2708,0.996367871761322,1.001696228981018,,0.996367871761322,,,,,,
387,2709,,,0.901492178440094,,0.8961611390113831,0.8961611390113831,,,,
387,2710,,,1.0528576374053955,,1.0475260019302368,1.0475260019302368,,,,
387,2711,,,0.8748292326927185,,0.8694968223571777,0.8694968223571777,,,,
387,2712,,,0.871833086013794,,0.8665000796318054,0.8665000796318054,,,,
387,2713,,,1.0790759325027466,,1.073742389678955,1.073742389678955,,,,
387,2714,,,1.2636661529541016,,1.2583321332931519,1.2583321332931519,,,,
387,2715,,,0.8378583192825317,,0.8325236439704895,0.8325236439704895,,,,
,387,,,,,,,,,1.4507019519805908,1.4507019519805908
387,2715,,,,,,,1.4507019519805908,1.4507019519805908,,
387,2715,0.9919929504394531,0.9973256587982178,,0.9919929504394531,,,,,,
388,2716,,,1.4470372200012207,,1.441701889038086,1.441701889038086,,,,
388,2717,,,1.0677709579467773,,1.0624349117279053,1.0624349117279053,,,,
388,2718,,,0.7279247641563416,,0.7225881218910217,0.7225881218910217,,,,
388,2719,,,1.022928237915039,,1.017591118812561,1.017591118812561,,,,
388,2720,,,0.8477789759635925,,0.8424410820007324,0.8424410820007324,,,,
388,2721,,,0.8147525787353516,,0.8094142079353333,0.8094142079353333,,,,
388,2722,,,1.066190481185913,,1.0608513355255127,1.0608513355255127,,,,
,388,,,,,,,,,1.4259915351867676,1.4259915351867676
388,2722,,,,,,,1.4259916543960571,1.4259916543960571,,
388,2722,0.9872926473617554,0.9926296472549438,,0.9872926473617554,,,,,,
389,2723,,,1.1964083909988403,,1.1910686492919922,1.1910686492919922,,,,
389,2724,,,1.4113283157348633,,1.4059879779815674,1.4059879779815674,,,,
389,2725,,,1.3211233615875244,,1.3157823085784912,1.3157823085784912,,,,
389,2726,,,0.8677968978881836,,0.8624552488327026,0.8624552488327026,,,,
389,2727,,,0.7177529335021973,,0.7124106884002686,0.7124106884002686,,,,
389,2728,,,0.5610841512680054,,0.5557411909103394,0.5557411909103394,,,,
389,2729,,,0.5936726331710815,,0.5883291363716125,0.5883291363716125,,,,
,389,,,,,,,,,1.4158488512039185,1.4158488512039185
389,2729,,,,,,,1.4158488512039185,1.4158488512039185,,
389,2729,0.9825991988182068,0.9879405498504639,,0.9825991988182068,,,,,,
390,2730,,,1.7133073806762695,,1.707963466644287,1.707963466644287,,,,
390,2731,,,0.9347379803657532,,0.929393470287323,0.929393470287323,,,,
390,2732,,,0.9537243843078613,,0.9483792185783386,0.9483792185783386,,,,
390,2733,,,0.6752281188964844,,0.6698822975158691,0.6698822975158691,,,,
390,2734,,,0.8701679110527039,,0.8648214936256409,0.8648214936256409,,,,
390,2735,,,0.8434954881668091,,0.8381483554840088,0.8381483554840088,,,,
390,2736,,,0.7282774448394775,,0.722929835319519,0.722929835319519,,,,
,390,,,,,,,,,1.4188416004180908,1.4188416004180908
390,2736,,,,,,,1.4188416004180908,1.4188416004180908,,
390,2736,0.9772058129310608,0.9825513362884521,,0.9772058129310608,,,,,,
391,2737,,,0.8385826349258423,,0.8332345485687256,0.8332345485687256,,,,
391,2738,,,0.7519568204879761,,0.7466080188751221,0.7466080188751221,,,,
391,2739,,,1.0095700025558472,,1.0042204856872559,1.0042204856872559,,,,
391,2740,,,1.4114999771118164,,1.406149983406067,1.406149983406067,,,,
391,2741,,,1.2816367149353027,,1.276286244392395,1.276286244392395,,,,
391,2742,,,0.6360248923301697,,0.6306737065315247,0.6306737065315247,,,,
391,2743,,,0.8045628666877747,,0.7992110848426819,0.7992110848426819,,,,
,391,,,,,,,,,1.4291490316390991,1.4291490316390991
391,2743,,,,,,,1.4291490316390991,1.4291490316390991,,
391,2743,0.9720591306686401,0.9774090051651001,,0.9720591306686401,,,,,,
392,2744,,,1.1127413511276245,,1.1073890924453735,1.1073890924453735,,,,
392,2745,,,1.2583038806915283,,1.25295090675354,1.25295090675354,,,,
392,2746,,,0.8368998765945435,,0.8315463662147522,0.8315463662147522,,,,
392,2747,,,0.9353230595588684,,0.9299689531326294,0.9299689531326294,,,,
392,2748,,,1.0805405378341675,,1.0751858949661255,1.0751858949661255,,,,
392,2749,,,0.8504676818847656,,0.8451123833656311,0.8451123833656311,,,,
392,2750,,,0.3284819424152374,,0.3231259286403656,0.3231259286403656,,,,
,392,,,,,,,,,1.4368789196014404,1.4368789196014404
392,2750,,,,,,,1.4368789196014404,1.4368789196014404,,
392,2750,0.9667962193489075,0.9721501469612122,,0.9667962193489075,,,,,,
393,2751,,,0.5879361033439636,,0.5825796723365784,0.5825796723365784,,,,
393,2752,,,1.1749327182769775,,1.169575810432434,1.169575810432434,,,,
393,2753,,,1.0156586170196533,,1.0103009939193726,1.0103009939193726,,,,
393,2754,,,0.5119454264640808,,0.5065872073173523,0.5065872073173523,,,,
393,2755,,,1.5093902349472046,,1.5040314197540283,1.5040314197540283,,,,
393,2756,,,0.8814082741737366,,0.8760489225387573,0.8760489225387573,,,,
393,2757,,,1.3082795143127441,,1.3029195070266724,1.3029195070266724,,,,
,393,,,,,,,,,1.4350112676620483,1.4350112676620483
393,2757,,,,,,,1.4350112676620483,1.4350112676620483,,
393,2757,0.9627794623374939,0.9681375026702881,,0.9627794623374939,,,,,,
394,2758,,,0.8145206570625305,,0.8091599941253662,0.8091599941253662,,,,
394,2759,,,0.9704526662826538,,0.965091347694397,0.965091347694397,,,,
394,2760,,,0.6800863146781921,,0.6747244596481323,0.6747244596481323,,,,
394,2761,,,1.2072380781173706,,1.2018754482269287,1.2018754482269287,,,,
394,2762,,,1.3931881189346313,,1.3878248929977417,1.3878248929977417,,,,
394,2763,,,0.5364829897880554,,0.531119167804718,0.531119167804718,,,,
394,2764,,,1.4625656604766846,,1.4572012424468994,1.4572012424468994,,,,
,394,,,,,,,,,1.4330523014068604,1.4330523014068604
394,2764,,,,,,,1.4330523014068604,1.4330523014068604,,
394,2764,0.9594111442565918,0.964773416519165,,0.9594111442565918,,,,,,
395,2765,,,0.723345160484314,,0.7179800868034363,0.7179800868034363,,,,
395,2766,,,0.90434330701828,,0.8989776372909546,0.8989776372909546,,,,
395,2767,,,1.0343282222747803,,1.0289618968963623,1.0289618968963623,,,,
395,2768,,,0.8149963021278381,,0.8096293807029724,0.8096293807029724,,,,
395,2769,,,1.183281660079956,,1.1779142618179321,1.1779142618179321,,,,
395,2770,,,1.0367783308029175,,1.0314102172851562,1.0314102172851562,,,,
395,2771,,,1.1308032274246216,,1.125434398651123,1.125434398651123,,,,
,395,,,,,,,,,1.4203828573226929,1.4203828573226929
395,2771,,,,,,,1.4203828573226929,1.4203828573226929,,
395,2771,0.9548096656799316,0.9601763486862183,,0.9548096656799316,,,,,,
396,2772,,,1.0988680124282837,,1.0934984683990479,1.0934984683990479,,,,
396,2773,,,0.9217044115066528,,0.9163342118263245,0.9163342118263245,,,,
396,2774,,,1.188198208808899,,1.1828274726867676,1.1828274726867676,,,,
396,2775,,,1.078080654144287,,1.072709083557129,1.072709083557129,,,,
396,2776,,,0.8554375171661377,,0.8500654101371765,0.8500654101371765,,,,
396,2777,,,0.6385409832000732,,0.6331682801246643,0.6331682801246643,,,,
396,2778,,,0.8449456691741943,,0.8395723700523376,0.8395723700523376,,,,
,396,,,,,,,,,1.410098910331726,1.410098910331726
396,2778,,,,,,,1.410098910331726,1.410098910331726,,
396,2778,0.9511282444000244,0.9564995765686035,,0.9511282444000244,,,,,,
397,2779,,,1.293028712272644,,1.2876547574996948,1.2876547574996948,,,,
397,2780,,,1.2989349365234375,,1.2935603857040405,1.2935603857040405,,,,
397,2781,,,0.8885822296142578,,0.8832070827484131,0.8832070827484131,,,,
397,2782,,,0.5307120084762573,,0.5253362059593201,0.5253362059593201,,,,
397,2783,,,0.9335312247276306,,0.9281548261642456,0.9281548261642456,,,,
397,2784,,,0.9171527624130249,,0.9117756485939026,0.9117756485939026,,,,
397,2785,,,0.5612719058990479,,0.555894136428833,0.555894136428833,,,,
,397,,,,,,,,,1.388852596282959,1.388852596282959
397,2785,,,,,,,1.3888524770736694,1.3888524770736694,,
397,2785,0.9471606612205505,0.9525363445281982,,0.9471606612205505,,,,,,
398,2786,,,1.1246542930603027,,1.1192759275436401,1.1192759275436401,,,,
398,2787,,,1.1358155012130737,,1.1304364204406738,1.1304364204406738,,,,
398,2788,,,0.7386443614959717,,0.7332645654678345,0.7332645654678345,,,,
398,2789,,,1.120928168296814,,1.115547776222229,1.115547776222229,,,,
398,2790,,,0.8321061730384827,,0.8267251253128052,0.8267251253128052,,,,
398,2791,,,0.5544132590293884,,0.5490315556526184,0.5490315556526184,,,,
398,2792,,,1.455024242401123,,1.4496420621871948,1.4496420621871948,,,,
,398,,,,,,,,,1.3642966747283936,1.3642966747283936
398,2792,,,,,,,1.3642966747283936,1.3642966747283936,,
398,2792,0.9439838528633118,0.9493640661239624,,0.9439838528633118,,,,,,
399,2793,,,1.071213722229004,,1.065830945968628,1.065830945968628,,,,
399,2794,,,1.0351297855377197,,1.029746413230896,1.029746413230896,,,,
399,2795,,,1.0796754360198975,,1.0742913484573364,1.0742913484573364,,,,
399,2796,,,0.7058470249176025,,0.700462281703949,0.700462281703949,,,,
399,2797,,,0.9273217916488647,,0.9219363331794739,0.9219363331794739,,,,
399,2798,,,1.0336227416992188,,1.0282366275787354,1.0282366275787354,,,,
399,2799,,,0.46513131260871887,,0.45974472165107727,0.45974472165107727,,,,
,399,,,,,,,,,1.349403738975525,1.349403738975525
399,2799,,,,,,,1.349403738975525,1.349403738975525,,
399,2799,0.9400640726089478,0.9454485774040222,,0.9400640726089478,,,,,,
400,2800,,,0.9911646842956543,,0.985777735710144,0.985777735710144,,,,
400,2801,,,1.091320514678955,,1.085932970046997,1.085932970046997,,,,
400,2802,,,1.1183212995529175,,1.1129330396652222,1.1129330396652222,,,,
400,2803,,,1.1387299299240112,,1.1333411931991577,1.1333411931991577,,,,
400,2804,,,0.7424305081367493,,0.7370412945747375,0.7370412945747375,,,,
400,2805,,,0.7887241244316101,,0.7833342552185059,0.7833342552185059,,,,
400,2806,,,0.3526339828968048,,0.34724345803260803,0.34724345803260803,,,,
,400,,,,,,,,,1.3451111316680908,1.3451111316680908
400,2806,,,,,,,1.3451111316680908,1.3451111316680908,,
400,2806,0.9362473487854004,0.9416359663009644,,0.9362473487854004,,,,,,
401,2807,,,0.8386468291282654,,0.8332558870315552,0.8332558870315552,,,,
401,2808,,,1.521565318107605,,1.5161738395690918,1.5161738395690918,,,,
401,2809,,,0.58525151014328,,0.5798593759536743,0.5798593759536743,,,,
401,2810,,,1.0492604970932007,,1.043867826461792,1.043867826461792,,,,
401,2811,,,1.2038695812225342,,1.1984764337539673,1.1984764337539673,,,,
401,2812,,,0.645424485206604,,0.640030562877655,0.640030562877655,,,,
401,2813,,,0.3575402796268463,,0.3521457612514496,0.3521457612514496,,,,
,401,,,,,,,,,1.3270277976989746,1.3270277976989746
401,2813,,,,,,,1.327027678489685,1.327027678489685,,
401,2813,0.9323480129241943,0.9377405643463135,,0.9323480129241943,,,,,,
402,2814,,,0.9648169875144958,,0.9594219326972961,0.9594219326972961,,,,
402,2815,,,0.8455729484558105,,0.8401772379875183,0.8401772379875183,,,,
402,2816,,,1.0122344493865967,,1.006838083267212,1.006838083267212,,,,
402,2817,,,1.1228795051574707,,1.1174826622009277,1.1174826622009277,,,,
402,2818,,,1.1104391813278198,,1.1050416231155396,1.1050416231155396,,,,
402,2819,,,0.6223074197769165,,0.6169092655181885,0.6169092655181885,,,,
402,2820,,,0.7483574151992798,,0.7429587244987488,0.7429587244987488,,,,
,402,,,,,,,,,1.305478572845459,1.305478572845459
402,2820,,,,,,,1.3054784536361694,1.3054784536361694,,
402,2820,0.9293302893638611,0.9347269535064697,,0.9293302893638611,,,,,,
403,2821,,,0.4725208282470703,,0.46712157130241394,0.46712157130241394,,,,
403,2822,,,1.2681812047958374,,1.2627815008163452,1.2627815008163452,,,,
403,2823,,,1.0343419313430786,,1.0289416313171387,1.0289416313171387,,,,
403,2824,,,0.9716870784759521,,0.9662863612174988,0.9662863612174988,,,,
403,2825,,,0.8083046674728394,,0.8029032945632935,0.8029032945632935,,,,
403,2826,,,1.068505048751831,,1.0631029605865479,1.0631029605865479,,,,
403,2827,,,0.817703902721405,,0.8123011589050293,0.8123011589050293,,,,
,403,,,,,,,,,1.3032572269439697,1.3032572269439697
403,2827,,,,,,,1.3032572269439697,1.3032572269439697,,
403,2827,0.9248237013816833,0.9302242398262024,,0.9248237013816833,,,,,,
404,2828,,,0.9797669053077698,,0.9743635654449463,0.9743635654449463,,,,
404,2829,,,1.1045910120010376,,1.0991871356964111,1.0991871356964111,,,,
404,2830,,,0.7335127592086792,,0.7281082272529602,0.7281082272529602,,,,
404,2831,,,0.8704001307487488,,0.8649948835372925,0.8649948835372925,,,,
404,2832,,,1.0016392469406128,,0.996233344078064,0.996233344078064,,,,
404,2833,,,0.5168361663818359,,0.5114297270774841,0.5114297270774841,,,,
404,2834,,,1.8849488496780396,,1.8795418739318848,1.8795418739318848,,,,
,404,,,,,,,,,1.2824815511703491,1.2824815511703491
404,2834,,,,,,,1.2824815511703491,1.2824815511703491,,
404,2834,0.9222188591957092,0.9276238083839417,,0.9222188591957092,,,,,,
405,2835,,,0.8274198174476624,,0.8220122456550598,0.8220122456550598,,,,
405,2836,,,0.7249159216880798,,0.71950763463974,0.71950763463974,,,,
405,2837,,,0.6065211296081543,,0.601112425327301,0.601112425327301,,,,
405,2838,,,0.658271074295044,,0.6528617739677429,0.6528617739677429,,,,
405,2839,,,1.6371877193450928,,1.6317778825759888,1.6317778825759888,,,,
405,2840,,,1.1501952409744263,,1.144784927368164,1.144784927368164,,,,
405,2841,,,0.7504115104675293,,0.745000422000885,0.745000422000885,,,,
,405,,,,,,,,,1.2588112354278564,1.2588112354278564
405,2841,,,,,,,1.2588112354278564,1.2588112354278564,,
405,2841,0.9178716540336609,0.9232808351516724,,0.9178716540336609,,,,,,
406,2842,,,1.1639771461486816,,1.1585652828216553,1.1585652828216553,,,,
406,2843,,,0.414105623960495,,0.4086931645870209,0.4086931645870209,,,,
406,2844,,,1.0517067909240723,,1.0462937355041504,1.0462937355041504,,,,
406,2845,,,0.8085008263587952,,0.8030871748924255,0.8030871748924255,,,,
406,2846,,,1.3043102025985718,,1.2988958358764648,1.2988958358764648,,,,
406,2847,,,0.7524973750114441,,0.7470824122428894,0.7470824122428894,,,,
406,2848,,,0.9880340099334717,,0.982618510723114,0.982618510723114,,,,
,406,,,,,,,,,1.2373384237289429,1.2373384237289429
406,2848,,,,,,,1.2373384237289429,1.2373384237289429,,
406,2848,0.9146822690963745,0.9200958013534546,,0.9146822690963745,,,,,,
407,2849,,,0.3475320339202881,,0.3421158194541931,0.3421158194541931,,,,
407,2850,,,0.5478284955024719,,0.5424118041992188,0.5424118041992188,,,,
407,2851,,,0.49390941858291626,,0.48849210143089294,0.48849210143089294,,,,
407,2852,,,1.7053924798965454,,1.6999746561050415,1.6999746561050415,,,,
407,2853,,,1.2285020351409912,,1.22308349609375,1.22308349609375,,,,
407,2854,,,0.9591941833496094,,0.9537749886512756,0.9537749886512756,,,,
407,2855,,,1.488696575164795,,1.4832768440246582,1.4832768440246582,,,,
,407,,,,,,,,,1.2275317907333374,1.2275317907333374
407,2855,,,,,,,1.2275317907333374,1.2275317907333374,,
407,2855,0.910757839679718,0.9161756634712219,,0.910757839679718,,,,,,
408,2856,,,0.7746977210044861,,0.7692771553993225,0.7692771553993225,,,,
408,2857,,,0.5836667418479919,,0.5782454013824463,0.5782454013824463,,,,
408,2858,,,1.0300101041793823,,1.0245879888534546,1.0245879888534546,,,,
408,2859,,,1.0853919982910156,,1.0799692869186401,1.0799692869186401,,,,
408,2860,,,1.2966758012771606,,1.2912524938583374,1.2912524938583374,,,,
408,2861,,,0.8906286358833313,,0.8852047920227051,0.8852047920227051,,,,
408,2862,,,0.43520060181617737,,0.4297761917114258,0.4297761917114258,,,,
,408,,,,,,,,,1.2185534238815308,1.2185534238815308
408,2862,,,,,,,1.2185534238815308,1.2185534238815308,,
408,2862,0.9081887602806091,0.9136112332344055,,0.9081887602806091,,,,,,
409,2863,,,0.7093915939331055,,0.7039666175842285,0.7039666175842285,,,,
409,2864,,,0.7186197638511658,,0.7131941914558411,0.7131941914558411,,,,
409,2865,,,1.2281402349472046,,1.2227140665054321,1.2227140665054321,,,,
409,2866,,,1.356195330619812,,1.3507686853408813,1.3507686853408813,,,,
409,2867,,,0.5250857472419739,,0.5196583867073059,0.5196583867073059,,,,
409,2868,,,0.9584800601005554,,0.9530521631240845,0.9530521631240845,,,,
409,2869,,,0.7958379983901978,,0.790409505367279,0.790409505367279,,,,
,409,,,,,,,,,1.2126013040542603,1.2126013040542603
409,2869,,,,,,,1.2126013040542603,1.2126013040542603,,
409,2869,0.9034913778305054,0.908918023109436,,0.9034913778305054,,,,,,
410,2870,,,0.8942813873291016,,0.8888521194458008,0.8888521194458008,,,,
410,2871,,,1.0052162408828735,,0.999786376953125,0.999786376953125,,,,
410,2872,,,0.6089510917663574,,0.6035205721855164,0.6035205721855164,,,,
410,2873,,,0.8874236345291138,,0.8819925785064697,0.8819925785064697,,,,
410,2874,,,0.8619513511657715,,0.8565196394920349,0.8565196394920349,,,,
410,2875,,,1.135298490524292,,1.129866123199463,1.129866123199463,,,,
410,2876,,,1.0089011192321777,,1.0034681558609009,1.0034681558609009,,,,
,410,,,,,,,,,1.2101664543151855,1.2101664543151855
410,2876,,,,,,,1.210166335105896,1.210166335105896,,
410,2876,0.8998962044715881,0.9053270220756531,,0.8998962044715881,,,,,,
411,2877,,,1.0310003757476807,,1.025566816329956,1.025566816329956,,,,
411,2878,,,0.5573791265487671,,0.55194491147995,0.55194491147995,,,,
411,2879,,,0.8763872385025024,,0.8709524869918823,0.8709524869918823,,,,
411,2880,,,0.8094993233680725,,0.8040639758110046,0.8040639758110046,,,,
411,2881,,,1.365946888923645,,1.3605109453201294,1.3605109453201294,,,,
411,2882,,,0.7126588225364685,,0.7072223424911499,0.7072223424911499,,,,
411,2883,,,1.0565820932388306,,1.051145076751709,1.051145076751709,,,,
,411,,,,,,,,,1.2025699615478516,1.2025699615478516
411,2883,,,,,,,1.2025699615478516,1.2025699615478516,,
411,2883,0.8963829278945923,0.9018180966377258,,0.8963829278945923,,,,,,
412,2884,,,1.0674785375595093,,1.0620406866073608,1.0620406866073608,,,,
412,2885,,,0.9507002234458923,,0.9452617168426514,0.9452617168426514,,,,
412,2886,,,1.7648799419403076,,1.7594406604766846,1.7594406604766846,,,,
412,2887,,,0.788887619972229,,0.7834476828575134,0.7834476828575134,,,,
412,2888,,,0.43155163526535034,,0.4261111319065094,0.4261111319065094,,,,
412,2889,,,0.37915530800819397,,0.37371423840522766,0.37371423840522766,,,,
412,2890,,,0.9240260720252991,,0.9185844659805298,0.9185844659805298,,,,
,412,,,,,,,,,1.2029927968978882,1.2029927968978882
412,2890,,,,,,,1.2029927968978882,1.2029927968978882,,
412,2890,0.8932525515556335,0.8986921906471252,,0.8932525515556335,,,,,,
413,2891,,,0.5390390753746033,,0.5335968136787415,0.5335968136787415,,,,
413,2892,,,0.7250202298164368,,0.719577431678772,0.719577431678772,,,,
413,2893,,,1.2094037532806396,,1.2039604187011719,1.2039604187011719,,,,
413,2894,,,1.1476130485534668,,1.1421691179275513,1.1421691179275513,,,,
413,2895,,,1.0628479719161987,,1.0574034452438354,1.0574034452438354,,,,
413,2896,,,0.7700467109680176,,0.764601469039917,0.764601469039917,,,,
413,2897,,,0.671847939491272,,0.6664021015167236,0.6664021015167236,,,,
,413,,,,,,,,,1.1980245113372803,1.1980245113372803
413,2897,,,,,,,1.1980245113372803,1.1980245113372803,,
413,2897,0.889601469039917,0.8950453400611877,,0.889601469039917,,,,,,
414,2898,,,1.0947942733764648,,1.0893478393554688,1.0893478393554688,,,,
414,2899,,,0.6991479992866516,,0.6937009692192078,0.6937009692192078,,,,
414,2900,,,1.3528364896774292,,1.3473888635635376,1.3473888635635376,,,,
414,2901,,,0.9444905519485474,,0.9390421509742737,0.9390421509742737,,,,
414,2902,,,0.6137816309928894,,0.608332633972168,0.608332633972168,,,,
414,2903,,,0.7265938520431519,,0.7211443185806274,0.7211443185806274,,,,
414,2904,,,0.6739022135734558,,0.6684520840644836,0.6684520840644836,,,,
,414,,,,,,,,,1.1909382343292236,1.1909382343292236
414,2904,,,,,,,1.1909382343292236,1.1909382343292236,,
414,2904,0.88621586561203,0.8916639685630798,,0.88621586561203,,,,,,
415,2905,,,0.6376722455024719,,0.6322215795516968,0.6322215795516968,,,,
415,2906,,,1.3403489589691162,,1.3348976373672485,1.3348976373672485,,,,
415,2907,,,1.239909052848816,,1.2344571352005005,1.2344571352005005,,,,
415,2908,,,0.43829062581062317,,0.4328380525112152,0.4328380525112152,,,,
415,2909,,,0.6387513279914856,,0.6332983374595642,0.6332983374595642,,,,
415,2910,,,0.5847628116607666,,0.5793092846870422,0.5793092846870422,,,,
415,2911,,,2.0948925018310547,,2.0894381999969482,2.0894381999969482,,,,
,415,,,,,,,,,1.1884111166000366,1.1884111166000366
415,2911,,,,,,,1.1884111166000366,1.1884111166000366,,
415,2911,0.8832253217697144,0.8886775374412537,,0.8832253217697144,,,,,,
416,2912,,,1.1488081216812134,,1.1433533430099487,1.1433533430099487,,,,
416,2913,,,0.7019059658050537,,0.6964507102966309,0.6964507102966309,,,,
416,2914,,,0.6049224734306335,,0.5994666218757629,0.5994666218757629,,,,
416,2915,,,1.1917273998260498,,1.186271071434021,1.186271071434021,,,,
416,2916,,,0.7167891263961792,,0.7113322019577026,0.7113322019577026,,,,
416,2917,,,0.99089515209198,,0.9854376316070557,0.9854376316070557,,,,
416,2918,,,0.7770810127258301,,0.7716228365898132,0.7716228365898132,,,,
,416,,,,,,,,,1.184460997581482,1.184460997581482
416,2918,,,,,,,1.184460997581482,1.184460997581482,,
416,2918,0.8802619576454163,0.8857181668281555,,0.8802619576454163,,,,,,
417,2919,,,1.0516431331634521,,1.0461843013763428,1.0461843013763428,,,,
417,2920,,,1.039745569229126,,1.0342861413955688,1.0342861413955688,,,,
417,2921,,,0.755544900894165,,0.750084638595581,0.750084638595581,,,,
417,2922,,,0.7051693201065063,,0.6997085809707642,0.6997085809707642,,,,
417,2923,,,0.5835378170013428,,0.5780763030052185,0.5780763030052185,,,,
417,2924,,,1.196695327758789,,1.1912332773208618,1.1912332773208618,,,,
417,2925,,,0.7791187167167664,,0.7736562490463257,0.7736562490463257,,,,
,417,,,,,,,,,1.1834361553192139,1.1834361553192139
417,2925,,,,,,,1.1834361553192139,1.1834361553192139,,
417,2925,0.8768148422241211,0.8822754621505737,,0.8768148422241211,,,,,,
418,2926,,,1.0798605680465698,,1.0743975639343262,1.0743975639343262,,,,
418,2927,,,0.5343328714370728,,0.5288693308830261,0.5288693308830261,,,,
418,2928,,,0.8902368545532227,,0.8847728371620178,0.8847728371620178,,,,
418,2929,,,0.9748700857162476,,0.9694054126739502,0.9694054126739502,,,,
418,2930,,,1.2284845113754272,,1.2230192422866821,1.2230192422866821,,,,
418,2931,,,0.7558639049530029,,0.7503980994224548,0.7503980994224548,,,,
418,2932,,,0.3818196952342987,,0.37635326385498047,0.37635326385498047,,,,
,418,,,,,,,,,1.1688175201416016,1.1688175201416016
418,2932,,,,,,,1.1688175201416016,1.1688175201416016,,
418,2932,0.8740383982658386,0.8795028924942017,,0.8740383982658386,,,,,,
419,2933,,,1.0398439168930054,,1.034376859664917,1.034376859664917,,,,
419,2934,,,0.4955759644508362,,0.4901082217693329,0.4901082217693329,,,,
419,2935,,,0.6268470287322998,,0.6213787198066711,0.6213787198066711,,,,
419,2936,,,0.7300135493278503,,0.7245446443557739,0.7245446443557739,,,,
419,2937,,,1.4099061489105225,,1.404436707496643,1.404436707496643,,,,
419,2938,,,0.8866841197013855,,0.8812140822410583,0.8812140822410583,,,,
419,2939,,,1.0495423078536987,,1.0440717935562134,1.0440717935562134,,,,
,419,,,,,,,,,1.1528877019882202,1.1528877019882202
419,2939,,,,,,,1.1528877019882202,1.1528877019882202,,
419,2939,0.8702096343040466,0.8756783604621887,,0.8702096343040466,,,,,,
420,2940,,,1.1091797351837158,,1.1037085056304932,1.1037085056304932,,,,
420,2941,,,0.6157277822494507,,0.610256016254425,0.610256016254425,,,,
420,2942,,,1.0691410303115845,,1.0636687278747559,1.0636687278747559,,,,
420,2943,,,0.6531205177307129,,0.647647500038147,0.647647500038147,,,,
420,2944,,,1.3609333038330078,,1.3554596900939941,1.3554596900939941,,,,
420,2945,,,0.6885600090026855,,0.6830857992172241,0.6830857992172241,,,,
420,2946,,,0.17954029142856598,,0.17406544089317322,0.17406544089317322,,,,
,420,,,,,,,,,1.141265630722046,1.141265630722046
420,2946,,,,,,,1.141265630722046,1.141265630722046,,
420,2946,0.8673099279403687,0.8727827668190002,,0.8673099279403687,,,,,,
421,2947,,,1.0159368515014648,,1.0104615688323975,1.0104615688323975,,,,
421,2948,,,0.5968270301818848,,0.5913511514663696,0.5913511514663696,,,,
421,2949,,,0.8262200951576233,,0.8207436800003052,0.8207436800003052,,,,
421,2950,,,0.9981087446212769,,0.9926317930221558,0.9926317930221558,,,,
421,2951,,,0.9393287301063538,,0.9338511824607849,0.9338511824607849,,,,
421,2952,,,1.039847493171692,,1.0343693494796753,1.0343693494796753,,,,
421,2953,,,0.3539202809333801,,0.34844157099723816,0.34844157099723816,,,,
,421,,,,,,,,,1.1379133462905884,1.1379133462905884
421,2953,,,,,,,1.1379133462905884,1.1379133462905884,,
421,2953,0.8649529218673706,0.8704296350479126,,0.8649529218673706,,,,,,
422,2954,,,0.7379885315895081,,0.7325092554092407,0.7325092554092407,,,,
422,2955,,,0.9261727929115295,,0.9206929802894592,0.9206929802894592,,,,
422,2956,,,0.9510642290115356,,0.9455838203430176,0.9455838203430176,,,,
422,2957,,,0.6139833331108093,,0.6085023880004883,0.6085023880004883,,,,
422,2958,,,1.1533308029174805,,1.1478493213653564,1.1478493213653564,,,,
422,2959,,,0.9219455718994141,,0.9164636135101318,0.9164636135101318,,,,
422,2960,,,0.589438796043396,,0.5839561820030212,0.5839561820030212,,,,
,422,,,,,,,,,1.1232631206512451,1.1232631206512451
422,2960,,,,,,,1.1232631206512451,1.1232631206512451,,
422,2960,0.8612682819366455,0.8667490482330322,,0.8612682819366455,,,,,,
423,2961,,,0.6876453757286072,,0.6821620464324951,0.6821620464324951,,,,
423,2962,,,0.5699025392532349,,0.5644187331199646,0.5644187331199646,,,,
423,2963,,,0.6180322170257568,,0.6125478744506836,0.6125478744506836,,,,
423,2964,,,0.9456790685653687,,0.9401940107345581,0.9401940107345581,,,,
423,2965,,,1.1487972736358643,,1.143311619758606,1.143311619758606,,,,
423,2966,,,1.326141119003296,,1.3206548690795898,1.3206548690795898,,,,
423,2967,,,0.5687400102615356,,0.5632531642913818,0.5632531642913818,,,,
,423,,,,,,,,,1.1070455312728882,1.1070455312728882
423,2967,,,,,,,1.1070455312728882,1.1070455312728882,,
423,2967,0.8587464690208435,0.8642313480377197,,0.8587464690208435,,,,,,
424,2968,,,0.9250317215919495,,0.9195443391799927,0.9195443391799927,,,,
424,2969,,,0.628145694732666,,0.6226575970649719,0.6226575970649719,,,,
424,2970,,,0.7225134968757629,,0.7170249819755554,0.7170249819755554,,,,
424,2971,,,0.9837572574615479,,0.9782682061195374,0.9782682061195374,,,,
424,2972,,,0.5537868142127991,,0.5482971668243408,0.5482971668243408,,,,
424,2973,,,1.4506943225860596,,1.4452040195465088,1.4452040195465088,,,,
424,2974,,,0.5944325923919678,,0.588941752910614,0.588941752910614,,,,
,424,,,,,,,,,1.0936052799224854,1.0936052799224854
424,2974,,,,,,,1.0936052799224854,1.0936052799224854,,
424,2974,0.8551920652389526,0.8606810569763184,,0.8551920652389526,,,,,,
425,2975,,,0.8633940815925598,,0.8579025864601135,0.8579025864601135,,,,
425,2976,,,0.9241419434547424,,0.9186497926712036,0.9186497926712036,,,,
425,2977,,,0.34193918108940125,,0.3364465832710266,0.3364465832710266,,,,
425,2978,,,1.0369665622711182,,1.0314735174179077,1.0314735174179077,,,,
425,2979,,,1.0859251022338867,,1.080431580543518,1.080431580543518,,,,
425,2980,,,0.8739926218986511,,0.8684983849525452,0.8684983849525452,,,,
425,2981,,,0.9124990105628967,,0.907004177570343,0.907004177570343,,,,
,425,,,,,,,,,1.0829341411590576,1.0829341411590576
425,2981,,,,,,,1.0829341411590576,1.0829341411590576,,
425,2981,0.852318286895752,0.8578112125396729,,0.852318286895752,,,,,,
426,2982,,,0.765786349773407,,0.7602907419204712,0.7602907419204712,,,,
426,2983,,,0.6706856489181519,,0.6651893854141235,0.6651893854141235,,,,
426,2984,,,0.8814268708229065,,0.8759299516677856,0.8759299516677856,,,,
426,2985,,,0.827587366104126,,0.8220899105072021,0.8220899105072021,,,,
426,2986,,,0.659203827381134,,0.6537057161331177,0.6537057161331177,,,,
426,2987,,,0.9974340796470642,,0.9919354915618896,0.9919354915618896,,,,
426,2988,,,1.732628583908081,,1.727129340171814,1.727129340171814,,,,
,426,,,,,,,,,1.063859224319458,1.063859224319458
426,2988,,,,,,,1.063859224319458,1.063859224319458,,
426,2988,0.8496964573860168,0.8551936149597168,,0.8496964573860168,,,,,,
427,2989,,,0.9580785036087036,,0.9525788426399231,0.9525788426399231,,,,
427,2990,,,0.5902619361877441,,0.5847615599632263,0.5847615599632263,,,,
427,2991,,,0.6364226937294006,,0.6309217810630798,0.6309217810630798,,,,
427,2992,,,0.6628066301345825,,0.6573052406311035,0.6573052406311035,,,,
427,2993,,,1.09511137008667,,1.0896095037460327,1.0896095037460327,,,,
427,2994,,,1.2703852653503418,,1.2648826837539673,1.2648826837539673,,,,
427,2995,,,0.581179678440094,,0.5756765604019165,0.5756765604019165,,,,
,427,,,,,,,,,1.0551233291625977,1.0551233291625977
427,2995,,,,,,,1.0551233291625977,1.0551233291625977,,
427,2995,0.8464216589927673,0.8519229292869568,,0.8464216589927673,,,,,,
428,2996,,,1.3631762266159058,,1.3576726913452148,1.3576726913452148,,,,
428,2997,,,0.727817177772522,,0.7223131656646729,0.7223131656646729,,,,
428,2998,,,0.6971123218536377,,0.6916077136993408,0.6916077136993408,,,,
428,2999,,,0.7065750956535339,,0.7010698914527893,0.7010698914527893,,,,
428,3000,,,0.7533591985702515,,0.7478535771369934,0.7478535771369934,,,,
428,3001,,,0.8435342311859131,,0.8380279541015625,0.8380279541015625,,,,
428,3002,,,0.8549476265907288,,0.8494408130645752,0.8494408130645752,,,,
,428,,,,,,,,,1.0526809692382812,1.0526809692382812
428,3002,,,,,,,1.0526809692382812,1.0526809692382812,,
428,3002,0.8434643745422363,0.8489693999290466,,0.8434643745422363,,,,,,
429,3003,,,1.115066647529602,,1.1095592975616455,1.1095592975616455,,,,
429,3004,,,0.5097053647041321,,0.5041974186897278,0.5041974186897278,,,,
429,3005,,,1.001562476158142,,0.9960540533065796,0.9960540533065796,,,,
429,3006,,,1.0922802686691284,,1.0867713689804077,1.0867713689804077,,,,
429,3007,,,0.5467193722724915,,0.541209876537323,0.541209876537323,,,,
429,3008,,,1.0324983596801758,,1.0269882678985596,1.0269882678985596,,,,
429,3009,,,0.27069804072380066,,0.2651872932910919,0.2651872932910919,,,,
,429,,,,,,,,,1.0559910535812378,1.0559910535812378
429,3009,,,,,,,1.0559910535812378,1.0559910535812378,,
429,3009,0.841447114944458,0.8469560742378235,,0.841447114944458,,,,,,
430,3010,,,0.4901590943336487,,0.48464784026145935,0.48464784026145935,,,,
430,3011,,,1.0445115566253662,,1.0389996767044067,1.0389996767044067,,,,
430,3012,,,1.5306557416915894,,1.5251433849334717,1.5251433849334717,,,,
430,3013,,,0.5853529572486877,,0.5798400640487671,0.5798400640487671,,,,
430,3014,,,0.6334130764007568,,0.6278995275497437,0.6278995275497437,,,,
430,3015,,,0.9404392838478088,,0.9349251985549927,0.9349251985549927,,,,
430,3016,,,0.39490485191345215,,0.38939017057418823,0.38939017057418823,,,,
,430,,,,,,,,,1.0528541803359985,1.0528541803359985
430,3016,,,,,,,1.0528541803359985,1.0528541803359985,,
430,3016,0.8372513055801392,0.8427640199661255,,0.8372513055801392,,,,,,
431,3017,,,0.625535249710083,,0.6200201511383057,0.6200201511383057,,,,
431,3018,,,0.5411957502365112,,0.5356801152229309,0.5356801152229309,,,,
431,3019,,,0.8053126335144043,,0.7997965216636658,0.7997965216636658,,,,
431,3020,,,0.7667378783226013,,0.7612212300300598,0.7612212300300598,,,,
431,3021,,,0.9404088258743286,,0.9348916411399841,0.9348916411399841,,,,
431,3022,,,1.5144991874694824,,1.508981466293335,1.508981466293335,,,,
431,3023,,,0.42749103903770447,,0.4219726622104645,0.4219726622104645,,,,
,431,,,,,,,,,1.04990816116333,1.04990816116333
431,3023,,,,,,,1.04990816116333,1.04990816116333,,
431,3023,0.834326446056366,0.8398429155349731,,0.834326446056366,,,,,,
432,3024,,,0.9142186641693115,,0.9086996912956238,0.9086996912956238,,,,
432,3025,,,0.7169820666313171,,0.7114625573158264,0.7114625573158264,,,,
432,3026,,,0.7696505784988403,,0.7641305327415466,0.7641305327415466,,,,
432,3027,,,1.1812227964401245,,1.1757022142410278,1.1757022142410278,,,,
432,3028,,,0.4584362804889679,,0.45291513204574585,0.45291513204574585,,,,
432,3029,,,1.0436630249023438,,1.0381412506103516,1.0381412506103516,,,,
432,3030,,,0.6692966222763062,,0.663774311542511,0.663774311542511,,,,
,432,,,,,,,,,1.0444674491882324,1.0444674491882324
432,3030,,,,,,,1.0444674491882324,1.0444674491882324,,
432,3030,0.8313673138618469,0.8368878364562988,,0.8313673138618469,,,,,,
433,3031,,,0.7937746047973633,,0.7882517576217651,0.7882517576217651,,,,
433,3032,,,0.911127507686615,,0.9056041240692139,0.9056041240692139,,,,
433,3033,,,0.9362529516220093,,0.9307288527488708,0.9307288527488708,,,,
433,3034,,,0.7620367407798767,,0.7565122246742249,0.7565122246742249,,,,
433,3035,,,0.6676366329193115,,0.6621114611625671,0.6621114611625671,,,,
433,3036,,,0.6499151587486267,,0.6443895101547241,0.6443895101547241,,,,
433,3037,,,1.583088994026184,,1.5775628089904785,1.5775628089904785,,,,
,433,,,,,,,,,1.0502816438674927,1.0502816438674927
433,3037,,,,,,,1.0502816438674927,1.0502816438674927,,
433,3037,0.8281072974205017,0.833631694316864,,0.8281072974205017,,,,,,
434,3038,,,1.0421909093856812,,1.0366640090942383,1.0366640090942383,,,,
434,3039,,,0.7218720316886902,,0.7163444757461548,0.7163444757461548,,,,
434,3040,,,0.6233921051025391,,0.6178639531135559,0.6178639531135559,,,,
434,3041,,,0.4849051535129547,,0.47937652468681335,0.47937652468681335,,,,
434,3042,,,0.9572855830192566,,0.9517563581466675,0.9517563581466675,,,,
434,3043,,,1.1788053512573242,,1.1732757091522217,1.1732757091522217,,,,
434,3044,,,0.7276703715324402,,0.7221400141716003,0.7221400141716003,,,,
,434,,,,,,,,,1.060707688331604,1.060707688331604
434,3044,,,,,,,1.060707688331604,1.060707688331604,,
434,3044,0.8229150176048279,0.8284435868263245,,0.8229150176048279,,,,,,
435,3045,,,1.4475176334381104,,1.4419866800308228,1.4419866800308228,,,,
435,3046,,,0.9184051752090454,,0.9128734469413757,0.9128734469413757,,,,
435,3047,,,0.4108055531978607,,0.4052731990814209,0.4052731990814209,,,,
435,3048,,,0.3193240761756897,,0.31379127502441406,0.31379127502441406,,,,
435,3049,,,0.5830592513084412,,0.5775259733200073,0.5775259733200073,,,,
435,3050,,,0.4835905134677887,,0.4780566096305847,0.4780566096305847,,,,
435,3051,,,2.9077563285827637,,2.902221918106079,2.902221918106079,,,,
,435,,,,,,,,,1.0654462575912476,1.0654462575912476
435,3051,,,,,,,1.0654462575912476,1.0654462575912476,,
435,3051,0.8184847235679626,0.8240174055099487,,0.8184847235679626,,,,,,
436,3052,,,1.6316635608673096,,1.6261285543441772,1.6261285543441772,,,,
436,3053,,,0.5780853629112244,,0.5725498199462891,0.5725498199462891,,,,
436,3054,,,0.5338376760482788,,0.5283015966415405,0.5283015966415405,,,,
436,3055,,,0.6080993413925171,,0.602562665939331,0.602562665939331,,,,
436,3056,,,0.9407538771629333,,0.9352165460586548,0.9352165460586548,,,,
436,3057,,,0.5329186916351318,,0.5273808240890503,0.5273808240890503,,,,
436,3058,,,1.05490243434906,,1.0493639707565308,1.0493639707565308,,,,
,436,,,,,,,,,1.0590596199035645,1.0590596199035645
436,3058,,,,,,,1.0590596199035645,1.0590596199035645,,
436,3058,0.8134355545043945,0.8189720511436462,,0.8134355545043945,,,,,,
437,3059,,,0.8011640906333923,,0.7956250309944153,0.7956250309944153,,,,
437,3060,,,0.9852502346038818,,0.979710578918457,0.979710578918457,,,,
437,3061,,,1.0759450197219849,,1.0704048871994019,1.0704048871994019,,,,
437,3062,,,0.6199419498443604,,0.6144013404846191,0.6144013404846191,,,,
437,3063,,,1.014055848121643,,1.008514642715454,1.008514642715454,,,,
437,3064,,,0.44333532452583313,,0.43779346346855164,0.43779346346855164,,,,
437,3065,,,0.6805492639541626,,0.6750068664550781,0.6750068664550781,,,,
,437,,,,,,,,,1.0441886186599731,1.0441886186599731
437,3065,,,,,,,1.0441886186599731,1.0441886186599731,,
437,3065,0.8093454837799072,0.8148861527442932,,0.8093454837799072,,,,,,
438,3066,,,0.6625633835792542,,0.6570202708244324,0.6570202708244324,,,,
438,3067,,,0.903560996055603,,0.8980172872543335,0.8980172872543335,,,,
438,3068,,,0.9006684422492981,,0.895124077796936,0.895124077796936,,,,
438,3069,,,1.251211404800415,,1.2456663846969604,1.2456663846969604,,,,
438,3070,,,0.49990206956863403,,0.49435654282569885,0.49435654282569885,,,,
438,3071,,,0.8126980066299438,,0.8071519136428833,0.8071519136428833,,,,
438,3072,,,0.3816707730293274,,0.3761241137981415,0.3761241137981415,,,,
,438,,,,,,,,,1.0383577346801758,1.0383577346801758
438,3072,,,,,,,1.0383577346801758,1.0383577346801758,,
438,3072,0.8060208559036255,0.811565637588501,,0.8060208559036255,,,,,,
439,3073,,,0.7572457194328308,,0.7516986131668091,0.7516986131668091,,,,
439,3074,,,0.8835434913635254,,0.8779958486557007,0.8779958486557007,,,,
439,3075,,,0.98298579454422,,0.9774374961853027,0.9774374961853027,,,,
439,3076,,,1.176835536956787,,1.1712865829467773,1.1712865829467773,,,,
439,3077,,,0.532349705696106,,0.5268003344535828,0.5268003344535828,,,,
439,3078,,,0.6160101890563965,,0.6104602813720703,0.6104602813720703,,,,
439,3079,,,0.5429907441139221,,0.537440299987793,0.537440299987793,,,,
,439,,,,,,,,,1.0293333530426025,1.0293333530426025
439,3079,,,,,,,1.0293333530426025,1.0293333530426025,,
439,3079,0.8027009963989258,0.8082496523857117,,0.8027009963989258,,,,,,
440,3080,,,0.8061848878860474,,0.8006338477134705,0.8006338477134705,,,,
440,3081,,,0.7381358742713928,,0.7325842976570129,0.7325842976570129,,,,
440,3082,,,1.5008125305175781,,1.4952603578567505,1.4952603578567505,,,,
440,3083,,,0.4144899845123291,,0.40893736481666565,0.40893736481666565,,,,
440,3084,,,0.8799513578414917,,0.8743981719017029,0.8743981719017029,,,,
440,3085,,,0.44014811515808105,,0.43459436297416687,0.43459436297416687,,,,
440,3086,,,0.9434581398963928,,0.937903881072998,0.937903881072998,,,,
,440,,,,,,,,,1.0303173065185547,1.0303173065185547
440,3086,,,,,,,1.0303173065185547,1.0303173065185547,,
440,3086,0.7997055053710938,0.80525803565979,,0.7997055053710938,,,,,,
441,3087,,,0.6609965562820435,,0.6554416418075562,0.6554416418075562,,,,
441,3088,,,0.6579679846763611,,0.652412474155426,0.652412474155426,,,,
441,3089,,,0.5836761593818665,,0.5781200528144836,0.5781200528144836,,,,
441,3090,,,1.1082254648208618,,1.1026687622070312,1.1026687622070312,,,,
441,3091,,,0.6007614135742188,,0.5952041149139404,0.5952041149139404,,,,
441,3092,,,1.2725163698196411,,1.2669585943222046,1.2669585943222046,,,,
441,3093,,,0.5979781150817871,,0.5924199223518372,0.5924199223518372,,,,
,441,,,,,,,,,1.0205062627792358,1.0205062627792358
441,3093,,,,,,,1.0205062627792358,1.0205062627792358,,
441,3093,0.7957589626312256,0.8013153672218323,,0.7957589626312256,,,,,,
442,3094,,,0.683644711971283,,0.6780857443809509,0.6780857443809509,,,,
442,3095,,,0.5223566293716431,,0.5167971253395081,0.5167971253395081,,,,
442,3096,,,0.9510682225227356,,0.9455081820487976,0.9455081820487976,,,,
442,3097,,,0.6081796884536743,,0.6026190519332886,0.6026190519332886,,,,
442,3098,,,1.3886330127716064,,1.383071780204773,1.383071780204773,,,,
442,3099,,,0.7074882984161377,,0.7019264698028564,0.7019264698028564,,,,
442,3100,,,0.5904046297073364,,0.5848422050476074,0.5848422050476074,,,,
,442,,,,,,,,,1.0183025598526,1.0183025598526
442,3100,,,,,,,1.0183025598526,1.0183025598526,,
442,3100,0.7917371988296509,0.7972975373268127,,0.7917371988296509,,,,,,
443,3101,,,0.5313896536827087,,0.5258266925811768,0.5258266925811768,,,,
443,3102,,,0.3708757758140564,,0.36531224846839905,0.36531224846839905,,,,
443,3103,,,0.630646824836731,,0.6250828504562378,0.6250828504562378,,,,
443,3104,,,1.115228295326233,,1.1096636056900024,1.1096636056900024,,,,
443,3105,,,0.8189502954483032,,0.813385009765625,0.813385009765625,,,,
443,3106,,,1.4100884199142456,,1.4045225381851196,1.4045225381851196,,,,
443,3107,,,0.48883095383644104,,0.48326459527015686,0.48326459527015686,,,,
,443,,,,,,,,,1.0114538669586182,1.0114538669586182
443,3107,,,,,,,1.0114538669586182,1.0114538669586182,,
443,3107,0.788237988948822,0.7938024401664734,,0.788237988948822,,,,,,
444,3108,,,0.6858487725257874,,0.6802818179130554,0.6802818179130554,,,,
444,3109,,,0.5955685377120972,,0.5900011658668518,0.5900011658668518,,,,
444,3110,,,0.6309681534767151,,0.625400185585022,0.625400185585022,,,,
444,3111,,,0.35459619760513306,,0.3490276336669922,0.3490276336669922,,,,
444,3112,,,1.2334003448486328,,1.2278313636779785,1.2278313636779785,,,,
444,3113,,,1.2577859163284302,,1.2522163391113281,1.2522163391113281,,,,
444,3114,,,0.7412440180778503,,0.7356737852096558,0.7356737852096558,,,,
,444,,,,,,,,,1.0069074630737305,1.0069074630737305
444,3114,,,,,,,1.0069074630737305,1.0069074630737305,,
444,3114,0.7844135165214539,0.7899818420410156,,0.7844135165214539,,,,,,
445,3115,,,0.6947795748710632,,0.6892087459564209,0.6892087459564209,,,,
445,3116,,,0.6578472256660461,,0.6522757411003113,0.6522757411003113,,,,
445,3117,,,1.280225396156311,,1.2746533155441284,1.2746533155441284,,,,
445,3118,,,0.7382193803787231,,0.7326468825340271,0.7326468825340271,,,,
445,3119,,,0.45956721901893616,,0.45399409532546997,0.45399409532546997,,,,
445,3120,,,0.819819450378418,,0.8142458200454712,0.8142458200454712,,,,
445,3121,,,0.978766918182373,,0.9731926321983337,0.9731926321983337,,,,
,445,,,,,,,,,1.00697922706604,1.00697922706604
445,3121,,,,,,,1.00697922706604,1.00697922706604,,
445,3121,0.7814858555793762,0.7870582342147827,,0.7814858555793762,,,,,,
446,3122,,,0.9705976843833923,,0.9650229215621948,0.9650229215621948,,,,
446,3123,,,0.5048691034317017,,0.49929362535476685,0.49929362535476685,,,,
446,3124,,,0.7040256261825562,,0.6984496116638184,0.6984496116638184,,,,
446,3125,,,0.8957786560058594,,0.8902020454406738,0.8902020454406738,,,,
446,3126,,,1.0845458507537842,,1.0789687633514404,1.0789687633514404,,,,
446,3127,,,0.5181616544723511,,0.5125840306282043,0.5125840306282043,,,,
446,3128,,,0.8543513417243958,,0.8487732410430908,0.8487732410430908,,,,
,446,,,,,,,,,0.9985066652297974,0.9985066652297974
446,3128,,,,,,,0.9985066652297974,0.9985066652297974,,
446,3128,0.7784801721572876,0.7840564846992493,,0.7784801721572876,,,,,,
447,3129,,,0.9116441011428833,,0.9060652256011963,0.9060652256011963,,,,
447,3130,,,0.5672948360443115,,0.5617154240608215,0.5617154240608215,,,,
447,3131,,,1.2836421728134155,,1.2780622243881226,1.2780622243881226,,,,
447,3132,,,0.8179624676704407,,0.8123819828033447,0.8123819828033447,,,,
447,3133,,,0.51594477891922,,0.5103636980056763,0.5103636980056763,,,,
447,3134,,,0.6752461791038513,,0.6696645617485046,0.6696645617485046,,,,
447,3135,,,0.5529064536094666,,0.5473242998123169,0.5473242998123169,,,,
,447,,,,,,,,,0.9875364899635315,0.9875364899635315
447,3135,,,,,,,0.9875364899635315,0.9875364899635315,,
447,3135,0.7754508852958679,0.7810313105583191,,0.7754508852958679,,,,,,
448,3136,,,0.7138859629631042,,0.7083030343055725,0.7083030343055725,,,,
448,3137,,,0.4702572226524353,,0.464673787355423,0.464673787355423,,,,
448,3138,,,0.7514038681983948,,0.7458198070526123,0.7458198070526123,,,,
448,3139,,,0.9160189628601074,,0.9104342460632324,0.9104342460632324,,,,
448,3140,,,0.7367219924926758,,0.731136679649353,0.731136679649353,,,,
448,3141,,,1.2254443168640137,,1.2198584079742432,1.2198584079742432,,,,
448,3142,,,0.38111433386802673,,0.37552791833877563,0.37552791833877563,,,,
,448,,,,,,,,,0.9696896076202393,0.9696896076202393
448,3142,,,,,,,0.969689667224884,0.969689667224884,,
448,3142,0.7719292044639587,0.7775136828422546,,0.7719292044639587,,,,,,
449,3143,,,0.2906283140182495,,0.2850414216518402,0.2850414216518402,,,,
449,3144,,,0.8795508146286011,,0.873963475227356,0.873963475227356,,,,
449,3145,,,1.0311651229858398,,1.0255773067474365,1.0255773067474365,,,,
449,3146,,,0.7256155014038086,,0.7200269103050232,0.7200269103050232,,,,
449,3147,,,1.1049784421920776,,1.0993893146514893,1.0993893146514893,,,,
449,3148,,,0.6767770648002625,,0.6711874604225159,0.6711874604225159,,,,
449,3149,,,0.6008520126342773,,0.5952618718147278,0.5952618718147278,,,,
,449,,,,,,,,,0.9603352546691895,0.9603352546691895
449,3149,,,,,,,0.9603352546691895,0.9603352546691895,,
449,3149,0.768377959728241,0.7739661931991577,,0.768377959728241,,,,,,
450,3150,,,0.5655763745307922,,0.5599855780601501,0.5599855780601501,,,,
450,3151,,,1.0902647972106934,,1.084673523902893,1.084673523902893,,,,
450,3152,,,0.5244782567024231,,0.5188865065574646,0.5188865065574646,,,,
450,3153,,,0.4722903370857239,,0.46669796109199524,0.46669796109199524,,,,
450,3154,,,0.3599388599395752,,0.3543459475040436,0.3543459475040436,,,,
450,3155,,,0.8536272644996643,,0.8480339050292969,0.8480339050292969,,,,
450,3156,,,2.7997450828552246,,2.7941510677337646,2.7941510677337646,,,,
,450,,,,,,,,,0.966139554977417,0.966139554977417
450,3156,,,,,,,0.9661394953727722,0.9661394953727722,,
450,3156,0.7655577063560486,0.7711498141288757,,0.7655577063560486,,,,,,
451,3157,,,0.9074103832244873,,0.9018157124519348,0.9018157124519348,,,,
451,3158,,,0.2600535750389099,,0.25445815920829773,0.25445815920829773,,,,
451,3159,,,0.4213295578956604,,0.4157336354255676,0.4157336354255676,,,,
451,3160,,,0.731709361076355,,0.7261129021644592,0.7261129021644592,,,,
451,3161,,,0.7084318399429321,,0.7028347849845886,0.7028347849845886,,,,
451,3162,,,1.276046633720398,,1.2704490423202515,1.2704490423202515,,,,
451,3163,,,1.572717547416687,,1.5671195983886719,1.5671195983886719,,,,
,451,,,,,,,,,0.9721717834472656,0.9721717834472656
451,3163,,,,,,,0.9721717834472656,0.9721717834472656,,
451,3163,0.7622076869010925,0.767803966999054,,0.7622076869010925,,,,,,
452,3164,,,0.5722336173057556,,0.5666348934173584,0.5666348934173584,,,,
452,3165,,,0.38489508628845215,,0.3792957663536072,0.3792957663536072,,,,
452,3166,,,0.9414774775505066,,0.9358776211738586,0.9358776211738586,,,,
452,3167,,,0.42050671577453613,,0.41490626335144043,0.41490626335144043,,,,
452,3168,,,1.0199213027954102,,1.0143202543258667,1.0143202543258667,,,,
452,3169,,,1.3453948497772217,,1.339793086051941,1.339793086051941,,,,
452,3170,,,0.5066002607345581,,0.5009980797767639,0.5009980797767639,,,,
,452,,,,,,,,,0.9820410013198853,0.9820410013198853
452,3170,,,,,,,0.9820410013198853,0.9820410013198853,,
452,3170,0.7590121030807495,0.7646124362945557,,0.7590121030807495,,,,,,
453,3171,,,0.6124970316886902,,0.6068943738937378,0.6068943738937378,,,,
453,3172,,,0.7947260141372681,,0.7891227602958679,0.7891227602958679,,,,
453,3173,,,0.9185930490493774,,0.9129891395568848,0.9129891395568848,,,,
453,3174,,,0.9773896336555481,,0.9717851877212524,0.9717851877212524,,,,
453,3175,,,0.909009575843811,,0.9034045934677124,0.9034045934677124,,,,
453,3176,,,0.37498727440834045,,0.36938172578811646,0.36938172578811646,,,,
453,3177,,,0.7174229025840759,,0.7118169069290161,0.7118169069290161,,,,
,453,,,,,,,,,0.9851495623588562,0.9851495623588562
453,3177,,,,,,,0.9851495623588562,0.9851495623588562,,
453,3177,0.7561583518981934,0.7617624998092651,,0.7561583518981934,,,,,,
454,3178,,,0.5381643772125244,,0.5325578451156616,0.5325578451156616,,,,
454,3179,,,0.9988687634468079,,0.9932616353034973,0.9932616353034973,,,,
454,3180,,,0.7048724889755249,,0.6992648243904114,0.6992648243904114,,,,
454,3181,,,0.4860129952430725,,0.480404794216156,0.480404794216156,,,,
454,3182,,,0.6009263396263123,,0.595317542552948,0.595317542552948,,,,
454,3183,,,0.7433760166168213,,0.7377667427062988,0.7377667427062988,,,,
454,3184,,,2.0299031734466553,,2.0242931842803955,2.0242931842803955,,,,
,454,,,,,,,,,0.9763085246086121,0.9763085246086121
454,3184,,,,,,,0.9763085246086121,0.9763085246086121,,
454,3184,0.7525777816772461,0.7581858038902283,,0.7525777816772461,,,,,,
455,3185,,,0.6630746722221375,,0.6574644446372986,0.6574644446372986,,,,
455,3186,,,0.5731053352355957,,0.5674946904182434,0.5674946904182434,,,,
455,3187,,,1.2281625270843506,,1.2225513458251953,1.2225513458251953,,,,
455,3188,,,0.902255654335022,,0.8966439962387085,0.8966439962387085,,,,
455,3189,,,0.5038202404975891,,0.4982079863548279,0.4982079863548279,,,,
455,3190,,,0.8080794215202332,,0.802466630935669,0.802466630935669,,,,
455,3191,,,0.3610812723636627,,0.35546788573265076,0.35546788573265076,,,,
,455,,,,,,,,,0.9584540128707886,0.9584540128707886
455,3191,,,,,,,0.9584540128707886,0.9584540128707886,,
455,3191,0.7495104670524597,0.7551220655441284,,0.7495104670524597,,,,,,
456,3192,,,0.3803836703300476,,0.37476983666419983,0.37476983666419983,,,,
456,3193,,,1.5428615808486938,,1.5372473001480103,1.5372473001480103,,,,
456,3194,,,0.5755064487457275,,0.5698917508125305,0.5698917508125305,,,,
456,3195,,,0.8069343566894531,,0.8013190627098083,0.8013190627098083,,,,
456,3196,,,0.45528271794319153,,0.44966691732406616,0.44966691732406616,,,,
456,3197,,,0.875744640827179,,0.8701282143592834,0.8701282143592834,,,,
456,3198,,,0.42174866795539856,,0.4161317050457001,0.4161317050457001,,,,
,456,,,,,,,,,0.9391102194786072,0.9391102194786072
456,3198,,,,,,,0.9391102194786072,0.9391102194786072,,
456,3198,0.7465211749076843,0.7521364092826843,,0.7465211749076843,,,,,,
457,3199,,,0.7482847571372986,,0.7426672577857971,0.7426672577857971,,,,
457,3200,,,1.2847505807876587,,1.27913236618042,1.27913236618042,,,,
457,3201,,,0.41843381524086,,0.41281527280807495,0.41281527280807495,,,,
457,3202,,,0.4234667420387268,,0.4178476929664612,0.4178476929664612,,,,
457,3203,,,0.7762327194213867,,0.7706131935119629,0.7706131935119629,,,,
457,3204,,,0.7117072939872742,,0.7060871720314026,0.7060871720314026,,,,
457,3205,,,1.098960280418396,,1.0933395624160767,1.0933395624160767,,,,
,457,,,,,,,,,0.9293153285980225,0.9293153285980225
457,3205,,,,,,,0.9293152689933777,0.9293152689933777,,
457,3205,0.7433984875679016,0.7490174770355225,,0.7433984875679016,,,,,,
458,3206,,,0.5613449811935425,,0.5557237267494202,0.5557237267494202,,,,
458,3207,,,0.4640498757362366,,0.45842811465263367,0.45842811465263367,,,,
458,3208,,,0.5367608666419983,,0.5311384797096252,0.5311384797096252,,,,
458,3209,,,1.5331830978393555,,1.5275602340698242,1.5275602340698242,,,,
458,3210,,,0.6712710857391357,,0.6656476855278015,0.6656476855278015,,,,
458,3211,,,0.7617709636688232,,0.7561470866203308,0.7561470866203308,,,,
458,3212,,,0.6050785779953003,,0.5994541049003601,0.5994541049003601,,,,
,458,,,,,,,,,0.9194363951683044,0.9194363951683044
458,3212,,,,,,,0.9194363951683044,0.9194363951683044,,
458,3212,0.7403044104576111,0.745927095413208,,0.7403044104576111,,,,,,
459,3213,,,0.5462456345558167,,0.5406205654144287,0.5406205654144287,,,,
459,3214,,,0.642236053943634,,0.6366103887557983,0.6366103887557983,,,,
459,3215,,,0.5568220615386963,,0.5511958599090576,0.5511958599090576,,,,
459,3216,,,0.5456851720809937,,0.5400584936141968,0.5400584936141968,,,,
459,3217,,,1.259033441543579,,1.2534061670303345,1.2534061670303345,,,,
459,3218,,,0.7429806590080261,,0.7373528480529785,0.7373528480529785,,,,
459,3219,,,1.1726269721984863,,1.1669986248016357,1.1669986248016357,,,,
,459,,,,,,,,,0.9165008068084717,0.9165008068084717
459,3219,,,,,,,0.9165007472038269,0.9165007472038269,,
459,3219,0.7367637753486633,0.7423902750015259,,0.7367637753486633,,,,,,
460,3220,,,1.2222168445587158,,1.216588020324707,1.216588020324707,,,,
460,3221,,,1.3249192237854004,,1.3192896842956543,1.3192896842956543,,,,
460,3222,,,0.5555872917175293,,0.549957275390625,0.549957275390625,,,,
460,3223,,,0.6026150584220886,,0.5969845056533813,0.5969845056533813,,,,
460,3224,,,0.5290579199790955,,0.5234267711639404,0.5234267711639404,,,,
460,3225,,,0.2282855361700058,,0.2226538509130478,0.2226538509130478,,,,
460,3226,,,0.6502895951271057,,0.6446574926376343,0.6446574926376343,,,,
,460,,,,,,,,,0.9107440710067749,0.9107440710067749
460,3226,,,,,,,0.9107440710067749,0.9107440710067749,,
460,3226,0.7326504588127136,0.7382808923721313,,0.7326504588127136,,,,,,
461,3227,,,0.7668375372886658,,0.7612048387527466,0.7612048387527466,,,,
461,3228,,,0.3779173493385315,,0.37228405475616455,0.37228405475616455,,,,
461,3229,,,0.6507644057273865,,0.6451305747032166,0.6451305747032166,,,,
461,3230,,,1.2851698398590088,,1.2795355319976807,1.2795355319976807,,,,
461,3231,,,0.5384700298309326,,0.5328351855278015,0.5328351855278015,,,,
461,3232,,,0.5314592123031616,,0.5258238315582275,0.5258238315582275,,,,
461,3233,,,1.401881217956543,,1.3962453603744507,1.3962453603744507,,,,
,461,,,,,,,,,0.8995136022567749,0.8995136022567749
461,3233,,,,,,,0.8995136022567749,0.8995136022567749,,
461,3233,0.7279068231582642,0.7335410118103027,,0.7279068231582642,,,,,,
462,3234,,,1.2191228866577148,,1.2134863138198853,1.2134863138198853,,,,
462,3235,,,0.6120054125785828,,0.6063683032989502,0.6063683032989502,,,,
462,3236,,,0.8091162443161011,,0.8034785389900208,0.8034785389900208,,,,
462,3237,,,0.45759859681129456,,0.45196041464805603,0.45196041464805603,,,,
462,3238,,,0.5051193237304688,,0.49948057532310486,0.49948057532310486,,,,
462,3239,,,0.8335512280464172,,0.827911913394928,0.827911913394928,,,,
462,3240,,,0.5672364830970764,,0.5615965723991394,0.5615965723991394,,,,
,462,,,,,,,,,0.8927021026611328,0.8927021026611328
462,3240,,,,,,,0.8927021026611328,0.8927021026611328,,
462,3240,0.7236525416374207,0.7292906045913696,,0.7236525416374207,,,,,,
463,3241,,,0.6288049221038818,,0.6231644749641418,0.6231644749641418,,,,
463,3242,,,0.7945001721382141,,0.7888591885566711,0.7888591885566711,,,,
463,3243,,,0.5919020771980286,,0.5862604975700378,0.5862604975700378,,,,
463,3244,,,0.5080869793891907,,0.502444863319397,0.502444863319397,,,,
463,3245,,,0.678286612033844,,0.6726439595222473,0.6726439595222473,,,,
463,3246,,,1.0497153997421265,,1.044072151184082,1.044072151184082,,,,
463,3247,,,0.9985042810440063,,0.9928605556488037,0.9928605556488037,,,,
,463,,,,,,,,,0.8814383149147034,0.8814383149147034
463,3247,,,,,,,0.8814383149147034,0.8814383149147034,,
463,3247,0.7199636101722717,0.7256055474281311,,0.7199636101722717,,,,,,
464,3248,,,0.6972801685333252,,0.6916358470916748,0.6916358470916748,,,,
464,3249,,,1.044806718826294,,1.0391619205474854,1.0391619205474854,,,,
464,3250,,,0.458227276802063,,0.4525819718837738,0.4525819718837738,,,,
464,3251,,,1.1060447692871094,,1.1003988981246948,1.1003988981246948,,,,
464,3252,,,0.6477088332176208,,0.6420624256134033,0.6420624256134033,,,,
464,3253,,,0.5526129603385925,,0.5469659566879272,0.5469659566879272,,,,
464,3254,,,0.2829665541648865,,0.2773189842700958,0.2773189842700958,,,,
,464,,,,,,,,,0.8736104369163513,0.8736104369163513
464,3254,,,,,,,0.8736104369163513,0.8736104369163513,,
464,3254,0.7179296612739563,0.7235753536224365,,0.7179296612739563,,,,,,
465,3255,,,0.46923187375068665,,0.4635838270187378,0.4635838270187378,,,,
465,3256,,,0.5753740072250366,,0.5697253942489624,0.5697253942489624,,,,
465,3257,,,0.5994539856910706,,0.5938048362731934,0.5938048362731934,,,,
465,3258,,,0.5947463512420654,,0.5890966057777405,0.5890966057777405,,,,
465,3259,,,0.7287810444831848,,0.7231307625770569,0.7231307625770569,,,,
465,3260,,,1.2590556144714355,,1.2534047365188599,1.2534047365188599,,,,
465,3261,,,0.9760392308235168,,0.9703879356384277,0.9703879356384277,,,,
,465,,,,,,,,,0.868480920791626,0.868480920791626
465,3261,,,,,,,0.8684809803962708,0.8684809803962708,,
465,3261,0.7147672772407532,0.720416784286499,,0.7147672772407532,,,,,,
466,3262,,,0.6101906895637512,,0.6045387983322144,0.6045387983322144,,,,
466,3263,,,1.5993300676345825,,1.5936777591705322,1.5936777591705322,,,,
466,3264,,,0.6646686792373657,,0.6590158939361572,0.6590158939361572,,,,
466,3265,,,0.5599669814109802,,0.5543137192726135,0.5543137192726135,,,,
466,3266,,,0.3934941589832306,,0.3878403306007385,0.3878403306007385,,,,
466,3267,,,0.5519803762435913,,0.5463259816169739,0.5463259816169739,,,,
466,3268,,,0.531572699546814,,0.5259177088737488,0.5259177088737488,,,,
,466,,,,,,,,,0.8678787350654602,0.8678787350654602
466,3268,,,,,,,0.8678787350654602,0.8678787350654602,,
466,3268,0.7126167416572571,0.718269944190979,,0.7126167416572571,,,,,,
467,3269,,,0.6511638164520264,,0.6455081105232239,0.6455081105232239,,,,
467,3270,,,0.79606032371521,,0.7904040813446045,0.7904040813446045,,,,
467,3271,,,0.8338286876678467,,0.8281718492507935,0.8281718492507935,,,,
467,3272,,,0.5063291788101196,,0.500671923160553,0.500671923160553,,,,
467,3273,,,0.9923666715621948,,0.9867088198661804,0.9867088198661804,,,,
467,3274,,,0.5117126107215881,,0.506054162979126,0.506054162979126,,,,
467,3275,,,0.7187480926513672,,0.7130891680717468,0.7130891680717468,,,,
,467,,,,,,,,,0.8471105694770813,0.8471105694770813
467,3275,,,,,,,0.8471105694770813,0.8471105694770813,,
467,3275,0.7097924947738647,0.7154497504234314,,0.7097924947738647,,,,,,
468,3276,,,1.0086488723754883,,1.0029892921447754,1.0029892921447754,,,,
468,3277,,,0.8990662693977356,,0.8934060335159302,0.8934060335159302,,,,
468,3278,,,0.9503570199012756,,0.9446962475776672,0.9446962475776672,,,,
468,3279,,,0.537976086139679,,0.5323148369789124,0.5323148369789124,,,,
468,3280,,,0.46659746766090393,,0.4609355926513672,0.4609355926513672,,,,
468,3281,,,0.5714610815048218,,0.5657987594604492,0.5657987594604492,,,,
468,3282,,,0.2886382043361664,,0.2829752564430237,0.2829752564430237,,,,
,468,,,,,,,,,0.8321599960327148,0.8321599960327148
468,3282,,,,,,,0.8321599960327148,0.8321599960327148,,
468,3282,0.7068637609481812,0.7125248908996582,,0.7068637609481812,,,,,,
469,3283,,,0.5189411640167236,,0.5132776498794556,0.5132776498794556,,,,
469,3284,,,0.6421773433685303,,0.6365132927894592,0.6365132927894592,,,,
469,3285,,,1.0089247226715088,,1.0032601356506348,1.0032601356506348,,,,
469,3286,,,0.914727509021759,,0.9090622663497925,0.9090622663497925,,,,
469,3287,,,0.4541384279727936,,0.4484728276729584,0.4484728276729584,,,,
469,3288,,,0.8240936398506165,,0.8184275031089783,0.8184275031089783,,,,
469,3289,,,0.436815083026886,,0.43114832043647766,0.43114832043647766,,,,
,469,,,,,,,,,0.816941499710083,0.816941499710083
469,3289,,,,,,,0.8169415593147278,0.8169415593147278,,
469,3289,0.7044225931167603,0.7100875973701477,,0.7044225931167603,,,,,,
470,3290,,,0.7024650573730469,,0.6967977285385132,0.6967977285385132,,,,
470,3291,,,0.7579513788223267,,0.75228351354599,0.75228351354599,,,,
470,3292,,,0.4844675660133362,,0.47879916429519653,0.47879916429519653,,,,
470,3293,,,0.7661694288253784,,0.7605003714561462,0.7605003714561462,,,,
470,3294,,,0.844240665435791,,0.8385710120201111,0.8385710120201111,,,,
470,3295,,,0.8170549869537354,,0.8113849759101868,0.8113849759101868,,,,
470,3296,,,0.3836306631565094,,0.37796005606651306,0.37796005606651306,,,,
,470,,,,,,,,,0.8103519678115845,0.8103519678115845
470,3296,,,,,,,0.8103519678115845,0.8103519678115845,,
470,3296,0.702756404876709,0.7084251046180725,,0.702756404876709,,,,,,
471,3297,,,0.5408462882041931,,0.5351752042770386,0.5351752042770386,,,,
471,3298,,,0.2821063995361328,,0.2764348089694977,0.2764348089694977,,,,
471,3299,,,0.49709564447402954,,0.491423636674881,0.491423636674881,,,,
471,3300,,,0.7067230343818665,,0.7010505199432373,0.7010505199432373,,,,
471,3301,,,0.7549643516540527,,0.7492913007736206,0.7492913007736206,,,,
471,3302,,,1.3103125095367432,,1.3046388626098633,1.3046388626098633,,,,
471,3303,,,1.0824066400527954,,1.0767325162887573,1.0767325162887573,,,,
,471,,,,,,,,,0.8023372888565063,0.8023372888565063
471,3303,,,,,,,0.8023372888565063,0.8023372888565063,,
471,3303,0.6998884677886963,0.7055608630180359,,0.6998884677886963,,,,,,
472,3304,,,0.639874279499054,,0.6341993808746338,0.6341993808746338,,,,
472,3305,,,0.5765013098716736,,0.5708258748054504,0.5708258748054504,,,,
472,3306,,,0.43546074628829956,,0.42978471517562866,0.42978471517562866,,,,
472,3307,,,0.7983343005180359,,0.7926577925682068,0.7926577925682068,,,,
472,3308,,,1.0322692394256592,,1.0265920162200928,1.0265920162200928,,,,
472,3309,,,0.8079485297203064,,0.8022707104682922,0.8022707104682922,,,,
472,3310,,,0.5159069895744324,,0.5102288126945496,0.5102288126945496,,,,
,472,,,,,,,,,0.7970852255821228,0.7970852255821228
472,3310,,,,,,,0.7970852255821228,0.7970852255821228,,
472,3310,0.6976731419563293,0.7033495903015137,,0.6976731419563293,,,,,,
473,3311,,,0.33275866508483887,,0.3270799219608307,0.3270799219608307,,,,
473,3312,,,0.9933490753173828,,0.987669825553894,0.987669825553894,,,,
473,3313,,,0.4043717384338379,,0.39869192242622375,0.39869192242622375,,,,
473,3314,,,1.1440860033035278,,1.138405680656433,1.138405680656433,,,,
473,3315,,,0.6386540532112122,,0.6329732537269592,0.6329732537269592,,,,
473,3316,,,0.7674000859260559,,0.76171875,0.76171875,,,,
473,3317,,,0.5065821409225464,,0.5009002685546875,0.5009002685546875,,,,
,473,,,,,,,,,0.7872939705848694,0.7872939705848694
473,3317,,,,,,,0.7872939705848694,0.7872939705848694,,
473,3317,0.6955885291099548,0.7012686729431152,,0.6955885291099548,,,,,,
474,3318,,,0.2789371609687805,,0.2732546627521515,0.2732546627521515,,,,
474,3319,,,0.40010425448417664,,0.3944213092327118,0.3944213092327118,,,,
474,3320,,,0.8041728734970093,,0.7984893918037415,0.7984893918037415,,,,
474,3321,,,0.8163917660713196,,0.8107078075408936,0.8107078075408936,,,,
474,3322,,,0.5910550355911255,,0.5853704810142517,0.5853704810142517,,,,
474,3323,,,1.2176930904388428,,1.212007999420166,1.212007999420166,,,,
474,3324,,,0.929838240146637,,0.924152672290802,0.924152672290802,,,,
,474,,,,,,,,,0.7901791334152222,0.7901791334152222
474,3324,,,,,,,0.7901791334152222,0.7901791334152222,,
474,3324,0.69346022605896,0.699144184589386,,0.69346022605896,,,,,,
475,3325,,,0.6008145809173584,,0.5951282978057861,0.5951282978057861,,,,
475,3326,,,0.9045671224594116,,0.8988803029060364,0.8988803029060364,,,,
475,3327,,,0.8927289843559265,,0.8870415687561035,0.8870415687561035,,,,
475,3328,,,0.47032630443573,,0.46463847160339355,0.46463847160339355,,,,
475,3329,,,0.804709255695343,,0.7990208864212036,0.7990208864212036,,,,
475,3330,,,0.48241549730300903,,0.47672656178474426,0.47672656178474426,,,,
475,3331,,,0.7649115324020386,,0.7592220902442932,0.7592220902442932,,,,
,475,,,,,,,,,0.7927483916282654,0.7927483916282654
475,3331,,,,,,,0.7927483916282654,0.7927483916282654,,
475,3331,0.6911599636077881,0.6968475580215454,,0.6911599636077881,,,,,,
476,3332,,,0.806857705116272,,0.8011676073074341,0.8011676073074341,,,,
476,3333,,,0.7167211771011353,,0.7110305428504944,0.7110305428504944,,,,
476,3334,,,0.5245236754417419,,0.5188323855400085,0.5188323855400085,,,,
476,3335,,,0.8542622923851013,,0.8485705256462097,0.8485705256462097,,,,
476,3336,,,0.37786149978637695,,0.3721691966056824,0.3721691966056824,,,,
476,3337,,,1.0705692768096924,,1.0648764371871948,1.0648764371871948,,,,
476,3338,,,0.21352580189704895,,0.2078324407339096,0.2078324407339096,,,,
,476,,,,,,,,,0.7917464375495911,0.7917464375495911
476,3338,,,,,,,0.7917464375495911,0.7917464375495911,,
476,3338,0.6893465518951416,0.6950381398200989,,0.6893465518951416,,,,,,
477,3339,,,0.7478736042976379,,0.742179811000824,0.742179811000824,,,,
477,3340,,,0.4725272059440613,,0.4668329060077667,0.4668329060077667,,,,
477,3341,,,0.41864675283432007,,0.41295185685157776,0.41295185685157776,,,,
477,3342,,,0.44776204228401184,,0.44206660985946655,0.44206660985946655,,,,
477,3343,,,1.6559556722640991,,1.6502597332000732,1.6502597332000732,,,,
477,3344,,,0.520792543888092,,0.5150961875915527,0.5150961875915527,,,,
477,3345,,,0.4009937345981598,,0.3952968120574951,0.3952968120574951,,,,
,477,,,,,,,,,0.7826383113861084,0.7826383113861084
477,3345,,,,,,,0.7826382517814636,0.7826382517814636,,
477,3345,0.6866860389709473,0.6923812627792358,,0.6866860389709473,,,,,,
478,3346,,,0.4113253653049469,,0.4056280553340912,0.4056280553340912,,,,
478,3347,,,0.49008098244667053,,0.484383225440979,0.484383225440979,,,,
478,3348,,,0.39609000086784363,,0.3903917074203491,0.3903917074203491,,,,
478,3349,,,0.690075695514679,,0.6843768954277039,0.6843768954277039,,,,
478,3350,,,1.2400873899459839,,1.234387993812561,1.234387993812561,,,,
478,3351,,,0.6716209650039673,,0.6659210920333862,0.6659210920333862,,,,
478,3352,,,1.3346161842346191,,1.3289158344268799,1.3289158344268799,,,,
,478,,,,,,,,,0.7741975784301758,0.7741975784301758
478,3352,,,,,,,0.7741975784301758,0.7741975784301758,,
478,3352,0.6844599843025208,0.6901586055755615,,0.6844599843025208,,,,,,
479,3353,,,0.6350072026252747,,0.6293064951896667,0.6293064951896667,,,,
479,3354,,,0.491923451423645,,0.48622214794158936,0.48622214794158936,,,,
479,3355,,,0.8372595906257629,,0.8315577507019043,0.8315577507019043,,,,
479,3356,,,0.4787784814834595,,0.47307607531547546,0.47307607531547546,,,,
479,3357,,,0.9013237953186035,,0.8956208229064941,0.8956208229064941,,,,
479,3358,,,0.861646294593811,,0.855942964553833,0.855942964553833,,,,
479,3359,,,0.4794226586818695,,0.47371888160705566,0.47371888160705566,,,,
,479,,,,,,,,,0.7742745876312256,0.7742745876312256
479,3359,,,,,,,0.7742745280265808,0.7742745280265808,,
479,3359,0.6822542548179626,0.6879563927650452,,0.6822542548179626,,,,,,
480,3360,,,0.4887215793132782,,0.4830174148082733,0.4830174148082733,,,,
480,3361,,,0.571718692779541,,0.5660140514373779,0.5660140514373779,,,,
480,3362,,,0.8443596959114075,,0.838654637336731,0.838654637336731,,,,
480,3363,,,1.0305216312408447,,1.0248161554336548,1.0248161554336548,,,,
480,3364,,,0.389812171459198,,0.3841061592102051,0.3841061592102051,,,,
480,3365,,,0.89962238073349,,0.8939158320426941,0.8939158320426941,,,,
480,3366,,,0.3916184902191162,,0.3859114348888397,0.3859114348888397,,,,
,480,,,,,,,,,0.7807815670967102,0.7807815670967102
480,3366,,,,,,,0.7807815670967102,0.7807815670967102,,
480,3366,0.680037796497345,0.6857432126998901,,0.680037796497345,,,,,,
481,3367,,,0.38915306329727173,,0.38344550132751465,0.38344550132751465,,,,
481,3368,,,0.7398229241371155,,0.7341148257255554,0.7341148257255554,,,,
481,3369,,,0.7617480754852295,,0.7560395002365112,0.7560395002365112,,,,
481,3370,,,0.4406733512878418,,0.43496423959732056,0.43496423959732056,,,,
481,3371,,,1.1178675889968872,,1.112157940864563,1.112157940864563,,,,
481,3372,,,0.6056356430053711,,0.5999255180358887,0.5999255180358887,,,,
481,3373,,,0.7958170175552368,,0.7901064157485962,0.7901064157485962,,,,
,481,,,,,,,,,0.7816466093063354,0.7816466093063354
481,3373,,,,,,,0.7816466093063354,0.7816466093063354,,
481,3373,0.6771666407585144,0.6828756332397461,,0.6771666407585144,,,,,,
482,3374,,,0.9345376491546631,,0.928826630115509,0.928826630115509,,,,
482,3375,,,0.778522789478302,,0.7728114128112793,0.7728114128112793,,,,
482,3376,,,0.5332152247428894,,0.5275033712387085,0.5275033712387085,,,,
482,3377,,,0.3618001937866211,,0.356087863445282,0.356087863445282,,,,
482,3378,,,0.36370497941970825,,0.35799217224121094,0.35799217224121094,,,,
482,3379,,,1.0077648162841797,,1.0020514726638794,1.0020514726638794,,,,
482,3380,,,0.9396275877952576,,0.9339136481285095,0.9339136481285095,,,,
,482,,,,,,,,,0.7894592881202698,0.7894592881202698
482,3380,,,,,,,0.7894592881202698,0.7894592881202698,,
482,3380,0.6738024950027466,0.6795146465301514,,0.6738024950027466,,,,,,
483,3381,,,0.5539576411247253,,0.5482431054115295,0.5482431054115295,,,,
483,3382,,,1.0144907236099243,,1.0087757110595703,1.0087757110595703,,,,
483,3383,,,0.7495740056037903,,0.7438584566116333,0.7438584566116333,,,,
483,3384,,,0.8129918575286865,,0.807275652885437,0.807275652885437,,,,
483,3385,,,0.2288917899131775,,0.2231750637292862,0.2231750637292862,,,,
483,3386,,,0.8439650535583496,,0.8382478952407837,0.8382478952407837,,,,
483,3387,,,0.30224609375,,0.2965283989906311,0.2965283989906311,,,,
,483,,,,,,,,,0.7810593843460083,0.7810593843460083
483,3387,,,,,,,0.7810593843460083,0.7810593843460083,,
483,3387,0.6714938879013062,0.6772099137306213,,0.6714938879013062,,,,,,
484,3388,,,0.728935718536377,,0.7232174873352051,0.7232174873352051,,,,
484,3389,,,0.9929816126823425,,0.9872629642486572,0.9872629642486572,,,,
484,3390,,,0.37178513407707214,,0.3660658895969391,0.3660658895969391,,,,
484,3391,,,0.531105637550354,,0.5253859162330627,0.5253859162330627,,,,
484,3392,,,0.9574162364006042,,0.9516959190368652,0.9516959190368652,,,,
484,3393,,,0.5894697904586792,,0.583748996257782,0.583748996257782,,,,
484,3394,,,0.32417362928390503,,0.31845226883888245,0.31845226883888245,,,,
,484,,,,,,,,,0.7733573913574219,0.7733573913574219
484,3394,,,,,,,0.7733573913574219,0.7733573913574219,,
484,3394,0.667732834815979,0.6734524965286255,,0.667732834815979,,,,,,
485,3395,,,0.7492885589599609,,0.7435667514801025,0.7435667514801025,,,,
485,3396,,,0.8984261751174927,,0.8927037119865417,0.8927037119865417,,,,
485,3397,,,0.6930367350578308,,0.6873137950897217,0.6873137950897217,,,,
485,3398,,,0.5141588449478149,,0.5084353685379028,0.5084353685379028,,,,
485,3399,,,0.9450016617774963,,0.939277708530426,0.939277708530426,,,,
485,3400,,,0.34918561577796936,,0.34346121549606323,0.34346121549606323,,,,
485,3401,,,0.33750805258750916,,0.33178314566612244,0.33178314566612244,,,,
,485,,,,,,,,,0.7664757966995239,0.7664757966995239
485,3401,,,,,,,0.7664757966995239,0.7664757966995239,,
485,3401,0.6649689674377441,0.6706922054290771,,0.6649689674377441,,,,,,
486,3402,,,0.2569231688976288,,0.2511977255344391,0.2511977255344391,,,,
486,3403,,,1.0391690731048584,,1.0334432125091553,1.0334432125091553,,,,
486,3404,,,0.33731508255004883,,0.33158865571022034,0.33158865571022034,,,,
486,3405,,,0.3828994333744049,,0.3771725594997406,0.3771725594997406,,,,
486,3406,,,0.8965938687324524,,0.8908664584159851,0.8908664584159851,,,,
486,3407,,,0.970106303691864,,0.9643782377243042,0.9643782377243042,,,,
486,3408,,,0.9958382248878479,,0.9901097416877747,0.9901097416877747,,,,
,486,,,,,,,,,0.7609038949012756,0.7609038949012756
486,3408,,,,,,,0.7609038949012756,0.7609038949012756,,
486,3408,0.6619510054588318,0.6676778793334961,,0.6619510054588318,,,,,,
487,3409,,,1.2699353694915771,,1.2642062902450562,1.2642062902450562,,,,
487,3410,,,0.6153910160064697,,0.6096615791320801,0.6096615791320801,,,,
487,3411,,,0.6277235150337219,,0.6219934821128845,0.6219934821128845,,,,
487,3412,,,0.3170236349105835,,0.3112930655479431,0.3112930655479431,,,,
487,3413,,,0.6826419830322266,,0.676910936832428,0.676910936832428,,,,
487,3414,,,0.49143362045288086,,0.4857020676136017,0.4857020676136017,,,,
487,3415,,,0.6317685842514038,,0.626036524772644,0.626036524772644,,,,
,487,,,,,,,,,0.7503253221511841,0.7503253221511841
487,3415,,,,,,,0.7503253221511841,0.7503253221511841,,
487,3415,0.6595342755317688,0.6652646660804749,,0.6595342755317688,,,,,,
488,3416,,,0.575888991355896,,0.5701563358306885,0.5701563358306885,,,,
488,3417,,,0.5421395897865295,,0.5364063382148743,0.5364063382148743,,,,
488,3418,,,0.8473455309867859,,0.8416118025779724,0.8416118025779724,,,,
488,3419,,,0.48379194736480713,,0.478057861328125,0.478057861328125,,,,
488,3420,,,0.713376522064209,,0.7076418995857239,0.7076418995857239,,,,
488,3421,,,0.7080832123756409,,0.702347993850708,0.702347993850708,,,,
488,3422,,,0.9468836784362793,,0.9411478638648987,0.9411478638648987,,,,
,488,,,,,,,,,0.7324650287628174,0.7324650287628174
488,3422,,,,,,,0.7324650883674622,0.7324650883674622,,
488,3422,0.657122015953064,0.6628561019897461,,0.657122015953064,,,,,,
489,3423,,,0.5079210996627808,,0.5021848082542419,0.5021848082542419,,,,
489,3424,,,0.6549974083900452,,0.6492606401443481,0.6492606401443481,,,,
489,3425,,,0.946528971195221,,0.9407917261123657,0.9407917261123657,,,,
489,3426,,,0.3877296447753906,,0.3819919526576996,0.3819919526576996,,,,
489,3427,,,0.7284768223762512,,0.7227385640144348,0.7227385640144348,,,,
489,3428,,,0.833831787109375,,0.8280930519104004,0.8280930519104004,,,,
489,3429,,,0.4072788655757904,,0.40153953433036804,0.40153953433036804,,,,
,489,,,,,,,,,0.7242854833602905,0.7242854833602905
489,3429,,,,,,,0.7242854833602905,0.7242854833602905,,
489,3429,0.6550020575523376,0.6607396006584167,,0.6550020575523376,,,,,,
490,3430,,,0.45821234583854675,,0.4524725675582886,0.4524725675582886,,,,
490,3431,,,0.5745203495025635,,0.5687801241874695,0.5687801241874695,,,,
490,3432,,,0.30810749530792236,,0.3023667633533478,0.3023667633533478,,,,
490,3433,,,1.1179598569869995,,1.1122186183929443,1.1122186183929443,,,,
490,3434,,,0.8729730248451233,,0.8672313690185547,0.8672313690185547,,,,
490,3435,,,0.7245726585388184,,0.7188305258750916,0.7188305258750916,,,,
490,3436,,,0.37078729271888733,,0.3650445342063904,0.3650445342063904,,,,
,490,,,,,,,,,0.7214921712875366,0.7214921712875366
490,3436,,,,,,,0.7214921712875366,0.7214921712875366,,
490,3436,0.6523594856262207,0.6581006050109863,,0.6523594856262207,,,,,,
491,3437,,,0.422395259141922,,0.41665202379226685,0.41665202379226685,,,,
491,3438,,,0.9746937155723572,,0.9689500331878662,0.9689500331878662,,,,
491,3439,,,0.7453732490539551,,0.7396291494369507,0.7396291494369507,,,,
491,3440,,,0.7116125822067261,,0.7058679461479187,0.7058679461479187,,,,
491,3441,,,0.5029314756393433,,0.49718624353408813,0.49718624353408813,,,,
491,3442,,,0.6266536712646484,,0.6209079623222351,0.6209079623222351,,,,
491,3443,,,0.5207039713859558,,0.5149577856063843,0.5149577856063843,,,,
,491,,,,,,,,,0.7120727300643921,0.7120727300643921
491,3443,,,,,,,0.7120727300643921,0.7120727300643921,,
491,3443,0.6497729420661926,0.6555175185203552,,0.6497729420661926,,,,,,
492,3444,,,0.678299605846405,,0.6725528836250305,0.6725528836250305,,,,
492,3445,,,0.8712562918663025,,0.865509033203125,0.865509033203125,,,,
492,3446,,,0.45052486658096313,,0.4447771906852722,0.4447771906852722,,,,
492,3447,,,0.3919765055179596,,0.3862283527851105,0.3862283527851105,,,,
492,3448,,,0.5762454271316528,,0.5704967975616455,0.5704967975616455,,,,
492,3449,,,0.7308380603790283,,0.725088894367218,0.725088894367218,,,,
492,3450,,,1.2388293743133545,,1.2330795526504517,1.2330795526504517,,,,
,492,,,,,,,,,0.7039309144020081,0.7039309144020081
492,3450,,,,,,,0.7039309144020081,0.7039309144020081,,
492,3450,0.6473816633224487,0.6531297564506531,,0.6473816633224487,,,,,,
493,3451,,,0.5109854340553284,,0.5052351951599121,0.5052351951599121,,,,
493,3452,,,0.8547996282577515,,0.8490488529205322,0.8490488529205322,,,,
493,3453,,,0.29814642667770386,,0.2923952639102936,0.2923952639102936,,,,
493,3454,,,0.6587722301483154,,0.6530205607414246,0.6530205607414246,,,,
493,3455,,,0.7045509815216064,,0.6987988948822021,0.6987988948822021,,,,
493,3456,,,0.7454602122306824,,0.7397075295448303,0.7397075295448303,,,,
493,3457,,,1.0129629373550415,,1.0072097778320312,1.0072097778320312,,,,
,493,,,,,,,,,0.6976594924926758,0.6976594924926758
493,3457,,,,,,,0.6976594924926758,0.6976594924926758,,
493,3457,0.6456328630447388,0.6513845324516296,,0.6456328630447388,,,,,,
494,3458,,,0.8548200726509094,,0.8490663170814514,0.8490663170814514,,,,
494,3459,,,0.594806969165802,,0.5890526175498962,0.5890526175498962,,,,
494,3460,,,1.0349397659301758,,1.0291848182678223,1.0291848182678223,,,,
494,3461,,,0.5426186323165894,,0.5368632674217224,0.5368632674217224,,,,
494,3462,,,0.47827252745628357,,0.4725167155265808,0.4725167155265808,,,,
494,3463,,,0.2502029538154602,,0.24444659054279327,0.24444659054279327,,,,
494,3464,,,1.0045667886734009,,0.9988100528717041,0.9988100528717041,,,,
,494,,,,,,,,,0.7039046287536621,0.7039046287536621
494,3464,,,,,,,0.7039046287536621,0.7039046287536621,,
494,3464,0.6424602270126343,0.6482154130935669,,0.6424602270126343,,,,,,
495,3465,,,0.41198381781578064,,0.40622633695602417,0.40622633695602417,,,,
495,3466,,,1.2517454624176025,,1.2459874153137207,1.2459874153137207,,,,
495,3467,,,0.8387570977210999,,0.8329985737800598,0.8329985737800598,,,,
495,3468,,,0.5946924090385437,,0.5889333486557007,0.5889333486557007,,,,
495,3469,,,0.5720701217651367,,0.5663105845451355,0.5663105845451355,,,,
495,3470,,,0.3633289337158203,,0.3575688302516937,0.3575688302516937,,,,
495,3471,,,0.22323645651340485,,0.21747581660747528,0.21747581660747528,,,,
,495,,,,,,,,,0.70362389087677,0.70362389087677
495,3471,,,,,,,0.70362389087677,0.70362389087677,,
495,3471,0.6399338841438293,0.645692765712738,,0.6399338841438293,,,,,,
496,3472,,,0.7660980820655823,,0.7603369951248169,0.7603369951248169,,,,
496,3473,,,0.40833747386932373,,0.40257588028907776,0.40257588028907776,,,,
496,3474,,,1.2667083740234375,,1.260946273803711,1.260946273803711,,,,
496,3475,,,0.3251740634441376,,0.3194115459918976,0.3194115459918976,,,,
496,3476,,,0.8243393301963806,,0.8185763359069824,0.8185763359069824,,,,
496,3477,,,0.35054972767829895,,0.3447861671447754,0.3447861671447754,,,,
496,3478,,,0.42731383442878723,,0.42154979705810547,0.42154979705810547,,,,
,496,,,,,,,,,0.7000026106834412,0.7000026106834412
496,3478,,,,,,,0.7000026106834412,0.7000026106834412,,
496,3478,0.6376022696495056,0.6433647274971008,,0.6376022696495056,,,,,,
497,3479,,,0.6866305470466614,,0.6808658838272095,0.6808658838272095,,,,
497,3480,,,0.7024456262588501,,0.6966803669929504,0.6966803669929504,,,,
497,3481,,,0.3383629024028778,,0.33259710669517517,0.33259710669517517,,,,
497,3482,,,0.44081589579582214,,0.4350496232509613,0.4350496232509613,,,,
497,3483,,,0.38675689697265625,,0.3809901177883148,0.3809901177883148,,,,
497,3484,,,1.315663456916809,,1.3098961114883423,1.3098961114883423,,,,
497,3485,,,0.5760103464126587,,0.5702425837516785,0.5702425837516785,,,,
,497,,,,,,,,,0.6996930241584778,0.6996930241584778
497,3485,,,,,,,0.6996930241584778,0.6996930241584778,,
497,3485,0.6352815628051758,0.6410477757453918,,0.6352815628051758,,,,,,
498,3486,,,0.2937951982021332,,0.28802689909935,0.28802689909935,,,,
498,3487,,,1.1064817905426025,,1.1007130146026611,1.1007130146026611,,,,
498,3488,,,0.6802964806556702,,0.6745272874832153,0.6745272874832153,,,,
498,3489,,,0.6899011135101318,,0.6841314435005188,0.6841314435005188,,,,
498,3490,,,0.3990354537963867,,0.3932652175426483,0.3932652175426483,,,,
498,3491,,,0.5642566084861755,,0.5584858059883118,0.5584858059883118,,,,
498,3492,,,0.8960234522819519,,0.8902521729469299,0.8902521729469299,,,,
,498,,,,,,,,,0.7027549147605896,0.7027549147605896
498,3492,,,,,,,0.7027549147605896,0.7027549147605896,,
498,3492,0.6326265335083008,0.638396143913269,,0.6326265335083008,,,,,,
499,3493,,,0.5236930847167969,,0.5179212093353271,0.5179212093353271,,,,
499,3494,,,0.3693951368331909,,0.36362266540527344,0.36362266540527344,,,,
499,3495,,,0.4849911630153656,,0.47921812534332275,0.47921812534332275,,,,
499,3496,,,0.9341349005699158,,0.9283613562583923,0.9283613562583923,,,,
499,3497,,,0.7816516160964966,,0.7758774757385254,0.7758774757385254,,,,
499,3498,,,0.8764973878860474,,0.8707227110862732,0.8707227110862732,,,,
499,3499,,,0.22866003215312958,,0.22288493812084198,0.22288493812084198,,,,
,499,,,,,,,,,0.6975697875022888,0.6975697875022888
499,3499,,,,,,,0.6975697875022888,0.6975697875022888,,
499,3499,0.6304792761802673,0.6362527012825012,,0.6304792761802673,,,,,,
