epoch,step,train_loss_epoch,train_loss_regularized_epoch,train_loss_regularized_step,train_loss_scaled (x10^0)_epoch,train_loss_scaled (x10^0)_step,train_loss_step,val_loss_epoch,val_loss_scaled (x10^0)_epoch,val_loss_scaled (x10^0)_step,val_loss_step
0,0,,,43.51309585571289,,43.512516021728516,43.512516021728516,,,,
0,1,,,38.663822174072266,,38.66324234008789,38.66324234008789,,,,
0,2,,,45.392147064208984,,45.391571044921875,45.391571044921875,,,,
0,3,,,38.372100830078125,,38.371524810791016,38.371524810791016,,,,
0,4,,,16.682405471801758,,16.68182945251465,16.68182945251465,,,,
0,5,,,32.817623138427734,,32.817047119140625,32.817047119140625,,,,
0,6,,,65.68955993652344,,65.6889877319336,65.6889877319336,,,,
,0,,,,,,,,,3.8364181518554688,3.8364181518554688
0,6,,,,,,,3.8364181518554688,3.8364181518554688,,
0,6,37.6582145690918,37.658790588378906,,37.6582145690918,,,,,,
1,7,,,23.44416618347168,,23.44359016418457,23.44359016418457,,,,
1,8,,,35.11148452758789,,35.11090850830078,35.11090850830078,,,,
1,9,,,38.090450286865234,,38.08987808227539,38.08987808227539,,,,
1,10,,,53.19014358520508,,53.189571380615234,53.189571380615234,,,,
1,11,,,32.15855407714844,,32.157981872558594,32.157981872558594,,,,
1,12,,,46.41264343261719,,46.412071228027344,46.412071228027344,,,,
1,13,,,30.187883377075195,,30.18731117248535,30.18731117248535,,,,
,1,,,,,,,,,3.813371419906616,3.813371419906616
1,13,,,,,,,3.813371419906616,3.813371419906616,,
1,13,37.60380554199219,37.604373931884766,,37.60380554199219,,,,,,
2,14,,,39.921058654785156,,39.92048645019531,39.92048645019531,,,,
2,15,,,65.81922912597656,,65.81865692138672,65.81865692138672,,,,
2,16,,,23.43341827392578,,23.43284797668457,23.43284797668457,,,,
2,17,,,36.144962310791016,,36.14439392089844,36.14439392089844,,,,
2,18,,,38.88566589355469,,38.88509750366211,38.88509750366211,,,,
2,19,,,24.928508758544922,,24.927940368652344,24.927940368652344,,,,
2,20,,,27.270061492919922,,27.269493103027344,27.269493103027344,,,,
,2,,,,,,,,,3.7885611057281494,3.7885611057281494
2,20,,,,,,,3.7885611057281494,3.7885611057281494,,
2,20,37.54595947265625,37.54652786254883,,37.54595947265625,,,,,,
3,21,,,28.436573028564453,,28.436006546020508,28.436006546020508,,,,
3,22,,,32.887245178222656,,32.88667678833008,32.88667678833008,,,,
3,23,,,45.5733642578125,,45.57279968261719,45.57279968261719,,,,
3,24,,,64.5975112915039,,64.5969467163086,64.5969467163086,,,,
3,25,,,28.316423416137695,,28.315858840942383,28.315858840942383,,,,
3,26,,,15.181785583496094,,15.181221008300781,15.181221008300781,,,,
3,27,,,63.8885612487793,,63.887996673583984,63.887996673583984,,,,
,3,,,,,,,,,3.7617430686950684,3.7617430686950684
3,27,,,,,,,3.7617430686950684,3.7617430686950684,,
3,27,37.48196029663086,37.48252487182617,,37.48196029663086,,,,,,
4,28,,,23.031126022338867,,23.030563354492188,23.030563354492188,,,,
4,29,,,41.04610061645508,,41.04553985595703,41.04553985595703,,,,
4,30,,,34.232269287109375,,34.23170852661133,34.23170852661133,,,,
4,31,,,56.042049407958984,,56.04148864746094,56.04148864746094,,,,
4,32,,,21.779123306274414,,21.778562545776367,21.778562545776367,,,,
4,33,,,58.5153694152832,,58.514808654785156,58.514808654785156,,,,
4,34,,,10.325709342956543,,10.325150489807129,10.325150489807129,,,,
,4,,,,,,,,,3.7354862689971924,3.7354862689971924
4,34,,,,,,,3.7354862689971924,3.7354862689971924,,
4,34,37.41405487060547,37.41461944580078,,37.41405487060547,,,,,,
5,35,,,36.3507080078125,,36.35015106201172,36.35015106201172,,,,
5,36,,,40.694793701171875,,40.694236755371094,40.694236755371094,,,,
5,37,,,38.659385681152344,,38.65882873535156,38.65882873535156,,,,
5,38,,,34.63564682006836,,34.63508987426758,34.63508987426758,,,,
5,39,,,44.00705337524414,,44.00649642944336,44.00649642944336,,,,
5,40,,,35.176727294921875,,35.17617416381836,35.17617416381836,,,,
5,41,,,22.86504364013672,,22.864490509033203,22.864490509033203,,,,
,5,,,,,,,,,3.7086806297302246,3.7086806297302246
5,41,,,,,,,3.7086806297302246,3.7086806297302246,,
5,41,37.348262786865234,37.34881591796875,,37.348262786865234,,,,,,
6,42,,,48.548675537109375,,48.54812240600586,48.54812240600586,,,,
6,43,,,28.879344940185547,,28.87879180908203,28.87879180908203,,,,
6,44,,,44.75521469116211,,44.754661560058594,44.754661560058594,,,,
6,45,,,22.68360710144043,,22.683055877685547,22.683055877685547,,,,
6,46,,,44.75160217285156,,44.75105285644531,44.75105285644531,,,,
6,47,,,35.03089141845703,,35.03034210205078,35.03034210205078,,,,
6,48,,,34.71074295043945,,34.7101936340332,34.7101936340332,,,,
,6,,,,,,,,,3.681037187576294,3.681037187576294
6,48,,,,,,,3.681037187576294,3.681037187576294,,
6,48,37.28036880493164,37.280921936035156,,37.28036880493164,,,,,,
7,49,,,34.467037200927734,,34.466487884521484,34.466487884521484,,,,
7,50,,,49.19033432006836,,49.18978500366211,49.18978500366211,,,,
7,51,,,33.590641021728516,,33.59009552001953,33.59009552001953,,,,
7,52,,,31.0379638671875,,31.037418365478516,31.037418365478516,,,,
7,53,,,29.812320709228516,,29.81177520751953,29.81177520751953,,,,
7,54,,,31.102767944335938,,31.102222442626953,31.102222442626953,,,,
7,55,,,74.70830535888672,,74.707763671875,74.707763671875,,,,
,7,,,,,,,,,3.6519479751586914,3.6519479751586914
7,55,,,,,,,3.6519482135772705,3.6519482135772705,,
7,55,37.20991134643555,37.2104606628418,,37.20991134643555,,,,,,
8,56,,,35.01488494873047,,35.01434326171875,35.01434326171875,,,,
8,57,,,44.452693939208984,,44.452152252197266,44.452152252197266,,,,
8,58,,,43.83098602294922,,43.8304443359375,43.8304443359375,,,,
8,59,,,34.51605987548828,,34.51551818847656,34.51551818847656,,,,
8,60,,,44.78425598144531,,44.783714294433594,44.783714294433594,,,,
8,61,,,27.993253707885742,,27.992713928222656,27.992713928222656,,,,
8,62,,,16.416610717773438,,16.41607093811035,16.41607093811035,,,,
,8,,,,,,,,,3.623659610748291,3.623659610748291
8,62,,,,,,,3.623659610748291,3.623659610748291,,
8,62,37.136451721191406,37.13699722290039,,37.136451721191406,,,,,,
9,63,,,18.557477951049805,,18.55694007873535,18.55694007873535,,,,
9,64,,,45.684932708740234,,45.68439483642578,45.68439483642578,,,,
9,65,,,29.439340591430664,,29.438804626464844,29.438804626464844,,,,
9,66,,,22.95443344116211,,22.95389747619629,22.95389747619629,,,,
9,67,,,63.131309509277344,,63.130775451660156,63.130775451660156,,,,
9,68,,,39.79888153076172,,39.79834747314453,39.79834747314453,,,,
9,69,,,44.57847595214844,,44.57794189453125,44.57794189453125,,,,
,9,,,,,,,,,3.5946664810180664,3.5946664810180664
9,69,,,,,,,3.5946667194366455,3.5946667194366455,,
9,69,37.06351089477539,37.064048767089844,,37.06351089477539,,,,,,
10,70,,,68.73401641845703,,68.73348236083984,68.73348236083984,,,,
10,71,,,39.75032424926758,,39.74979019165039,39.74979019165039,,,,
10,72,,,24.715845108032227,,24.715312957763672,24.715312957763672,,,,
10,73,,,16.580463409423828,,16.579933166503906,16.579933166503906,,,,
10,74,,,13.416242599487305,,13.415712356567383,13.415712356567383,,,,
10,75,,,55.777427673339844,,55.77689743041992,55.77689743041992,,,,
10,76,,,44.9305419921875,,44.93001174926758,44.93001174926758,,,,
,10,,,,,,,,,3.564924955368042,3.564924955368042
10,76,,,,,,,3.564924955368042,3.564924955368042,,
10,76,36.991355895996094,36.99188995361328,,36.991355895996094,,,,,,
11,77,,,30.17889976501465,,30.17837142944336,30.17837142944336,,,,
11,78,,,34.56644821166992,,34.565921783447266,34.565921783447266,,,,
11,79,,,37.13672637939453,,37.136199951171875,37.136199951171875,,,,
11,80,,,21.626089096069336,,21.62556266784668,21.62556266784668,,,,
11,81,,,43.97115707397461,,43.97063064575195,43.97063064575195,,,,
11,82,,,52.64236831665039,,52.641845703125,52.641845703125,,,,
11,83,,,40.557003021240234,,40.556480407714844,40.556480407714844,,,,
,11,,,,,,,,,3.534696340560913,3.534696340560913
11,83,,,,,,,3.534696340560913,3.534696340560913,,
11,83,36.9140739440918,36.91460037231445,,36.9140739440918,,,,,,
12,84,,,63.62918472290039,,63.628662109375,63.628662109375,,,,
12,85,,,27.039306640625,,27.03878402709961,27.03878402709961,,,,
12,86,,,26.935482025146484,,26.934961318969727,26.934961318969727,,,,
12,87,,,22.53420639038086,,22.5336856842041,22.5336856842041,,,,
12,88,,,19.377277374267578,,19.37675666809082,19.37675666809082,,,,
12,89,,,50.399417877197266,,50.39889907836914,50.39889907836914,,,,
12,90,,,66.46815490722656,,66.46763610839844,66.46763610839844,,,,
,12,,,,,,,,,3.5024468898773193,3.5024468898773193
12,90,,,,,,,3.5024468898773193,3.5024468898773193,,
12,90,36.83719253540039,36.83771514892578,,36.83719253540039,,,,,,
13,91,,,36.570594787597656,,36.57007598876953,36.57007598876953,,,,
13,92,,,24.408462524414062,,24.40794563293457,24.40794563293457,,,,
13,93,,,25.223867416381836,,25.223352432250977,25.223352432250977,,,,
13,94,,,46.30817794799805,,46.30766296386719,46.30766296386719,,,,
13,95,,,35.144535064697266,,35.144020080566406,35.144020080566406,,,,
13,96,,,59.61046600341797,,59.60995101928711,59.60995101928711,,,,
13,97,,,18.794517517089844,,18.794004440307617,18.794004440307617,,,,
,13,,,,,,,,,3.4698805809020996,3.4698805809020996
13,97,,,,,,,3.4698805809020996,3.4698805809020996,,
13,97,36.7546272277832,36.75514602661133,,36.7546272277832,,,,,,
14,98,,,52.319114685058594,,52.318603515625,52.318603515625,,,,
14,99,,,29.510244369506836,,29.509733200073242,29.509733200073242,,,,
14,100,,,35.5816650390625,,35.581153869628906,35.581153869628906,,,,
14,101,,,28.566186904907227,,28.565677642822266,28.565677642822266,,,,
14,102,,,30.097579956054688,,30.097070693969727,30.097070693969727,,,,
14,103,,,42.8790168762207,,42.878509521484375,42.878509521484375,,,,
14,104,,,39.56780242919922,,39.56729507446289,39.56729507446289,,,,
,14,,,,,,,,,3.435455083847046,3.435455083847046
14,104,,,,,,,3.435455083847046,3.435455083847046,,
14,104,36.672706604003906,36.673213958740234,,36.672706604003906,,,,,,
15,105,,,36.355953216552734,,36.355445861816406,36.355445861816406,,,,
15,106,,,41.2286262512207,,41.22812271118164,41.22812271118164,,,,
15,107,,,18.55051040649414,,18.550006866455078,18.550006866455078,,,,
15,108,,,44.93157196044922,,44.931068420410156,44.931068420410156,,,,
15,109,,,46.253578186035156,,46.253074645996094,46.253074645996094,,,,
15,110,,,24.92959213256836,,24.92909049987793,24.92909049987793,,,,
15,111,,,55.970359802246094,,55.9698600769043,55.9698600769043,,,,
,15,,,,,,,,,3.398358106613159,3.398358106613159
15,111,,,,,,,3.398358106613159,3.398358106613159,,
15,111,36.585960388183594,36.586463928222656,,36.585960388183594,,,,,,
16,112,,,34.23967361450195,,34.239173889160156,34.239173889160156,,,,
16,113,,,52.92279052734375,,52.92229080200195,52.92229080200195,,,,
16,114,,,10.855828285217285,,10.855329513549805,10.855329513549805,,,,
16,115,,,45.0494384765625,,45.04894256591797,45.04894256591797,,,,
16,116,,,42.56556701660156,,42.56507110595703,42.56507110595703,,,,
16,117,,,22.65122413635254,,22.650728225708008,22.650728225708008,,,,
16,118,,,64.96379852294922,,64.96330261230469,64.96330261230469,,,,
,16,,,,,,,,,3.358341932296753,3.358341932296753
16,118,,,,,,,3.358341932296753,3.358341932296753,,
16,118,36.49298095703125,36.49348068237305,,36.49298095703125,,,,,,
17,119,,,26.890233993530273,,26.889739990234375,26.889739990234375,,,,
17,120,,,47.581912994384766,,47.5814208984375,47.5814208984375,,,,
17,121,,,36.87836456298828,,36.877872467041016,36.877872467041016,,,,
17,122,,,37.30584716796875,,37.305355072021484,37.305355072021484,,,,
17,123,,,37.59134292602539,,37.590850830078125,37.590850830078125,,,,
17,124,,,43.62485885620117,,43.62437057495117,43.62437057495117,,,,
17,125,,,5.708513259887695,,5.708024024963379,5.708024024963379,,,,
,17,,,,,,,,,3.3152031898498535,3.3152031898498535
17,125,,,,,,,3.3152031898498535,3.3152031898498535,,
17,125,36.39374542236328,36.39423370361328,,36.39374542236328,,,,,,
18,126,,,34.72080993652344,,34.72032165527344,34.72032165527344,,,,
18,127,,,42.82606887817383,,42.82558059692383,42.82558059692383,,,,
18,128,,,26.307924270629883,,26.307437896728516,26.307437896728516,,,,
18,129,,,33.90247344970703,,33.9019889831543,33.9019889831543,,,,
18,130,,,36.75627899169922,,36.755794525146484,36.755794525146484,,,,
18,131,,,41.30362319946289,,41.303138732910156,41.303138732910156,,,,
18,132,,,41.38774108886719,,41.38725662231445,41.38725662231445,,,,
,18,,,,,,,,,3.265885353088379,3.265885353088379
18,132,,,,,,,3.265885591506958,3.265885591506958,,
18,132,36.28776168823242,36.288246154785156,,36.28776168823242,,,,,,
19,133,,,39.65091323852539,,39.65043258666992,39.65043258666992,,,,
19,134,,,43.23245620727539,,43.23197555541992,43.23197555541992,,,,
19,135,,,46.32549285888672,,46.32501220703125,46.32501220703125,,,,
19,136,,,18.25897216796875,,18.258493423461914,18.258493423461914,,,,
19,137,,,41.37321472167969,,41.372737884521484,41.372737884521484,,,,
19,138,,,35.47808837890625,,35.47761154174805,35.47761154174805,,,,
19,139,,,16.69359588623047,,16.693119049072266,16.693119049072266,,,,
,19,,,,,,,,,3.209207057952881,3.209207057952881
19,139,,,,,,,3.209207057952881,3.209207057952881,,
19,139,36.16881561279297,36.16929244995117,,36.16881561279297,,,,,,
20,140,,,18.48229217529297,,18.4818172454834,18.4818172454834,,,,
20,141,,,38.230712890625,,38.23023986816406,38.23023986816406,,,,
20,142,,,37.03245162963867,,37.031978607177734,37.031978607177734,,,,
20,143,,,27.28199005126953,,27.281517028808594,27.281517028808594,,,,
20,144,,,29.325551986694336,,29.32508087158203,29.32508087158203,,,,
20,145,,,57.43522262573242,,57.43475341796875,57.43475341796875,,,,
20,146,,,58.42182922363281,,58.42136001586914,58.42136001586914,,,,
,20,,,,,,,,,3.1395905017852783,3.1395905017852783
20,146,,,,,,,3.1395905017852783,3.1395905017852783,,
20,146,36.03033447265625,36.03081130981445,,36.03033447265625,,,,,,
21,147,,,38.95787048339844,,38.957401275634766,38.957401275634766,,,,
21,148,,,46.18473434448242,,46.18426513671875,46.18426513671875,,,,
21,149,,,7.088825702667236,,7.088358402252197,7.088358402252197,,,,
21,150,,,21.359275817871094,,21.358808517456055,21.358808517456055,,,,
21,151,,,51.39950180053711,,51.3990364074707,51.3990364074707,,,,
21,152,,,51.82966613769531,,51.829200744628906,51.829200744628906,,,,
21,153,,,31.571041107177734,,31.57057762145996,31.57057762145996,,,,
,21,,,,,,,,,3.0547611713409424,3.0547611713409424
21,153,,,,,,,3.0547611713409424,3.0547611713409424,,
21,153,35.86761474609375,35.86808395385742,,35.86761474609375,,,,,,
22,154,,,27.187559127807617,,27.187097549438477,27.187097549438477,,,,
22,155,,,24.44370460510254,,24.4432430267334,24.4432430267334,,,,
22,156,,,43.864906311035156,,43.864444732666016,43.864444732666016,,,,
22,157,,,37.2183723449707,,37.21791458129883,37.21791458129883,,,,
22,158,,,25.665307998657227,,25.66485023498535,25.66485023498535,,,,
22,159,,,54.61544418334961,,54.614986419677734,54.614986419677734,,,,
22,160,,,38.41227722167969,,38.41181945800781,38.41181945800781,,,,
,22,,,,,,,,,2.9439852237701416,2.9439852237701416
22,160,,,,,,,2.9439852237701416,2.9439852237701416,,
22,160,35.67011260986328,35.67057418823242,,35.67011260986328,,,,,,
23,161,,,35.85065460205078,,35.85020065307617,35.85020065307617,,,,
23,162,,,38.2950325012207,,38.294578552246094,38.294578552246094,,,,
23,163,,,23.517520904541016,,23.517066955566406,23.517066955566406,,,,
23,164,,,43.89888000488281,,43.8984260559082,43.8984260559082,,,,
23,165,,,39.359806060791016,,39.35935592651367,39.35935592651367,,,,
23,166,,,44.439266204833984,,44.43881607055664,44.43881607055664,,,,
23,167,,,1.2383427619934082,,1.2378935813903809,1.2378935813903809,,,,
,23,,,,,,,,,2.804002046585083,2.804002046585083
23,167,,,,,,,2.804002046585083,2.804002046585083,,
23,167,35.423160552978516,35.423614501953125,,35.423160552978516,,,,,,
24,168,,,33.4573860168457,,33.45693588256836,33.45693588256836,,,,
24,169,,,48.79750061035156,,48.797054290771484,48.797054290771484,,,,
24,170,,,29.07155418395996,,29.071107864379883,29.071107864379883,,,,
24,171,,,16.861011505126953,,16.860565185546875,16.860565185546875,,,,
24,172,,,39.792518615722656,,39.79207229614258,39.79207229614258,,,,
24,173,,,48.135379791259766,,48.13493728637695,48.13493728637695,,,,
24,174,,,20.58863067626953,,20.58818817138672,20.58818817138672,,,,
,24,,,,,,,,,2.6181094646453857,2.6181094646453857
24,174,,,,,,,2.6181094646453857,2.6181094646453857,,
24,174,35.1110954284668,35.111541748046875,,35.1110954284668,,,,,,
25,175,,,37.85561752319336,,37.85517501831055,37.85517501831055,,,,
25,176,,,45.59946060180664,,45.599021911621094,45.599021911621094,,,,
25,177,,,36.035579681396484,,36.03514099121094,36.03514099121094,,,,
25,178,,,35.47868728637695,,35.478248596191406,35.478248596191406,,,,
25,179,,,33.16836166381836,,33.16792297363281,33.16792297363281,,,,
25,180,,,32.31928253173828,,32.31884765625,32.31884765625,,,,
25,181,,,1.9219008684158325,,1.9214657545089722,1.9214657545089722,,,,
,25,,,,,,,,,2.384514093399048,2.384514093399048
25,181,,,,,,,2.384514093399048,2.384514093399048,,
25,181,34.6941032409668,34.69454574584961,,34.6941032409668,,,,,,
26,182,,,17.622318267822266,,17.621883392333984,17.621883392333984,,,,
26,183,,,53.99517059326172,,53.99473571777344,53.99473571777344,,,,
26,184,,,28.51665496826172,,28.516223907470703,28.516223907470703,,,,
26,185,,,33.819461822509766,,33.81903076171875,33.81903076171875,,,,
26,186,,,42.832279205322266,,42.83184814453125,42.83184814453125,,,,
26,187,,,33.912086486816406,,33.911659240722656,33.911659240722656,,,,
26,188,,,18.264602661132812,,18.264175415039062,18.264175415039062,,,,
,26,,,,,,,,,2.0856947898864746,2.0856947898864746
26,188,,,,,,,2.0856947898864746,2.0856947898864746,,
26,188,34.12461853027344,34.12504959106445,,34.12461853027344,,,,,,
27,189,,,25.254589080810547,,25.254161834716797,25.254161834716797,,,,
27,190,,,30.16657066345215,,30.16614532470703,30.16614532470703,,,,
27,191,,,42.05710983276367,,42.05668640136719,42.05668640136719,,,,
27,192,,,34.13866424560547,,34.138240814208984,34.138240814208984,,,,
27,193,,,20.388898849487305,,20.388477325439453,20.388477325439453,,,,
27,194,,,59.320228576660156,,59.31980895996094,59.31980895996094,,,,
27,195,,,3.2303502559661865,,3.2299301624298096,3.2299301624298096,,,,
,27,,,,,,,,,1.7415693998336792,1.7415693998336792
27,195,,,,,,,1.7415693998336792,1.7415693998336792,,
27,195,33.338783264160156,33.339210510253906,,33.338783264160156,,,,,,
28,196,,,24.52828598022461,,24.52786636352539,24.52786636352539,,,,
28,197,,,33.65982437133789,,33.65940475463867,33.65940475463867,,,,
28,198,,,25.351089477539062,,25.350671768188477,25.350671768188477,,,,
28,199,,,31.637645721435547,,31.637229919433594,31.637229919433594,,,,
28,200,,,51.71738052368164,,51.71696472167969,51.71696472167969,,,,
28,201,,,24.55733871459961,,24.55692481994629,24.55692481994629,,,,
28,202,,,39.321014404296875,,39.32060241699219,39.32060241699219,,,,
,28,,,,,,,,,1.363038182258606,1.363038182258606
28,202,,,,,,,1.363038182258606,1.363038182258606,,
28,202,32.34420394897461,32.34461975097656,,32.34420394897461,,,,,,
29,203,,,33.769649505615234,,33.76923751831055,33.76923751831055,,,,
29,204,,,29.91358184814453,,29.913171768188477,29.913171768188477,,,,
29,205,,,55.39928436279297,,55.39887619018555,55.39887619018555,,,,
29,206,,,13.340054512023926,,13.33964729309082,13.33964729309082,,,,
29,207,,,16.394229888916016,,16.393823623657227,16.393823623657227,,,,
29,208,,,41.6250114440918,,41.62460708618164,41.62460708618164,,,,
29,209,,,20.452320098876953,,20.451915740966797,20.451915740966797,,,,
,29,,,,,,,,,1.0333597660064697,1.0333597660064697
29,209,,,,,,,1.0333597660064697,1.0333597660064697,,
29,209,31.07589340209961,31.076303482055664,,31.07589340209961,,,,,,
30,210,,,42.64963912963867,,42.649234771728516,42.649234771728516,,,,
30,211,,,30.688600540161133,,30.68819808959961,30.68819808959961,,,,
30,212,,,31.15886116027832,,31.158458709716797,31.158458709716797,,,,
30,213,,,27.515169143676758,,27.514768600463867,27.514768600463867,,,,
30,214,,,17.597808837890625,,17.597410202026367,17.597410202026367,,,,
30,215,,,20.218414306640625,,20.218015670776367,20.218015670776367,,,,
30,216,,,50.09124755859375,,50.090850830078125,50.090850830078125,,,,
,30,,,,,,,,,0.8245072960853577,0.8245072960853577
30,216,,,,,,,0.8245072960853577,0.8245072960853577,,
30,216,29.585908889770508,29.586305618286133,,29.585908889770508,,,,,,
31,217,,,9.799463272094727,,9.799066543579102,9.799066543579102,,,,
31,218,,,29.6314754486084,,29.631080627441406,29.631080627441406,,,,
31,219,,,18.31902313232422,,18.318628311157227,18.318628311157227,,,,
31,220,,,39.359458923339844,,39.359066009521484,39.359066009521484,,,,
31,221,,,32.557044982910156,,32.5566520690918,32.5566520690918,,,,
31,222,,,44.05517578125,,44.05478286743164,44.05478286743164,,,,
31,223,,,8.273493766784668,,8.273103713989258,8.273103713989258,,,,
,31,,,,,,,,,0.8169080018997192,0.8169080018997192
31,223,,,,,,,0.8169080018997192,0.8169080018997192,,
31,223,27.73673439025879,27.73712921142578,,27.73673439025879,,,,,,
32,224,,,28.41822624206543,,28.417837142944336,28.417837142944336,,,,
32,225,,,7.845510005950928,,7.84512186050415,7.84512186050415,,,,
32,226,,,34.796180725097656,,34.79579162597656,34.79579162597656,,,,
32,227,,,30.663516998291016,,30.663129806518555,30.663129806518555,,,,
32,228,,,14.392278671264648,,14.39189338684082,14.39189338684082,,,,
32,229,,,41.00044250488281,,41.000057220458984,41.000057220458984,,,,
32,230,,,22.14804458618164,,22.147661209106445,22.147661209106445,,,,
,32,,,,,,,,,1.0751737356185913,1.0751737356185913
32,230,,,,,,,1.0751737356185913,1.0751737356185913,,
32,230,25.948110580444336,25.948495864868164,,25.948110580444336,,,,,,
33,231,,,21.438146591186523,,21.437763214111328,21.437763214111328,,,,
33,232,,,21.570261001586914,,21.56987953186035,21.56987953186035,,,,
33,233,,,18.9891414642334,,18.988759994506836,18.988759994506836,,,,
33,234,,,35.89395523071289,,35.89357376098633,35.89357376098633,,,,
33,235,,,20.15213394165039,,20.15175437927246,20.15175437927246,,,,
33,236,,,32.70720672607422,,32.70682907104492,32.70682907104492,,,,
33,237,,,6.13607120513916,,6.135693550109863,6.135693550109863,,,,
,33,,,,,,,,,1.6355094909667969,1.6355094909667969
33,237,,,,,,,1.6355094909667969,1.6355094909667969,,
33,237,24.00775718688965,24.00813865661621,,24.00775718688965,,,,,,
34,238,,,7.558385848999023,,7.558008670806885,7.558008670806885,,,,
34,239,,,37.57339859008789,,37.573020935058594,37.573020935058594,,,,
34,240,,,13.005880355834961,,13.005504608154297,13.005504608154297,,,,
34,241,,,23.164409637451172,,23.164033889770508,23.164033889770508,,,,
34,242,,,40.05208206176758,,40.05170822143555,40.05170822143555,,,,
34,243,,,11.54541301727295,,11.545040130615234,11.545040130615234,,,,
34,244,,,21.663597106933594,,21.663225173950195,21.663225173950195,,,,
,34,,,,,,,,,2.5545835494995117,2.5545835494995117
34,244,,,,,,,2.5545833110809326,2.5545833110809326,,
34,244,22.12094497680664,22.121320724487305,,22.12094497680664,,,,,,
35,245,,,36.569175720214844,,36.56880187988281,36.56880187988281,,,,
35,246,,,20.458810806274414,,20.45844078063965,20.45844078063965,,,,
35,247,,,8.741790771484375,,8.74142074584961,8.74142074584961,,,,
35,248,,,24.299100875854492,,24.298730850219727,24.298730850219727,,,,
35,249,,,22.949758529663086,,22.94938850402832,22.94938850402832,,,,
35,250,,,9.219621658325195,,9.219253540039062,9.219253540039062,,,,
35,251,,,19.306331634521484,,19.30596351623535,19.30596351623535,,,,
,35,,,,,,,,,3.821671724319458,3.821671724319458
35,251,,,,,,,3.821671724319458,3.821671724319458,,
35,251,20.309925079345703,20.31029510498047,,20.309925079345703,,,,,,
36,252,,,16.156749725341797,,16.156381607055664,16.156381607055664,,,,
36,253,,,26.412927627563477,,26.412559509277344,26.412559509277344,,,,
36,254,,,11.965188980102539,,11.964822769165039,11.964822769165039,,,,
36,255,,,15.782510757446289,,15.782144546508789,15.782144546508789,,,,
36,256,,,19.32379150390625,,19.32342529296875,19.32342529296875,,,,
36,257,,,15.794419288635254,,15.79405403137207,15.79405403137207,,,,
36,258,,,33.20443344116211,,33.20406723022461,33.20406723022461,,,,
,36,,,,,,,,,5.456489086151123,5.456489086151123
36,258,,,,,,,5.456489086151123,5.456489086151123,,
36,258,18.491748809814453,18.492116928100586,,18.491748809814453,,,,,,
37,259,,,10.594353675842285,,10.593990325927734,10.593990325927734,,,,
37,260,,,15.562838554382324,,15.562475204467773,15.562475204467773,,,,
37,261,,,22.59497833251953,,22.594615936279297,22.594615936279297,,,,
37,262,,,30.46798324584961,,30.467620849609375,30.467620849609375,,,,
37,263,,,12.34112548828125,,12.340764045715332,12.340764045715332,,,,
37,264,,,12.171479225158691,,12.171117782592773,12.171117782592773,,,,
37,265,,,11.49549388885498,,11.495132446289062,11.495132446289062,,,,
,37,,,,,,,,,7.151244163513184,7.151244163513184
37,265,,,,,,,7.151244163513184,7.151244163513184,,
37,265,16.947649002075195,16.948009490966797,,16.947649002075195,,,,,,
38,266,,,14.173688888549805,,14.173328399658203,14.173328399658203,,,,
38,267,,,19.390958786010742,,19.39059829711914,19.39059829711914,,,,
38,268,,,12.861979484558105,,12.86161994934082,12.86161994934082,,,,
38,269,,,13.11303997039795,,13.112680435180664,13.112680435180664,,,,
38,270,,,21.034189224243164,,21.033830642700195,21.033830642700195,,,,
38,271,,,14.214085578918457,,14.213726997375488,14.213726997375488,,,,
38,272,,,12.811487197875977,,12.811128616333008,12.811128616333008,,,,
,38,,,,,,,,,8.880568504333496,8.880568504333496
38,272,,,,,,,8.880568504333496,8.880568504333496,,
38,272,15.621953964233398,15.622314453125,,15.621953964233398,,,,,,
39,273,,,16.794374465942383,,16.794015884399414,16.794015884399414,,,,
39,274,,,16.957592010498047,,16.957233428955078,16.957233428955078,,,,
39,275,,,11.6500825881958,,11.649724960327148,11.649724960327148,,,,
39,276,,,16.241857528686523,,16.241498947143555,16.241498947143555,,,,
39,277,,,15.00772762298584,,15.007369995117188,15.007369995117188,,,,
39,278,,,11.125271797180176,,11.12491512298584,11.12491512298584,,,,
39,279,,,12.672144889831543,,12.671788215637207,12.671788215637207,,,,
,39,,,,,,,,,10.551627159118652,10.551627159118652
39,279,,,,,,,10.551627159118652,10.551627159118652,,
39,279,14.51399040222168,14.514347076416016,,14.51399040222168,,,,,,
40,280,,,14.77944564819336,,14.779088973999023,14.779088973999023,,,,
40,281,,,12.29507064819336,,12.294713973999023,12.294713973999023,,,,
40,282,,,14.840299606323242,,14.839942932128906,14.839942932128906,,,,
40,283,,,15.009790420532227,,15.009434700012207,15.009434700012207,,,,
40,284,,,14.795625686645508,,14.795269966125488,14.795269966125488,,,,
40,285,,,9.67485523223877,,9.67449951171875,9.67449951171875,,,,
40,286,,,13.335397720336914,,13.335041999816895,13.335041999816895,,,,
,40,,,,,,,,,12.099396705627441,12.099396705627441
40,286,,,,,,,12.099396705627441,12.099396705627441,,
40,286,13.551936149597168,13.552291870117188,,13.551936149597168,,,,,,
41,287,,,12.063215255737305,,12.062859535217285,12.062859535217285,,,,
41,288,,,8.299480438232422,,8.299125671386719,8.299125671386719,,,,
41,289,,,15.812172889709473,,15.81181812286377,15.81181812286377,,,,
41,290,,,14.352405548095703,,14.35205078125,14.35205078125,,,,
41,291,,,9.615499496459961,,9.615144729614258,9.615144729614258,,,,
41,292,,,16.480138778686523,,16.47978401184082,16.47978401184082,,,,
41,293,,,12.951451301574707,,12.951096534729004,12.951096534729004,,,,
,41,,,,,,,,,13.477351188659668,13.477351188659668
41,293,,,,,,,13.477351188659668,13.477351188659668,,
41,293,12.78077507019043,12.781131744384766,,12.78077507019043,,,,,,
42,294,,,15.195600509643555,,15.195246696472168,15.195246696472168,,,,
42,295,,,15.935811042785645,,15.935457229614258,15.935457229614258,,,,
42,296,,,10.415605545043945,,10.415251731872559,10.415251731872559,,,,
42,297,,,8.744088172912598,,8.743734359741211,8.743734359741211,,,,
42,298,,,10.285179138183594,,10.284825325012207,10.284825325012207,,,,
42,299,,,13.452231407165527,,13.45187759399414,13.45187759399414,,,,
42,300,,,10.2931489944458,,10.292795181274414,10.292795181274414,,,,
,42,,,,,,,,,14.653738975524902,14.653738975524902
42,300,,,,,,,14.653738975524902,14.653738975524902,,
42,300,12.217440605163574,12.217796325683594,,12.217440605163574,,,,,,
43,301,,,13.081314086914062,,13.080960273742676,13.080960273742676,,,,
43,302,,,13.819332122802734,,13.818978309631348,13.818978309631348,,,,
43,303,,,9.704878807067871,,9.7045259475708,9.7045259475708,,,,
43,304,,,11.912104606628418,,11.911751747131348,11.911751747131348,,,,
43,305,,,13.000091552734375,,12.999738693237305,12.999738693237305,,,,
43,306,,,8.978896141052246,,8.978543281555176,8.978543281555176,,,,
43,307,,,11.310446739196777,,11.310093879699707,11.310093879699707,,,,
,43,,,,,,,,,15.43204402923584,15.43204402923584
43,307,,,,,,,15.43204402923584,15.43204402923584,,
43,307,11.723260879516602,11.723613739013672,,11.723260879516602,,,,,,
44,308,,,15.653656959533691,,15.653304100036621,15.653304100036621,,,,
44,309,,,8.96346378326416,,8.96311092376709,8.96311092376709,,,,
44,310,,,9.098835945129395,,9.098483085632324,9.098483085632324,,,,
44,311,,,11.543802261352539,,11.543449401855469,11.543449401855469,,,,
44,312,,,11.089850425720215,,11.089497566223145,11.089497566223145,,,,
44,313,,,10.905587196350098,,10.905234336853027,10.905234336853027,,,,
44,314,,,13.46723747253418,,13.46688461303711,13.46688461303711,,,,
,44,,,,,,,,,16.15801239013672,16.15801239013672
44,314,,,,,,,16.15801239013672,16.15801239013672,,
44,314,11.341670989990234,11.342025756835938,,11.341670989990234,,,,,,
45,315,,,10.293242454528809,,10.292889595031738,10.292889595031738,,,,
45,316,,,8.291177749633789,,8.290824890136719,8.290824890136719,,,,
45,317,,,10.458149909973145,,10.457797050476074,10.457797050476074,,,,
45,318,,,13.868536949157715,,13.868184089660645,13.868184089660645,,,,
45,319,,,12.34535026550293,,12.34499740600586,12.34499740600586,,,,
45,320,,,10.585372924804688,,10.585021018981934,10.585021018981934,,,,
45,321,,,11.460538864135742,,11.460186958312988,11.460186958312988,,,,
,45,,,,,,,,,16.76598358154297,16.76598358154297
45,321,,,,,,,16.76598358154297,16.76598358154297,,
45,321,11.00192642211914,11.002278327941895,,11.00192642211914,,,,,,
46,322,,,10.180193901062012,,10.179841995239258,10.179841995239258,,,,
46,323,,,11.863966941833496,,11.863615036010742,11.863615036010742,,,,
46,324,,,8.404891014099121,,8.404539108276367,8.404539108276367,,,,
46,325,,,13.208939552307129,,13.208587646484375,13.208587646484375,,,,
46,326,,,12.790101051330566,,12.789749145507812,12.789749145507812,,,,
46,327,,,10.95409107208252,,10.953739166259766,10.953739166259766,,,,
46,328,,,2.783590793609619,,2.7832388877868652,2.7832388877868652,,,,
,46,,,,,,,,,17.153778076171875,17.153778076171875
46,328,,,,,,,17.153778076171875,17.153778076171875,,
46,328,10.73628044128418,10.736632347106934,,10.73628044128418,,,,,,
47,329,,,10.4074125289917,,10.407060623168945,10.407060623168945,,,,
47,330,,,7.976790428161621,,7.976438522338867,7.976438522338867,,,,
47,331,,,15.07946491241455,,15.079113006591797,15.079113006591797,,,,
47,332,,,12.4621000289917,,12.461748123168945,12.461748123168945,,,,
47,333,,,6.843245983123779,,6.842894077301025,6.842894077301025,,,,
47,334,,,9.602458953857422,,9.602107048034668,9.602107048034668,,,,
47,335,,,12.40500545501709,,12.404653549194336,12.404653549194336,,,,
,47,,,,,,,,,17.53354263305664,17.53354263305664
47,335,,,,,,,17.53354263305664,17.53354263305664,,
47,335,10.513114929199219,10.513466835021973,,10.513114929199219,,,,,,
48,336,,,9.274378776550293,,9.274026870727539,9.274026870727539,,,,
48,337,,,11.112299919128418,,11.111948013305664,11.111948013305664,,,,
48,338,,,8.526885032653809,,8.526533126831055,8.526533126831055,,,,
48,339,,,8.064701080322266,,8.064349174499512,8.064349174499512,,,,
48,340,,,11.941242218017578,,11.940890312194824,11.940890312194824,,,,
48,341,,,12.787137031555176,,12.786785125732422,12.786785125732422,,,,
48,342,,,10.5696439743042,,10.569292068481445,10.569292068481445,,,,
,48,,,,,,,,,17.74258804321289,17.74258804321289
48,342,,,,,,,17.74258804321289,17.74258804321289,,
48,342,10.300865173339844,10.301217079162598,,10.300865173339844,,,,,,
49,343,,,10.403210639953613,,10.40285873413086,10.40285873413086,,,,
49,344,,,10.930935859680176,,10.930583953857422,10.930583953857422,,,,
49,345,,,9.423712730407715,,9.423360824584961,9.423360824584961,,,,
49,346,,,12.528424263000488,,12.528072357177734,12.528072357177734,,,,
49,347,,,10.113958358764648,,10.113606452941895,10.113606452941895,,,,
49,348,,,5.828580379486084,,5.828228950500488,5.828228950500488,,,,
49,349,,,14.228529930114746,,14.228178024291992,14.228178024291992,,,,
,49,,,,,,,,,18.085329055786133,18.085329055786133
49,349,,,,,,,18.085329055786133,18.085329055786133,,
49,349,10.12741470336914,10.127766609191895,,10.12741470336914,,,,,,
50,350,,,6.480339050292969,,6.479987621307373,6.479987621307373,,,,
50,351,,,8.921635627746582,,8.921283721923828,8.921283721923828,,,,
50,352,,,13.592032432556152,,13.591680526733398,13.591680526733398,,,,
50,353,,,10.042913436889648,,10.042562484741211,10.042562484741211,,,,
50,354,,,8.703021049499512,,8.702669143676758,8.702669143676758,,,,
50,355,,,13.746750831604004,,13.74639892578125,13.74639892578125,,,,
50,356,,,5.068212032318115,,5.0678606033325195,5.0678606033325195,,,,
,50,,,,,,,,,18.272258758544922,18.272258758544922
50,356,,,,,,,18.272258758544922,18.272258758544922,,
50,356,9.942749977111816,9.943100929260254,,9.942749977111816,,,,,,
51,357,,,8.141345977783203,,8.140995025634766,8.140995025634766,,,,
51,358,,,12.619832038879395,,12.619481086730957,12.619481086730957,,,,
51,359,,,10.699594497680664,,10.69924259185791,10.69924259185791,,,,
51,360,,,5.930618762969971,,5.930267333984375,5.930267333984375,,,,
51,361,,,8.321249961853027,,8.320898056030273,8.320898056030273,,,,
51,362,,,13.709833145141602,,13.709481239318848,13.709481239318848,,,,
51,363,,,8.043489456176758,,8.04313850402832,8.04313850402832,,,,
,51,,,,,,,,,18.50397300720215,18.50397300720215
51,363,,,,,,,18.50397300720215,18.50397300720215,,
51,363,9.793967247009277,9.794319152832031,,9.793967247009277,,,,,,
52,364,,,9.950236320495605,,9.949885368347168,9.949885368347168,,,,
52,365,,,13.771591186523438,,13.771240234375,13.771240234375,,,,
52,366,,,8.976288795471191,,8.975937843322754,8.975937843322754,,,,
52,367,,,9.980499267578125,,9.980148315429688,9.980148315429688,,,,
52,368,,,7.684326171875,,7.683974742889404,7.683974742889404,,,,
52,369,,,7.316656589508057,,7.316305160522461,7.316305160522461,,,,
52,370,,,10.524227142333984,,10.523876190185547,10.523876190185547,,,,
,52,,,,,,,,,18.744028091430664,18.744028091430664
52,370,,,,,,,18.744028091430664,18.744028091430664,,
52,370,9.66650104522705,9.666852951049805,,9.66650104522705,,,,,,
53,371,,,10.680354118347168,,10.68000316619873,10.68000316619873,,,,
53,372,,,13.817480087280273,,13.817129135131836,13.817129135131836,,,,
53,373,,,6.838417053222656,,6.8380656242370605,6.8380656242370605,,,,
53,374,,,9.421990394592285,,9.421639442443848,9.421639442443848,,,,
53,375,,,9.276240348815918,,9.27588939666748,9.27588939666748,,,,
53,376,,,7.308786869049072,,7.308435440063477,7.308435440063477,,,,
53,377,,,9.210886001586914,,9.210535049438477,9.210535049438477,,,,
,53,,,,,,,,,18.743919372558594,18.743919372558594
53,377,,,,,,,18.74391746520996,18.74391746520996,,
53,377,9.53648853302002,9.536839485168457,,9.53648853302002,,,,,,
54,378,,,9.739391326904297,,9.73904037475586,9.73904037475586,,,,
54,379,,,10.832155227661133,,10.831804275512695,10.831804275512695,,,,
54,380,,,8.789288520812988,,8.78893756866455,8.78893756866455,,,,
54,381,,,8.237322807312012,,8.236971855163574,8.236971855163574,,,,
54,382,,,7.298380374908447,,7.298028945922852,7.298028945922852,,,,
54,383,,,10.663840293884277,,10.66348934173584,10.66348934173584,,,,
54,384,,,11.95507526397705,,11.954724311828613,11.954724311828613,,,,
,54,,,,,,,,,18.69563102722168,18.69563102722168
54,384,,,,,,,18.69563102722168,18.69563102722168,,
54,384,9.418242454528809,9.418594360351562,,9.418242454528809,,,,,,
55,385,,,9.669197082519531,,9.668846130371094,9.668846130371094,,,,
55,386,,,9.786727905273438,,9.786376953125,9.786376953125,,,,
55,387,,,8.536827087402344,,8.536476135253906,8.536476135253906,,,,
55,388,,,6.082629680633545,,6.082278728485107,6.082278728485107,,,,
55,389,,,12.73997974395752,,12.739628791809082,12.739628791809082,,,,
55,390,,,10.931201934814453,,10.930850982666016,10.930850982666016,,,,
55,391,,,4.338126182556152,,4.337775230407715,4.337775230407715,,,,
,55,,,,,,,,,18.536270141601562,18.536270141601562
55,391,,,,,,,18.536270141601562,18.536270141601562,,
55,391,9.313117980957031,9.313467979431152,,9.313117980957031,,,,,,
56,392,,,11.13582706451416,,11.135476112365723,11.135476112365723,,,,
56,393,,,9.314568519592285,,9.314217567443848,9.314217567443848,,,,
56,394,,,5.641705513000488,,5.641354084014893,5.641354084014893,,,,
56,395,,,9.289939880371094,,9.289588928222656,9.289588928222656,,,,
56,396,,,8.798583984375,,8.798233032226562,8.798233032226562,,,,
56,397,,,9.640826225280762,,9.640475273132324,9.640475273132324,,,,
56,398,,,13.115561485290527,,13.11521053314209,13.11521053314209,,,,
,56,,,,,,,,,18.533708572387695,18.533708572387695
56,398,,,,,,,18.533708572387695,18.533708572387695,,
56,398,9.213733673095703,9.21408462524414,,9.213733673095703,,,,,,
57,399,,,11.294781684875488,,11.29443073272705,11.29443073272705,,,,
57,400,,,9.322591781616211,,9.322240829467773,9.322240829467773,,,,
57,401,,,9.105016708374023,,9.104665756225586,9.104665756225586,,,,
57,402,,,8.973993301391602,,8.973642349243164,8.973642349243164,,,,
57,403,,,8.405316352844238,,8.4049654006958,8.4049654006958,,,,
57,404,,,7.709153652191162,,7.708802223205566,7.708802223205566,,,,
57,405,,,8.844572067260742,,8.844221115112305,8.844221115112305,,,,
,57,,,,,,,,,18.427099227905273,18.427099227905273
57,405,,,,,,,18.427099227905273,18.427099227905273,,
57,405,9.117698669433594,9.118049621582031,,9.117698669433594,,,,,,
58,406,,,8.696552276611328,,8.69620132446289,8.69620132446289,,,,
58,407,,,5.762261867523193,,5.761910438537598,5.761910438537598,,,,
58,408,,,10.418357849121094,,10.41800594329834,10.41800594329834,,,,
58,409,,,10.987589836120605,,10.987237930297852,10.987237930297852,,,,
58,410,,,7.247744560241699,,7.2473931312561035,7.2473931312561035,,,,
58,411,,,10.422534942626953,,10.4221830368042,10.4221830368042,,,,
58,412,,,10.617167472839355,,10.616815567016602,10.616815567016602,,,,
,58,,,,,,,,,18.08099365234375,18.08099365234375
58,412,,,,,,,18.08099365234375,18.08099365234375,,
58,412,9.021842002868652,9.02219295501709,,9.021842002868652,,,,,,
59,413,,,9.667679786682129,,9.667327880859375,9.667327880859375,,,,
59,414,,,9.474491119384766,,9.474139213562012,9.474139213562012,,,,
59,415,,,12.20910930633545,,12.208757400512695,12.208757400512695,,,,
59,416,,,6.257894992828369,,6.257543563842773,6.257543563842773,,,,
59,417,,,8.90121841430664,,8.900866508483887,8.900866508483887,,,,
59,418,,,7.432943344116211,,7.432591915130615,7.432591915130615,,,,
59,419,,,7.985886573791504,,7.98553466796875,7.98553466796875,,,,
,59,,,,,,,,,17.861066818237305,17.861066818237305
59,419,,,,,,,17.861066818237305,17.861066818237305,,
59,419,8.931106567382812,8.931458473205566,,8.931106567382812,,,,,,
60,420,,,9.610008239746094,,9.60965633392334,9.60965633392334,,,,
60,421,,,8.091200828552246,,8.090848922729492,8.090848922729492,,,,
60,422,,,9.947166442871094,,9.94681453704834,9.94681453704834,,,,
60,423,,,14.277700424194336,,14.277348518371582,14.277348518371582,,,,
60,424,,,6.198459625244141,,6.198107719421387,6.198107719421387,,,,
60,425,,,5.554477214813232,,5.5541253089904785,5.5541253089904785,,,,
60,426,,,7.123089790344238,,7.122737884521484,7.122737884521484,,,,
,60,,,,,,,,,17.78413200378418,17.78413200378418
60,426,,,,,,,17.78413200378418,17.78413200378418,,
60,426,8.83889102935791,8.839242935180664,,8.83889102935791,,,,,,
61,427,,,8.62161922454834,,8.621267318725586,8.621267318725586,,,,
61,428,,,7.486714839935303,,7.486362934112549,7.486362934112549,,,,
61,429,,,9.818041801452637,,9.817689895629883,9.817689895629883,,,,
61,430,,,6.985218524932861,,6.984866619110107,6.984866619110107,,,,
61,431,,,10.163433074951172,,10.163081169128418,10.163081169128418,,,,
61,432,,,8.542227745056152,,8.541875839233398,8.541875839233398,,,,
61,433,,,11.159557342529297,,11.159205436706543,11.159205436706543,,,,
,61,,,,,,,,,17.828495025634766,17.828495025634766
61,433,,,,,,,17.828495025634766,17.828495025634766,,
61,433,8.75291633605957,8.75326919555664,,8.75291633605957,,,,,,
62,434,,,8.533638000488281,,8.533286094665527,8.533286094665527,,,,
62,435,,,8.352527618408203,,8.35217571258545,8.35217571258545,,,,
62,436,,,8.032772064208984,,8.03242015838623,8.03242015838623,,,,
62,437,,,8.800823211669922,,8.800471305847168,8.800471305847168,,,,
62,438,,,7.417902946472168,,7.417550563812256,7.417550563812256,,,,
62,439,,,10.515186309814453,,10.5148344039917,10.5148344039917,,,,
62,440,,,9.52371883392334,,9.523366928100586,9.523366928100586,,,,
,62,,,,,,,,,17.772232055664062,17.772232055664062
62,440,,,,,,,17.772232055664062,17.772232055664062,,
62,440,8.662274360656738,8.662627220153809,,8.662274360656738,,,,,,
63,441,,,11.424604415893555,,11.4242525100708,11.4242525100708,,,,
63,442,,,8.180126190185547,,8.179774284362793,8.179774284362793,,,,
63,443,,,7.199705123901367,,7.199352741241455,7.199352741241455,,,,
63,444,,,6.945687770843506,,6.945335388183594,6.945335388183594,,,,
63,445,,,9.59704875946045,,9.596696853637695,9.596696853637695,,,,
63,446,,,7.551771640777588,,7.551419258117676,7.551419258117676,,,,
63,447,,,10.216081619262695,,10.215728759765625,10.215728759765625,,,,
,63,,,,,,,,,17.77471923828125,17.77471923828125
63,447,,,,,,,17.77471923828125,17.77471923828125,,
63,447,8.584741592407227,8.585094451904297,,8.584741592407227,,,,,,
64,448,,,7.598547458648682,,7.5981950759887695,7.5981950759887695,,,,
64,449,,,8.1303071975708,,8.129955291748047,8.129955291748047,,,,
64,450,,,7.959603309631348,,7.9592509269714355,7.9592509269714355,,,,
64,451,,,10.063528060913086,,10.063175201416016,10.063175201416016,,,,
64,452,,,8.712481498718262,,8.712128639221191,8.712128639221191,,,,
64,453,,,7.415633201599121,,7.415280818939209,7.415280818939209,,,,
64,454,,,11.490313529968262,,11.489960670471191,11.489960670471191,,,,
,64,,,,,,,,,17.61927032470703,17.61927032470703
64,454,,,,,,,17.61927032470703,17.61927032470703,,
64,454,8.499876976013184,8.50023078918457,,8.499876976013184,,,,,,
65,455,,,10.268433570861816,,10.268080711364746,10.268080711364746,,,,
65,456,,,6.663608074188232,,6.663255214691162,6.663255214691162,,,,
65,457,,,8.170827865600586,,8.170475006103516,8.170475006103516,,,,
65,458,,,9.500937461853027,,9.500584602355957,9.500584602355957,,,,
65,459,,,7.912784576416016,,7.912431716918945,7.912431716918945,,,,
65,460,,,8.174692153930664,,8.174339294433594,8.174339294433594,,,,
65,461,,,7.889614582061768,,7.889261722564697,7.889261722564697,,,,
,65,,,,,,,,,17.39629364013672,17.39629364013672
65,461,,,,,,,17.39629364013672,17.39629364013672,,
65,461,8.415315628051758,8.415669441223145,,8.415315628051758,,,,,,
66,462,,,4.297146320343018,,4.296793460845947,4.296793460845947,,,,
66,463,,,10.675280570983887,,10.674927711486816,10.674927711486816,,,,
66,464,,,7.879165172576904,,7.878811836242676,7.878811836242676,,,,
66,465,,,10.47917366027832,,10.47882080078125,10.47882080078125,,,,
66,466,,,12.172429084777832,,12.172076225280762,12.172076225280762,,,,
66,467,,,5.825153827667236,,5.824800491333008,5.824800491333008,,,,
66,468,,,5.056034088134766,,5.055680751800537,5.055680751800537,,,,
,66,,,,,,,,,17.109174728393555,17.109174728393555
66,468,,,,,,,17.109174728393555,17.109174728393555,,
66,468,8.348567008972168,8.348918914794922,,8.348567008972168,,,,,,
67,469,,,9.739008903503418,,9.738656044006348,9.738656044006348,,,,
67,470,,,6.229002952575684,,6.228649616241455,6.228649616241455,,,,
67,471,,,7.780676364898682,,7.780323028564453,7.780323028564453,,,,
67,472,,,8.945486068725586,,8.9451322555542,8.9451322555542,,,,
67,473,,,8.063721656799316,,8.06336784362793,8.06336784362793,,,,
67,474,,,9.838055610656738,,9.837701797485352,9.837701797485352,,,,
67,475,,,5.771732807159424,,5.771379470825195,5.771379470825195,,,,
,67,,,,,,,,,17.015094757080078,17.015094757080078
67,475,,,,,,,17.015094757080078,17.015094757080078,,
67,475,8.275779724121094,8.27613353729248,,8.275779724121094,,,,,,
68,476,,,7.188970565795898,,7.18861722946167,7.18861722946167,,,,
68,477,,,6.119073390960693,,6.118720054626465,6.118720054626465,,,,
68,478,,,13.183419227600098,,13.183065414428711,13.183065414428711,,,,
68,479,,,9.012669563293457,,9.01231575012207,9.01231575012207,,,,
68,480,,,5.108143329620361,,5.107789993286133,5.107789993286133,,,,
68,481,,,9.541982650756836,,9.54162883758545,9.54162883758545,,,,
68,482,,,5.8668212890625,,5.866467475891113,5.866467475891113,,,,
,68,,,,,,,,,16.87554931640625,16.87554931640625
68,482,,,,,,,16.87554931640625,16.87554931640625,,
68,482,8.212087631225586,8.212441444396973,,8.212087631225586,,,,,,
69,483,,,8.577614784240723,,8.577260971069336,8.577260971069336,,,,
69,484,,,6.055438041687012,,6.055084228515625,6.055084228515625,,,,
69,485,,,6.831722736358643,,6.831368923187256,6.831368923187256,,,,
69,486,,,8.081514358520508,,8.081160545349121,8.081160545349121,,,,
69,487,,,7.642014503479004,,7.641660690307617,7.641660690307617,,,,
69,488,,,10.294296264648438,,10.29394245147705,10.29394245147705,,,,
69,489,,,11.70313549041748,,11.702781677246094,11.702781677246094,,,,
,69,,,,,,,,,16.868854522705078,16.868854522705078
69,489,,,,,,,16.868854522705078,16.868854522705078,,
69,489,8.136317253112793,8.13667106628418,,8.136317253112793,,,,,,
70,490,,,9.331594467163086,,9.3312406539917,9.3312406539917,,,,
70,491,,,6.614652633666992,,6.6142988204956055,6.6142988204956055,,,,
70,492,,,7.619711875915527,,7.619358062744141,7.619358062744141,,,,
70,493,,,8.469024658203125,,8.468670845031738,8.468670845031738,,,,
70,494,,,7.511682510375977,,7.51132869720459,7.51132869720459,,,,
70,495,,,8.287128448486328,,8.286774635314941,8.286774635314941,,,,
70,496,,,9.42792797088623,,9.427574157714844,9.427574157714844,,,,
,70,,,,,,,,,16.9212646484375,16.9212646484375
70,496,,,,,,,16.9212646484375,16.9212646484375,,
70,496,8.057570457458496,8.0579252243042,,8.057570457458496,,,,,,
71,497,,,5.961390972137451,,5.961036682128906,5.961036682128906,,,,
71,498,,,9.3328857421875,,9.332531929016113,9.332531929016113,,,,
71,499,,,7.1204071044921875,,7.120052814483643,7.120052814483643,,,,
71,500,,,8.171278953552246,,8.17092514038086,8.17092514038086,,,,
71,501,,,8.931648254394531,,8.931294441223145,8.931294441223145,,,,
71,502,,,8.902334213256836,,8.901979446411133,8.901979446411133,,,,
71,503,,,6.325321674346924,,6.324967384338379,6.324967384338379,,,,
,71,,,,,,,,,16.900074005126953,16.900074005126953
71,503,,,,,,,16.900074005126953,16.900074005126953,,
71,503,7.967010021209717,7.967362880706787,,7.967010021209717,,,,,,
72,504,,,7.820288181304932,,7.819933891296387,7.819933891296387,,,,
72,505,,,8.262267112731934,,8.26191234588623,8.26191234588623,,,,
72,506,,,9.056352615356445,,9.055997848510742,9.055997848510742,,,,
72,507,,,4.93665075302124,,4.936295986175537,4.936295986175537,,,,
72,508,,,9.245000839233398,,9.244646072387695,9.244646072387695,,,,
72,509,,,8.556745529174805,,8.556390762329102,8.556390762329102,,,,
72,510,,,6.416530132293701,,6.416175365447998,6.416175365447998,,,,
,72,,,,,,,,,16.558107376098633,16.558107376098633
72,510,,,,,,,16.558107376098633,16.558107376098633,,
72,510,7.887253761291504,7.887608528137207,,7.887253761291504,,,,,,
73,511,,,6.13337516784668,,6.133020401000977,6.133020401000977,,,,
73,512,,,8.079018592834473,,8.07866382598877,8.07866382598877,,,,
73,513,,,10.061278343200684,,10.06092357635498,10.06092357635498,,,,
73,514,,,5.925684928894043,,5.92533016204834,5.92533016204834,,,,
73,515,,,8.019858360290527,,8.019503593444824,8.019503593444824,,,,
73,516,,,10.203058242797852,,10.202703475952148,10.202703475952148,,,,
73,517,,,3.694958209991455,,3.694603204727173,3.694603204727173,,,,
,73,,,,,,,,,16.270708084106445,16.270708084106445
73,517,,,,,,,16.270708084106445,16.270708084106445,,
73,517,7.81264591217041,7.813000679016113,,7.81264591217041,,,,,,
74,518,,,10.853079795837402,,10.8527250289917,10.8527250289917,,,,
74,519,,,5.698667049407959,,5.698311805725098,5.698311805725098,,,,
74,520,,,7.501743793487549,,7.5013885498046875,7.5013885498046875,,,,
74,521,,,9.667828559875488,,9.667472839355469,9.667472839355469,,,,
74,522,,,6.684993267059326,,6.684638023376465,6.684638023376465,,,,
74,523,,,7.475930690765381,,7.4755754470825195,7.4755754470825195,,,,
74,524,,,4.1383771896362305,,4.138021945953369,4.138021945953369,,,,
,74,,,,,,,,,16.095842361450195,16.095842361450195
74,524,,,,,,,16.095842361450195,16.095842361450195,,
74,524,7.754018783569336,7.754373550415039,,7.754018783569336,,,,,,
75,525,,,8.751969337463379,,8.75161361694336,8.75161361694336,,,,
75,526,,,9.496243476867676,,9.495887756347656,9.495887756347656,,,,
75,527,,,8.911797523498535,,8.911441802978516,8.911441802978516,,,,
75,528,,,6.810403347015381,,6.8100481033325195,6.8100481033325195,,,,
75,529,,,7.901055812835693,,7.900700092315674,7.900700092315674,,,,
75,530,,,5.564228534698486,,5.563872814178467,5.563872814178467,,,,
75,531,,,4.347362518310547,,4.347006797790527,4.347006797790527,,,,
,75,,,,,,,,,16.0289306640625,16.0289306640625
75,531,,,,,,,16.0289306640625,16.0289306640625,,
75,531,7.69626522064209,7.696620464324951,,7.69626522064209,,,,,,
76,532,,,10.714800834655762,,10.714445114135742,10.714445114135742,,,,
76,533,,,6.486801624298096,,6.486445903778076,6.486445903778076,,,,
76,534,,,7.035824298858643,,7.035468578338623,7.035468578338623,,,,
76,535,,,7.75507926940918,,7.75472354888916,7.75472354888916,,,,
76,536,,,6.475108623504639,,6.474752902984619,6.474752902984619,,,,
76,537,,,7.801142692565918,,7.800786972045898,7.800786972045898,,,,
76,538,,,6.161627292633057,,6.161271572113037,6.161271572113037,,,,
,76,,,,,,,,,15.897871017456055,15.897871017456055
76,538,,,,,,,15.897871017456055,15.897871017456055,,
76,538,7.619937896728516,7.620293140411377,,7.619937896728516,,,,,,
77,539,,,6.690446853637695,,6.690091133117676,6.690091133117676,,,,
77,540,,,9.294468879699707,,9.294113159179688,9.294113159179688,,,,
77,541,,,6.912803649902344,,6.912447452545166,6.912447452545166,,,,
77,542,,,8.662384986877441,,8.662029266357422,8.662029266357422,,,,
77,543,,,6.990005970001221,,6.989649772644043,6.989649772644043,,,,
77,544,,,8.038400650024414,,8.038044929504395,8.038044929504395,,,,
77,545,,,4.261516571044922,,4.261160373687744,4.261160373687744,,,,
,77,,,,,,,,,15.78817367553711,15.78817367553711
77,545,,,,,,,15.788172721862793,15.788172721862793,,
77,545,7.558323383331299,7.55867862701416,,7.558323383331299,,,,,,
78,546,,,7.984755039215088,,7.98439884185791,7.98439884185791,,,,
78,547,,,8.763821601867676,,8.76346492767334,8.76346492767334,,,,
78,548,,,9.43612289428711,,9.435766220092773,9.435766220092773,,,,
78,549,,,6.694656848907471,,6.694300651550293,6.694300651550293,,,,
78,550,,,6.277614116668701,,6.277257442474365,6.277257442474365,,,,
78,551,,,7.067198753356934,,7.066842079162598,7.066842079162598,,,,
78,552,,,3.8274834156036377,,3.8271267414093018,3.8271267414093018,,,,
,78,,,,,,,,,15.650697708129883,15.650697708129883
78,552,,,,,,,15.650697708129883,15.650697708129883,,
78,552,7.475639343261719,7.475996494293213,,7.475639343261719,,,,,,
79,553,,,7.087019920349121,,7.086663246154785,7.086663246154785,,,,
79,554,,,5.79390811920166,,5.793551445007324,5.793551445007324,,,,
79,555,,,8.116497039794922,,8.116140365600586,8.116140365600586,,,,
79,556,,,9.201957702636719,,9.201601028442383,9.201601028442383,,,,
79,557,,,7.9958271980285645,,7.9954705238342285,7.9954705238342285,,,,
79,558,,,6.908939361572266,,6.90858268737793,6.90858268737793,,,,
79,559,,,5.577148914337158,,5.576791763305664,5.576791763305664,,,,
,79,,,,,,,,,15.40066146850586,15.40066146850586
79,559,,,,,,,15.400660514831543,15.400660514831543,,
79,559,7.402872085571289,7.403228282928467,,7.402872085571289,,,,,,
80,560,,,7.59412145614624,,7.593764305114746,7.593764305114746,,,,
80,561,,,5.689109802246094,,5.6887526512146,5.6887526512146,,,,
80,562,,,8.515120506286621,,8.514762878417969,8.514762878417969,,,,
80,563,,,7.702761650085449,,7.702404499053955,7.702404499053955,,,,
80,564,,,8.222811698913574,,8.222454071044922,8.222454071044922,,,,
80,565,,,6.608615875244141,,6.608258247375488,6.608258247375488,,,,
80,566,,,6.365994453430176,,6.365636825561523,6.365636825561523,,,,
,80,,,,,,,,,15.25017261505127,15.25017261505127
80,566,,,,,,,15.25017261505127,15.25017261505127,,
80,566,7.328237056732178,7.32859468460083,,7.328237056732178,,,,,,
81,567,,,6.998872756958008,,6.9985151290893555,6.9985151290893555,,,,
81,568,,,6.912190914154053,,6.9118332862854,6.9118332862854,,,,
81,569,,,8.29605770111084,,8.295700073242188,8.295700073242188,,,,
81,570,,,6.506634712219238,,6.506277084350586,6.506277084350586,,,,
81,571,,,7.1128692626953125,,7.11251163482666,7.11251163482666,,,,
81,572,,,8.031065940856934,,8.030708312988281,8.030708312988281,,,,
81,573,,,6.423942565917969,,6.423584938049316,6.423584938049316,,,,
,81,,,,,,,,,15.173341751098633,15.173341751098633
81,573,,,,,,,15.173341751098633,15.173341751098633,,
81,573,7.257159233093262,7.257516860961914,,7.257159233093262,,,,,,
82,574,,,8.94746208190918,,8.947104454040527,8.947104454040527,,,,
82,575,,,5.321715831756592,,5.321357727050781,5.321357727050781,,,,
82,576,,,3.590505361557007,,3.5901472568511963,3.5901472568511963,,,,
82,577,,,9.508624076843262,,9.50826644897461,9.50826644897461,,,,
82,578,,,10.04739761352539,,10.047039985656738,10.047039985656738,,,,
82,579,,,6.064905643463135,,6.064547538757324,6.064547538757324,,,,
82,580,,,6.506277561187744,,6.505919456481934,6.505919456481934,,,,
,82,,,,,,,,,15.184070587158203,15.184070587158203
82,580,,,,,,,15.18407154083252,15.18407154083252,,
82,580,7.202852725982666,7.203210353851318,,7.202852725982666,,,,,,
83,581,,,6.756494522094727,,6.756136417388916,6.756136417388916,,,,
83,582,,,5.724444389343262,,5.724085807800293,5.724085807800293,,,,
83,583,,,9.337756156921387,,9.337397575378418,9.337397575378418,,,,
83,584,,,8.669999122619629,,8.66964054107666,8.66964054107666,,,,
83,585,,,5.933778285980225,,5.933419704437256,5.933419704437256,,,,
83,586,,,7.389732360839844,,7.389373779296875,7.389373779296875,,,,
83,587,,,4.625911235809326,,4.625552654266357,4.625552654266357,,,,
,83,,,,,,,,,15.220215797424316,15.220215797424316
83,587,,,,,,,15.220215797424316,15.220215797424316,,
83,587,7.144256114959717,7.144615173339844,,7.144256114959717,,,,,,
84,588,,,4.64539909362793,,4.645040512084961,4.645040512084961,,,,
84,589,,,8.619549751281738,,8.61919116973877,8.61919116973877,,,,
84,590,,,6.146772861480713,,6.146414279937744,6.146414279937744,,,,
84,591,,,7.587052822113037,,7.58669376373291,7.58669376373291,,,,
84,592,,,6.755454063415527,,6.7550950050354,6.7550950050354,,,,
84,593,,,8.78604793548584,,8.785689353942871,8.785689353942871,,,,
84,594,,,7.119932651519775,,7.119573593139648,7.119573593139648,,,,
,84,,,,,,,,,14.888716697692871,14.888716697692871
84,594,,,,,,,14.888716697692871,14.888716697692871,,
84,594,7.091446399688721,7.091804504394531,,7.091446399688721,,,,,,
85,595,,,8.45765495300293,,8.457295417785645,8.457295417785645,,,,
85,596,,,5.884662628173828,,5.884303092956543,5.884303092956543,,,,
85,597,,,5.712997913360596,,5.7126383781433105,5.7126383781433105,,,,
85,598,,,7.356247425079346,,7.3558878898620605,7.3558878898620605,,,,
85,599,,,5.974648475646973,,5.9742889404296875,5.9742889404296875,,,,
85,600,,,9.237345695495605,,9.23698616027832,9.23698616027832,,,,
85,601,,,5.993414878845215,,5.99305534362793,5.99305534362793,,,,
,85,,,,,,,,,14.508600234985352,14.508600234985352
85,601,,,,,,,14.508600234985352,14.508600234985352,,
85,601,7.038242340087891,7.038602352142334,,7.038242340087891,,,,,,
86,602,,,9.290792465209961,,9.290432929992676,9.290432929992676,,,,
86,603,,,6.431790351867676,,6.431430339813232,6.431430339813232,,,,
86,604,,,7.197940826416016,,7.197580814361572,7.197580814361572,,,,
86,605,,,4.928927421569824,,4.928567409515381,4.928567409515381,,,,
86,606,,,8.037084579467773,,8.036724090576172,8.036724090576172,,,,
86,607,,,6.85667085647583,,6.856310844421387,6.856310844421387,,,,
86,608,,,4.912987232208252,,4.912627220153809,4.912627220153809,,,,
,86,,,,,,,,,14.196464538574219,14.196464538574219
86,608,,,,,,,14.196464538574219,14.196464538574219,,
86,608,6.99345588684082,6.993815898895264,,6.99345588684082,,,,,,
87,609,,,5.914954662322998,,5.9145941734313965,5.9145941734313965,,,,
87,610,,,8.087692260742188,,8.087331771850586,8.087331771850586,,,,
87,611,,,7.334594249725342,,7.33423376083374,7.33423376083374,,,,
87,612,,,5.317079544067383,,5.316719055175781,5.316719055175781,,,,
87,613,,,7.851769924163818,,7.851409435272217,7.851409435272217,,,,
87,614,,,7.460005760192871,,7.4596452713012695,7.4596452713012695,,,,
87,615,,,6.07907247543335,,6.078711986541748,6.078711986541748,,,,
,87,,,,,,,,,13.937859535217285,13.937859535217285
87,615,,,,,,,13.937859535217285,13.937859535217285,,
87,615,6.940148830413818,6.940509796142578,,6.940148830413818,,,,,,
88,616,,,9.151134490966797,,9.150774002075195,9.150774002075195,,,,
88,617,,,6.381292819976807,,6.380931854248047,6.380931854248047,,,,
88,618,,,6.839235305786133,,6.838874340057373,6.838874340057373,,,,
88,619,,,6.915235996246338,,6.914875030517578,6.914875030517578,,,,
88,620,,,5.967563629150391,,5.967202663421631,5.967202663421631,,,,
88,621,,,7.389420509338379,,7.389059543609619,7.389059543609619,,,,
88,622,,,3.556918144226074,,3.5565569400787354,3.5565569400787354,,,,
,88,,,,,,,,,13.731756210327148,13.731756210327148
88,622,,,,,,,13.731756210327148,13.731756210327148,,
88,622,6.898106575012207,6.89846658706665,,6.898106575012207,,,,,,
89,623,,,7.23192024230957,,7.231558799743652,7.231558799743652,,,,
89,624,,,6.509227752685547,,6.508866310119629,6.508866310119629,,,,
89,625,,,5.056870937347412,,5.056509494781494,5.056509494781494,,,,
89,626,,,8.138339042663574,,8.137977600097656,8.137977600097656,,,,
89,627,,,6.122276782989502,,6.121915340423584,6.121915340423584,,,,
89,628,,,8.660574913024902,,8.660213470458984,8.660213470458984,,,,
89,629,,,5.254910945892334,,5.254549503326416,5.254549503326416,,,,
,89,,,,,,,,,13.643054008483887,13.643054008483887
89,629,,,,,,,13.643054008483887,13.643054008483887,,
89,629,6.852940559387207,6.853302478790283,,6.852940559387207,,,,,,
90,630,,,5.794309616088867,,5.793947696685791,5.793947696685791,,,,
90,631,,,4.934360980987549,,4.933999061584473,4.933999061584473,,,,
90,632,,,9.7232084274292,,9.722846984863281,9.722846984863281,,,,
90,633,,,6.651698589324951,,6.651336669921875,6.651336669921875,,,,
90,634,,,6.322369575500488,,6.322007656097412,6.322007656097412,,,,
90,635,,,6.395106792449951,,6.394744873046875,6.394744873046875,,,,
90,636,,,9.369309425354004,,9.36894702911377,9.36894702911377,,,,
,90,,,,,,,,,13.827746391296387,13.827746391296387
90,636,,,,,,,13.827746391296387,13.827746391296387,,
90,636,6.797213554382324,6.7975754737854,,6.797213554382324,,,,,,
91,637,,,5.568454265594482,,5.568092346191406,5.568092346191406,,,,
91,638,,,5.781505584716797,,5.781143665313721,5.781143665313721,,,,
91,639,,,6.676363468170166,,6.676001071929932,6.676001071929932,,,,
91,640,,,7.82808780670166,,7.827725410461426,7.827725410461426,,,,
91,641,,,5.378748893737793,,5.378386497497559,5.378386497497559,,,,
91,642,,,8.324431419372559,,8.324069023132324,8.324069023132324,,,,
91,643,,,9.190014839172363,,9.189652442932129,9.189652442932129,,,,
,91,,,,,,,,,13.645279884338379,13.645279884338379
91,643,,,,,,,13.645279884338379,13.645279884338379,,
91,643,6.745339870452881,6.745701789855957,,6.745339870452881,,,,,,
92,644,,,7.1569132804870605,,7.156550884246826,7.156550884246826,,,,
92,645,,,6.835601806640625,,6.835238933563232,6.835238933563232,,,,
92,646,,,6.831259250640869,,6.830896377563477,6.830896377563477,,,,
92,647,,,6.282698631286621,,6.2823357582092285,6.2823357582092285,,,,
92,648,,,6.385314464569092,,6.384951591491699,6.384951591491699,,,,
92,649,,,5.598954677581787,,5.5985918045043945,5.5985918045043945,,,,
92,650,,,9.484689712524414,,9.484326362609863,9.484326362609863,,,,
,92,,,,,,,,,13.736217498779297,13.736217498779297
92,650,,,,,,,13.73621654510498,13.73621654510498,,
92,650,6.689440727233887,6.689803600311279,,6.689440727233887,,,,,,
93,651,,,6.821991443634033,,6.821628570556641,6.821628570556641,,,,
93,652,,,5.327916145324707,,5.327552795410156,5.327552795410156,,,,
93,653,,,7.691959381103516,,7.691596031188965,7.691596031188965,,,,
93,654,,,9.119102478027344,,9.118739128112793,9.118739128112793,,,,
93,655,,,4.445423603057861,,4.4450602531433105,4.4450602531433105,,,,
93,656,,,6.319697856903076,,6.319334506988525,6.319334506988525,,,,
93,657,,,6.920706272125244,,6.920342922210693,6.920342922210693,,,,
,93,,,,,,,,,13.708897590637207,13.708897590637207
93,657,,,,,,,13.708897590637207,13.708897590637207,,
93,657,6.638281345367432,6.638644218444824,,6.638281345367432,,,,,,
94,658,,,6.6312384605407715,,6.630875110626221,6.630875110626221,,,,
94,659,,,7.409400939941406,,7.409037113189697,7.409037113189697,,,,
94,660,,,6.017111301422119,,6.01674747467041,6.01674747467041,,,,
94,661,,,6.663214206695557,,6.662850379943848,6.662850379943848,,,,
94,662,,,5.1227545738220215,,5.1223907470703125,5.1223907470703125,,,,
94,663,,,7.349783420562744,,7.349419593811035,7.349419593811035,,,,
94,664,,,7.5566864013671875,,7.5563225746154785,7.5563225746154785,,,,
,94,,,,,,,,,13.7103271484375,13.7103271484375
94,664,,,,,,,13.7103271484375,13.7103271484375,,
94,664,6.592147350311279,6.592511177062988,,6.592147350311279,,,,,,
95,665,,,5.042392730712891,,5.042028903961182,5.042028903961182,,,,
95,666,,,10.201035499572754,,10.200671195983887,10.200671195983887,,,,
95,667,,,5.828388690948486,,5.828024387359619,5.828024387359619,,,,
95,668,,,7.767910480499268,,7.7675461769104,7.7675461769104,,,,
95,669,,,4.283496856689453,,4.283132553100586,4.283132553100586,,,,
95,670,,,6.5491251945495605,,6.548760890960693,6.548760890960693,,,,
95,671,,,5.459275722503662,,5.458911418914795,5.458911418914795,,,,
,95,,,,,,,,,13.58879566192627,13.58879566192627
95,671,,,,,,,13.58879566192627,13.58879566192627,,
95,671,6.543882846832275,6.544247627258301,,6.543882846832275,,,,,,
96,672,,,4.8561835289001465,,4.855818748474121,4.855818748474121,,,,
96,673,,,7.342410564422607,,7.342045783996582,7.342045783996582,,,,
96,674,,,6.300485610961914,,6.300120830535889,6.300120830535889,,,,
96,675,,,7.934481620788574,,7.934116840362549,7.934116840362549,,,,
96,676,,,7.265346527099609,,7.264981746673584,7.264981746673584,,,,
96,677,,,6.087247371673584,,6.086882591247559,6.086882591247559,,,,
96,678,,,4.305135250091553,,4.304770469665527,4.304770469665527,,,,
,96,,,,,,,,,13.446802139282227,13.446802139282227
96,678,,,,,,,13.446802139282227,13.446802139282227,,
96,678,6.493844032287598,6.494208812713623,,6.493844032287598,,,,,,
97,679,,,8.169527053833008,,8.169161796569824,8.169161796569824,,,,
97,680,,,5.355748176574707,,5.355382919311523,5.355382919311523,,,,
97,681,,,6.168553352355957,,6.168188095092773,6.168188095092773,,,,
97,682,,,6.6014323234558105,,6.601067066192627,6.601067066192627,,,,
97,683,,,6.091316223144531,,6.090950965881348,6.090950965881348,,,,
97,684,,,7.017324924468994,,7.0169596672058105,7.0169596672058105,,,,
97,685,,,4.568479537963867,,4.568113803863525,4.568113803863525,,,,
,97,,,,,,,,,13.381924629211426,13.381924629211426
97,685,,,,,,,13.381924629211426,13.381924629211426,,
97,685,6.449373245239258,6.4497389793396,,6.449373245239258,,,,,,
98,686,,,8.276189804077148,,8.275824546813965,8.275824546813965,,,,
98,687,,,5.47825288772583,,5.477887153625488,5.477887153625488,,,,
98,688,,,6.082483768463135,,6.082118034362793,6.082118034362793,,,,
98,689,,,5.024670124053955,,5.024304389953613,5.024304389953613,,,,
98,690,,,8.370920181274414,,8.370553970336914,8.370553970336914,,,,
98,691,,,4.503569602966309,,4.503203868865967,4.503203868865967,,,,
98,692,,,8.034562110900879,,8.034195899963379,8.034195899963379,,,,
,98,,,,,,,,,13.369170188903809,13.369170188903809
98,692,,,,,,,13.369170188903809,13.369170188903809,,
98,692,6.391642093658447,6.392007350921631,,6.391642093658447,,,,,,
99,693,,,5.067819595336914,,5.067453384399414,5.067453384399414,,,,
99,694,,,6.214395046234131,,6.214028835296631,6.214028835296631,,,,
99,695,,,7.719200611114502,,7.718834400177002,7.718834400177002,,,,
99,696,,,8.071035385131836,,8.070669174194336,8.070669174194336,,,,
99,697,,,7.358760356903076,,7.358394145965576,7.358394145965576,,,,
99,698,,,4.347343444824219,,4.3469767570495605,4.3469767570495605,,,,
99,699,,,4.3871893882751465,,4.386822700500488,4.386822700500488,,,,
,99,,,,,,,,,13.374222755432129,13.374222755432129
99,699,,,,,,,13.374222755432129,13.374222755432129,,
99,699,6.340613842010498,6.340980052947998,,6.340613842010498,,,,,,
100,700,,,8.227579116821289,,8.227212905883789,8.227212905883789,,,,
100,701,,,4.048408031463623,,4.048041343688965,4.048041343688965,,,,
100,702,,,5.8391499519348145,,5.838783264160156,5.838783264160156,,,,
100,703,,,5.7357048988342285,,5.73533821105957,5.73533821105957,,,,
100,704,,,8.208850860595703,,8.208483695983887,8.208483695983887,,,,
100,705,,,5.122344970703125,,5.121978282928467,5.121978282928467,,,,
100,706,,,7.801473140716553,,7.801105976104736,7.801105976104736,,,,
,100,,,,,,,,,13.330376625061035,13.330376625061035
100,706,,,,,,,13.330376625061035,13.330376625061035,,
100,706,6.291019916534424,6.291386604309082,,6.291019916534424,,,,,,
101,707,,,5.750455379486084,,5.750088214874268,5.750088214874268,,,,
101,708,,,6.425077438354492,,6.424710273742676,6.424710273742676,,,,
101,709,,,5.831862926483154,,5.831495761871338,5.831495761871338,,,,
101,710,,,6.723316192626953,,6.722949028015137,6.722949028015137,,,,
101,711,,,7.173802375793457,,7.173435211181641,7.173435211181641,,,,
101,712,,,5.961058616638184,,5.960690975189209,5.960690975189209,,,,
101,713,,,5.096578598022461,,5.096210956573486,5.096210956573486,,,,
,101,,,,,,,,,13.207125663757324,13.207125663757324
101,713,,,,,,,13.207125663757324,13.207125663757324,,
101,713,6.239129066467285,6.23949670791626,,6.239129066467285,,,,,,
102,714,,,6.101607322692871,,6.1012396812438965,6.1012396812438965,,,,
102,715,,,5.403834819793701,,5.403467178344727,5.403467178344727,,,,
102,716,,,8.753982543945312,,8.75361442565918,8.75361442565918,,,,
102,717,,,8.100345611572266,,8.099977493286133,8.099977493286133,,,,
102,718,,,4.588484287261963,,4.58811616897583,4.58811616897583,,,,
102,719,,,5.265566349029541,,5.265198230743408,5.265198230743408,,,,
102,720,,,3.490318536758423,,3.48995041847229,3.48995041847229,,,,
,102,,,,,,,,,13.001096725463867,13.001096725463867
102,720,,,,,,,13.001096725463867,13.001096725463867,,
102,720,6.199269771575928,6.199637413024902,,6.199269771575928,,,,,,
103,721,,,6.356780052185059,,6.356411933898926,6.356411933898926,,,,
103,722,,,5.568228244781494,,5.567860126495361,5.567860126495361,,,,
103,723,,,4.868740558624268,,4.868372440338135,4.868372440338135,,,,
103,724,,,8.650561332702637,,8.650193214416504,8.650193214416504,,,,
103,725,,,5.785011291503906,,5.784642696380615,5.784642696380615,,,,
103,726,,,4.984395503997803,,4.984026908874512,4.984026908874512,,,,
103,727,,,7.962282180786133,,7.961913585662842,7.961913585662842,,,,
,103,,,,,,,,,12.937905311584473,12.937905311584473
103,727,,,,,,,12.937905311584473,12.937905311584473,,
103,727,6.148583889007568,6.148952007293701,,6.148583889007568,,,,,,
104,728,,,6.218501091003418,,6.218132495880127,6.218132495880127,,,,
104,729,,,5.196323871612549,,5.195955276489258,5.195955276489258,,,,
104,730,,,4.781999111175537,,4.781630516052246,4.781630516052246,,,,
104,731,,,7.891900539398193,,7.891531467437744,7.891531467437744,,,,
104,732,,,5.280058860778809,,5.279689788818359,5.279689788818359,,,,
104,733,,,6.978261947631836,,6.977892875671387,6.977892875671387,,,,
104,734,,,6.97560977935791,,6.975240707397461,6.975240707397461,,,,
,104,,,,,,,,,12.766738891601562,12.766738891601562
104,734,,,,,,,12.766738891601562,12.766738891601562,,
104,734,6.111457824707031,6.111827373504639,,6.111457824707031,,,,,,
105,735,,,7.123380184173584,,7.123011112213135,7.123011112213135,,,,
105,736,,,8.622336387634277,,8.621967315673828,8.621967315673828,,,,
105,737,,,4.889216899871826,,4.888847827911377,4.888847827911377,,,,
105,738,,,5.968209743499756,,5.967840194702148,5.967840194702148,,,,
105,739,,,5.184045314788818,,5.183675765991211,5.183675765991211,,,,
105,740,,,4.56621789932251,,4.565848350524902,4.565848350524902,,,,
105,741,,,6.129688739776611,,6.129319190979004,6.129319190979004,,,,
,105,,,,,,,,,12.738215446472168,12.738215446472168
105,741,,,,,,,12.738215446472168,12.738215446472168,,
105,741,6.062695503234863,6.063065528869629,,6.062695503234863,,,,,,
106,742,,,7.152791976928711,,7.1524224281311035,7.1524224281311035,,,,
106,743,,,3.802806854248047,,3.8024370670318604,3.8024370670318604,,,,
106,744,,,6.876819133758545,,6.8764495849609375,6.8764495849609375,,,,
106,745,,,7.005025386810303,,7.004655361175537,7.004655361175537,,,,
106,746,,,6.06723165512085,,6.066861629486084,6.066861629486084,,,,
106,747,,,4.979419708251953,,4.9790496826171875,4.9790496826171875,,,,
106,748,,,6.519230842590332,,6.518860816955566,6.518860816955566,,,,
,106,,,,,,,,,12.622350692749023,12.622350692749023
106,748,,,,,,,12.622350692749023,12.622350692749023,,
106,748,6.01199197769165,6.012361526489258,,6.01199197769165,,,,,,
107,749,,,3.511908531188965,,3.511538505554199,3.511538505554199,,,,
107,750,,,9.335319519042969,,9.334949493408203,9.334949493408203,,,,
107,751,,,7.087100028991699,,7.086730003356934,7.086730003356934,,,,
107,752,,,6.307366371154785,,6.306995868682861,6.306995868682861,,,,
107,753,,,5.330552577972412,,5.330182075500488,5.330182075500488,,,,
107,754,,,5.078983306884766,,5.078612804412842,5.078612804412842,,,,
107,755,,,3.773001194000244,,3.7726306915283203,3.7726306915283203,,,,
,107,,,,,,,,,12.398233413696289,12.398233413696289
107,755,,,,,,,12.398233413696289,12.398233413696289,,
107,755,5.970783710479736,5.971153736114502,,5.970783710479736,,,,,,
108,756,,,6.6876091957092285,,6.687238693237305,6.687238693237305,,,,
108,757,,,5.791770935058594,,5.791399955749512,5.791399955749512,,,,
108,758,,,5.7454071044921875,,5.7450361251831055,5.7450361251831055,,,,
108,759,,,4.017541885375977,,4.0171709060668945,4.0171709060668945,,,,
108,760,,,6.479025363922119,,6.478654384613037,6.478654384613037,,,,
108,761,,,7.466608047485352,,7.4662370681762695,7.4662370681762695,,,,
108,762,,,4.11948299407959,,4.11911153793335,4.11911153793335,,,,
,108,,,,,,,,,12.0762357711792,12.0762357711792
108,762,,,,,,,12.0762357711792,12.0762357711792,,
108,762,5.918494701385498,5.91886568069458,,5.918494701385498,,,,,,
109,763,,,4.779430866241455,,4.779059410095215,4.779059410095215,,,,
109,764,,,4.438884258270264,,4.438512802124023,4.438512802124023,,,,
109,765,,,5.540055274963379,,5.539683818817139,5.539683818817139,,,,
109,766,,,6.515226364135742,,6.514854907989502,6.514854907989502,,,,
109,767,,,7.434024810791016,,7.433653354644775,7.433653354644775,,,,
109,768,,,3.9340503215789795,,3.93367862701416,3.93367862701416,,,,
109,769,,,12.883118629455566,,12.882746696472168,12.882746696472168,,,,
,109,,,,,,,,,12.107836723327637,12.107836723327637
109,769,,,,,,,12.107836723327637,12.107836723327637,,
109,769,5.877721309661865,5.878093242645264,,5.877721309661865,,,,,,
110,770,,,6.57718563079834,,6.576813697814941,6.576813697814941,,,,
110,771,,,5.7741851806640625,,5.773813247680664,5.773813247680664,,,,
110,772,,,7.183446884155273,,7.183074951171875,7.183074951171875,,,,
110,773,,,6.544471263885498,,6.544098854064941,6.544098854064941,,,,
110,774,,,4.525118350982666,,4.524745941162109,4.524745941162109,,,,
110,775,,,4.458373069763184,,4.458000659942627,4.458000659942627,,,,
110,776,,,5.576209545135498,,5.575837135314941,5.575837135314941,,,,
,110,,,,,,,,,11.970677375793457,11.970677375793457
110,776,,,,,,,11.970677375793457,11.970677375793457,,
110,776,5.827683925628662,5.828056335449219,,5.827683925628662,,,,,,
111,777,,,5.939552307128906,,5.93917989730835,5.93917989730835,,,,
111,778,,,6.774229526519775,,6.7738566398620605,6.7738566398620605,,,,
111,779,,,7.558382987976074,,7.558010101318359,7.558010101318359,,,,
111,780,,,5.045648097991943,,5.0452752113342285,5.0452752113342285,,,,
111,781,,,4.47725248336792,,4.476879596710205,4.476879596710205,,,,
111,782,,,4.795919418334961,,4.795546531677246,4.795546531677246,,,,
111,783,,,6.110457420349121,,6.110084056854248,6.110084056854248,,,,
,111,,,,,,,,,11.990550994873047,11.990550994873047
111,783,,,,,,,11.99055004119873,11.99055004119873,,
111,783,5.785102367401123,5.785475254058838,,5.785102367401123,,,,,,
112,784,,,7.637058258056641,,7.636684894561768,7.636684894561768,,,,
112,785,,,4.649508953094482,,4.649135589599609,4.649135589599609,,,,
112,786,,,5.255649089813232,,5.255275726318359,5.255275726318359,,,,
112,787,,,6.00563907623291,,6.005265712738037,6.005265712738037,,,,
112,788,,,5.073999404907227,,5.0736260414123535,5.0736260414123535,,,,
112,789,,,6.460943698883057,,6.460569858551025,6.460569858551025,,,,
112,790,,,3.9525792598724365,,3.9522056579589844,3.9522056579589844,,,,
,112,,,,,,,,,11.944342613220215,11.944342613220215
112,790,,,,,,,11.944342613220215,11.944342613220215,,
112,790,5.735315799713135,5.73568868637085,,5.735315799713135,,,,,,
113,791,,,5.161574840545654,,5.161201000213623,5.161201000213623,,,,
113,792,,,5.231628894805908,,5.231255054473877,5.231255054473877,,,,
113,793,,,6.430911064147949,,6.430537223815918,6.430537223815918,,,,
113,794,,,5.725101947784424,,5.724728107452393,5.724728107452393,,,,
113,795,,,6.764557361602783,,6.764183521270752,6.764183521270752,,,,
113,796,,,4.864009380340576,,4.863635063171387,4.863635063171387,,,,
113,797,,,5.68059778213501,,5.68022346496582,5.68022346496582,,,,
,113,,,,,,,,,11.935117721557617,11.935117721557617
113,797,,,,,,,11.935117721557617,11.935117721557617,,
113,797,5.695000171661377,5.69537353515625,,5.695000171661377,,,,,,
114,798,,,6.578434467315674,,6.578060150146484,6.578060150146484,,,,
114,799,,,5.658266067504883,,5.657891750335693,5.657891750335693,,,,
114,800,,,5.814788818359375,,5.8144145011901855,5.8144145011901855,,,,
114,801,,,4.489893436431885,,4.489519119262695,4.489519119262695,,,,
114,802,,,5.933968544006348,,5.93359375,5.93359375,,,,
114,803,,,5.209889888763428,,5.20951509475708,5.20951509475708,,,,
114,804,,,6.211851119995117,,6.2114763259887695,6.2114763259887695,,,,
,114,,,,,,,,,11.79865550994873,11.79865550994873
114,804,,,,,,,11.79865550994873,11.79865550994873,,
114,804,5.648988246917725,5.649362087249756,,5.648988246917725,,,,,,
115,805,,,5.992476463317871,,5.992101669311523,5.992101669311523,,,,
115,806,,,3.897045373916626,,3.896670341491699,3.896670341491699,,,,
115,807,,,4.717985153198242,,4.717609882354736,4.717609882354736,,,,
115,808,,,6.448108673095703,,6.447733402252197,6.447733402252197,,,,
115,809,,,6.757254123687744,,6.756878852844238,6.756878852844238,,,,
115,810,,,6.202166557312012,,6.201791286468506,6.201791286468506,,,,
115,811,,,4.51627254486084,,4.515897274017334,4.515897274017334,,,,
,115,,,,,,,,,11.497812271118164,11.497812271118164
115,811,,,,,,,11.497812271118164,11.497812271118164,,
115,811,5.600979804992676,5.601355075836182,,5.600979804992676,,,,,,
116,812,,,4.931648254394531,,4.931272506713867,4.931272506713867,,,,
116,813,,,5.797816753387451,,5.797441005706787,5.797441005706787,,,,
116,814,,,5.117478370666504,,5.11710262298584,5.11710262298584,,,,
116,815,,,5.156260013580322,,5.155884265899658,5.155884265899658,,,,
116,816,,,6.217657089233398,,6.217281341552734,6.217281341552734,,,,
116,817,,,5.125387191772461,,5.125011444091797,5.125011444091797,,,,
116,818,,,8.132349014282227,,8.131973266601562,8.131973266601562,,,,
,116,,,,,,,,,11.399688720703125,11.399688720703125
116,818,,,,,,,11.399688720703125,11.399688720703125,,
116,818,5.551919460296631,5.552294731140137,,5.551919460296631,,,,,,
117,819,,,6.174010753631592,,6.1736345291137695,6.1736345291137695,,,,
117,820,,,6.150684356689453,,6.150308132171631,6.150308132171631,,,,
117,821,,,3.7622551918029785,,3.761878728866577,3.761878728866577,,,,
117,822,,,4.606734275817871,,4.606358051300049,4.606358051300049,,,,
117,823,,,5.529314994812012,,5.528938293457031,5.528938293457031,,,,
117,824,,,4.877963542938232,,4.877586841583252,4.877586841583252,,,,
117,825,,,10.633251190185547,,10.632874488830566,10.632874488830566,,,,
,117,,,,,,,,,11.347628593444824,11.347628593444824
117,825,,,,,,,11.347628593444824,11.347628593444824,,
117,825,5.50369119644165,5.504067897796631,,5.50369119644165,,,,,,
118,826,,,5.513188362121582,,5.512811660766602,5.512811660766602,,,,
118,827,,,6.107795238494873,,6.107418537139893,6.107418537139893,,,,
118,828,,,4.326694488525391,,4.326317310333252,4.326317310333252,,,,
118,829,,,6.377364158630371,,6.376986980438232,6.376986980438232,,,,
118,830,,,5.0001397132873535,,4.999762535095215,4.999762535095215,,,,
118,831,,,4.160107612609863,,4.159730434417725,4.159730434417725,,,,
118,832,,,8.898679733276367,,8.89830207824707,8.89830207824707,,,,
,118,,,,,,,,,11.385002136230469,11.385002136230469
118,832,,,,,,,11.385002136230469,11.385002136230469,,
118,832,5.46194314956665,5.462320804595947,,5.46194314956665,,,,,,
119,833,,,5.012434005737305,,5.012056350708008,5.012056350708008,,,,
119,834,,,4.245059967041016,,4.244682312011719,4.244682312011719,,,,
119,835,,,4.617015361785889,,4.616637706756592,4.616637706756592,,,,
119,836,,,5.402975082397461,,5.402597427368164,5.402597427368164,,,,
119,837,,,5.694808483123779,,5.694430351257324,5.694430351257324,,,,
119,838,,,6.892755508422852,,6.8923773765563965,6.8923773765563965,,,,
119,839,,,7.1629319190979,,7.162553787231445,7.162553787231445,,,,
,119,,,,,,,,,11.476139068603516,11.476139068603516
119,839,,,,,,,11.476140022277832,11.476140022277832,,
119,839,5.419410228729248,5.419787883758545,,5.419410228729248,,,,,,
120,840,,,4.4044318199157715,,4.404053688049316,4.404053688049316,,,,
120,841,,,5.675224304199219,,5.674846172332764,5.674846172332764,,,,
120,842,,,4.390096664428711,,4.389718055725098,4.389718055725098,,,,
120,843,,,6.445984840393066,,6.445606231689453,6.445606231689453,,,,
120,844,,,5.316290378570557,,5.315911769866943,5.315911769866943,,,,
120,845,,,5.463206768035889,,5.462828159332275,5.462828159332275,,,,
120,846,,,7.015881538391113,,7.0155029296875,7.0155029296875,,,,
,120,,,,,,,,,11.602300643920898,11.602300643920898
120,846,,,,,,,11.602300643920898,11.602300643920898,,
120,846,5.384121894836426,5.384500503540039,,5.384121894836426,,,,,,
121,847,,,5.037674427032471,,5.037295818328857,5.037295818328857,,,,
121,848,,,8.300307273864746,,8.299928665161133,8.299928665161133,,,,
121,849,,,4.556670665740967,,4.556291580200195,4.556291580200195,,,,
121,850,,,3.7933290004730225,,3.792949914932251,3.792949914932251,,,,
121,851,,,4.508838653564453,,4.508459568023682,4.508459568023682,,,,
121,852,,,5.565125942230225,,5.564746856689453,5.564746856689453,,,,
121,853,,,6.321202278137207,,6.320822715759277,6.320822715759277,,,,
,121,,,,,,,,,11.635160446166992,11.635160446166992
121,853,,,,,,,11.635160446166992,11.635160446166992,,
121,853,5.35372257232666,5.35410213470459,,5.35372257232666,,,,,,
122,854,,,4.960175037384033,,4.9597954750061035,4.9597954750061035,,,,
122,855,,,5.707956790924072,,5.707577228546143,5.707577228546143,,,,
122,856,,,5.294338226318359,,5.29395866394043,5.29395866394043,,,,
122,857,,,4.706728935241699,,4.7063493728637695,4.7063493728637695,,,,
122,858,,,7.18890905380249,,7.188529014587402,7.188529014587402,,,,
122,859,,,4.060083866119385,,4.059703826904297,4.059703826904297,,,,
122,860,,,5.247870922088623,,5.247490882873535,5.247490882873535,,,,
,122,,,,,,,,,11.462226867675781,11.462226867675781
122,860,,,,,,,11.462226867675781,11.462226867675781,,
122,860,5.315093517303467,5.315473556518555,,5.315093517303467,,,,,,
123,861,,,5.493826866149902,,5.4934468269348145,5.4934468269348145,,,,
123,862,,,5.533465385437012,,5.533085346221924,5.533085346221924,,,,
123,863,,,3.656224489212036,,3.655844211578369,3.655844211578369,,,,
123,864,,,5.776010990142822,,5.775630474090576,5.775630474090576,,,,
123,865,,,6.162230491638184,,6.1618499755859375,6.1618499755859375,,,,
123,866,,,4.703333854675293,,4.702953338623047,4.702953338623047,,,,
123,867,,,6.101794719696045,,6.101414203643799,6.101414203643799,,,,
,123,,,,,,,,,11.1863374710083,11.1863374710083
123,867,,,,,,,11.1863374710083,11.1863374710083,,
123,867,5.272288799285889,5.272669315338135,,5.272288799285889,,,,,,
124,868,,,5.707034587860107,,5.706654071807861,5.706654071807861,,,,
124,869,,,4.776602268218994,,4.77622127532959,4.77622127532959,,,,
124,870,,,6.893277645111084,,6.89289665222168,6.89289665222168,,,,
124,871,,,5.457606792449951,,5.457225799560547,5.457225799560547,,,,
124,872,,,3.3370277881622314,,3.336646795272827,3.336646795272827,,,,
124,873,,,4.7282938957214355,,4.727912902832031,4.727912902832031,,,,
124,874,,,6.555546283721924,,6.555164813995361,6.555164813995361,,,,
,124,,,,,,,,,10.862812042236328,10.862812042236328
124,874,,,,,,,10.862812995910645,10.862812995910645,,
124,874,5.232273578643799,5.232654571533203,,5.232273578643799,,,,,,
125,875,,,5.5697760581970215,,5.569394588470459,5.569394588470459,,,,
125,876,,,5.144810676574707,,5.1444292068481445,5.1444292068481445,,,,
125,877,,,5.435884952545166,,5.4355034828186035,5.4355034828186035,,,,
125,878,,,4.2819108963012695,,4.281529426574707,4.281529426574707,,,,
125,879,,,4.657284736633301,,4.65690279006958,4.65690279006958,,,,
125,880,,,5.254324913024902,,5.253942966461182,5.253942966461182,,,,
125,881,,,7.4666924476623535,,7.466310501098633,7.466310501098633,,,,
,125,,,,,,,,,10.781464576721191,10.781464576721191
125,881,,,,,,,10.781464576721191,10.781464576721191,,
125,881,5.198677062988281,5.199059009552002,,5.198677062988281,,,,,,
126,882,,,4.919296741485596,,4.918914794921875,4.918914794921875,,,,
126,883,,,4.757298469543457,,4.756916522979736,4.756916522979736,,,,
126,884,,,6.128767490386963,,6.128385066986084,6.128385066986084,,,,
126,885,,,4.352336883544922,,4.351954460144043,4.351954460144043,,,,
126,886,,,4.771119117736816,,4.7707366943359375,4.7707366943359375,,,,
126,887,,,6.321651458740234,,6.3212690353393555,6.3212690353393555,,,,
126,888,,,4.254097938537598,,4.253715515136719,4.253715515136719,,,,
,126,,,,,,,,,10.59312629699707,10.59312629699707
126,888,,,,,,,10.59312629699707,10.59312629699707,,
126,888,5.151893138885498,5.152275562286377,,5.151893138885498,,,,,,
127,889,,,5.198276519775391,,5.1978936195373535,5.1978936195373535,,,,
127,890,,,3.6886277198791504,,3.6882448196411133,3.6882448196411133,,,,
127,891,,,6.815985679626465,,6.815602779388428,6.815602779388428,,,,
127,892,,,2.9844276905059814,,2.9840447902679443,2.9840447902679443,,,,
127,893,,,6.284070014953613,,6.283687114715576,6.283687114715576,,,,
127,894,,,5.774164199829102,,5.773780822753906,5.773780822753906,,,,
127,895,,,4.90859317779541,,4.908209800720215,4.908209800720215,,,,
,127,,,,,,,,,10.480238914489746,10.480238914489746
127,895,,,,,,,10.480238914489746,10.480238914489746,,
127,895,5.111189842224121,5.111572265625,,5.111189842224121,,,,,,
128,896,,,4.323134422302246,,4.322751045227051,4.322751045227051,,,,
128,897,,,4.665255546569824,,4.664872169494629,4.664872169494629,,,,
128,898,,,6.590937614440918,,6.590554237365723,6.590554237365723,,,,
128,899,,,4.330714225769043,,4.3303303718566895,4.3303303718566895,,,,
128,900,,,5.707600116729736,,5.707216262817383,5.707216262817383,,,,
128,901,,,4.682399272918701,,4.682015419006348,4.682015419006348,,,,
128,902,,,5.3516082763671875,,5.351224422454834,5.351224422454834,,,,
,128,,,,,,,,,10.42978572845459,10.42978572845459
128,902,,,,,,,10.42978572845459,10.42978572845459,,
128,902,5.067364692687988,5.067747592926025,,5.067364692687988,,,,,,
129,903,,,4.235436916351318,,4.235053062438965,4.235053062438965,,,,
129,904,,,5.27244758605957,,5.272063255310059,5.272063255310059,,,,
129,905,,,4.1273193359375,,4.126935005187988,4.126935005187988,,,,
129,906,,,5.4759440422058105,,5.475559711456299,5.475559711456299,,,,
129,907,,,5.242254257202148,,5.241869926452637,5.241869926452637,,,,
129,908,,,5.7810869216918945,,5.780702590942383,5.780702590942383,,,,
129,909,,,5.0577006340026855,,5.057315826416016,5.057315826416016,,,,
,129,,,,,,,,,10.283435821533203,10.283435821533203
129,909,,,,,,,10.28343677520752,10.28343677520752,,
129,909,5.024106502532959,5.024490833282471,,5.024106502532959,,,,,,
130,910,,,4.114213943481445,,4.113829135894775,4.113829135894775,,,,
130,911,,,4.063249588012695,,4.062864780426025,4.062864780426025,,,,
130,912,,,4.917570114135742,,4.917185306549072,4.917185306549072,,,,
130,913,,,5.316574573516846,,5.316189289093018,5.316189289093018,,,,
130,914,,,3.889146327972412,,3.888761281967163,3.888761281967163,,,,
130,915,,,6.517906665802002,,6.517521381378174,6.517521381378174,,,,
130,916,,,7.81211519241333,,7.811729907989502,7.811729907989502,,,,
,130,,,,,,,,,10.260616302490234,10.260616302490234
130,916,,,,,,,10.260615348815918,10.260615348815918,,
130,916,4.979725360870361,4.980110168457031,,4.979725360870361,,,,,,
131,917,,,6.182808876037598,,6.1824235916137695,6.1824235916137695,,,,
131,918,,,5.073522090911865,,5.073136329650879,5.073136329650879,,,,
131,919,,,5.2520670890808105,,5.251681327819824,5.251681327819824,,,,
131,920,,,3.9438564777374268,,3.9434707164764404,3.9434707164764404,,,,
131,921,,,2.9843032360076904,,2.983917474746704,2.983917474746704,,,,
131,922,,,5.444786071777344,,5.444400310516357,5.444400310516357,,,,
131,923,,,6.851704120635986,,6.851318359375,6.851318359375,,,,
,131,,,,,,,,,10.195236206054688,10.195236206054688
131,923,,,,,,,10.195236206054688,10.195236206054688,,
131,923,4.933062553405762,4.933448314666748,,4.933062553405762,,,,,,
132,924,,,4.102456092834473,,4.102069854736328,4.102069854736328,,,,
132,925,,,5.148568630218506,,5.148182392120361,5.148182392120361,,,,
132,926,,,5.445505142211914,,5.4451189041137695,5.4451189041137695,,,,
132,927,,,5.243231296539307,,5.242845058441162,5.242845058441162,,,,
132,928,,,5.352917194366455,,5.352530479431152,5.352530479431152,,,,
132,929,,,3.650303840637207,,3.6499173641204834,3.6499173641204834,,,,
132,930,,,5.833498477935791,,5.833111763000488,5.833111763000488,,,,
,132,,,,,,,,,10.187004089355469,10.187004089355469
132,930,,,,,,,10.187004089355469,10.187004089355469,,
132,930,4.882835865020752,4.883222579956055,,4.882835865020752,,,,,,
133,931,,,3.757560968399048,,3.757174253463745,3.757174253463745,,,,
133,932,,,4.0403876304626465,,4.040000915527344,4.040000915527344,,,,
133,933,,,6.248219013214111,,6.24783182144165,6.24783182144165,,,,
133,934,,,4.9615254402160645,,4.9611382484436035,4.9611382484436035,,,,
133,935,,,3.180777072906494,,3.180389881134033,3.180389881134033,,,,
133,936,,,6.026251316070557,,6.025864124298096,6.025864124298096,,,,
133,937,,,7.029123306274414,,7.028736114501953,7.028736114501953,,,,
,133,,,,,,,,,10.270828247070312,10.270828247070312
133,937,,,,,,,10.270828247070312,10.270828247070312,,
133,937,4.838929653167725,4.839316368103027,,4.838929653167725,,,,,,
134,938,,,6.656109809875488,,6.655722141265869,6.655722141265869,,,,
134,939,,,4.5634870529174805,,4.563099384307861,4.563099384307861,,,,
134,940,,,4.585208415985107,,4.584820747375488,4.584820747375488,,,,
134,941,,,3.3837032318115234,,3.3833155632019043,3.3833155632019043,,,,
134,942,,,4.980325222015381,,4.979937553405762,4.979937553405762,,,,
134,943,,,3.7936601638793945,,3.7932722568511963,3.7932722568511963,,,,
134,944,,,7.013946533203125,,7.013558387756348,7.013558387756348,,,,
,134,,,,,,,,,10.26966381072998,10.26966381072998
134,944,,,,,,,10.26966381072998,10.26966381072998,,
134,944,4.798470973968506,4.798858642578125,,4.798470973968506,,,,,,
135,945,,,5.454528331756592,,5.4541401863098145,5.4541401863098145,,,,
135,946,,,4.865626811981201,,4.865238666534424,4.865238666534424,,,,
135,947,,,4.629759788513184,,4.629371643066406,4.629371643066406,,,,
135,948,,,4.040624618530273,,4.040235996246338,4.040235996246338,,,,
135,949,,,4.846064567565918,,4.845675945281982,4.845675945281982,,,,
135,950,,,4.610116004943848,,4.609727382659912,4.609727382659912,,,,
135,951,,,5.0613627433776855,,5.06097412109375,5.06097412109375,,,,
,135,,,,,,,,,10.217225074768066,10.217225074768066
135,951,,,,,,,10.217225074768066,10.217225074768066,,
135,951,4.7595696449279785,4.759957790374756,,4.7595696449279785,,,,,,
136,952,,,3.796631097793579,,3.7962422370910645,3.7962422370910645,,,,
136,953,,,4.261533260345459,,4.261144161224365,4.261144161224365,,,,
136,954,,,4.872410774230957,,4.872021675109863,4.872021675109863,,,,
136,955,,,4.658428192138672,,4.658039093017578,4.658039093017578,,,,
136,956,,,5.762209892272949,,5.7618207931518555,5.7618207931518555,,,,
136,957,,,3.8585877418518066,,3.858198404312134,3.858198404312134,,,,
136,958,,,7.7007832527160645,,7.7003936767578125,7.7003936767578125,,,,
,136,,,,,,,,,10.144105911254883,10.144105911254883
136,958,,,,,,,10.144105911254883,10.144105911254883,,
136,958,4.720802307128906,4.721191883087158,,4.720802307128906,,,,,,
137,959,,,5.62229585647583,,5.621906280517578,5.621906280517578,,,,
137,960,,,4.817598819732666,,4.817209243774414,4.817209243774414,,,,
137,961,,,3.8659451007843018,,3.8655552864074707,3.8655552864074707,,,,
137,962,,,3.689974069595337,,3.689584255218506,3.689584255218506,,,,
137,963,,,4.3076629638671875,,4.307272911071777,4.307272911071777,,,,
137,964,,,4.761093616485596,,4.7607035636901855,4.7607035636901855,,,,
137,965,,,7.473160743713379,,7.472770690917969,7.472770690917969,,,,
,137,,,,,,,,,10.089360237121582,10.089360237121582
137,965,,,,,,,10.089360237121582,10.089360237121582,,
137,965,4.684630870819092,4.685020446777344,,4.684630870819092,,,,,,
138,966,,,4.605436325073242,,4.605046272277832,4.605046272277832,,,,
138,967,,,3.3800928592681885,,3.379702568054199,3.379702568054199,,,,
138,968,,,6.939283847808838,,6.9388933181762695,6.9388933181762695,,,,
138,969,,,5.2208943367004395,,5.220503807067871,5.220503807067871,,,,
138,970,,,3.9026405811309814,,3.902250051498413,3.902250051498413,,,,
138,971,,,3.3988196849823,,3.3984289169311523,3.3984289169311523,,,,
138,972,,,5.838198184967041,,5.8378071784973145,5.8378071784973145,,,,
,138,,,,,,,,,9.966407775878906,9.966407775878906
138,972,,,,,,,9.966407775878906,9.966407775878906,,
138,972,4.648470878601074,4.648860931396484,,4.648470878601074,,,,,,
139,973,,,3.276158571243286,,3.2757675647735596,3.2757675647735596,,,,
139,974,,,4.420146465301514,,4.419755458831787,4.419755458831787,,,,
139,975,,,5.500760555267334,,5.500369548797607,5.500369548797607,,,,
139,976,,,3.9445338249206543,,3.9441425800323486,3.9441425800323486,,,,
139,977,,,6.301904678344727,,6.301513195037842,6.301513195037842,,,,
139,978,,,4.11623477935791,,4.115843296051025,4.115843296051025,,,,
139,979,,,4.977748394012451,,4.977356910705566,4.977356910705566,,,,
,139,,,,,,,,,9.843463897705078,9.843463897705078
139,979,,,,,,,9.843464851379395,9.843464851379395,,
139,979,4.615513801574707,4.615904808044434,,4.615513801574707,,,,,,
140,980,,,5.646994590759277,,5.646603107452393,5.646603107452393,,,,
140,981,,,4.828758716583252,,4.828367233276367,4.828367233276367,,,,
140,982,,,4.166929244995117,,4.166537284851074,4.166537284851074,,,,
140,983,,,4.097227096557617,,4.096835136413574,4.096835136413574,,,,
140,984,,,4.147213459014893,,4.14682149887085,4.14682149887085,,,,
140,985,,,4.360774040222168,,4.360382080078125,4.360382080078125,,,,
140,986,,,5.1922454833984375,,5.1918535232543945,5.1918535232543945,,,,
,140,,,,,,,,,9.714029312133789,9.714029312133789
140,986,,,,,,,9.714029312133789,9.714029312133789,,
140,986,4.579214572906494,4.579606533050537,,4.579214572906494,,,,,,
141,987,,,4.496006488800049,,4.495614051818848,4.495614051818848,,,,
141,988,,,5.450456619262695,,5.450064182281494,5.450064182281494,,,,
141,989,,,4.855603218078613,,4.855210781097412,4.855210781097412,,,,
141,990,,,4.188504695892334,,4.188112258911133,4.188112258911133,,,,
141,991,,,3.612724781036377,,3.6123321056365967,3.6123321056365967,,,,
141,992,,,4.598555088043213,,4.5981621742248535,4.5981621742248535,,,,
141,993,,,4.6934099197387695,,4.69301700592041,4.69301700592041,,,,
,141,,,,,,,,,9.359963417053223,9.359963417053223
141,993,,,,,,,9.359963417053223,9.359963417053223,,
141,993,4.542647361755371,4.543039798736572,,4.542647361755371,,,,,,
142,994,,,4.223494529724121,,4.223101615905762,4.223101615905762,,,,
142,995,,,2.6876957416534424,,2.687302589416504,2.687302589416504,,,,
142,996,,,5.130746841430664,,5.1303534507751465,5.1303534507751465,,,,
142,997,,,5.873235702514648,,5.872842311859131,5.872842311859131,,,,
142,998,,,4.5188164710998535,,4.518423080444336,4.518423080444336,,,,
142,999,,,4.461721897125244,,4.461328506469727,4.461328506469727,,,,
142,1000,,,5.032474040985107,,5.03208065032959,5.03208065032959,,,,
,142,,,,,,,,,9.140085220336914,9.140085220336914
142,1000,,,,,,,9.140085220336914,9.140085220336914,,
142,1000,4.5145697593688965,4.514962673187256,,4.5145697593688965,,,,,,
143,1001,,,5.295639514923096,,5.29524564743042,5.29524564743042,,,,
143,1002,,,4.878109931945801,,4.877716064453125,4.877716064453125,,,,
143,1003,,,3.8438336849212646,,3.843439817428589,3.843439817428589,,,,
143,1004,,,4.996595859527588,,4.996201992034912,4.996201992034912,,,,
143,1005,,,3.39619517326355,,3.395801067352295,3.395801067352295,,,,
143,1006,,,5.026350975036621,,5.025956630706787,5.025956630706787,,,,
143,1007,,,2.9447598457336426,,2.9443655014038086,2.9443655014038086,,,,
,143,,,,,,,,,9.007210731506348,9.007210731506348
143,1007,,,,,,,9.007210731506348,9.007210731506348,,
143,1007,4.476627349853516,4.477021217346191,,4.476627349853516,,,,,,
144,1008,,,4.246958255767822,,4.246563911437988,4.246563911437988,,,,
144,1009,,,3.947110414505005,,3.946715831756592,3.946715831756592,,,,
144,1010,,,3.3834149837493896,,3.3830204010009766,3.3830204010009766,,,,
144,1011,,,3.666032552719116,,3.665637969970703,3.665637969970703,,,,
144,1012,,,6.4981489181518555,,6.497754096984863,6.497754096984863,,,,
144,1013,,,5.351243019104004,,5.350848197937012,5.350848197937012,,,,
144,1014,,,3.387991189956665,,3.387596368789673,3.387596368789673,,,,
,144,,,,,,,,,8.807290077209473,8.807290077209473
144,1014,,,,,,,8.807290077209473,8.807290077209473,,
144,1014,4.448767185211182,4.449161529541016,,4.448767185211182,,,,,,
145,1015,,,5.643721103668213,,5.643326282501221,5.643326282501221,,,,
145,1016,,,5.778756618499756,,5.7783613204956055,5.7783613204956055,,,,
145,1017,,,3.3622074127197266,,3.361812114715576,3.361812114715576,,,,
145,1018,,,3.194209098815918,,3.1938138008117676,3.1938138008117676,,,,
145,1019,,,4.208690166473389,,4.208294868469238,4.208294868469238,,,,
145,1020,,,4.356662750244141,,4.35626745223999,4.35626745223999,,,,
145,1021,,,4.235123157501221,,4.234727382659912,4.234727382659912,,,,
,145,,,,,,,,,8.753584861755371,8.753584861755371
145,1021,,,,,,,8.753584861755371,8.753584861755371,,
145,1021,4.412532806396484,4.412928104400635,,4.412532806396484,,,,,,
146,1022,,,3.904693841934204,,3.9042983055114746,3.9042983055114746,,,,
146,1023,,,4.786189079284668,,4.785793304443359,4.785793304443359,,,,
146,1024,,,4.427947044372559,,4.42755126953125,4.42755126953125,,,,
146,1025,,,4.045101642608643,,4.044705867767334,4.044705867767334,,,,
146,1026,,,3.7931151390075684,,3.7927191257476807,3.7927191257476807,,,,
146,1027,,,3.878230571746826,,3.8778345584869385,3.8778345584869385,,,,
146,1028,,,8.236666679382324,,8.236270904541016,8.236270904541016,,,,
,146,,,,,,,,,8.91157054901123,8.91157054901123
146,1028,,,,,,,8.91157054901123,8.91157054901123,,
146,1028,4.379843711853027,4.380239486694336,,4.379843711853027,,,,,,
147,1029,,,3.288756847381592,,3.288360595703125,3.288360595703125,,,,
147,1030,,,4.281609535217285,,4.281213283538818,4.281213283538818,,,,
147,1031,,,4.8797807693481445,,4.879384517669678,4.879384517669678,,,,
147,1032,,,4.456630229949951,,4.456233978271484,4.456233978271484,,,,
147,1033,,,5.027637958526611,,5.027241230010986,5.027241230010986,,,,
147,1034,,,3.822739601135254,,3.822342872619629,3.822342872619629,,,,
147,1035,,,5.2203569412231445,,5.2199602127075195,5.2199602127075195,,,,
,147,,,,,,,,,8.972495079040527,8.972495079040527
147,1035,,,,,,,8.972495079040527,8.972495079040527,,
147,1035,4.347021579742432,4.347418308258057,,4.347021579742432,,,,,,
148,1036,,,4.339384078979492,,4.338987350463867,4.338987350463867,,,,
148,1037,,,4.47428560256958,,4.473888874053955,4.473888874053955,,,,
148,1038,,,3.903803586959839,,3.9034066200256348,3.9034066200256348,,,,
148,1039,,,5.537553787231445,,5.537156581878662,5.537156581878662,,,,
148,1040,,,3.3667664527893066,,3.3663692474365234,3.3663692474365234,,,,
148,1041,,,4.390117645263672,,4.389720439910889,4.389720439910889,,,,
148,1042,,,4.051153659820557,,4.050756454467773,4.050756454467773,,,,
,148,,,,,,,,,8.85124683380127,8.85124683380127
148,1042,,,,,,,8.85124683380127,8.85124683380127,,
148,1042,4.318205833435059,4.318603038787842,,4.318205833435059,,,,,,
149,1043,,,3.642162799835205,,3.6417653560638428,3.6417653560638428,,,,
149,1044,,,4.935950756072998,,4.935553073883057,4.935553073883057,,,,
149,1045,,,3.8864195346832275,,3.886021852493286,3.886021852493286,,,,
149,1046,,,4.473259449005127,,4.4728617668151855,4.4728617668151855,,,,
149,1047,,,5.943714618682861,,5.94331693649292,5.94331693649292,,,,
149,1048,,,2.6199772357940674,,2.619579315185547,2.619579315185547,,,,
149,1049,,,4.765958786010742,,4.765560626983643,4.765560626983643,,,,
,149,,,,,,,,,8.837743759155273,8.837743759155273
149,1049,,,,,,,8.837743759155273,8.837743759155273,,
149,1049,4.280185699462891,4.280583381652832,,4.280185699462891,,,,,,
150,1050,,,4.920826435089111,,4.920428276062012,4.920428276062012,,,,
150,1051,,,3.8816044330596924,,3.8812062740325928,3.8812062740325928,,,,
150,1052,,,4.564726829528809,,4.564328670501709,4.564328670501709,,,,
150,1053,,,3.564851999282837,,3.564453601837158,3.564453601837158,,,,
150,1054,,,4.707957744598389,,4.707559108734131,4.707559108734131,,,,
150,1055,,,2.5428354740142822,,2.5424368381500244,2.5424368381500244,,,,
150,1056,,,7.732113361358643,,7.731714725494385,7.731714725494385,,,,
,150,,,,,,,,,8.957073211669922,8.957073211669922
150,1056,,,,,,,8.957073211669922,8.957073211669922,,
150,1056,4.247812747955322,4.248210906982422,,4.247812747955322,,,,,,
151,1057,,,4.913102149963379,,4.912703514099121,4.912703514099121,,,,
151,1058,,,4.337687969207764,,4.337289333343506,4.337289333343506,,,,
151,1059,,,4.360318660736084,,4.359919548034668,4.359919548034668,,,,
151,1060,,,3.4079201221466064,,3.4075210094451904,3.4075210094451904,,,,
151,1061,,,3.8643486499786377,,3.8639495372772217,3.8639495372772217,,,,
151,1062,,,4.960803985595703,,4.960404872894287,4.960404872894287,,,,
151,1063,,,2.686044692993164,,2.685645341873169,2.685645341873169,,,,
,151,,,,,,,,,8.879916191101074,8.879916191101074
151,1063,,,,,,,8.879916191101074,8.879916191101074,,
151,1063,4.211592674255371,4.211992263793945,,4.211592674255371,,,,,,
152,1064,,,3.5496060848236084,,3.5492067337036133,3.5492067337036133,,,,
152,1065,,,3.5387604236602783,,3.538361072540283,3.538361072540283,,,,
152,1066,,,4.087726593017578,,4.087327003479004,4.087327003479004,,,,
152,1067,,,4.875785827636719,,4.8753862380981445,4.8753862380981445,,,,
152,1068,,,6.008090972900391,,6.007691383361816,6.007691383361816,,,,
152,1069,,,3.3487560749053955,,3.348356246948242,3.348356246948242,,,,
152,1070,,,3.3493857383728027,,3.3489859104156494,3.3489859104156494,,,,
,152,,,,,,,,,8.61016845703125,8.61016845703125
152,1070,,,,,,,8.61016845703125,8.61016845703125,,
152,1070,4.182305335998535,4.182705402374268,,4.182305335998535,,,,,,
153,1071,,,4.046212673187256,,4.045812606811523,4.045812606811523,,,,
153,1072,,,3.455651044845581,,3.4552509784698486,3.4552509784698486,,,,
153,1073,,,5.417065620422363,,5.416665554046631,5.416665554046631,,,,
153,1074,,,3.841691732406616,,3.8412914276123047,3.8412914276123047,,,,
153,1075,,,4.886303901672363,,4.885903358459473,4.885903358459473,,,,
153,1076,,,3.3062942028045654,,3.305893659591675,3.305893659591675,,,,
153,1077,,,3.8366622924804688,,3.836261510848999,3.836261510848999,,,,
,153,,,,,,,,,8.331780433654785,8.331780433654785
153,1077,,,,,,,8.331780433654785,8.331780433654785,,
153,1077,4.139516353607178,4.139915943145752,,4.139516353607178,,,,,,
154,1078,,,3.931393623352051,,3.930992841720581,3.930992841720581,,,,
154,1079,,,2.579479932785034,,2.5790791511535645,2.5790791511535645,,,,
154,1080,,,4.462621688842773,,4.462220668792725,4.462220668792725,,,,
154,1081,,,3.510169506072998,,3.509768486022949,3.509768486022949,,,,
154,1082,,,5.458752155303955,,5.458351135253906,5.458351135253906,,,,
154,1083,,,4.8264594078063965,,4.8260579109191895,4.8260579109191895,,,,
154,1084,,,3.725522756576538,,3.72512149810791,3.72512149810791,,,,
,154,,,,,,,,,8.15194320678711,8.15194320678711
154,1084,,,,,,,8.15194320678711,8.15194320678711,,
154,1084,4.104061126708984,4.104462623596191,,4.104061126708984,,,,,,
155,1085,,,3.390448808670044,,3.390047311782837,3.390047311782837,,,,
155,1086,,,3.296632766723633,,3.296231269836426,3.296231269836426,,,,
155,1087,,,4.4533467292785645,,4.452945232391357,4.452945232391357,,,,
155,1088,,,4.945152759552002,,4.944750785827637,4.944750785827637,,,,
155,1089,,,4.0299482345581055,,4.02954626083374,4.02954626083374,,,,
155,1090,,,3.810995101928711,,3.8105931282043457,3.8105931282043457,,,,
155,1091,,,5.352707386016846,,5.3523054122924805,5.3523054122924805,,,,
,155,,,,,,,,,8.046669006347656,8.046669006347656
155,1091,,,,,,,8.046669006347656,8.046669006347656,,
155,1091,4.067643642425537,4.068045139312744,,4.067643642425537,,,,,,
156,1092,,,3.472771167755127,,3.4723689556121826,3.4723689556121826,,,,
156,1093,,,4.588289260864258,,4.587886810302734,4.587886810302734,,,,
156,1094,,,4.638309955596924,,4.6379075050354,4.6379075050354,,,,
156,1095,,,4.224862098693848,,4.224459648132324,4.224459648132324,,,,
156,1096,,,3.9630143642425537,,3.9626119136810303,3.9626119136810303,,,,
156,1097,,,4.189342975616455,,4.188940525054932,4.188940525054932,,,,
156,1098,,,1.856550931930542,,1.8561482429504395,1.8561482429504395,,,,
,156,,,,,,,,,7.909124374389648,7.909124374389648
156,1098,,,,,,,7.90912389755249,7.90912389755249,,
156,1098,4.042389392852783,4.042791843414307,,4.042389392852783,,,,,,
157,1099,,,5.116398811340332,,5.11599588394165,5.11599588394165,,,,
157,1100,,,3.4642670154571533,,3.4638640880584717,3.4638640880584717,,,,
157,1101,,,3.85007381439209,,3.849670886993408,3.849670886993408,,,,
157,1102,,,4.398566722869873,,4.398163795471191,4.398163795471191,,,,
157,1103,,,3.320120334625244,,3.3197171688079834,3.3197171688079834,,,,
157,1104,,,3.5461268424987793,,3.5457234382629395,3.5457234382629395,,,,
157,1105,,,4.834173202514648,,4.833769798278809,4.833769798278809,,,,
,157,,,,,,,,,7.870856285095215,7.870856285095215
157,1105,,,,,,,7.870856285095215,7.870856285095215,,
157,1105,4.000909328460693,4.001312732696533,,4.000909328460693,,,,,,
158,1106,,,3.746159076690674,,3.745755672454834,3.745755672454834,,,,
158,1107,,,4.727621555328369,,4.727218151092529,4.727218151092529,,,,
158,1108,,,3.5916457176208496,,3.5912420749664307,3.5912420749664307,,,,
158,1109,,,3.657224655151367,,3.656820774078369,3.656820774078369,,,,
158,1110,,,3.739435911178589,,3.739032030105591,3.739032030105591,,,,
158,1111,,,3.5546798706054688,,3.5542759895324707,3.5542759895324707,,,,
158,1112,,,5.932092189788818,,5.93168830871582,5.93168830871582,,,,
,158,,,,,,,,,7.962131977081299,7.962131977081299
158,1112,,,,,,,7.962131977081299,7.962131977081299,,
158,1112,3.9590160846710205,3.9594197273254395,,3.9590160846710205,,,,,,
159,1113,,,2.1446802616119385,,2.1442761421203613,2.1442761421203613,,,,
159,1114,,,4.598696708679199,,4.598292350769043,4.598292350769043,,,,
159,1115,,,4.840899467468262,,4.8404951095581055,4.8404951095581055,,,,
159,1116,,,2.735276699066162,,2.734872341156006,2.734872341156006,,,,
159,1117,,,3.9748706817626953,,3.97446608543396,3.97446608543396,,,,
159,1118,,,5.378473281860352,,5.378068447113037,5.378068447113037,,,,
159,1119,,,3.592024087905884,,3.5916192531585693,3.5916192531585693,,,,
,159,,,,,,,,,7.970285415649414,7.970285415649414
159,1119,,,,,,,7.970285892486572,7.970285892486572,,
159,1119,3.9242868423461914,3.9246912002563477,,3.9242868423461914,,,,,,
160,1120,,,2.6905643939971924,,2.690159559249878,2.690159559249878,,,,
160,1121,,,4.8379740715026855,,4.837569236755371,4.837569236755371,,,,
160,1122,,,3.092426061630249,,3.0920209884643555,3.0920209884643555,,,,
160,1123,,,4.1200103759765625,,4.11960506439209,4.11960506439209,,,,
160,1124,,,3.8203957080841064,,3.819990396499634,3.819990396499634,,,,
160,1125,,,4.809700965881348,,4.809295654296875,4.809295654296875,,,,
160,1126,,,3.8587045669555664,,3.8582990169525146,3.8582990169525146,,,,
,160,,,,,,,,,7.882305145263672,7.882305145263672
160,1126,,,,,,,7.882305145263672,7.882305145263672,,
160,1126,3.892627716064453,3.8930327892303467,,3.892627716064453,,,,,,
161,1127,,,4.707815647125244,,4.707409858703613,4.707409858703613,,,,
161,1128,,,3.6358704566955566,,3.635464668273926,3.635464668273926,,,,
161,1129,,,3.6275553703308105,,3.6271495819091797,3.6271495819091797,,,,
161,1130,,,2.864283800125122,,2.863877773284912,2.863877773284912,,,,
161,1131,,,4.323812484741211,,4.32340669631958,4.32340669631958,,,,
161,1132,,,4.293344974517822,,4.292938709259033,4.292938709259033,,,,
161,1133,,,3.1855480670928955,,3.1851418018341064,3.1851418018341064,,,,
,161,,,,,,,,,7.732250690460205,7.732250690460205
161,1133,,,,,,,7.732250690460205,7.732250690460205,,
161,1133,3.8658313751220703,3.866236925125122,,3.8658313751220703,,,,,,
162,1134,,,4.966200351715088,,4.965794086456299,4.965794086456299,,,,
162,1135,,,2.031522274017334,,2.031115770339966,2.031115770339966,,,,
162,1136,,,3.2803001403808594,,3.279893636703491,3.279893636703491,,,,
162,1137,,,4.310994625091553,,4.3105878829956055,4.3105878829956055,,,,
162,1138,,,4.400349140167236,,4.399942398071289,4.399942398071289,,,,
162,1139,,,4.150155544281006,,4.149748802185059,4.149748802185059,,,,
162,1140,,,3.507263660430908,,3.506856679916382,3.506856679916382,,,,
,162,,,,,,,,,7.589618682861328,7.589618682861328
162,1140,,,,,,,7.589618682861328,7.589618682861328,,
162,1140,3.83563232421875,3.836038589477539,,3.83563232421875,,,,,,
163,1141,,,3.6539266109466553,,3.653519630432129,3.653519630432129,,,,
163,1142,,,2.1270477771759033,,2.126640558242798,2.126640558242798,,,,
163,1143,,,3.5211706161499023,,3.520763397216797,3.520763397216797,,,,
163,1144,,,4.920581817626953,,4.920174598693848,4.920174598693848,,,,
163,1145,,,3.644042491912842,,3.6436350345611572,3.6436350345611572,,,,
163,1146,,,5.1838202476501465,,5.183412551879883,5.183412551879883,,,,
163,1147,,,3.313566207885742,,3.3131585121154785,3.3131585121154785,,,,
,163,,,,,,,,,7.51107931137085,7.51107931137085
163,1147,,,,,,,7.51107931137085,7.51107931137085,,
163,1147,3.8102872371673584,3.810694694519043,,3.8102872371673584,,,,,,
164,1148,,,4.2148332595825195,,4.214425563812256,4.214425563812256,,,,
164,1149,,,3.670905351638794,,3.6704976558685303,3.6704976558685303,,,,
164,1150,,,3.7451624870300293,,3.7447545528411865,3.7447545528411865,,,,
164,1151,,,3.686774253845215,,3.686366319656372,3.686366319656372,,,,
164,1152,,,3.6338324546813965,,3.6334245204925537,3.6334245204925537,,,,
164,1153,,,4.119307041168213,,4.118898868560791,4.118898868560791,,,,
164,1154,,,2.8037919998168945,,2.8033838272094727,2.8033838272094727,,,,
,164,,,,,,,,,7.418198108673096,7.418198108673096
164,1154,,,,,,,7.418198108673096,7.418198108673096,,
164,1154,3.7834722995758057,3.7838802337646484,,3.7834722995758057,,,,,,
165,1155,,,3.569478988647461,,3.56907057762146,3.56907057762146,,,,
165,1156,,,4.049441337585449,,4.049032688140869,4.049032688140869,,,,
165,1157,,,1.9867662191390991,,1.9863576889038086,1.9863576889038086,,,,
165,1158,,,4.71220588684082,,4.71179723739624,4.71179723739624,,,,
165,1159,,,3.7076199054718018,,3.7072112560272217,3.7072112560272217,,,,
165,1160,,,3.481081485748291,,3.480672597885132,3.480672597885132,,,,
165,1161,,,6.571206092834473,,6.570796966552734,6.570796966552734,,,,
,165,,,,,,,,,7.431143283843994,7.431143283843994
165,1161,,,,,,,7.431143283843994,7.431143283843994,,
165,1161,3.759716033935547,3.760124921798706,,3.759716033935547,,,,,,
166,1162,,,2.588273048400879,,2.5878639221191406,2.5878639221191406,,,,
166,1163,,,3.4452147483825684,,3.44480562210083,3.44480562210083,,,,
166,1164,,,5.463228225708008,,5.4628190994262695,5.4628190994262695,,,,
166,1165,,,3.5038797855377197,,3.5034704208374023,3.5034704208374023,,,,
166,1166,,,3.273029088973999,,3.2726197242736816,3.2726197242736816,,,,
166,1167,,,4.208859920501709,,4.2084503173828125,4.2084503173828125,,,,
166,1168,,,3.5579991340637207,,3.557589530944824,3.557589530944824,,,,
,166,,,,,,,,,7.2970428466796875,7.2970428466796875
166,1168,,,,,,,7.2970428466796875,7.2970428466796875,,
166,1168,3.735549211502075,3.7359583377838135,,3.735549211502075,,,,,,
167,1169,,,3.811260461807251,,3.8108508586883545,3.8108508586883545,,,,
167,1170,,,3.1972687244415283,,3.1968588829040527,3.1968588829040527,,,,
167,1171,,,4.236387252807617,,4.2359771728515625,4.2359771728515625,,,,
167,1172,,,3.5461654663085938,,3.545755386352539,3.545755386352539,,,,
167,1173,,,3.5758538246154785,,3.575443744659424,3.575443744659424,,,,
167,1174,,,2.91088604927063,,2.910475969314575,2.910475969314575,,,,
167,1175,,,6.275701999664307,,6.275291919708252,6.275291919708252,,,,
,167,,,,,,,,,7.201064109802246,7.201064109802246
167,1175,,,,,,,7.201064109802246,7.201064109802246,,
167,1175,3.706446647644043,3.7068564891815186,,3.706446647644043,,,,,,
168,1176,,,3.7208638191223145,,3.7204535007476807,3.7204535007476807,,,,
168,1177,,,3.3719303607940674,,3.3715198040008545,3.3715198040008545,,,,
168,1178,,,2.680877685546875,,2.680467128753662,2.680467128753662,,,,
168,1179,,,3.863726854324341,,3.863316297531128,3.863316297531128,,,,
168,1180,,,4.10684871673584,,4.106438159942627,4.106438159942627,,,,
168,1181,,,4.12383508682251,,4.123424053192139,4.123424053192139,,,,
168,1182,,,4.194830894470215,,4.194419860839844,4.194419860839844,,,,
,168,,,,,,,,,7.1158528327941895,7.1158528327941895
168,1182,,,,,,,7.1158528327941895,7.1158528327941895,,
168,1182,3.676631450653076,3.677042007446289,,3.676631450653076,,,,,,
169,1183,,,2.981306314468384,,2.9808952808380127,2.9808952808380127,,,,
169,1184,,,3.0760631561279297,,3.0756521224975586,3.0756521224975586,,,,
169,1185,,,4.037627220153809,,4.0372161865234375,4.0372161865234375,,,,
169,1186,,,4.114224433898926,,4.1138129234313965,4.1138129234313965,,,,
169,1187,,,3.1048810482025146,,3.1044695377349854,3.1044695377349854,,,,
169,1188,,,4.502209186553955,,4.501797676086426,4.501797676086426,,,,
169,1189,,,3.8117802143096924,,3.811368465423584,3.811368465423584,,,,
,169,,,,,,,,,7.011318206787109,7.011318206787109
169,1189,,,,,,,7.011318206787109,7.011318206787109,,
169,1189,3.64597749710083,3.646388530731201,,3.64597749710083,,,,,,
170,1190,,,3.862353563308716,,3.8619418144226074,3.8619418144226074,,,,
170,1191,,,3.538134813308716,,3.5377230644226074,3.5377230644226074,,,,
170,1192,,,3.9606096744537354,,3.960197687149048,3.960197687149048,,,,
170,1193,,,3.1814138889312744,,3.181001901626587,3.181001901626587,,,,
170,1194,,,4.363107204437256,,4.362695217132568,4.362695217132568,,,,
170,1195,,,2.9593827724456787,,2.958970546722412,2.958970546722412,,,,
170,1196,,,3.0113751888275146,,3.010962963104248,3.010962963104248,,,,
,170,,,,,,,,,6.828111171722412,6.828111171722412
170,1196,,,,,,,6.828111171722412,6.828111171722412,,
170,1196,3.606531858444214,3.6069438457489014,,3.606531858444214,,,,,,
171,1197,,,3.143054485321045,,3.142642021179199,3.142642021179199,,,,
171,1198,,,3.300952672958374,,3.300539970397949,3.300539970397949,,,,
171,1199,,,3.426802396774292,,3.426389694213867,3.426389694213867,,,,
171,1200,,,4.753832817077637,,4.753419876098633,4.753419876098633,,,,
171,1201,,,2.5673654079437256,,2.5669524669647217,2.5669524669647217,,,,
171,1202,,,3.6920390129089355,,3.6916260719299316,3.6916260719299316,,,,
171,1203,,,5.004072666168213,,5.003659725189209,5.003659725189209,,,,
,171,,,,,,,,,6.711820125579834,6.711820125579834
171,1203,,,,,,,6.711820125579834,6.711820125579834,,
171,1203,3.569873332977295,3.570286273956299,,3.569873332977295,,,,,,
172,1204,,,6.042118072509766,,6.0417046546936035,6.0417046546936035,,,,
172,1205,,,3.336681842803955,,3.336268424987793,3.336268424987793,,,,
172,1206,,,3.9391448497772217,,3.9387314319610596,3.9387314319610596,,,,
172,1207,,,3.0540950298309326,,3.0536813735961914,3.0536813735961914,,,,
172,1208,,,2.6441147327423096,,2.6437010765075684,2.6437010765075684,,,,
172,1209,,,2.0341694355010986,,2.0337557792663574,2.0337557792663574,,,,
172,1210,,,4.0359272956848145,,4.035513401031494,4.035513401031494,,,,
,172,,,,,,,,,6.741258144378662,6.741258144378662
172,1210,,,,,,,6.741258144378662,6.741258144378662,,
172,1210,3.539005756378174,3.539419412612915,,3.539005756378174,,,,,,
173,1211,,,5.123458385467529,,5.123044490814209,5.123044490814209,,,,
173,1212,,,2.837373733520508,,2.8369598388671875,2.8369598388671875,,,,
173,1213,,,2.694478750228882,,2.6940646171569824,2.6940646171569824,,,,
173,1214,,,3.3552916049957275,,3.354877471923828,3.354877471923828,,,,
173,1215,,,3.432006597518921,,3.4315922260284424,3.4315922260284424,,,,
173,1216,,,3.1529526710510254,,3.152538299560547,3.152538299560547,,,,
173,1217,,,4.654732704162598,,4.654318332672119,4.654318332672119,,,,
,173,,,,,,,,,6.77589225769043,6.77589225769043
173,1217,,,,,,,6.7758917808532715,6.7758917808532715,,
173,1217,3.5040698051452637,3.504483938217163,,3.5040698051452637,,,,,,
174,1218,,,3.3373637199401855,,3.336949110031128,3.336949110031128,,,,
174,1219,,,3.098121166229248,,3.0977065563201904,3.0977065563201904,,,,
174,1220,,,4.150603294372559,,4.150188446044922,4.150188446044922,,,,
174,1221,,,3.0707614421844482,,3.0703465938568115,3.0703465938568115,,,,
174,1222,,,3.2358415126800537,,3.235426425933838,3.235426425933838,,,,
174,1223,,,3.2899465560913086,,3.2895314693450928,3.2895314693450928,,,,
174,1224,,,5.187931537628174,,5.187516212463379,5.187516212463379,,,,
,174,,,,,,,,,6.835694313049316,6.835694313049316
174,1224,,,,,,,6.835694313049316,6.835694313049316,,
174,1224,3.4706616401672363,3.471076250076294,,3.4706616401672363,,,,,,
175,1225,,,2.5670862197875977,,2.5666708946228027,2.5666708946228027,,,,
175,1226,,,4.7710652351379395,,4.7706499099731445,4.7706499099731445,,,,
175,1227,,,3.093555450439453,,3.093139886856079,3.093139886856079,,,,
175,1228,,,3.3555099964141846,,3.3550944328308105,3.3550944328308105,,,,
175,1229,,,3.5308921337127686,,3.5304763317108154,3.5304763317108154,,,,
175,1230,,,3.4003350734710693,,3.399919271469116,3.399919271469116,,,,
175,1231,,,3.302597999572754,,3.302182197570801,3.302182197570801,,,,
,175,,,,,,,,,6.831519603729248,6.831519603729248
175,1231,,,,,,,6.831519603729248,6.831519603729248,,
175,1231,3.4438066482543945,3.4442224502563477,,3.4438066482543945,,,,,,
176,1232,,,2.3457117080688477,,2.3452956676483154,2.3452956676483154,,,,
176,1233,,,3.2956905364990234,,3.295274496078491,3.295274496078491,,,,
176,1234,,,3.387667179107666,,3.387251138687134,3.387251138687134,,,,
176,1235,,,3.840942144393921,,3.8405258655548096,3.8405258655548096,,,,
176,1236,,,4.184861660003662,,4.184445381164551,4.184445381164551,,,,
176,1237,,,3.799954652786255,,3.7995381355285645,3.7995381355285645,,,,
176,1238,,,2.5223307609558105,,2.52191424369812,2.52191424369812,,,,
,176,,,,,,,,,6.803389072418213,6.803389072418213
176,1238,,,,,,,6.803389072418213,6.803389072418213,,
176,1238,3.4193012714385986,3.419718027114868,,3.4193012714385986,,,,,,
177,1239,,,4.2026567459106445,,4.202239990234375,4.202239990234375,,,,
177,1240,,,4.39958381652832,,4.399167060852051,4.399167060852051,,,,
177,1241,,,2.489621162414551,,2.4892044067382812,2.4892044067382812,,,,
177,1242,,,3.6521944999694824,,3.651777505874634,3.651777505874634,,,,
177,1243,,,2.025655508041382,,2.025238513946533,2.025238513946533,,,,
177,1244,,,3.750227451324463,,3.749810218811035,3.749810218811035,,,,
177,1245,,,3.017354965209961,,3.016937732696533,3.016937732696533,,,,
,177,,,,,,,,,6.652408599853516,6.652408599853516
177,1245,,,,,,,6.652408599853516,6.652408599853516,,
177,1245,3.395888328552246,3.396305561065674,,3.395888328552246,,,,,,
178,1246,,,3.612279176712036,,3.6118617057800293,3.6118617057800293,,,,
178,1247,,,2.5999703407287598,,2.599552869796753,2.599552869796753,,,,
178,1248,,,4.305455207824707,,4.305037498474121,4.305037498474121,,,,
178,1249,,,3.104799270629883,,3.104381561279297,3.104381561279297,,,,
178,1250,,,3.931875705718994,,3.931457996368408,3.931457996368408,,,,
178,1251,,,3.0412440299987793,,3.0408260822296143,3.0408260822296143,,,,
178,1252,,,2.324305295944214,,2.323887348175049,2.323887348175049,,,,
,178,,,,,,,,,6.571438312530518,6.571438312530518
178,1252,,,,,,,6.571438312530518,6.571438312530518,,
178,1252,3.366992473602295,3.367410182952881,,3.366992473602295,,,,,,
179,1253,,,3.4150733947753906,,3.4146552085876465,3.4146552085876465,,,,
179,1254,,,3.550466299057007,,3.5500481128692627,3.5500481128692627,,,,
179,1255,,,3.7241053581237793,,3.723687171936035,3.723687171936035,,,,
179,1256,,,3.617199182510376,,3.6167807579040527,3.6167807579040527,,,,
179,1257,,,3.2973005771636963,,3.296882152557373,3.296882152557373,,,,
179,1258,,,2.8007194995880127,,2.8003008365631104,2.8003008365631104,,,,
179,1259,,,2.3818891048431396,,2.3814704418182373,2.3814704418182373,,,,
,179,,,,,,,,,6.51633358001709,6.51633358001709
179,1259,,,,,,,6.51633358001709,6.51633358001709,,
179,1259,3.340456008911133,3.340874195098877,,3.340456008911133,,,,,,
180,1260,,,3.9936046600341797,,3.9931857585906982,3.9931857585906982,,,,
180,1261,,,2.1364712715148926,,2.136052370071411,2.136052370071411,,,,
180,1262,,,3.4561235904693604,,3.455704689025879,3.455704689025879,,,,
180,1263,,,3.0710368156433105,,3.07061767578125,3.07061767578125,,,,
180,1264,,,3.408367395401001,,3.4079482555389404,3.4079482555389404,,,,
180,1265,,,4.124856472015381,,4.12443733215332,4.12443733215332,,,,
180,1266,,,2.47780179977417,,2.4773824214935303,2.4773824214935303,,,,
,180,,,,,,,,,6.426360130310059,6.426360130310059
180,1266,,,,,,,6.426360130310059,6.426360130310059,,
180,1266,3.312464952468872,3.3128840923309326,,3.312464952468872,,,,,,
181,1267,,,3.5592877864837646,,3.558868408203125,3.558868408203125,,,,
181,1268,,,2.8416194915771484,,2.8411998748779297,2.8411998748779297,,,,
181,1269,,,2.285463809967041,,2.2850441932678223,2.2850441932678223,,,,
181,1270,,,5.567672252655029,,5.5672526359558105,5.5672526359558105,,,,
181,1271,,,3.0170438289642334,,3.0166239738464355,3.0166239738464355,,,,
181,1272,,,3.0496933460235596,,3.0492734909057617,3.0492734909057617,,,,
181,1273,,,1.8574254512786865,,1.8570053577423096,1.8570053577423096,,,,
,181,,,,,,,,,6.347768306732178,6.347768306732178
181,1273,,,,,,,6.347768306732178,6.347768306732178,,
181,1273,3.2964141368865967,3.2968339920043945,,3.2964141368865967,,,,,,
182,1274,,,4.22411584854126,,4.223695755004883,4.223695755004883,,,,
182,1275,,,3.6178512573242188,,3.6174309253692627,3.6174309253692627,,,,
182,1276,,,2.088754415512085,,2.088334083557129,2.088334083557129,,,,
182,1277,,,2.0275349617004395,,2.0271146297454834,2.0271146297454834,,,,
182,1278,,,3.9741766452789307,,3.9737560749053955,3.9737560749053955,,,,
182,1279,,,3.167921543121338,,3.1675009727478027,3.1675009727478027,,,,
182,1280,,,4.533833980560303,,4.533413410186768,4.533413410186768,,,,
,182,,,,,,,,,6.389731407165527,6.389731407165527
182,1280,,,,,,,6.389731407165527,6.389731407165527,,
182,1280,3.2624096870422363,3.2628300189971924,,3.2624096870422363,,,,,,
183,1281,,,4.07296895980835,,4.072547912597656,4.072547912597656,,,,
183,1282,,,3.0591378211975098,,3.0587170124053955,3.0587170124053955,,,,
183,1283,,,3.5385494232177734,,3.53812837600708,3.53812837600708,,,,
183,1284,,,3.367648124694824,,3.367227077484131,3.367227077484131,,,,
183,1285,,,3.505445957183838,,3.5050246715545654,3.5050246715545654,,,,
183,1286,,,2.5746443271636963,,2.574223041534424,2.574223041534424,,,,
183,1287,,,1.4071478843688965,,1.4067264795303345,1.4067264795303345,,,,
,183,,,,,,,,,6.338963985443115,6.338963985443115
183,1287,,,,,,,6.338963985443115,6.338963985443115,,
183,1287,3.2381789684295654,3.238600254058838,,3.2381789684295654,,,,,,
184,1288,,,3.5432159900665283,,3.5427944660186768,3.5427944660186768,,,,
184,1289,,,2.3596692085266113,,2.3592476844787598,2.3592476844787598,,,,
184,1290,,,2.4781227111816406,,2.47770094871521,2.47770094871521,,,,
184,1291,,,2.6744344234466553,,2.6740126609802246,2.6740126609802246,,,,
184,1292,,,3.8958261013031006,,3.89540433883667,3.89540433883667,,,,
184,1293,,,4.524348735809326,,4.523926734924316,4.523926734924316,,,,
184,1294,,,2.6922450065612793,,2.6918230056762695,2.6918230056762695,,,,
,184,,,,,,,,,6.280732154846191,6.280732154846191
184,1294,,,,,,,6.280732154846191,6.280732154846191,,
184,1294,3.212944507598877,3.2133662700653076,,3.212944507598877,,,,,,
185,1295,,,4.897046089172363,,4.8966240882873535,4.8966240882873535,,,,
185,1296,,,2.984262466430664,,2.983840227127075,2.983840227127075,,,,
185,1297,,,1.9570649862289429,,1.9566426277160645,1.9566426277160645,,,,
185,1298,,,2.6426422595977783,,2.6422197818756104,2.6422197818756104,,,,
185,1299,,,2.5063235759735107,,2.5059010982513428,2.5059010982513428,,,,
185,1300,,,3.593989849090576,,3.593567132949829,3.593567132949829,,,,
185,1301,,,4.73280143737793,,4.7323784828186035,4.7323784828186035,,,,
,185,,,,,,,,,6.361622333526611,6.361622333526611
185,1301,,,,,,,6.361622333526611,6.361622333526611,,
185,1301,3.1926958560943604,3.1931185722351074,,3.1926958560943604,,,,,,
186,1302,,,2.444791793823242,,2.444369077682495,2.444369077682495,,,,
186,1303,,,3.09899640083313,,3.0985734462738037,3.0985734462738037,,,,
186,1304,,,2.964890241622925,,2.9644672870635986,2.9644672870635986,,,,
186,1305,,,3.2191824913024902,,3.218759536743164,3.218759536743164,,,,
186,1306,,,3.55783748626709,,3.5574142932891846,3.5574142932891846,,,,
186,1307,,,3.7979536056518555,,3.79753041267395,3.79753041267395,,,,
186,1308,,,2.992401123046875,,2.9919776916503906,2.9919776916503906,,,,
,186,,,,,,,,,6.327234268188477,6.327234268188477
186,1308,,,,,,,6.327234745025635,6.327234745025635,,
186,1308,3.169114589691162,3.1695377826690674,,3.169114589691162,,,,,,
187,1309,,,4.054424285888672,,4.0540008544921875,4.0540008544921875,,,,
187,1310,,,3.364386558532715,,3.3639628887176514,3.3639628887176514,,,,
187,1311,,,1.9348111152648926,,1.934387445449829,1.934387445449829,,,,
187,1312,,,3.295362949371338,,3.2949392795562744,3.2949392795562744,,,,
187,1313,,,2.8641366958618164,,2.863712787628174,2.863712787628174,,,,
187,1314,,,2.669555902481079,,2.6691319942474365,2.6691319942474365,,,,
187,1315,,,4.980465888977051,,4.980041980743408,4.980041980743408,,,,
,187,,,,,,,,,6.234293460845947,6.234293460845947
187,1315,,,,,,,6.234293460845947,6.234293460845947,,
187,1315,3.1447296142578125,3.145153284072876,,3.1447296142578125,,,,,,
188,1316,,,3.235670804977417,,3.2352466583251953,3.2352466583251953,,,,
188,1317,,,3.6229748725891113,,3.6225507259368896,3.6225507259368896,,,,
188,1318,,,4.0800886154174805,,4.07966423034668,4.07966423034668,,,,
188,1319,,,2.366816997528076,,2.3663926124572754,2.3663926124572754,,,,
188,1320,,,3.152160882949829,,3.151736259460449,3.151736259460449,,,,
188,1321,,,2.6580021381378174,,2.6575775146484375,2.6575775146484375,,,,
188,1322,,,2.104093313217163,,2.103668689727783,2.103668689727783,,,,
,188,,,,,,,,,6.1538310050964355,6.1538310050964355
188,1322,,,,,,,6.1538310050964355,6.1538310050964355,,
188,1322,3.121889114379883,3.1223137378692627,,3.121889114379883,,,,,,
189,1323,,,3.1666297912597656,,3.1662049293518066,3.1662049293518066,,,,
189,1324,,,2.7737486362457275,,2.7733237743377686,2.7733237743377686,,,,
189,1325,,,3.4215261936187744,,3.4211013317108154,3.4211013317108154,,,,
189,1326,,,2.9388997554779053,,2.938474655151367,2.938474655151367,,,,
189,1327,,,4.085755348205566,,4.085330009460449,4.085330009460449,,,,
189,1328,,,2.2897403240203857,,2.2893149852752686,2.2893149852752686,,,,
189,1329,,,2.8993782997131348,,2.8989529609680176,2.8989529609680176,,,,
,189,,,,,,,,,6.015909194946289,6.015909194946289
189,1329,,,,,,,6.015909671783447,6.015909671783447,,
189,1329,3.0997419357299805,3.1001670360565186,,3.0997419357299805,,,,,,
190,1330,,,3.4592983722686768,,3.4588730335235596,3.4588730335235596,,,,
190,1331,,,3.1648976802825928,,3.1644721031188965,3.1644721031188965,,,,
190,1332,,,2.99493408203125,,2.9945085048675537,2.9945085048675537,,,,
190,1333,,,3.1951568126678467,,3.1947309970855713,3.1947309970855713,,,,
190,1334,,,2.805562973022461,,2.8051371574401855,2.8051371574401855,,,,
190,1335,,,2.9215028285980225,,2.921076774597168,2.921076774597168,,,,
190,1336,,,2.8711447715759277,,2.8707187175750732,2.8707187175750732,,,,
,190,,,,,,,,,5.996196269989014,5.996196269989014
190,1336,,,,,,,5.996196269989014,5.996196269989014,,
190,1336,3.0769126415252686,3.077338457107544,,3.0769126415252686,,,,,,
191,1337,,,3.722590446472168,,3.7221643924713135,3.7221643924713135,,,,
191,1338,,,2.2316012382507324,,2.231174945831299,2.231174945831299,,,,
191,1339,,,3.0599093437194824,,3.059483051300049,3.059483051300049,,,,
191,1340,,,3.5871338844299316,,3.586707353591919,3.586707353591919,,,,
191,1341,,,2.144663095474243,,2.1442365646362305,2.1442365646362305,,,,
191,1342,,,3.409242868423462,,3.408816337585449,3.408816337585449,,,,
191,1343,,,3.4980580806732178,,3.497631311416626,3.497631311416626,,,,
,191,,,,,,,,,6.027312755584717,6.027312755584717
191,1343,,,,,,,6.027312755584717,6.027312755584717,,
191,1343,3.0532071590423584,3.053633213043213,,3.0532071590423584,,,,,,
192,1344,,,2.9526164531707764,,2.9521896839141846,2.9521896839141846,,,,
192,1345,,,2.6209962368011475,,2.6205692291259766,2.6205692291259766,,,,
192,1346,,,2.9285638332366943,,2.9281368255615234,2.9281368255615234,,,,
192,1347,,,3.6514580249786377,,3.651031017303467,3.651031017303467,,,,
192,1348,,,3.701082468032837,,3.700655221939087,3.700655221939087,,,,
192,1349,,,2.863953113555908,,2.863525867462158,2.863525867462158,,,,
192,1350,,,1.680680751800537,,1.6802533864974976,1.6802533864974976,,,,
,192,,,,,,,,,5.9569830894470215,5.9569830894470215
192,1350,,,,,,,5.9569830894470215,5.9569830894470215,,
192,1350,3.034698247909546,3.035125494003296,,3.034698247909546,,,,,,
193,1351,,,2.781723976135254,,2.781296491622925,2.781296491622925,,,,
193,1352,,,2.987638473510742,,2.987210988998413,2.987210988998413,,,,
193,1353,,,2.8866076469421387,,2.8861801624298096,2.8861801624298096,,,,
193,1354,,,4.134134769439697,,4.133707046508789,4.133707046508789,,,,
193,1355,,,2.2656874656677246,,2.2652597427368164,2.2652597427368164,,,,
193,1356,,,2.839634656906128,,2.8392066955566406,2.8392066955566406,,,,
193,1357,,,3.517408847808838,,3.5169808864593506,3.5169808864593506,,,,
,193,,,,,,,,,5.8774871826171875,5.8774871826171875
193,1357,,,,,,,5.8774871826171875,5.8774871826171875,,
193,1357,3.0136046409606934,3.0140321254730225,,3.0136046409606934,,,,,,
194,1358,,,3.734272003173828,,3.7338438034057617,3.7338438034057617,,,,
194,1359,,,3.0759224891662598,,3.0754942893981934,3.0754942893981934,,,,
194,1360,,,3.288501024246216,,3.2880728244781494,3.2880728244781494,,,,
194,1361,,,1.8848707675933838,,1.8844423294067383,1.8844423294067383,,,,
194,1362,,,2.909994602203369,,2.9095661640167236,2.9095661640167236,,,,
194,1363,,,3.6934289932250977,,3.693000316619873,3.693000316619873,,,,
194,1364,,,1.2227809429168701,,1.2223522663116455,1.2223522663116455,,,,
,194,,,,,,,,,5.771052837371826,5.771052837371826
194,1364,,,,,,,5.771052837371826,5.771052837371826,,
194,1364,2.9871060848236084,2.987534761428833,,2.9871060848236084,,,,,,
195,1365,,,2.6970150470733643,,2.6965863704681396,2.6965863704681396,,,,
195,1366,,,2.557450532913208,,2.5570216178894043,2.5570216178894043,,,,
195,1367,,,2.9978511333465576,,2.997422218322754,2.997422218322754,,,,
195,1368,,,2.6559956073760986,,2.655566692352295,2.655566692352295,,,,
195,1369,,,3.5693154335021973,,3.5688862800598145,3.5688862800598145,,,,
195,1370,,,3.2391273975372314,,3.2386982440948486,3.2386982440948486,,,,
195,1371,,,3.1458873748779297,,3.145458221435547,3.145458221435547,,,,
,195,,,,,,,,,5.648716449737549,5.648716449737549
195,1371,,,,,,,5.648716449737549,5.648716449737549,,
195,1371,2.963721990585327,2.96415114402771,,2.963721990585327,,,,,,
196,1372,,,3.24334454536438,,3.242915153503418,3.242915153503418,,,,
196,1373,,,2.2463574409484863,,2.2459278106689453,2.2459278106689453,,,,
196,1374,,,4.261770725250244,,4.261341094970703,4.261341094970703,,,,
196,1375,,,3.2345798015594482,,3.2341501712799072,3.2341501712799072,,,,
196,1376,,,2.1247401237487793,,2.124310255050659,2.124310255050659,,,,
196,1377,,,2.8613791465759277,,2.8609492778778076,2.8609492778778076,,,,
196,1378,,,2.127056360244751,,2.1266262531280518,2.1266262531280518,,,,
,196,,,,,,,,,5.630845546722412,5.630845546722412
196,1378,,,,,,,5.630845546722412,5.630845546722412,,
196,1378,2.9438555240631104,2.9442851543426514,,2.9438555240631104,,,,,,
197,1379,,,2.001206874847412,,2.000776767730713,2.000776767730713,,,,
197,1380,,,2.7044143676757812,,2.703984260559082,2.703984260559082,,,,
197,1381,,,3.5120136737823486,,3.5115833282470703,3.5115833282470703,,,,
197,1382,,,2.932666540145874,,2.9322361946105957,2.9322361946105957,,,,
197,1383,,,3.249671697616577,,3.249241352081299,3.249241352081299,,,,
197,1384,,,3.200098991394043,,3.1996684074401855,3.1996684074401855,,,,
197,1385,,,2.679375648498535,,2.6789450645446777,2.6789450645446777,,,,
,197,,,,,,,,,5.535099506378174,5.535099506378174
197,1385,,,,,,,5.535099506378174,5.535099506378174,,
197,1385,2.917975664138794,2.9184062480926514,,2.917975664138794,,,,,,
198,1386,,,2.4682869911193848,,2.4678561687469482,2.4678561687469482,,,,
198,1387,,,2.5004172325134277,,2.499986410140991,2.499986410140991,,,,
198,1388,,,3.3669347763061523,,3.366503953933716,3.366503953933716,,,,
198,1389,,,3.068267583847046,,3.0678365230560303,3.0678365230560303,,,,
198,1390,,,2.3057053089141846,,2.305274248123169,2.305274248123169,,,,
198,1391,,,3.34584379196167,,3.345412492752075,3.345412492752075,,,,
198,1392,,,3.729722261428833,,3.7292909622192383,3.7292909622192383,,,,
,198,,,,,,,,,5.48201322555542,5.48201322555542
198,1392,,,,,,,5.48201322555542,5.48201322555542,,
198,1392,2.894329786300659,2.894761085510254,,2.894329786300659,,,,,,
199,1393,,,2.9602019786834717,,2.959770441055298,2.959770441055298,,,,
199,1394,,,3.3468077182769775,,3.3463761806488037,3.3463761806488037,,,,
199,1395,,,1.9956557750701904,,1.995224118232727,1.995224118232727,,,,
199,1396,,,2.9254097938537598,,2.924978017807007,2.924978017807007,,,,
199,1397,,,2.5224645137786865,,2.5220327377319336,2.5220327377319336,,,,
199,1398,,,3.0076684951782227,,3.0072364807128906,3.0072364807128906,,,,
199,1399,,,4.193666458129883,,4.193234443664551,4.193234443664551,,,,
,199,,,,,,,,,5.473730087280273,5.473730087280273
199,1399,,,,,,,5.473729610443115,5.473729610443115,,
199,1399,2.874993085861206,2.875424861907959,,2.874993085861206,,,,,,
200,1400,,,2.742257595062256,,2.741825580596924,2.741825580596924,,,,
200,1401,,,2.9056620597839355,,2.9052298069000244,2.9052298069000244,,,,
200,1402,,,2.307175874710083,,2.306743621826172,2.306743621826172,,,,
200,1403,,,3.0852808952331543,,3.084848403930664,3.084848403930664,,,,
200,1404,,,2.383975028991699,,2.383542537689209,2.383542537689209,,,,
200,1405,,,3.6177196502685547,,3.6172871589660645,3.6172871589660645,,,,
200,1406,,,3.126584768295288,,3.1261520385742188,3.1261520385742188,,,,
,200,,,,,,,,,5.388307571411133,5.388307571411133
200,1406,,,,,,,5.388308048248291,5.388308048248291,,
200,1406,2.85675048828125,2.8571832180023193,,2.85675048828125,,,,,,
201,1407,,,2.705183982849121,,2.7047512531280518,2.7047512531280518,,,,
201,1408,,,4.303925037384033,,4.303492069244385,4.303492069244385,,,,
201,1409,,,2.4463894367218018,,2.4459564685821533,2.4459564685821533,,,,
201,1410,,,1.9323195219039917,,1.9318864345550537,1.9318864345550537,,,,
201,1411,,,2.568702459335327,,2.5682692527770996,2.5682692527770996,,,,
201,1412,,,3.61618971824646,,3.6157565116882324,3.6157565116882324,,,,
201,1413,,,1.4077444076538086,,1.407310962677002,1.407310962677002,,,,
,201,,,,,,,,,5.35284423828125,5.35284423828125
201,1413,,,,,,,5.35284423828125,5.35284423828125,,
201,1413,2.838879108428955,2.8393120765686035,,2.838879108428955,,,,,,
202,1414,,,3.222764015197754,,3.2223305702209473,3.2223305702209473,,,,
202,1415,,,2.495102643966675,,2.494668960571289,2.494668960571289,,,,
202,1416,,,2.3133461475372314,,2.3129124641418457,2.3129124641418457,,,,
202,1417,,,3.5048012733459473,,3.5043673515319824,3.5043673515319824,,,,
202,1418,,,1.7154512405395508,,1.715017318725586,1.715017318725586,,,,
202,1419,,,3.538087844848633,,3.537653684616089,3.537653684616089,,,,
202,1420,,,3.2385611534118652,,3.2381269931793213,3.2381269931793213,,,,
,202,,,,,,,,,5.303406238555908,5.303406238555908
202,1420,,,,,,,5.303406238555908,5.303406238555908,,
202,1420,2.8237249851226807,2.8241591453552246,,2.8237249851226807,,,,,,
203,1421,,,1.9291925430297852,,1.9287583827972412,1.9287583827972412,,,,
203,1422,,,2.9534709453582764,,2.9530367851257324,2.9530367851257324,,,,
203,1423,,,2.829209566116333,,2.82877516746521,2.82877516746521,,,,
203,1424,,,2.870713233947754,,2.870278835296631,2.870278835296631,,,,
203,1425,,,2.6663622856140137,,2.6659278869628906,2.6659278869628906,,,,
203,1426,,,3.069530725479126,,3.069096088409424,3.069096088409424,,,,
203,1427,,,4.193948745727539,,4.193513870239258,4.193513870239258,,,,
,203,,,,,,,,,5.279575347900391,5.279575347900391
203,1427,,,,,,,5.279575347900391,5.279575347900391,,
203,1427,2.8060295581817627,2.806464433670044,,2.8060295581817627,,,,,,
204,1428,,,2.0971171855926514,,2.09668231010437,2.09668231010437,,,,
204,1429,,,3.7718968391418457,,3.7714619636535645,3.7714619636535645,,,,
204,1430,,,2.721550941467285,,2.721115827560425,2.721115827560425,,,,
204,1431,,,2.1459484100341797,,2.1455132961273193,2.1455132961273193,,,,
204,1432,,,2.7491703033447266,,2.748734951019287,2.748734951019287,,,,
204,1433,,,2.2411460876464844,,2.240710735321045,2.240710735321045,,,,
204,1434,,,5.475912570953369,,5.47547721862793,5.47547721862793,,,,
,204,,,,,,,,,5.329737663269043,5.329737663269043
204,1434,,,,,,,5.329737663269043,5.329737663269043,,
204,1434,2.7886314392089844,2.7890660762786865,,2.7886314392089844,,,,,,
205,1435,,,2.961054563522339,,2.9606189727783203,2.9606189727783203,,,,
205,1436,,,3.1118338108062744,,3.111398220062256,3.111398220062256,,,,
205,1437,,,2.6576216220855713,,2.6571860313415527,2.6571860313415527,,,,
205,1438,,,1.8770064115524292,,1.8765705823898315,1.8765705823898315,,,,
205,1439,,,3.9158895015716553,,3.9154536724090576,3.9154536724090576,,,,
205,1440,,,2.5354080200195312,,2.5349719524383545,2.5349719524383545,,,,
205,1441,,,1.5909570455551147,,1.590520977973938,1.590520977973938,,,,
,205,,,,,,,,,5.3126726150512695,5.3126726150512695
205,1441,,,,,,,5.3126726150512695,5.3126726150512695,,
205,1441,2.7690422534942627,2.7694783210754395,,2.7690422534942627,,,,,,
206,1442,,,2.6475205421447754,,2.6470844745635986,2.6470844745635986,,,,
206,1443,,,2.1483898162841797,,2.147953510284424,2.147953510284424,,,,
206,1444,,,2.7733378410339355,,2.7729015350341797,2.7729015350341797,,,,
206,1445,,,3.1947903633117676,,3.1943538188934326,3.1943538188934326,,,,
206,1446,,,3.168017864227295,,3.16758131980896,3.16758131980896,,,,
206,1447,,,3.065382719039917,,3.064946174621582,3.064946174621582,,,,
206,1448,,,1.3902299404144287,,1.3897932767868042,1.3897932767868042,,,,
,206,,,,,,,,,5.236518383026123,5.236518383026123
206,1448,,,,,,,5.236518383026123,5.236518383026123,,
206,1448,2.7476067543029785,2.7480430603027344,,2.7476067543029785,,,,,,
207,1449,,,2.926671266555786,,2.926234483718872,2.926234483718872,,,,
207,1450,,,3.1133205890655518,,3.1128835678100586,3.1128835678100586,,,,
207,1451,,,3.1894724369049072,,3.189035415649414,3.189035415649414,,,,
207,1452,,,1.5337047576904297,,1.533267617225647,1.533267617225647,,,,
207,1453,,,3.824739933013916,,3.8243026733398438,3.8243026733398438,,,,
207,1454,,,1.7289214134216309,,1.7284841537475586,1.7284841537475586,,,,
207,1455,,,2.9109537601470947,,2.9105165004730225,2.9105165004730225,,,,
,207,,,,,,,,,5.241235733032227,5.241235733032227
207,1455,,,,,,,5.241236209869385,5.241236209869385,,
207,1455,2.7302985191345215,2.7307355403900146,,2.7302985191345215,,,,,,
208,1456,,,2.596301317214966,,2.5958638191223145,2.5958638191223145,,,,
208,1457,,,3.1296212673187256,,3.129183769226074,3.129183769226074,,,,
208,1458,,,2.681929111480713,,2.6814913749694824,2.6814913749694824,,,,
208,1459,,,2.661959171295166,,2.6615214347839355,2.6615214347839355,,,,
208,1460,,,2.578489065170288,,2.5780513286590576,2.5780513286590576,,,,
208,1461,,,3.2455713748931885,,3.245133399963379,3.245133399963379,,,,
208,1462,,,0.9889553189277649,,0.9885172843933105,0.9885172843933105,,,,
,208,,,,,,,,,5.245357513427734,5.245357513427734
208,1462,,,,,,,5.245357513427734,5.245357513427734,,
208,1462,2.7077550888061523,2.708193063735962,,2.7077550888061523,,,,,,
209,1463,,,2.0801188945770264,,2.079680919647217,2.079680919647217,,,,
209,1464,,,2.3416218757629395,,2.341183662414551,2.341183662414551,,,,
209,1465,,,2.1457786560058594,,2.1453404426574707,2.1453404426574707,,,,
209,1466,,,3.1652109622955322,,3.1647725105285645,3.1647725105285645,,,,
209,1467,,,3.6837971210479736,,3.683358669281006,3.683358669281006,,,,
209,1468,,,2.6298646926879883,,2.6294262409210205,2.6294262409210205,,,,
209,1469,,,2.8426811695098877,,2.842242479324341,2.842242479324341,,,,
,209,,,,,,,,,5.281197547912598,5.281197547912598
209,1469,,,,,,,5.281197547912598,5.281197547912598,,
209,1469,2.6838598251342773,2.684297561645508,,2.6838598251342773,,,,,,
210,1470,,,1.6948144435882568,,1.69437575340271,1.69437575340271,,,,
210,1471,,,2.7498106956481934,,2.7493720054626465,2.7493720054626465,,,,
210,1472,,,2.404292583465576,,2.40385365486145,2.40385365486145,,,,
210,1473,,,2.246492385864258,,2.246053457260132,2.246053457260132,,,,
210,1474,,,3.690636157989502,,3.690197229385376,3.690197229385376,,,,
210,1475,,,2.881777048110962,,2.881337881088257,2.881337881088257,,,,
210,1476,,,3.5578057765960693,,3.5573666095733643,3.5573666095733643,,,,
,210,,,,,,,,,5.307271957397461,5.307271957397461
210,1476,,,,,,,5.307271480560303,5.307271480560303,,
210,1476,2.666541576385498,2.666980266571045,,2.666541576385498,,,,,,
211,1477,,,2.9836416244506836,,2.9832022190093994,2.9832022190093994,,,,
211,1478,,,2.020899534225464,,2.0204601287841797,2.0204601287841797,,,,
211,1479,,,3.173383951187134,,3.1729445457458496,3.1729445457458496,,,,
211,1480,,,2.6946182250976562,,2.694178581237793,2.694178581237793,,,,
211,1481,,,2.9868083000183105,,2.9863686561584473,2.9863686561584473,,,,
211,1482,,,1.9150291681289673,,1.9145894050598145,1.9145894050598145,,,,
211,1483,,,2.963235855102539,,2.9627959728240967,2.9627959728240967,,,,
,211,,,,,,,,,5.246254920959473,5.246254920959473
211,1483,,,,,,,5.246254920959473,5.246254920959473,,
211,1483,2.6482810974121094,2.6487207412719727,,2.6482810974121094,,,,,,
212,1484,,,2.9948723316192627,,2.9944324493408203,2.9944324493408203,,,,
212,1485,,,3.1609630584716797,,3.160522937774658,3.160522937774658,,,,
212,1486,,,2.891953468322754,,2.8915133476257324,2.8915133476257324,,,,
212,1487,,,2.420172691345215,,2.4197323322296143,2.4197323322296143,,,,
212,1488,,,2.008676052093506,,2.0082356929779053,2.0082356929779053,,,,
212,1489,,,1.925492286682129,,1.9250518083572388,1.9250518083572388,,,,
212,1490,,,3.660978078842163,,3.6605374813079834,3.6605374813079834,,,,
,212,,,,,,,,,5.183656215667725,5.183656215667725
212,1490,,,,,,,5.183656215667725,5.183656215667725,,
212,1490,2.630931854248047,2.6313719749450684,,2.630931854248047,,,,,,
213,1491,,,2.4113526344299316,,2.410912036895752,2.410912036895752,,,,
213,1492,,,3.2728443145751953,,3.2724034786224365,3.2724034786224365,,,,
213,1493,,,2.0035347938537598,,2.003093957901001,2.003093957901001,,,,
213,1494,,,2.0189266204833984,,2.0184857845306396,2.0184857845306396,,,,
213,1495,,,2.845862627029419,,2.845421552658081,2.845421552658081,,,,
213,1496,,,2.950927734375,,2.950486660003662,2.950486660003662,,,,
213,1497,,,3.1051087379455566,,3.1046674251556396,3.1046674251556396,,,,
,213,,,,,,,,,5.079547882080078,5.079547882080078
213,1497,,,,,,,5.079547882080078,5.079547882080078,,
213,1497,2.614125967025757,2.6145668029785156,,2.614125967025757,,,,,,
214,1498,,,2.38603138923645,,2.385590076446533,2.385590076446533,,,,
214,1499,,,2.8281819820404053,,2.8277406692504883,2.8277406692504883,,,,
214,1500,,,2.5325262546539307,,2.5320847034454346,2.5320847034454346,,,,
214,1501,,,2.261680841445923,,2.2612392902374268,2.2612392902374268,,,,
214,1502,,,2.4547853469848633,,2.454343557357788,2.454343557357788,,,,
214,1503,,,3.105017900466919,,3.1045761108398438,3.1045761108398438,,,,
214,1504,,,2.655367851257324,,2.654926061630249,2.654926061630249,,,,
,214,,,,,,,,,4.973906517028809,4.973906517028809
214,1504,,,,,,,4.973906517028809,4.973906517028809,,
214,1504,2.5978310108184814,2.5982723236083984,,2.5978310108184814,,,,,,
215,1505,,,2.2277488708496094,,2.227306842803955,2.227306842803955,,,,
215,1506,,,2.662234306335449,,2.661792278289795,2.661792278289795,,,,
215,1507,,,2.8578689098358154,,2.857426643371582,2.857426643371582,,,,
215,1508,,,2.6701200008392334,,2.669677734375,2.669677734375,,,,
215,1509,,,2.5485901832580566,,2.548147678375244,2.548147678375244,,,,
215,1510,,,1.922886610031128,,1.9224441051483154,1.9224441051483154,,,,
215,1511,,,4.226871967315674,,4.226429462432861,4.226429462432861,,,,
,215,,,,,,,,,4.962715148925781,4.962715148925781
215,1511,,,,,,,4.962715148925781,4.962715148925781,,
215,1511,2.583796977996826,2.5842392444610596,,2.583796977996826,,,,,,
216,1512,,,2.1111984252929688,,2.110755681991577,2.110755681991577,,,,
216,1513,,,3.232440948486328,,3.2319982051849365,3.2319982051849365,,,,
216,1514,,,2.273693799972534,,2.2732508182525635,2.2732508182525635,,,,
216,1515,,,2.820565700531006,,2.820122718811035,2.820122718811035,,,,
216,1516,,,2.018718957901001,,2.0182759761810303,2.0182759761810303,,,,
216,1517,,,2.541841983795166,,2.541398763656616,2.541398763656616,,,,
216,1518,,,3.527435779571533,,3.5269925594329834,3.5269925594329834,,,,
,216,,,,,,,,,4.9346604347229,4.9346604347229
216,1518,,,,,,,4.9346604347229,4.9346604347229,,
216,1518,2.5597527027130127,2.5601956844329834,,2.5597527027130127,,,,,,
217,1519,,,2.4986186027526855,,2.4981751441955566,2.4981751441955566,,,,
217,1520,,,2.1179468631744385,,2.1175034046173096,2.1175034046173096,,,,
217,1521,,,2.9319710731506348,,2.931527614593506,2.931527614593506,,,,
217,1522,,,2.638437509536743,,2.637993812561035,2.637993812561035,,,,
217,1523,,,1.8304202556610107,,1.8299765586853027,1.8299765586853027,,,,
217,1524,,,2.474789619445801,,2.4743459224700928,2.4743459224700928,,,,
217,1525,,,4.545393943786621,,4.544950008392334,4.544950008392334,,,,
,217,,,,,,,,,4.952391147613525,4.952391147613525
217,1525,,,,,,,4.952391147613525,4.952391147613525,,
217,1525,2.5402162075042725,2.5406599044799805,,2.5402162075042725,,,,,,
218,1526,,,2.5342278480529785,,2.5337839126586914,2.5337839126586914,,,,
218,1527,,,3.0505075454711914,,3.050063371658325,3.050063371658325,,,,
218,1528,,,2.5786030292510986,,2.5781588554382324,2.5781588554382324,,,,
218,1529,,,2.386415481567383,,2.3859713077545166,2.3859713077545166,,,,
218,1530,,,2.653582811355591,,2.6531383991241455,2.6531383991241455,,,,
218,1531,,,1.9236096143722534,,1.923165202140808,1.923165202140808,,,,
218,1532,,,2.610100030899048,,2.6096553802490234,2.6096553802490234,,,,
,218,,,,,,,,,4.887859344482422,4.887859344482422
218,1532,,,,,,,4.887859344482422,4.887859344482422,,
218,1532,2.5259454250335693,2.5263895988464355,,2.5259454250335693,,,,,,
219,1533,,,2.126427412033081,,2.1259827613830566,2.1259827613830566,,,,
219,1534,,,2.731348991394043,,2.7309043407440186,2.7309043407440186,,,,
219,1535,,,2.03364634513855,,2.0332014560699463,2.0332014560699463,,,,
219,1536,,,2.7360646724700928,,2.7356197834014893,2.7356197834014893,,,,
219,1537,,,2.763273000717163,,2.7628278732299805,2.7628278732299805,,,,
219,1538,,,2.6136348247528076,,2.613189697265625,2.613189697265625,,,,
219,1539,,,2.6080212593078613,,2.6075761318206787,2.6075761318206787,,,,
,219,,,,,,,,,4.768591403961182,4.768591403961182
219,1539,,,,,,,4.768591403961182,4.768591403961182,,
219,1539,2.506598711013794,2.5070438385009766,,2.506598711013794,,,,,,
220,1540,,,2.2954235076904297,,2.294978141784668,2.294978141784668,,,,
220,1541,,,2.5651752948760986,,2.564729928970337,2.564729928970337,,,,
220,1542,,,2.7925755977630615,,2.7921299934387207,2.7921299934387207,,,,
220,1543,,,2.459348678588867,,2.4589030742645264,2.4589030742645264,,,,
220,1544,,,1.263433814048767,,1.2629880905151367,1.2629880905151367,,,,
220,1545,,,3.62105393409729,,3.62060809135437,3.62060809135437,,,,
220,1546,,,2.4100260734558105,,2.4095802307128906,2.4095802307128906,,,,
,220,,,,,,,,,4.754556179046631,4.754556179046631
220,1546,,,,,,,4.754556179046631,4.754556179046631,,
220,1546,2.49379301071167,2.4942383766174316,,2.49379301071167,,,,,,
221,1547,,,3.0181970596313477,,3.0177509784698486,3.0177509784698486,,,,
221,1548,,,1.8775233030319214,,1.8770772218704224,1.8770772218704224,,,,
221,1549,,,2.5905206203460693,,2.5900745391845703,2.5900745391845703,,,,
221,1550,,,1.7016692161560059,,1.7012228965759277,1.7012228965759277,,,,
221,1551,,,2.5488250255584717,,2.5483787059783936,2.5483787059783936,,,,
221,1552,,,2.9451353549957275,,2.9446887969970703,2.9446887969970703,,,,
221,1553,,,2.968156337738037,,2.96770977973938,2.96770977973938,,,,
,221,,,,,,,,,4.761083602905273,4.761083602905273
221,1553,,,,,,,4.761083126068115,4.761083126068115,,
221,1553,2.477189779281616,2.4776360988616943,,2.477189779281616,,,,,,
222,1554,,,2.3428146839141846,,2.3423681259155273,2.3423681259155273,,,,
222,1555,,,1.8016644716262817,,1.801217794418335,1.801217794418335,,,,
222,1556,,,3.8965237140655518,,3.8960769176483154,3.8960769176483154,,,,
222,1557,,,2.7769558429718018,,2.7765090465545654,2.7765090465545654,,,,
222,1558,,,2.064617395401001,,2.0641703605651855,2.0641703605651855,,,,
222,1559,,,1.2244147062301636,,1.2239676713943481,1.2239676713943481,,,,
222,1560,,,4.244564533233643,,4.244117259979248,4.244117259979248,,,,
,222,,,,,,,,,4.694777011871338,4.694777011871338
222,1560,,,,,,,4.694777011871338,4.694777011871338,,
222,1560,2.462094783782959,2.4625415802001953,,2.462094783782959,,,,,,
223,1561,,,3.3001503944396973,,3.2997031211853027,3.2997031211853027,,,,
223,1562,,,2.048506736755371,,2.0480592250823975,2.0480592250823975,,,,
223,1563,,,2.6094179153442383,,2.6089704036712646,2.6089704036712646,,,,
223,1564,,,1.6386277675628662,,1.638180136680603,1.638180136680603,,,,
223,1565,,,2.8476550579071045,,2.8472073078155518,2.8472073078155518,,,,
223,1566,,,2.1460397243499756,,2.145591974258423,2.145591974258423,,,,
223,1567,,,2.625807523727417,,2.6253597736358643,2.6253597736358643,,,,
,223,,,,,,,,,4.610044956207275,4.610044956207275
223,1567,,,,,,,4.610044956207275,4.610044956207275,,
223,1567,2.4427013397216797,2.4431490898132324,,2.4427013397216797,,,,,,
224,1568,,,2.100990056991577,,2.1005420684814453,2.1005420684814453,,,,
224,1569,,,3.1652135848999023,,3.1647655963897705,3.1647655963897705,,,,
224,1570,,,1.5840239524841309,,1.5835758447647095,1.5835758447647095,,,,
224,1571,,,2.3640482425689697,,2.363600015640259,2.363600015640259,,,,
224,1572,,,1.8311983346939087,,1.8307499885559082,1.8307499885559082,,,,
224,1573,,,3.081036329269409,,3.080587863922119,3.080587863922119,,,,
224,1574,,,3.6378684043884277,,3.6374199390411377,3.6374199390411377,,,,
,224,,,,,,,,,4.609745502471924,4.609745502471924
224,1574,,,,,,,4.609745502471924,4.609745502471924,,
224,1574,2.42946720123291,2.4299156665802,,2.42946720123291,,,,,,
225,1575,,,1.8722686767578125,,1.871820092201233,1.871820092201233,,,,
225,1576,,,3.372838020324707,,3.372389316558838,3.372389316558838,,,,
225,1577,,,2.3628275394439697,,2.3623788356781006,2.3623788356781006,,,,
225,1578,,,2.895735025405884,,2.8952860832214355,2.8952860832214355,,,,
225,1579,,,1.5933558940887451,,1.5929069519042969,1.5929069519042969,,,,
225,1580,,,1.8843804597854614,,1.8839313983917236,1.8839313983917236,,,,
225,1581,,,3.791095018386841,,3.7906458377838135,3.7906458377838135,,,,
,225,,,,,,,,,4.620154857635498,4.620154857635498
225,1581,,,,,,,4.620154857635498,4.620154857635498,,
225,1581,2.4157185554504395,2.4161672592163086,,2.4157185554504395,,,,,,
226,1582,,,2.8555352687835693,,2.855086088180542,2.855086088180542,,,,
226,1583,,,3.5305817127227783,,3.530132532119751,3.530132532119751,,,,
226,1584,,,3.025594711303711,,3.0251452922821045,3.0251452922821045,,,,
226,1585,,,2.0500705242156982,,2.049621105194092,2.049621105194092,,,,
226,1586,,,2.103987216949463,,2.1035375595092773,2.1035375595092773,,,,
226,1587,,,1.5613960027694702,,1.5609463453292847,1.5609463453292847,,,,
226,1588,,,0.52094966173172,,0.5204998850822449,0.5204998850822449,,,,
,226,,,,,,,,,4.611769199371338,4.611769199371338
226,1588,,,,,,,4.611769199371338,4.611769199371338,,
226,1588,2.403083562850952,2.4035327434539795,,2.403083562850952,,,,,,
227,1589,,,2.565840482711792,,2.5653905868530273,2.5653905868530273,,,,
227,1590,,,2.493417263031006,,2.492967367172241,2.492967367172241,,,,
227,1591,,,2.352114677429199,,2.3516647815704346,2.3516647815704346,,,,
227,1592,,,1.9383060932159424,,1.9378559589385986,1.9378559589385986,,,,
227,1593,,,2.2362983226776123,,2.2358481884002686,2.2358481884002686,,,,
227,1594,,,2.8156540393829346,,2.8152036666870117,2.8152036666870117,,,,
227,1595,,,2.202637195587158,,2.2021868228912354,2.2021868228912354,,,,
,227,,,,,,,,,4.5983757972717285,4.5983757972717285
227,1595,,,,,,,4.5983757972717285,4.5983757972717285,,
227,1595,2.3881962299346924,2.388646125793457,,2.3881962299346924,,,,,,
228,1596,,,2.039555788040161,,2.0391054153442383,2.0391054153442383,,,,
228,1597,,,1.8084232807159424,,1.80797278881073,1.80797278881073,,,,
228,1598,,,2.742811918258667,,2.742361307144165,2.742361307144165,,,,
228,1599,,,2.669799566268921,,2.669348955154419,2.669348955154419,,,,
228,1600,,,2.8919360637664795,,2.8914852142333984,2.8914852142333984,,,,
228,1601,,,1.9192242622375488,,1.9187734127044678,1.9187734127044678,,,,
228,1602,,,2.8068196773529053,,2.806368827819824,2.806368827819824,,,,
,228,,,,,,,,,4.5773820877075195,4.5773820877075195
228,1602,,,,,,,4.5773820877075195,4.5773820877075195,,
228,1602,2.3719897270202637,2.3724403381347656,,2.3719897270202637,,,,,,
229,1603,,,2.1660358905792236,,2.1655848026275635,2.1655848026275635,,,,
229,1604,,,2.5896952152252197,,2.5892441272735596,2.5892441272735596,,,,
229,1605,,,1.8756128549575806,,1.8751616477966309,1.8751616477966309,,,,
229,1606,,,2.3612637519836426,,2.3608124256134033,2.3608124256134033,,,,
229,1607,,,2.0359296798706055,,2.035478353500366,2.035478353500366,,,,
229,1608,,,3.7639379501342773,,3.763486623764038,3.763486623764038,,,,
229,1609,,,0.6463779211044312,,0.6459264159202576,0.6459264159202576,,,,
,229,,,,,,,,,4.514678001403809,4.514678001403809
229,1609,,,,,,,4.514678001403809,4.514678001403809,,
229,1609,2.357959270477295,2.358410358428955,,2.357959270477295,,,,,,
230,1610,,,1.8996407985687256,,1.8991892337799072,1.8991892337799072,,,,
230,1611,,,2.292623996734619,,2.292172431945801,2.292172431945801,,,,
230,1612,,,2.2867019176483154,,2.286250114440918,2.286250114440918,,,,
230,1613,,,3.191652774810791,,3.1912009716033936,3.1912009716033936,,,,
230,1614,,,1.7289477586746216,,1.7284958362579346,1.7284958362579346,,,,
230,1615,,,3.076180934906006,,3.0757288932800293,3.0757288932800293,,,,
230,1616,,,1.2171846628189087,,1.2167326211929321,1.2167326211929321,,,,
,230,,,,,,,,,4.445094108581543,4.445094108581543
230,1616,,,,,,,4.445094108581543,4.445094108581543,,
230,1616,2.341852903366089,2.3423047065734863,,2.341852903366089,,,,,,
231,1617,,,2.787827253341675,,2.7873752117156982,2.7873752117156982,,,,
231,1618,,,2.6547353267669678,,2.654283046722412,2.654283046722412,,,,
231,1619,,,2.8328804969787598,,2.832428216934204,2.832428216934204,,,,
231,1620,,,2.039266347885132,,2.038813829421997,2.038813829421997,,,,
231,1621,,,1.9526325464248657,,1.952180027961731,1.952180027961731,,,,
231,1622,,,1.3568761348724365,,1.3564234972000122,1.3564234972000122,,,,
231,1623,,,3.258007049560547,,3.257554292678833,3.257554292678833,,,,
,231,,,,,,,,,4.4533891677856445,4.4533891677856445
231,1623,,,,,,,4.4533891677856445,4.4533891677856445,,
231,1623,2.328327178955078,2.328779935836792,,2.328327178955078,,,,,,
232,1624,,,1.788964867591858,,1.788512110710144,1.788512110710144,,,,
232,1625,,,2.276512861251831,,2.276060104370117,2.276060104370117,,,,
232,1626,,,1.8478903770446777,,1.8474375009536743,1.8474375009536743,,,,
232,1627,,,2.1706602573394775,,2.1702072620391846,2.1702072620391846,,,,
232,1628,,,2.794403314590454,,2.793950319290161,2.793950319290161,,,,
232,1629,,,2.8395118713378906,,2.8390586376190186,2.8390586376190186,,,,
232,1630,,,2.7605855464935303,,2.760132312774658,2.760132312774658,,,,
,232,,,,,,,,,4.496877670288086,4.496877670288086
232,1630,,,,,,,4.496877670288086,4.496877670288086,,
232,1630,2.3137686252593994,2.3142216205596924,,2.3137686252593994,,,,,,
233,1631,,,2.683666467666626,,2.683213233947754,2.683213233947754,,,,
233,1632,,,2.2432360649108887,,2.2427825927734375,2.2427825927734375,,,,
233,1633,,,2.1834018230438232,,2.182948350906372,2.182948350906372,,,,
233,1634,,,1.956127405166626,,1.9556738138198853,1.9556738138198853,,,,
233,1635,,,2.549415111541748,,2.5489614009857178,2.5489614009857178,,,,
233,1636,,,2.2656471729278564,,2.265193462371826,2.265193462371826,,,,
233,1637,,,2.0772557258605957,,2.0768020153045654,2.0768020153045654,,,,
,233,,,,,,,,,4.449986934661865,4.449986934661865
233,1637,,,,,,,4.449986934661865,4.449986934661865,,
233,1637,2.299227237701416,2.299680709838867,,2.299227237701416,,,,,,
234,1638,,,2.116337537765503,,2.1158835887908936,2.1158835887908936,,,,
234,1639,,,2.2545900344848633,,2.254136085510254,2.254136085510254,,,,
234,1640,,,2.0803704261779785,,2.079916477203369,2.079916477203369,,,,
234,1641,,,3.442230463027954,,3.4417762756347656,3.4417762756347656,,,,
234,1642,,,1.6129506826400757,,1.6124964952468872,1.6124964952468872,,,,
234,1643,,,2.158755302429199,,2.1583008766174316,2.1583008766174316,,,,
234,1644,,,2.372746467590332,,2.3722920417785645,2.3722920417785645,,,,
,234,,,,,,,,,4.351587772369385,4.351587772369385
234,1644,,,,,,,4.351587772369385,4.351587772369385,,
234,1644,2.2826852798461914,2.28313946723938,,2.2826852798461914,,,,,,
235,1645,,,1.8400987386703491,,1.839644193649292,1.839644193649292,,,,
235,1646,,,2.0318729877471924,,2.0314183235168457,2.0314183235168457,,,,
235,1647,,,2.6276462078094482,,2.6271915435791016,2.6271915435791016,,,,
235,1648,,,2.409541130065918,,2.409086227416992,2.409086227416992,,,,
235,1649,,,2.175563335418701,,2.1751084327697754,2.1751084327697754,,,,
235,1650,,,2.3823013305664062,,2.3818464279174805,2.3818464279174805,,,,
235,1651,,,2.671781063079834,,2.671325922012329,2.671325922012329,,,,
,235,,,,,,,,,4.303932189941406,4.303932189941406
235,1651,,,,,,,4.303932189941406,4.303932189941406,,
235,1651,2.2691831588745117,2.2696378231048584,,2.2691831588745117,,,,,,
236,1652,,,2.5621328353881836,,2.5616776943206787,2.5616776943206787,,,,
236,1653,,,2.344203233718872,,2.343748092651367,2.343748092651367,,,,
236,1654,,,1.9088236093521118,,1.9083682298660278,1.9083682298660278,,,,
236,1655,,,2.2116992473602295,,2.2112438678741455,2.2112438678741455,,,,
236,1656,,,2.4994494915008545,,2.4989938735961914,2.4989938735961914,,,,
236,1657,,,1.9560893774032593,,1.9556337594985962,1.9556337594985962,,,,
236,1658,,,2.423245906829834,,2.422790288925171,2.422790288925171,,,,
,236,,,,,,,,,4.185009956359863,4.185009956359863
236,1658,,,,,,,4.185009956359863,4.185009956359863,,
236,1658,2.256974458694458,2.257429599761963,,2.256974458694458,,,,,,
237,1659,,,1.9503552913665771,,1.949899435043335,1.949899435043335,,,,
237,1660,,,2.4095911979675293,,2.409135341644287,2.409135341644287,,,,
237,1661,,,1.6552611589431763,,1.6548051834106445,1.6548051834106445,,,,
237,1662,,,2.471092939376831,,2.4706368446350098,2.4706368446350098,,,,
237,1663,,,2.6369848251342773,,2.636528730392456,2.636528730392456,,,,
237,1664,,,2.6249215602874756,,2.624465227127075,2.624465227127075,,,,
237,1665,,,1.5237634181976318,,1.5233070850372314,1.5233070850372314,,,,
,237,,,,,,,,,4.090811729431152,4.090811729431152
237,1665,,,,,,,4.090811729431152,4.090811729431152,,
237,1665,2.245758533477783,2.2462146282196045,,2.245758533477783,,,,,,
238,1666,,,2.367741107940674,,2.3672847747802734,2.3672847747802734,,,,
238,1667,,,1.9075392484664917,,1.9070826768875122,1.9070826768875122,,,,
238,1668,,,2.3589112758636475,,2.358454704284668,2.358454704284668,,,,
238,1669,,,2.576613426208496,,2.5761566162109375,2.5761566162109375,,,,
238,1670,,,2.4657516479492188,,2.46529483795166,2.46529483795166,,,,
238,1671,,,1.562172293663025,,1.5617154836654663,1.5617154836654663,,,,
238,1672,,,2.595855474472046,,2.595398426055908,2.595398426055908,,,,
,238,,,,,,,,,4.045536041259766,4.045536041259766
238,1672,,,,,,,4.045536041259766,4.045536041259766,,
238,1672,2.2289040088653564,2.229360580444336,,2.2289040088653564,,,,,,
239,1673,,,1.7903034687042236,,1.789846420288086,1.789846420288086,,,,
239,1674,,,2.192181348800659,,2.1917243003845215,2.1917243003845215,,,,
239,1675,,,2.253248453140259,,2.252791166305542,2.252791166305542,,,,
239,1676,,,2.9245331287384033,,2.9240758419036865,2.9240758419036865,,,,
239,1677,,,1.934633731842041,,1.9341764450073242,1.9341764450073242,,,,
239,1678,,,2.2114157676696777,,2.210958242416382,2.210958242416382,,,,
239,1679,,,2.222248077392578,,2.2217905521392822,2.2217905521392822,,,,
,239,,,,,,,,,3.9902331829071045,3.9902331829071045
239,1679,,,,,,,3.9902331829071045,3.9902331829071045,,
239,1679,2.2175285816192627,2.2179858684539795,,2.2175285816192627,,,,,,
240,1680,,,1.8906347751617432,,1.8901771306991577,1.8901771306991577,,,,
240,1681,,,2.8250956535339355,,2.8246378898620605,2.8246378898620605,,,,
240,1682,,,2.261836051940918,,2.261378288269043,2.261378288269043,,,,
240,1683,,,2.8137614727020264,,2.8133037090301514,2.8133037090301514,,,,
240,1684,,,1.5912812948226929,,1.5908232927322388,1.5908232927322388,,,,
240,1685,,,1.6476218700408936,,1.6471638679504395,1.6471638679504395,,,,
240,1686,,,2.7139222621917725,,2.7134640216827393,2.7134640216827393,,,,
,240,,,,,,,,,3.953913688659668,3.953913688659668
240,1686,,,,,,,3.953913450241089,3.953913450241089,,
240,1686,2.2031426429748535,2.2036004066467285,,2.2031426429748535,,,,,,
241,1687,,,3.242363214492798,,3.2419049739837646,3.2419049739837646,,,,
241,1688,,,2.920581340789795,,2.9201231002807617,2.9201231002807617,,,,
241,1689,,,2.0368034839630127,,2.0363450050354004,2.0363450050354004,,,,
241,1690,,,1.6501086950302124,,1.6496502161026,1.6496502161026,,,,
241,1691,,,1.144150972366333,,1.1436924934387207,1.1436924934387207,,,,
241,1692,,,2.2848458290100098,,2.2843873500823975,2.2843873500823975,,,,
241,1693,,,1.8427032232284546,,1.8422445058822632,1.8422445058822632,,,,
,241,,,,,,,,,3.9233388900756836,3.9233388900756836
241,1693,,,,,,,3.9233386516571045,3.9233386516571045,,
241,1693,2.1908934116363525,2.1913514137268066,,2.1908934116363525,,,,,,
242,1694,,,2.3453288078308105,,2.344870090484619,2.344870090484619,,,,
242,1695,,,1.6492828130722046,,1.6488239765167236,1.6488239765167236,,,,
242,1696,,,2.443272352218628,,2.4428133964538574,2.4428133964538574,,,,
242,1697,,,1.7455271482467651,,1.7450681924819946,1.7450681924819946,,,,
242,1698,,,2.9817612171173096,,2.981302261352539,2.981302261352539,,,,
242,1699,,,2.0902721881866455,,2.089812994003296,2.089812994003296,,,,
242,1700,,,1.6637794971466064,,1.6633203029632568,1.6633203029632568,,,,
,242,,,,,,,,,3.851531505584717,3.851531505584717
242,1700,,,,,,,3.851531505584717,3.851531505584717,,
242,1700,2.1766958236694336,2.177154779434204,,2.1766958236694336,,,,,,
243,1701,,,2.4734246730804443,,2.4729652404785156,2.4729652404785156,,,,
243,1702,,,2.766941547393799,,2.76648211479187,2.76648211479187,,,,
243,1703,,,2.333289623260498,,2.3328301906585693,2.3328301906585693,,,,
243,1704,,,1.855446696281433,,1.8549871444702148,1.8549871444702148,,,,
243,1705,,,1.9410241842269897,,1.940564513206482,1.940564513206482,,,,
243,1706,,,2.0553555488586426,,2.0548958778381348,2.0548958778381348,,,,
243,1707,,,0.9329328536987305,,0.9324730038642883,0.9324730038642883,,,,
,243,,,,,,,,,3.809021234512329,3.809021234512329
243,1707,,,,,,,3.809021234512329,3.809021234512329,,
243,1707,2.160376787185669,2.1608362197875977,,2.160376787185669,,,,,,
244,1708,,,1.3433053493499756,,1.3428454399108887,1.3428454399108887,,,,
244,1709,,,1.6877453327178955,,1.687285304069519,1.687285304069519,,,,
244,1710,,,2.9531662464141846,,2.9527060985565186,2.9527060985565186,,,,
244,1711,,,2.841122627258301,,2.8406624794006348,2.8406624794006348,,,,
244,1712,,,1.9761723279953003,,1.9757120609283447,1.9757120609283447,,,,
244,1713,,,2.495605945587158,,2.495145559310913,2.495145559310913,,,,
244,1714,,,0.9620680212974548,,0.9616076350212097,0.9616076350212097,,,,
,244,,,,,,,,,3.797808885574341,3.797808885574341
244,1714,,,,,,,3.797808885574341,3.797808885574341,,
244,1714,2.1419546604156494,2.1424145698547363,,2.1419546604156494,,,,,,
245,1715,,,3.112988233566284,,3.112527847290039,3.112527847290039,,,,
245,1716,,,1.68671452999115,,1.6862540245056152,1.6862540245056152,,,,
245,1717,,,2.7175252437591553,,2.717064619064331,2.717064619064331,,,,
245,1718,,,1.1736278533935547,,1.173167109489441,1.173167109489441,,,,
245,1719,,,2.1371593475341797,,2.1366984844207764,2.1366984844207764,,,,
245,1720,,,2.3233628273010254,,2.322901964187622,2.322901964187622,,,,
245,1721,,,1.0462392568588257,,1.0457782745361328,1.0457782745361328,,,,
,245,,,,,,,,,3.8150389194488525,3.8150389194488525
245,1721,,,,,,,3.8150389194488525,3.8150389194488525,,
245,1721,2.124044179916382,2.124504804611206,,2.124044179916382,,,,,,
246,1722,,,2.474592685699463,,2.4741315841674805,2.4741315841674805,,,,
246,1723,,,2.5856552124023438,,2.5851941108703613,2.5851941108703613,,,,
246,1724,,,1.4748798608779907,,1.4744186401367188,1.4744186401367188,,,,
246,1725,,,1.9706932306289673,,1.9702318906784058,1.9702318906784058,,,,
246,1726,,,2.1053197383880615,,2.1048583984375,2.1048583984375,,,,
246,1727,,,2.201202869415283,,2.2007412910461426,2.2007412910461426,,,,
246,1728,,,1.6960140466690063,,1.6955524682998657,1.6955524682998657,,,,
,246,,,,,,,,,3.810187816619873,3.810187816619873
246,1728,,,,,,,3.810187816619873,3.810187816619873,,
246,1728,2.109083652496338,2.1095449924468994,,2.109083652496338,,,,,,
247,1729,,,1.8091795444488525,,1.808717966079712,1.808717966079712,,,,
247,1730,,,2.363898992538452,,2.3634374141693115,2.3634374141693115,,,,
247,1731,,,2.3441293239593506,,2.343667507171631,2.343667507171631,,,,
247,1732,,,1.611664056777954,,1.6112022399902344,1.6112022399902344,,,,
247,1733,,,2.0262820720672607,,2.025820255279541,2.025820255279541,,,,
247,1734,,,2.6923296451568604,,2.6918675899505615,2.6918675899505615,,,,
247,1735,,,1.3076595067977905,,1.3071974515914917,1.3071974515914917,,,,
,247,,,,,,,,,3.77512526512146,3.77512526512146
247,1735,,,,,,,3.77512526512146,3.77512526512146,,
247,1735,2.0917508602142334,2.092212677001953,,2.0917508602142334,,,,,,
248,1736,,,2.692039966583252,,2.691577911376953,2.691577911376953,,,,
248,1737,,,2.7390451431274414,,2.7385828495025635,2.7385828495025635,,,,
248,1738,,,1.5333000421524048,,1.5328377485275269,1.5328377485275269,,,,
248,1739,,,1.4302916526794434,,1.4298292398452759,1.4298292398452759,,,,
248,1740,,,2.6465516090393066,,2.6460890769958496,2.6460890769958496,,,,
248,1741,,,1.2777923345565796,,1.277329683303833,1.277329683303833,,,,
248,1742,,,2.4515247344970703,,2.451061964035034,2.451061964035034,,,,
,248,,,,,,,,,3.758396863937378,3.758396863937378
248,1742,,,,,,,3.758396863937378,3.758396863937378,,
248,1742,2.0761404037475586,2.0766024589538574,,2.0761404037475586,,,,,,
249,1743,,,1.4595352411270142,,1.459072470664978,1.459072470664978,,,,
249,1744,,,2.033024787902832,,2.032562017440796,2.032562017440796,,,,
249,1745,,,2.0253849029541016,,2.0249218940734863,2.0249218940734863,,,,
249,1746,,,1.4751619100570679,,1.4746989011764526,1.4746989011764526,,,,
249,1747,,,2.928961753845215,,2.9284987449645996,2.9284987449645996,,,,
249,1748,,,2.411557674407959,,2.4110944271087646,2.4110944271087646,,,,
249,1749,,,2.2197229862213135,,2.219259738922119,2.219259738922119,,,,
,249,,,,,,,,,3.759624481201172,3.759624481201172
249,1749,,,,,,,3.759624481201172,3.759624481201172,,
249,1749,2.06479549407959,2.065258502960205,,2.06479549407959,,,,,,
250,1750,,,1.731752634048462,,1.731289267539978,1.731289267539978,,,,
250,1751,,,2.6051573753356934,,2.60469388961792,2.60469388961792,,,,
250,1752,,,1.5206047296524048,,1.5201412439346313,1.5201412439346313,,,,
250,1753,,,2.2907137870788574,,2.290250301361084,2.290250301361084,,,,
250,1754,,,2.0771965980529785,,2.076732873916626,2.076732873916626,,,,
250,1755,,,2.279233694076538,,2.2787699699401855,2.2787699699401855,,,,
250,1756,,,1.5089842081069946,,1.5085203647613525,1.5085203647613525,,,,
,250,,,,,,,,,3.754110097885132,3.754110097885132
250,1756,,,,,,,3.754110097885132,3.754110097885132,,
250,1756,2.0498151779174805,2.050279140472412,,2.0498151779174805,,,,,,
251,1757,,,1.6296546459197998,,1.6291906833648682,1.6291906833648682,,,,
251,1758,,,1.9825048446655273,,1.9820408821105957,1.9820408821105957,,,,
251,1759,,,2.36614990234375,,2.3656859397888184,2.3656859397888184,,,,
251,1760,,,2.393693208694458,,2.3932290077209473,2.3932290077209473,,,,
251,1761,,,2.4294514656066895,,2.4289872646331787,2.4289872646331787,,,,
251,1762,,,1.1215076446533203,,1.12104332447052,1.12104332447052,,,,
251,1763,,,2.8562605381011963,,2.8557960987091064,2.8557960987091064,,,,
,251,,,,,,,,,3.74688982963562,3.74688982963562
251,1763,,,,,,,3.74688982963562,3.74688982963562,,
251,1763,2.0378196239471436,2.0382838249206543,,2.0378196239471436,,,,,,
252,1764,,,1.3141541481018066,,1.3136895895004272,1.3136895895004272,,,,
252,1765,,,2.1545660495758057,,2.1541013717651367,2.1541013717651367,,,,
252,1766,,,2.4078683853149414,,2.4074037075042725,2.4074037075042725,,,,
252,1767,,,1.934114694595337,,1.933650016784668,1.933650016784668,,,,
252,1768,,,2.3277883529663086,,2.3273236751556396,2.3273236751556396,,,,
252,1769,,,2.261857271194458,,2.26139235496521,2.26139235496521,,,,
252,1770,,,1.4140644073486328,,1.4135993719100952,1.4135993719100952,,,,
,252,,,,,,,,,3.717613935470581,3.717613935470581
252,1770,,,,,,,3.717613935470581,3.717613935470581,,
252,1770,2.0278682708740234,2.0283329486846924,,2.0278682708740234,,,,,,
253,1771,,,1.9014683961868286,,1.901003360748291,1.901003360748291,,,,
253,1772,,,1.7315250635147095,,1.7310599088668823,1.7310599088668823,,,,
253,1773,,,2.4976747035980225,,2.4972095489501953,2.4972095489501953,,,,
253,1774,,,1.7999639511108398,,1.7994986772537231,1.7994986772537231,,,,
253,1775,,,2.4322192668914795,,2.4317538738250732,2.4317538738250732,,,,
253,1776,,,1.6152095794677734,,1.6147440671920776,1.6147440671920776,,,,
253,1777,,,2.2999045848846436,,2.299438953399658,2.299438953399658,,,,
,253,,,,,,,,,3.6912899017333984,3.6912899017333984
253,1777,,,,,,,3.6912899017333984,3.6912899017333984,,
253,1777,2.013734817504883,2.01419997215271,,2.013734817504883,,,,,,
254,1778,,,1.5088483095169067,,1.5083826780319214,1.5083826780319214,,,,
254,1779,,,2.7260935306549072,,2.725627899169922,2.725627899169922,,,,
254,1780,,,1.2454205751419067,,1.2449547052383423,1.2449547052383423,,,,
254,1781,,,2.1521809101104736,,2.151715040206909,2.151715040206909,,,,
254,1782,,,2.1285316944122314,,2.128065824508667,2.128065824508667,,,,
254,1783,,,2.435302257537842,,2.4348361492156982,2.4348361492156982,,,,
254,1784,,,1.5322585105895996,,1.531792402267456,1.531792402267456,,,,
,254,,,,,,,,,3.666463613510132,3.666463613510132
254,1784,,,,,,,3.666463613510132,3.666463613510132,,
254,1784,2.002824306488037,2.0032901763916016,,2.002824306488037,,,,,,
255,1785,,,1.3418166637420654,,1.3413504362106323,1.3413504362106323,,,,
255,1786,,,1.8588297367095947,,1.858363389968872,1.858363389968872,,,,
255,1787,,,1.8534659147262573,,1.8529995679855347,1.8529995679855347,,,,
255,1788,,,2.6894047260284424,,2.6889381408691406,2.6889381408691406,,,,
255,1789,,,1.2196033000946045,,1.2191367149353027,1.2191367149353027,,,,
255,1790,,,2.861583948135376,,2.861117362976074,2.861117362976074,,,,
255,1791,,,2.332146406173706,,2.331679582595825,2.331679582595825,,,,
,255,,,,,,,,,3.5935235023498535,3.5935235023498535
255,1791,,,,,,,3.5935235023498535,3.5935235023498535,,
255,1791,1.9915742874145508,1.9920406341552734,,1.9915742874145508,,,,,,
256,1792,,,2.1740639209747314,,2.1735970973968506,2.1735970973968506,,,,
256,1793,,,2.246946096420288,,2.246479034423828,2.246479034423828,,,,
256,1794,,,1.4272420406341553,,1.4267749786376953,1.4267749786376953,,,,
256,1795,,,0.852216362953186,,0.8517492413520813,0.8517492413520813,,,,
256,1796,,,2.6087703704833984,,2.6083033084869385,2.6083033084869385,,,,
256,1797,,,2.19592547416687,,2.195458173751831,2.195458173751831,,,,
256,1798,,,3.0212302207946777,,3.0207629203796387,3.0207629203796387,,,,
,256,,,,,,,,,3.6035194396972656,3.6035194396972656
256,1798,,,,,,,3.6035194396972656,3.6035194396972656,,
256,1798,1.98198401927948,1.98245108127594,,1.98198401927948,,,,,,
257,1799,,,1.4682636260986328,,1.4677962064743042,1.4677962064743042,,,,
257,1800,,,2.211073637008667,,2.210606098175049,2.210606098175049,,,,
257,1801,,,1.3607151508331299,,1.3602476119995117,1.3602476119995117,,,,
257,1802,,,2.696861982345581,,2.696394443511963,2.696394443511963,,,,
257,1803,,,2.4660234451293945,,2.4655556678771973,2.4655556678771973,,,,
257,1804,,,2.037445545196533,,2.036977767944336,2.036977767944336,,,,
257,1805,,,0.8422470092773438,,0.8417791724205017,0.8417791724205017,,,,
,257,,,,,,,,,3.5885379314422607,3.5885379314422607
257,1805,,,,,,,3.5885379314422607,3.5885379314422607,,
257,1805,1.969136357307434,1.9696040153503418,,1.969136357307434,,,,,,
258,1806,,,2.359466075897217,,2.3589980602264404,2.3589980602264404,,,,
258,1807,,,1.4779375791549683,,1.477469563484192,1.477469563484192,,,,
258,1808,,,1.6545411348342896,,1.6540729999542236,1.6540729999542236,,,,
258,1809,,,1.1400500535964966,,1.1395819187164307,1.1395819187164307,,,,
258,1810,,,3.1882216930389404,,3.187753438949585,3.187753438949585,,,,
258,1811,,,1.9591529369354248,,1.9586845636367798,1.9586845636367798,,,,
258,1812,,,1.8983052968978882,,1.8978369235992432,1.8978369235992432,,,,
,258,,,,,,,,,3.5366079807281494,3.5366079807281494
258,1812,,,,,,,3.5366079807281494,3.5366079807281494,,
258,1812,1.958941102027893,1.959409236907959,,1.958941102027893,,,,,,
259,1813,,,2.860826253890991,,2.8603577613830566,2.8603577613830566,,,,
259,1814,,,1.7919654846191406,,1.7914968729019165,1.7914968729019165,,,,
259,1815,,,1.982038140296936,,1.9815694093704224,1.9815694093704224,,,,
259,1816,,,1.578423261642456,,1.5779545307159424,1.5779545307159424,,,,
259,1817,,,1.6651041507720947,,1.6646353006362915,1.6646353006362915,,,,
259,1818,,,1.9815396070480347,,1.981070637702942,1.981070637702942,,,,
259,1819,,,1.487855315208435,,1.4873863458633423,1.4873863458633423,,,,
,259,,,,,,,,,3.484135389328003,3.484135389328003
259,1819,,,,,,,3.484135389328003,3.484135389328003,,
259,1819,1.9474281072616577,1.947896957397461,,1.9474281072616577,,,,,,
260,1820,,,2.4581596851348877,,2.457690477371216,2.457690477371216,,,,
260,1821,,,1.2695248126983643,,1.2690556049346924,1.2690556049346924,,,,
260,1822,,,1.9486325979232788,,1.9481632709503174,1.9481632709503174,,,,
260,1823,,,2.1245152950286865,,2.1240458488464355,2.1240458488464355,,,,
260,1824,,,0.9030266404151917,,0.9025571942329407,0.9025571942329407,,,,
260,1825,,,2.419745922088623,,2.419276475906372,2.419276475906372,,,,
260,1826,,,3.2845818996429443,,3.2841122150421143,3.2841122150421143,,,,
,260,,,,,,,,,3.3881664276123047,3.3881664276123047
260,1826,,,,,,,3.3881664276123047,3.3881664276123047,,
260,1826,1.9376205205917358,1.9380899667739868,,1.9376205205917358,,,,,,
261,1827,,,1.7505675554275513,,1.7500978708267212,1.7500978708267212,,,,
261,1828,,,2.0940582752227783,,2.0935885906219482,2.0935885906219482,,,,
261,1829,,,3.0003254413604736,,2.9998555183410645,2.9998555183410645,,,,
261,1830,,,1.3837519884109497,,1.3832820653915405,1.3832820653915405,,,,
261,1831,,,1.855480670928955,,1.8550106287002563,1.8550106287002563,,,,
261,1832,,,1.0251765251159668,,1.0247063636779785,1.0247063636779785,,,,
261,1833,,,3.1017606258392334,,3.101290464401245,3.101290464401245,,,,
,261,,,,,,,,,3.425330400466919,3.425330400466919
261,1833,,,,,,,3.425330400466919,3.425330400466919,,
261,1833,1.9246313571929932,1.9251015186309814,,1.9246313571929932,,,,,,
262,1834,,,1.5564830303192139,,1.556012749671936,1.556012749671936,,,,
262,1835,,,1.4653804302215576,,1.4649100303649902,1.4649100303649902,,,,
262,1836,,,1.5436701774597168,,1.5431997776031494,1.5431997776031494,,,,
262,1837,,,2.247452974319458,,2.2469825744628906,2.2469825744628906,,,,
262,1838,,,2.0079452991485596,,2.007474660873413,2.007474660873413,,,,
262,1839,,,2.204057455062866,,2.2035868167877197,2.2035868167877197,,,,
262,1840,,,3.0309433937072754,,3.030472755432129,3.030472755432129,,,,
,262,,,,,,,,,3.4401285648345947,3.4401285648345947
262,1840,,,,,,,3.4401285648345947,3.4401285648345947,,
262,1840,1.907230257987976,1.907700777053833,,1.907230257987976,,,,,,
263,1841,,,1.8269826173782349,,1.8265117406845093,1.8265117406845093,,,,
263,1842,,,1.8088388442993164,,1.8083679676055908,1.8083679676055908,,,,
263,1843,,,1.5388330221176147,,1.5383620262145996,1.5383620262145996,,,,
263,1844,,,2.00180721282959,,2.001336097717285,2.001336097717285,,,,
263,1845,,,2.3500478267669678,,2.349576711654663,2.349576711654663,,,,
263,1846,,,1.9483294486999512,,1.947858214378357,1.947858214378357,,,,
263,1847,,,1.6737217903137207,,1.673250436782837,1.673250436782837,,,,
,263,,,,,,,,,3.4127848148345947,3.4127848148345947
263,1847,,,,,,,3.4127848148345947,3.4127848148345947,,
263,1847,1.8979579210281372,1.8984287977218628,,1.8979579210281372,,,,,,
264,1848,,,2.406705379486084,,2.4062340259552,2.4062340259552,,,,
264,1849,,,1.7371699810028076,,1.7366985082626343,1.7366985082626343,,,,
264,1850,,,1.7539069652557373,,1.753435492515564,1.753435492515564,,,,
264,1851,,,1.4117165803909302,,1.4112449884414673,1.4112449884414673,,,,
264,1852,,,2.1427206993103027,,2.14224910736084,2.14224910736084,,,,
264,1853,,,1.6510895490646362,,1.6506178379058838,1.6506178379058838,,,,
264,1854,,,2.485994577407837,,2.485522747039795,2.485522747039795,,,,
,264,,,,,,,,,3.3413970470428467,3.3413970470428467
264,1854,,,,,,,3.3413970470428467,3.3413970470428467,,
264,1854,1.8874588012695312,1.8879305124282837,,1.8874588012695312,,,,,,
265,1855,,,1.601082682609558,,1.6006107330322266,1.6006107330322266,,,,
265,1856,,,1.274474024772644,,1.274001955986023,1.274001955986023,,,,
265,1857,,,1.861506462097168,,1.8610343933105469,1.8610343933105469,,,,
265,1858,,,1.7115936279296875,,1.7111214399337769,1.7111214399337769,,,,
265,1859,,,2.7858314514160156,,2.7853591442108154,2.7853591442108154,,,,
265,1860,,,2.307586908340454,,2.307114601135254,2.307114601135254,,,,
265,1861,,,1.1456279754638672,,1.1451555490493774,1.1451555490493774,,,,
,265,,,,,,,,,3.2655117511749268,3.2655117511749268
265,1861,,,,,,,3.2655117511749268,3.2655117511749268,,
265,1861,1.877439260482788,1.8779114484786987,,1.877439260482788,,,,,,
266,1862,,,1.8922860622406006,,1.8918136358261108,1.8918136358261108,,,,
266,1863,,,1.6732288599014282,,1.672756314277649,1.672756314277649,,,,
266,1864,,,1.72334885597229,,1.7228761911392212,1.7228761911392212,,,,
266,1865,,,1.4989643096923828,,1.498491644859314,1.498491644859314,,,,
266,1866,,,2.605041742324829,,2.6045689582824707,2.6045689582824707,,,,
266,1867,,,1.666599988937378,,1.66612708568573,1.66612708568573,,,,
266,1868,,,2.2554163932800293,,2.254943370819092,2.254943370819092,,,,
,266,,,,,,,,,3.253828287124634,3.253828287124634
266,1868,,,,,,,3.253828287124634,3.253828287124634,,
266,1868,1.8670177459716797,1.8674904108047485,,1.8670177459716797,,,,,,
267,1869,,,1.7848310470581055,,1.784358024597168,1.784358024597168,,,,
267,1870,,,1.6700299978256226,,1.669556975364685,1.669556975364685,,,,
267,1871,,,1.3325978517532349,,1.3321247100830078,1.3321247100830078,,,,
267,1872,,,1.5680453777313232,,1.5675722360610962,1.5675722360610962,,,,
267,1873,,,2.068877935409546,,2.0684046745300293,2.0684046745300293,,,,
267,1874,,,2.2343196868896484,,2.233846426010132,2.233846426010132,,,,
267,1875,,,3.1661462783813477,,3.165672779083252,3.165672779083252,,,,
,267,,,,,,,,,3.2467644214630127,3.2467644214630127
267,1875,,,,,,,3.2467644214630127,3.2467644214630127,,
267,1875,1.8577239513397217,1.8581970930099487,,1.8577239513397217,,,,,,
268,1876,,,1.4376634359359741,,1.4371899366378784,1.4371899366378784,,,,
268,1877,,,1.3845787048339844,,1.3841052055358887,1.3841052055358887,,,,
268,1878,,,1.8343768119812012,,1.833903193473816,1.833903193473816,,,,
268,1879,,,2.298956871032715,,2.29848313331604,2.29848313331604,,,,
268,1880,,,1.9352011680603027,,1.934727430343628,1.934727430343628,,,,
268,1881,,,2.3237011432647705,,2.3232274055480957,2.3232274055480957,,,,
268,1882,,,1.4887059926986694,,1.4882320165634155,1.4882320165634155,,,,
,268,,,,,,,,,3.2523629665374756,3.2523629665374756
268,1882,,,,,,,3.2523629665374756,3.2523629665374756,,
268,1882,1.8462313413619995,1.8467048406600952,,1.8462313413619995,,,,,,
269,1883,,,2.0774519443511963,,2.0769779682159424,2.0769779682159424,,,,
269,1884,,,1.3252469301223755,,1.324772834777832,1.324772834777832,,,,
269,1885,,,3.110652208328247,,3.110177993774414,3.110177993774414,,,,
269,1886,,,1.4505571126937866,,1.4500828981399536,1.4500828981399536,,,,
269,1887,,,1.6279208660125732,,1.6274465322494507,1.6274465322494507,,,,
269,1888,,,1.9280019998550415,,1.927527666091919,1.927527666091919,,,,
269,1889,,,0.5152443051338196,,0.5147698521614075,0.5147698521614075,,,,
,269,,,,,,,,,3.2413511276245117,3.2413511276245117
269,1889,,,,,,,3.2413508892059326,3.2413508892059326,,
269,1889,1.8368664979934692,1.8373408317565918,,1.8368664979934692,,,,,,
270,1890,,,1.3298689126968384,,1.3293944597244263,1.3293944597244263,,,,
270,1891,,,2.132457733154297,,2.1319832801818848,2.1319832801818848,,,,
270,1892,,,1.8713594675064087,,1.870884895324707,1.870884895324707,,,,
270,1893,,,1.9533262252807617,,1.9528515338897705,1.9528515338897705,,,,
270,1894,,,1.7061487436294556,,1.7056739330291748,1.7056739330291748,,,,
270,1895,,,2.174429178237915,,2.1739542484283447,2.1739542484283447,,,,
270,1896,,,1.287370204925537,,1.2868952751159668,1.2868952751159668,,,,
,270,,,,,,,,,3.1998672485351562,3.1998672485351562
270,1896,,,,,,,3.1998672485351562,3.1998672485351562,,
270,1896,1.8270318508148193,1.8275065422058105,,1.8270318508148193,,,,,,
271,1897,,,1.626604676246643,,1.6261297464370728,1.6261297464370728,,,,
271,1898,,,1.9041162729263306,,1.9036412239074707,1.9036412239074707,,,,
271,1899,,,1.9576294422149658,,1.957154393196106,1.957154393196106,,,,
271,1900,,,1.8442833423614502,,1.8438081741333008,1.8438081741333008,,,,
271,1901,,,1.716086983680725,,1.7156116962432861,1.7156116962432861,,,,
271,1902,,,1.8645234107971191,,1.8640481233596802,1.8640481233596802,,,,
271,1903,,,1.7922841310501099,,1.7918087244033813,1.7918087244033813,,,,
,271,,,,,,,,,3.1360106468200684,3.1360106468200684
271,1903,,,,,,,3.1360106468200684,3.1360106468200684,,
271,1903,1.8168346881866455,1.8173099756240845,,1.8168346881866455,,,,,,
272,1904,,,1.5185898542404175,,1.518114447593689,1.518114447593689,,,,
272,1905,,,1.8179160356521606,,1.8174405097961426,1.8174405097961426,,,,
272,1906,,,1.712609887123108,,1.7121343612670898,1.7121343612670898,,,,
272,1907,,,2.1535449028015137,,2.153069257736206,2.153069257736206,,,,
272,1908,,,1.3277188539505005,,1.3272430896759033,1.3272430896759033,,,,
272,1909,,,2.436750650405884,,2.436274766921997,2.436274766921997,,,,
272,1910,,,1.4864468574523926,,1.4859709739685059,1.4859709739685059,,,,
,272,,,,,,,,,3.093869209289551,3.093869209289551
272,1910,,,,,,,3.09386944770813,3.09386944770813,,
272,1910,1.807296633720398,1.807772159576416,,1.807296633720398,,,,,,
273,1911,,,1.915566325187683,,1.9150904417037964,1.9150904417037964,,,,
273,1912,,,1.904613971710205,,1.9041379690170288,1.9041379690170288,,,,
273,1913,,,1.8360265493392944,,1.8355504274368286,1.8355504274368286,,,,
273,1914,,,2.028261661529541,,2.027785539627075,2.027785539627075,,,,
273,1915,,,1.9627368450164795,,1.9622606039047241,1.9622606039047241,,,,
273,1916,,,1.472327709197998,,1.4718514680862427,1.4718514680862427,,,,
273,1917,,,0.8882988095283508,,0.8878224492073059,0.8878224492073059,,,,
,273,,,,,,,,,3.073064088821411,3.073064088821411
273,1917,,,,,,,3.073064088821411,3.073064088821411,,
273,1917,1.7960171699523926,1.796493411064148,,1.7960171699523926,,,,,,
274,1918,,,1.4249670505523682,,1.4244906902313232,1.4244906902313232,,,,
274,1919,,,2.452192783355713,,2.451716184616089,2.451716184616089,,,,
274,1920,,,1.9968845844268799,,1.9964079856872559,1.9964079856872559,,,,
274,1921,,,1.901136875152588,,1.9006601572036743,1.9006601572036743,,,,
274,1922,,,1.6863863468170166,,1.685909628868103,1.685909628868103,,,,
274,1923,,,1.3776023387908936,,1.37712562084198,1.37712562084198,,,,
274,1924,,,1.4228140115737915,,1.4223371744155884,1.4223371744155884,,,,
,274,,,,,,,,,3.037827730178833,3.037827730178833
274,1924,,,,,,,3.037827730178833,3.037827730178833,,
274,1924,1.7834802865982056,1.7839568853378296,,1.7834802865982056,,,,,,
275,1925,,,1.5177770853042603,,1.5173001289367676,1.5173001289367676,,,,
275,1926,,,1.3980872631072998,,1.3976103067398071,1.3976103067398071,,,,
275,1927,,,2.2170755863189697,,2.2165985107421875,2.2165985107421875,,,,
275,1928,,,1.4488486051559448,,1.4483715295791626,1.4483715295791626,,,,
275,1929,,,2.2702858448028564,,2.269808769226074,2.269808769226074,,,,
275,1930,,,1.8665153980255127,,1.8660380840301514,1.8660380840301514,,,,
275,1931,,,1.48173189163208,,1.4812545776367188,1.4812545776367188,,,,
,275,,,,,,,,,3.0548768043518066,3.0548768043518066
275,1931,,,,,,,3.0548768043518066,3.0548768043518066,,
275,1931,1.768031120300293,1.7685081958770752,,1.768031120300293,,,,,,
276,1932,,,1.6781046390533447,,1.6776272058486938,1.6776272058486938,,,,
276,1933,,,1.4345866441726685,,1.4341092109680176,1.4341092109680176,,,,
276,1934,,,1.5395784378051758,,1.5391008853912354,1.5391008853912354,,,,
276,1935,,,2.382985830307007,,2.3825082778930664,2.3825082778930664,,,,
276,1936,,,2.196903705596924,,2.1964259147644043,2.1964259147644043,,,,
276,1937,,,1.0137139558792114,,1.013236165046692,1.013236165046692,,,,
276,1938,,,2.4970622062683105,,2.496584415435791,2.496584415435791,,,,
,276,,,,,,,,,3.072690725326538,3.072690725326538
276,1938,,,,,,,3.072690725326538,3.072690725326538,,
276,1938,1.7536040544509888,1.7540817260742188,,1.7536040544509888,,,,,,
277,1939,,,2.6981706619262695,,2.69769287109375,2.69769287109375,,,,
277,1940,,,1.6637277603149414,,1.6632497310638428,1.6632497310638428,,,,
277,1941,,,1.2039010524749756,,1.203423023223877,1.203423023223877,,,,
277,1942,,,1.8558036088943481,,1.85532546043396,1.85532546043396,,,,
277,1943,,,1.864745855331421,,1.8642677068710327,1.8642677068710327,,,,
277,1944,,,1.0194169282913208,,1.018938660621643,1.018938660621643,,,,
277,1945,,,2.0989115238189697,,2.098433256149292,2.098433256149292,,,,
,277,,,,,,,,,3.046288013458252,3.046288013458252
277,1945,,,,,,,3.046288013458252,3.046288013458252,,
277,1945,1.7395778894424438,1.7400561571121216,,1.7395778894424438,,,,,,
278,1946,,,1.599989891052246,,1.5995115041732788,1.5995115041732788,,,,
278,1947,,,1.924299955368042,,1.9238215684890747,1.9238215684890747,,,,
278,1948,,,1.838128924369812,,1.8376504182815552,1.8376504182815552,,,,
278,1949,,,1.206862449645996,,1.2063838243484497,1.2063838243484497,,,,
278,1950,,,1.9952353239059448,,1.9947566986083984,1.9947566986083984,,,,
278,1951,,,1.5761100053787231,,1.5756312608718872,1.5756312608718872,,,,
278,1952,,,2.298248052597046,,2.29776930809021,2.29776930809021,,,,
,278,,,,,,,,,3.0420992374420166,3.0420992374420166
278,1952,,,,,,,3.0420992374420166,3.0420992374420166,,
278,1952,1.725399136543274,1.7258775234222412,,1.725399136543274,,,,,,
279,1953,,,1.4395965337753296,,1.439117670059204,1.439117670059204,,,,
279,1954,,,1.5146820545196533,,1.5142030715942383,1.5142030715942383,,,,
279,1955,,,1.147951364517212,,1.1474723815917969,1.1474723815917969,,,,
279,1956,,,1.615919828414917,,1.6154407262802124,1.6154407262802124,,,,
279,1957,,,2.2242343425750732,,2.223755121231079,2.223755121231079,,,,
279,1958,,,2.738020181655884,,2.7375409603118896,2.7375409603118896,,,,
279,1959,,,0.5897964835166931,,0.5893171429634094,0.5893171429634094,,,,
,279,,,,,,,,,3.00020170211792,3.00020170211792
279,1959,,,,,,,3.00020170211792,3.00020170211792,,
279,1959,1.709572434425354,1.710051417350769,,1.709572434425354,,,,,,
280,1960,,,1.5314791202545166,,1.530999779701233,1.530999779701233,,,,
280,1961,,,1.8243377208709717,,1.8238582611083984,1.8238582611083984,,,,
280,1962,,,1.7528647184371948,,1.752385139465332,1.752385139465332,,,,
280,1963,,,2.2811498641967773,,2.280670166015625,2.280670166015625,,,,
280,1964,,,1.0146628618240356,,1.0141831636428833,1.0141831636428833,,,,
280,1965,,,1.7936084270477295,,1.7931287288665771,1.7931287288665771,,,,
280,1966,,,1.599787950515747,,1.5993081331253052,1.5993081331253052,,,,
,280,,,,,,,,,2.9728338718414307,2.9728338718414307
280,1966,,,,,,,2.9728338718414307,2.9728338718414307,,
280,1966,1.6933281421661377,1.693807601928711,,1.6933281421661377,,,,,,
281,1967,,,1.4767801761627197,,1.4763002395629883,1.4763002395629883,,,,
281,1968,,,2.246121406555176,,2.2456414699554443,2.2456414699554443,,,,
281,1969,,,1.5184872150421143,,1.5180071592330933,1.5180071592330933,,,,
281,1970,,,1.884144902229309,,1.883664846420288,1.883664846420288,,,,
281,1971,,,1.7979549169540405,,1.79747474193573,1.79747474193573,,,,
281,1972,,,1.2052340507507324,,1.2047537565231323,1.2047537565231323,,,,
281,1973,,,1.5053702592849731,,1.504889965057373,1.504889965057373,,,,
,281,,,,,,,,,2.961397409439087,2.961397409439087
281,1973,,,,,,,2.961397409439087,2.961397409439087,,
281,1973,1.6768903732299805,1.677370548248291,,1.6768903732299805,,,,,,
282,1974,,,1.538489580154419,,1.5380091667175293,1.5380091667175293,,,,
282,1975,,,1.5484893321990967,,1.5480087995529175,1.5480087995529175,,,,
282,1976,,,1.6981072425842285,,1.6976267099380493,1.6976267099380493,,,,
282,1977,,,1.524780035018921,,1.5242993831634521,1.5242993831634521,,,,
282,1978,,,1.862377405166626,,1.8618966341018677,1.8618966341018677,,,,
282,1979,,,2.0895044803619385,,2.0890235900878906,2.0890235900878906,,,,
282,1980,,,0.8142068982124329,,0.813726007938385,0.813726007938385,,,,
,282,,,,,,,,,2.9444613456726074,2.9444613456726074
282,1980,,,,,,,2.9444613456726074,2.9444613456726074,,
282,1980,1.6570998430252075,1.6575803756713867,,1.6570998430252075,,,,,,
283,1981,,,1.8876746892929077,,1.8871937990188599,1.8871937990188599,,,,
283,1982,,,1.2262071371078491,,1.2257261276245117,1.2257261276245117,,,,
283,1983,,,1.172128438949585,,1.171647310256958,1.171647310256958,,,,
283,1984,,,1.894665002822876,,1.894183874130249,1.894183874130249,,,,
283,1985,,,1.5865414142608643,,1.5860601663589478,1.5860601663589478,,,,
283,1986,,,1.409264087677002,,1.4087828397750854,1.4087828397750854,,,,
283,1987,,,3.4696247577667236,,3.4691433906555176,3.4691433906555176,,,,
,283,,,,,,,,,2.927014112472534,2.927014112472534
283,1987,,,,,,,2.927014112472534,2.927014112472534,,
283,1987,1.6430623531341553,1.6435436010360718,,1.6430623531341553,,,,,,
284,1988,,,1.5346628427505493,,1.5341813564300537,1.5341813564300537,,,,
284,1989,,,1.161367654800415,,1.1608860492706299,1.1608860492706299,,,,
284,1990,,,1.4057127237319946,,1.4052311182022095,1.4052311182022095,,,,
284,1991,,,1.7625787258148193,,1.7620970010757446,1.7620970010757446,,,,
284,1992,,,1.6813658475875854,,1.6808840036392212,1.6808840036392212,,,,
284,1993,,,1.5447890758514404,,1.5443072319030762,1.5443072319030762,,,,
284,1994,,,3.4777214527130127,,3.4772393703460693,3.4772393703460693,,,,
,284,,,,,,,,,2.9721455574035645,2.9721455574035645
284,1994,,,,,,,2.9721455574035645,2.9721455574035645,,
284,1994,1.6300472021102905,1.6305290460586548,,1.6300472021102905,,,,,,
285,1995,,,1.3861154317855835,,1.3856333494186401,1.3856333494186401,,,,
285,1996,,,1.7978636026382446,,1.7973815202713013,1.7973815202713013,,,,
285,1997,,,1.1460058689117432,,1.1455236673355103,1.1455236673355103,,,,
285,1998,,,2.1159985065460205,,2.115516185760498,2.115516185760498,,,,
285,1999,,,1.405635118484497,,1.4051527976989746,1.4051527976989746,,,,
285,2000,,,1.7624059915542603,,1.7619235515594482,1.7619235515594482,,,,
285,2001,,,1.9169057607650757,,1.9164232015609741,1.9164232015609741,,,,
,285,,,,,,,,,2.9482104778289795,2.9482104778289795
285,2001,,,,,,,2.9482104778289795,2.9482104778289795,,
285,2001,1.6203590631484985,1.620841383934021,,1.6203590631484985,,,,,,
286,2002,,,3.0060086250305176,,3.005526065826416,3.005526065826416,,,,
286,2003,,,1.2874208688735962,,1.286938190460205,1.286938190460205,,,,
286,2004,,,1.845876693725586,,1.8453938961029053,1.8453938961029053,,,,
286,2005,,,1.2838531732559204,,1.2833703756332397,1.2833703756332397,,,,
286,2006,,,0.9489888548851013,,0.9485059380531311,0.9485059380531311,,,,
286,2007,,,1.3342571258544922,,1.3337740898132324,1.3337740898132324,,,,
286,2008,,,1.4868605136871338,,1.486377477645874,1.486377477645874,,,,
,286,,,,,,,,,2.893065929412842,2.893065929412842
286,2008,,,,,,,2.893065929412842,2.893065929412842,,
286,2008,1.6095528602600098,1.6100356578826904,,1.6095528602600098,,,,,,
287,2009,,,1.2874689102172852,,1.2869857549667358,1.2869857549667358,,,,
287,2010,,,2.4263617992401123,,2.4258785247802734,2.4258785247802734,,,,
287,2011,,,2.11527681350708,,2.114793539047241,2.114793539047241,,,,
287,2012,,,1.1668049097061157,,1.1663215160369873,1.1663215160369873,,,,
287,2013,,,1.8314727544784546,,1.8309892416000366,1.8309892416000366,,,,
287,2014,,,0.8762369155883789,,0.8757533431053162,0.8757533431053162,,,,
287,2015,,,1.3261005878448486,,1.3256169557571411,1.3256169557571411,,,,
,287,,,,,,,,,2.862895965576172,2.862895965576172
287,2015,,,,,,,2.862895965576172,2.862895965576172,,
287,2015,1.5996593236923218,1.6001427173614502,,1.5996593236923218,,,,,,
288,2016,,,1.646133542060852,,1.645649790763855,1.645649790763855,,,,
288,2017,,,1.7954069375991821,,1.794923186302185,1.794923186302185,,,,
288,2018,,,1.2441304922103882,,1.2436466217041016,1.2436466217041016,,,,
288,2019,,,1.665475845336914,,1.664991855621338,1.664991855621338,,,,
288,2020,,,1.3781317472457886,,1.3776477575302124,1.3776477575302124,,,,
288,2021,,,1.757005214691162,,1.7565211057662964,1.7565211057662964,,,,
288,2022,,,1.7344530820846558,,1.73396897315979,1.73396897315979,,,,
,288,,,,,,,,,2.790154218673706,2.790154218673706
288,2022,,,,,,,2.790154218673706,2.790154218673706,,
288,2022,1.5895872116088867,1.5900713205337524,,1.5895872116088867,,,,,,
289,2023,,,1.2735844850540161,,1.2731002569198608,1.2731002569198608,,,,
289,2024,,,1.5901288986206055,,1.5896445512771606,1.5896445512771606,,,,
289,2025,,,1.519808053970337,,1.5193235874176025,1.5193235874176025,,,,
289,2026,,,1.8908731937408447,,1.8903887271881104,1.8903887271881104,,,,
289,2027,,,0.9382299184799194,,0.9377453327178955,0.9377453327178955,,,,
289,2028,,,1.711652159690857,,1.7111674547195435,1.7111674547195435,,,,
289,2029,,,3.0752313137054443,,3.074746608734131,3.074746608734131,,,,
,289,,,,,,,,,2.8126983642578125,2.8126983642578125
289,2029,,,,,,,2.8126983642578125,2.8126983642578125,,
289,2029,1.5802980661392212,1.580782413482666,,1.5802980661392212,,,,,,
290,2030,,,1.7489430904388428,,1.7484582662582397,1.7484582662582397,,,,
290,2031,,,1.6645832061767578,,1.6640982627868652,1.6640982627868652,,,,
290,2032,,,0.869479238986969,,0.8689942955970764,0.8689942955970764,,,,
290,2033,,,1.5323901176452637,,1.5319050550460815,1.5319050550460815,,,,
290,2034,,,1.5548957586288452,,1.554410696029663,1.554410696029663,,,,
290,2035,,,1.8048121929168701,,1.8043270111083984,1.8043270111083984,,,,
290,2036,,,2.232142925262451,,2.2316577434539795,2.2316577434539795,,,,
,290,,,,,,,,,2.860153913497925,2.860153913497925
290,2036,,,,,,,2.860153913497925,2.860153913497925,,
290,2036,1.570049524307251,1.5705344676971436,,1.570049524307251,,,,,,
291,2037,,,1.4871233701705933,,1.486638069152832,1.486638069152832,,,,
291,2038,,,1.6314241886138916,,1.6309387683868408,1.6309387683868408,,,,
291,2039,,,2.134021043777466,,2.133535623550415,2.133535623550415,,,,
291,2040,,,1.4542815685272217,,1.4537960290908813,1.4537960290908813,,,,
291,2041,,,1.4028815031051636,,1.4023958444595337,1.4023958444595337,,,,
291,2042,,,1.2660167217254639,,1.2655309438705444,1.2655309438705444,,,,
291,2043,,,1.5282825231552124,,1.527796745300293,1.527796745300293,,,,
,291,,,,,,,,,2.8837506771087646,2.8837506771087646
291,2043,,,,,,,2.8837506771087646,2.8837506771087646,,
291,2043,1.5601190328598022,1.5606045722961426,,1.5601190328598022,,,,,,
292,2044,,,2.340195417404175,,2.339709520339966,2.339709520339966,,,,
292,2045,,,1.2488042116165161,,1.2483181953430176,1.2483181953430176,,,,
292,2046,,,1.738393783569336,,1.7379077672958374,1.7379077672958374,,,,
292,2047,,,1.6643332242965698,,1.6638470888137817,1.6638470888137817,,,,
292,2048,,,1.6845654249191284,,1.6840791702270508,1.6840791702270508,,,,
292,2049,,,0.8653309941291809,,0.8648447394371033,0.8648447394371033,,,,
292,2050,,,0.9354355335235596,,0.9349491596221924,0.9349491596221924,,,,
,292,,,,,,,,,2.844590425491333,2.844590425491333
292,2050,,,,,,,2.844590425491333,2.844590425491333,,
292,2050,1.5512646436691284,1.5517507791519165,,1.5512646436691284,,,,,,
293,2051,,,1.2970329523086548,,1.2965465784072876,1.2965465784072876,,,,
293,2052,,,2.03906512260437,,2.038578748703003,2.038578748703003,,,,
293,2053,,,1.9545050859451294,,1.954018473625183,1.954018473625183,,,,
293,2054,,,1.089111566543579,,1.0886249542236328,1.0886249542236328,,,,
293,2055,,,1.33688223361969,,1.336395502090454,1.336395502090454,,,,
293,2056,,,1.6213083267211914,,1.620821475982666,1.620821475982666,,,,
293,2057,,,1.313621997833252,,1.3131351470947266,1.3131351470947266,,,,
,293,,,,,,,,,2.847228765487671,2.847228765487671
293,2057,,,,,,,2.847228765487671,2.847228765487671,,
293,2057,1.5415548086166382,1.5420414209365845,,1.5415548086166382,,,,,,
294,2058,,,2.0029942989349365,,2.002507448196411,2.002507448196411,,,,
294,2059,,,1.1691162586212158,,1.1686292886734009,1.1686292886734009,,,,
294,2060,,,2.1607697010040283,,2.160282611846924,2.160282611846924,,,,
294,2061,,,1.1793802976608276,,1.1788930892944336,1.1788930892944336,,,,
294,2062,,,1.3984931707382202,,1.3980059623718262,1.3980059623718262,,,,
294,2063,,,1.0767284631729126,,1.076241135597229,1.076241135597229,,,,
294,2064,,,2.060260057449341,,2.0597727298736572,2.0597727298736572,,,,
,294,,,,,,,,,2.8293840885162354,2.8293840885162354
294,2064,,,,,,,2.8293840885162354,2.8293840885162354,,
294,2064,1.530505895614624,1.530992865562439,,1.530505895614624,,,,,,
295,2065,,,1.575617790222168,,1.5751303434371948,1.5751303434371948,,,,
295,2066,,,1.5610089302062988,,1.5605213642120361,1.5605213642120361,,,,
295,2067,,,1.7796337604522705,,1.7791460752487183,1.7791460752487183,,,,
295,2068,,,1.9069713354110718,,1.9064836502075195,1.9064836502075195,,,,
295,2069,,,1.1913210153579712,,1.1908332109451294,1.1908332109451294,,,,
295,2070,,,1.3846954107284546,,1.3842074871063232,1.3842074871063232,,,,
295,2071,,,0.7931748032569885,,0.7926868796348572,0.7926868796348572,,,,
,295,,,,,,,,,2.803499698638916,2.803499698638916
295,2071,,,,,,,2.803499698638916,2.803499698638916,,
295,2071,1.5205615758895874,1.52104914188385,,1.5205615758895874,,,,,,
296,2072,,,1.589695692062378,,1.589207649230957,1.589207649230957,,,,
296,2073,,,1.2920645475387573,,1.2915765047073364,1.2915765047073364,,,,
296,2074,,,1.6381118297576904,,1.63762366771698,1.63762366771698,,,,
296,2075,,,1.8672692775726318,,1.8667811155319214,1.8667811155319214,,,,
296,2076,,,1.2755779027938843,,1.2750896215438843,1.2750896215438843,,,,
296,2077,,,1.199681043624878,,1.1991926431655884,1.1991926431655884,,,,
296,2078,,,2.063100814819336,,2.062612295150757,2.062612295150757,,,,
,296,,,,,,,,,2.7267990112304688,2.7267990112304688
296,2078,,,,,,,2.7267990112304688,2.7267990112304688,,
296,2078,1.511051058769226,1.5115392208099365,,1.511051058769226,,,,,,
297,2079,,,1.772439956665039,,1.77195143699646,1.77195143699646,,,,
297,2080,,,1.570618748664856,,1.5701301097869873,1.5701301097869873,,,,
297,2081,,,1.421189308166504,,1.4207005500793457,1.4207005500793457,,,,
297,2082,,,1.2900575399398804,,1.2895687818527222,1.2895687818527222,,,,
297,2083,,,2.0655272006988525,,2.0650384426116943,2.0650384426116943,,,,
297,2084,,,1.2478301525115967,,1.2473411560058594,1.2473411560058594,,,,
297,2085,,,0.5607188940048218,,0.5602298974990845,0.5602298974990845,,,,
,297,,,,,,,,,2.665323257446289,2.665323257446289
297,2085,,,,,,,2.665323257446289,2.665323257446289,,
297,2085,1.5019320249557495,1.5024209022521973,,1.5019320249557495,,,,,,
298,2086,,,1.2398737668991089,,1.239384651184082,1.239384651184082,,,,
298,2087,,,2.1571731567382812,,2.156683921813965,2.156683921813965,,,,
298,2088,,,1.3022639751434326,,1.3017747402191162,1.3017747402191162,,,,
298,2089,,,1.3225047588348389,,1.322015404701233,1.322015404701233,,,,
298,2090,,,1.46709406375885,,1.4666047096252441,1.4666047096252441,,,,
298,2091,,,1.527177095413208,,1.5266876220703125,1.5266876220703125,,,,
298,2092,,,1.377053141593933,,1.3765636682510376,1.3765636682510376,,,,
,298,,,,,,,,,2.637834072113037,2.637834072113037
298,2092,,,,,,,2.637834072113037,2.637834072113037,,
298,2092,1.4948019981384277,1.4952913522720337,,1.4948019981384277,,,,,,
299,2093,,,1.1185802221298218,,1.1180906295776367,1.1180906295776367,,,,
299,2094,,,2.307072639465332,,2.3065829277038574,2.3065829277038574,,,,
299,2095,,,1.7865904569625854,,1.7861007452011108,1.7861007452011108,,,,
299,2096,,,1.1729085445404053,,1.1724187135696411,1.1724187135696411,,,,
299,2097,,,1.6333177089691162,,1.6328277587890625,1.6328277587890625,,,,
299,2098,,,1.1527135372161865,,1.1522235870361328,1.1522235870361328,,,,
299,2099,,,0.8079765439033508,,0.8074864745140076,0.8074864745140076,,,,
,299,,,,,,,,,2.607027053833008,2.607027053833008
299,2099,,,,,,,2.607027053833008,2.607027053833008,,
299,2099,1.4856551885604858,1.48614501953125,,1.4856551885604858,,,,,,
300,2100,,,2.1331534385681152,,2.1326632499694824,2.1326632499694824,,,,
300,2101,,,0.9880820512771606,,0.9875918626785278,0.9875918626785278,,,,
300,2102,,,1.5324795246124268,,1.531989336013794,1.531989336013794,,,,
300,2103,,,1.3989742994308472,,1.3984839916229248,1.3984839916229248,,,,
300,2104,,,0.9854855537414551,,0.9849951267242432,0.9849951267242432,,,,
300,2105,,,1.6407967805862427,,1.6403063535690308,1.6403063535690308,,,,
300,2106,,,1.9661328792572021,,1.9656423330307007,1.9656423330307007,,,,
,300,,,,,,,,,2.5582022666931152,2.5582022666931152
300,2106,,,,,,,2.5582022666931152,2.5582022666931152,,
300,2106,1.4765719175338745,1.4770623445510864,,1.4765719175338745,,,,,,
301,2107,,,1.604826807975769,,1.604336142539978,1.604336142539978,,,,
301,2108,,,1.9719735383987427,,1.971482753753662,1.971482753753662,,,,
301,2109,,,1.6894081830978394,,1.6889173984527588,1.6889173984527588,,,,
301,2110,,,1.5964423418045044,,1.5959514379501343,1.5959514379501343,,,,
301,2111,,,1.2495224475860596,,1.2490314245224,1.2490314245224,,,,
301,2112,,,0.8169216513633728,,0.8164305686950684,0.8164305686950684,,,,
301,2113,,,1.1599198579788208,,1.1594287157058716,1.1594287157058716,,,,
,301,,,,,,,,,2.4943363666534424,2.4943363666534424
301,2113,,,,,,,2.4943363666534424,2.4943363666534424,,
301,2113,1.4683820009231567,1.4688727855682373,,1.4683820009231567,,,,,,
302,2114,,,1.282609462738037,,1.282118320465088,1.282118320465088,,,,
302,2115,,,1.1017193794250488,,1.10122811794281,1.10122811794281,,,,
302,2116,,,1.7819573879241943,,1.781466007232666,1.781466007232666,,,,
302,2117,,,1.5506103038787842,,1.5501189231872559,1.5501189231872559,,,,
302,2118,,,1.3559569120407104,,1.3554654121398926,1.3554654121398926,,,,
302,2119,,,1.1622964143753052,,1.1618049144744873,1.1618049144744873,,,,
302,2120,,,2.884323835372925,,2.8838322162628174,2.8838322162628174,,,,
,302,,,,,,,,,2.4877357482910156,2.4877357482910156
302,2120,,,,,,,2.4877357482910156,2.4877357482910156,,
302,2120,1.4609628915786743,1.4614543914794922,,1.4609628915786743,,,,,,
303,2121,,,1.9445254802703857,,1.9440337419509888,1.9440337419509888,,,,
303,2122,,,1.055379867553711,,1.054888129234314,1.054888129234314,,,,
303,2123,,,1.4447096586227417,,1.4442178010940552,1.4442178010940552,,,,
303,2124,,,2.2508981227874756,,2.250406265258789,2.250406265258789,,,,
303,2125,,,1.0638419389724731,,1.063349962234497,1.063349962234497,,,,
303,2126,,,0.943836510181427,,0.9433444142341614,0.9433444142341614,,,,
303,2127,,,1.4916784763336182,,1.491186261177063,1.491186261177063,,,,
,303,,,,,,,,,2.469966173171997,2.469966173171997
303,2127,,,,,,,2.469966173171997,2.469966173171997,,
303,2127,1.4524602890014648,1.452952265739441,,1.4524602890014648,,,,,,
304,2128,,,1.2537117004394531,,1.253219485282898,1.253219485282898,,,,
304,2129,,,1.6279828548431396,,1.627490520477295,1.627490520477295,,,,
304,2130,,,1.49202561378479,,1.4915331602096558,1.4915331602096558,,,,
304,2131,,,1.2988344430923462,,1.298341989517212,1.298341989517212,,,,
304,2132,,,1.380656361579895,,1.3801637887954712,1.3801637887954712,,,,
304,2133,,,1.7617777585983276,,1.7612851858139038,1.7612851858139038,,,,
304,2134,,,1.0723544359207153,,1.071861743927002,1.071861743927002,,,,
,304,,,,,,,,,2.4252946376800537,2.4252946376800537
304,2134,,,,,,,2.4252946376800537,2.4252946376800537,,
304,2134,1.4453306198120117,1.4458229541778564,,1.4453306198120117,,,,,,
305,2135,,,1.1091082096099854,,1.1086153984069824,1.1086153984069824,,,,
305,2136,,,1.3209567070007324,,1.3204638957977295,1.3204638957977295,,,,
305,2137,,,1.2852293252944946,,1.2847363948822021,1.2847363948822021,,,,
305,2138,,,1.546636939048767,,1.5461440086364746,1.5461440086364746,,,,
305,2139,,,1.8585293292999268,,1.8580362796783447,1.8580362796783447,,,,
305,2140,,,1.6243493556976318,,1.6238561868667603,1.6238561868667603,,,,
305,2141,,,1.1313505172729492,,1.130857229232788,1.130857229232788,,,,
,305,,,,,,,,,2.4031803607940674,2.4031803607940674
305,2141,,,,,,,2.4031803607940674,2.4031803607940674,,
305,2141,1.4377920627593994,1.4382848739624023,,1.4377920627593994,,,,,,
306,2142,,,2.1234536170959473,,2.122960329055786,2.122960329055786,,,,
306,2143,,,1.0846978425979614,,1.0842044353485107,1.0842044353485107,,,,
306,2144,,,1.4407249689102173,,1.4402315616607666,1.4402315616607666,,,,
306,2145,,,1.5333651304244995,,1.5328716039657593,1.5328716039657593,,,,
306,2146,,,1.4800450801849365,,1.4795514345169067,1.4795514345169067,,,,
306,2147,,,0.9318011999130249,,0.9313074946403503,0.9313074946403503,,,,
306,2148,,,1.3964970111846924,,1.396003246307373,1.396003246307373,,,,
,306,,,,,,,,,2.3532943725585938,2.3532943725585938
306,2148,,,,,,,2.3532943725585938,2.3532943725585938,,
306,2148,1.4297455549240112,1.4302390813827515,,1.4297455549240112,,,,,,
307,2149,,,1.7871099710464478,,1.7866162061691284,1.7866162061691284,,,,
307,2150,,,1.4106978178024292,,1.4102039337158203,1.4102039337158203,,,,
307,2151,,,1.0366268157958984,,1.0361328125,1.0361328125,,,,
307,2152,,,1.1360716819763184,,1.13557767868042,1.13557767868042,,,,
307,2153,,,1.5345269441604614,,1.5340328216552734,1.5340328216552734,,,,
307,2154,,,1.9146379232406616,,1.9141438007354736,1.9141438007354736,,,,
307,2155,,,0.6652848720550537,,0.6647906303405762,0.6647906303405762,,,,
,307,,,,,,,,,2.3149242401123047,2.3149242401123047
307,2155,,,,,,,2.3149242401123047,2.3149242401123047,,
307,2155,1.4221181869506836,1.422612190246582,,1.4221181869506836,,,,,,
308,2156,,,1.3336679935455322,,1.3331736326217651,1.3331736326217651,,,,
308,2157,,,1.0664547681808472,,1.06596040725708,1.06596040725708,,,,
308,2158,,,1.4291912317276,,1.4286967515945435,1.4286967515945435,,,,
308,2159,,,1.000240683555603,,0.9997462034225464,0.9997462034225464,,,,
308,2160,,,1.7098989486694336,,1.7094043493270874,1.7094043493270874,,,,
308,2161,,,2.0256381034851074,,2.0251433849334717,2.0251433849334717,,,,
308,2162,,,1.2235435247421265,,1.2230488061904907,1.2230488061904907,,,,
,308,,,,,,,,,2.2669851779937744,2.2669851779937744
308,2162,,,,,,,2.2669851779937744,2.2669851779937744,,
308,2162,1.4150224924087524,1.415516972541809,,1.4150224924087524,,,,,,
309,2163,,,1.0384191274642944,,1.0379242897033691,1.0379242897033691,,,,
309,2164,,,1.4325759410858154,,1.4320811033248901,1.4320811033248901,,,,
309,2165,,,0.5188347101211548,,0.5183397531509399,0.5183397531509399,,,,
309,2166,,,1.4779963493347168,,1.4775012731552124,1.4775012731552124,,,,
309,2167,,,1.977355718612671,,1.9768606424331665,1.9768606424331665,,,,
309,2168,,,2.0419867038726807,,2.0414915084838867,2.0414915084838867,,,,
309,2169,,,1.3368291854858398,,1.336333990097046,1.336333990097046,,,,
,309,,,,,,,,,2.223282814025879,2.223282814025879
309,2169,,,,,,,2.223282814025879,2.223282814025879,,
309,2169,1.409462571144104,1.4099575281143188,,1.409462571144104,,,,,,
310,2170,,,1.4811581373214722,,1.4806628227233887,1.4806628227233887,,,,
310,2171,,,1.7720876932144165,,1.7715922594070435,1.7715922594070435,,,,
310,2172,,,1.1351839303970337,,1.134688377380371,1.134688377380371,,,,
310,2173,,,1.0173463821411133,,1.0168508291244507,1.0168508291244507,,,,
310,2174,,,1.6598529815673828,,1.6593573093414307,1.6593573093414307,,,,
310,2175,,,1.0842901468276978,,1.0837944746017456,1.0837944746017456,,,,
310,2176,,,2.113006114959717,,2.1125102043151855,2.1125102043151855,,,,
,310,,,,,,,,,2.217646360397339,2.217646360397339
310,2176,,,,,,,2.217646360397339,2.217646360397339,,
310,2176,1.4022176265716553,1.4027132987976074,,1.4022176265716553,,,,,,
311,2177,,,1.0578279495239258,,1.057332158088684,1.057332158088684,,,,
311,2178,,,1.5383065938949585,,1.5378106832504272,1.5378106832504272,,,,
311,2179,,,1.1356651782989502,,1.135169267654419,1.135169267654419,,,,
311,2180,,,1.2010151147842407,,1.20051908493042,1.20051908493042,,,,
311,2181,,,1.048479437828064,,1.0479832887649536,1.0479832887649536,,,,
311,2182,,,1.392338514328003,,1.3918423652648926,1.3918423652648926,,,,
311,2183,,,4.038207054138184,,4.037710666656494,4.037710666656494,,,,
,311,,,,,,,,,2.2127983570098877,2.2127983570098877
311,2183,,,,,,,2.2127983570098877,2.2127983570098877,,
311,2183,1.3936938047409058,1.3941900730133057,,1.3936938047409058,,,,,,
312,2184,,,1.031673789024353,,1.0311775207519531,1.0311775207519531,,,,
312,2185,,,1.9468300342559814,,1.946333646774292,1.946333646774292,,,,
312,2186,,,1.806366205215454,,1.805869698524475,1.805869698524475,,,,
312,2187,,,1.377381682395935,,1.376885175704956,1.376885175704956,,,,
312,2188,,,1.1303598880767822,,1.1298632621765137,1.1298632621765137,,,,
312,2189,,,1.3094333410263062,,1.3089367151260376,1.3089367151260376,,,,
312,2190,,,0.6659812331199646,,0.6654844880104065,0.6654844880104065,,,,
,312,,,,,,,,,2.210221767425537,2.210221767425537
312,2190,,,,,,,2.210221767425537,2.210221767425537,,
312,2190,1.3880192041397095,1.3885157108306885,,1.3880192041397095,,,,,,
313,2191,,,1.6838645935058594,,1.6833678483963013,1.6833678483963013,,,,
313,2192,,,1.3977347612380981,,1.3972378969192505,1.3972378969192505,,,,
313,2193,,,0.7019211053848267,,0.7014241814613342,0.7014241814613342,,,,
313,2194,,,1.1325790882110596,,1.1320821046829224,1.1320821046829224,,,,
313,2195,,,1.7964154481887817,,1.795918345451355,1.795918345451355,,,,
313,2196,,,1.3497599363327026,,1.3492628335952759,1.3492628335952759,,,,
313,2197,,,1.976454257965088,,1.9759570360183716,1.9759570360183716,,,,
,313,,,,,,,,,2.212428569793701,2.212428569793701
313,2197,,,,,,,2.212428569793701,2.212428569793701,,
313,2197,1.3804357051849365,1.3809325695037842,,1.3804357051849365,,,,,,
314,2198,,,1.3672502040863037,,1.3667529821395874,1.3667529821395874,,,,
314,2199,,,1.2308913469314575,,1.2303940057754517,1.2303940057754517,,,,
314,2200,,,1.3268839120864868,,1.326386570930481,1.326386570930481,,,,
314,2201,,,1.574182391166687,,1.5736849308013916,1.5736849308013916,,,,
314,2202,,,1.2140823602676392,,1.2135848999023438,1.2135848999023438,,,,
314,2203,,,1.2761634588241577,,1.2756658792495728,1.2756658792495728,,,,
314,2204,,,2.0400326251983643,,2.0395350456237793,2.0395350456237793,,,,
,314,,,,,,,,,2.2370922565460205,2.2370922565460205
314,2204,,,,,,,2.2370922565460205,2.2370922565460205,,
314,2204,1.372752070426941,1.3732495307922363,,1.372752070426941,,,,,,
315,2205,,,0.8032114505767822,,0.8027137517929077,0.8027137517929077,,,,
315,2206,,,1.2767586708068848,,1.2762608528137207,1.2762608528137207,,,,
315,2207,,,2.103865385055542,,2.103367567062378,2.103367567062378,,,,
315,2208,,,1.863447666168213,,1.8629497289657593,1.8629497289657593,,,,
315,2209,,,0.9646008610725403,,0.9641028642654419,0.9641028642654419,,,,
315,2210,,,1.36471688747406,,1.364218831062317,1.364218831062317,,,,
315,2211,,,0.8685556650161743,,0.8680575489997864,0.8680575489997864,,,,
,315,,,,,,,,,2.2139527797698975,2.2139527797698975
315,2211,,,,,,,2.2139527797698975,2.2139527797698975,,
315,2211,1.3645702600479126,1.3650681972503662,,1.3645702600479126,,,,,,
316,2212,,,1.0838539600372314,,1.0833557844161987,1.0833557844161987,,,,
316,2213,,,1.2122989892959595,,1.2118006944656372,1.2118006944656372,,,,
316,2214,,,1.9353632926940918,,1.9348649978637695,1.9348649978637695,,,,
316,2215,,,1.3986380100250244,,1.3981395959854126,1.3981395959854126,,,,
316,2216,,,1.291419267654419,,1.2909207344055176,1.2909207344055176,,,,
316,2217,,,1.4468058347702026,,1.4463073015213013,1.4463073015213013,,,,
316,2218,,,0.720559298992157,,0.7200607061386108,0.7200607061386108,,,,
,316,,,,,,,,,2.188964605331421,2.188964605331421
316,2218,,,,,,,2.188964605331421,2.188964605331421,,
316,2218,1.3545743227005005,1.3550727367401123,,1.3545743227005005,,,,,,
317,2219,,,1.5138592720031738,,1.513360619544983,1.513360619544983,,,,
317,2220,,,1.313395380973816,,1.3128966093063354,1.3128966093063354,,,,
317,2221,,,1.1011415719985962,,1.1006428003311157,1.1006428003311157,,,,
317,2222,,,1.6377424001693726,,1.6372435092926025,1.6372435092926025,,,,
317,2223,,,0.6655224561691284,,0.6650235056877136,0.6650235056877136,,,,
317,2224,,,1.5180970430374146,,1.517598032951355,1.517598032951355,,,,
317,2225,,,2.2145185470581055,,2.214019536972046,2.214019536972046,,,,
,317,,,,,,,,,2.1646370887756348,2.1646370887756348
317,2225,,,,,,,2.1646370887756348,2.1646370887756348,,
317,2225,1.3454151153564453,1.3459142446517944,,1.3454151153564453,,,,,,
318,2226,,,1.3084598779678345,,1.3079607486724854,1.3079607486724854,,,,
318,2227,,,0.9157073497772217,,0.915208101272583,0.915208101272583,,,,
318,2228,,,1.9505460262298584,,1.9500466585159302,1.9500466585159302,,,,
318,2229,,,1.4944885969161987,,1.4939892292022705,1.4939892292022705,,,,
318,2230,,,1.0298372507095337,,1.029337763786316,1.029337763786316,,,,
318,2231,,,1.2864407300949097,,1.285941243171692,1.285941243171692,,,,
318,2232,,,1.460525393486023,,1.4600257873535156,1.4600257873535156,,,,
,318,,,,,,,,,2.151279926300049,2.151279926300049
318,2232,,,,,,,2.151279926300049,2.151279926300049,,
318,2232,1.3380380868911743,1.3385374546051025,,1.3380380868911743,,,,,,
319,2233,,,1.173559308052063,,1.1730597019195557,1.1730597019195557,,,,
319,2234,,,0.9613673090934753,,0.9608675837516785,0.9608675837516785,,,,
319,2235,,,1.538128137588501,,1.5376282930374146,1.5376282930374146,,,,
319,2236,,,1.1023577451705933,,1.1018579006195068,1.1018579006195068,,,,
319,2237,,,1.216050148010254,,1.215550184249878,1.215550184249878,,,,
319,2238,,,1.855284571647644,,1.8547844886779785,1.8547844886779785,,,,
319,2239,,,1.699872612953186,,1.6993725299835205,1.6993725299835205,,,,
,319,,,,,,,,,2.1490249633789062,2.1490249633789062
319,2239,,,,,,,2.1490249633789062,2.1490249633789062,,
319,2239,1.3303550481796265,1.3308547735214233,,1.3303550481796265,,,,,,
320,2240,,,1.6899811029434204,,1.6894809007644653,1.6894809007644653,,,,
320,2241,,,1.0488988161087036,,1.0483986139297485,1.0483986139297485,,,,
320,2242,,,1.4099715948104858,,1.4094712734222412,1.4094712734222412,,,,
320,2243,,,1.0967575311660767,,1.096257209777832,1.096257209777832,,,,
320,2244,,,1.1194592714309692,,1.118958830833435,1.118958830833435,,,,
320,2245,,,1.5580774545669556,,1.5575770139694214,1.5575770139694214,,,,
320,2246,,,1.334141731262207,,1.3336411714553833,1.3336411714553833,,,,
,320,,,,,,,,,2.1556813716888428,2.1556813716888428
320,2246,,,,,,,2.1556813716888428,2.1556813716888428,,
320,2246,1.3208249807357788,1.3213253021240234,,1.3208249807357788,,,,,,
321,2247,,,1.8978357315063477,,1.897335171699524,1.897335171699524,,,,
321,2248,,,0.8554562330245972,,0.8549555540084839,0.8549555540084839,,,,
321,2249,,,1.0894302129745483,,1.0889294147491455,1.0889294147491455,,,,
321,2250,,,1.4132837057113647,,1.412782907485962,1.412782907485962,,,,
321,2251,,,0.6982595920562744,,0.697758674621582,0.697758674621582,,,,
321,2252,,,1.8462257385253906,,1.8457248210906982,1.8457248210906982,,,,
321,2253,,,1.5305087566375732,,1.5300077199935913,1.5300077199935913,,,,
,321,,,,,,,,,2.143836259841919,2.143836259841919
321,2253,,,,,,,2.143836259841919,2.143836259841919,,
321,2253,1.3131355047225952,1.313636302947998,,1.3131355047225952,,,,,,
322,2254,,,1.1139308214187622,,1.1134297847747803,1.1134297847747803,,,,
322,2255,,,1.153247594833374,,1.1527464389801025,1.1527464389801025,,,,
322,2256,,,1.2790158987045288,,1.2785146236419678,1.2785146236419678,,,,
322,2257,,,1.3878439664840698,,1.3873426914215088,1.3873426914215088,,,,
322,2258,,,1.5846832990646362,,1.5841819047927856,1.5841819047927856,,,,
322,2259,,,1.289948582649231,,1.2894470691680908,1.2894470691680908,,,,
322,2260,,,1.3699616193771362,,1.369460105895996,1.369460105895996,,,,
,322,,,,,,,,,2.1538007259368896,2.1538007259368896
322,2260,,,,,,,2.1538007259368896,2.1538007259368896,,
322,2260,1.30497407913208,1.3054754734039307,,1.30497407913208,,,,,,
323,2261,,,1.253443717956543,,1.2529420852661133,1.2529420852661133,,,,
323,2262,,,1.2958812713623047,,1.295379638671875,1.295379638671875,,,,
323,2263,,,1.261560082435608,,1.2610583305358887,1.2610583305358887,,,,
323,2264,,,1.8739447593688965,,1.8734430074691772,1.8734430074691772,,,,
323,2265,,,1.3470741510391235,,1.3465722799301147,1.3465722799301147,,,,
323,2266,,,0.8461184501647949,,0.8456165194511414,0.8456165194511414,,,,
323,2267,,,1.0585376024246216,,1.0580356121063232,1.0580356121063232,,,,
,323,,,,,,,,,2.130223035812378,2.130223035812378
323,2267,,,,,,,2.130223035812378,2.130223035812378,,
323,2267,1.297533392906189,1.2980351448059082,,1.297533392906189,,,,,,
324,2268,,,1.387208104133606,,1.386705994606018,1.386705994606018,,,,
324,2269,,,1.2249432802200317,,1.2244411706924438,1.2244411706924438,,,,
324,2270,,,0.9345718622207642,,0.9340696334838867,0.9340696334838867,,,,
324,2271,,,1.6799147129058838,,1.6794124841690063,1.6794124841690063,,,,
324,2272,,,0.8576646447181702,,0.8571622967720032,0.8571622967720032,,,,
324,2273,,,1.4691650867462158,,1.4686626195907593,1.4686626195907593,,,,
324,2274,,,1.7696712017059326,,1.769168734550476,1.769168734550476,,,,
,324,,,,,,,,,2.079274892807007,2.079274892807007
324,2274,,,,,,,2.079274892807007,2.079274892807007,,
324,2274,1.2884538173675537,1.2889560461044312,,1.2884538173675537,,,,,,
325,2275,,,1.2353105545043945,,1.2348079681396484,1.2348079681396484,,,,
325,2276,,,1.404894471168518,,1.4043917655944824,1.4043917655944824,,,,
325,2277,,,1.2727161645889282,,1.2722134590148926,1.2722134590148926,,,,
325,2278,,,1.1064555644989014,,1.1059527397155762,1.1059527397155762,,,,
325,2279,,,2.1176037788391113,,2.117100954055786,2.117100954055786,,,,
325,2280,,,0.8911809325218201,,0.8906779885292053,0.8906779885292053,,,,
325,2281,,,0.39699164032936096,,0.39648860692977905,0.39648860692977905,,,,
,325,,,,,,,,,2.0344812870025635,2.0344812870025635
325,2281,,,,,,,2.0344812870025635,2.0344812870025635,,
325,2281,1.282169222831726,1.2826718091964722,,1.282169222831726,,,,,,
326,2282,,,1.6514370441436768,,1.6509339809417725,1.6509339809417725,,,,
326,2283,,,1.1756842136383057,,1.1751810312271118,1.1751810312271118,,,,
326,2284,,,1.28240168094635,,1.2818984985351562,1.2818984985351562,,,,
326,2285,,,1.3123750686645508,,1.3118717670440674,1.3118717670440674,,,,
326,2286,,,1.159069538116455,,1.1585661172866821,1.1585661172866821,,,,
326,2287,,,1.2730392217636108,,1.272535800933838,1.272535800933838,,,,
326,2288,,,0.7679036259651184,,0.7674000859260559,0.7674000859260559,,,,
,326,,,,,,,,,2.0039055347442627,2.0039055347442627
326,2288,,,,,,,2.0039055347442627,2.0039055347442627,,
326,2288,1.276668667793274,1.2771718502044678,,1.276668667793274,,,,,,
327,2289,,,1.5146334171295166,,1.514129877090454,1.514129877090454,,,,
327,2290,,,1.7510076761245728,,1.7505040168762207,1.7505040168762207,,,,
327,2291,,,1.010624885559082,,1.0101211071014404,1.0101211071014404,,,,
327,2292,,,1.3850986957550049,,1.3845949172973633,1.3845949172973633,,,,
327,2293,,,0.9601327776908875,,0.9596288800239563,0.9596288800239563,,,,
327,2294,,,1.254005789756775,,1.2535018920898438,1.2535018920898438,,,,
327,2295,,,0.5835612416267395,,0.5830572247505188,0.5830572247505188,,,,
,327,,,,,,,,,1.9725282192230225,1.9725282192230225
327,2295,,,,,,,1.9725282192230225,1.9725282192230225,,
327,2295,1.2691965103149414,1.2697001695632935,,1.2691965103149414,,,,,,
328,2296,,,0.9050484895706177,,0.9045444130897522,0.9045444130897522,,,,
328,2297,,,1.4470216035842896,,1.4465174674987793,1.4465174674987793,,,,
328,2298,,,1.227678894996643,,1.2271746397018433,1.2271746397018433,,,,
328,2299,,,1.597119688987732,,1.5966154336929321,1.5966154336929321,,,,
328,2300,,,1.2083375453948975,,1.207833170890808,1.207833170890808,,,,
328,2301,,,1.272857427597046,,1.2723530530929565,1.2723530530929565,,,,
328,2302,,,1.0684531927108765,,1.0679486989974976,1.0679486989974976,,,,
,328,,,,,,,,,1.9667595624923706,1.9667595624923706
328,2302,,,,,,,1.9667595624923706,1.9667595624923706,,
328,2302,1.26361083984375,1.2641150951385498,,1.26361083984375,,,,,,
329,2303,,,1.2426005601882935,,1.2420960664749146,1.2420960664749146,,,,
329,2304,,,1.5644272565841675,,1.563922643661499,1.563922643661499,,,,
329,2305,,,1.536543607711792,,1.536038875579834,1.536038875579834,,,,
329,2306,,,1.7574042081832886,,1.7568994760513306,1.7568994760513306,,,,
329,2307,,,0.7951198816299438,,0.7946150302886963,0.7946150302886963,,,,
329,2308,,,0.8619599342346191,,0.8614550232887268,0.8614550232887268,,,,
329,2309,,,0.7011704444885254,,0.7006654739379883,0.7006654739379883,,,,
,329,,,,,,,,,1.9777476787567139,1.9777476787567139
329,2309,,,,,,,1.9777476787567139,1.9777476787567139,,
329,2309,1.2576904296875,1.258195161819458,,1.2576904296875,,,,,,
330,2310,,,0.9350747466087341,,0.9345697164535522,0.9345697164535522,,,,
330,2311,,,1.4268053770065308,,1.426300287246704,1.426300287246704,,,,
330,2312,,,1.4377232789993286,,1.4372180700302124,1.4372180700302124,,,,
330,2313,,,1.1416821479797363,,1.1411769390106201,1.1411769390106201,,,,
330,2314,,,0.8874894380569458,,0.8869841694831848,0.8869841694831848,,,,
330,2315,,,1.2005939483642578,,1.200088620185852,1.200088620185852,,,,
330,2316,,,2.5255062580108643,,2.525000810623169,2.525000810623169,,,,
,330,,,,,,,,,1.9981615543365479,1.9981615543365479
330,2316,,,,,,,1.9981615543365479,1.9981615543365479,,
330,2316,1.2507001161575317,1.251205325126648,,1.2507001161575317,,,,,,
331,2317,,,1.0485377311706543,,1.048032283782959,1.048032283782959,,,,
331,2318,,,1.2144979238510132,,1.2139923572540283,1.2139923572540283,,,,
331,2319,,,1.534985899925232,,1.534480333328247,1.534480333328247,,,,
331,2320,,,1.42952299118042,,1.4290173053741455,1.4290173053741455,,,,
331,2321,,,1.2025142908096313,,1.2020084857940674,1.2020084857940674,,,,
331,2322,,,0.9362395405769348,,0.9357336759567261,0.9357336759567261,,,,
331,2323,,,1.5257012844085693,,1.5251953601837158,1.5251953601837158,,,,
,331,,,,,,,,,2.0354082584381104,2.0354082584381104
331,2323,,,,,,,2.0354082584381104,2.0354082584381104,,
331,2323,1.2447391748428345,1.2452449798583984,,1.2447391748428345,,,,,,
332,2324,,,0.6207481622695923,,0.620242178440094,0.620242178440094,,,,
332,2325,,,1.0854387283325195,,1.0849326848983765,1.0849326848983765,,,,
332,2326,,,1.7792704105377197,,1.778764247894287,1.778764247894287,,,,
332,2327,,,1.287890076637268,,1.2873839139938354,1.2873839139938354,,,,
332,2328,,,1.0678260326385498,,1.0673197507858276,1.0673197507858276,,,,
332,2329,,,1.5810929536819458,,1.5805866718292236,1.5805866718292236,,,,
332,2330,,,1.2756046056747437,,1.275098204612732,1.275098204612732,,,,
,332,,,,,,,,,2.035255193710327,2.035255193710327
332,2330,,,,,,,2.035255193710327,2.035255193710327,,
332,2330,1.2388064861297607,1.2393125295639038,,1.2388064861297607,,,,,,
333,2331,,,0.9641159176826477,,0.9636094570159912,0.9636094570159912,,,,
333,2332,,,1.2663109302520752,,1.265804409980774,1.265804409980774,,,,
333,2333,,,1.2487393617630005,,1.2482327222824097,1.2482327222824097,,,,
333,2334,,,1.4216039180755615,,1.4210972785949707,1.4210972785949707,,,,
333,2335,,,1.5820764303207397,,1.5815696716308594,1.5815696716308594,,,,
333,2336,,,0.9386451244354248,,0.9381383061408997,0.9381383061408997,,,,
333,2337,,,1.1995540857315063,,1.1990472078323364,1.1990472078323364,,,,
,333,,,,,,,,,2.0053443908691406,2.0053443908691406
333,2337,,,,,,,2.0053443908691406,2.0053443908691406,,
333,2337,1.2342109680175781,1.234717607498169,,1.2342109680175781,,,,,,
334,2338,,,1.4848859310150146,,1.4843789339065552,1.4843789339065552,,,,
334,2339,,,1.0418440103530884,,1.041337013244629,1.041337013244629,,,,
334,2340,,,1.0464426279067993,,1.0459355115890503,1.0459355115890503,,,,
334,2341,,,1.127835750579834,,1.1273285150527954,1.1273285150527954,,,,
334,2342,,,1.3286452293395996,,1.328137993812561,1.328137993812561,,,,
334,2343,,,1.25472092628479,,1.254213571548462,1.254213571548462,,,,
334,2344,,,1.4606176614761353,,1.4601103067398071,1.4601103067398071,,,,
,334,,,,,,,,,1.9615387916564941,1.9615387916564941
334,2344,,,,,,,1.9615389108657837,1.9615389108657837,,
334,2344,1.2280584573745728,1.2285655736923218,,1.2280584573745728,,,,,,
335,2345,,,1.03214430809021,,1.0316368341445923,1.0316368341445923,,,,
335,2346,,,1.0434311628341675,,1.0429235696792603,1.0429235696792603,,,,
335,2347,,,1.4479988813400269,,1.4474912881851196,1.4474912881851196,,,,
335,2348,,,1.2621691226959229,,1.261661410331726,1.261661410331726,,,,
335,2349,,,1.5109715461730957,,1.510463833808899,1.510463833808899,,,,
335,2350,,,1.218989372253418,,1.2184815406799316,1.2184815406799316,,,,
335,2351,,,0.7392633557319641,,0.738755464553833,0.738755464553833,,,,
,335,,,,,,,,,1.9081865549087524,1.9081865549087524
335,2351,,,,,,,1.9081865549087524,1.9081865549087524,,
335,2351,1.2219125032424927,1.2224200963974,,1.2219125032424927,,,,,,
336,2352,,,0.8419251441955566,,0.8414171934127808,0.8414171934127808,,,,
336,2353,,,0.8456647992134094,,0.8451567888259888,0.8451567888259888,,,,
336,2354,,,0.9922870993614197,,0.9917790293693542,0.9917790293693542,,,,
336,2355,,,1.3193789720535278,,1.3188707828521729,1.3188707828521729,,,,
336,2356,,,1.5124597549438477,,1.5119515657424927,1.5119515657424927,,,,
336,2357,,,1.7689268589019775,,1.768418550491333,1.768418550491333,,,,
336,2358,,,1.2861144542694092,,1.2856061458587646,1.2856061458587646,,,,
,336,,,,,,,,,1.8526116609573364,1.8526116609573364
336,2358,,,,,,,1.8526116609573364,1.8526116609573364,,
336,2358,1.2172071933746338,1.2177153825759888,,1.2172071933746338,,,,,,
337,2359,,,1.838477373123169,,1.8379689455032349,1.8379689455032349,,,,
337,2360,,,1.2474561929702759,,1.2469476461410522,1.2469476461410522,,,,
337,2361,,,0.5541382431983948,,0.5536296367645264,0.5536296367645264,,,,
337,2362,,,1.4479705095291138,,1.4474618434906006,1.4474618434906006,,,,
337,2363,,,1.0704805850982666,,1.0699719190597534,1.0699719190597534,,,,
337,2364,,,1.0902358293533325,,1.0897270441055298,1.0897270441055298,,,,
337,2365,,,1.263909935951233,,1.2634010314941406,1.2634010314941406,,,,
,337,,,,,,,,,1.8492119312286377,1.8492119312286377
337,2365,,,,,,,1.8492119312286377,1.8492119312286377,,
337,2365,1.2108992338180542,1.2114077806472778,,1.2108992338180542,,,,,,
338,2366,,,1.2460066080093384,,1.245497703552246,1.245497703552246,,,,
338,2367,,,1.1453431844711304,,1.1448341608047485,1.1448341608047485,,,,
338,2368,,,0.7502406239509583,,0.7497315406799316,0.7497315406799316,,,,
338,2369,,,1.2894304990768433,,1.2889213562011719,1.2889213562011719,,,,
338,2370,,,1.3092576265335083,,1.308748483657837,1.308748483657837,,,,
338,2371,,,1.384894847869873,,1.384385585784912,1.384385585784912,,,,
338,2372,,,1.4913021326065063,,1.4907927513122559,1.4907927513122559,,,,
,338,,,,,,,,,1.8659793138504028,1.8659793138504028
338,2372,,,,,,,1.8659793138504028,1.8659793138504028,,
338,2372,1.2048887014389038,1.2053978443145752,,1.2048887014389038,,,,,,
339,2373,,,1.0832184553146362,,1.0827090740203857,1.0827090740203857,,,,
339,2374,,,0.983984649181366,,0.9834751486778259,0.9834751486778259,,,,
339,2375,,,1.519208312034607,,1.518698811531067,1.518698811531067,,,,
339,2376,,,0.9584727883338928,,0.9579631686210632,0.9579631686210632,,,,
339,2377,,,0.8079707026481628,,0.8074610233306885,0.8074610233306885,,,,
339,2378,,,1.5393812656402588,,1.5388715267181396,1.5388715267181396,,,,
339,2379,,,2.013474225997925,,2.0129644870758057,2.0129644870758057,,,,
,339,,,,,,,,,1.8840667009353638,1.8840667009353638
339,2379,,,,,,,1.8840667009353638,1.8840667009353638,,
339,2379,1.1990652084350586,1.199574589729309,,1.1990652084350586,,,,,,
340,2380,,,1.373840093612671,,1.3733302354812622,1.3733302354812622,,,,
340,2381,,,1.039995551109314,,1.0394856929779053,1.0394856929779053,,,,
340,2382,,,1.030458927154541,,1.0299489498138428,1.0299489498138428,,,,
340,2383,,,1.7486050128936768,,1.748094916343689,1.748094916343689,,,,
340,2384,,,1.3318841457366943,,1.3313740491867065,1.3313740491867065,,,,
340,2385,,,0.8179391622543335,,0.8174290060997009,0.8174290060997009,,,,
340,2386,,,0.7152279019355774,,0.7147176861763,0.7147176861763,,,,
,340,,,,,,,,,1.8734196424484253,1.8734196424484253
340,2386,,,,,,,1.8734196424484253,1.8734196424484253,,
340,2386,1.1933618783950806,1.1938719749450684,,1.1933618783950806,,,,,,
341,2387,,,0.7608902454376221,,0.7603799700737,0.7603799700737,,,,
341,2388,,,1.4325121641159058,,1.4320018291473389,1.4320018291473389,,,,
341,2389,,,1.4451258182525635,,1.444615364074707,1.444615364074707,,,,
341,2390,,,1.6938267946243286,,1.6933163404464722,1.6933163404464722,,,,
341,2391,,,1.0777873992919922,,1.0772768259048462,1.0772768259048462,,,,
341,2392,,,0.8415982723236084,,0.8410876989364624,0.8410876989364624,,,,
341,2393,,,0.8545845746994019,,0.8540739417076111,0.8540739417076111,,,,
,341,,,,,,,,,1.877381682395935,1.877381682395935
341,2393,,,,,,,1.877381682395935,1.877381682395935,,
341,2393,1.1872872114181519,1.1877976655960083,,1.1872872114181519,,,,,,
342,2394,,,1.4433062076568604,,1.4427955150604248,1.4427955150604248,,,,
342,2395,,,0.9292909502983093,,0.9287801384925842,0.9287801384925842,,,,
342,2396,,,1.0435792207717896,,1.0430684089660645,1.0430684089660645,,,,
342,2397,,,1.6362415552139282,,1.6357306241989136,1.6357306241989136,,,,
342,2398,,,0.8366997241973877,,0.8361887335777283,0.8361887335777283,,,,
342,2399,,,1.3211768865585327,,1.3206658363342285,1.3206658363342285,,,,
342,2400,,,0.8503177165985107,,0.8498066067695618,0.8498066067695618,,,,
,342,,,,,,,,,1.8629544973373413,1.8629544973373413
342,2400,,,,,,,1.8629544973373413,1.8629544973373413,,
342,2400,1.1805343627929688,1.1810451745986938,,1.1805343627929688,,,,,,
343,2401,,,0.8549435138702393,,0.8544323444366455,0.8544323444366455,,,,
343,2402,,,1.2588298320770264,,1.258318543434143,1.258318543434143,,,,
343,2403,,,1.3433479070663452,,1.342836618423462,1.342836618423462,,,,
343,2404,,,1.2895524501800537,,1.2890410423278809,1.2890410423278809,,,,
343,2405,,,1.3884493112564087,,1.3879379034042358,1.3879379034042358,,,,
343,2406,,,1.0241855382919312,,1.0236740112304688,1.0236740112304688,,,,
343,2407,,,0.8992071747779846,,0.8986955881118774,0.8986955881118774,,,,
,343,,,,,,,,,1.84470534324646,1.84470534324646
343,2407,,,,,,,1.84470534324646,1.84470534324646,,
343,2407,1.1754120588302612,1.1759233474731445,,1.1754120588302612,,,,,,
344,2408,,,1.6738393306732178,,1.6733276844024658,1.6733276844024658,,,,
344,2409,,,0.9053677916526794,,0.9048560261726379,0.9048560261726379,,,,
344,2410,,,0.8553027510643005,,0.8547909259796143,0.8547909259796143,,,,
344,2411,,,1.300783634185791,,1.30027174949646,1.30027174949646,,,,
344,2412,,,0.8905186653137207,,0.8900067210197449,0.8900067210197449,,,,
344,2413,,,1.3856347799301147,,1.3851227760314941,1.3851227760314941,,,,
344,2414,,,1.1974157094955444,,1.1969035863876343,1.1969035863876343,,,,
,344,,,,,,,,,1.8311123847961426,1.8311123847961426
344,2414,,,,,,,1.8311125040054321,1.8311125040054321,,
344,2414,1.1697591543197632,1.1702710390090942,,1.1697591543197632,,,,,,
345,2415,,,1.1488704681396484,,1.1483583450317383,1.1483583450317383,,,,
345,2416,,,1.1672996282577515,,1.1667873859405518,1.1667873859405518,,,,
345,2417,,,1.0615825653076172,,1.0610703229904175,1.0610703229904175,,,,
345,2418,,,0.6802745461463928,,0.6797621846199036,0.6797621846199036,,,,
345,2419,,,1.260980486869812,,1.2604681253433228,1.2604681253433228,,,,
345,2420,,,1.8480122089385986,,1.8474997282028198,1.8474997282028198,,,,
345,2421,,,0.6935546398162842,,0.6930420994758606,0.6930420994758606,,,,
,345,,,,,,,,,1.8115965127944946,1.8115965127944946
345,2421,,,,,,,1.8115965127944946,1.8115965127944946,,
345,2421,1.1645233631134033,1.1650357246398926,,1.1645233631134033,,,,,,
346,2422,,,0.9788846969604492,,0.9783720970153809,0.9783720970153809,,,,
346,2423,,,1.4424819946289062,,1.441969394683838,1.441969394683838,,,,
346,2424,,,1.0279277563095093,,1.0274150371551514,1.0274150371551514,,,,
346,2425,,,1.118476152420044,,1.1179633140563965,1.1179633140563965,,,,
346,2426,,,1.2972183227539062,,1.2967054843902588,1.2967054843902588,,,,
346,2427,,,1.3604979515075684,,1.3599849939346313,1.3599849939346313,,,,
346,2428,,,0.4422791302204132,,0.4417661428451538,0.4417661428451538,,,,
,346,,,,,,,,,1.791399359703064,1.791399359703064
346,2428,,,,,,,1.791399359703064,1.791399359703064,,
346,2428,1.158913254737854,1.1594260931015015,,1.158913254737854,,,,,,
347,2429,,,1.0779045820236206,,1.077391505241394,1.077391505241394,,,,
347,2430,,,0.729923665523529,,0.7294105887413025,0.7294105887413025,,,,
347,2431,,,0.8478756546974182,,0.8473625183105469,0.8473625183105469,,,,
347,2432,,,1.916499137878418,,1.9159859418869019,1.9159859418869019,,,,
347,2433,,,1.533705234527588,,1.5331919193267822,1.5331919193267822,,,,
347,2434,,,0.646718442440033,,0.6462051272392273,0.6462051272392273,,,,
347,2435,,,1.6025424003601074,,1.6020289659500122,1.6020289659500122,,,,
,347,,,,,,,,,1.7867240905761719,1.7867240905761719
347,2435,,,,,,,1.7867240905761719,1.7867240905761719,,
347,2435,1.1529895067214966,1.1535027027130127,,1.1529895067214966,,,,,,
348,2436,,,0.8972084522247314,,0.8966949582099915,0.8966949582099915,,,,
348,2437,,,0.6263071298599243,,0.6257935762405396,0.6257935762405396,,,,
348,2438,,,1.5379630327224731,,1.5374494791030884,1.5374494791030884,,,,
348,2439,,,1.3375539779663086,,1.3370403051376343,1.3370403051376343,,,,
348,2440,,,0.8999283909797668,,0.8994146585464478,0.8994146585464478,,,,
348,2441,,,1.7635083198547363,,1.7629945278167725,1.7629945278167725,,,,
348,2442,,,0.6613046526908875,,0.6607908010482788,0.6607908010482788,,,,
,348,,,,,,,,,1.7631281614303589,1.7631281614303589
348,2442,,,,,,,1.7631281614303589,1.7631281614303589,,
348,2442,1.146224856376648,1.1467386484146118,,1.146224856376648,,,,,,
349,2443,,,1.1790322065353394,,1.178518295288086,1.178518295288086,,,,
349,2444,,,1.48104727268219,,1.480533242225647,1.480533242225647,,,,
349,2445,,,1.3445438146591187,,1.3440297842025757,1.3440297842025757,,,,
349,2446,,,0.6913723945617676,,0.6908583045005798,0.6908583045005798,,,,
349,2447,,,0.9951403141021729,,0.9946261644363403,0.9946261644363403,,,,
349,2448,,,0.9008150696754456,,0.9003008008003235,0.9003008008003235,,,,
349,2449,,,1.8063479661941528,,1.8058336973190308,1.8058336973190308,,,,
,349,,,,,,,,,1.760574221611023,1.760574221611023
349,2449,,,,,,,1.760574221611023,1.760574221611023,,
349,2449,1.1397732496261597,1.1402873992919922,,1.1397732496261597,,,,,,
350,2450,,,1.062444806098938,,1.0619304180145264,1.0619304180145264,,,,
350,2451,,,0.9533632397651672,,0.9528487920761108,0.9528487920761108,,,,
350,2452,,,1.0910528898239136,,1.0905383825302124,1.0905383825302124,,,,
350,2453,,,1.432700514793396,,1.4321858882904053,1.4321858882904053,,,,
350,2454,,,1.2748901844024658,,1.274375557899475,1.274375557899475,,,,
350,2455,,,1.1672574281692505,,1.1667426824569702,1.1667426824569702,,,,
350,2456,,,0.6680727601051331,,0.667557954788208,0.667557954788208,,,,
,350,,,,,,,,,1.7663747072219849,1.7663747072219849
350,2456,,,,,,,1.7663747072219849,1.7663747072219849,,
350,2456,1.1339538097381592,1.1344685554504395,,1.1339538097381592,,,,,,
351,2457,,,0.8097723126411438,,0.809257447719574,0.809257447719574,,,,
351,2458,,,0.6499425768852234,,0.6494276523590088,0.6494276523590088,,,,
351,2459,,,1.3112058639526367,,1.3106908798217773,1.3106908798217773,,,,
351,2460,,,1.5797646045684814,,1.5792495012283325,1.5792495012283325,,,,
351,2461,,,0.775834321975708,,0.7753191590309143,0.7753191590309143,,,,
351,2462,,,1.6165345907211304,,1.616019368171692,1.616019368171692,,,,
351,2463,,,1.2175037860870361,,1.2169885635375977,1.2169885635375977,,,,
,351,,,,,,,,,1.750785231590271,1.750785231590271
351,2463,,,,,,,1.750785231590271,1.750785231590271,,
351,2463,1.1288368701934814,1.1293518543243408,,1.1288368701934814,,,,,,
352,2464,,,0.8562845587730408,,0.8557692170143127,0.8557692170143127,,,,
352,2465,,,1.7683451175689697,,1.7678297758102417,1.7678297758102417,,,,
352,2466,,,0.9592819213867188,,0.9587664604187012,0.9587664604187012,,,,
352,2467,,,0.7590606808662415,,0.7585451602935791,0.7585451602935791,,,,
352,2468,,,1.264420986175537,,1.26390540599823,1.26390540599823,,,,
352,2469,,,0.7329970002174377,,0.7324813604354858,0.7324813604354858,,,,
352,2470,,,2.2107856273651123,,2.2102699279785156,2.2102699279785156,,,,
,352,,,,,,,,,1.7432736158370972,1.7432736158370972
352,2470,,,,,,,1.7432736158370972,1.7432736158370972,,
352,2470,1.1241018772125244,1.1246172189712524,,1.1241018772125244,,,,,,
353,2471,,,1.9621503353118896,,1.9616345167160034,1.9616345167160034,,,,
353,2472,,,0.890125036239624,,0.889609158039093,0.889609158039093,,,,
353,2473,,,1.1371030807495117,,1.136587142944336,1.136587142944336,,,,
353,2474,,,0.8429122567176819,,0.8423962593078613,0.8423962593078613,,,,
353,2475,,,1.1414854526519775,,1.1409693956375122,1.1409693956375122,,,,
353,2476,,,1.0020813941955566,,1.0015653371810913,1.0015653371810913,,,,
353,2477,,,0.4243152141571045,,0.4237990379333496,0.4237990379333496,,,,
,353,,,,,,,,,1.7227028608322144,1.7227028608322144
353,2477,,,,,,,1.7227028608322144,1.7227028608322144,,
353,2477,1.118695855140686,1.1192117929458618,,1.118695855140686,,,,,,
354,2478,,,1.0409979820251465,,1.0404818058013916,1.0404818058013916,,,,
354,2479,,,1.0284574031829834,,1.027941107749939,1.027941107749939,,,,
354,2480,,,1.3561038970947266,,1.3555876016616821,1.3555876016616821,,,,
354,2481,,,1.146871566772461,,1.146355152130127,1.146355152130127,,,,
354,2482,,,1.2270104885101318,,1.2264940738677979,1.2264940738677979,,,,
354,2483,,,0.797821044921875,,0.7973045110702515,0.7973045110702515,,,,
354,2484,,,1.3479995727539062,,1.3474830389022827,1.3474830389022827,,,,
,354,,,,,,,,,1.7231535911560059,1.7231535911560059
354,2484,,,,,,,1.7231534719467163,1.7231534719467163,,
354,2484,1.1136424541473389,1.1141587495803833,,1.1136424541473389,,,,,,
355,2485,,,1.3571311235427856,,1.3566144704818726,1.3566144704818726,,,,
355,2486,,,1.4892364740371704,,1.4887197017669678,1.4887197017669678,,,,
355,2487,,,0.8547355532646179,,0.8542187213897705,0.8542187213897705,,,,
355,2488,,,1.1602884531021118,,1.1597715616226196,1.1597715616226196,,,,
355,2489,,,0.7960631251335144,,0.7955461740493774,0.7955461740493774,,,,
355,2490,,,0.7744755744934082,,0.7739585638046265,0.7739585638046265,,,,
355,2491,,,1.6984490156173706,,1.6979320049285889,1.6979320049285889,,,,
,355,,,,,,,,,1.6918648481369019,1.6918648481369019
355,2491,,,,,,,1.6918648481369019,1.6918648481369019,,
355,2491,1.1083221435546875,1.1088390350341797,,1.1083221435546875,,,,,,
356,2492,,,0.6783373355865479,,0.6778202056884766,0.6778202056884766,,,,
356,2493,,,1.3252824544906616,,1.3247653245925903,1.3247653245925903,,,,
356,2494,,,1.0480334758758545,,1.0475162267684937,1.0475162267684937,,,,
356,2495,,,1.0490423440933228,,1.048525094985962,1.048525094985962,,,,
356,2496,,,1.0201380252838135,,1.019620656967163,1.019620656967163,,,,
356,2497,,,1.7167222499847412,,1.7162048816680908,1.7162048816680908,,,,
356,2498,,,0.5320847630500793,,0.5315672755241394,0.5315672755241394,,,,
,356,,,,,,,,,1.665543556213379,1.665543556213379
356,2498,,,,,,,1.665543556213379,1.665543556213379,,
356,2498,1.103339672088623,1.1038568019866943,,1.103339672088623,,,,,,
357,2499,,,0.9579764604568481,,0.9574589133262634,0.9574589133262634,,,,
357,2500,,,1.1517415046691895,,1.15122389793396,1.15122389793396,,,,
357,2501,,,1.26610267162323,,1.2655850648880005,1.2655850648880005,,,,
357,2502,,,1.1790828704833984,,1.1785651445388794,1.1785651445388794,,,,
357,2503,,,1.0490738153457642,,1.0485559701919556,1.0485559701919556,,,,
357,2504,,,1.234340786933899,,1.2338229417800903,1.2338229417800903,,,,
357,2505,,,0.44043073058128357,,0.4399128258228302,0.4399128258228302,,,,
,357,,,,,,,,,1.654735803604126,1.654735803604126
357,2505,,,,,,,1.654735803604126,1.654735803604126,,
357,2505,1.098067283630371,1.0985850095748901,,1.098067283630371,,,,,,
358,2506,,,0.8660627603530884,,0.8655447959899902,0.8655447959899902,,,,
358,2507,,,1.119970440864563,,1.1194524765014648,1.1194524765014648,,,,
358,2508,,,0.8923722505569458,,0.8918541669845581,0.8918541669845581,,,,
358,2509,,,1.159766435623169,,1.1592483520507812,1.1592483520507812,,,,
358,2510,,,0.6397032737731934,,0.6391850709915161,0.6391850709915161,,,,
358,2511,,,1.7681920528411865,,1.7676738500595093,1.7676738500595093,,,,
358,2512,,,1.3519192934036255,,1.3514009714126587,1.3514009714126587,,,,
,358,,,,,,,,,1.6560943126678467,1.6560943126678467
358,2512,,,,,,,1.6560943126678467,1.6560943126678467,,
358,2512,1.0901544094085693,1.090672492980957,,1.0901544094085693,,,,,,
359,2513,,,1.3617693185806274,,1.3612509965896606,1.3612509965896606,,,,
359,2514,,,0.6975501179695129,,0.6970316767692566,0.6970316767692566,,,,
359,2515,,,1.0873820781707764,,1.08686363697052,1.08686363697052,,,,
359,2516,,,0.9481955766677856,,0.9476770162582397,0.9476770162582397,,,,
359,2517,,,1.3343150615692139,,1.3337963819503784,1.3337963819503784,,,,
359,2518,,,1.235774278640747,,1.2352555990219116,1.2352555990219116,,,,
359,2519,,,0.5996186137199402,,0.59909987449646,0.59909987449646,,,,
,359,,,,,,,,,1.6623210906982422,1.6623210906982422
359,2519,,,,,,,1.6623210906982422,1.6623210906982422,,
359,2519,1.0802412033081055,1.0807597637176514,,1.0802412033081055,,,,,,
360,2520,,,0.7824265956878662,,0.7819077968597412,0.7819077968597412,,,,
360,2521,,,1.3120301961898804,,1.3115112781524658,1.3115112781524658,,,,
360,2522,,,0.8065702319145203,,0.8060512542724609,0.8060512542724609,,,,
360,2523,,,1.3275872468948364,,1.3270682096481323,1.3270682096481323,,,,
360,2524,,,0.7624343633651733,,0.7619152665138245,0.7619152665138245,,,,
360,2525,,,1.5873401165008545,,1.5868209600448608,1.5868209600448608,,,,
360,2526,,,0.7067669630050659,,0.7062477469444275,0.7062477469444275,,,,
,360,,,,,,,,,1.6370247602462769,1.6370247602462769
360,2526,,,,,,,1.6370247602462769,1.6370247602462769,,
360,2526,1.0729596614837646,1.0734786987304688,,1.0729596614837646,,,,,,
361,2527,,,0.9949697256088257,,0.9944504499435425,0.9944504499435425,,,,
361,2528,,,0.677791178226471,,0.677271842956543,0.677271842956543,,,,
361,2529,,,1.2325035333633423,,1.2319841384887695,1.2319841384887695,,,,
361,2530,,,1.4247392416000366,,1.4242197275161743,1.4242197275161743,,,,
361,2531,,,1.1822324991226196,,1.1817129850387573,1.1817129850387573,,,,
361,2532,,,1.0569833517074585,,1.0564637184143066,1.0564637184143066,,,,
361,2533,,,0.6465986967086792,,0.6460790038108826,0.6460790038108826,,,,
,361,,,,,,,,,1.6297742128372192,1.6297742128372192
361,2533,,,,,,,1.6297742128372192,1.6297742128372192,,
361,2533,1.0679816007614136,1.0685009956359863,,1.0679816007614136,,,,,,
362,2534,,,1.1979219913482666,,1.1974022388458252,1.1974022388458252,,,,
362,2535,,,1.4103801250457764,,1.409860372543335,1.409860372543335,,,,
362,2536,,,0.6360329389572144,,0.6355131268501282,0.6355131268501282,,,,
362,2537,,,0.8507344722747803,,0.8502146005630493,0.8502146005630493,,,,
362,2538,,,1.001264214515686,,1.0007442235946655,1.0007442235946655,,,,
362,2539,,,1.1652942895889282,,1.1647742986679077,1.1647742986679077,,,,
362,2540,,,1.381062626838684,,1.380542516708374,1.380542516708374,,,,
,362,,,,,,,,,1.6353840827941895,1.6353840827941895
362,2540,,,,,,,1.635384202003479,1.635384202003479,,
362,2540,1.0629353523254395,1.0634552240371704,,1.0629353523254395,,,,,,
363,2541,,,1.3750091791152954,,1.3744890689849854,1.3744890689849854,,,,
363,2542,,,0.6002389192581177,,0.5997186899185181,0.5997186899185181,,,,
363,2543,,,0.7711182832717896,,0.7705979943275452,0.7705979943275452,,,,
363,2544,,,1.2958124876022339,,1.2952921390533447,1.2952921390533447,,,,
363,2545,,,0.7400658130645752,,0.7395454049110413,0.7395454049110413,,,,
363,2546,,,1.647002100944519,,1.6464816331863403,1.6464816331863403,,,,
363,2547,,,0.8477189540863037,,0.8471984267234802,0.8471984267234802,,,,
,363,,,,,,,,,1.6256954669952393,1.6256954669952393
363,2547,,,,,,,1.6256954669952393,1.6256954669952393,,
363,2547,1.0578547716140747,1.0583751201629639,,1.0578547716140747,,,,,,
364,2548,,,0.7827304601669312,,0.7822098731994629,0.7822098731994629,,,,
364,2549,,,0.7989148497581482,,0.7983942031860352,0.7983942031860352,,,,
364,2550,,,0.8300809860229492,,0.8295602798461914,0.8295602798461914,,,,
364,2551,,,0.9831949472427368,,0.9826741814613342,0.9826741814613342,,,,
364,2552,,,2.108206272125244,,2.1076853275299072,2.1076853275299072,,,,
364,2553,,,0.8205121755599976,,0.8199912905693054,0.8199912905693054,,,,
364,2554,,,1.0475211143493652,,1.0470001697540283,1.0470001697540283,,,,
,364,,,,,,,,,1.5946617126464844,1.5946617126464844
364,2554,,,,,,,1.5946617126464844,1.5946617126464844,,
364,2554,1.0530414581298828,1.0535624027252197,,1.0530414581298828,,,,,,
365,2555,,,0.8067452907562256,,0.8062242269515991,0.8062242269515991,,,,
365,2556,,,1.4787812232971191,,1.4782601594924927,1.4782601594924927,,,,
365,2557,,,0.5517899394035339,,0.5512687563896179,0.5512687563896179,,,,
365,2558,,,1.6945351362228394,,1.6940139532089233,1.6940139532089233,,,,
365,2559,,,0.6456462740898132,,0.6451249718666077,0.6451249718666077,,,,
365,2560,,,0.9809614419937134,,0.980440080165863,0.980440080165863,,,,
365,2561,,,1.400422215461731,,1.3999007940292358,1.3999007940292358,,,,
,365,,,,,,,,,1.5810800790786743,1.5810800790786743
365,2561,,,,,,,1.5810800790786743,1.5810800790786743,,
365,2561,1.0478893518447876,1.0484106540679932,,1.0478893518447876,,,,,,
366,2562,,,1.3309332132339478,,1.330411672592163,1.330411672592163,,,,
366,2563,,,0.8336975574493408,,0.8331759572029114,0.8331759572029114,,,,
366,2564,,,1.6032615900039673,,1.602739930152893,1.602739930152893,,,,
366,2565,,,0.8208885192871094,,0.8203667998313904,0.8203667998313904,,,,
366,2566,,,1.163601040840149,,1.1630792617797852,1.1630792617797852,,,,
366,2567,,,0.7307114005088806,,0.7301895618438721,0.7301895618438721,,,,
366,2568,,,0.4494612216949463,,0.44893932342529297,0.44893932342529297,,,,
,366,,,,,,,,,1.5490968227386475,1.5490968227386475
366,2568,,,,,,,1.5490968227386475,1.5490968227386475,,
366,2568,1.0428730249404907,1.043394684791565,,1.0428730249404907,,,,,,
367,2569,,,1.3392329216003418,,1.338710904121399,1.338710904121399,,,,
367,2570,,,1.1579245328903198,,1.157402515411377,1.157402515411377,,,,
367,2571,,,0.6236714720726013,,0.6231493949890137,0.6231493949890137,,,,
367,2572,,,0.8665249347686768,,0.8660027980804443,0.8660027980804443,,,,
367,2573,,,1.523434042930603,,1.522911787033081,1.522911787033081,,,,
367,2574,,,0.7685338258743286,,0.7680115699768066,0.7680115699768066,,,,
367,2575,,,0.9031820893287659,,0.9026597142219543,0.9026597142219543,,,,
,367,,,,,,,,,1.5195585489273071,1.5195585489273071
367,2575,,,,,,,1.5195585489273071,1.5195585489273071,,
367,2575,1.0375977754592896,1.038119912147522,,1.0375977754592896,,,,,,
368,2576,,,1.0462543964385986,,1.045732021331787,1.045732021331787,,,,
368,2577,,,0.6271234154701233,,0.6266009211540222,0.6266009211540222,,,,
368,2578,,,1.3349641561508179,,1.3344416618347168,1.3344416618347168,,,,
368,2579,,,1.5296943187713623,,1.5291717052459717,1.5291717052459717,,,,
368,2580,,,0.6353825330734253,,0.6348598599433899,0.6348598599433899,,,,
368,2581,,,0.7155768275260925,,0.7150540947914124,0.7150540947914124,,,,
368,2582,,,1.8334026336669922,,1.8328797817230225,1.8328797817230225,,,,
,368,,,,,,,,,1.5096688270568848,1.5096688270568848
368,2582,,,,,,,1.5096689462661743,1.5096689462661743,,
368,2582,1.0310887098312378,1.0316113233566284,,1.0310887098312378,,,,,,
369,2583,,,1.1740421056747437,,1.173519253730774,1.173519253730774,,,,
369,2584,,,0.5934809446334839,,0.5929580330848694,0.5929580330848694,,,,
369,2585,,,0.9058441519737244,,0.9053211808204651,0.9053211808204651,,,,
369,2586,,,1.1977009773254395,,1.1971778869628906,1.1971778869628906,,,,
369,2587,,,1.642616868019104,,1.6420937776565552,1.6420937776565552,,,,
369,2588,,,0.7847058773040771,,0.7841826677322388,0.7841826677322388,,,,
369,2589,,,0.6487953662872314,,0.6482720971107483,0.6482720971107483,,,,
,369,,,,,,,,,1.4959453344345093,1.4959453344345093
369,2589,,,,,,,1.4959453344345093,1.4959453344345093,,
369,2589,1.0256242752075195,1.0261473655700684,,1.0256242752075195,,,,,,
370,2590,,,0.9931150674819946,,0.9925917387008667,0.9925917387008667,,,,
370,2591,,,1.4697145223617554,,1.469191074371338,1.469191074371338,,,,
370,2592,,,0.9588343501091003,,0.9583108425140381,0.9583108425140381,,,,
370,2593,,,0.9696187973022461,,0.9690952897071838,0.9690952897071838,,,,
370,2594,,,1.1233633756637573,,1.1228398084640503,1.1228398084640503,,,,
370,2595,,,0.7475945353507996,,0.747070848941803,0.747070848941803,,,,
370,2596,,,0.6441402435302734,,0.6436164975166321,0.6436164975166321,,,,
,370,,,,,,,,,1.4641764163970947,1.4641764163970947
370,2596,,,,,,,1.4641764163970947,1.4641764163970947,,
370,2596,1.0196794271469116,1.0202029943466187,,1.0196794271469116,,,,,,
371,2597,,,0.7095949053764343,,0.7090710997581482,0.7090710997581482,,,,
371,2598,,,0.841111958026886,,0.8405880928039551,0.8405880928039551,,,,
371,2599,,,1.5664169788360596,,1.5658930540084839,1.5658930540084839,,,,
371,2600,,,1.4887946844100952,,1.48827064037323,1.48827064037323,,,,
371,2601,,,0.7841048240661621,,0.7835807800292969,0.7835807800292969,,,,
371,2602,,,0.8686580657958984,,0.8681339025497437,0.8681339025497437,,,,
371,2603,,,0.578559935092926,,0.5780357718467712,0.5780357718467712,,,,
,371,,,,,,,,,1.4564366340637207,1.4564366340637207
371,2603,,,,,,,1.4564367532730103,1.4564367532730103,,
371,2603,1.0152629613876343,1.01578688621521,,1.0152629613876343,,,,,,
372,2604,,,0.968276858329773,,0.9677526354789734,0.9677526354789734,,,,
372,2605,,,1.0403344631195068,,1.0398101806640625,1.0398101806640625,,,,
372,2606,,,1.03615403175354,,1.0356296300888062,1.0356296300888062,,,,
372,2607,,,1.1062208414077759,,1.105696439743042,1.105696439743042,,,,
372,2608,,,0.7525250315666199,,0.7520005702972412,0.7520005702972412,,,,
372,2609,,,0.7521578073501587,,0.7516332864761353,0.7516332864761353,,,,
372,2610,,,2.0786280632019043,,2.078103542327881,2.078103542327881,,,,
,372,,,,,,,,,1.4659016132354736,1.4659016132354736
372,2610,,,,,,,1.4659016132354736,1.4659016132354736,,
372,2610,1.0089116096496582,1.009436011314392,,1.0089116096496582,,,,,,
373,2611,,,1.3902978897094727,,1.3897732496261597,1.3897732496261597,,,,
373,2612,,,1.185380458831787,,1.1848556995391846,1.1848556995391846,,,,
373,2613,,,1.1709978580474854,,1.1704730987548828,1.1704730987548828,,,,
373,2614,,,0.8080644011497498,,0.8075395226478577,0.8075395226478577,,,,
373,2615,,,0.9842501878738403,,0.9837252497673035,0.9837252497673035,,,,
373,2616,,,0.578800618648529,,0.5782756209373474,0.5782756209373474,,,,
373,2617,,,0.7470964193344116,,0.7465713620185852,0.7465713620185852,,,,
,373,,,,,,,,,1.4731836318969727,1.4731836318969727
373,2617,,,,,,,1.4731836318969727,1.4731836318969727,,
373,2617,1.0030755996704102,1.0036003589630127,,1.0030755996704102,,,,,,
374,2618,,,1.3594865798950195,,1.3589614629745483,1.3589614629745483,,,,
374,2619,,,0.819189727306366,,0.81866455078125,0.81866455078125,,,,
374,2620,,,0.7700675129890442,,0.7695422768592834,0.7695422768592834,,,,
374,2621,,,0.7365736365318298,,0.7360483407974243,0.7360483407974243,,,,
374,2622,,,0.9813225269317627,,0.9807971715927124,0.9807971715927124,,,,
374,2623,,,1.2427899837493896,,1.2422645092010498,1.2422645092010498,,,,
374,2624,,,1.2251150608062744,,1.2245895862579346,1.2245895862579346,,,,
,374,,,,,,,,,1.4630968570709229,1.4630968570709229
374,2624,,,,,,,1.4630968570709229,1.4630968570709229,,
374,2624,0.9985097050666809,0.999035120010376,,0.9985097050666809,,,,,,
375,2625,,,0.7109795808792114,,0.710453987121582,0.710453987121582,,,,
375,2626,,,1.2069051265716553,,1.2063795328140259,1.2063795328140259,,,,
375,2627,,,0.9213206768035889,,0.9207949638366699,0.9207949638366699,,,,
375,2628,,,1.122403860092163,,1.1218781471252441,1.1218781471252441,,,,
375,2629,,,0.7237007021903992,,0.7231748700141907,0.7231748700141907,,,,
375,2630,,,0.8716052770614624,,0.8710793852806091,0.8710793852806091,,,,
375,2631,,,2.0778117179870605,,2.0772857666015625,2.0772857666015625,,,,
,375,,,,,,,,,1.4390076398849487,1.4390076398849487
375,2631,,,,,,,1.4390076398849487,1.4390076398849487,,
375,2631,0.9933714866638184,0.9938972592353821,,0.9933714866638184,,,,,,
376,2632,,,1.611340045928955,,1.610814094543457,1.610814094543457,,,,
376,2633,,,0.8594420552253723,,0.8589159846305847,0.8589159846305847,,,,
376,2634,,,0.7117176651954651,,0.7111915349960327,0.7111915349960327,,,,
376,2635,,,0.6955152153968811,,0.694989025592804,0.694989025592804,,,,
376,2636,,,1.0020684003829956,,1.0015422105789185,1.0015422105789185,,,,
376,2637,,,1.114277720451355,,1.1137514114379883,1.1137514114379883,,,,
376,2638,,,0.8340716361999512,,0.8335452675819397,0.8335452675819397,,,,
,376,,,,,,,,,1.4092963933944702,1.4092963933944702
376,2638,,,,,,,1.4092963933944702,1.4092963933944702,,
376,2638,0.9888288378715515,0.9893549680709839,,0.9888288378715515,,,,,,
377,2639,,,1.008920431137085,,1.0083940029144287,1.0083940029144287,,,,
377,2640,,,0.7821927666664124,,0.7816662192344666,0.7816662192344666,,,,
377,2641,,,1.2689534425735474,,1.2684268951416016,1.2684268951416016,,,,
377,2642,,,0.7279385328292847,,0.7274118661880493,0.7274118661880493,,,,
377,2643,,,0.9243177175521851,,0.9237909913063049,0.9237909913063049,,,,
377,2644,,,1.1955453157424927,,1.1950185298919678,1.1950185298919678,,,,
377,2645,,,0.9941624999046326,,0.9936356544494629,0.9936356544494629,,,,
,377,,,,,,,,,1.3923331499099731,1.3923331499099731
377,2645,,,,,,,1.3923331499099731,1.3923331499099731,,
377,2645,0.9846780300140381,0.9852045774459839,,0.9846780300140381,,,,,,
378,2646,,,0.7854732871055603,,0.7849463820457458,0.7849463820457458,,,,
378,2647,,,1.225356936454773,,1.224829912185669,1.224829912185669,,,,
378,2648,,,0.9134684205055237,,0.9129413962364197,0.9129413962364197,,,,
378,2649,,,0.9519690871238708,,0.9514420032501221,0.9514420032501221,,,,
378,2650,,,1.2605619430541992,,1.2600347995758057,1.2600347995758057,,,,
378,2651,,,0.8493360280990601,,0.8488088250160217,0.8488088250160217,,,,
378,2652,,,0.6984186768531799,,0.6978914141654968,0.6978914141654968,,,,
,378,,,,,,,,,1.3878251314163208,1.3878251314163208
378,2652,,,,,,,1.3878251314163208,1.3878251314163208,,
378,2652,0.9795626997947693,0.9800898432731628,,0.9795626997947693,,,,,,
379,2653,,,0.7444074749946594,,0.7438801527023315,0.7438801527023315,,,,
379,2654,,,1.0421078205108643,,1.0415804386138916,1.0415804386138916,,,,
379,2655,,,1.5052497386932373,,1.5047223567962646,1.5047223567962646,,,,
379,2656,,,1.0894677639007568,,1.0889402627944946,1.0889402627944946,,,,
379,2657,,,0.6469278335571289,,0.6464002728462219,0.6464002728462219,,,,
379,2658,,,0.7848102450370789,,0.7842826247215271,0.7842826247215271,,,,
379,2659,,,1.0965471267700195,,1.0960193872451782,1.0960193872451782,,,,
,379,,,,,,,,,1.395519733428955,1.395519733428955
379,2659,,,,,,,1.3955198526382446,1.3955198526382446,,
379,2659,0.9758139252662659,0.9763413071632385,,0.9758139252662659,,,,,,
380,2660,,,0.7919296026229858,,0.7914018630981445,0.7914018630981445,,,,
380,2661,,,0.7742370963096619,,0.7737092971801758,0.7737092971801758,,,,
380,2662,,,0.8450278043746948,,0.844499945640564,0.844499945640564,,,,
380,2663,,,1.2979053258895874,,1.297377347946167,1.297377347946167,,,,
380,2664,,,0.9253098964691162,,0.9247819185256958,0.9247819185256958,,,,
380,2665,,,1.123885154724121,,1.1233570575714111,1.1233570575714111,,,,
380,2666,,,1.1593308448791504,,1.1588027477264404,1.1588027477264404,,,,
,380,,,,,,,,,1.3991981744766235,1.3991981744766235
380,2666,,,,,,,1.3991981744766235,1.3991981744766235,,
380,2666,0.9709300398826599,0.9714578986167908,,0.9709300398826599,,,,,,
381,2667,,,1.400519847869873,,1.3999916315078735,1.3999916315078735,,,,
381,2668,,,0.8847614526748657,,0.8842332363128662,0.8842332363128662,,,,
381,2669,,,0.6162363290786743,,0.61570805311203,0.61570805311203,,,,
381,2670,,,0.9020509719848633,,0.9015226364135742,0.9015226364135742,,,,
381,2671,,,0.8676631450653076,,0.8671347498893738,0.8671347498893738,,,,
381,2672,,,0.9301000833511353,,0.9295716285705566,0.9295716285705566,,,,
381,2673,,,1.4914921522140503,,1.4909635782241821,1.4909635782241821,,,,
,381,,,,,,,,,1.3877863883972168,1.3877863883972168
381,2673,,,,,,,1.3877862691879272,1.3877862691879272,,
381,2673,0.9658467769622803,0.9663749933242798,,0.9658467769622803,,,,,,
382,2674,,,0.6263384819030762,,0.625809907913208,0.625809907913208,,,,
382,2675,,,1.1817065477371216,,1.1811778545379639,1.1811778545379639,,,,
382,2676,,,0.9628135561943054,,0.9622848033905029,0.9622848033905029,,,,
382,2677,,,1.4444873332977295,,1.4439585208892822,1.4439585208892822,,,,
382,2678,,,0.7832648754119873,,0.7827360033988953,0.7827360033988953,,,,
382,2679,,,0.9074039459228516,,0.9068750143051147,0.9068750143051147,,,,
382,2680,,,0.6058736443519592,,0.6053446531295776,0.6053446531295776,,,,
,382,,,,,,,,,1.380779504776001,1.380779504776001
382,2680,,,,,,,1.380779504776001,1.380779504776001,,
382,2680,0.9615445137023926,0.9620732069015503,,0.9615445137023926,,,,,,
383,2681,,,0.749670684337616,,0.7491416931152344,0.7491416931152344,,,,
383,2682,,,0.874731719493866,,0.8742026686668396,0.8742026686668396,,,,
383,2683,,,0.9741817116737366,,0.9736526012420654,0.9736526012420654,,,,
383,2684,,,1.1313704252243042,,1.1308412551879883,1.1308412551879883,,,,
383,2685,,,0.5696858167648315,,0.5691565275192261,0.5691565275192261,,,,
383,2686,,,0.7785895466804504,,0.7780601978302002,0.7780601978302002,,,,
383,2687,,,2.730889081954956,,2.7303597927093506,2.7303597927093506,,,,
,383,,,,,,,,,1.3644330501556396,1.3644330501556396
383,2687,,,,,,,1.3644330501556396,1.3644330501556396,,
383,2687,0.9566964507102966,0.9572257399559021,,0.9566964507102966,,,,,,
384,2688,,,0.6369876265525818,,0.6364582180976868,0.6364582180976868,,,,
384,2689,,,1.0932234525680542,,1.0926939249038696,1.0926939249038696,,,,
384,2690,,,1.3778008222579956,,1.377271294593811,1.377271294593811,,,,
384,2691,,,0.5347395539283752,,0.5342099666595459,0.5342099666595459,,,,
384,2692,,,1.042433500289917,,1.0419038534164429,1.0419038534164429,,,,
384,2693,,,0.8095679879188538,,0.8090382814407349,0.8090382814407349,,,,
384,2694,,,1.5253009796142578,,1.5247712135314941,1.5247712135314941,,,,
,384,,,,,,,,,1.3542507886886597,1.3542507886886597
384,2694,,,,,,,1.3542507886886597,1.3542507886886597,,
384,2694,0.9511160254478455,0.9516454935073853,,0.9511160254478455,,,,,,
385,2695,,,0.76971834897995,,0.7691885232925415,0.7691885232925415,,,,
385,2696,,,0.7970001101493835,,0.7964702248573303,0.7964702248573303,,,,
385,2697,,,0.660080075263977,,0.659550130367279,0.659550130367279,,,,
385,2698,,,1.0678236484527588,,1.067293643951416,1.067293643951416,,,,
385,2699,,,1.2430438995361328,,1.2425137758255005,1.2425137758255005,,,,
385,2700,,,1.2230710983276367,,1.2225409746170044,1.2225409746170044,,,,
385,2701,,,0.7216048240661621,,0.721074640750885,0.721074640750885,,,,
,385,,,,,,,,,1.329190731048584,1.329190731048584
385,2701,,,,,,,1.3291906118392944,1.3291906118392944,,
385,2701,0.9455624222755432,0.946092426776886,,0.9455624222755432,,,,,,
386,2702,,,1.308983325958252,,1.30845308303833,1.30845308303833,,,,
386,2703,,,0.5390003323554993,,0.5384699702262878,0.5384699702262878,,,,
386,2704,,,1.0240877866744995,,1.023557424545288,1.023557424545288,,,,
386,2705,,,0.7961518168449402,,0.7956213355064392,0.7956213355064392,,,,
386,2706,,,1.208706021308899,,1.208175539970398,1.208175539970398,,,,
386,2707,,,0.9948916435241699,,0.9943610429763794,0.9943610429763794,,,,
386,2708,,,0.31884562969207764,,0.31831496953964233,0.31831496953964233,,,,
,386,,,,,,,,,1.311498761177063,1.311498761177063
386,2708,,,,,,,1.311498761177063,1.311498761177063,,
386,2708,0.9392951726913452,0.9398255348205566,,0.9392951726913452,,,,,,
387,2709,,,0.5720354914665222,,0.5715047717094421,0.5715047717094421,,,,
387,2710,,,0.9296956658363342,,0.9291648864746094,0.9291648864746094,,,,
387,2711,,,1.166003704071045,,1.1654728651046753,1.1654728651046753,,,,
387,2712,,,0.742712140083313,,0.7421812415122986,0.7421812415122986,,,,
387,2713,,,1.5122572183609009,,1.5117262601852417,1.5117262601852417,,,,
387,2714,,,0.6220237016677856,,0.6214926838874817,0.6214926838874817,,,,
387,2715,,,1.1104544401168823,,1.1099233627319336,1.1099233627319336,,,,
,387,,,,,,,,,1.3223202228546143,1.3223202228546143
387,2715,,,,,,,1.3223202228546143,1.3223202228546143,,
387,2715,0.9345512390136719,0.9350820779800415,,0.9345512390136719,,,,,,
388,2716,,,1.2820799350738525,,1.2815488576889038,1.2815488576889038,,,,
388,2717,,,0.712950587272644,,0.7124193906784058,0.7124193906784058,,,,
388,2718,,,1.288321614265442,,1.2877904176712036,1.2877904176712036,,,,
388,2719,,,0.8965725898742676,,0.8960412740707397,0.8960412740707397,,,,
388,2720,,,0.9862871766090393,,0.9857558012008667,0.9857558012008667,,,,
388,2721,,,0.5201556086540222,,0.5196241736412048,0.5196241736412048,,,,
388,2722,,,0.6469442844390869,,0.6464127898216248,0.6464127898216248,,,,
,388,,,,,,,,,1.313055157661438,1.313055157661438
388,2722,,,,,,,1.313055157661438,1.313055157661438,,
388,2722,0.9295035600662231,0.9300348162651062,,0.9295035600662231,,,,,,
389,2723,,,1.2383852005004883,,1.2378536462783813,1.2378536462783813,,,,
389,2724,,,0.6526875495910645,,0.6521559357643127,0.6521559357643127,,,,
389,2725,,,0.7211929559707642,,0.7206612825393677,0.7206612825393677,,,,
389,2726,,,1.2262252569198608,,1.2256934642791748,1.2256934642791748,,,,
389,2727,,,0.7590044736862183,,0.7584726810455322,0.7584726810455322,,,,
389,2728,,,0.68669193983078,,0.6861600875854492,0.6861600875854492,,,,
389,2729,,,1.6476505994796753,,1.6471186876296997,1.6471186876296997,,,,
,389,,,,,,,,,1.296840786933899,1.296840786933899
389,2729,,,,,,,1.296840786933899,1.296840786933899,,
389,2729,0.9252810478210449,0.9258127212524414,,0.9252810478210449,,,,,,
390,2730,,,0.6852379441261292,,0.6847059726715088,0.6847059726715088,,,,
390,2731,,,0.979763925075531,,0.9792318940162659,0.9792318940162659,,,,
390,2732,,,1.5929014682769775,,1.5923694372177124,1.5923694372177124,,,,
390,2733,,,0.9496036767959595,,0.9490715861320496,0.9490715861320496,,,,
390,2734,,,0.7996176481246948,,0.7990854978561401,0.7990854978561401,,,,
390,2735,,,0.5304548144340515,,0.529922604560852,0.529922604560852,,,,
390,2736,,,0.9064174890518188,,0.9058852195739746,0.9058852195739746,,,,
,390,,,,,,,,,1.2779332399368286,1.2779332399368286
390,2736,,,,,,,1.2779332399368286,1.2779332399368286,,
390,2736,0.9214264154434204,0.9219586253166199,,0.9214264154434204,,,,,,
391,2737,,,1.1174490451812744,,1.1169166564941406,1.1169166564941406,,,,
391,2738,,,1.136899471282959,,1.1363670825958252,1.1363670825958252,,,,
391,2739,,,0.7967517971992493,,0.7962192893028259,0.7962192893028259,,,,
391,2740,,,0.7940152883529663,,0.7934827208518982,0.7934827208518982,,,,
391,2741,,,1.1179909706115723,,1.1174583435058594,1.1174583435058594,,,,
391,2742,,,0.5042862296104431,,0.5037535429000854,0.5037535429000854,,,,
391,2743,,,1.0254905223846436,,1.0249577760696411,1.0249577760696411,,,,
,391,,,,,,,,,1.2568100690841675,1.2568100690841675
391,2743,,,,,,,1.2568100690841675,1.2568100690841675,,
391,2743,0.9174208045005798,0.9179532527923584,,0.9174208045005798,,,,,,
392,2744,,,0.960519552230835,,0.9599867463111877,0.9599867463111877,,,,
392,2745,,,0.604500949382782,,0.60396808385849,0.60396808385849,,,,
392,2746,,,1.0253183841705322,,1.0247853994369507,1.0247853994369507,,,,
392,2747,,,0.5504615902900696,,0.549928605556488,0.549928605556488,,,,
392,2748,,,1.0920053720474243,,1.0914722681045532,1.0914722681045532,,,,
392,2749,,,1.0058752298355103,,1.0053421258926392,1.0053421258926392,,,,
392,2750,,,1.5633028745651245,,1.5627697706222534,1.5627697706222534,,,,
,392,,,,,,,,,1.2430006265640259,1.2430006265640259
392,2750,,,,,,,1.2430006265640259,1.2430006265640259,,
392,2750,0.913179874420166,0.9137127995491028,,0.913179874420166,,,,,,
393,2751,,,0.8777570724487305,,0.8772238492965698,0.8772238492965698,,,,
393,2752,,,0.8006022572517395,,0.8000689744949341,0.8000689744949341,,,,
393,2753,,,1.415381669998169,,1.4148483276367188,1.4148483276367188,,,,
393,2754,,,0.45450329780578613,,0.45396989583969116,0.45396989583969116,,,,
393,2755,,,1.0244286060333252,,1.0238951444625854,1.0238951444625854,,,,
393,2756,,,1.0634647607803345,,1.0629311800003052,1.0629311800003052,,,,
393,2757,,,0.4306190609931946,,0.4300854504108429,0.4300854504108429,,,,
,393,,,,,,,,,1.238466501235962,1.238466501235962
393,2757,,,,,,,1.238466501235962,1.238466501235962,,
393,2757,0.9088971614837646,0.9094305634498596,,0.9088971614837646,,,,,,
394,2758,,,1.5554461479187012,,1.5549124479293823,1.5549124479293823,,,,
394,2759,,,0.6562723517417908,,0.6557385921478271,0.6557385921478271,,,,
394,2760,,,0.7911516427993774,,0.790617823600769,0.790617823600769,,,,
394,2761,,,0.7816059589385986,,0.7810720801353455,0.7810720801353455,,,,
394,2762,,,0.584614098072052,,0.5840802192687988,0.5840802192687988,,,,
394,2763,,,0.6088266968727112,,0.6082927584648132,0.6082927584648132,,,,
394,2764,,,2.121269941329956,,2.1207358837127686,2.1207358837127686,,,,
,394,,,,,,,,,1.2391034364700317,1.2391034364700317
394,2764,,,,,,,1.2391034364700317,1.2391034364700317,,
394,2764,0.9050964713096619,0.9056302309036255,,0.9050964713096619,,,,,,
395,2765,,,1.2673358917236328,,1.2668018341064453,1.2668018341064453,,,,
395,2766,,,1.0089004039764404,,1.0083662271499634,1.0083662271499634,,,,
395,2767,,,0.9639455676078796,,0.9634113907814026,0.9634113907814026,,,,
395,2768,,,0.4469229280948639,,0.44638869166374207,0.44638869166374207,,,,
395,2769,,,0.829318106174469,,0.8287838101387024,0.8287838101387024,,,,
395,2770,,,0.7305519580841064,,0.7300176024436951,0.7300176024436951,,,,
395,2771,,,1.320556640625,,1.3200222253799438,1.3200222253799438,,,,
,395,,,,,,,,,1.2476749420166016,1.2476749420166016
395,2771,,,,,,,1.2476749420166016,1.2476749420166016,,
395,2771,0.9002004861831665,0.9007347226142883,,0.9002004861831665,,,,,,
396,2772,,,0.887198805809021,,0.8866643309593201,0.8866643309593201,,,,
396,2773,,,0.8480731844902039,,0.8475386500358582,0.8475386500358582,,,,
396,2774,,,0.7832188606262207,,0.7826842665672302,0.7826842665672302,,,,
396,2775,,,1.455702781677246,,1.4551681280136108,1.4551681280136108,,,,
396,2776,,,0.6721563339233398,,0.6716216206550598,0.6716216206550598,,,,
396,2777,,,0.6284980177879333,,0.6279632449150085,0.6279632449150085,,,,
396,2778,,,1.1690655946731567,,1.1685307025909424,1.1685307025909424,,,,
,396,,,,,,,,,1.2517516613006592,1.2517516613006592
396,2778,,,,,,,1.2517516613006592,1.2517516613006592,,
396,2778,0.8956610560417175,0.8961957097053528,,0.8956610560417175,,,,,,
397,2779,,,0.6101076006889343,,0.60957270860672,0.60957270860672,,,,
397,2780,,,1.0090234279632568,,1.008488416671753,1.008488416671753,,,,
397,2781,,,1.0602412223815918,,1.059706211090088,1.059706211090088,,,,
397,2782,,,0.6226899027824402,,0.6221548318862915,0.6221548318862915,,,,
397,2783,,,1.1612434387207031,,1.1607083082199097,1.1607083082199097,,,,
397,2784,,,0.7871023416519165,,0.7865671515464783,0.7865671515464783,,,,
397,2785,,,1.1597583293914795,,1.1592230796813965,1.1592230796813965,,,,
,397,,,,,,,,,1.2461256980895996,1.2461256980895996
397,2785,,,,,,,1.24612557888031,1.24612557888031,,
397,2785,0.891279399394989,0.8918144106864929,,0.891279399394989,,,,,,
398,2786,,,0.6139599084854126,,0.6134245991706848,0.6134245991706848,,,,
398,2787,,,0.6681182384490967,,0.6675828695297241,0.6675828695297241,,,,
398,2788,,,0.5613788366317749,,0.5608433485031128,0.5608433485031128,,,,
398,2789,,,1.054530143737793,,1.0539946556091309,1.0539946556091309,,,,
398,2790,,,1.336762547492981,,1.3362269401550293,1.3362269401550293,,,,
398,2791,,,0.9650992751121521,,0.9645636081695557,0.9645636081695557,,,,
398,2792,,,1.2238337993621826,,1.2232980728149414,1.2232980728149414,,,,
,398,,,,,,,,,1.2366949319839478,1.2366949319839478
398,2792,,,,,,,1.2366949319839478,1.2366949319839478,,
398,2792,0.887117326259613,0.8876528143882751,,0.887117326259613,,,,,,
399,2793,,,0.939521849155426,,0.9389861226081848,0.9389861226081848,,,,
399,2794,,,0.8380229473114014,,0.8374871015548706,0.8374871015548706,,,,
399,2795,,,1.1004250049591064,,1.0998891592025757,1.0998891592025757,,,,
399,2796,,,0.787773609161377,,0.7872376441955566,0.7872376441955566,,,,
399,2797,,,0.6078139543533325,,0.6072779297828674,0.6072779297828674,,,,
399,2798,,,0.9478896856307983,,0.9473536014556885,0.9473536014556885,,,,
399,2799,,,1.1065269708633423,,1.1059908866882324,1.1059908866882324,,,,
,399,,,,,,,,,1.2280726432800293,1.2280726432800293
399,2799,,,,,,,1.2280725240707397,1.2280725240707397,,
399,2799,0.8836044073104858,0.8841403126716614,,0.8836044073104858,,,,,,
400,2800,,,1.1100627183914185,,1.109526515007019,1.109526515007019,,,,
400,2801,,,0.9315012693405151,,0.930965006351471,0.930965006351471,,,,
400,2802,,,0.792938768863678,,0.792402446269989,0.792402446269989,,,,
400,2803,,,0.9103983044624329,,0.9098619222640991,0.9098619222640991,,,,
400,2804,,,0.4529150724411011,,0.45237866044044495,0.45237866044044495,,,,
400,2805,,,1.0850768089294434,,1.0845403671264648,1.0845403671264648,,,,
400,2806,,,0.8935568332672119,,0.8930203318595886,0.8930203318595886,,,,
,400,,,,,,,,,1.231143832206726,1.231143832206726
400,2806,,,,,,,1.231143832206726,1.231143832206726,,
400,2806,0.8807149529457092,0.8812512159347534,,0.8807149529457092,,,,,,
401,2807,,,1.5030595064163208,,1.5025229454040527,1.5025229454040527,,,,
401,2808,,,0.5173957347869873,,0.5168591141700745,0.5168591141700745,,,,
401,2809,,,0.7191525101661682,,0.7186158299446106,0.7186158299446106,,,,
401,2810,,,0.5915404558181763,,0.5910037159919739,0.5910037159919739,,,,
401,2811,,,1.1183723211288452,,1.117835521697998,1.117835521697998,,,,
401,2812,,,0.7193036675453186,,0.7187668085098267,0.7187668085098267,,,,
401,2813,,,1.1263216733932495,,1.1257847547531128,1.1257847547531128,,,,
,401,,,,,,,,,1.2167056798934937,1.2167056798934937
401,2813,,,,,,,1.2167056798934937,1.2167056798934937,,
401,2813,0.8765133619308472,0.8770501613616943,,0.8765133619308472,,,,,,
402,2814,,,0.6263918280601501,,0.6258548498153687,0.6258548498153687,,,,
402,2815,,,0.9383458495140076,,0.9378088116645813,0.9378088116645813,,,,
402,2816,,,1.0694336891174316,,1.0688965320587158,1.0688965320587158,,,,
402,2817,,,1.093277096748352,,1.0927399396896362,1.0927399396896362,,,,
402,2818,,,0.8817185759544373,,0.8811813592910767,0.8811813592910767,,,,
402,2819,,,0.6815440654754639,,0.6810067892074585,0.6810067892074585,,,,
402,2820,,,0.7326599359512329,,0.7321226000785828,0.7321226000785828,,,,
,402,,,,,,,,,1.205238938331604,1.205238938331604
402,2820,,,,,,,1.205238938331604,1.205238938331604,,
402,2820,0.8724760413169861,0.8730131387710571,,0.8724760413169861,,,,,,
403,2821,,,0.6864762306213379,,0.685938835144043,0.685938835144043,,,,
403,2822,,,0.8607580065727234,,0.8602205514907837,0.8602205514907837,,,,
403,2823,,,0.7959349751472473,,0.7953974604606628,0.7953974604606628,,,,
403,2824,,,1.2479798793792725,,1.2474422454833984,1.2474422454833984,,,,
403,2825,,,0.49793192744255066,,0.49739429354667664,0.49739429354667664,,,,
403,2826,,,1.1620115041732788,,1.1614738702774048,1.1614738702774048,,,,
403,2827,,,0.7771461606025696,,0.776608407497406,0.776608407497406,,,,
,403,,,,,,,,,1.2007914781570435,1.2007914781570435
403,2827,,,,,,,1.2007914781570435,1.2007914781570435,,
403,2827,0.8688777089118958,0.869415283203125,,0.8688777089118958,,,,,,
404,2828,,,1.3309531211853027,,1.3304152488708496,1.3304152488708496,,,,
404,2829,,,0.9807755947113037,,0.9802377223968506,0.9802377223968506,,,,
404,2830,,,0.5135758519172668,,0.513037919998169,0.513037919998169,,,,
404,2831,,,0.5596849322319031,,0.5591469407081604,0.5591469407081604,,,,
404,2832,,,0.7267000079154968,,0.7261619567871094,0.7261619567871094,,,,
404,2833,,,1.1525980234146118,,1.1520599126815796,1.1520599126815796,,,,
404,2834,,,0.6795639991760254,,0.6790258288383484,0.6790258288383484,,,,
,404,,,,,,,,,1.1992390155792236,1.1992390155792236
404,2834,,,,,,,1.1992390155792236,1.1992390155792236,,
404,2834,0.8652070164680481,0.865744948387146,,0.8652070164680481,,,,,,
405,2835,,,0.7953436970710754,,0.7948054671287537,0.7948054671287537,,,,
405,2836,,,1.0810986757278442,,1.0805604457855225,1.0805604457855225,,,,
405,2837,,,0.49214956164360046,,0.49161121249198914,0.49161121249198914,,,,
405,2838,,,1.3377496004104614,,1.33721125125885,1.33721125125885,,,,
405,2839,,,0.7102473974227905,,0.7097089290618896,0.7097089290618896,,,,
405,2840,,,0.7832759618759155,,0.7827374339103699,0.7827374339103699,,,,
405,2841,,,0.8019191026687622,,0.8013805150985718,0.8013805150985718,,,,
,405,,,,,,,,,1.186042070388794,1.186042070388794
405,2841,,,,,,,1.186042070388794,1.186042070388794,,
405,2841,0.8622984290122986,0.8628368973731995,,0.8622984290122986,,,,,,
406,2842,,,1.6020095348358154,,1.601470947265625,1.601470947265625,,,,
406,2843,,,0.6519777774810791,,0.6514390707015991,0.6514390707015991,,,,
406,2844,,,0.5046776533126831,,0.5041388869285583,0.5041388869285583,,,,
406,2845,,,0.5066946148872375,,0.506155788898468,0.506155788898468,,,,
406,2846,,,1.1054819822311401,,1.104943037033081,1.104943037033081,,,,
406,2847,,,0.7754865884780884,,0.7749476432800293,0.7749476432800293,,,,
406,2848,,,0.8805899620056152,,0.8800509572029114,0.8800509572029114,,,,
,406,,,,,,,,,1.1734837293624878,1.1734837293624878
406,2848,,,,,,,1.1734837293624878,1.1734837293624878,,
406,2848,0.8585277795791626,0.8590665459632874,,0.8585277795791626,,,,,,
407,2849,,,0.7094140648841858,,0.7088750004768372,0.7088750004768372,,,,
407,2850,,,1.1247389316558838,,1.1241997480392456,1.1241997480392456,,,,
407,2851,,,1.2379686832427979,,1.2374294996261597,1.2374294996261597,,,,
407,2852,,,0.504605233669281,,0.504065990447998,0.504065990447998,,,,
407,2853,,,0.7480447292327881,,0.7475054264068604,0.7475054264068604,,,,
407,2854,,,0.8729048371315002,,0.8723654747009277,0.8723654747009277,,,,
407,2855,,,0.6882830858230591,,0.6877436637878418,0.6877436637878418,,,,
,407,,,,,,,,,1.1584060192108154,1.1584060192108154
407,2855,,,,,,,1.1584060192108154,1.1584060192108154,,
407,2855,0.8552698493003845,0.8558090925216675,,0.8552698493003845,,,,,,
408,2856,,,1.1583524942398071,,1.1578130722045898,1.1578130722045898,,,,
408,2857,,,0.7361397743225098,,0.7356002330780029,0.7356002330780029,,,,
408,2858,,,0.7647311687469482,,0.7641915678977966,0.7641915678977966,,,,
408,2859,,,0.5921826362609863,,0.5916429758071899,0.5916429758071899,,,,
408,2860,,,0.8580378890037537,,0.8574981689453125,0.8574981689453125,,,,
408,2861,,,1.1482021808624268,,1.1476624011993408,1.1476624011993408,,,,
408,2862,,,0.4606090188026428,,0.4600692093372345,0.4600692093372345,,,,
,408,,,,,,,,,1.139014482498169,1.139014482498169
408,2862,,,,,,,1.139014482498169,1.139014482498169,,
408,2862,0.851283848285675,0.8518235683441162,,0.851283848285675,,,,,,
409,2863,,,0.7532204985618591,,0.7526805996894836,0.7526805996894836,,,,
409,2864,,,0.645864725112915,,0.6453248262405396,0.6453248262405396,,,,
409,2865,,,0.8096910119056702,,0.8091510534286499,0.8091510534286499,,,,
409,2866,,,0.5540044903755188,,0.5534644722938538,0.5534644722938538,,,,
409,2867,,,1.1090651750564575,,1.108525037765503,1.108525037765503,,,,
409,2868,,,1.2552857398986816,,1.254745602607727,1.254745602607727,,,,
409,2869,,,0.7396882772445679,,0.7391480803489685,0.7391480803489685,,,,
,409,,,,,,,,,1.136383056640625,1.136383056640625
409,2869,,,,,,,1.136383056640625,1.136383056640625,,
409,2869,0.8472270369529724,0.8477669358253479,,0.8472270369529724,,,,,,
410,2870,,,0.9425634741783142,,0.9420232176780701,0.9420232176780701,,,,
410,2871,,,1.0269368886947632,,1.0263965129852295,1.0263965129852295,,,,
410,2872,,,0.6405946612358093,,0.6400542855262756,0.6400542855262756,,,,
410,2873,,,1.383663296699524,,1.3831228017807007,1.3831228017807007,,,,
410,2874,,,0.43811219930648804,,0.4375716745853424,0.4375716745853424,,,,
410,2875,,,0.673218846321106,,0.6726782917976379,0.6726782917976379,,,,
410,2876,,,0.7371601462364197,,0.7366195321083069,0.7366195321083069,,,,
,410,,,,,,,,,1.1282703876495361,1.1282703876495361
410,2876,,,,,,,1.1282703876495361,1.1282703876495361,,
410,2876,0.843620240688324,0.8441606163978577,,0.843620240688324,,,,,,
411,2877,,,0.8807863593101501,,0.8802456855773926,0.8802456855773926,,,,
411,2878,,,0.8023648262023926,,0.8018240928649902,0.8018240928649902,,,,
411,2879,,,1.3552550077438354,,1.3547141551971436,1.3547141551971436,,,,
411,2880,,,0.4288405478000641,,0.4282996952533722,0.4282996952533722,,,,
411,2881,,,1.0452219247817993,,1.0446810722351074,1.0446810722351074,,,,
411,2882,,,0.6673707365989685,,0.6668297648429871,0.6668297648429871,,,,
411,2883,,,0.48478245735168457,,0.48424142599105835,0.48424142599105835,,,,
,411,,,,,,,,,1.1112066507339478,1.1112066507339478
411,2883,,,,,,,1.1112066507339478,1.1112066507339478,,
411,2883,0.8404995799064636,0.8410404324531555,,0.8404995799064636,,,,,,
412,2884,,,0.7339938879013062,,0.7334527969360352,0.7334527969360352,,,,
412,2885,,,0.6901875138282776,,0.6896463632583618,0.6896463632583618,,,,
412,2886,,,1.2166959047317505,,1.21615469455719,1.21615469455719,,,,
412,2887,,,0.8609411716461182,,0.8603999018669128,0.8603999018669128,,,,
412,2888,,,0.9966917634010315,,0.9961504340171814,0.9961504340171814,,,,
412,2889,,,0.6079629063606262,,0.6074215173721313,0.6074215173721313,,,,
412,2890,,,0.616985559463501,,0.6164441108703613,0.6164441108703613,,,,
,412,,,,,,,,,1.0964131355285645,1.0964131355285645
412,2890,,,,,,,1.0964131355285645,1.0964131355285645,,
412,2890,0.8367673754692078,0.8373087048530579,,0.8367673754692078,,,,,,
413,2891,,,0.6981987357139587,,0.6976572275161743,0.6976572275161743,,,,
413,2892,,,1.0683434009552002,,1.067801833152771,1.067801833152771,,,,
413,2893,,,0.7096941471099854,,0.7091525197029114,0.7091525197029114,,,,
413,2894,,,1.138951301574707,,1.1384096145629883,1.1384096145629883,,,,
413,2895,,,0.828873872756958,,0.8283321261405945,0.8283321261405945,,,,
413,2896,,,0.6239342093467712,,0.6233924031257629,0.6233924031257629,,,,
413,2897,,,0.6655795574188232,,0.6650376915931702,0.6650376915931702,,,,
,413,,,,,,,,,1.0747127532958984,1.0747127532958984
413,2897,,,,,,,1.0747127532958984,1.0747127532958984,,
413,2897,0.8335897922515869,0.8341314196586609,,0.8335897922515869,,,,,,
414,2898,,,0.8698360323905945,,0.8692941069602966,0.8692941069602966,,,,
414,2899,,,1.0244473218917847,,1.0239052772521973,1.0239052772521973,,,,
414,2900,,,0.8620894551277161,,0.8615474104881287,0.8615474104881287,,,,
414,2901,,,0.31726476550102234,,0.3167226314544678,0.3167226314544678,,,,
414,2902,,,0.5978389978408813,,0.5972968339920044,0.5972968339920044,,,,
414,2903,,,1.4633480310440063,,1.4628057479858398,1.4628057479858398,,,,
414,2904,,,0.42763227224349976,,0.42708998918533325,0.42708998918533325,,,,
,414,,,,,,,,,1.0621916055679321,1.0621916055679321
414,2904,,,,,,,1.0621916055679321,1.0621916055679321,,
414,2904,0.8300754427909851,0.8306174874305725,,0.8300754427909851,,,,,,
415,2905,,,0.9500671625137329,,0.9495248198509216,0.9495248198509216,,,,
415,2906,,,1.7566096782684326,,1.7560672760009766,1.7560672760009766,,,,
415,2907,,,0.8648029565811157,,0.8642604947090149,0.8642604947090149,,,,
415,2908,,,0.42664408683776855,,0.42610156536102295,0.42610156536102295,,,,
415,2909,,,0.5632852911949158,,0.5627427101135254,0.5627427101135254,,,,
415,2910,,,0.5429453253746033,,0.5424027442932129,0.5424027442932129,,,,
415,2911,,,0.45410117506980896,,0.4535585045814514,0.4535585045814514,,,,
,415,,,,,,,,,1.055446982383728,1.055446982383728
415,2911,,,,,,,1.055446982383728,1.055446982383728,,
415,2911,0.8268523812294006,0.8273949027061462,,0.8268523812294006,,,,,,
416,2912,,,0.9210586547851562,,0.9205159544944763,0.9205159544944763,,,,
416,2913,,,0.6431796550750732,,0.6426368951797485,0.6426368951797485,,,,
416,2914,,,0.7179155349731445,,0.717372715473175,0.717372715473175,,,,
416,2915,,,0.717042863368988,,0.7164999842643738,0.7164999842643738,,,,
416,2916,,,1.203507900238037,,1.2029650211334229,1.2029650211334229,,,,
416,2917,,,0.7868290543556213,,0.7862860560417175,0.7862860560417175,,,,
416,2918,,,0.7065655589103699,,0.7060225009918213,0.7060225009918213,,,,
,416,,,,,,,,,1.0519282817840576,1.0519282817840576
416,2918,,,,,,,1.0519282817840576,1.0519282817840576,,
416,2918,0.823691725730896,0.8242346048355103,,0.823691725730896,,,,,,
417,2919,,,0.91374272108078,,0.9131996035575867,0.9131996035575867,,,,
417,2920,,,0.47789785265922546,,0.47735467553138733,0.47735467553138733,,,,
417,2921,,,0.9519633054733276,,0.9514200687408447,0.9514200687408447,,,,
417,2922,,,0.5127344131469727,,0.512191116809845,0.512191116809845,,,,
417,2923,,,0.4619748294353485,,0.46143147349357605,0.46143147349357605,,,,
417,2924,,,1.392708420753479,,1.3921650648117065,1.3921650648117065,,,,
417,2925,,,1.4112788438796997,,1.4107353687286377,1.4107353687286377,,,,
,417,,,,,,,,,1.0515192747116089,1.0515192747116089
417,2925,,,,,,,1.0515192747116089,1.0515192747116089,,
417,2925,0.8214569091796875,0.8220001459121704,,0.8214569091796875,,,,,,
418,2926,,,0.4475323557853699,,0.4469888210296631,0.4469888210296631,,,,
418,2927,,,1.2758287191390991,,1.2752851247787476,1.2752851247787476,,,,
418,2928,,,0.6924457550048828,,0.6919021010398865,0.6919021010398865,,,,
418,2929,,,0.7123804092407227,,0.7118366956710815,0.7118366956710815,,,,
418,2930,,,0.7503432631492615,,0.7497994899749756,0.7497994899749756,,,,
418,2931,,,0.6461194157600403,,0.6455755829811096,0.6455755829811096,,,,
418,2932,,,1.841023325920105,,1.8404794931411743,1.8404794931411743,,,,
,418,,,,,,,,,1.044860601425171,1.044860601425171
418,2932,,,,,,,1.044860601425171,1.044860601425171,,
418,2932,0.8175008296966553,0.8180445432662964,,0.8175008296966553,,,,,,
419,2933,,,1.1651796102523804,,1.1646356582641602,1.1646356582641602,,,,
419,2934,,,0.6297465562820435,,0.6292026042938232,0.6292026042938232,,,,
419,2935,,,1.0346933603286743,,1.0341492891311646,1.0341492891311646,,,,
419,2936,,,0.46759799122810364,,0.46705392003059387,0.46705392003059387,,,,
419,2937,,,1.0717718601226807,,1.0712276697158813,1.0712276697158813,,,,
419,2938,,,0.5611894130706787,,0.5606452226638794,0.5606452226638794,,,,
419,2939,,,0.7112959623336792,,0.7107517123222351,0.7107517123222351,,,,
,419,,,,,,,,,1.0436763763427734,1.0436763763427734
419,2939,,,,,,,1.0436763763427734,1.0436763763427734,,
419,2939,0.8146582245826721,0.8152022957801819,,0.8146582245826721,,,,,,
420,2940,,,1.0934970378875732,,1.0929527282714844,1.0929527282714844,,,,
420,2941,,,0.7039444446563721,,0.7034000754356384,0.7034000754356384,,,,
420,2942,,,0.38728633522987366,,0.3867419362068176,0.3867419362068176,,,,
420,2943,,,0.6185690760612488,,0.6180245876312256,0.6180245876312256,,,,
420,2944,,,0.9741397500038147,,0.9735952019691467,0.9735952019691467,,,,
420,2945,,,0.6364260911941528,,0.6358815431594849,0.6358815431594849,,,,
420,2946,,,2.027066946029663,,2.026522397994995,2.026522397994995,,,,
,420,,,,,,,,,1.032533049583435,1.032533049583435
420,2946,,,,,,,1.032533049583435,1.032533049583435,,
420,2946,0.8110653758049011,0.8116098046302795,,0.8110653758049011,,,,,,
421,2947,,,0.8222307562828064,,0.8216860890388489,0.8216860890388489,,,,
421,2948,,,1.1839617490768433,,1.1834169626235962,1.1834169626235962,,,,
421,2949,,,0.8936572670936584,,0.8931124806404114,0.8931124806404114,,,,
421,2950,,,0.6728755831718445,,0.6723307371139526,0.6723307371139526,,,,
421,2951,,,0.5359020233154297,,0.5353571176528931,0.5353571176528931,,,,
421,2952,,,0.7641302347183228,,0.7635852694511414,0.7635852694511414,,,,
421,2953,,,0.7615535259246826,,0.7610085010528564,0.7610085010528564,,,,
,421,,,,,,,,,1.0253305435180664,1.0253305435180664
421,2953,,,,,,,1.0253305435180664,1.0253305435180664,,
421,2953,0.8086064457893372,0.8091513514518738,,0.8086064457893372,,,,,,
422,2954,,,0.7406320571899414,,0.7400869727134705,0.7400869727134705,,,,
422,2955,,,0.47929316759109497,,0.47874805331230164,0.47874805331230164,,,,
422,2956,,,1.0936864614486694,,1.0931413173675537,1.0931413173675537,,,,
422,2957,,,1.084792137145996,,1.0842468738555908,1.0842468738555908,,,,
422,2958,,,0.859685480594635,,0.8591402173042297,0.8591402173042297,,,,
422,2959,,,0.5397708415985107,,0.5392255187034607,0.5392255187034607,,,,
422,2960,,,0.8954978585243225,,0.8949524760246277,0.8949524760246277,,,,
,422,,,,,,,,,1.029929518699646,1.029929518699646
422,2960,,,,,,,1.029929518699646,1.029929518699646,,
422,2960,0.8047366142272949,0.8052818179130554,,0.8047366142272949,,,,,,
423,2961,,,0.662880539894104,,0.6623350977897644,0.6623350977897644,,,,
423,2962,,,1.1418488025665283,,1.141303300857544,1.141303300857544,,,,
423,2963,,,0.5463311076164246,,0.5457855463027954,0.5457855463027954,,,,
423,2964,,,0.7008484601974487,,0.7003028392791748,0.7003028392791748,,,,
423,2965,,,0.8471452593803406,,0.8465995788574219,0.8465995788574219,,,,
423,2966,,,0.9936287999153137,,0.9930830597877502,0.9930830597877502,,,,
423,2967,,,0.5912560820579529,,0.5907103419303894,0.5907103419303894,,,,
,423,,,,,,,,,1.0222445726394653,1.0222445726394653
423,2967,,,,,,,1.0222445726394653,1.0222445726394653,,
423,2967,0.8017138242721558,0.8022595047950745,,0.8017138242721558,,,,,,
424,2968,,,0.42345622181892395,,0.4229103922843933,0.4229103922843933,,,,
424,2969,,,1.0424764156341553,,1.0419305562973022,1.0419305562973022,,,,
424,2970,,,0.7721199989318848,,0.7715740203857422,0.7715740203857422,,,,
424,2971,,,0.33858537673950195,,0.338039368391037,0.338039368391037,,,,
424,2972,,,0.9801805019378662,,0.9796344637870789,0.9796344637870789,,,,
424,2973,,,0.9914652705192566,,0.9909191727638245,0.9909191727638245,,,,
424,2974,,,1.461037516593933,,1.4604912996292114,1.4604912996292114,,,,
,424,,,,,,,,,1.0294967889785767,1.0294967889785767
424,2974,,,,,,,1.0294967889785767,1.0294967889785767,,
424,2974,0.7988536953926086,0.7993996739387512,,0.7988536953926086,,,,,,
425,2975,,,0.3667849004268646,,0.36623868346214294,0.36623868346214294,,,,
425,2976,,,1.0710349082946777,,1.0704885721206665,1.0704885721206665,,,,
425,2977,,,0.8226404786109924,,0.8220941424369812,0.8220941424369812,,,,
425,2978,,,1.1420329809188843,,1.141486644744873,1.141486644744873,,,,
425,2979,,,0.5369829535484314,,0.5364364981651306,0.5364364981651306,,,,
425,2980,,,1.020275592803955,,1.0197291374206543,1.0197291374206543,,,,
425,2981,,,0.2996041178703308,,0.2990575432777405,0.2990575432777405,,,,
,425,,,,,,,,,1.0272701978683472,1.0272701978683472
425,2981,,,,,,,1.0272701978683472,1.0272701978683472,,
425,2981,0.7950776815414429,0.7956240773200989,,0.7950776815414429,,,,,,
426,2982,,,0.576454222202301,,0.5759076476097107,0.5759076476097107,,,,
426,2983,,,0.9438232183456421,,0.943276584148407,0.943276584148407,,,,
426,2984,,,0.6045728325843811,,0.6040261387825012,0.6040261387825012,,,,
426,2985,,,0.9486140012741089,,0.9480672478675842,0.9480672478675842,,,,
426,2986,,,0.5742912292480469,,0.5737444162368774,0.5737444162368774,,,,
426,2987,,,1.0207926034927368,,1.0202457904815674,1.0202457904815674,,,,
426,2988,,,1.0417646169662476,,1.0412176847457886,1.0412176847457886,,,,
,426,,,,,,,,,1.021209478378296,1.021209478378296
426,2988,,,,,,,1.021209478378296,1.021209478378296,,
426,2988,0.7930548191070557,0.7936015129089355,,0.7930548191070557,,,,,,
427,2989,,,1.2350717782974243,,1.2345248460769653,1.2345248460769653,,,,
427,2990,,,0.7597719430923462,,0.7592248916625977,0.7592248916625977,,,,
427,2991,,,0.520856499671936,,0.5203093886375427,0.5203093886375427,,,,
427,2992,,,0.5750613212585449,,0.5745141506195068,0.5745141506195068,,,,
427,2993,,,0.685553252696991,,0.6850060224533081,0.6850060224533081,,,,
427,2994,,,1.1144641637802124,,1.1139168739318848,1.1139168739318848,,,,
427,2995,,,0.36983051896095276,,0.3692832291126251,0.3692832291126251,,,,
,427,,,,,,,,,0.9970287084579468,0.9970287084579468
427,2995,,,,,,,0.9970287084579468,0.9970287084579468,,
427,2995,0.7883885502815247,0.7889357805252075,,0.7883885502815247,,,,,,
428,2996,,,1.1196893453598022,,1.119141936302185,1.119141936302185,,,,
428,2997,,,0.5156121253967285,,0.5150647163391113,0.5150647163391113,,,,
428,2998,,,0.48650434613227844,,0.4859568476676941,0.4859568476676941,,,,
428,2999,,,0.9183744788169861,,0.9178269505500793,0.9178269505500793,,,,
428,3000,,,0.7114918231964111,,0.7109442353248596,0.7109442353248596,,,,
428,3001,,,1.2100385427474976,,1.2094908952713013,1.2094908952713013,,,,
428,3002,,,0.135831817984581,,0.13528411090373993,0.13528411090373993,,,,
,428,,,,,,,,,0.9733061790466309,0.9733061790466309
428,3002,,,,,,,0.9733061790466309,0.9733061790466309,,
428,3002,0.785750150680542,0.7862976789474487,,0.785750150680542,,,,,,
429,3003,,,0.456546813249588,,0.45599907636642456,0.45599907636642456,,,,
429,3004,,,0.833244264125824,,0.8326964974403381,0.8326964974403381,,,,
429,3005,,,0.7363569736480713,,0.7358091473579407,0.7358091473579407,,,,
429,3006,,,0.5216448307037354,,0.52109694480896,0.52109694480896,,,,
429,3007,,,0.5625835657119751,,0.5620356202125549,0.5620356202125549,,,,
429,3008,,,1.354028582572937,,1.353480577468872,1.353480577468872,,,,
429,3009,,,1.3832165002822876,,1.3826684951782227,1.3826684951782227,,,,
,429,,,,,,,,,0.9707730412483215,0.9707730412483215
429,3009,,,,,,,0.9707730412483215,0.9707730412483215,,
429,3009,0.7811166644096375,0.7816645503044128,,0.7811166644096375,,,,,,
430,3010,,,1.0709731578826904,,1.070425033569336,1.070425033569336,,,,
430,3011,,,0.5636036992073059,,0.5630555152893066,0.5630555152893066,,,,
430,3012,,,0.45371925830841064,,0.453171044588089,0.453171044588089,,,,
430,3013,,,0.5163127183914185,,0.5157644152641296,0.5157644152641296,,,,
430,3014,,,0.5635366439819336,,0.5629883408546448,0.5629883408546448,,,,
430,3015,,,1.396020531654358,,1.3954721689224243,1.3954721689224243,,,,
430,3016,,,1.0547704696655273,,1.0542219877243042,1.0542219877243042,,,,
,430,,,,,,,,,0.9692424535751343,0.9692424535751343
430,3016,,,,,,,0.9692424535751343,0.9692424535751343,,
430,3016,0.7774446606636047,0.777992844581604,,0.7774446606636047,,,,,,
431,3017,,,0.9426884055137634,,0.9421398639678955,0.9421398639678955,,,,
431,3018,,,0.9039811491966248,,0.9034325480461121,0.9034325480461121,,,,
431,3019,,,0.48841923475265503,,0.48787060379981995,0.48787060379981995,,,,
431,3020,,,0.45148593187332153,,0.4509372413158417,0.4509372413158417,,,,
431,3021,,,0.8048038482666016,,0.8042551279067993,0.8042551279067993,,,,
431,3022,,,0.41623225808143616,,0.41568344831466675,0.41568344831466675,,,,
431,3023,,,2.4760425090789795,,2.4754936695098877,2.4754936695098877,,,,
,431,,,,,,,,,0.9734520316123962,0.9734520316123962
431,3023,,,,,,,0.9734520316123962,0.9734520316123962,,
431,3023,0.7737456560134888,0.774294376373291,,0.7737456560134888,,,,,,
432,3024,,,0.6845812201499939,,0.6840323209762573,0.6840323209762573,,,,
432,3025,,,1.2219598293304443,,1.221410870552063,1.221410870552063,,,,
432,3026,,,0.7182869911193848,,0.7177379727363586,0.7177379727363586,,,,
432,3027,,,0.8002283573150635,,0.7996792793273926,0.7996792793273926,,,,
432,3028,,,0.9220500588417053,,0.9215009808540344,0.9215009808540344,,,,
432,3029,,,0.322521835565567,,0.32197266817092896,0.32197266817092896,,,,
432,3030,,,0.6692550778388977,,0.6687058806419373,0.6687058806419373,,,,
,432,,,,,,,,,0.9666580557823181,0.9666580557823181
432,3030,,,,,,,0.9666580557823181,0.9666580557823181,,
432,3030,0.7713096737861633,0.7718586921691895,,0.7713096737861633,,,,,,
433,3031,,,0.3594772517681122,,0.35892796516418457,0.35892796516418457,,,,
433,3032,,,0.6875503063201904,,0.6870009899139404,0.6870009899139404,,,,
433,3033,,,1.2280197143554688,,1.2274702787399292,1.2274702787399292,,,,
433,3034,,,0.608665943145752,,0.6081165075302124,0.6081165075302124,,,,
433,3035,,,0.7537461519241333,,0.753196656703949,0.753196656703949,,,,
433,3036,,,1.11392343044281,,1.113373875617981,1.113373875617981,,,,
433,3037,,,0.3983592391014099,,0.39780962467193604,0.39780962467193604,,,,
,433,,,,,,,,,0.9561653733253479,0.9561653733253479
433,3037,,,,,,,0.9561653733253479,0.9561653733253479,,
433,3037,0.7681984305381775,0.7687478065490723,,0.7681984305381775,,,,,,
434,3038,,,0.7081828117370605,,0.7076331377029419,0.7076331377029419,,,,
434,3039,,,0.5701348781585693,,0.5695851445198059,0.5695851445198059,,,,
434,3040,,,1.2063425779342651,,1.205792784690857,1.205792784690857,,,,
434,3041,,,1.0947850942611694,,1.0942353010177612,1.0942353010177612,,,,
434,3042,,,0.570307195186615,,0.5697572827339172,0.5697572827339172,,,,
434,3043,,,0.5503971576690674,,0.5498471856117249,0.5498471856117249,,,,
434,3044,,,0.4762856066226959,,0.475735604763031,0.475735604763031,,,,
,434,,,,,,,,,0.9515898823738098,0.9515898823738098
434,3044,,,,,,,0.9515898823738098,0.9515898823738098,,
434,3044,0.7647454738616943,0.765295147895813,,0.7647454738616943,,,,,,
435,3045,,,1.0267139673233032,,1.026163935661316,1.026163935661316,,,,
435,3046,,,0.9586713314056396,,0.9581212401390076,0.9581212401390076,,,,
435,3047,,,0.5768210291862488,,0.5762708187103271,0.5762708187103271,,,,
435,3048,,,0.6786911487579346,,0.6781409382820129,0.6781409382820129,,,,
435,3049,,,0.5446290969848633,,0.5440788269042969,0.5440788269042969,,,,
435,3050,,,0.6754804849624634,,0.6749301552772522,0.6749301552772522,,,,
435,3051,,,1.0723562240600586,,1.0718058347702026,1.0718058347702026,,,,
,435,,,,,,,,,0.9468175768852234,0.9468175768852234
435,3051,,,,,,,0.9468175768852234,0.9468175768852234,,
435,3051,0.7622953653335571,0.7628455758094788,,0.7622953653335571,,,,,,
436,3052,,,0.7761169075965881,,0.7755664587020874,0.7755664587020874,,,,
436,3053,,,0.6232709884643555,,0.62272047996521,0.62272047996521,,,,
436,3054,,,0.4958806037902832,,0.4953300356864929,0.4953300356864929,,,,
436,3055,,,0.6538467407226562,,0.6532961130142212,0.6532961130142212,,,,
436,3056,,,1.033289909362793,,1.032739281654358,1.032739281654358,,,,
436,3057,,,1.0988502502441406,,1.098299503326416,1.098299503326416,,,,
436,3058,,,0.4379003643989563,,0.4373495876789093,0.4373495876789093,,,,
,436,,,,,,,,,0.9510061144828796,0.9510061144828796
436,3058,,,,,,,0.9510061144828796,0.9510061144828796,,
436,3058,0.7595228552818298,0.7600734233856201,,0.7595228552818298,,,,,,
437,3059,,,1.1723331212997437,,1.1717822551727295,1.1717822551727295,,,,
437,3060,,,1.1140090227127075,,1.1134581565856934,1.1134581565856934,,,,
437,3061,,,0.5524446368217468,,0.5518937110900879,0.5518937110900879,,,,
437,3062,,,0.5628135204315186,,0.5622625350952148,0.5622625350952148,,,,
437,3063,,,0.5325444340705872,,0.5319933891296387,0.5319933891296387,,,,
437,3064,,,0.7134398818016052,,0.712888777256012,0.712888777256012,,,,
437,3065,,,0.46688979864120483,,0.4663386344909668,0.4663386344909668,,,,
,437,,,,,,,,,0.9419378042221069,0.9419378042221069
437,3065,,,,,,,0.9419378042221069,0.9419378042221069,,
437,3065,0.7559460401535034,0.7564969658851624,,0.7559460401535034,,,,,,
438,3066,,,0.9018402099609375,,0.9012889862060547,0.9012889862060547,,,,
438,3067,,,0.8579035997390747,,0.8573523163795471,0.8573523163795471,,,,
438,3068,,,0.4425344467163086,,0.4419831335544586,0.4419831335544586,,,,
438,3069,,,0.8773158192634583,,0.8767644166946411,0.8767644166946411,,,,
438,3070,,,0.8188710808753967,,0.8183196783065796,0.8183196783065796,,,,
438,3071,,,0.725835919380188,,0.7252844572067261,0.7252844572067261,,,,
438,3072,,,0.4918084442615509,,0.4912568926811218,0.4912568926811218,,,,
,438,,,,,,,,,0.9183872938156128,0.9183872938156128
438,3072,,,,,,,0.9183872938156128,0.9183872938156128,,
438,3072,0.7537591457366943,0.7543104290962219,,0.7537591457366943,,,,,,
439,3073,,,0.48081594705581665,,0.4802643358707428,0.4802643358707428,,,,
439,3074,,,0.7591958045959473,,0.7586441040039062,0.7586441040039062,,,,
439,3075,,,0.6715579032897949,,0.6710061430931091,0.6710061430931091,,,,
439,3076,,,1.0545222759246826,,1.053970456123352,1.053970456123352,,,,
439,3077,,,0.8550868034362793,,0.854534924030304,0.854534924030304,,,,
439,3078,,,0.8505402207374573,,0.8499882817268372,0.8499882817268372,,,,
439,3079,,,0.30673739314079285,,0.30618542432785034,0.30618542432785034,,,,
,439,,,,,,,,,0.9071056246757507,0.9071056246757507
439,3079,,,,,,,0.9071056246757507,0.9071056246757507,,
439,3079,0.7503101825714111,0.7508620619773865,,0.7503101825714111,,,,,,
440,3080,,,0.41394007205963135,,0.41338807344436646,0.41338807344436646,,,,
440,3081,,,0.45889148116111755,,0.4583394229412079,0.4583394229412079,,,,
440,3082,,,0.8558646440505981,,0.8553125262260437,0.8553125262260437,,,,
440,3083,,,0.8454312682151794,,0.8448790907859802,0.8448790907859802,,,,
440,3084,,,0.8663244247436523,,0.8657721877098083,0.8657721877098083,,,,
440,3085,,,1.2162206172943115,,1.2156683206558228,1.2156683206558228,,,,
440,3086,,,0.30340176820755005,,0.3028494417667389,0.3028494417667389,,,,
,440,,,,,,,,,0.9007181525230408,0.9007181525230408
440,3086,,,,,,,0.9007181525230408,0.9007181525230408,,
440,3086,0.7477535009384155,0.74830561876297,,0.7477535009384155,,,,,,
441,3087,,,0.6180869936943054,,0.6175346374511719,0.6175346374511719,,,,
441,3088,,,1.217763900756836,,1.2172114849090576,1.2172114849090576,,,,
441,3089,,,0.9867845773696899,,0.9862321019172668,0.9862321019172668,,,,
441,3090,,,0.9450165629386902,,0.9444640278816223,0.9444640278816223,,,,
441,3091,,,0.3805833160877228,,0.38003072142601013,0.38003072142601013,,,,
441,3092,,,0.36010608077049255,,0.35955342650413513,0.35955342650413513,,,,
441,3093,,,0.6452783346176147,,0.6447256207466125,0.6447256207466125,,,,
,441,,,,,,,,,0.9054511189460754,0.9054511189460754
441,3093,,,,,,,0.9054511189460754,0.9054511189460754,,
441,3093,0.7445958256721497,0.7451484799385071,,0.7445958256721497,,,,,,
442,3094,,,0.5290110111236572,,0.5284582376480103,0.5284582376480103,,,,
442,3095,,,0.489869087934494,,0.48931628465652466,0.48931628465652466,,,,
442,3096,,,1.060801386833191,,1.0602484941482544,1.0602484941482544,,,,
442,3097,,,1.1426268815994263,,1.1420739889144897,1.1420739889144897,,,,
442,3098,,,0.7473342418670654,,0.7467812895774841,0.7467812895774841,,,,
442,3099,,,0.5785345435142517,,0.5779815316200256,0.5779815316200256,,,,
442,3100,,,0.48921921849250793,,0.4886661469936371,0.4886661469936371,,,,
,442,,,,,,,,,0.9025891423225403,0.9025891423225403
442,3100,,,,,,,0.9025891423225403,0.9025891423225403,,
442,3100,0.7416642904281616,0.7422171235084534,,0.7416642904281616,,,,,,
443,3101,,,0.98233562707901,,0.9817824959754944,0.9817824959754944,,,,
443,3102,,,1.2190055847167969,,1.2184523344039917,1.2184523344039917,,,,
443,3103,,,0.6635305285453796,,0.6629772782325745,0.6629772782325745,,,,
443,3104,,,0.5103005766868591,,0.5097472667694092,0.5097472667694092,,,,
443,3105,,,0.3821111023426056,,0.38155776262283325,0.38155776262283325,,,,
443,3106,,,0.7363756895065308,,0.7358222603797913,0.7358222603797913,,,,
443,3107,,,0.5880243182182312,,0.5874708294868469,0.5874708294868469,,,,
,443,,,,,,,,,0.890103816986084,0.890103816986084
443,3107,,,,,,,0.890103816986084,0.890103816986084,,
443,3107,0.7389240860939026,0.7394773364067078,,0.7389240860939026,,,,,,
444,3108,,,0.484551340341568,,0.48399782180786133,0.48399782180786133,,,,
444,3109,,,0.7397763729095459,,0.7392227649688721,0.7392227649688721,,,,
444,3110,,,0.881327748298645,,0.8807740807533264,0.8807740807533264,,,,
444,3111,,,0.9119364619255066,,0.9113827347755432,0.9113827347755432,,,,
444,3112,,,0.5577781796455383,,0.5572243928909302,0.5572243928909302,,,,
444,3113,,,0.5116667747497559,,0.5111129283905029,0.5111129283905029,,,,
444,3114,,,1.6188998222351074,,1.6183459758758545,1.6183459758758545,,,,
,444,,,,,,,,,0.8721188306808472,0.8721188306808472
444,3114,,,,,,,0.8721188306808472,0.8721188306808472,,
444,3114,0.7357794642448425,0.7363333106040955,,0.7357794642448425,,,,,,
445,3115,,,1.1343601942062378,,1.1338062286376953,1.1338062286376953,,,,
445,3116,,,0.8089039325714111,,0.8083499670028687,0.8083499670028687,,,,
445,3117,,,0.9905956387519836,,0.9900416135787964,0.9900416135787964,,,,
445,3118,,,0.5421619415283203,,0.5416078567504883,0.5416078567504883,,,,
445,3119,,,0.3020373284816742,,0.3014832139015198,0.3014832139015198,,,,
445,3120,,,0.5183950066566467,,0.5178408622741699,0.5178408622741699,,,,
445,3121,,,1.013766884803772,,1.0132126808166504,1.0132126808166504,,,,
,445,,,,,,,,,0.8614170551300049,0.8614170551300049
445,3121,,,,,,,0.8614171147346497,0.8614171147346497,,
445,3121,0.7330328822135925,0.7335869073867798,,0.7330328822135925,,,,,,
446,3122,,,0.7874294519424438,,0.7868751883506775,0.7868751883506775,,,,
446,3123,,,1.237795114517212,,1.2372407913208008,1.2372407913208008,,,,
446,3124,,,0.4245220124721527,,0.4239676296710968,0.4239676296710968,,,,
446,3125,,,0.6834129095077515,,0.6828584671020508,0.6828584671020508,,,,
446,3126,,,0.48622721433639526,,0.4856727421283722,0.4856727421283722,,,,
446,3127,,,0.9100422263145447,,0.9094877243041992,0.9094877243041992,,,,
446,3128,,,0.361441969871521,,0.3608873784542084,0.3608873784542084,,,,
,446,,,,,,,,,0.8538896441459656,0.8538896441459656
446,3128,,,,,,,0.8538896441459656,0.8538896441459656,,
446,3128,0.7312055230140686,0.7317599654197693,,0.7312055230140686,,,,,,
447,3129,,,0.4344191253185272,,0.4338644742965698,0.4338644742965698,,,,
447,3130,,,0.923440158367157,,0.9228854775428772,0.9228854775428772,,,,
447,3131,,,0.5783433318138123,,0.5777885913848877,0.5777885913848877,,,,
447,3132,,,0.6455692052841187,,0.6450144052505493,0.6450144052505493,,,,
447,3133,,,1.0265339612960815,,1.0259790420532227,1.0259790420532227,,,,
447,3134,,,0.3325418531894684,,0.3319869041442871,0.3319869041442871,,,,
447,3135,,,1.8760937452316284,,1.87553870677948,1.87553870677948,,,,
,447,,,,,,,,,0.8451558351516724,0.8451558351516724
447,3135,,,,,,,0.8451558351516724,0.8451558351516724,,
447,3135,0.7279759049415588,0.7285306453704834,,0.7279759049415588,,,,,,
448,3136,,,1.1494016647338867,,1.1488466262817383,1.1488466262817383,,,,
448,3137,,,0.4570164382457733,,0.4564613699913025,0.4564613699913025,,,,
448,3138,,,0.5156646370887756,,0.5151095390319824,0.5151095390319824,,,,
448,3139,,,0.6995119452476501,,0.6989567875862122,0.6989567875862122,,,,
448,3140,,,0.6172937154769897,,0.616738498210907,0.616738498210907,,,,
448,3141,,,0.4517456889152527,,0.45119041204452515,0.45119041204452515,,,,
448,3142,,,1.9715903997421265,,1.971035122871399,1.971035122871399,,,,
,448,,,,,,,,,0.8404404520988464,0.8404404520988464
448,3142,,,,,,,0.8404404520988464,0.8404404520988464,,
448,3142,0.7257162928581238,0.7262714505195618,,0.7257162928581238,,,,,,
449,3143,,,0.3752188980579376,,0.3746635317802429,0.3746635317802429,,,,
449,3144,,,0.5565482974052429,,0.5559929013252258,0.5559929013252258,,,,
449,3145,,,0.6043331027030945,,0.6037776470184326,0.6037776470184326,,,,
449,3146,,,1.2597465515136719,,1.2591910362243652,1.2591910362243652,,,,
449,3147,,,0.6112160086631775,,0.6106604337692261,0.6106604337692261,,,,
449,3148,,,0.8103487491607666,,0.8097931146621704,0.8097931146621704,,,,
449,3149,,,1.0473257303237915,,1.0467700958251953,1.0467700958251953,,,,
,449,,,,,,,,,0.8380221128463745,0.8380221128463745
449,3149,,,,,,,0.8380221128463745,0.8380221128463745,,
449,3149,0.7226065993309021,0.7231621742248535,,0.7226065993309021,,,,,,
450,3150,,,0.7287479639053345,,0.7281922101974487,0.7281922101974487,,,,
450,3151,,,0.6271913647651672,,0.6266356110572815,0.6266356110572815,,,,
450,3152,,,1.4282797574996948,,1.4277238845825195,1.4277238845825195,,,,
450,3153,,,0.4118904769420624,,0.4113346040248871,0.4113346040248871,,,,
450,3154,,,0.7471586465835571,,0.7466027140617371,0.7466027140617371,,,,
450,3155,,,0.5355323553085327,,0.5349763631820679,0.5349763631820679,,,,
450,3156,,,0.3148137331008911,,0.3142576813697815,0.3142576813697815,,,,
,450,,,,,,,,,0.8338091373443604,0.8338091373443604
450,3156,,,,,,,0.8338091969490051,0.8338091969490051,,
450,3156,0.720519483089447,0.7210754752159119,,0.720519483089447,,,,,,
451,3157,,,0.6313554048538208,,0.6307992935180664,0.6307992935180664,,,,
451,3158,,,0.9101554751396179,,0.9095993041992188,0.9095993041992188,,,,
451,3159,,,0.5439616441726685,,0.5434054136276245,0.5434054136276245,,,,
451,3160,,,0.7286127209663391,,0.7280564308166504,0.7280564308166504,,,,
451,3161,,,1.168807029724121,,1.1682506799697876,1.1682506799697876,,,,
451,3162,,,0.3272654116153717,,0.3267090320587158,0.3267090320587158,,,,
451,3163,,,0.7145711779594421,,0.7140147686004639,0.7140147686004639,,,,
,451,,,,,,,,,0.8244680762290955,0.8244680762290955
451,3163,,,,,,,0.8244680762290955,0.8244680762290955,,
451,3163,0.7175804376602173,0.7181367874145508,,0.7175804376602173,,,,,,
452,3164,,,0.7720078229904175,,0.7714513540267944,0.7714513540267944,,,,
452,3165,,,0.4242232143878937,,0.42366668581962585,0.42366668581962585,,,,
452,3166,,,1.0681400299072266,,1.067583441734314,1.067583441734314,,,,
452,3167,,,0.6558029651641846,,0.6552463173866272,0.6552463173866272,,,,
452,3168,,,0.3199125826358795,,0.31935590505599976,0.31935590505599976,,,,
452,3169,,,0.8638252019882202,,0.8632684946060181,0.8632684946060181,,,,
452,3170,,,1.2167913913726807,,1.216234564781189,1.216234564781189,,,,
,452,,,,,,,,,0.8105033040046692,0.8105033040046692
452,3170,,,,,,,0.8105033040046692,0.8105033040046692,,
452,3170,0.7147701978683472,0.7153268456459045,,0.7147701978683472,,,,,,
453,3171,,,0.9038970470428467,,0.9033401608467102,0.9033401608467102,,,,
453,3172,,,1.2926172018051147,,1.2920602560043335,1.2920602560043335,,,,
453,3173,,,0.5534191727638245,,0.5528622269630432,0.5528622269630432,,,,
453,3174,,,0.5882524847984314,,0.5876954793930054,0.5876954793930054,,,,
453,3175,,,0.471302330493927,,0.4707452654838562,0.4707452654838562,,,,
453,3176,,,0.5353653430938721,,0.5348082184791565,0.5348082184791565,,,,
453,3177,,,0.5159021019935608,,0.5153449177742004,0.5153449177742004,,,,
,453,,,,,,,,,0.8030575513839722,0.8030575513839722
453,3177,,,,,,,0.8030575513839722,0.8030575513839722,,
453,3177,0.7113358974456787,0.71189284324646,,0.7113358974456787,,,,,,
454,3178,,,0.9312330484390259,,0.9306758046150208,0.9306758046150208,,,,
454,3179,,,0.8244479298591614,,0.8238906264305115,0.8238906264305115,,,,
454,3180,,,0.4972226321697235,,0.49666526913642883,0.49666526913642883,,,,
454,3181,,,0.3901152014732361,,0.38955777883529663,0.38955777883529663,,,,
454,3182,,,0.7568294405937195,,0.7562719583511353,0.7562719583511353,,,,
454,3183,,,0.9024882316589355,,0.9019306898117065,0.9019306898117065,,,,
454,3184,,,0.5491117835044861,,0.5485542416572571,0.5485542416572571,,,,
,454,,,,,,,,,0.8102061748504639,0.8102061748504639
454,3184,,,,,,,0.8102061152458191,0.8102061152458191,,
454,3184,0.7066196203231812,0.7071770429611206,,0.7066196203231812,,,,,,
455,3185,,,0.7506287693977356,,0.7500711679458618,0.7500711679458618,,,,
455,3186,,,0.933576762676239,,0.9330191016197205,0.9330191016197205,,,,
455,3187,,,0.8908208608627319,,0.8902631402015686,0.8902631402015686,,,,
455,3188,,,0.4135069251060486,,0.4129491448402405,0.4129491448402405,,,,
455,3189,,,0.8738375306129456,,0.8732796907424927,0.8732796907424927,,,,
455,3190,,,0.4778674244880676,,0.47730955481529236,0.47730955481529236,,,,
455,3191,,,0.39103084802627563,,0.3904729187488556,0.3904729187488556,,,,
,455,,,,,,,,,0.8160982131958008,0.8160982131958008
455,3191,,,,,,,0.8160982131958008,0.8160982131958008,,
455,3191,0.7032656669616699,0.7038235664367676,,0.7032656669616699,,,,,,
456,3192,,,0.5556538105010986,,0.5550958514213562,0.5550958514213562,,,,
456,3193,,,0.6503189206123352,,0.649760901927948,0.649760901927948,,,,
456,3194,,,1.050128698348999,,1.0495706796646118,1.0495706796646118,,,,
456,3195,,,1.0781162977218628,,1.077558159828186,1.077558159828186,,,,
456,3196,,,0.4348122775554657,,0.43425410985946655,0.43425410985946655,,,,
456,3197,,,0.5935619473457336,,0.5930036902427673,0.5930036902427673,,,,
456,3198,,,0.28219133615493774,,0.28163304924964905,0.28163304924964905,,,,
,456,,,,,,,,,0.8186610341072083,0.8186610341072083
456,3198,,,,,,,0.8186610341072083,0.8186610341072083,,
456,3198,0.7003695368766785,0.7009275555610657,,0.7003695368766785,,,,,,
457,3199,,,0.8675498366355896,,0.8669915199279785,0.8669915199279785,,,,
457,3200,,,0.5275931358337402,,0.5270347595214844,0.5270347595214844,,,,
457,3201,,,0.3673802614212036,,0.366821825504303,0.366821825504303,,,,
457,3202,,,0.8823011517524719,,0.8817426562309265,0.8817426562309265,,,,
457,3203,,,0.7463502883911133,,0.7457917332649231,0.7457917332649231,,,,
457,3204,,,0.8213558197021484,,0.8207972049713135,0.8207972049713135,,,,
457,3205,,,0.631465494632721,,0.6309068202972412,0.6309068202972412,,,,
,457,,,,,,,,,0.8162282705307007,0.8162282705307007
457,3205,,,,,,,0.8162282705307007,0.8162282705307007,,
457,3205,0.6973756551742554,0.6979341506958008,,0.6973756551742554,,,,,,
458,3206,,,0.8368992805480957,,0.8363405466079712,0.8363405466079712,,,,
458,3207,,,0.5838825702667236,,0.5833238363265991,0.5833238363265991,,,,
458,3208,,,0.7623040676116943,,0.761745274066925,0.761745274066925,,,,
458,3209,,,0.8710299730300903,,0.8704711198806763,0.8704711198806763,,,,
458,3210,,,0.3595752716064453,,0.3590163290500641,0.3590163290500641,,,,
458,3211,,,0.5143548846244812,,0.5137959122657776,0.5137959122657776,,,,
458,3212,,,1.3451955318450928,,1.3446365594863892,1.3446365594863892,,,,
,458,,,,,,,,,0.8166336417198181,0.8166336417198181
458,3212,,,,,,,0.8166336417198181,0.8166336417198181,,
458,3212,0.6947343945503235,0.6952931880950928,,0.6947343945503235,,,,,,
459,3213,,,0.6653568744659424,,0.6647977828979492,0.6647977828979492,,,,
459,3214,,,1.481524109840393,,1.4809648990631104,1.4809648990631104,,,,
459,3215,,,0.767437219619751,,0.7668780088424683,0.7668780088424683,,,,
459,3216,,,0.5823696255683899,,0.5818103551864624,0.5818103551864624,,,,
459,3217,,,0.35602274537086487,,0.3554634153842926,0.3554634153842926,,,,
459,3218,,,0.4163433313369751,,0.41578397154808044,0.41578397154808044,,,,
459,3219,,,0.3920486867427826,,0.39148926734924316,0.39148926734924316,,,,
,459,,,,,,,,,0.8087939620018005,0.8087939620018005
459,3219,,,,,,,0.8087939620018005,0.8087939620018005,,
459,3219,0.6921579837799072,0.6927172541618347,,0.6921579837799072,,,,,,
460,3220,,,0.5487037897109985,,0.5481442809104919,0.5481442809104919,,,,
460,3221,,,0.6490858793258667,,0.6485263109207153,0.6485263109207153,,,,
460,3222,,,0.8999533653259277,,0.8993937969207764,0.8993937969207764,,,,
460,3223,,,0.85367351770401,,0.8531138896942139,0.8531138896942139,,,,
460,3224,,,0.31704166531562805,,0.31648194789886475,0.31648194789886475,,,,
460,3225,,,0.9558662176132202,,0.9553064703941345,0.9553064703941345,,,,
460,3226,,,0.46773478388786316,,0.4671749770641327,0.4671749770641327,,,,
,460,,,,,,,,,0.7957176566123962,0.7957176566123962
460,3226,,,,,,,0.7957176566123962,0.7957176566123962,,
460,3226,0.6895933151245117,0.6901529431343079,,0.6895933151245117,,,,,,
461,3227,,,0.72505122423172,,0.7244913578033447,0.7244913578033447,,,,
461,3228,,,0.4661902189254761,,0.46563029289245605,0.46563029289245605,,,,
461,3229,,,0.9624851942062378,,0.961925208568573,0.961925208568573,,,,
461,3230,,,0.7441527247428894,,0.7435926795005798,0.7435926795005798,,,,
461,3231,,,0.38319000601768494,,0.382629930973053,0.382629930973053,,,,
461,3232,,,0.8645573258399963,,0.8639971613883972,0.8639971613883972,,,,
461,3233,,,0.6319764256477356,,0.6314162611961365,0.6314162611961365,,,,
,461,,,,,,,,,0.7836489677429199,0.7836489677429199
461,3233,,,,,,,0.7836489677429199,0.7836489677429199,,
461,3233,0.6869094967842102,0.687469482421875,,0.6869094967842102,,,,,,
462,3234,,,0.4527323246002197,,0.45217207074165344,0.45217207074165344,,,,
462,3235,,,0.7563510537147522,,0.7557907700538635,0.7557907700538635,,,,
462,3236,,,0.718690812587738,,0.7181304693222046,0.7181304693222046,,,,
462,3237,,,1.047192096710205,,1.0466316938400269,1.0466316938400269,,,,
462,3238,,,0.4602985084056854,,0.4597380459308624,0.4597380459308624,,,,
462,3239,,,0.6757306456565857,,0.6751701235771179,0.6751701235771179,,,,
462,3240,,,0.6848859786987305,,0.6843253970146179,0.6843253970146179,,,,
,462,,,,,,,,,0.7834121584892273,0.7834121584892273
462,3240,,,,,,,0.7834121584892273,0.7834121584892273,,
462,3240,0.6845890283584595,0.6851493716239929,,0.6845890283584595,,,,,,
463,3241,,,0.2858732044696808,,0.28531256318092346,0.28531256318092346,,,,
463,3242,,,0.35234713554382324,,0.35178646445274353,0.35178646445274353,,,,
463,3243,,,1.237899899482727,,1.2373391389846802,1.2373391389846802,,,,
463,3244,,,0.362027108669281,,0.36146631836891174,0.36146631836891174,,,,
463,3245,,,0.964680016040802,,0.9641191959381104,0.9641191959381104,,,,
463,3246,,,0.8659851551055908,,0.8654242753982544,0.8654242753982544,,,,
463,3247,,,0.7539153695106506,,0.7533544301986694,0.7533544301986694,,,,
,463,,,,,,,,,0.7859926223754883,0.7859926223754883
463,3247,,,,,,,0.7859926223754883,0.7859926223754883,,
463,3247,0.6820322871208191,0.682593047618866,,0.6820322871208191,,,,,,
464,3248,,,0.5602381229400635,,0.5596771240234375,0.5596771240234375,,,,
464,3249,,,0.6577340364456177,,0.6571729779243469,0.6571729779243469,,,,
464,3250,,,0.44103482365608215,,0.4404737055301666,0.4404737055301666,,,,
464,3251,,,1.4230074882507324,,1.422446370124817,1.422446370124817,,,,
464,3252,,,0.6026590466499329,,0.6020978093147278,0.6020978093147278,,,,
464,3253,,,0.5744017362594604,,0.5738404393196106,0.5738404393196106,,,,
464,3254,,,0.20371724665164948,,0.20315591990947723,0.20315591990947723,,,,
,464,,,,,,,,,0.7860057353973389,0.7860057353973389
464,3254,,,,,,,0.7860056757926941,0.7860056757926941,,
464,3254,0.6795123815536499,0.680073618888855,,0.6795123815536499,,,,,,
465,3255,,,0.6477850079536438,,0.6472236514091492,0.6472236514091492,,,,
465,3256,,,0.5379104018211365,,0.5373489856719971,0.5373489856719971,,,,
465,3257,,,0.4485549032688141,,0.4479934275150299,0.4479934275150299,,,,
465,3258,,,1.1255667209625244,,1.1250051259994507,1.1250051259994507,,,,
465,3259,,,1.1040191650390625,,1.1034575700759888,1.1034575700759888,,,,
465,3260,,,0.33566829562187195,,0.33510664105415344,0.33510664105415344,,,,
465,3261,,,0.32401004433631897,,0.3234483599662781,0.3234483599662781,,,,
,465,,,,,,,,,0.7745200991630554,0.7745200991630554
465,3261,,,,,,,0.7745200991630554,0.7745200991630554,,
465,3261,0.677243709564209,0.6778051853179932,,0.677243709564209,,,,,,
466,3262,,,1.2278776168823242,,1.227315902709961,1.227315902709961,,,,
466,3263,,,0.44842299818992615,,0.4478611946105957,0.4478611946105957,,,,
466,3264,,,0.5915446877479553,,0.5909828543663025,0.5909828543663025,,,,
466,3265,,,0.7617772221565247,,0.761215329170227,0.761215329170227,,,,
466,3266,,,0.40085482597351074,,0.40029284358024597,0.40029284358024597,,,,
466,3267,,,0.45658308267593384,,0.4560210704803467,0.4560210704803467,,,,
466,3268,,,1.1138120889663696,,1.1132500171661377,1.1132500171661377,,,,
,466,,,,,,,,,0.7678036093711853,0.7678036093711853
466,3268,,,,,,,0.7678036093711853,0.7678036093711853,,
466,3268,0.6746914386749268,0.6752533316612244,,0.6746914386749268,,,,,,
467,3269,,,0.193203866481781,,0.1926417499780655,0.1926417499780655,,,,
467,3270,,,0.7631354331970215,,0.7625733017921448,0.7625733017921448,,,,
467,3271,,,0.4135001003742218,,0.41293787956237793,0.41293787956237793,,,,
467,3272,,,0.9275817275047302,,0.927019476890564,0.927019476890564,,,,
467,3273,,,0.5050421953201294,,0.5044798851013184,0.5044798851013184,,,,
467,3274,,,1.1276917457580566,,1.1271294355392456,1.1271294355392456,,,,
467,3275,,,0.9629460573196411,,0.9623836278915405,0.9623836278915405,,,,
,467,,,,,,,,,0.764720618724823,0.764720618724823
467,3275,,,,,,,0.764720618724823,0.764720618724823,,
467,3275,0.6725765466690063,0.6731388568878174,,0.6725765466690063,,,,,,
468,3276,,,0.7117851376533508,,0.7112226486206055,0.7112226486206055,,,,
468,3277,,,0.5909725427627563,,0.5904099941253662,0.5904099941253662,,,,
468,3278,,,0.4032212793827057,,0.4026586711406708,0.4026586711406708,,,,
468,3279,,,0.5978378653526306,,0.5972751975059509,0.5972751975059509,,,,
468,3280,,,0.586666464805603,,0.5861037969589233,0.5861037969589233,,,,
468,3281,,,0.9917487502098083,,0.9911860227584839,0.9911860227584839,,,,
468,3282,,,1.0511631965637207,,1.0506004095077515,1.0506004095077515,,,,
,468,,,,,,,,,0.7628882527351379,0.7628882527351379
468,3282,,,,,,,0.7628882527351379,0.7628882527351379,,
468,3282,0.6702481508255005,0.6708106994628906,,0.6702481508255005,,,,,,
469,3283,,,0.3337109684944153,,0.3331480920314789,0.3331480920314789,,,,
469,3284,,,0.7301748991012573,,0.7296119928359985,0.7296119928359985,,,,
469,3285,,,0.3655697703361511,,0.36500680446624756,0.36500680446624756,,,,
469,3286,,,0.33325591683387756,,0.3326928913593292,0.3326928913593292,,,,
469,3287,,,1.0224095582962036,,1.0218465328216553,1.0218465328216553,,,,
469,3288,,,1.2156095504760742,,1.2150464057922363,1.2150464057922363,,,,
469,3289,,,0.6882644891738892,,0.6877012848854065,0.6877012848854065,,,,
,469,,,,,,,,,0.7526434063911438,0.7526434063911438
469,3289,,,,,,,0.7526434063911438,0.7526434063911438,,
469,3289,0.667488694190979,0.6680517196655273,,0.667488694190979,,,,,,
470,3290,,,0.6717463135719299,,0.6711830496788025,0.6711830496788025,,,,
470,3291,,,0.7779695987701416,,0.7774062752723694,0.7774062752723694,,,,
470,3292,,,0.5100798010826111,,0.5095164179801941,0.5095164179801941,,,,
470,3293,,,0.9218493103981018,,0.9212859272956848,0.9212859272956848,,,,
470,3294,,,0.4191427230834961,,0.4185792803764343,0.4185792803764343,,,,
470,3295,,,0.7857651114463806,,0.7852016091346741,0.7852016091346741,,,,
470,3296,,,0.4275906980037689,,0.4270271360874176,0.4270271360874176,,,,
,470,,,,,,,,,0.7348213195800781,0.7348213195800781
470,3296,,,,,,,0.7348213195800781,0.7348213195800781,,
470,3296,0.6656169295310974,0.6661802530288696,,0.6656169295310974,,,,,,
471,3297,,,1.224645733833313,,1.224082112312317,1.224082112312317,,,,
471,3298,,,0.7543037533760071,,0.7537400722503662,0.7537400722503662,,,,
471,3299,,,0.3671393096446991,,0.36657559871673584,0.36657559871673584,,,,
471,3300,,,0.463136225938797,,0.46257245540618896,0.46257245540618896,,,,
471,3301,,,0.40509483218193054,,0.40453100204467773,0.40453100204467773,,,,
471,3302,,,0.8095265030860901,,0.8089626431465149,0.8089626431465149,,,,
471,3303,,,0.5501879453659058,,0.5496240258216858,0.5496240258216858,,,,
,471,,,,,,,,,0.7207252383232117,0.7207252383232117
471,3303,,,,,,,0.7207252383232117,0.7207252383232117,,
471,3303,0.6629918217658997,0.6635556221008301,,0.6629918217658997,,,,,,
472,3304,,,0.45440346002578735,,0.4538394510746002,0.4538394510746002,,,,
472,3305,,,0.5449105501174927,,0.5443465113639832,0.5443465113639832,,,,
472,3306,,,1.1009615659713745,,1.1003974676132202,1.1003974676132202,,,,
472,3307,,,0.8492883443832397,,0.8487241864204407,0.8487241864204407,,,,
472,3308,,,0.7132458090782166,,0.7126815915107727,0.7126815915107727,,,,
472,3309,,,0.36261120438575745,,0.3620469570159912,0.3620469570159912,,,,
472,3310,,,0.5101532340049744,,0.509588897228241,0.509588897228241,,,,
,472,,,,,,,,,0.713776707649231,0.713776707649231
472,3310,,,,,,,0.713776707649231,0.713776707649231,,
472,3310,0.6608834266662598,0.6614476442337036,,0.6608834266662598,,,,,,
473,3311,,,0.848056972026825,,0.8474926352500916,0.8474926352500916,,,,
473,3312,,,0.3976599872112274,,0.39709559082984924,0.39709559082984924,,,,
473,3313,,,0.6684665679931641,,0.6679021120071411,0.6679021120071411,,,,
473,3314,,,0.6467777490615845,,0.6462132334709167,0.6462132334709167,,,,
473,3315,,,1.0910719633102417,,1.0905073881149292,1.0905073881149292,,,,
473,3316,,,0.3904304802417755,,0.3898658752441406,0.3898658752441406,,,,
473,3317,,,0.42763733863830566,,0.427072674036026,0.427072674036026,,,,
,473,,,,,,,,,0.6997848153114319,0.6997848153114319
473,3317,,,,,,,0.6997848153114319,0.6997848153114319,,
473,3317,0.6587026119232178,0.6592671275138855,,0.6587026119232178,,,,,,
474,3318,,,0.544196367263794,,0.5436316132545471,0.5436316132545471,,,,
474,3319,,,0.7561013102531433,,0.7555364966392517,0.7555364966392517,,,,
474,3320,,,0.8660111427307129,,0.8654463291168213,0.8654463291168213,,,,
474,3321,,,0.20775465667247772,,0.20718976855278015,0.20718976855278015,,,,
474,3322,,,1.2527542114257812,,1.2521892786026,1.2521892786026,,,,
474,3323,,,0.4470479190349579,,0.44648292660713196,0.44648292660713196,,,,
474,3324,,,0.31931018829345703,,0.31874513626098633,0.31874513626098633,,,,
,474,,,,,,,,,0.692345380783081,0.692345380783081
474,3324,,,,,,,0.6923453211784363,0.6923453211784363,,
474,3324,0.6572558283805847,0.6578207015991211,,0.6572558283805847,,,,,,
475,3325,,,0.4378870129585266,,0.43732190132141113,0.43732190132141113,,,,
475,3326,,,0.36169198155403137,,0.3611268103122711,0.3611268103122711,,,,
475,3327,,,0.8125566840171814,,0.8119914531707764,0.8119914531707764,,,,
475,3328,,,1.3355563879013062,,1.3349910974502563,1.3349910974502563,,,,
475,3329,,,0.6261836886405945,,0.6256183981895447,0.6256183981895447,,,,
475,3330,,,0.3555589020252228,,0.3549935221672058,0.3549935221672058,,,,
475,3331,,,0.657960057258606,,0.6573946475982666,0.6573946475982666,,,,
,475,,,,,,,,,0.6789138317108154,0.6789138317108154
475,3331,,,,,,,0.6789137721061707,0.6789137721061707,,
475,3331,0.6545202136039734,0.6550853848457336,,0.6545202136039734,,,,,,
476,3332,,,0.4729388654232025,,0.4723733961582184,0.4723733961582184,,,,
476,3333,,,0.7734018564224243,,0.7728363275527954,0.7728363275527954,,,,
476,3334,,,1.1122734546661377,,1.1117079257965088,1.1117079257965088,,,,
476,3335,,,0.39102447032928467,,0.3904588520526886,0.3904588520526886,,,,
476,3336,,,0.4760383367538452,,0.47547265887260437,0.47547265887260437,,,,
476,3337,,,0.6313779354095459,,0.6308122277259827,0.6308122277259827,,,,
476,3338,,,0.8109115362167358,,0.8103457689285278,0.8103457689285278,,,,
,476,,,,,,,,,0.6749201416969299,0.6749201416969299
476,3338,,,,,,,0.6749201416969299,0.6749201416969299,,
476,3338,0.6521632671356201,0.6527288556098938,,0.6521632671356201,,,,,,
477,3339,,,1.2804735898971558,,1.2799077033996582,1.2799077033996582,,,,
477,3340,,,0.5527363419532776,,0.55217045545578,0.55217045545578,,,,
477,3341,,,0.6226671934127808,,0.6221012473106384,0.6221012473106384,,,,
477,3342,,,0.674811065196991,,0.6742450594902039,0.6742450594902039,,,,
477,3343,,,0.5433162450790405,,0.5427501797676086,0.5427501797676086,,,,
477,3344,,,0.3362591862678528,,0.3356930613517761,0.3356930613517761,,,,
477,3345,,,0.3630770444869995,,0.36251088976860046,0.36251088976860046,,,,
,477,,,,,,,,,0.6820411086082458,0.6820411086082458
477,3345,,,,,,,0.6820411086082458,0.6820411086082458,,
477,3345,0.649852454662323,0.6504184603691101,,0.649852454662323,,,,,,
478,3346,,,0.5787262916564941,,0.5781601071357727,0.5781601071357727,,,,
478,3347,,,1.0030808448791504,,1.0025146007537842,1.0025146007537842,,,,
478,3348,,,0.4980504512786865,,0.49748414754867554,0.49748414754867554,,,,
478,3349,,,0.7024486064910889,,0.7018822431564331,0.7018822431564331,,,,
478,3350,,,0.6653331518173218,,0.6647667288780212,0.6647667288780212,,,,
478,3351,,,0.5239924788475037,,0.5234259963035583,0.5234259963035583,,,,
478,3352,,,0.42490699887275696,,0.42434048652648926,0.42434048652648926,,,,
,478,,,,,,,,,0.6826579570770264,0.6826579570770264
478,3352,,,,,,,0.6826578974723816,0.6826578974723816,,
478,3352,0.6474292874336243,0.6479955911636353,,0.6474292874336243,,,,,,
479,3353,,,0.630403459072113,,0.629836916923523,0.629836916923523,,,,
479,3354,,,1.1377815008163452,,1.1372148990631104,1.1372148990631104,,,,
479,3355,,,0.3933270573616028,,0.39276039600372314,0.39276039600372314,,,,
479,3356,,,0.3823741674423218,,0.38180744647979736,0.38180744647979736,,,,
479,3357,,,0.5924880504608154,,0.5919212698936462,0.5919212698936462,,,,
479,3358,,,0.6529908180236816,,0.6524240374565125,0.6524240374565125,,,,
479,3359,,,0.8751382827758789,,0.8745714426040649,0.8745714426040649,,,,
,479,,,,,,,,,0.6910159587860107,0.6910159587860107
479,3359,,,,,,,0.691015899181366,0.691015899181366,,
479,3359,0.645322322845459,0.6458889245986938,,0.645322322845459,,,,,,
480,3360,,,0.33565476536750793,,0.3350878357887268,0.3350878357887268,,,,
480,3361,,,1.1877719163894653,,1.1872049570083618,1.1872049570083618,,,,
480,3362,,,0.3592338263988495,,0.3586668074131012,0.3586668074131012,,,,
480,3363,,,0.6772405505180359,,0.6766734719276428,0.6766734719276428,,,,
480,3364,,,0.6746431589126587,,0.6740760207176208,0.6740760207176208,,,,
480,3365,,,0.45685240626335144,,0.4562852382659912,0.4562852382659912,,,,
480,3366,,,1.101239800453186,,1.1006726026535034,1.1006726026535034,,,,
,480,,,,,,,,,0.6939970254898071,0.6939970254898071
480,3366,,,,,,,0.6939970254898071,0.6939970254898071,,
480,3366,0.6432543992996216,0.6438214182853699,,0.6432543992996216,,,,,,
481,3367,,,0.477789044380188,,0.4772217869758606,0.4772217869758606,,,,
481,3368,,,0.5578106045722961,,0.557243287563324,0.557243287563324,,,,
481,3369,,,0.9724844694137573,,0.9719170928001404,0.9719170928001404,,,,
481,3370,,,0.9876531958580017,,0.98708575963974,0.98708575963974,,,,
481,3371,,,0.3987995684146881,,0.398232102394104,0.398232102394104,,,,
481,3372,,,0.5696132779121399,,0.5690457820892334,0.5690457820892334,,,,
481,3373,,,0.33307525515556335,,0.3325076699256897,0.3325076699256897,,,,
,481,,,,,,,,,0.6892855167388916,0.6892855167388916
481,3373,,,,,,,0.6892855763435364,0.6892855763435364,,
481,3373,0.6408527493476868,0.6414201855659485,,0.6408527493476868,,,,,,
482,3374,,,0.45859527587890625,,0.4580276608467102,0.4580276608467102,,,,
482,3375,,,0.8774631023406982,,0.8768954277038574,0.8768954277038574,,,,
482,3376,,,0.8117049932479858,,0.8111372590065002,0.8111372590065002,,,,
482,3377,,,0.6587786674499512,,0.6582108736038208,0.6582108736038208,,,,
482,3378,,,0.42172715067863464,,0.4211593270301819,0.4211593270301819,,,,
482,3379,,,0.6559879779815674,,0.6554201245307922,0.6554201245307922,,,,
482,3380,,,0.5146039128303528,,0.5140359997749329,0.5140359997749329,,,,
,482,,,,,,,,,0.6776434779167175,0.6776434779167175
482,3380,,,,,,,0.6776434779167175,0.6776434779167175,,
482,3380,0.63899827003479,0.6395660042762756,,0.63899827003479,,,,,,
483,3381,,,0.9343679547309875,,0.9337999820709229,0.9337999820709229,,,,
483,3382,,,0.8477123975753784,,0.847144365310669,0.847144365310669,,,,
483,3383,,,0.5706292986869812,,0.570061206817627,0.570061206817627,,,,
483,3384,,,0.4714275300502777,,0.4708594083786011,0.4708594083786011,,,,
483,3385,,,0.43066009879112244,,0.430091917514801,0.430091917514801,,,,
483,3386,,,0.6827124953269958,,0.682144284248352,0.682144284248352,,,,
483,3387,,,0.33310455083847046,,0.3325362503528595,0.3325362503528595,,,,
,483,,,,,,,,,0.6705606579780579,0.6705606579780579
483,3387,,,,,,,0.6705606579780579,0.6705606579780579,,
483,3387,0.6366748213768005,0.6372430324554443,,0.6366748213768005,,,,,,
484,3388,,,0.39905640482902527,,0.3984880745410919,0.3984880745410919,,,,
484,3389,,,0.8587605953216553,,0.8581922054290771,0.8581922054290771,,,,
484,3390,,,0.49565941095352173,,0.4950909912586212,0.4950909912586212,,,,
484,3391,,,0.28417786955833435,,0.28360939025878906,0.28360939025878906,,,,
484,3392,,,0.6004044413566589,,0.5998359322547913,0.5998359322547913,,,,
484,3393,,,0.948397696018219,,0.9478291273117065,0.9478291273117065,,,,
484,3394,,,1.240946888923645,,1.2403782606124878,1.2403782606124878,,,,
,484,,,,,,,,,0.6635060906410217,0.6635060906410217
484,3394,,,,,,,0.6635060906410217,0.6635060906410217,,
484,3394,0.635009765625,0.6355782151222229,,0.635009765625,,,,,,
485,3395,,,0.9282125234603882,,0.9276438355445862,0.9276438355445862,,,,
485,3396,,,0.5438472032546997,,0.5432785153388977,0.5432785153388977,,,,
485,3397,,,0.2907713055610657,,0.2902025282382965,0.2902025282382965,,,,
485,3398,,,0.992475152015686,,0.9919063448905945,0.9919063448905945,,,,
485,3399,,,0.6501125693321228,,0.6495437026023865,0.6495437026023865,,,,
485,3400,,,0.5128269195556641,,0.512257993221283,0.512257993221283,,,,
485,3401,,,0.31259316205978394,,0.31202417612075806,0.31202417612075806,,,,
,485,,,,,,,,,0.6550672650337219,0.6550672650337219
485,3401,,,,,,,0.6550672650337219,0.6550672650337219,,
485,3401,0.6324458122253418,0.6330146193504333,,0.6324458122253418,,,,,,
486,3402,,,0.42470860481262207,,0.4241395592689514,0.4241395592689514,,,,
486,3403,,,0.4518735110759735,,0.4513044059276581,0.4513044059276581,,,,
486,3404,,,0.987179160118103,,0.9866099953651428,0.9866099953651428,,,,
486,3405,,,0.710256040096283,,0.7096868753433228,0.7096868753433228,,,,
486,3406,,,0.6667934656143188,,0.6662242412567139,0.6662242412567139,,,,
486,3407,,,0.5635654330253601,,0.5629961490631104,0.5629961490631104,,,,
486,3408,,,0.5878838300704956,,0.5873144865036011,0.5873144865036011,,,,
,486,,,,,,,,,0.6533849239349365,0.6533849239349365
486,3408,,,,,,,0.6533848643302917,0.6533848643302917,,
486,3408,0.63077712059021,0.6313462853431702,,0.63077712059021,,,,,,
487,3409,,,1.2182835340499878,,1.2177141904830933,1.2177141904830933,,,,
487,3410,,,0.41917431354522705,,0.41860488057136536,0.41860488057136536,,,,
487,3411,,,0.5499381422996521,,0.549368679523468,0.549368679523468,,,,
487,3412,,,0.42118725180625916,,0.4206177294254303,0.4206177294254303,,,,
487,3413,,,0.8349574208259583,,0.8343878388404846,0.8343878388404846,,,,
487,3414,,,0.5084764957427979,,0.5079068541526794,0.5079068541526794,,,,
487,3415,,,0.15568865835666656,,0.15511897206306458,0.15511897206306458,,,,
,487,,,,,,,,,0.6576661467552185,0.6576661467552185
487,3415,,,,,,,0.6576661467552185,0.6576661467552185,,
487,3415,0.628512978553772,0.6290823817253113,,0.628512978553772,,,,,,
488,3416,,,0.6119935512542725,,0.6114237904548645,0.6114237904548645,,,,
488,3417,,,0.5897203087806702,,0.5891505479812622,0.5891505479812622,,,,
488,3418,,,0.6466888785362244,,0.6461190581321716,0.6461190581321716,,,,
488,3419,,,0.28508123755455017,,0.28451135754585266,0.28451135754585266,,,,
488,3420,,,0.4669729769229889,,0.4664030373096466,0.4664030373096466,,,,
488,3421,,,1.1605546474456787,,1.1599847078323364,1.1599847078323364,,,,
488,3422,,,0.6239109635353088,,0.6233409643173218,0.6233409643173218,,,,
,488,,,,,,,,,0.6598972082138062,0.6598972082138062
488,3422,,,,,,,0.6598972082138062,0.6598972082138062,,
488,3422,0.6260934472084045,0.6266632676124573,,0.6260934472084045,,,,,,
489,3423,,,0.4853890538215637,,0.4848189651966095,0.4848189651966095,,,,
489,3424,,,0.38148707151412964,,0.38091692328453064,0.38091692328453064,,,,
489,3425,,,1.2208197116851807,,1.2202495336532593,1.2202495336532593,,,,
489,3426,,,0.5068092346191406,,0.5062389969825745,0.5062389969825745,,,,
489,3427,,,0.546690046787262,,0.546119749546051,0.546119749546051,,,,
489,3428,,,0.43263471126556396,,0.43206438422203064,0.43206438422203064,,,,
489,3429,,,1.0837583541870117,,1.0831879377365112,1.0831879377365112,,,,
,489,,,,,,,,,0.6629523038864136,0.6629523038864136
489,3429,,,,,,,0.6629523038864136,0.6629523038864136,,
489,3429,0.6237809658050537,0.6243512034416199,,0.6237809658050537,,,,,,
490,3430,,,0.3280335068702698,,0.3274630606174469,0.3274630606174469,,,,
490,3431,,,1.0288549661636353,,1.0282844305038452,1.0282844305038452,,,,
490,3432,,,0.4528152048587799,,0.45224466919898987,0.45224466919898987,,,,
490,3433,,,0.3623920977115631,,0.3618215024471283,0.3618215024471283,,,,
490,3434,,,1.097561240196228,,1.0969905853271484,1.0969905853271484,,,,
490,3435,,,0.32964783906936646,,0.3290771543979645,0.3290771543979645,,,,
490,3436,,,0.9773674607276917,,0.9767966866493225,0.9767966866493225,,,,
,490,,,,,,,,,0.6714586615562439,0.6714586615562439
490,3436,,,,,,,0.6714586615562439,0.6714586615562439,,
490,3436,0.6215184330940247,0.6220890283584595,,0.6215184330940247,,,,,,
491,3437,,,0.6488394141197205,,0.6482686400413513,0.6482686400413513,,,,
491,3438,,,0.5999199151992798,,0.5993490815162659,0.5993490815162659,,,,
491,3439,,,0.7549057602882385,,0.7543348670005798,0.7543348670005798,,,,
491,3440,,,0.9601339101791382,,0.9595629572868347,0.9595629572868347,,,,
491,3441,,,0.35921263694763184,,0.358641654253006,0.358641654253006,,,,
491,3442,,,0.34747910499572754,,0.3469080626964569,0.3469080626964569,,,,
491,3443,,,0.7586603164672852,,0.7580891847610474,0.7580891847610474,,,,
,491,,,,,,,,,0.6779606342315674,0.6779606342315674
491,3443,,,,,,,0.6779606938362122,0.6779606938362122,,
491,3443,0.6198194026947021,0.6203903555870056,,0.6198194026947021,,,,,,
492,3444,,,1.1612321138381958,,1.160660982131958,1.160660982131958,,,,
492,3445,,,0.6134161353111267,,0.6128449440002441,0.6128449440002441,,,,
492,3446,,,0.45616477727890015,,0.4555935263633728,0.4555935263633728,,,,
492,3447,,,0.6804636716842651,,0.679892361164093,0.679892361164093,,,,
492,3448,,,0.5308461785316467,,0.5302748084068298,0.5302748084068298,,,,
492,3449,,,0.23883885145187378,,0.2382674366235733,0.2382674366235733,,,,
492,3450,,,0.6966628432273865,,0.69609135389328,0.69609135389328,,,,
,492,,,,,,,,,0.6805163025856018,0.6805163025856018
492,3450,,,,,,,0.6805163025856018,0.6805163025856018,,
492,3450,0.6178146600723267,0.6183859705924988,,0.6178146600723267,,,,,,
493,3451,,,0.5623816847801208,,0.5618101954460144,0.5618101954460144,,,,
493,3452,,,0.4404086172580719,,0.4398370385169983,0.4398370385169983,,,,
493,3453,,,1.2954143285751343,,1.2948427200317383,1.2948427200317383,,,,
493,3454,,,0.6727847456932068,,0.672213077545166,0.672213077545166,,,,
493,3455,,,0.37658146023750305,,0.3760097622871399,0.3760097622871399,,,,
493,3456,,,0.4566594064235687,,0.4560876488685608,0.4560876488685608,,,,
493,3457,,,0.3385396897792816,,0.3379678726196289,0.3379678726196289,,,,
,493,,,,,,,,,0.6786248683929443,0.6786248683929443
493,3457,,,,,,,0.6786248087882996,0.6786248087882996,,
493,3457,0.6160844564437866,0.6166561245918274,,0.6160844564437866,,,,,,
494,3458,,,0.4043019413948059,,0.4037300646305084,0.4037300646305084,,,,
494,3459,,,0.6600157618522644,,0.6594438552856445,0.6594438552856445,,,,
494,3460,,,0.7005506157875061,,0.6999786496162415,0.6999786496162415,,,,
494,3461,,,1.0643064975738525,,1.0637344121932983,1.0637344121932983,,,,
494,3462,,,0.418866902589798,,0.4182948172092438,0.4182948172092438,,,,
494,3463,,,0.5805600881576538,,0.5799879431724548,0.5799879431724548,,,,
494,3464,,,0.2370225340127945,,0.23645035922527313,0.23645035922527313,,,,
,494,,,,,,,,,0.66417396068573,0.66417396068573
494,3464,,,,,,,0.66417396068573,0.66417396068573,,
494,3464,0.6139355301856995,0.6145074963569641,,0.6139355301856995,,,,,,
495,3465,,,1.0249114036560059,,1.024339199066162,1.024339199066162,,,,
495,3466,,,0.4990270435810089,,0.4984547793865204,0.4984547793865204,,,,
495,3467,,,0.8134155869483948,,0.8128432631492615,0.8128432631492615,,,,
495,3468,,,0.34987589716911316,,0.34930354356765747,0.34930354356765747,,,,
495,3469,,,0.415233850479126,,0.4146614372730255,0.4146614372730255,,,,
495,3470,,,0.6272856593132019,,0.626713216304779,0.626713216304779,,,,
495,3471,,,0.4691971242427826,,0.46862462162971497,0.46862462162971497,,,,
,495,,,,,,,,,0.6520845293998718,0.6520845293998718
495,3471,,,,,,,0.6520845293998718,0.6520845293998718,,
495,3471,0.6120862364768982,0.6126585602760315,,0.6120862364768982,,,,,,
496,3472,,,0.6820208430290222,,0.6814482808113098,0.6814482808113098,,,,
496,3473,,,0.7333081364631653,,0.7327355146408081,0.7327355146408081,,,,
496,3474,,,0.20348675549030304,,0.20291408896446228,0.20291408896446228,,,,
496,3475,,,0.512134850025177,,0.511562168598175,0.511562168598175,,,,
496,3476,,,1.336706280708313,,1.3361334800720215,1.3361334800720215,,,,
496,3477,,,0.27842846512794495,,0.27785566449165344,0.27785566449165344,,,,
496,3478,,,0.39551299810409546,,0.3949401378631592,0.3949401378631592,,,,
,496,,,,,,,,,0.6398506164550781,0.6398506164550781
496,3478,,,,,,,0.6398506164550781,0.6398506164550781,,
496,3478,0.6103140115737915,0.6108867526054382,,0.6103140115737915,,,,,,
497,3479,,,0.7139937877655029,,0.7134208679199219,0.7134208679199219,,,,
497,3480,,,0.25288668274879456,,0.2523137032985687,0.2523137032985687,,,,
497,3481,,,0.622180163860321,,0.6216071248054504,0.6216071248054504,,,,
497,3482,,,0.6311507225036621,,0.6305776238441467,0.6305776238441467,,,,
497,3483,,,1.1843510866165161,,1.183777928352356,1.183777928352356,,,,
497,3484,,,0.3208317160606384,,0.3202585279941559,0.3202585279941559,,,,
497,3485,,,0.41733431816101074,,0.4167611002922058,0.4167611002922058,,,,
,497,,,,,,,,,0.6319858431816101,0.6319858431816101
497,3485,,,,,,,0.6319858431816101,0.6319858431816101,,
497,3485,0.6083515286445618,0.6089246273040771,,0.6083515286445618,,,,,,
498,3486,,,0.3113791048526764,,0.3108058273792267,0.3108058273792267,,,,
498,3487,,,0.3839607238769531,,0.38338741660118103,0.38338741660118103,,,,
498,3488,,,1.1875146627426147,,1.1869412660598755,1.1869412660598755,,,,
498,3489,,,0.4981837570667267,,0.4976103603839874,0.4976103603839874,,,,
498,3490,,,0.8016907572746277,,0.8011173009872437,0.8011173009872437,,,,
498,3491,,,0.4623665511608124,,0.46179303526878357,0.46179303526878357,,,,
498,3492,,,0.6074506640434265,,0.6068770885467529,0.6068770885467529,,,,
,498,,,,,,,,,0.6314964890480042,0.6314964890480042
498,3492,,,,,,,0.6314964890480042,0.6314964890480042,,
498,3492,0.6069386601448059,0.6075120568275452,,0.6069386601448059,,,,,,
499,3493,,,0.43471458554267883,,0.4341409504413605,0.4341409504413605,,,,
499,3494,,,0.5973122119903564,,0.5967385172843933,0.5967385172843933,,,,
499,3495,,,0.4112359881401062,,0.4106622636318207,0.4106622636318207,,,,
499,3496,,,0.9761154055595398,,0.9755415916442871,0.9755415916442871,,,,
499,3497,,,0.6269031167030334,,0.6263293027877808,0.6263293027877808,,,,
499,3498,,,0.43986427783966064,,0.4392904043197632,0.4392904043197632,,,,
499,3499,,,0.9987697005271912,,0.9981957674026489,0.9981957674026489,,,,
,499,,,,,,,,,0.6319782733917236,0.6319782733917236
499,3499,,,,,,,0.6319783329963684,0.6319783329963684,,
499,3499,0.6050238013267517,0.6055974960327148,,0.6050238013267517,,,,,,
