epoch,step,train_loss_epoch,train_loss_regularized_epoch,train_loss_regularized_step,train_loss_scaled (x10^0)_epoch,train_loss_scaled (x10^0)_step,train_loss_step,val_loss_epoch,val_loss_scaled (x10^0)_epoch,val_loss_scaled (x10^0)_step,val_loss_step
0,0,,,27.696123123168945,,27.6385555267334,27.6385555267334,,,,
0,1,,,33.980770111083984,,33.923274993896484,33.923274993896484,,,,
0,2,,,41.655921936035156,,41.59847640991211,41.59847640991211,,,,
0,3,,,30.438570022583008,,30.381187438964844,30.381187438964844,,,,
0,4,,,20.755538940429688,,20.698213577270508,20.698213577270508,,,,
0,5,,,59.25357437133789,,59.19629669189453,59.19629669189453,,,,
0,6,,,57.03129577636719,,56.97407531738281,56.97407531738281,,,,
,0,,,,,,,,,3.5005459785461426,3.5005459785461426
0,6,,,,,,,3.5005459785461426,3.5005459785461426,,
0,6,36.831573486328125,36.88897705078125,,36.831573486328125,,,,,,
1,7,,,39.71711349487305,,39.65996170043945,39.65996170043945,,,,
1,8,,,48.5638427734375,,48.50674819946289,48.50674819946289,,,,
1,9,,,27.9135799407959,,27.85654067993164,27.85654067993164,,,,
1,10,,,23.775121688842773,,23.718135833740234,23.718135833740234,,,,
1,11,,,42.29024887084961,,42.23332214355469,42.23332214355469,,,,
1,12,,,44.01660919189453,,43.959739685058594,43.959739685058594,,,,
1,13,,,22.785350799560547,,22.728565216064453,22.728565216064453,,,,
,1,,,,,,,,,3.478769063949585,3.478769063949585
1,13,,,,,,,3.478769063949585,3.478769063949585,,
1,13,36.777671813964844,36.83467102050781,,36.777671813964844,,,,,,
2,14,,,31.961885452270508,,31.90517234802246,31.90517234802246,,,,
2,15,,,55.74707794189453,,55.690425872802734,55.690425872802734,,,,
2,16,,,14.134880065917969,,14.078293800354004,14.078293800354004,,,,
2,17,,,52.8013801574707,,52.74486541748047,52.74486541748047,,,,
2,18,,,29.408931732177734,,29.352495193481445,29.352495193481445,,,,
2,19,,,35.391841888427734,,35.335472106933594,35.335472106933594,,,,
2,20,,,40.00611877441406,,39.94981002807617,39.94981002807617,,,,
,2,,,,,,,,,3.454768419265747,3.454768419265747
2,20,,,,,,,3.454768419265747,3.454768419265747,,
2,20,36.719669342041016,36.77620315551758,,36.719669342041016,,,,,,
3,21,,,41.97844696044922,,41.92219924926758,41.92219924926758,,,,
3,22,,,26.118806838989258,,26.062625885009766,26.062625885009766,,,,
3,23,,,27.903596878051758,,27.847484588623047,27.847484588623047,,,,
3,24,,,45.18962478637695,,45.13358688354492,45.13358688354492,,,,
3,25,,,27.940427780151367,,27.88446044921875,27.88446044921875,,,,
3,26,,,44.793697357177734,,44.73780822753906,44.73780822753906,,,,
3,27,,,53.63827133178711,,53.58244705200195,53.58244705200195,,,,
,3,,,,,,,,,3.4291930198669434,3.4291930198669434
3,27,,,,,,,3.4291930198669434,3.4291930198669434,,
3,27,36.65593338012695,36.71199417114258,,36.65593338012695,,,,,,
4,28,,,37.264793395996094,,37.20905303955078,37.20905303955078,,,,
4,29,,,19.22163200378418,,19.16597557067871,19.16597557067871,,,,
4,30,,,7.649547576904297,,7.593966007232666,7.593966007232666,,,,
4,31,,,71.32067108154297,,71.26514434814453,71.26514434814453,,,,
4,32,,,47.16522979736328,,47.10977554321289,47.10977554321289,,,,
4,33,,,27.910776138305664,,27.85540008544922,27.85540008544922,,,,
4,34,,,61.5466423034668,,61.4913330078125,61.4913330078125,,,,
,4,,,,,,,,,3.4031615257263184,3.4031615257263184
4,34,,,,,,,3.4031615257263184,3.4031615257263184,,
4,34,36.589576721191406,36.645118713378906,,36.589576721191406,,,,,,
5,35,,,38.538822174072266,,38.48359680175781,38.48359680175781,,,,
5,36,,,36.69392395019531,,36.63878631591797,36.63878631591797,,,,
5,37,,,29.670398712158203,,29.61532974243164,29.61532974243164,,,,
5,38,,,42.40339279174805,,42.34839630126953,42.34839630126953,,,,
5,39,,,38.3502197265625,,38.29530715942383,38.29530715942383,,,,
5,40,,,40.91725540161133,,40.86241149902344,40.86241149902344,,,,
5,41,,,17.620298385620117,,17.565526962280273,17.565526962280273,,,,
,5,,,,,,,,,3.377692222595215,3.377692222595215
5,41,,,,,,,3.3776919841766357,3.3776919841766357,,
5,41,36.52249526977539,36.57750701904297,,36.52249526977539,,,,,,
6,42,,,53.91168975830078,,53.85697555541992,53.85697555541992,,,,
6,43,,,45.08943176269531,,45.03479766845703,45.03479766845703,,,,
6,44,,,27.158283233642578,,27.10372543334961,27.10372543334961,,,,
6,45,,,23.72829246520996,,23.673805236816406,23.673805236816406,,,,
6,46,,,29.356014251708984,,29.301603317260742,29.301603317260742,,,,
6,47,,,37.6513557434082,,37.59702682495117,37.59702682495117,,,,
6,48,,,42.29828643798828,,42.24402618408203,42.24402618408203,,,,
,6,,,,,,,,,3.3515963554382324,3.3515963554382324
6,48,,,,,,,3.3515963554382324,3.3515963554382324,,
6,48,36.45638656616211,36.51089096069336,,36.45638656616211,,,,,,
7,49,,,30.753517150878906,,30.699325561523438,30.699325561523438,,,,
7,50,,,34.311702728271484,,34.25759506225586,34.25759506225586,,,,
7,51,,,65.46939849853516,,65.41537475585938,65.41537475585938,,,,
7,52,,,44.02226638793945,,43.96832275390625,43.96832275390625,,,,
7,53,,,27.426254272460938,,27.372385025024414,27.372385025024414,,,,
7,54,,,20.032848358154297,,19.979053497314453,19.979053497314453,,,,
7,55,,,27.473596572875977,,27.41986846923828,27.41986846923828,,,,
,7,,,,,,,,,3.325282335281372,3.325282335281372
7,55,,,,,,,3.325282335281372,3.325282335281372,,
7,55,36.388160705566406,36.4421272277832,,36.388160705566406,,,,,,
8,56,,,52.47762680053711,,52.42396926879883,52.42396926879883,,,,
8,57,,,41.92742156982422,,41.87382888793945,41.87382888793945,,,,
8,58,,,30.326231002807617,,30.27273178100586,30.27273178100586,,,,
8,59,,,24.499462127685547,,24.446056365966797,24.446056365966797,,,,
8,60,,,48.43247604370117,,48.379146575927734,48.379146575927734,,,,
8,61,,,28.295394897460938,,28.242128372192383,28.242128372192383,,,,
8,62,,,15.778139114379883,,15.724947929382324,15.724947929382324,,,,
,8,,,,,,,,,3.2988524436950684,3.2988524436950684
8,62,,,,,,,3.2988524436950684,3.2988524436950684,,
8,62,36.31917190551758,36.372615814208984,,36.31917190551758,,,,,,
9,63,,,29.742111206054688,,29.688995361328125,29.688995361328125,,,,
9,64,,,50.10938262939453,,50.056331634521484,50.056331634521484,,,,
9,65,,,47.89472961425781,,47.84177017211914,47.84177017211914,,,,
9,66,,,36.863040924072266,,36.810157775878906,36.810157775878906,,,,
9,67,,,19.07114028930664,,19.018333435058594,19.018333435058594,,,,
9,68,,,34.618690490722656,,34.565956115722656,34.565956115722656,,,,
9,69,,,35.00191116333008,,34.949256896972656,34.949256896972656,,,,
,9,,,,,,,,,3.2714641094207764,3.2714641094207764
9,69,,,,,,,3.2714641094207764,3.2714641094207764,,
9,69,36.249019622802734,36.30193328857422,,36.249019622802734,,,,,,
10,70,,,34.79917907714844,,34.74663162231445,34.74663162231445,,,,
10,71,,,41.60216522216797,,41.549705505371094,41.549705505371094,,,,
10,72,,,31.79405975341797,,31.741682052612305,31.741682052612305,,,,
10,73,,,28.214099884033203,,28.161794662475586,28.161794662475586,,,,
10,74,,,41.004150390625,,40.951927185058594,40.951927185058594,,,,
10,75,,,34.6980094909668,,34.64585876464844,34.64585876464844,,,,
10,76,,,50.24530029296875,,50.1932373046875,50.1932373046875,,,,
,10,,,,,,,,,3.242980718612671,3.242980718612671
10,76,,,,,,,3.242980718612671,3.242980718612671,,
10,76,36.17569351196289,36.228023529052734,,36.17569351196289,,,,,,
11,77,,,72.12312316894531,,72.0711441040039,72.0711441040039,,,,
11,78,,,39.87744903564453,,39.82555389404297,39.82555389404297,,,,
11,79,,,17.276718139648438,,17.224903106689453,17.224903106689453,,,,
11,80,,,25.715688705444336,,25.663944244384766,25.663944244384766,,,,
11,81,,,42.898284912109375,,42.84663009643555,42.84663009643555,,,,
11,82,,,24.32048797607422,,24.268917083740234,24.268917083740234,,,,
11,83,,,22.043254852294922,,21.991771697998047,21.991771697998047,,,,
,11,,,,,,,,,3.214155673980713,3.214155673980713
11,83,,,,,,,3.214155673980713,3.214155673980713,,
11,83,36.10165023803711,36.153404235839844,,36.10165023803711,,,,,,
12,84,,,25.977392196655273,,25.925983428955078,25.925983428955078,,,,
12,85,,,46.808509826660156,,46.75718307495117,46.75718307495117,,,,
12,86,,,37.20869064331055,,37.1574592590332,37.1574592590332,,,,
12,87,,,13.974056243896484,,13.922897338867188,13.922897338867188,,,,
12,88,,,46.587223052978516,,46.53615188598633,46.53615188598633,,,,
12,89,,,44.25080871582031,,44.1998176574707,44.1998176574707,,,,
12,90,,,40.459503173828125,,40.408592224121094,40.408592224121094,,,,
,12,,,,,,,,,3.1840810775756836,3.1840810775756836
12,90,,,,,,,3.1840808391571045,3.1840808391571045,,
12,90,36.023956298828125,36.075138092041016,,36.023956298828125,,,,,,
13,91,,,62.9675407409668,,62.916717529296875,62.916717529296875,,,,
13,92,,,23.663190841674805,,23.612459182739258,23.612459182739258,,,,
13,93,,,10.63690185546875,,10.586249351501465,10.586249351501465,,,,
13,94,,,48.16981887817383,,48.11925506591797,48.11925506591797,,,,
13,95,,,37.85297393798828,,37.802490234375,37.802490234375,,,,
13,96,,,21.215330123901367,,21.164932250976562,21.164932250976562,,,,
13,97,,,66.57781982421875,,66.52750396728516,66.52750396728516,,,,
,13,,,,,,,,,3.151944875717163,3.151944875717163
13,97,,,,,,,3.151944875717163,3.151944875717163,,
13,97,35.94508361816406,35.99567794799805,,35.94508361816406,,,,,,
14,98,,,31.619356155395508,,31.56913185119629,31.56913185119629,,,,
14,99,,,36.41495895385742,,36.36482238769531,36.36482238769531,,,,
14,100,,,45.02635192871094,,44.9763069152832,44.9763069152832,,,,
14,101,,,54.26274871826172,,54.2127799987793,54.2127799987793,,,,
14,102,,,15.66743278503418,,15.617554664611816,15.617554664611816,,,,
14,103,,,34.56943893432617,,34.519657135009766,34.519657135009766,,,,
14,104,,,30.313068389892578,,30.26336097717285,30.26336097717285,,,,
,14,,,,,,,,,3.1185708045959473,3.1185708045959473
14,104,,,,,,,3.1185708045959473,3.1185708045959473,,
14,104,35.86023712158203,35.91022872924805,,35.86023712158203,,,,,,
15,105,,,24.82494354248047,,24.775331497192383,24.775331497192383,,,,
15,106,,,20.82464027404785,,20.775110244750977,20.775110244750977,,,,
15,107,,,31.272581100463867,,31.223129272460938,31.223129272460938,,,,
15,108,,,17.36524772644043,,17.31589698791504,17.31589698791504,,,,
15,109,,,53.716983795166016,,53.66770553588867,53.66770553588867,,,,
15,110,,,55.670066833496094,,55.62087631225586,55.62087631225586,,,,
15,111,,,65.80656433105469,,65.75747680664062,65.75747680664062,,,,
,15,,,,,,,,,3.08219051361084,3.08219051361084
15,111,,,,,,,3.0821902751922607,3.0821902751922607,,
15,111,35.77052688598633,35.81991195678711,,35.77052688598633,,,,,,
16,112,,,41.31112289428711,,41.26213455200195,41.26213455200195,,,,
16,113,,,55.69480895996094,,55.64592361450195,55.64592361450195,,,,
16,114,,,20.774606704711914,,20.725805282592773,20.725805282592773,,,,
16,115,,,16.569429397583008,,16.520706176757812,16.520706176757812,,,,
16,116,,,21.12860107421875,,21.079967498779297,21.079967498779297,,,,
16,117,,,63.33015823364258,,63.28163146972656,63.28163146972656,,,,
16,118,,,23.860450744628906,,23.81201171875,23.81201171875,,,,
,16,,,,,,,,,3.0434470176696777,3.0434470176696777
16,118,,,,,,,3.0434470176696777,3.0434470176696777,,
16,118,35.67775344848633,35.72649383544922,,35.67775344848633,,,,,,
17,119,,,39.70335006713867,,39.654991149902344,39.654991149902344,,,,
17,120,,,8.768956184387207,,8.720694541931152,8.720694541931152,,,,
17,121,,,33.647926330566406,,33.5997428894043,33.5997428894043,,,,
17,122,,,34.584720611572266,,34.536624908447266,34.536624908447266,,,,
17,123,,,56.815120697021484,,56.76710510253906,56.76710510253906,,,,
17,124,,,32.37791442871094,,32.33000183105469,32.33000183105469,,,,
17,125,,,56.565799713134766,,56.51797866821289,56.51797866821289,,,,
,17,,,,,,,,,2.9995923042297363,2.9995923042297363
17,125,,,,,,,2.9995923042297363,2.9995923042297363,,
17,125,35.577003479003906,35.625125885009766,,35.577003479003906,,,,,,
18,126,,,39.575870513916016,,39.52817153930664,39.52817153930664,,,,
18,127,,,22.812572479248047,,22.76497459411621,22.76497459411621,,,,
18,128,,,39.652679443359375,,39.60516357421875,39.60516357421875,,,,
18,129,,,31.948381423950195,,31.900964736938477,31.900964736938477,,,,
18,130,,,48.175323486328125,,48.12800598144531,48.12800598144531,,,,
18,131,,,27.117536544799805,,27.070322036743164,27.070322036743164,,,,
18,132,,,45.65168762207031,,45.604557037353516,45.604557037353516,,,,
,18,,,,,,,,,2.949913501739502,2.949913501739502
18,132,,,,,,,2.949913501739502,2.949913501739502,,
18,132,35.46656036376953,35.513999938964844,,35.46656036376953,,,,,,
19,133,,,30.503063201904297,,30.456026077270508,30.456026077270508,,,,
19,134,,,25.40324592590332,,25.356311798095703,25.356311798095703,,,,
19,135,,,20.83944320678711,,20.792613983154297,20.792613983154297,,,,
19,136,,,55.788997650146484,,55.74225616455078,55.74225616455078,,,,
19,137,,,57.069339752197266,,57.022682189941406,57.022682189941406,,,,
19,138,,,21.38932228088379,,21.342758178710938,21.342758178710938,,,,
19,139,,,38.983604431152344,,38.93715286254883,38.93715286254883,,,,
,19,,,,,,,,,2.891627788543701,2.891627788543701
19,139,,,,,,,2.891627788543701,2.891627788543701,,
19,139,35.343379974365234,35.390159606933594,,35.343379974365234,,,,,,
20,140,,,47.534645080566406,,47.4882698059082,47.4882698059082,,,,
20,141,,,59.540714263916016,,59.49444580078125,59.49444580078125,,,,
20,142,,,17.486940383911133,,17.440786361694336,17.440786361694336,,,,
20,143,,,15.511045455932617,,15.46499252319336,15.46499252319336,,,,
20,144,,,48.744258880615234,,48.698280334472656,48.698280334472656,,,,
20,145,,,25.98056983947754,,25.9346866607666,25.9346866607666,,,,
20,146,,,26.527009963989258,,26.481216430664062,26.481216430664062,,,,
,20,,,,,,,,,2.8220369815826416,2.8220369815826416
20,146,,,,,,,2.8220369815826416,2.8220369815826416,,
20,146,35.2081413269043,35.25424575805664,,35.2081413269043,,,,,,
21,147,,,23.801692962646484,,23.756013870239258,23.756013870239258,,,,
21,148,,,42.32709503173828,,42.28152084350586,42.28152084350586,,,,
21,149,,,57.76393127441406,,57.71844482421875,57.71844482421875,,,,
21,150,,,30.913715362548828,,30.868349075317383,30.868349075317383,,,,
21,151,,,31.87995719909668,,31.834693908691406,31.834693908691406,,,,
21,152,,,27.126495361328125,,27.081335067749023,27.081335067749023,,,,
21,153,,,26.37240219116211,,26.327333450317383,26.327333450317383,,,,
,21,,,,,,,,,2.733973264694214,2.733973264694214
21,153,,,,,,,2.733973264694214,2.733973264694214,,
21,153,35.04519271850586,35.09059143066406,,35.04519271850586,,,,,,
22,154,,,31.770545959472656,,31.725563049316406,31.725563049316406,,,,
22,155,,,32.2641487121582,,32.21928024291992,32.21928024291992,,,,
22,156,,,21.59296417236328,,21.548194885253906,21.548194885253906,,,,
22,157,,,35.4206428527832,,35.375972747802734,35.375972747802734,,,,
22,158,,,30.17973518371582,,30.135156631469727,30.135156631469727,,,,
22,159,,,43.468894958496094,,43.42443084716797,43.42443084716797,,,,
22,160,,,73.95329284667969,,73.90892791748047,73.90892791748047,,,,
,22,,,,,,,,,2.616816759109497,2.616816759109497
22,160,,,,,,,2.616816759109497,2.616816759109497,,
22,160,34.84619140625,34.89088821411133,,34.84619140625,,,,,,
23,161,,,48.33700180053711,,48.29275131225586,48.29275131225586,,,,
23,162,,,38.8919677734375,,38.847835540771484,38.847835540771484,,,,
23,163,,,31.1102237701416,,31.06620216369629,31.06620216369629,,,,
23,164,,,55.82943344116211,,55.78550338745117,55.78550338745117,,,,
23,165,,,13.130096435546875,,13.086273193359375,13.086273193359375,,,,
23,166,,,33.02489471435547,,32.981178283691406,32.981178283691406,,,,
23,167,,,1.4807606935501099,,1.437157154083252,1.437157154083252,,,,
,23,,,,,,,,,2.480093002319336,2.480093002319336
23,167,,,,,,,2.480093002319336,2.480093002319336,,
23,167,34.60371780395508,34.64767074584961,,34.60371780395508,,,,,,
24,168,,,29.702463150024414,,29.658935546875,29.658935546875,,,,
24,169,,,24.716400146484375,,24.672971725463867,24.672971725463867,,,,
24,170,,,29.888559341430664,,29.84524154663086,29.84524154663086,,,,
24,171,,,20.544221878051758,,20.501014709472656,20.501014709472656,,,,
24,172,,,43.926963806152344,,43.88385772705078,43.88385772705078,,,,
24,173,,,55.15956497192383,,55.11656951904297,55.11656951904297,,,,
24,174,,,39.89219665527344,,39.849327087402344,39.849327087402344,,,,
,24,,,,,,,,,2.30303692817688,2.30303692817688
24,174,,,,,,,2.30303692817688,2.30303692817688,,
24,174,34.29365921020508,34.33689880371094,,34.29365921020508,,,,,,
25,175,,,20.800989151000977,,20.75821304321289,20.75821304321289,,,,
25,176,,,34.6357307434082,,34.593048095703125,34.593048095703125,,,,
25,177,,,29.230031967163086,,29.18746566772461,29.18746566772461,,,,
25,178,,,38.37097930908203,,38.32852554321289,38.32852554321289,,,,
25,179,,,41.92990493774414,,41.8875732421875,41.8875732421875,,,,
25,180,,,37.37211608886719,,37.32989501953125,37.32989501953125,,,,
25,181,,,37.23075866699219,,37.18864822387695,37.18864822387695,,,,
,25,,,,,,,,,2.0847933292388916,2.0847933292388916
25,181,,,,,,,2.0847933292388916,2.0847933292388916,,
25,181,33.88713073730469,33.92961502075195,,33.88713073730469,,,,,,
26,182,,,11.651175498962402,,11.609179496765137,11.609179496765137,,,,
26,183,,,24.764516830444336,,24.722604751586914,24.722604751586914,,,,
26,184,,,68.7879867553711,,68.74617767333984,68.74617767333984,,,,
26,185,,,26.65752410888672,,26.615867614746094,26.615867614746094,,,,
26,186,,,33.63925552368164,,33.59770965576172,33.59770965576172,,,,
26,187,,,33.80659103393555,,33.76517105102539,33.76517105102539,,,,
26,188,,,35.93864059448242,,35.897308349609375,35.897308349609375,,,,
,26,,,,,,,,,1.822262167930603,1.822262167930603
26,188,,,,,,,1.822262167930603,1.822262167930603,,
26,188,33.336185455322266,33.37788772583008,,33.336185455322266,,,,,,
27,189,,,49.83958435058594,,49.798397064208984,49.798397064208984,,,,
27,190,,,45.091758728027344,,45.050689697265625,45.050689697265625,,,,
27,191,,,16.4659423828125,,16.42498779296875,16.42498779296875,,,,
27,192,,,24.857868194580078,,24.81702423095703,24.81702423095703,,,,
27,193,,,33.83719253540039,,33.796451568603516,33.796451568603516,,,,
27,194,,,37.80685043334961,,37.766258239746094,37.766258239746094,,,,
27,195,,,0.867373526096344,,0.8268911838531494,0.8268911838531494,,,,
,27,,,,,,,,,1.5440150499343872,1.5440150499343872
27,195,,,,,,,1.5440150499343872,1.5440150499343872,,
27,195,32.621788024902344,32.662662506103516,,32.621788024902344,,,,,,
28,196,,,34.94470977783203,,34.904293060302734,34.904293060302734,,,,
28,197,,,22.47478485107422,,22.434499740600586,22.434499740600586,,,,
28,198,,,36.17279052734375,,36.13261032104492,36.13261032104492,,,,
28,199,,,22.395875930786133,,22.355796813964844,22.355796813964844,,,,
28,200,,,28.456729888916016,,28.416759490966797,28.416759490966797,,,,
28,201,,,45.2570686340332,,45.217193603515625,45.217193603515625,,,,
28,202,,,33.275081634521484,,33.235347747802734,33.235347747802734,,,,
,28,,,,,,,,,1.242724061012268,1.242724061012268
28,202,,,,,,,1.242724061012268,1.242724061012268,,
28,202,31.67441749572754,31.71452522277832,,31.67441749572754,,,,,,
29,203,,,45.36367416381836,,45.32404327392578,45.32404327392578,,,,
29,204,,,22.305585861206055,,22.26605987548828,22.26605987548828,,,,
29,205,,,25.248563766479492,,25.209131240844727,25.209131240844727,,,,
29,206,,,33.25034713745117,,33.21103286743164,33.21103286743164,,,,
29,207,,,20.889524459838867,,20.850353240966797,20.850353240966797,,,,
29,208,,,34.636199951171875,,34.59711837768555,34.59711837768555,,,,
29,209,,,33.82579803466797,,33.786834716796875,33.786834716796875,,,,
,29,,,,,,,,,0.9891241788864136,0.9891241788864136
29,209,,,,,,,0.9891241788864136,0.9891241788864136,,
29,209,30.4514217376709,30.49075698852539,,30.4514217376709,,,,,,
30,210,,,42.34573745727539,,42.306880950927734,42.306880950927734,,,,
30,211,,,30.064794540405273,,30.026086807250977,30.026086807250977,,,,
30,212,,,19.978715896606445,,19.940113067626953,19.940113067626953,,,,
30,213,,,25.04442024230957,,25.005903244018555,25.005903244018555,,,,
30,214,,,22.18886947631836,,22.15044593811035,22.15044593811035,,,,
30,215,,,18.245145797729492,,18.20681381225586,18.20681381225586,,,,
30,216,,,70.8093032836914,,70.77108001708984,70.77108001708984,,,,
,30,,,,,,,,,0.8728733658790588,0.8728733658790588
30,216,,,,,,,0.8728733658790588,0.8728733658790588,,
30,216,28.890260696411133,28.92881202697754,,28.890260696411133,,,,,,
31,217,,,37.948150634765625,,37.910057067871094,37.910057067871094,,,,
31,218,,,16.538423538208008,,16.50042724609375,16.50042724609375,,,,
31,219,,,18.133432388305664,,18.095516204833984,18.095516204833984,,,,
31,220,,,32.53189468383789,,32.49407958984375,32.49407958984375,,,,
31,221,,,28.55539321899414,,28.517690658569336,28.517690658569336,,,,
31,222,,,19.831375122070312,,19.79377555847168,19.79377555847168,,,,
31,223,,,51.430538177490234,,51.39302444458008,51.39302444458008,,,,
,31,,,,,,,,,0.9867215752601624,0.9867215752601624
31,223,,,,,,,0.9867215752601624,0.9867215752601624,,
31,223,27.07198715209961,27.10982322692871,,27.07198715209961,,,,,,
32,224,,,25.151044845581055,,25.113691329956055,25.113691329956055,,,,
32,225,,,24.78379249572754,,24.746536254882812,24.746536254882812,,,,
32,226,,,27.21056365966797,,27.173412322998047,27.173412322998047,,,,
32,227,,,10.694499969482422,,10.65743350982666,10.65743350982666,,,,
32,228,,,36.91062545776367,,36.87363052368164,36.87363052368164,,,,
32,229,,,30.357677459716797,,30.320791244506836,30.320791244506836,,,,
32,230,,,15.93378734588623,,15.897000312805176,15.897000312805176,,,,
,32,,,,,,,,,1.3830490112304688,1.3830490112304688
32,230,,,,,,,1.3830490112304688,1.3830490112304688,,
32,230,25.23088264465332,25.267982482910156,,25.23088264465332,,,,,,
33,231,,,38.78255844116211,,38.745849609375,38.745849609375,,,,
33,232,,,35.55611801147461,,35.51951217651367,35.51951217651367,,,,
33,233,,,17.321609497070312,,17.285120010375977,17.285120010375977,,,,
33,234,,,27.753881454467773,,27.71747398376465,27.71747398376465,,,,
33,235,,,3.790177583694458,,3.7538623809814453,3.7538623809814453,,,,
33,236,,,24.835952758789062,,24.799678802490234,24.799678802490234,,,,
33,237,,,6.144251346588135,,6.1080522537231445,6.1080522537231445,,,,
,33,,,,,,,,,2.0738353729248047,2.0738353729248047
33,237,,,,,,,2.0738353729248047,2.0738353729248047,,
33,237,23.546985626220703,23.583433151245117,,23.546985626220703,,,,,,
34,238,,,30.534955978393555,,30.498825073242188,30.498825073242188,,,,
34,239,,,15.712586402893066,,15.676547050476074,15.676547050476074,,,,
34,240,,,23.809059143066406,,23.77307891845703,23.77307891845703,,,,
34,241,,,37.73387145996094,,37.697959899902344,37.697959899902344,,,,
34,242,,,5.253939628601074,,5.218135356903076,5.218135356903076,,,,
34,243,,,20.671188354492188,,20.635427474975586,20.635427474975586,,,,
34,244,,,13.775437355041504,,13.739748001098633,13.739748001098633,,,,
,34,,,,,,,,,3.0612521171569824,3.0612521171569824
34,244,,,,,,,3.0612521171569824,3.0612521171569824,,
34,244,21.749391555786133,21.785316467285156,,21.749391555786133,,,,,,
35,245,,,26.361717224121094,,26.326099395751953,26.326099395751953,,,,
35,246,,,15.112037658691406,,15.076508522033691,15.076508522033691,,,,
35,247,,,16.45890235900879,,16.423425674438477,16.423425674438477,,,,
35,248,,,21.959543228149414,,21.924129486083984,21.924129486083984,,,,
35,249,,,13.086385726928711,,13.05104923248291,13.05104923248291,,,,
35,250,,,24.808679580688477,,24.773391723632812,24.773391723632812,,,,
35,251,,,24.881052017211914,,24.845829010009766,24.845829010009766,,,,
,35,,,,,,,,,4.382087230682373,4.382087230682373
35,251,,,,,,,4.382087230682373,4.382087230682373,,
35,251,19.90459442138672,19.940025329589844,,19.90459442138672,,,,,,
36,252,,,18.89586067199707,,18.860694885253906,18.860694885253906,,,,
36,253,,,10.3231840133667,,10.288076400756836,10.288076400756836,,,,
36,254,,,27.514354705810547,,27.479284286499023,27.479284286499023,,,,
36,255,,,16.17953109741211,,16.144527435302734,16.144527435302734,,,,
36,256,,,23.957298278808594,,23.922344207763672,23.922344207763672,,,,
36,257,,,10.630839347839355,,10.595943450927734,10.595943450927734,,,,
36,258,,,22.709680557250977,,22.674837112426758,22.674837112426758,,,,
,36,,,,,,,,,5.9867024421691895,5.9867024421691895
36,258,,,,,,,5.9867024421691895,5.9867024421691895,,
36,258,18.163755416870117,18.198776245117188,,18.163755416870117,,,,,,
37,259,,,21.682937622070312,,21.648151397705078,21.648151397705078,,,,
37,260,,,21.30464744567871,,21.26991844177246,21.26991844177246,,,,
37,261,,,13.329529762268066,,13.294837951660156,13.294837951660156,,,,
37,262,,,20.030715942382812,,19.996061325073242,19.996061325073242,,,,
37,263,,,17.87020492553711,,17.83561134338379,17.83561134338379,,,,
37,264,,,10.109753608703613,,10.07520580291748,10.07520580291748,,,,
37,265,,,5.599677562713623,,5.5651702880859375,5.5651702880859375,,,,
,37,,,,,,,,,7.560939311981201,7.560939311981201
37,265,,,,,,,7.560939311981201,7.560939311981201,,
37,265,16.65987777709961,16.694536209106445,,16.65987777709961,,,,,,
38,266,,,27.422645568847656,,27.388151168823242,27.388151168823242,,,,
38,267,,,9.089213371276855,,9.05478286743164,9.05478286743164,,,,
38,268,,,12.82888126373291,,12.794473648071289,12.794473648071289,,,,
38,269,,,21.576705932617188,,21.542327880859375,21.542327880859375,,,,
38,270,,,3.8003814220428467,,3.7660560607910156,3.7660560607910156,,,,
38,271,,,18.34872817993164,,18.314409255981445,18.314409255981445,,,,
38,272,,,14.964730262756348,,14.930448532104492,14.930448532104492,,,,
,38,,,,,,,,,9.104557037353516,9.104557037353516
38,272,,,,,,,9.104557037353516,9.104557037353516,,
38,272,15.44456672668457,15.47895336151123,,15.44456672668457,,,,,,
39,273,,,18.05368995666504,,18.01943588256836,18.01943588256836,,,,
39,274,,,21.89385223388672,,21.859636306762695,21.859636306762695,,,,
39,275,,,12.419326782226562,,12.385156631469727,12.385156631469727,,,,
39,276,,,12.299809455871582,,12.265667915344238,12.265667915344238,,,,
39,277,,,16.348676681518555,,16.314556121826172,16.314556121826172,,,,
39,278,,,7.993758678436279,,7.959658622741699,7.959658622741699,,,,
39,279,,,8.37163257598877,,8.337545394897461,8.337545394897461,,,,
,39,,,,,,,,,10.565327644348145,10.565327644348145
39,279,,,,,,,10.565327644348145,10.565327644348145,,
39,279,14.420499801635742,14.45466423034668,,14.420499801635742,,,,,,
40,280,,,7.067923545837402,,7.033872127532959,7.033872127532959,,,,
40,281,,,13.909412384033203,,13.875371932983398,13.875371932983398,,,,
40,282,,,11.752412796020508,,11.718392372131348,11.718392372131348,,,,
40,283,,,20.243127822875977,,20.209123611450195,20.209123611450195,,,,
40,284,,,19.652406692504883,,19.61844253540039,19.61844253540039,,,,
40,285,,,9.93593692779541,,9.90200424194336,9.90200424194336,,,,
40,286,,,10.688488006591797,,10.654571533203125,10.654571533203125,,,,
,40,,,,,,,,,11.821390151977539,11.821390151977539
40,286,,,,,,,11.821390151977539,11.821390151977539,,
40,286,13.545517921447754,13.579514503479004,,13.545517921447754,,,,,,
41,287,,,12.433382987976074,,12.399491310119629,12.399491310119629,,,,
41,288,,,16.519933700561523,,16.48607635498047,16.48607635498047,,,,
41,289,,,11.707514762878418,,11.67366886138916,11.67366886138916,,,,
41,290,,,10.720290184020996,,10.686452865600586,10.686452865600586,,,,
41,291,,,12.934661865234375,,12.900842666625977,12.900842666625977,,,,
41,292,,,11.066261291503906,,11.032461166381836,11.032461166381836,,,,
41,293,,,18.425493240356445,,18.391714096069336,18.391714096069336,,,,
,41,,,,,,,,,13.197735786437988,13.197735786437988
41,293,,,,,,,13.197735786437988,13.197735786437988,,
41,293,12.874648094177246,12.908486366271973,,12.874648094177246,,,,,,
42,294,,,14.855907440185547,,14.822152137756348,14.822152137756348,,,,
42,295,,,12.45737361907959,,12.42363452911377,12.42363452911377,,,,
42,296,,,13.943613052368164,,13.909894943237305,13.909894943237305,,,,
42,297,,,9.070751190185547,,9.037052154541016,9.037052154541016,,,,
42,298,,,14.417872428894043,,14.384188652038574,14.384188652038574,,,,
42,299,,,11.184551239013672,,11.150883674621582,11.150883674621582,,,,
42,300,,,7.137265682220459,,7.103614807128906,7.103614807128906,,,,
,42,,,,,,,,,13.933337211608887,13.933337211608887
42,300,,,,,,,13.933337211608887,13.933337211608887,,
42,300,12.296730995178223,12.330438613891602,,12.296730995178223,,,,,,
43,301,,,11.314253807067871,,11.280587196350098,11.280587196350098,,,,
43,302,,,14.31293773651123,,14.279275894165039,14.279275894165039,,,,
43,303,,,11.816781997680664,,11.783140182495117,11.783140182495117,,,,
43,304,,,12.71933364868164,,12.685710906982422,12.685710906982422,,,,
43,305,,,8.79757022857666,,8.763957977294922,8.763957977294922,,,,
43,306,,,12.956515312194824,,12.922901153564453,12.922901153564453,,,,
43,307,,,10.327754974365234,,10.294163703918457,10.294163703918457,,,,
,43,,,,,,,,,14.518699645996094,14.518699645996094
43,307,,,,,,,14.518699645996094,14.518699645996094,,
43,307,11.85504150390625,11.88867473602295,,11.85504150390625,,,,,,
44,308,,,13.563070297241211,,13.529465675354004,13.529465675354004,,,,
44,309,,,14.691778182983398,,14.658185958862305,14.658185958862305,,,,
44,310,,,12.179339408874512,,12.145756721496582,12.145756721496582,,,,
44,311,,,11.889938354492188,,11.856369972229004,11.856369972229004,,,,
44,312,,,7.28621244430542,,7.252651214599609,7.252651214599609,,,,
44,313,,,9.97683048248291,,9.943273544311523,9.943273544311523,,,,
44,314,,,10.357345581054688,,10.323793411254883,10.323793411254883,,,,
,44,,,,,,,,,15.101890563964844,15.101890563964844
44,314,,,,,,,15.101890563964844,15.101890563964844,,
44,314,11.491313934326172,11.524889945983887,,11.491313934326172,,,,,,
45,315,,,10.444012641906738,,10.410468101501465,10.410468101501465,,,,
45,316,,,11.549885749816895,,11.516345024108887,11.516345024108887,,,,
45,317,,,8.956255912780762,,8.922723770141602,8.922723770141602,,,,
45,318,,,10.776124000549316,,10.74260425567627,10.74260425567627,,,,
45,319,,,11.009401321411133,,10.975885391235352,10.975885391235352,,,,
45,320,,,14.287843704223633,,14.254331588745117,14.254331588745117,,,,
45,321,,,11.20105266571045,,11.167548179626465,11.167548179626465,,,,
,45,,,,,,,,,15.758553504943848,15.758553504943848
45,321,,,,,,,15.758553504943848,15.758553504943848,,
45,321,11.1388521194458,11.172378540039062,,11.1388521194458,,,,,,
46,322,,,11.702669143676758,,11.669180870056152,11.669180870056152,,,,
46,323,,,10.806130409240723,,10.772655487060547,10.772655487060547,,,,
46,324,,,8.949774742126465,,8.91631031036377,8.91631031036377,,,,
46,325,,,8.241416931152344,,8.207955360412598,8.207955360412598,,,,
46,326,,,13.57579231262207,,13.542318344116211,13.542318344116211,,,,
46,327,,,12.297638893127441,,12.264169692993164,12.264169692993164,,,,
46,328,,,9.708283424377441,,9.67482852935791,9.67482852935791,,,,
,46,,,,,,,,,16.430526733398438,16.430526733398438
46,328,,,,,,,16.430526733398438,16.430526733398438,,
46,328,10.823631286621094,10.85710334777832,,10.823631286621094,,,,,,
47,329,,,9.046013832092285,,9.0125732421875,9.0125732421875,,,,
47,330,,,9.70328140258789,,9.669848442077637,9.669848442077637,,,,
47,331,,,13.869133949279785,,13.835713386535645,13.835713386535645,,,,
47,332,,,12.326214790344238,,12.292797088623047,12.292797088623047,,,,
47,333,,,9.213420867919922,,9.180009841918945,9.180009841918945,,,,
47,334,,,9.029258728027344,,8.99584674835205,8.99584674835205,,,,
47,335,,,11.17476749420166,,11.141355514526367,11.141355514526367,,,,
,47,,,,,,,,,17.118125915527344,17.118125915527344
47,335,,,,,,,17.118125915527344,17.118125915527344,,
47,335,10.535654067993164,10.569076538085938,,10.535654067993164,,,,,,
48,336,,,12.804551124572754,,12.771150588989258,12.771150588989258,,,,
48,337,,,8.304695129394531,,8.271293640136719,8.271293640136719,,,,
48,338,,,9.671483993530273,,9.638073921203613,9.638073921203613,,,,
48,339,,,10.511585235595703,,10.478174209594727,10.478174209594727,,,,
48,340,,,8.007028579711914,,7.973633289337158,7.973633289337158,,,,
48,341,,,13.575048446655273,,13.541661262512207,13.541661262512207,,,,
48,342,,,7.540667533874512,,7.507290840148926,7.507290840148926,,,,
,48,,,,,,,,,17.430517196655273,17.430517196655273
48,342,,,,,,,17.430517196655273,17.430517196655273,,
48,342,10.272818565368652,10.306218147277832,,10.272818565368652,,,,,,
49,343,,,8.04820728302002,,8.014816284179688,8.014816284179688,,,,
49,344,,,11.053565979003906,,11.020176887512207,11.020176887512207,,,,
49,345,,,9.746597290039062,,9.713212966918945,9.713212966918945,,,,
49,346,,,9.2067289352417,,9.173354148864746,9.173354148864746,,,,
49,347,,,10.560046195983887,,10.526670455932617,10.526670455932617,,,,
49,348,,,10.807172775268555,,10.773799896240234,10.773799896240234,,,,
49,349,,,13.071026802062988,,13.037649154663086,13.037649154663086,,,,
,49,,,,,,,,,17.51246452331543,17.51246452331543
49,349,,,,,,,17.51246452331543,17.51246452331543,,
49,349,10.056650161743164,10.090031623840332,,10.056650161743164,,,,,,
50,350,,,7.033121109008789,,6.999740123748779,6.999740123748779,,,,
50,351,,,9.413100242614746,,9.379712104797363,9.379712104797363,,,,
50,352,,,12.067214012145996,,12.033827781677246,12.033827781677246,,,,
50,353,,,12.892914772033691,,12.859530448913574,12.859530448913574,,,,
50,354,,,8.855548858642578,,8.822163581848145,8.822163581848145,,,,
50,355,,,7.7845072746276855,,7.751123905181885,7.751123905181885,,,,
50,356,,,13.191864013671875,,13.158477783203125,13.158477783203125,,,,
,50,,,,,,,,,17.84675407409668,17.84675407409668
50,356,,,,,,,17.84675407409668,17.84675407409668,,
50,356,9.847926139831543,9.88131046295166,,9.847926139831543,,,,,,
51,357,,,11.499947547912598,,11.466581344604492,11.466581344604492,,,,
51,358,,,9.132149696350098,,9.098783493041992,9.098783493041992,,,,
51,359,,,10.990595817565918,,10.957229614257812,10.957229614257812,,,,
51,360,,,7.751396656036377,,7.71803092956543,7.71803092956543,,,,
51,361,,,9.050796508789062,,9.017423629760742,9.017423629760742,,,,
51,362,,,11.983084678649902,,11.949713706970215,11.949713706970215,,,,
51,363,,,3.779348611831665,,3.745988368988037,3.745988368988037,,,,
,51,,,,,,,,,17.989503860473633,17.989503860473633
51,363,,,,,,,17.989503860473633,17.989503860473633,,
51,363,9.66470718383789,9.698074340820312,,9.66470718383789,,,,,,
52,364,,,10.092830657958984,,10.059465408325195,10.059465408325195,,,,
52,365,,,13.089774131774902,,13.05640983581543,13.05640983581543,,,,
52,366,,,8.376989364624023,,8.34362506866455,8.34362506866455,,,,
52,367,,,6.4733757972717285,,6.440011024475098,6.440011024475098,,,,
52,368,,,7.5169243812561035,,7.483554363250732,7.483554363250732,,,,
52,369,,,11.745637893676758,,11.712264060974121,11.712264060974121,,,,
52,370,,,9.516621589660645,,9.483250617980957,9.483250617980957,,,,
,52,,,,,,,,,18.18933868408203,18.18933868408203
52,370,,,,,,,18.18933868408203,18.18933868408203,,
52,370,9.513968467712402,9.547335624694824,,9.513968467712402,,,,,,
53,371,,,8.280794143676758,,8.247431755065918,8.247431755065918,,,,
53,372,,,8.696040153503418,,8.662678718566895,8.662678718566895,,,,
53,373,,,8.289433479309082,,8.25606632232666,8.25606632232666,,,,
53,374,,,10.770147323608398,,10.736772537231445,10.736772537231445,,,,
53,375,,,10.128923416137695,,10.095549583435059,10.095549583435059,,,,
53,376,,,10.191228866577148,,10.157855987548828,10.157855987548828,,,,
53,377,,,9.5203857421875,,9.487016677856445,9.487016677856445,,,,
,53,,,,,,,,,18.31734275817871,18.31734275817871
53,377,,,,,,,18.31734275817871,18.31734275817871,,
53,377,9.366899490356445,9.4002685546875,,9.366899490356445,,,,,,
54,378,,,9.699445724487305,,9.666084289550781,9.666084289550781,,,,
54,379,,,8.761817932128906,,8.728460311889648,8.728460311889648,,,,
54,380,,,9.221527099609375,,9.188163757324219,9.188163757324219,,,,
54,381,,,7.940467834472656,,7.907108783721924,7.907108783721924,,,,
54,382,,,8.829288482666016,,8.795927047729492,8.795927047729492,,,,
54,383,,,9.217962265014648,,9.184603691101074,9.184603691101074,,,,
54,384,,,14.746166229248047,,14.712797164916992,14.712797164916992,,,,
,54,,,,,,,,,18.662654876708984,18.662654876708984
54,384,,,,,,,18.662654876708984,18.662654876708984,,
54,384,9.25296401977539,9.286324501037598,,9.25296401977539,,,,,,
55,385,,,11.086712837219238,,11.053353309631348,11.053353309631348,,,,
55,386,,,9.6524076461792,,9.619041442871094,9.619041442871094,,,,
55,387,,,6.963315963745117,,6.929942607879639,6.929942607879639,,,,
55,388,,,7.754762649536133,,7.721385955810547,7.721385955810547,,,,
55,389,,,10.461067199707031,,10.427695274353027,10.427695274353027,,,,
55,390,,,10.824540138244629,,10.791175842285156,10.791175842285156,,,,
55,391,,,4.592165946960449,,4.558795928955078,4.558795928955078,,,,
,55,,,,,,,,,18.755508422851562,18.755508422851562
55,391,,,,,,,18.755508422851562,18.755508422851562,,
55,391,9.137591361999512,9.17095947265625,,9.137591361999512,,,,,,
56,392,,,8.28169059753418,,8.248324394226074,8.248324394226074,,,,
56,393,,,8.397931098937988,,8.364571571350098,8.364571571350098,,,,
56,394,,,7.347671031951904,,7.314304351806641,7.314304351806641,,,,
56,395,,,12.878276824951172,,12.844907760620117,12.844907760620117,,,,
56,396,,,10.430423736572266,,10.397051811218262,10.397051811218262,,,,
56,397,,,8.942037582397461,,8.908661842346191,8.908661842346191,,,,
56,398,,,4.303487300872803,,4.270115852355957,4.270115852355957,,,,
,56,,,,,,,,,18.603267669677734,18.603267669677734
56,398,,,,,,,18.603267669677734,18.603267669677734,,
56,398,9.047704696655273,9.081072807312012,,9.047704696655273,,,,,,
57,399,,,11.504232406616211,,11.470854759216309,11.470854759216309,,,,
57,400,,,9.450258255004883,,9.416888236999512,9.416888236999512,,,,
57,401,,,7.3634538650512695,,7.3300862312316895,7.3300862312316895,,,,
57,402,,,8.796924591064453,,8.763553619384766,8.763553619384766,,,,
57,403,,,7.394348621368408,,7.360980033874512,7.360980033874512,,,,
57,404,,,9.362977027893066,,9.329601287841797,9.329601287841797,,,,
57,405,,,9.31640625,,9.283020973205566,9.283020973205566,,,,
,57,,,,,,,,,18.57413673400879,18.57413673400879
57,405,,,,,,,18.57413673400879,18.57413673400879,,
57,405,8.965191841125488,8.998563766479492,,8.965191841125488,,,,,,
58,406,,,11.356882095336914,,11.323491096496582,11.323491096496582,,,,
58,407,,,9.615083694458008,,9.58169174194336,9.58169174194336,,,,
58,408,,,8.167927742004395,,8.134525299072266,8.134525299072266,,,,
58,409,,,7.159510135650635,,7.126108646392822,7.126108646392822,,,,
58,410,,,9.561699867248535,,9.52829360961914,9.52829360961914,,,,
58,411,,,9.352198600769043,,9.318794250488281,9.318794250488281,,,,
58,412,,,4.269284248352051,,4.235874176025391,4.235874176025391,,,,
,58,,,,,,,,,18.43484878540039,18.43484878540039
58,412,,,,,,,18.43484878540039,18.43484878540039,,
58,412,8.878643989562988,8.912044525146484,,8.878643989562988,,,,,,
59,413,,,8.580406188964844,,8.547002792358398,8.547002792358398,,,,
59,414,,,8.655078887939453,,8.621670722961426,8.621670722961426,,,,
59,415,,,9.046507835388184,,9.013091087341309,9.013091087341309,,,,
59,416,,,11.029333114624023,,10.995917320251465,10.995917320251465,,,,
59,417,,,7.703561305999756,,7.670144081115723,7.670144081115723,,,,
59,418,,,7.2776665687561035,,7.2442450523376465,7.2442450523376465,,,,
59,419,,,10.524704933166504,,10.491279602050781,10.491279602050781,,,,
,59,,,,,,,,,18.397811889648438,18.397811889648438
59,419,,,,,,,18.397811889648438,18.397811889648438,,
59,419,8.788439750671387,8.821853637695312,,8.788439750671387,,,,,,
60,420,,,11.34754467010498,,11.314135551452637,11.314135551452637,,,,
60,421,,,9.45941162109375,,9.426004409790039,9.426004409790039,,,,
60,422,,,7.766689777374268,,7.733272552490234,7.733272552490234,,,,
60,423,,,10.211759567260742,,10.178339958190918,10.178339958190918,,,,
60,424,,,6.918691158294678,,6.88527774810791,6.88527774810791,,,,
60,425,,,6.214060306549072,,6.180644512176514,6.180644512176514,,,,
60,426,,,10.07804012298584,,10.044617652893066,10.044617652893066,,,,
,60,,,,,,,,,18.381134033203125,18.381134033203125
60,426,,,,,,,18.381134033203125,18.381134033203125,,
60,426,8.703435897827148,8.73685073852539,,8.703435897827148,,,,,,
61,427,,,7.159107685089111,,7.12568998336792,7.12568998336792,,,,
61,428,,,6.883973598480225,,6.8505539894104,6.8505539894104,,,,
61,429,,,9.901322364807129,,9.867901802062988,9.867901802062988,,,,
61,430,,,9.532660484313965,,9.499231338500977,9.499231338500977,,,,
61,431,,,8.709024429321289,,8.675592422485352,8.675592422485352,,,,
61,432,,,9.217169761657715,,9.18372917175293,9.18372917175293,,,,
61,433,,,9.82194709777832,,9.78851318359375,9.78851318359375,,,,
,61,,,,,,,,,18.354942321777344,18.354942321777344
61,433,,,,,,,18.35494041442871,18.35494041442871,,
61,433,8.607590675354004,8.64101791381836,,8.607590675354004,,,,,,
62,434,,,6.592563629150391,,6.5591301918029785,6.5591301918029785,,,,
62,435,,,10.325756072998047,,10.292314529418945,10.292314529418945,,,,
62,436,,,9.616938591003418,,9.583497047424316,9.583497047424316,,,,
62,437,,,8.954469680786133,,8.921025276184082,8.921025276184082,,,,
62,438,,,9.00763988494873,,8.974200248718262,8.974200248718262,,,,
62,439,,,7.323490142822266,,7.290050506591797,7.290050506591797,,,,
62,440,,,7.388113975524902,,7.354666233062744,7.354666233062744,,,,
,62,,,,,,,,,18.21603775024414,18.21603775024414
62,440,,,,,,,18.21603775024414,18.21603775024414,,
62,440,8.529915809631348,8.56335735321045,,8.529915809631348,,,,,,
63,441,,,10.93947696685791,,10.906021118164062,10.906021118164062,,,,
63,442,,,9.74348258972168,,9.710028648376465,9.710028648376465,,,,
63,443,,,7.083432674407959,,7.0499725341796875,7.0499725341796875,,,,
63,444,,,6.680120944976807,,6.646653652191162,6.646653652191162,,,,
63,445,,,7.049508571624756,,7.016038417816162,7.016038417816162,,,,
63,446,,,7.253359317779541,,7.21988582611084,7.21988582611084,,,,
63,447,,,14.258481979370117,,14.225004196166992,14.225004196166992,,,,
,63,,,,,,,,,18.219385147094727,18.219385147094727
63,447,,,,,,,18.219385147094727,18.219385147094727,,
63,447,8.452231407165527,8.485695838928223,,8.452231407165527,,,,,,
64,448,,,8.976279258728027,,8.942802429199219,8.942802429199219,,,,
64,449,,,11.357698440551758,,11.324211120605469,11.324211120605469,,,,
64,450,,,8.801887512207031,,8.768397331237793,8.768397331237793,,,,
64,451,,,6.3402934074401855,,6.3068013191223145,6.3068013191223145,,,,
64,452,,,7.072794437408447,,7.039302825927734,7.039302825927734,,,,
64,453,,,7.3239336013793945,,7.290435314178467,7.290435314178467,,,,
64,454,,,9.97727108001709,,9.943770408630371,9.943770408630371,,,,
,64,,,,,,,,,18.058006286621094,18.058006286621094
64,454,,,,,,,18.058006286621094,18.058006286621094,,
64,454,8.376605987548828,8.410096168518066,,8.376605987548828,,,,,,
65,455,,,9.256009101867676,,9.222508430480957,9.222508430480957,,,,
65,456,,,7.852987766265869,,7.819483280181885,7.819483280181885,,,,
65,457,,,7.205223560333252,,7.171720027923584,7.171720027923584,,,,
65,458,,,8.092000961303711,,8.058488845825195,8.058488845825195,,,,
65,459,,,10.199434280395508,,10.165916442871094,10.165916442871094,,,,
65,460,,,7.0684428215026855,,7.034923553466797,7.034923553466797,,,,
65,461,,,9.022945404052734,,8.989419937133789,8.989419937133789,,,,
,65,,,,,,,,,18.014083862304688,18.014083862304688
65,461,,,,,,,18.014083862304688,18.014083862304688,,
65,461,8.289266586303711,8.322776794433594,,8.289266586303711,,,,,,
66,462,,,7.381713390350342,,7.348191738128662,7.348191738128662,,,,
66,463,,,6.237308502197266,,6.203784942626953,6.203784942626953,,,,
66,464,,,9.799725532531738,,9.76620101928711,9.76620101928711,,,,
66,465,,,8.769338607788086,,8.735807418823242,8.735807418823242,,,,
66,466,,,8.982151985168457,,8.948612213134766,8.948612213134766,,,,
66,467,,,6.897188186645508,,6.8636474609375,6.8636474609375,,,,
66,468,,,11.982080459594727,,11.94853401184082,11.94853401184082,,,,
,66,,,,,,,,,17.937814712524414,17.937814712524414
66,468,,,,,,,17.937814712524414,17.937814712524414,,
66,468,8.211285591125488,8.244816780090332,,8.211285591125488,,,,,,
67,469,,,7.8580803871154785,,7.824538230895996,7.824538230895996,,,,
67,470,,,8.30835247039795,,8.274802207946777,8.274802207946777,,,,
67,471,,,9.548803329467773,,9.515262603759766,9.515262603759766,,,,
67,472,,,8.097558975219727,,8.064016342163086,8.064016342163086,,,,
67,473,,,8.020888328552246,,7.987337112426758,7.987337112426758,,,,
67,474,,,7.064859390258789,,7.031304359436035,7.031304359436035,,,,
67,475,,,8.508759498596191,,8.475196838378906,8.475196838378906,,,,
,67,,,,,,,,,17.64364242553711,17.64364242553711
67,475,,,,,,,17.64364242553711,17.64364242553711,,
67,475,8.13732624053955,8.170875549316406,,8.13732624053955,,,,,,
68,476,,,10.760863304138184,,10.727294921875,10.727294921875,,,,
68,477,,,8.338406562805176,,8.304842948913574,8.304842948913574,,,,
68,478,,,6.594234943389893,,6.560662746429443,6.560662746429443,,,,
68,479,,,8.646937370300293,,8.613363265991211,8.613363265991211,,,,
68,480,,,7.748727321624756,,7.715150833129883,7.715150833129883,,,,
68,481,,,5.947253704071045,,5.91367244720459,5.91367244720459,,,,
68,482,,,9.458304405212402,,9.42471694946289,9.42471694946289,,,,
,68,,,,,,,,,17.220123291015625,17.220123291015625
68,482,,,,,,,17.220123291015625,17.220123291015625,,
68,482,8.057923316955566,8.091495513916016,,8.057923316955566,,,,,,
69,483,,,9.717406272888184,,9.683801651000977,9.683801651000977,,,,
69,484,,,10.279900550842285,,10.246293067932129,10.246293067932129,,,,
69,485,,,8.932709693908691,,8.899099349975586,8.899099349975586,,,,
69,486,,,5.077857971191406,,5.04423713684082,5.04423713684082,,,,
69,487,,,6.117489814758301,,6.083868026733398,6.083868026733398,,,,
69,488,,,8.718881607055664,,8.68525505065918,8.68525505065918,,,,
69,489,,,6.087758541107178,,6.054129123687744,6.054129123687744,,,,
,69,,,,,,,,,16.72266387939453,16.72266387939453
69,489,,,,,,,16.72266387939453,16.72266387939453,,
69,489,7.986330032348633,8.019946098327637,,7.986330032348633,,,,,,
70,490,,,7.869952201843262,,7.836306571960449,7.836306571960449,,,,
70,491,,,7.796530723571777,,7.762880325317383,7.762880325317383,,,,
70,492,,,7.940464496612549,,7.906809329986572,7.906809329986572,,,,
70,493,,,7.703309059143066,,7.669649124145508,7.669649124145508,,,,
70,494,,,6.227050304412842,,6.193384647369385,6.193384647369385,,,,
70,495,,,10.403290748596191,,10.369624137878418,10.369624137878418,,,,
70,496,,,7.207733154296875,,7.174056529998779,7.174056529998779,,,,
,70,,,,,,,,,16.469776153564453,16.469776153564453
70,496,,,,,,,16.469776153564453,16.469776153564453,,
70,496,7.910419464111328,7.944077968597412,,7.910419464111328,,,,,,
71,497,,,9.589072227478027,,9.555394172668457,9.555394172668457,,,,
71,498,,,6.308834075927734,,6.275146961212158,6.275146961212158,,,,
71,499,,,6.668100833892822,,6.634411334991455,6.634411334991455,,,,
71,500,,,5.367864608764648,,5.334169864654541,5.334169864654541,,,,
71,501,,,7.005009651184082,,6.971306800842285,6.971306800842285,,,,
71,502,,,10.341263771057129,,10.3075590133667,10.3075590133667,,,,
71,503,,,13.267415046691895,,13.233710289001465,13.233710289001465,,,,
,71,,,,,,,,,16.321788787841797,16.321788787841797
71,503,,,,,,,16.321788787841797,16.321788787841797,,
71,503,7.849510669708252,7.883203983306885,,7.849510669708252,,,,,,
72,504,,,8.090279579162598,,8.056567192077637,8.056567192077637,,,,
72,505,,,8.185882568359375,,8.15217399597168,8.15217399597168,,,,
72,506,,,6.628582954406738,,6.594875335693359,6.594875335693359,,,,
72,507,,,8.490478515625,,8.456775665283203,8.456775665283203,,,,
72,508,,,9.890542030334473,,9.856827735900879,9.856827735900879,,,,
72,509,,,6.462724208831787,,6.4290032386779785,6.4290032386779785,,,,
72,510,,,5.57132625579834,,5.537593364715576,5.537593364715576,,,,
,72,,,,,,,,,16.301071166992188,16.301071166992188
72,510,,,,,,,16.301071166992188,16.301071166992188,,
72,510,7.783972263336182,7.817683696746826,,7.783972263336182,,,,,,
73,511,,,7.038294315338135,,7.004546642303467,7.004546642303467,,,,
73,512,,,10.48654842376709,,10.452799797058105,10.452799797058105,,,,
73,513,,,5.460062026977539,,5.42631196975708,5.42631196975708,,,,
73,514,,,7.528872013092041,,7.495116233825684,7.495116233825684,,,,
73,515,,,6.305129528045654,,6.271366596221924,6.271366596221924,,,,
73,516,,,8.975005149841309,,8.941228866577148,8.941228866577148,,,,
73,517,,,9.47182846069336,,9.438051223754883,9.438051223754883,,,,
,73,,,,,,,,,16.146522521972656,16.146522521972656
73,517,,,,,,,16.146522521972656,16.146522521972656,,
73,517,7.706766605377197,7.740525245666504,,7.706766605377197,,,,,,
74,518,,,5.451172828674316,,5.417386054992676,5.417386054992676,,,,
74,519,,,10.27828598022461,,10.244485855102539,10.244485855102539,,,,
74,520,,,4.980187892913818,,4.946384906768799,4.946384906768799,,,,
74,521,,,6.026037693023682,,5.992230415344238,5.992230415344238,,,,
74,522,,,10.524998664855957,,10.49118423461914,10.49118423461914,,,,
74,523,,,8.42874813079834,,8.394935607910156,8.394935607910156,,,,
74,524,,,8.590875625610352,,8.557051658630371,8.557051658630371,,,,
,74,,,,,,,,,16.19301986694336,16.19301986694336
74,524,,,,,,,16.19301986694336,16.19301986694336,,
74,524,7.638509750366211,7.672314643859863,,7.638509750366211,,,,,,
75,525,,,8.336091041564941,,8.302270889282227,8.302270889282227,,,,
75,526,,,7.4871697425842285,,7.453338146209717,7.453338146209717,,,,
75,527,,,5.647470474243164,,5.61363410949707,5.61363410949707,,,,
75,528,,,6.558732032775879,,6.5248918533325195,6.5248918533325195,,,,
75,529,,,7.8755998611450195,,7.8417558670043945,7.8417558670043945,,,,
75,530,,,8.040846824645996,,8.007004737854004,8.007004737854004,,,,
75,531,,,12.077994346618652,,12.044145584106445,12.044145584106445,,,,
,75,,,,,,,,,16.32101058959961,16.32101058959961
75,531,,,,,,,16.32101058959961,16.32101058959961,,
75,531,7.570109844207764,7.603946685791016,,7.570109844207764,,,,,,
76,532,,,6.0270466804504395,,5.993189334869385,5.993189334869385,,,,
76,533,,,9.16238021850586,,9.128515243530273,9.128515243530273,,,,
76,534,,,7.142594337463379,,7.108725070953369,7.108725070953369,,,,
76,535,,,6.581599235534668,,6.547731876373291,6.547731876373291,,,,
76,536,,,6.608095169067383,,6.574219703674316,6.574219703674316,,,,
76,537,,,7.532806396484375,,7.498926162719727,7.498926162719727,,,,
76,538,,,13.307310104370117,,13.273425102233887,13.273425102233887,,,,
,76,,,,,,,,,16.23933982849121,16.23933982849121
76,538,,,,,,,16.23933982849121,16.23933982849121,,
76,538,7.502562999725342,7.536433219909668,,7.502562999725342,,,,,,
77,539,,,9.286785125732422,,9.252883911132812,9.252883911132812,,,,
77,540,,,9.004435539245605,,8.970535278320312,8.970535278320312,,,,
77,541,,,4.928110122680664,,4.894198894500732,4.894198894500732,,,,
77,542,,,8.393438339233398,,8.359514236450195,8.359514236450195,,,,
77,543,,,7.683149814605713,,7.6492228507995605,7.6492228507995605,,,,
77,544,,,5.321398735046387,,5.287461757659912,5.287461757659912,,,,
77,545,,,8.083399772644043,,8.049457550048828,8.049457550048828,,,,
,77,,,,,,,,,16.218578338623047,16.218578338623047
77,545,,,,,,,16.218578338623047,16.218578338623047,,
77,545,7.440370559692383,7.474289894104004,,7.440370559692383,,,,,,
78,546,,,8.696627616882324,,8.662692070007324,8.662692070007324,,,,
78,547,,,4.937849521636963,,4.903914451599121,4.903914451599121,,,,
78,548,,,7.359982967376709,,7.3260393142700195,7.3260393142700195,,,,
78,549,,,7.991772174835205,,7.957827568054199,7.957827568054199,,,,
78,550,,,7.032164096832275,,6.9982123374938965,6.9982123374938965,,,,
78,551,,,8.87766170501709,,8.84370231628418,8.84370231628418,,,,
78,552,,,6.093673229217529,,6.059709072113037,6.059709072113037,,,,
,78,,,,,,,,,15.894780158996582,15.894780158996582
78,552,,,,,,,15.894780158996582,15.894780158996582,,
78,552,7.367024898529053,7.400970458984375,,7.367024898529053,,,,,,
79,553,,,8.359132766723633,,8.325154304504395,8.325154304504395,,,,
79,554,,,6.571342468261719,,6.537352085113525,6.537352085113525,,,,
79,555,,,5.328964710235596,,5.294970512390137,5.294970512390137,,,,
79,556,,,8.862778663635254,,8.82878303527832,8.82878303527832,,,,
79,557,,,7.5371503829956055,,7.503151893615723,7.503151893615723,,,,
79,558,,,7.7116217613220215,,7.677615642547607,7.677615642547607,,,,
79,559,,,6.30441951751709,,6.270403861999512,6.270403861999512,,,,
,79,,,,,,,,,15.6898193359375,15.6898193359375
79,559,,,,,,,15.6898193359375,15.6898193359375,,
79,559,7.297008991241455,7.331003665924072,,7.297008991241455,,,,,,
80,560,,,8.19311809539795,,8.159100532531738,8.159100532531738,,,,
80,561,,,7.238529682159424,,7.204511642456055,7.204511642456055,,,,
80,562,,,6.897557258605957,,6.863537311553955,6.863537311553955,,,,
80,563,,,6.728519439697266,,6.694499969482422,6.694499969482422,,,,
80,564,,,7.875272750854492,,7.841243267059326,7.841243267059326,,,,
80,565,,,6.042665958404541,,6.008622646331787,6.008622646331787,,,,
80,566,,,8.981620788574219,,8.947568893432617,8.947568893432617,,,,
,80,,,,,,,,,15.627503395080566,15.627503395080566
80,566,,,,,,,15.627503395080566,15.627503395080566,,
80,566,7.235584735870361,7.269611358642578,,7.235584735870361,,,,,,
81,567,,,8.022624015808105,,7.9885711669921875,7.9885711669921875,,,,
81,568,,,8.564332008361816,,8.5302734375,8.5302734375,,,,
81,569,,,5.92273473739624,,5.888668060302734,5.888668060302734,,,,
81,570,,,8.763391494750977,,8.729320526123047,8.729320526123047,,,,
81,571,,,5.633002758026123,,5.598932266235352,5.598932266235352,,,,
81,572,,,7.214659690856934,,7.180583953857422,7.180583953857422,,,,
81,573,,,4.661001205444336,,4.626918792724609,4.626918792724609,,,,
,81,,,,,,,,,15.366706848144531,15.366706848144531
81,573,,,,,,,15.366706848144531,15.366706848144531,,
81,573,7.1610107421875,7.195077896118164,,7.1610107421875,,,,,,
82,574,,,6.791263580322266,,6.757162094116211,6.757162094116211,,,,
82,575,,,7.588035583496094,,7.553926944732666,7.553926944732666,,,,
82,576,,,7.264791965484619,,7.2306718826293945,7.2306718826293945,,,,
82,577,,,7.370763301849365,,7.336635589599609,7.336635589599609,,,,
82,578,,,7.6681318283081055,,7.633993148803711,7.633993148803711,,,,
82,579,,,5.9003586769104,,5.86621618270874,5.86621618270874,,,,
82,580,,,7.587188243865967,,7.553041458129883,7.553041458129883,,,,
,82,,,,,,,,,15.363121032714844,15.363121032714844
82,580,,,,,,,15.363121032714844,15.363121032714844,,
82,580,7.091920852661133,7.126046180725098,,7.091920852661133,,,,,,
83,581,,,6.616334438323975,,6.58219051361084,6.58219051361084,,,,
83,582,,,8.304383277893066,,8.270231246948242,8.270231246948242,,,,
83,583,,,6.071227550506592,,6.037068843841553,6.037068843841553,,,,
83,584,,,8.53768539428711,,8.503523826599121,8.503523826599121,,,,
83,585,,,5.491596698760986,,5.45742654800415,5.45742654800415,,,,
83,586,,,8.291535377502441,,8.25735855102539,8.25735855102539,,,,
83,587,,,4.506445407867432,,4.472264289855957,4.472264289855957,,,,
,83,,,,,,,,,15.215632438659668,15.215632438659668
83,587,,,,,,,15.215632438659668,15.215632438659668,,
83,587,7.025081634521484,7.059244155883789,,7.025081634521484,,,,,,
84,588,,,6.5925493240356445,,6.558363914489746,6.558363914489746,,,,
84,589,,,5.142322540283203,,5.108127593994141,5.108127593994141,,,,
84,590,,,7.727428913116455,,7.6932268142700195,7.6932268142700195,,,,
84,591,,,7.8670454025268555,,7.83283805847168,7.83283805847168,,,,
84,592,,,8.034919738769531,,8.000704765319824,8.000704765319824,,,,
84,593,,,6.774782657623291,,6.740564823150635,6.740564823150635,,,,
84,594,,,6.549797534942627,,6.515573978424072,6.515573978424072,,,,
,84,,,,,,,,,15.096291542053223,15.096291542053223
84,594,,,,,,,15.096291542053223,15.096291542053223,,
84,594,6.961124420166016,6.995328903198242,,6.961124420166016,,,,,,
85,595,,,7.2132182121276855,,7.178989887237549,7.178989887237549,,,,
85,596,,,8.040831565856934,,8.006600379943848,8.006600379943848,,,,
85,597,,,5.983944416046143,,5.949712753295898,5.949712753295898,,,,
85,598,,,6.522355556488037,,6.488114356994629,6.488114356994629,,,,
85,599,,,8.136797904968262,,8.102550506591797,8.102550506591797,,,,
85,600,,,6.5682501792907715,,6.533987522125244,6.533987522125244,,,,
85,601,,,4.861043453216553,,4.82677698135376,4.82677698135376,,,,
,85,,,,,,,,,14.906249046325684,14.906249046325684
85,601,,,,,,,14.906249046325684,14.906249046325684,,
85,601,6.912940979003906,6.947182655334473,,6.912940979003906,,,,,,
86,602,,,4.7299041748046875,,4.695630073547363,4.695630073547363,,,,
86,603,,,8.817095756530762,,8.782814025878906,8.782814025878906,,,,
86,604,,,4.365422248840332,,4.3311262130737305,4.3311262130737305,,,,
86,605,,,8.442636489868164,,8.408337593078613,8.408337593078613,,,,
86,606,,,6.782896995544434,,6.748587608337402,6.748587608337402,,,,
86,607,,,8.665929794311523,,8.631611824035645,8.631611824035645,,,,
86,608,,,5.305209159851074,,5.2708892822265625,5.2708892822265625,,,,
,86,,,,,,,,,14.828697204589844,14.828697204589844
86,608,,,,,,,14.828697204589844,14.828697204589844,,
86,608,6.835245609283447,6.869543552398682,,6.835245609283447,,,,,,
87,609,,,5.46751594543457,,5.43319845199585,5.43319845199585,,,,
87,610,,,8.17038631439209,,8.136063575744629,8.136063575744629,,,,
87,611,,,6.159084796905518,,6.124756813049316,6.124756813049316,,,,
87,612,,,8.783650398254395,,8.749316215515137,8.749316215515137,,,,
87,613,,,5.835535526275635,,5.8011932373046875,5.8011932373046875,,,,
87,614,,,5.941543102264404,,5.907188415527344,5.907188415527344,,,,
87,615,,,7.941019058227539,,7.90665864944458,7.90665864944458,,,,
,87,,,,,,,,,14.952713966369629,14.952713966369629
87,615,,,,,,,14.952713966369629,14.952713966369629,,
87,615,6.763406276702881,6.797741413116455,,6.763406276702881,,,,,,
88,616,,,8.073768615722656,,8.039410591125488,8.039410591125488,,,,
88,617,,,4.87299919128418,,4.838634967803955,4.838634967803955,,,,
88,618,,,4.7502851486206055,,4.715914726257324,4.715914726257324,,,,
88,619,,,7.584024906158447,,7.549651145935059,7.549651145935059,,,,
88,620,,,7.248833179473877,,7.214449405670166,7.214449405670166,,,,
88,621,,,7.925234794616699,,7.8908467292785645,7.8908467292785645,,,,
88,622,,,6.667016983032227,,6.632622718811035,6.632622718811035,,,,
,88,,,,,,,,,14.758600234985352,14.758600234985352
88,622,,,,,,,14.758600234985352,14.758600234985352,,
88,622,6.703708648681641,6.738082408905029,,6.703708648681641,,,,,,
89,623,,,7.2034831047058105,,7.169075012207031,7.169075012207031,,,,
89,624,,,8.906550407409668,,8.8721342086792,8.8721342086792,,,,
89,625,,,6.521042823791504,,6.4866180419921875,6.4866180419921875,,,,
89,626,,,4.48267126083374,,4.448233604431152,4.448233604431152,,,,
89,627,,,6.851974010467529,,6.8175249099731445,6.8175249099731445,,,,
89,628,,,7.8805317878723145,,7.8460774421691895,7.8460774421691895,,,,
89,629,,,1.9282890558242798,,1.8938319683074951,1.8938319683074951,,,,
,89,,,,,,,,,14.607073783874512,14.607073783874512
89,629,,,,,,,14.607073783874512,14.607073783874512,,
89,629,6.643113613128662,6.677546977996826,,6.643113613128662,,,,,,
90,630,,,9.598724365234375,,9.56427001953125,9.56427001953125,,,,
90,631,,,5.303923606872559,,5.2694597244262695,5.2694597244262695,,,,
90,632,,,5.4557600021362305,,5.421286106109619,5.421286106109619,,,,
90,633,,,6.566636085510254,,6.5321526527404785,6.5321526527404785,,,,
90,634,,,8.795143127441406,,8.76065444946289,8.76065444946289,,,,
90,635,,,4.263432502746582,,4.228935718536377,4.228935718536377,,,,
90,636,,,5.92085075378418,,5.886353015899658,5.886353015899658,,,,
,90,,,,,,,,,14.451223373413086,14.451223373413086
90,636,,,,,,,14.451223373413086,14.451223373413086,,
90,636,6.585747241973877,6.620225429534912,,6.585747241973877,,,,,,
91,637,,,6.959362506866455,,6.924861431121826,6.924861431121826,,,,
91,638,,,5.808494567871094,,5.773993492126465,5.773993492126465,,,,
91,639,,,5.533130168914795,,5.498621940612793,5.498621940612793,,,,
91,640,,,6.839317321777344,,6.804798603057861,6.804798603057861,,,,
91,641,,,4.5107808113098145,,4.476251125335693,4.476251125335693,,,,
91,642,,,8.633875846862793,,8.59933853149414,8.59933853149414,,,,
91,643,,,9.540532112121582,,9.505988121032715,9.505988121032715,,,,
,91,,,,,,,,,14.522771835327148,14.522771835327148
91,643,,,,,,,14.522771835327148,14.522771835327148,,
91,643,6.532174587249756,6.566692352294922,,6.532174587249756,,,,,,
92,644,,,6.3659796714782715,,6.331432342529297,6.331432342529297,,,,
92,645,,,6.224341869354248,,6.18978214263916,6.18978214263916,,,,
92,646,,,6.698917388916016,,6.664344787597656,6.664344787597656,,,,
92,647,,,7.404252529144287,,7.3696746826171875,7.3696746826171875,,,,
92,648,,,6.271124839782715,,6.236542701721191,6.236542701721191,,,,
92,649,,,6.182613849639893,,6.148026466369629,6.148026466369629,,,,
92,650,,,5.949811935424805,,5.915218830108643,5.915218830108643,,,,
,92,,,,,,,,,14.49755573272705,14.49755573272705
92,650,,,,,,,14.49755573272705,14.49755573272705,,
92,650,6.45615816116333,6.490730285644531,,6.45615816116333,,,,,,
93,651,,,5.467548370361328,,5.432948112487793,5.432948112487793,,,,
93,652,,,6.207844257354736,,6.173232078552246,6.173232078552246,,,,
93,653,,,6.473283767700195,,6.438666820526123,6.438666820526123,,,,
93,654,,,7.43548583984375,,7.400861740112305,7.400861740112305,,,,
93,655,,,6.141704082489014,,6.107073783874512,6.107073783874512,,,,
93,656,,,6.961678504943848,,6.927038192749023,6.927038192749023,,,,
93,657,,,6.157103538513184,,6.122459411621094,6.122459411621094,,,,
,93,,,,,,,,,14.336703300476074,14.336703300476074
93,657,,,,,,,14.336703300476074,14.336703300476074,,
93,657,6.396194934844971,6.430817127227783,,6.396194934844971,,,,,,
94,658,,,6.481207370758057,,6.446552276611328,6.446552276611328,,,,
94,659,,,6.733103275299072,,6.6984477043151855,6.6984477043151855,,,,
94,660,,,4.58931827545166,,4.5546464920043945,4.5546464920043945,,,,
94,661,,,7.7421040534973145,,7.707423210144043,7.707423210144043,,,,
94,662,,,6.96646785736084,,6.931783199310303,6.931783199310303,,,,
94,663,,,6.878422260284424,,6.843727111816406,6.843727111816406,,,,
94,664,,,3.2708840370178223,,3.236177444458008,3.236177444458008,,,,
,94,,,,,,,,,14.270397186279297,14.270397186279297
94,664,,,,,,,14.27039623260498,14.27039623260498,,
94,664,6.336650371551514,6.371325969696045,,6.336650371551514,,,,,,
95,665,,,5.537967681884766,,5.503265380859375,5.503265380859375,,,,
95,666,,,5.582317352294922,,5.547608375549316,5.547608375549316,,,,
95,667,,,6.153295993804932,,6.118581771850586,6.118581771850586,,,,
95,668,,,6.840015411376953,,6.805290699005127,6.805290699005127,,,,
95,669,,,5.261787414550781,,5.227048873901367,5.227048873901367,,,,
95,670,,,8.349785804748535,,8.315044403076172,8.315044403076172,,,,
95,671,,,6.785652160644531,,6.750901699066162,6.750901699066162,,,,
,95,,,,,,,,,14.21544075012207,14.21544075012207
95,671,,,,,,,14.21544075012207,14.21544075012207,,
95,671,6.282106399536133,6.316829681396484,,6.282106399536133,,,,,,
96,672,,,5.072617530822754,,5.037867069244385,5.037867069244385,,,,
96,673,,,5.8495330810546875,,5.814781665802002,5.814781665802002,,,,
96,674,,,6.6844964027404785,,6.649735927581787,6.649735927581787,,,,
96,675,,,4.280721187591553,,4.245952129364014,4.245952129364014,,,,
96,676,,,6.138038635253906,,6.103262901306152,6.103262901306152,,,,
96,677,,,8.923194885253906,,8.888410568237305,8.888410568237305,,,,
96,678,,,7.874484062194824,,7.839689254760742,7.839689254760742,,,,
,96,,,,,,,,,14.179661750793457,14.179661750793457
96,678,,,,,,,14.179661750793457,14.179661750793457,,
96,678,6.224297523498535,6.259063720703125,,6.224297523498535,,,,,,
97,679,,,4.258965492248535,,4.224162578582764,4.224162578582764,,,,
97,680,,,7.548591136932373,,7.513776779174805,7.513776779174805,,,,
97,681,,,7.468817710876465,,7.433993816375732,7.433993816375732,,,,
97,682,,,6.717514514923096,,6.682680130004883,6.682680130004883,,,,
97,683,,,5.6805806159973145,,5.645740985870361,5.645740985870361,,,,
97,684,,,5.294319152832031,,5.259468078613281,5.259468078613281,,,,
97,685,,,6.7800445556640625,,6.745188236236572,6.745188236236572,,,,
,97,,,,,,,,,14.092117309570312,14.092117309570312
97,685,,,,,,,14.092117309570312,14.092117309570312,,
97,685,6.163022518157959,6.19785213470459,,6.163022518157959,,,,,,
98,686,,,5.771708965301514,,5.736848831176758,5.736848831176758,,,,
98,687,,,6.737252235412598,,6.7023820877075195,6.7023820877075195,,,,
98,688,,,4.5868000984191895,,4.551921367645264,4.551921367645264,,,,
98,689,,,7.157934665679932,,7.123043060302734,7.123043060302734,,,,
98,690,,,4.672173976898193,,4.637282371520996,4.637282371520996,,,,
98,691,,,7.5889434814453125,,7.554043769836426,7.554043769836426,,,,
98,692,,,6.783607006072998,,6.748696327209473,6.748696327209473,,,,
,98,,,,,,,,,13.91552448272705,13.91552448272705
98,692,,,,,,,13.91552448272705,13.91552448272705,,
98,692,6.091965675354004,6.12684965133667,,6.091965675354004,,,,,,
99,693,,,4.896230697631836,,4.861306667327881,4.861306667327881,,,,
99,694,,,7.37596321105957,,7.341032981872559,7.341032981872559,,,,
99,695,,,5.753983974456787,,5.719050407409668,5.719050407409668,,,,
99,696,,,5.202914714813232,,5.167966365814209,5.167966365814209,,,,
99,697,,,5.226325988769531,,5.191366672515869,5.191366672515869,,,,
99,698,,,6.640717506408691,,6.605749130249023,6.605749130249023,,,,
99,699,,,9.439408302307129,,9.40442943572998,9.40442943572998,,,,
,99,,,,,,,,,13.826931953430176,13.826931953430176
99,699,,,,,,,13.826931953430176,13.826931953430176,,
99,699,6.025589942932129,6.060535907745361,,6.025589942932129,,,,,,
100,700,,,4.5923027992248535,,4.557315349578857,4.557315349578857,,,,
100,701,,,5.1412553787231445,,5.106257915496826,5.106257915496826,,,,
100,702,,,4.733121871948242,,4.698119163513184,4.698119163513184,,,,
100,703,,,5.944625377655029,,5.909616947174072,5.909616947174072,,,,
100,704,,,7.744464874267578,,7.709447383880615,7.709447383880615,,,,
100,705,,,6.89058780670166,,6.855561256408691,6.855561256408691,,,,
100,706,,,8.45985221862793,,8.424814224243164,8.424814224243164,,,,
,100,,,,,,,,,13.661883354187012,13.661883354187012
100,706,,,,,,,13.661883354187012,13.661883354187012,,
100,706,5.960097789764404,5.995106220245361,,5.960097789764404,,,,,,
101,707,,,5.535328388214111,,5.500271797180176,5.500271797180176,,,,
101,708,,,4.731152057647705,,4.6960859298706055,4.6960859298706055,,,,
101,709,,,5.694711685180664,,5.659636497497559,5.659636497497559,,,,
101,710,,,6.900792121887207,,6.865710258483887,6.865710258483887,,,,
101,711,,,6.202599048614502,,6.167507171630859,6.167507171630859,,,,
101,712,,,6.503355979919434,,6.468250274658203,6.468250274658203,,,,
101,713,,,6.101436614990234,,6.066320896148682,6.066320896148682,,,,
,101,,,,,,,,,13.437240600585938,13.437240600585938
101,713,,,,,,,13.437240600585938,13.437240600585938,,
101,713,5.903110980987549,5.938192844390869,,5.903110980987549,,,,,,
102,714,,,6.985308647155762,,6.950186729431152,6.950186729431152,,,,
102,715,,,6.092185974121094,,6.057054042816162,6.057054042816162,,,,
102,716,,,6.143299579620361,,6.108156681060791,6.108156681060791,,,,
102,717,,,4.425258636474609,,4.390110492706299,4.390110492706299,,,,
102,718,,,4.596214294433594,,4.561056137084961,4.561056137084961,,,,
102,719,,,7.110654354095459,,7.075485706329346,7.075485706329346,,,,
102,720,,,5.873690128326416,,5.838514804840088,5.838514804840088,,,,
,102,,,,,,,,,13.093181610107422,13.093181610107422
102,720,,,,,,,13.093180656433105,13.093180656433105,,
102,720,5.85591983795166,5.891067028045654,,5.85591983795166,,,,,,
103,721,,,7.6126275062561035,,7.5774359703063965,7.5774359703063965,,,,
103,722,,,4.490124702453613,,4.454920768737793,4.454920768737793,,,,
103,723,,,5.437097072601318,,5.401882648468018,5.401882648468018,,,,
103,724,,,5.95814847946167,,5.922922134399414,5.922922134399414,,,,
103,725,,,5.529484748840332,,5.494253158569336,5.494253158569336,,,,
103,726,,,5.79433536529541,,5.759090900421143,5.759090900421143,,,,
103,727,,,6.568676948547363,,6.5334248542785645,6.5334248542785645,,,,
,103,,,,,,,,,12.960200309753418,12.960200309753418
103,727,,,,,,,12.960200309753418,12.960200309753418,,
103,727,5.813417911529541,5.848639011383057,,5.813417911529541,,,,,,
104,728,,,6.673196315765381,,6.637942790985107,6.637942790985107,,,,
104,729,,,6.792422771453857,,6.757155418395996,6.757155418395996,,,,
104,730,,,4.700496196746826,,4.665217399597168,4.665217399597168,,,,
104,731,,,3.887176990509033,,3.8518857955932617,3.8518857955932617,,,,
104,732,,,4.844140529632568,,4.808839797973633,4.808839797973633,,,,
104,733,,,5.949405670166016,,5.91410493850708,5.91410493850708,,,,
104,734,,,10.947196960449219,,10.91188907623291,10.91188907623291,,,,
,104,,,,,,,,,12.973601341247559,12.973601341247559
104,734,,,,,,,12.973601341247559,12.973601341247559,,
104,734,5.761114597320557,5.796398162841797,,5.761114597320557,,,,,,
105,735,,,5.1815266609191895,,5.146208763122559,5.146208763122559,,,,
105,736,,,8.323199272155762,,8.287873268127441,8.287873268127441,,,,
105,737,,,4.731930255889893,,4.696592330932617,4.696592330932617,,,,
105,738,,,6.1832122802734375,,6.1478705406188965,6.1478705406188965,,,,
105,739,,,4.271399021148682,,4.236051082611084,4.236051082611084,,,,
105,740,,,6.974319934844971,,6.938960075378418,6.938960075378418,,,,
105,741,,,2.588141679763794,,2.5527684688568115,2.5527684688568115,,,,
,105,,,,,,,,,12.888936996459961,12.888936996459961
105,741,,,,,,,12.888936996459961,12.888936996459961,,
105,741,5.711504936218262,5.746845722198486,,5.711504936218262,,,,,,
106,742,,,6.1918792724609375,,6.156500816345215,6.156500816345215,,,,
106,743,,,2.9356255531311035,,2.9002339839935303,2.9002339839935303,,,,
106,744,,,5.881621837615967,,5.846223831176758,5.846223831176758,,,,
106,745,,,7.126661777496338,,7.091254234313965,7.091254234313965,,,,
106,746,,,5.3058342933654785,,5.270418167114258,5.270418167114258,,,,
106,747,,,6.479884624481201,,6.4444580078125,6.4444580078125,,,,
106,748,,,6.285701751708984,,6.250267028808594,6.250267028808594,,,,
,106,,,,,,,,,12.697511672973633,12.697511672973633
106,748,,,,,,,12.697511672973633,12.697511672973633,,
106,748,5.655363082885742,5.690767765045166,,5.655363082885742,,,,,,
107,749,,,6.6531267166137695,,6.617686748504639,6.617686748504639,,,,
107,750,,,6.631513595581055,,6.596053600311279,6.596053600311279,,,,
107,751,,,4.587671756744385,,4.5522027015686035,4.5522027015686035,,,,
107,752,,,5.630753040313721,,5.595276355743408,5.595276355743408,,,,
107,753,,,4.932798385620117,,4.897310256958008,4.897310256958008,,,,
107,754,,,5.152437686920166,,5.116945743560791,5.116945743560791,,,,
107,755,,,6.417806148529053,,6.382307052612305,6.382307052612305,,,,
,107,,,,,,,,,12.676288604736328,12.676288604736328
107,755,,,,,,,12.676289558410645,12.676289558410645,,
107,755,5.610798358917236,5.646271228790283,,5.610798358917236,,,,,,
108,756,,,3.823355197906494,,3.7878551483154297,3.7878551483154297,,,,
108,757,,,7.8759636878967285,,7.8404622077941895,7.8404622077941895,,,,
108,758,,,7.612155914306641,,7.5766448974609375,7.5766448974609375,,,,
108,759,,,5.1956024169921875,,5.160083770751953,5.160083770751953,,,,
108,760,,,5.627997875213623,,5.592471599578857,5.592471599578857,,,,
108,761,,,4.8669657707214355,,4.831429481506348,4.831429481506348,,,,
108,762,,,1.8589895963668823,,1.8234366178512573,1.8234366178512573,,,,
,108,,,,,,,,,12.663856506347656,12.663856506347656
108,762,,,,,,,12.663856506347656,12.663856506347656,,
108,762,5.564350605010986,5.599868297576904,,5.564350605010986,,,,,,
109,763,,,5.830558776855469,,5.7950029373168945,5.7950029373168945,,,,
109,764,,,4.341659069061279,,4.306095600128174,4.306095600128174,,,,
109,765,,,6.487631797790527,,6.452061176300049,6.452061176300049,,,,
109,766,,,6.925461769104004,,6.889877796173096,6.889877796173096,,,,
109,767,,,5.189963340759277,,5.154367923736572,5.154367923736572,,,,
109,768,,,5.061933517456055,,5.026331424713135,5.026331424713135,,,,
109,769,,,4.148532867431641,,4.112920761108398,4.112920761108398,,,,
,109,,,,,,,,,12.542242050170898,12.542242050170898
109,769,,,,,,,12.542242050170898,12.542242050170898,,
109,769,5.51624870300293,5.551828861236572,,5.51624870300293,,,,,,
110,770,,,5.891869068145752,,5.8562517166137695,5.8562517166137695,,,,
110,771,,,4.767705917358398,,4.732075214385986,4.732075214385986,,,,
110,772,,,5.743150234222412,,5.707513809204102,5.707513809204102,,,,
110,773,,,6.918296813964844,,6.882654190063477,6.882654190063477,,,,
110,774,,,5.034826278686523,,4.999172210693359,4.999172210693359,,,,
110,775,,,5.251773834228516,,5.216109752655029,5.216109752655029,,,,
110,776,,,3.8936641216278076,,3.8579888343811035,3.8579888343811035,,,,
,110,,,,,,,,,12.432494163513184,12.432494163513184
110,776,,,,,,,12.432494163513184,12.432494163513184,,
110,776,5.465179920196533,5.5008225440979,,5.465179920196533,,,,,,
111,777,,,5.746966361999512,,5.711291313171387,5.711291313171387,,,,
111,778,,,6.213216304779053,,6.177531719207764,6.177531719207764,,,,
111,779,,,6.304069995880127,,6.26837682723999,6.26837682723999,,,,
111,780,,,5.184181213378906,,5.148481369018555,5.148481369018555,,,,
111,781,,,5.436717987060547,,5.401005744934082,5.401005744934082,,,,
111,782,,,5.013778209686279,,4.978053092956543,4.978053092956543,,,,
111,783,,,2.264927387237549,,2.2291951179504395,2.2291951179504395,,,,
,111,,,,,,,,,12.277247428894043,12.277247428894043
111,783,,,,,,,12.277247428894043,12.277247428894043,,
111,783,5.415010452270508,5.450709819793701,,5.415010452270508,,,,,,
112,784,,,6.9516401290893555,,6.915905475616455,6.915905475616455,,,,
112,785,,,4.668656826019287,,4.632911682128906,4.632911682128906,,,,
112,786,,,4.409297943115234,,4.373544216156006,4.373544216156006,,,,
112,787,,,4.766244888305664,,4.730485439300537,4.730485439300537,,,,
112,788,,,5.603420734405518,,5.567653656005859,5.567653656005859,,,,
112,789,,,5.42599630355835,,5.390216827392578,5.390216827392578,,,,
112,790,,,6.901780605316162,,6.865993022918701,6.865993022918701,,,,
,112,,,,,,,,,12.083266258239746,12.083266258239746
112,790,,,,,,,12.083266258239746,12.083266258239746,,
112,790,5.362426280975342,5.398184299468994,,5.362426280975342,,,,,,
113,791,,,4.75762939453125,,4.721829891204834,4.721829891204834,,,,
113,792,,,2.7997660636901855,,2.7639613151550293,2.7639613151550293,,,,
113,793,,,7.697911262512207,,7.6621012687683105,7.6621012687683105,,,,
113,794,,,6.204429626464844,,6.168611526489258,6.168611526489258,,,,
113,795,,,4.706094741821289,,4.67026424407959,4.67026424407959,,,,
113,796,,,5.711761474609375,,5.675921440124512,5.675921440124512,,,,
113,797,,,5.9934892654418945,,5.95763635635376,5.95763635635376,,,,
,113,,,,,,,,,11.966866493225098,11.966866493225098
113,797,,,,,,,11.966866493225098,11.966866493225098,,
113,797,5.317145824432373,5.352964878082275,,5.317145824432373,,,,,,
114,798,,,4.6711955070495605,,4.6353278160095215,4.6353278160095215,,,,
114,799,,,2.8489887714385986,,2.8131096363067627,2.8131096363067627,,,,
114,800,,,5.508425235748291,,5.4725341796875,5.4725341796875,,,,
114,801,,,5.17178201675415,,5.135880947113037,5.135880947113037,,,,
114,802,,,6.303197860717773,,6.26729154586792,6.26729154586792,,,,
114,803,,,7.189062118530273,,7.153151512145996,7.153151512145996,,,,
114,804,,,5.723482608795166,,5.687556743621826,5.687556743621826,,,,
,114,,,,,,,,,11.75216007232666,11.75216007232666
114,804,,,,,,,11.75216007232666,11.75216007232666,,
114,804,5.272177219390869,5.308072090148926,,5.272177219390869,,,,,,
115,805,,,5.523371696472168,,5.487432479858398,5.487432479858398,,,,
115,806,,,7.542718410491943,,7.506769180297852,7.506769180297852,,,,
115,807,,,4.450399398803711,,4.414438247680664,4.414438247680664,,,,
115,808,,,5.90801477432251,,5.872042655944824,5.872042655944824,,,,
115,809,,,3.7923736572265625,,3.7563977241516113,3.7563977241516113,,,,
115,810,,,4.172603607177734,,4.136615753173828,4.136615753173828,,,,
115,811,,,5.781846046447754,,5.745847225189209,5.745847225189209,,,,
,115,,,,,,,,,11.60516357421875,11.60516357421875
115,811,,,,,,,11.60516357421875,11.60516357421875,,
115,811,5.227982521057129,5.263948917388916,,5.227982521057129,,,,,,
116,812,,,2.9215710163116455,,2.8855624198913574,2.8855624198913574,,,,
116,813,,,5.513990879058838,,5.477975368499756,5.477975368499756,,,,
116,814,,,5.004411697387695,,4.968385696411133,4.968385696411133,,,,
116,815,,,4.1735758781433105,,4.137535572052002,4.137535572052002,,,,
116,816,,,5.975539684295654,,5.939492225646973,5.939492225646973,,,,
116,817,,,6.388261318206787,,6.352206707000732,6.352206707000732,,,,
116,818,,,8.769307136535645,,8.733243942260742,8.733243942260742,,,,
,116,,,,,,,,,11.470102310180664,11.470102310180664
116,818,,,,,,,11.470102310180664,11.470102310180664,,
116,818,5.182137489318848,5.2181715965271,,5.182137489318848,,,,,,
117,819,,,5.375298500061035,,5.339218616485596,5.339218616485596,,,,
117,820,,,5.277577877044678,,5.241487503051758,5.241487503051758,,,,
117,821,,,4.123292446136475,,4.087189674377441,4.087189674377441,,,,
117,822,,,5.486612319946289,,5.45050048828125,5.45050048828125,,,,
117,823,,,4.074074745178223,,4.037954807281494,4.037954807281494,,,,
117,824,,,5.105012893676758,,5.06888484954834,5.06888484954834,,,,
117,825,,,9.19392204284668,,9.157782554626465,9.157782554626465,,,,
,117,,,,,,,,,11.50791072845459,11.50791072845459
117,825,,,,,,,11.50791072845459,11.50791072845459,,
117,825,5.123044013977051,5.159151554107666,,5.123044013977051,,,,,,
118,826,,,5.636884689331055,,5.600735664367676,5.600735664367676,,,,
118,827,,,6.041310787200928,,6.005151748657227,6.005151748657227,,,,
118,828,,,5.82222318649292,,5.7860541343688965,5.7860541343688965,,,,
118,829,,,6.23256778717041,,6.196388244628906,6.196388244628906,,,,
118,830,,,3.7544233798980713,,3.7182321548461914,3.7182321548461914,,,,
118,831,,,3.5085246562957764,,3.4723219871520996,3.4723219871520996,,,,
118,832,,,4.232460021972656,,4.1962480545043945,4.1962480545043945,,,,
,118,,,,,,,,,11.57298469543457,11.57298469543457
118,832,,,,,,,11.57298469543457,11.57298469543457,,
118,832,5.074897766113281,5.111075401306152,,5.074897766113281,,,,,,
119,833,,,4.3466033935546875,,4.3103861808776855,4.3103861808776855,,,,
119,834,,,5.048101902008057,,5.011874675750732,5.011874675750732,,,,
119,835,,,5.59699821472168,,5.56076192855835,5.56076192855835,,,,
119,836,,,5.756030082702637,,5.719784259796143,5.719784259796143,,,,
119,837,,,5.032642841339111,,4.996386528015137,4.996386528015137,,,,
119,838,,,4.479910373687744,,4.4436445236206055,4.4436445236206055,,,,
119,839,,,5.218891143798828,,5.182614326477051,5.182614326477051,,,,
,119,,,,,,,,,11.584026336669922,11.584026336669922
119,839,,,,,,,11.584025382995605,11.584025382995605,,
119,839,5.017461776733398,5.053704738616943,,5.017461776733398,,,,,,
120,840,,,4.159369468688965,,4.123083591461182,4.123083591461182,,,,
120,841,,,3.941112995147705,,3.904818296432495,3.904818296432495,,,,
120,842,,,6.684473037719727,,6.648170471191406,6.648170471191406,,,,
120,843,,,5.444086074829102,,5.407772541046143,5.407772541046143,,,,
120,844,,,3.424588441848755,,3.3882627487182617,3.3882627487182617,,,,
120,845,,,5.609021186828613,,5.572686195373535,5.572686195373535,,,,
120,846,,,6.955894470214844,,6.91955041885376,6.91955041885376,,,,
,120,,,,,,,,,11.43540096282959,11.43540096282959
120,846,,,,,,,11.43540096282959,11.43540096282959,,
120,846,4.963078022003174,4.999390125274658,,4.963078022003174,,,,,,
121,847,,,5.002162456512451,,4.9658026695251465,4.9658026695251465,,,,
121,848,,,5.425962924957275,,5.389591693878174,5.389591693878174,,,,
121,849,,,4.082299709320068,,4.045915126800537,4.045915126800537,,,,
121,850,,,4.923908710479736,,4.887513160705566,4.887513160705566,,,,
121,851,,,5.456160545349121,,5.419757843017578,5.419757843017578,,,,
121,852,,,4.99281644821167,,4.9564032554626465,4.9564032554626465,,,,
121,853,,,4.492702960968018,,4.456280708312988,4.456280708312988,,,,
,121,,,,,,,,,11.181918144226074,11.181918144226074
121,853,,,,,,,11.181918144226074,11.181918144226074,,
121,853,4.915464878082275,4.951854705810547,,4.915464878082275,,,,,,
122,854,,,6.203806400299072,,6.167372703552246,6.167372703552246,,,,
122,855,,,3.6874642372131348,,3.651017189025879,3.651017189025879,,,,
122,856,,,4.994981288909912,,4.958522796630859,4.958522796630859,,,,
122,857,,,5.62312126159668,,5.586654186248779,5.586654186248779,,,,
122,858,,,4.439340591430664,,4.402859687805176,4.402859687805176,,,,
122,859,,,4.783882141113281,,4.747389316558838,4.747389316558838,,,,
122,860,,,4.30610990524292,,4.269612789154053,4.269612789154053,,,,
,122,,,,,,,,,10.984611511230469,10.984611511230469
122,860,,,,,,,10.984611511230469,10.984611511230469,,
122,860,4.880771636962891,4.917237281799316,,4.880771636962891,,,,,,
123,861,,,3.740992784500122,,3.7044870853424072,3.7044870853424072,,,,
123,862,,,3.559854745864868,,3.5233352184295654,3.5233352184295654,,,,
123,863,,,5.316409587860107,,5.279882907867432,5.279882907867432,,,,
123,864,,,5.050751686096191,,5.014212608337402,5.014212608337402,,,,
123,865,,,6.109979152679443,,6.073431968688965,6.073431968688965,,,,
123,866,,,5.126593112945557,,5.090035915374756,5.090035915374756,,,,
123,867,,,5.670871257781982,,5.634305000305176,5.634305000305176,,,,
,123,,,,,,,,,10.965246200561523,10.965246200561523
123,867,,,,,,,10.965246200561523,10.965246200561523,,
123,867,4.831098556518555,4.867632865905762,,4.831098556518555,,,,,,
124,868,,,3.7236764430999756,,3.687102794647217,3.687102794647217,,,,
124,869,,,6.712465286254883,,6.675886154174805,6.675886154174805,,,,
124,870,,,4.482087135314941,,4.445497035980225,4.445497035980225,,,,
124,871,,,5.997891426086426,,5.961291313171387,5.961291313171387,,,,
124,872,,,3.562654495239258,,3.526043176651001,3.526043176651001,,,,
124,873,,,5.300172328948975,,5.2635498046875,5.2635498046875,,,,
124,874,,,2.6352391242980957,,2.598606586456299,2.598606586456299,,,,
,124,,,,,,,,,10.82198429107666,10.82198429107666
124,874,,,,,,,10.82198429107666,10.82198429107666,,
124,874,4.789623260498047,4.826221466064453,,4.789623260498047,,,,,,
125,875,,,5.460201263427734,,5.423558712005615,5.423558712005615,,,,
125,876,,,4.0075531005859375,,3.9708993434906006,3.9708993434906006,,,,
125,877,,,6.258866786956787,,6.222201824188232,6.222201824188232,,,,
125,878,,,4.122752666473389,,4.086082458496094,4.086082458496094,,,,
125,879,,,4.964951038360596,,4.928269863128662,4.928269863128662,,,,
125,880,,,4.30029296875,,4.2636003494262695,4.2636003494262695,,,,
125,881,,,3.688589096069336,,3.651884078979492,3.651884078979492,,,,
,125,,,,,,,,,10.752029418945312,10.752029418945312
125,881,,,,,,,10.752029418945312,10.752029418945312,,
125,881,4.747304916381836,4.783974647521973,,4.747304916381836,,,,,,
126,882,,,4.101979732513428,,4.065270900726318,4.065270900726318,,,,
126,883,,,3.8424949645996094,,3.8057775497436523,3.8057775497436523,,,,
126,884,,,6.641087532043457,,6.604357719421387,6.604357719421387,,,,
126,885,,,3.9894065856933594,,3.952665090560913,3.952665090560913,,,,
126,886,,,4.892302513122559,,4.855554103851318,4.855554103851318,,,,
126,887,,,5.897389888763428,,5.860631942749023,5.860631942749023,,,,
126,888,,,2.3039793968200684,,2.267211675643921,2.267211675643921,,,,
,126,,,,,,,,,10.565153121948242,10.565153121948242
126,888,,,,,,,10.565153121948242,10.565153121948242,,
126,888,4.705013751983643,4.741749286651611,,4.705013751983643,,,,,,
127,889,,,4.52662467956543,,4.489846229553223,4.489846229553223,,,,
127,890,,,5.51602029800415,,5.479229927062988,5.479229927062988,,,,
127,891,,,4.115456581115723,,4.078658103942871,4.078658103942871,,,,
127,892,,,4.857526779174805,,4.82071590423584,4.82071590423584,,,,
127,893,,,5.282045841217041,,5.245228290557861,5.245228290557861,,,,
127,894,,,4.7578558921813965,,4.721027374267578,4.721027374267578,,,,
127,895,,,2.475633144378662,,2.4387946128845215,2.4387946128845215,,,,
,127,,,,,,,,,10.361332893371582,10.361332893371582
127,895,,,,,,,10.361332893371582,10.361332893371582,,
127,895,4.6665496826171875,4.70335578918457,,4.6665496826171875,,,,,,
128,896,,,5.06862735748291,,5.031780242919922,5.031780242919922,,,,
128,897,,,6.113658428192139,,6.076802730560303,6.076802730560303,,,,
128,898,,,4.440378665924072,,4.403510093688965,4.403510093688965,,,,
128,899,,,3.698230028152466,,3.661351442337036,3.661351442337036,,,,
128,900,,,3.191432476043701,,3.1545419692993164,3.1545419692993164,,,,
128,901,,,4.990260124206543,,4.953365325927734,4.953365325927734,,,,
128,902,,,5.946710109710693,,5.909805774688721,5.909805774688721,,,,
,128,,,,,,,,,10.185281753540039,10.185281753540039
128,902,,,,,,,10.185281753540039,10.185281753540039,,
128,902,4.627063751220703,4.663937568664551,,4.627063751220703,,,,,,
129,903,,,6.297363758087158,,6.260446071624756,6.260446071624756,,,,
129,904,,,4.1189069747924805,,4.081976890563965,4.081976890563965,,,,
129,905,,,4.217304706573486,,4.180365085601807,4.180365085601807,,,,
129,906,,,4.672852516174316,,4.635904788970947,4.635904788970947,,,,
129,907,,,4.874542236328125,,4.837584972381592,4.837584972381592,,,,
129,908,,,4.1174726486206055,,4.080504894256592,4.080504894256592,,,,
129,909,,,3.139928102493286,,3.1029515266418457,3.1029515266418457,,,,
,129,,,,,,,,,10.052724838256836,10.052724838256836
129,909,,,,,,,10.052724838256836,10.052724838256836,,
129,909,4.586727619171143,4.623672962188721,,4.586727619171143,,,,,,
130,910,,,4.344051361083984,,4.307064056396484,4.307064056396484,,,,
130,911,,,3.4724669456481934,,3.4354665279388428,3.4354665279388428,,,,
130,912,,,5.927159786224365,,5.890151023864746,5.890151023864746,,,,
130,913,,,5.324296474456787,,5.287277698516846,5.287277698516846,,,,
130,914,,,4.848989009857178,,4.811963081359863,4.811963081359863,,,,
130,915,,,4.3121867179870605,,4.275147914886475,4.275147914886475,,,,
130,916,,,2.689575672149658,,2.6525285243988037,2.6525285243988037,,,,
,130,,,,,,,,,9.901629447937012,9.901629447937012
130,916,,,,,,,9.901629447937012,9.901629447937012,,
130,916,4.549296855926514,4.586312294006348,,4.549296855926514,,,,,,
131,917,,,5.625973701477051,,5.588914394378662,5.588914394378662,,,,
131,918,,,5.879384517669678,,5.842311859130859,5.842311859130859,,,,
131,919,,,6.279436111450195,,6.242353439331055,6.242353439331055,,,,
131,920,,,3.2397727966308594,,3.202676296234131,3.202676296234131,,,,
131,921,,,3.0506467819213867,,3.013542413711548,3.013542413711548,,,,
131,922,,,3.670436143875122,,3.6333231925964355,3.6333231925964355,,,,
131,923,,,3.120539903640747,,3.0834147930145264,3.0834147930145264,,,,
,131,,,,,,,,,9.95048713684082,9.95048713684082
131,923,,,,,,,9.95048713684082,9.95048713684082,,
131,923,4.498729705810547,4.535820007324219,,4.498729705810547,,,,,,
132,924,,,4.228166103363037,,4.191038608551025,4.191038608551025,,,,
132,925,,,5.593358039855957,,5.556216239929199,5.556216239929199,,,,
132,926,,,3.5976576805114746,,3.5605051517486572,3.5605051517486572,,,,
132,927,,,4.587334156036377,,4.550171852111816,4.550171852111816,,,,
132,928,,,4.5824360847473145,,4.545263767242432,4.545263767242432,,,,
132,929,,,4.045568466186523,,4.008383274078369,4.008383274078369,,,,
132,930,,,5.369564056396484,,5.332374095916748,5.332374095916748,,,,
,132,,,,,,,,,9.950121879577637,9.950121879577637
132,930,,,,,,,9.950121879577637,9.950121879577637,,
132,930,4.456661701202393,4.493820667266846,,4.456661701202393,,,,,,
133,931,,,5.866186618804932,,5.828990459442139,5.828990459442139,,,,
133,932,,,3.2429583072662354,,3.2057507038116455,3.2057507038116455,,,,
133,933,,,3.6806185245513916,,3.643397569656372,3.643397569656372,,,,
133,934,,,4.773233890533447,,4.736001014709473,4.736001014709473,,,,
133,935,,,5.389255523681641,,5.3520121574401855,5.3520121574401855,,,,
133,936,,,4.27463436126709,,4.237384796142578,4.237384796142578,,,,
133,937,,,3.0313756465911865,,2.9941184520721436,2.9941184520721436,,,,
,133,,,,,,,,,9.853608131408691,9.853608131408691
133,937,,,,,,,9.853608131408691,9.853608131408691,,
133,937,4.411973476409912,4.449200630187988,,4.411973476409912,,,,,,
134,938,,,4.408171653747559,,4.370904922485352,4.370904922485352,,,,
134,939,,,4.611812591552734,,4.5745368003845215,4.5745368003845215,,,,
134,940,,,4.393411159515381,,4.3561296463012695,4.3561296463012695,,,,
134,941,,,3.510756254196167,,3.4734654426574707,3.4734654426574707,,,,
134,942,,,5.405605316162109,,5.368302345275879,5.368302345275879,,,,
134,943,,,4.260795593261719,,4.22348165512085,4.22348165512085,,,,
134,944,,,3.9736595153808594,,3.9363327026367188,3.9363327026367188,,,,
,134,,,,,,,,,9.75741958618164,9.75741958618164
134,944,,,,,,,9.757420539855957,9.757420539855957,,
134,944,4.367521286010742,4.404811382293701,,4.367521286010742,,,,,,
135,945,,,4.14570951461792,,4.108374118804932,4.108374118804932,,,,
135,946,,,3.556877374649048,,3.519535541534424,3.519535541534424,,,,
135,947,,,4.641793251037598,,4.604442596435547,4.604442596435547,,,,
135,948,,,5.5872483253479,,5.549888610839844,5.549888610839844,,,,
135,949,,,3.010502576828003,,2.9731268882751465,2.9731268882751465,,,,
135,950,,,4.575662136077881,,4.538278102874756,4.538278102874756,,,,
135,951,,,6.0826029777526855,,6.045206546783447,6.045206546783447,,,,
,135,,,,,,,,,9.786490440368652,9.786490440368652
135,951,,,,,,,9.786490440368652,9.786490440368652,,
135,951,4.323231220245361,4.360591411590576,,4.323231220245361,,,,,,
136,952,,,5.709558963775635,,5.672152996063232,5.672152996063232,,,,
136,953,,,4.526127815246582,,4.488705635070801,4.488705635070801,,,,
136,954,,,4.680915355682373,,4.643477439880371,4.643477439880371,,,,
136,955,,,2.86544132232666,,2.8279919624328613,2.8279919624328613,,,,
136,956,,,3.947624921798706,,3.9101645946502686,3.9101645946502686,,,,
136,957,,,4.912700176239014,,4.875234603881836,4.875234603881836,,,,
136,958,,,2.446331024169922,,2.408858299255371,2.408858299255371,,,,
,136,,,,,,,,,9.629903793334961,9.629903793334961
136,958,,,,,,,9.629903793334961,9.629903793334961,,
136,958,4.285654544830322,4.323096752166748,,4.285654544830322,,,,,,
137,959,,,4.0655646324157715,,4.028082847595215,4.028082847595215,,,,
137,960,,,4.533782958984375,,4.496293067932129,4.496293067932129,,,,
137,961,,,4.98821496963501,,4.950709342956543,4.950709342956543,,,,
137,962,,,3.8574516773223877,,3.819934129714966,3.819934129714966,,,,
137,963,,,4.03743314743042,,3.999908924102783,3.999908924102783,,,,
137,964,,,4.997849941253662,,4.960315704345703,4.960315704345703,,,,
137,965,,,2.120879650115967,,2.0833353996276855,2.0833353996276855,,,,
,137,,,,,,,,,9.490495681762695,9.490495681762695
137,965,,,,,,,9.490495681762695,9.490495681762695,,
137,965,4.241018772125244,4.278530120849609,,4.241018772125244,,,,,,
138,966,,,4.222792148590088,,4.185236930847168,4.185236930847168,,,,
138,967,,,3.1752676963806152,,3.137704610824585,3.137704610824585,,,,
138,968,,,5.1147050857543945,,5.077132225036621,5.077132225036621,,,,
138,969,,,2.898540735244751,,2.860957622528076,2.860957622528076,,,,
138,970,,,4.049872875213623,,4.012280464172363,4.012280464172363,,,,
138,971,,,5.475058555603027,,5.437450408935547,5.437450408935547,,,,
138,972,,,5.64791202545166,,5.610292434692383,5.610292434692383,,,,
,138,,,,,,,,,9.461785316467285,9.461785316467285
138,972,,,,,,,9.461785316467285,9.461785316467285,,
138,972,4.206214904785156,4.2437968254089355,,4.206214904785156,,,,,,
139,973,,,4.173238277435303,,4.1356120109558105,4.1356120109558105,,,,
139,974,,,3.8070731163024902,,3.7694361209869385,3.7694361209869385,,,,
139,975,,,4.547935485839844,,4.5102858543396,4.5102858543396,,,,
139,976,,,4.775672435760498,,4.738010406494141,4.738010406494141,,,,
139,977,,,3.648923397064209,,3.6112494468688965,3.6112494468688965,,,,
139,978,,,4.157792568206787,,4.120108127593994,4.120108127593994,,,,
139,979,,,4.4248762130737305,,4.387186050415039,4.387186050415039,,,,
,139,,,,,,,,,9.312592506408691,9.312592506408691
139,979,,,,,,,9.312592506408691,9.312592506408691,,
139,979,4.161552429199219,4.199210166931152,,4.161552429199219,,,,,,
140,980,,,4.5933146476745605,,4.555613994598389,4.555613994598389,,,,
140,981,,,4.750391006469727,,4.712682247161865,4.712682247161865,,,,
140,982,,,2.8610339164733887,,2.8233165740966797,2.8233165740966797,,,,
140,983,,,5.502601623535156,,5.46487283706665,5.46487283706665,,,,
140,984,,,3.602731227874756,,3.5649921894073486,3.5649921894073486,,,,
140,985,,,3.1628379821777344,,3.1250882148742676,3.1250882148742676,,,,
140,986,,,5.503144264221191,,5.465383529663086,5.465383529663086,,,,
,140,,,,,,,,,9.248442649841309,9.248442649841309
140,986,,,,,,,9.248442649841309,9.248442649841309,,
140,986,4.124876022338867,4.162602424621582,,4.124876022338867,,,,,,
141,987,,,5.373213768005371,,5.335438251495361,5.335438251495361,,,,
141,988,,,4.158100128173828,,4.120314121246338,4.120314121246338,,,,
141,989,,,3.6857004165649414,,3.6479053497314453,3.6479053497314453,,,,
141,990,,,3.4121041297912598,,3.3742995262145996,3.3742995262145996,,,,
141,991,,,4.670979976654053,,4.633166313171387,4.633166313171387,,,,
141,992,,,3.2050344944000244,,3.1672048568725586,3.1672048568725586,,,,
141,993,,,4.852016925811768,,4.8141770362854,4.8141770362854,,,,
,141,,,,,,,,,9.177953720092773,9.177953720092773
141,993,,,,,,,9.177953720092773,9.177953720092773,,
141,993,4.091552257537842,4.129354953765869,,4.091552257537842,,,,,,
142,994,,,4.0996198654174805,,4.061771869659424,4.061771869659424,,,,
142,995,,,3.979556083679199,,3.9416966438293457,3.9416966438293457,,,,
142,996,,,3.3818113803863525,,3.343942165374756,3.343942165374756,,,,
142,997,,,4.007309913635254,,3.9694294929504395,3.9694294929504395,,,,
142,998,,,3.4709668159484863,,3.433075189590454,3.433075189590454,,,,
142,999,,,5.4332122802734375,,5.3953094482421875,5.3953094482421875,,,,
142,1000,,,4.577454090118408,,4.539541721343994,4.539541721343994,,,,
,142,,,,,,,,,9.199898719787598,9.199898719787598
142,1000,,,,,,,9.199898719787598,9.199898719787598,,
142,1000,4.05451774597168,4.092395782470703,,4.05451774597168,,,,,,
143,1001,,,4.293179988861084,,4.255261421203613,4.255261421203613,,,,
143,1002,,,4.276143550872803,,4.238217830657959,4.238217830657959,,,,
143,1003,,,4.157407283782959,,4.119470596313477,4.119470596313477,,,,
143,1004,,,3.234412908554077,,3.1964643001556396,3.1964643001556396,,,,
143,1005,,,3.1401240825653076,,3.102165937423706,3.102165937423706,,,,
143,1006,,,4.999814033508301,,4.961847305297852,4.961847305297852,,,,
143,1007,,,4.650779724121094,,4.6128010749816895,4.6128010749816895,,,,
,143,,,,,,,,,9.163666725158691,9.163666725158691
143,1007,,,,,,,9.163666725158691,9.163666725158691,,
143,1007,4.016192436218262,4.054136753082275,,4.016192436218262,,,,,,
144,1008,,,3.7856833934783936,,3.7476918697357178,3.7476918697357178,,,,
144,1009,,,4.633397579193115,,4.595394134521484,4.595394134521484,,,,
144,1010,,,5.201626300811768,,5.163612365722656,5.163612365722656,,,,
144,1011,,,3.9053943157196045,,3.8673694133758545,3.8673694133758545,,,,
144,1012,,,2.708242654800415,,2.670208215713501,2.670208215713501,,,,
144,1013,,,3.5254297256469727,,3.4873905181884766,3.4873905181884766,,,,
144,1014,,,4.911345481872559,,4.873291969299316,4.873291969299316,,,,
,144,,,,,,,,,9.009182929992676,9.009182929992676
144,1014,,,,,,,9.009182929992676,9.009182929992676,,
144,1014,3.9779059886932373,4.015925884246826,,3.9779059886932373,,,,,,
145,1015,,,4.98764181137085,,4.949573516845703,4.949573516845703,,,,
145,1016,,,3.334305763244629,,3.2962255477905273,3.2962255477905273,,,,
145,1017,,,3.4895291328430176,,3.4514400959014893,3.4514400959014893,,,,
145,1018,,,3.305793285369873,,3.2676937580108643,3.2676937580108643,,,,
145,1019,,,4.4918999671936035,,4.453791618347168,4.453791618347168,,,,
145,1020,,,3.824810743331909,,3.7866923809051514,3.7866923809051514,,,,
145,1021,,,5.127417087554932,,5.0892863273620605,5.0892863273620605,,,,
,145,,,,,,,,,8.772278785705566,8.772278785705566
145,1021,,,,,,,8.772278785705566,8.772278785705566,,
145,1021,3.939434766769409,3.9775309562683105,,3.939434766769409,,,,,,
146,1022,,,4.648904800415039,,4.610758304595947,4.610758304595947,,,,
146,1023,,,4.426804542541504,,4.388649940490723,4.388649940490723,,,,
146,1024,,,4.208671569824219,,4.170505523681641,4.170505523681641,,,,
146,1025,,,4.051532745361328,,4.013359546661377,4.013359546661377,,,,
146,1026,,,3.1510238647460938,,3.112837076187134,3.112837076187134,,,,
146,1027,,,3.084165096282959,,3.045964241027832,3.045964241027832,,,,
146,1028,,,4.196437358856201,,4.158223628997803,4.158223628997803,,,,
,146,,,,,,,,,8.719137191772461,8.719137191772461
146,1028,,,,,,,8.719137191772461,8.719137191772461,,
146,1028,3.9061033725738525,3.944277286529541,,3.9061033725738525,,,,,,
147,1029,,,4.578372001647949,,4.540152072906494,4.540152072906494,,,,
147,1030,,,3.9900286197662354,,3.9517996311187744,3.9517996311187744,,,,
147,1031,,,3.2763795852661133,,3.2381410598754883,3.2381410598754883,,,,
147,1032,,,4.0099945068359375,,3.971747875213623,3.971747875213623,,,,
147,1033,,,3.858489513397217,,3.8202309608459473,3.8202309608459473,,,,
147,1034,,,3.3464369773864746,,3.308164119720459,3.308164119720459,,,,
147,1035,,,4.993773937225342,,4.955491542816162,4.955491542816162,,,,
,147,,,,,,,,,8.642433166503906,8.642433166503906
147,1035,,,,,,,8.642433166503906,8.642433166503906,,
147,1035,3.872713088989258,3.910959482192993,,3.872713088989258,,,,,,
148,1036,,,4.865424156188965,,4.8271307945251465,4.8271307945251465,,,,
148,1037,,,3.976283550262451,,3.937980890274048,3.937980890274048,,,,
148,1038,,,4.963733196258545,,4.925418376922607,4.925418376922607,,,,
148,1039,,,3.8101377487182617,,3.7718148231506348,3.7718148231506348,,,,
148,1040,,,2.782660961151123,,2.744328022003174,2.744328022003174,,,,
148,1041,,,3.2307846546173096,,3.192440986633301,3.192440986633301,,,,
148,1042,,,3.0013461112976074,,2.96298885345459,2.96298885345459,,,,
,148,,,,,,,,,8.535553932189941,8.535553932189941
148,1042,,,,,,,8.535553932189941,8.535553932189941,,
148,1042,3.8447425365448,3.883063554763794,,3.8447425365448,,,,,,
149,1043,,,3.8275246620178223,,3.7891581058502197,3.7891581058502197,,,,
149,1044,,,3.3800272941589355,,3.3416523933410645,3.3416523933410645,,,,
149,1045,,,5.027558326721191,,4.9891743659973145,4.9891743659973145,,,,
149,1046,,,4.664561748504639,,4.626163005828857,4.626163005828857,,,,
149,1047,,,3.345921516418457,,3.307511329650879,3.307511329650879,,,,
149,1048,,,2.663756847381592,,2.625338315963745,2.625338315963745,,,,
149,1049,,,4.261690139770508,,4.22326135635376,4.22326135635376,,,,
,149,,,,,,,,,8.44853687286377,8.44853687286377
149,1049,,,,,,,8.44853687286377,8.44853687286377,,
149,1049,3.805917263031006,3.844311237335205,,3.805917263031006,,,,,,
150,1050,,,4.124212265014648,,4.085772514343262,4.085772514343262,,,,
150,1051,,,4.55061674118042,,4.512165069580078,4.512165069580078,,,,
150,1052,,,4.118110179901123,,4.079646110534668,4.079646110534668,,,,
150,1053,,,3.442808151245117,,3.4043331146240234,3.4043331146240234,,,,
150,1054,,,2.9751267433166504,,2.9366443157196045,2.9366443157196045,,,,
150,1055,,,3.777419090270996,,3.7389283180236816,3.7389283180236816,,,,
150,1056,,,3.5327136516571045,,3.494211196899414,3.494211196899414,,,,
,150,,,,,,,,,8.431591987609863,8.431591987609863
150,1056,,,,,,,8.431591987609863,8.431591987609863,,
150,1056,3.775343894958496,3.8138134479522705,,3.775343894958496,,,,,,
151,1057,,,3.448634624481201,,3.4101247787475586,3.4101247787475586,,,,
151,1058,,,3.7813029289245605,,3.742781162261963,3.742781162261963,,,,
151,1059,,,3.639284133911133,,3.600750207901001,3.600750207901001,,,,
151,1060,,,5.266156196594238,,5.227615833282471,5.227615833282471,,,,
151,1061,,,3.4808430671691895,,3.442293882369995,3.442293882369995,,,,
151,1062,,,3.3560116291046143,,3.3174517154693604,3.3174517154693604,,,,
151,1063,,,3.141883611679077,,3.1033129692077637,3.1033129692077637,,,,
,151,,,,,,,,,8.310811996459961,8.310811996459961
151,1063,,,,,,,8.310811996459961,8.310811996459961,,
151,1063,3.7497661113739014,3.788304090499878,,3.7497661113739014,,,,,,
152,1064,,,3.1091253757476807,,3.0705456733703613,3.0705456733703613,,,,
152,1065,,,4.0260186195373535,,3.9874279499053955,3.9874279499053955,,,,
152,1066,,,2.7031197547912598,,2.664518117904663,2.664518117904663,,,,
152,1067,,,5.495739459991455,,5.457127094268799,5.457127094268799,,,,
152,1068,,,4.405392169952393,,4.366771221160889,4.366771221160889,,,,
152,1069,,,2.348020076751709,,2.309389352798462,2.309389352798462,,,,
152,1070,,,4.9072794914245605,,4.8686418533325195,4.8686418533325195,,,,
,152,,,,,,,,,8.124213218688965,8.124213218688965
152,1070,,,,,,,8.124213218688965,8.124213218688965,,
152,1070,3.7147483825683594,3.7533559799194336,,3.7147483825683594,,,,,,
153,1071,,,4.24521541595459,,4.206564426422119,4.206564426422119,,,,
153,1072,,,3.1336538791656494,,3.094994306564331,3.094994306564331,,,,
153,1073,,,4.3988752365112305,,4.360206604003906,4.360206604003906,,,,
153,1074,,,4.200450897216797,,4.161769390106201,4.161769390106201,,,,
153,1075,,,3.1027727127075195,,3.064082622528076,3.064082622528076,,,,
153,1076,,,3.250502109527588,,3.211801290512085,3.211801290512085,,,,
153,1077,,,3.6582205295562744,,3.619508981704712,3.619508981704712,,,,
,153,,,,,,,,,8.090682029724121,8.090682029724121
153,1077,,,,,,,8.090682029724121,8.090682029724121,,
153,1077,3.679487705230713,3.7181646823883057,,3.679487705230713,,,,,,
154,1078,,,2.951749324798584,,2.9130306243896484,2.9130306243896484,,,,
154,1079,,,4.016462326049805,,3.9777352809906006,3.9777352809906006,,,,
154,1080,,,3.0004842281341553,,2.961747169494629,2.961747169494629,,,,
154,1081,,,3.3637285232543945,,3.3249776363372803,3.3249776363372803,,,,
154,1082,,,4.104013919830322,,4.065254211425781,4.065254211425781,,,,
154,1083,,,4.207393646240234,,4.168623924255371,4.168623924255371,,,,
154,1084,,,4.919910430908203,,4.881130695343018,4.881130695343018,,,,
,154,,,,,,,,,8.164372444152832,8.164372444152832
154,1084,,,,,,,8.164372444152832,8.164372444152832,,
154,1084,3.6457715034484863,3.6845173835754395,,3.6457715034484863,,,,,,
155,1085,,,2.9981954097747803,,2.9594109058380127,2.9594109058380127,,,,
155,1086,,,3.110166549682617,,3.07137393951416,3.07137393951416,,,,
155,1087,,,4.294926643371582,,4.2561235427856445,4.2561235427856445,,,,
155,1088,,,4.8173909187316895,,4.778578281402588,4.778578281402588,,,,
155,1089,,,4.014091491699219,,3.9752674102783203,3.9752674102783203,,,,
155,1090,,,3.2506842613220215,,3.211848735809326,3.211848735809326,,,,
155,1091,,,1.906026005744934,,1.8671809434890747,1.8671809434890747,,,,
,155,,,,,,,,,8.151500701904297,8.151500701904297
155,1091,,,,,,,8.151500701904297,8.151500701904297,,
155,1091,3.6004388332366943,3.639249563217163,,3.6004388332366943,,,,,,
156,1092,,,3.982391119003296,,3.9435389041900635,3.9435389041900635,,,,
156,1093,,,3.8352205753326416,,3.796358346939087,3.796358346939087,,,,
156,1094,,,3.3362958431243896,,3.2974259853363037,3.2974259853363037,,,,
156,1095,,,3.0569891929626465,,3.0181093215942383,3.0181093215942383,,,,
156,1096,,,3.272366762161255,,3.2334752082824707,3.2334752082824707,,,,
156,1097,,,3.4726409912109375,,3.433739423751831,3.433739423751831,,,,
156,1098,,,5.361761569976807,,5.322849750518799,5.322849750518799,,,,
,156,,,,,,,,,8.072998046875,8.072998046875
156,1098,,,,,,,8.072998046875,8.072998046875,,
156,1098,3.5637199878692627,3.6025986671447754,,3.5637199878692627,,,,,,
157,1099,,,3.880458354949951,,3.841533899307251,3.841533899307251,,,,
157,1100,,,3.291802167892456,,3.2528655529022217,3.2528655529022217,,,,
157,1101,,,2.8594439029693604,,2.8204944133758545,2.8204944133758545,,,,
157,1102,,,4.7821736335754395,,4.743218898773193,4.743218898773193,,,,
157,1103,,,3.8278820514678955,,3.78891658782959,3.78891658782959,,,,
157,1104,,,3.1128554344177246,,3.0738766193389893,3.0738766193389893,,,,
157,1105,,,2.586277961730957,,2.5472896099090576,2.5472896099090576,,,,
,157,,,,,,,,,8.032919883728027,8.032919883728027
157,1105,,,,,,,8.032919883728027,8.032919883728027,,
157,1105,3.5256688594818115,3.5646228790283203,,3.5256688594818115,,,,,,
158,1106,,,3.4088196754455566,,3.3698222637176514,3.3698222637176514,,,,
158,1107,,,3.262141227722168,,3.223130464553833,3.223130464553833,,,,
158,1108,,,3.5518393516540527,,3.512815475463867,3.512815475463867,,,,
158,1109,,,3.6597366333007812,,3.62070369720459,3.62070369720459,,,,
158,1110,,,4.526321887969971,,4.487277984619141,4.487277984619141,,,,
158,1111,,,2.9485318660736084,,2.9094762802124023,2.9094762802124023,,,,
158,1112,,,3.1269850730895996,,3.0879220962524414,3.0879220962524414,,,,
,158,,,,,,,,,7.876540184020996,7.876540184020996
158,1112,,,,,,,7.876540184020996,7.876540184020996,,
158,1112,3.4950897693634033,3.5341193675994873,,3.4950897693634033,,,,,,
159,1113,,,3.4045021533966064,,3.365429401397705,3.365429401397705,,,,
159,1114,,,4.155999183654785,,4.11691427230835,4.11691427230835,,,,
159,1115,,,3.785707473754883,,3.746612787246704,3.746612787246704,,,,
159,1116,,,3.658564329147339,,3.619455337524414,3.619455337524414,,,,
159,1117,,,3.1762335300445557,,3.1371164321899414,3.1371164321899414,,,,
159,1118,,,2.6639387607574463,,2.624812126159668,2.624812126159668,,,,
159,1119,,,3.8472397327423096,,3.8081023693084717,3.8081023693084717,,,,
,159,,,,,,,,,7.809223175048828,7.809223175048828
159,1119,,,,,,,7.809223175048828,7.809223175048828,,
159,1119,3.457000494003296,3.496103525161743,,3.457000494003296,,,,,,
160,1120,,,5.054962635040283,,5.015816688537598,5.015816688537598,,,,
160,1121,,,2.5092666149139404,,2.470109701156616,2.470109701156616,,,,
160,1122,,,3.4631266593933105,,3.4239609241485596,3.4239609241485596,,,,
160,1123,,,3.451685905456543,,3.412508249282837,3.412508249282837,,,,
160,1124,,,3.6286511421203613,,3.589463233947754,3.589463233947754,,,,
160,1125,,,2.6397440433502197,,2.6005446910858154,2.6005446910858154,,,,
160,1126,,,3.6079561710357666,,3.568747043609619,3.568747043609619,,,,
,160,,,,,,,,,7.707058906555176,7.707058906555176
160,1126,,,,,,,7.707058906555176,7.707058906555176,,
160,1126,3.427557945251465,3.4667325019836426,,3.427557945251465,,,,,,
161,1127,,,3.0808327198028564,,3.041612148284912,3.041612148284912,,,,
161,1128,,,3.213878870010376,,3.1746485233306885,3.1746485233306885,,,,
161,1129,,,3.4463534355163574,,3.4071128368377686,3.4071128368377686,,,,
161,1130,,,2.944685220718384,,2.9054317474365234,2.9054317474365234,,,,
161,1131,,,3.879972219467163,,3.840709686279297,3.840709686279297,,,,
161,1132,,,3.9252524375915527,,3.8859808444976807,3.8859808444976807,,,,
161,1133,,,3.820887327194214,,3.7816030979156494,3.7816030979156494,,,,
,161,,,,,,,,,7.619414806365967,7.619414806365967
161,1133,,,,,,,7.619414806365967,7.619414806365967,,
161,1133,3.3997795581817627,3.43902850151062,,3.3997795581817627,,,,,,
162,1134,,,2.555042028427124,,2.5157470703125,2.5157470703125,,,,
162,1135,,,4.704216003417969,,4.664911270141602,4.664911270141602,,,,
162,1136,,,3.531264543533325,,3.491952896118164,3.491952896118164,,,,
162,1137,,,2.973109006881714,,2.9337825775146484,2.9337825775146484,,,,
162,1138,,,3.229952335357666,,3.190617561340332,3.190617561340332,,,,
162,1139,,,3.5489392280578613,,3.5095925331115723,3.5095925331115723,,,,
162,1140,,,3.3002285957336426,,3.260868787765503,3.260868787765503,,,,
,162,,,,,,,,,7.651354789733887,7.651354789733887
162,1140,,,,,,,7.651354789733887,7.651354789733887,,
162,1140,3.3771655559539795,3.416487455368042,,3.3771655559539795,,,,,,
163,1141,,,2.9058735370635986,,2.866506338119507,2.866506338119507,,,,
163,1142,,,4.2413129806518555,,4.2019362449646,4.2019362449646,,,,
163,1143,,,3.077763319015503,,3.0383732318878174,3.0383732318878174,,,,
163,1144,,,2.8014304637908936,,2.7620294094085693,2.7620294094085693,,,,
163,1145,,,3.3418257236480713,,3.302417755126953,3.302417755126953,,,,
163,1146,,,3.5901241302490234,,3.550703763961792,3.550703763961792,,,,
163,1147,,,4.373426914215088,,4.3339972496032715,4.3339972496032715,,,,
,163,,,,,,,,,7.572870254516602,7.572870254516602
163,1147,,,,,,,7.57287073135376,7.57287073135376,,
163,1147,3.3485825061798096,3.387979030609131,,3.3485825061798096,,,,,,
164,1148,,,2.634484052658081,,2.5950417518615723,2.5950417518615723,,,,
164,1149,,,3.9922380447387695,,3.952787399291992,3.952787399291992,,,,
164,1150,,,2.8375115394592285,,2.7980475425720215,2.7980475425720215,,,,
164,1151,,,2.8233745098114014,,2.783898115158081,2.783898115158081,,,,
164,1152,,,3.645017147064209,,3.6055309772491455,3.6055309772491455,,,,
164,1153,,,3.909499406814575,,3.870004177093506,3.870004177093506,,,,
164,1154,,,4.278563976287842,,4.239057540893555,4.239057540893555,,,,
,164,,,,,,,,,7.449546813964844,7.449546813964844
164,1154,,,,,,,7.449546813964844,7.449546813964844,,
164,1154,3.3246991634368896,3.364170551300049,,3.3246991634368896,,,,,,
165,1155,,,2.026089906692505,,1.9865750074386597,1.9865750074386597,,,,
165,1156,,,3.4210801124572754,,3.3815581798553467,3.3815581798553467,,,,
165,1157,,,4.819150924682617,,4.7796196937561035,4.7796196937561035,,,,
165,1158,,,3.721609354019165,,3.6820671558380127,3.6820671558380127,,,,
165,1159,,,2.6562788486480713,,2.6167232990264893,2.6167232990264893,,,,
165,1160,,,3.319951057434082,,3.280384063720703,3.280384063720703,,,,
165,1161,,,3.5268731117248535,,3.4872958660125732,3.4872958660125732,,,,
,165,,,,,,,,,7.424677848815918,7.424677848815918
165,1161,,,,,,,7.424677848815918,7.424677848815918,,
165,1161,3.2995548248291016,3.3390963077545166,,3.2995548248291016,,,,,,
166,1162,,,2.9847397804260254,,2.9451546669006348,2.9451546669006348,,,,
166,1163,,,3.5010886192321777,,3.4614906311035156,3.4614906311035156,,,,
166,1164,,,3.028057098388672,,2.988450527191162,2.988450527191162,,,,
166,1165,,,3.5486462116241455,,3.509030342102051,3.509030342102051,,,,
166,1166,,,3.8579561710357666,,3.8183326721191406,3.8183326721191406,,,,
166,1167,,,2.987088680267334,,2.947455883026123,2.947455883026123,,,,
166,1168,,,3.2909352779388428,,3.2512905597686768,3.2512905597686768,,,,
,166,,,,,,,,,7.337009429931641,7.337009429931641
166,1168,,,,,,,7.337009429931641,7.337009429931641,,
166,1168,3.276729106903076,3.3163416385650635,,3.276729106903076,,,,,,
167,1169,,,4.603874683380127,,4.564217567443848,4.564217567443848,,,,
167,1170,,,3.229307174682617,,3.189639091491699,3.189639091491699,,,,
167,1171,,,3.467289447784424,,3.4276134967803955,3.4276134967803955,,,,
167,1172,,,2.8650543689727783,,2.825366497039795,2.825366497039795,,,,
167,1173,,,3.595273494720459,,3.5555739402770996,3.5555739402770996,,,,
167,1174,,,2.346001148223877,,2.3062901496887207,2.3062901496887207,,,,
167,1175,,,2.3657610416412354,,2.326042652130127,2.326042652130127,,,,
,167,,,,,,,,,7.208622455596924,7.208622455596924
167,1175,,,,,,,7.208622455596924,7.208622455596924,,
167,1175,3.2534849643707275,3.29317045211792,,3.2534849643707275,,,,,,
168,1176,,,4.097835540771484,,4.05810546875,4.05810546875,,,,
168,1177,,,2.827592134475708,,2.787850856781006,2.787850856781006,,,,
168,1178,,,3.6003646850585938,,3.5606133937835693,3.5606133937835693,,,,
168,1179,,,4.140435218811035,,4.100673675537109,4.100673675537109,,,,
168,1180,,,2.7949018478393555,,2.7551286220550537,2.7551286220550537,,,,
168,1181,,,2.143676519393921,,2.1038951873779297,2.1038951873779297,,,,
168,1182,,,3.161594867706299,,3.1218039989471436,3.1218039989471436,,,,
,168,,,,,,,,,7.068759918212891,7.068759918212891
168,1182,,,,,,,7.068759918212891,7.068759918212891,,
168,1182,3.2214813232421875,3.261239767074585,,3.2214813232421875,,,,,,
169,1183,,,2.336139440536499,,2.2963368892669678,2.2963368892669678,,,,
169,1184,,,2.364182233810425,,2.324369430541992,2.324369430541992,,,,
169,1185,,,3.6492629051208496,,3.6094415187835693,3.6094415187835693,,,,
169,1186,,,3.8670008182525635,,3.8271665573120117,3.8271665573120117,,,,
169,1187,,,4.210856914520264,,4.171011924743652,4.171011924743652,,,,
169,1188,,,3.105747699737549,,3.0658962726593018,3.0658962726593018,,,,
169,1189,,,3.0207414627075195,,2.98087739944458,2.98087739944458,,,,
,169,,,,,,,,,7.021941184997559,7.021941184997559
169,1189,,,,,,,7.021941184997559,7.021941184997559,,
169,1189,3.201890468597412,3.24172043800354,,3.201890468597412,,,,,,
170,1190,,,3.97158145904541,,3.931711196899414,3.931711196899414,,,,
170,1191,,,3.53499174118042,,3.495109796524048,3.495109796524048,,,,
170,1192,,,2.4311716556549072,,2.391277551651001,2.391277551651001,,,,
170,1193,,,3.3158323764801025,,3.275930166244507,3.275930166244507,,,,
170,1194,,,2.8632302284240723,,2.823319435119629,2.823319435119629,,,,
170,1195,,,3.0613484382629395,,3.0214269161224365,3.0214269161224365,,,,
170,1196,,,3.4364030361175537,,3.3964755535125732,3.3964755535125732,,,,
,170,,,,,,,,,6.914412975311279,6.914412975311279
170,1196,,,,,,,6.914412975311279,6.914412975311279,,
170,1196,3.1705806255340576,3.210479497909546,,3.1705806255340576,,,,,,
171,1197,,,3.5679738521575928,,3.528031587600708,3.528031587600708,,,,
171,1198,,,2.3935790061950684,,2.3536269664764404,2.3536269664764404,,,,
171,1199,,,2.5406055450439453,,2.5006444454193115,2.5006444454193115,,,,
171,1200,,,3.6487090587615967,,3.608736276626587,3.608736276626587,,,,
171,1201,,,3.2358570098876953,,3.195873737335205,3.195873737335205,,,,
171,1202,,,3.931978464126587,,3.8919858932495117,3.8919858932495117,,,,
171,1203,,,2.5567550659179688,,2.5167510509490967,2.5167510509490967,,,,
,171,,,,,,,,,6.872196197509766,6.872196197509766
171,1203,,,,,,,6.872196197509766,6.872196197509766,,
171,1203,3.140812635421753,3.180781841278076,,3.140812635421753,,,,,,
172,1204,,,3.02191162109375,,2.9819014072418213,2.9819014072418213,,,,
172,1205,,,2.6948227882385254,,2.6548032760620117,2.6548032760620117,,,,
172,1206,,,3.3626275062561035,,3.322599172592163,3.322599172592163,,,,
172,1207,,,2.531198263168335,,2.491157054901123,2.491157054901123,,,,
172,1208,,,3.6978001594543457,,3.657747983932495,3.657747983932495,,,,
172,1209,,,3.468356132507324,,3.428295612335205,3.428295612335205,,,,
172,1210,,,3.4809229373931885,,3.4408552646636963,3.4408552646636963,,,,
,172,,,,,,,,,6.725395679473877,6.725395679473877
172,1210,,,,,,,6.725395679473877,6.725395679473877,,
172,1210,3.1100902557373047,3.150127649307251,,3.1100902557373047,,,,,,
173,1211,,,2.823077917098999,,2.7829933166503906,2.7829933166503906,,,,
173,1212,,,3.074321746826172,,3.0342273712158203,3.0342273712158203,,,,
173,1213,,,2.72060489654541,,2.6805007457733154,2.6805007457733154,,,,
173,1214,,,3.4713711738586426,,3.4312591552734375,3.4312591552734375,,,,
173,1215,,,2.7533230781555176,,2.7131969928741455,2.7131969928741455,,,,
173,1216,,,3.454883575439453,,3.414745330810547,3.414745330810547,,,,
173,1217,,,4.2934160232543945,,4.253268718719482,4.253268718719482,,,,
,173,,,,,,,,,6.721155166625977,6.721155166625977
173,1217,,,,,,,6.721155643463135,6.721155643463135,,
173,1217,3.082650899887085,3.12276291847229,,3.082650899887085,,,,,,
174,1218,,,2.0302767753601074,,1.990120768547058,1.990120768547058,,,,
174,1219,,,2.626127243041992,,2.585963726043701,2.585963726043701,,,,
174,1220,,,3.135289430618286,,3.0951180458068848,3.0951180458068848,,,,
174,1221,,,3.6927132606506348,,3.652531147003174,3.652531147003174,,,,
174,1222,,,3.4820921421051025,,3.441897392272949,3.441897392272949,,,,
174,1223,,,3.988755464553833,,3.9485490322113037,3.9485490322113037,,,,
174,1224,,,2.021524667739868,,1.9813077449798584,1.9813077449798584,,,,
,174,,,,,,,,,6.727749347686768,6.727749347686768
174,1224,,,,,,,6.727749347686768,6.727749347686768,,
174,1224,3.052105188369751,3.0922865867614746,,3.052105188369751,,,,,,
175,1225,,,2.527202606201172,,2.4869771003723145,2.4869771003723145,,,,
175,1226,,,4.217364311218262,,4.17712926864624,4.17712926864624,,,,
175,1227,,,2.1520135402679443,,2.1117677688598633,2.1117677688598633,,,,
175,1228,,,3.2680106163024902,,3.227754831314087,3.227754831314087,,,,
175,1229,,,2.801715612411499,,2.761451244354248,2.761451244354248,,,,
175,1230,,,3.336843729019165,,3.2965691089630127,3.2965691089630127,,,,
175,1231,,,3.3744454383850098,,3.334160327911377,3.334160327911377,,,,
,175,,,,,,,,,6.665574550628662,6.665574550628662
175,1231,,,,,,,6.665574550628662,6.665574550628662,,
175,1231,3.029327154159546,3.0695791244506836,,3.029327154159546,,,,,,
176,1232,,,3.62180495262146,,3.5815083980560303,3.5815083980560303,,,,
176,1233,,,2.980576515197754,,2.940270185470581,2.940270185470581,,,,
176,1234,,,3.630892753601074,,3.5905754566192627,3.5905754566192627,,,,
176,1235,,,2.133631706237793,,2.093305826187134,2.093305826187134,,,,
176,1236,,,2.5194783210754395,,2.47914457321167,2.47914457321167,,,,
176,1237,,,3.2041783332824707,,3.1638333797454834,3.1638333797454834,,,,
176,1238,,,3.566467046737671,,3.526111125946045,3.526111125946045,,,,
,176,,,,,,,,,6.605588912963867,6.605588912963867
176,1238,,,,,,,6.605588436126709,6.605588436126709,,
176,1238,3.00720477104187,3.047527551651001,,3.00720477104187,,,,,,
177,1239,,,2.68599796295166,,2.645629644393921,2.645629644393921,,,,
177,1240,,,2.5633058547973633,,2.522930383682251,2.522930383682251,,,,
177,1241,,,2.8439571857452393,,2.803572416305542,2.803572416305542,,,,
177,1242,,,2.92628812789917,,2.885892391204834,2.885892391204834,,,,
177,1243,,,3.097710132598877,,3.057302951812744,3.057302951812744,,,,
177,1244,,,4.068073749542236,,4.027658462524414,4.027658462524414,,,,
177,1245,,,2.863150119781494,,2.8227226734161377,2.8227226734161377,,,,
,177,,,,,,,,,6.481421947479248,6.481421947479248
177,1245,,,,,,,6.481421947479248,6.481421947479248,,
177,1245,2.980628490447998,3.021021604537964,,2.980628490447998,,,,,,
178,1246,,,3.577808141708374,,3.5373692512512207,3.5373692512512207,,,,
178,1247,,,2.8739819526672363,,2.8335354328155518,2.8335354328155518,,,,
178,1248,,,3.4379870891571045,,3.397531270980835,3.397531270980835,,,,
178,1249,,,2.853964328765869,,2.8134963512420654,2.8134963512420654,,,,
178,1250,,,3.0913474559783936,,3.0508692264556885,3.0508692264556885,,,,
178,1251,,,2.3901913166046143,,2.3497002124786377,2.3497002124786377,,,,
178,1252,,,2.3999109268188477,,2.359412908554077,2.359412908554077,,,,
,178,,,,,,,,,6.371703624725342,6.371703624725342
178,1252,,,,,,,6.371703624725342,6.371703624725342,,
178,1252,2.95957350730896,3.0000388622283936,,2.95957350730896,,,,,,
179,1253,,,2.8708410263061523,,2.830328941345215,2.830328941345215,,,,
179,1254,,,3.320420742034912,,3.2798993587493896,3.2798993587493896,,,,
179,1255,,,3.1002097129821777,,3.0596797466278076,3.0596797466278076,,,,
179,1256,,,2.175130605697632,,2.1345901489257812,2.1345901489257812,,,,
179,1257,,,2.8932013511657715,,2.852651357650757,2.852651357650757,,,,
179,1258,,,3.4119720458984375,,3.3714096546173096,3.3714096546173096,,,,
179,1259,,,3.186232805252075,,3.1456611156463623,3.1456611156463623,,,,
,179,,,,,,,,,6.214473724365234,6.214473724365234
179,1259,,,,,,,6.214473724365234,6.214473724365234,,
179,1259,2.934617042541504,2.9751551151275635,,2.934617042541504,,,,,,
180,1260,,,3.336047649383545,,3.295462131500244,3.295462131500244,,,,
180,1261,,,1.8947570323944092,,1.854161024093628,1.854161024093628,,,,
180,1262,,,3.243912696838379,,3.2033050060272217,3.2033050060272217,,,,
180,1263,,,3.069735527038574,,3.029118537902832,3.029118537902832,,,,
180,1264,,,3.1995298862457275,,3.158902168273926,3.158902168273926,,,,
180,1265,,,3.1947720050811768,,3.1541378498077393,3.1541378498077393,,,,
180,1266,,,2.370831251144409,,2.3301846981048584,2.3301846981048584,,,,
,180,,,,,,,,,6.082081317901611,6.082081317901611
180,1266,,,,,,,6.082081317901611,6.082081317901611,,
180,1266,2.9127697944641113,2.953382968902588,,2.9127697944641113,,,,,,
181,1267,,,3.0644311904907227,,3.0237722396850586,3.0237722396850586,,,,
181,1268,,,3.7276527881622314,,3.686985731124878,3.686985731124878,,,,
181,1269,,,2.0565237998962402,,2.015846014022827,2.015846014022827,,,,
181,1270,,,2.4143729209899902,,2.373685598373413,2.373685598373413,,,,
181,1271,,,3.4383647441864014,,3.3976664543151855,3.3976664543151855,,,,
181,1272,,,3.0714008808135986,,3.0306930541992188,3.0306930541992188,,,,
181,1273,,,2.340804100036621,,2.300084114074707,2.300084114074707,,,,
,181,,,,,,,,,6.042236804962158,6.042236804962158
181,1273,,,,,,,6.042236804962158,6.042236804962158,,
181,1273,2.8848912715911865,2.9255762100219727,,2.8848912715911865,,,,,,
182,1274,,,2.088012933731079,,2.047283411026001,2.047283411026001,,,,
182,1275,,,3.1778128147125244,,3.137073516845703,3.137073516845703,,,,
182,1276,,,2.7184805870056152,,2.6777307987213135,2.6777307987213135,,,,
182,1277,,,3.1035890579223633,,3.0628294944763184,3.0628294944763184,,,,
182,1278,,,2.726548433303833,,2.685781955718994,2.685781955718994,,,,
182,1279,,,3.9076921939849854,,3.8669121265411377,3.8669121265411377,,,,
182,1280,,,2.0957818031311035,,2.054992198944092,2.054992198944092,,,,
,182,,,,,,,,,5.9974846839904785,5.9974846839904785
182,1280,,,,,,,5.9974846839904785,5.9974846839904785,,
182,1280,2.8624680042266846,2.903223991394043,,2.8624680042266846,,,,,,
183,1281,,,2.2989959716796875,,2.258197069168091,2.258197069168091,,,,
183,1282,,,3.4240200519561768,,3.3832101821899414,3.3832101821899414,,,,
183,1283,,,3.3294191360473633,,3.288597822189331,3.288597822189331,,,,
183,1284,,,3.1835227012634277,,3.142691135406494,3.142691135406494,,,,
183,1285,,,2.4667415618896484,,2.425900936126709,2.425900936126709,,,,
183,1286,,,2.16113543510437,,2.120283842086792,2.120283842086792,,,,
183,1287,,,3.978865146636963,,3.9380056858062744,3.9380056858062744,,,,
,183,,,,,,,,,5.975352764129639,5.975352764129639
183,1287,,,,,,,5.975352764129639,5.975352764129639,,
183,1287,2.8385305404663086,2.8793582916259766,,2.8385305404663086,,,,,,
184,1288,,,3.11348295211792,,3.072615385055542,3.072615385055542,,,,
184,1289,,,3.388303756713867,,3.347425699234009,3.347425699234009,,,,
184,1290,,,3.8464913368225098,,3.80560564994812,3.80560564994812,,,,
184,1291,,,2.4894564151763916,,2.448559522628784,2.448559522628784,,,,
184,1292,,,1.9129819869995117,,1.8720762729644775,1.8720762729644775,,,,
184,1293,,,2.2257931232452393,,2.184879779815674,2.184879779815674,,,,
184,1294,,,3.328348398208618,,3.2874224185943604,3.2874224185943604,,,,
,184,,,,,,,,,5.942417621612549,5.942417621612549
184,1294,,,,,,,5.942417621612549,5.942417621612549,,
184,1294,2.8178741931915283,2.858767032623291,,2.8178741931915283,,,,,,
185,1295,,,3.41322922706604,,3.372295618057251,3.372295618057251,,,,
185,1296,,,3.0654945373535156,,3.0245513916015625,3.0245513916015625,,,,
185,1297,,,3.230250120162964,,3.1892948150634766,3.1892948150634766,,,,
185,1298,,,1.4976509809494019,,1.456687331199646,1.456687331199646,,,,
185,1299,,,3.159984827041626,,3.1190128326416016,3.1190128326416016,,,,
185,1300,,,2.7311336994171143,,2.690150499343872,2.690150499343872,,,,
185,1301,,,2.613898515701294,,2.5729055404663086,2.5729055404663086,,,,
,185,,,,,,,,,5.972104549407959,5.972104549407959
185,1301,,,,,,,5.972104549407959,5.972104549407959,,
185,1301,2.79479718208313,2.8357577323913574,,2.79479718208313,,,,,,
186,1302,,,3.6356215476989746,,3.5946238040924072,3.5946238040924072,,,,
186,1303,,,2.4192323684692383,,2.378225564956665,2.378225564956665,,,,
186,1304,,,3.3966176509857178,,3.355604648590088,3.355604648590088,,,,
186,1305,,,2.8270511627197266,,2.7860288619995117,2.7860288619995117,,,,
186,1306,,,2.1201372146606445,,2.079103708267212,2.079103708267212,,,,
186,1307,,,2.469011068344116,,2.4279680252075195,2.4279680252075195,,,,
186,1308,,,2.812242031097412,,2.771188497543335,2.771188497543335,,,,
,186,,,,,,,,,5.92966890335083,5.92966890335083
186,1308,,,,,,,5.92966890335083,5.92966890335083,,
186,1308,2.7703139781951904,2.8113348484039307,,2.7703139781951904,,,,,,
187,1309,,,2.6937015056610107,,2.6526358127593994,2.6526358127593994,,,,
187,1310,,,2.361665725708008,,2.3205885887145996,2.3205885887145996,,,,
187,1311,,,3.1809134483337402,,3.1398251056671143,3.1398251056671143,,,,
187,1312,,,2.5332982540130615,,2.4922008514404297,2.4922008514404297,,,,
187,1313,,,2.9705586433410645,,2.9294512271881104,2.9294512271881104,,,,
187,1314,,,3.0074472427368164,,2.9663283824920654,2.9663283824920654,,,,
187,1315,,,2.6941511631011963,,2.653024911880493,2.653024911880493,,,,
,187,,,,,,,,,5.858358383178711,5.858358383178711
187,1315,,,,,,,5.858357906341553,5.858357906341553,,
187,1315,2.744457244873047,2.7855517864227295,,2.744457244873047,,,,,,
188,1316,,,2.609377861022949,,2.568242073059082,2.568242073059082,,,,
188,1317,,,2.5305793285369873,,2.4894330501556396,2.4894330501556396,,,,
188,1318,,,2.797389030456543,,2.7562344074249268,2.7562344074249268,,,,
188,1319,,,3.1451575756073,,3.103994846343994,3.103994846343994,,,,
188,1320,,,3.0034584999084473,,2.96228289604187,2.96228289604187,,,,
188,1321,,,1.8247965574264526,,1.7836095094680786,1.7836095094680786,,,,
188,1322,,,4.446353912353516,,4.405158996582031,4.405158996582031,,,,
,188,,,,,,,,,5.882474422454834,5.882474422454834
188,1322,,,,,,,5.882474422454834,5.882474422454834,,
188,1322,2.716193199157715,2.7573556900024414,,2.716193199157715,,,,,,
189,1323,,,3.3077166080474854,,3.266510248184204,3.266510248184204,,,,
189,1324,,,1.8927181959152222,,1.8515005111694336,1.8515005111694336,,,,
189,1325,,,3.147899627685547,,3.1066734790802,3.1066734790802,,,,
189,1326,,,4.167450428009033,,4.126213550567627,4.126213550567627,,,,
189,1327,,,1.942914366722107,,1.9016672372817993,1.9016672372817993,,,,
189,1328,,,2.5808000564575195,,2.539543390274048,2.539543390274048,,,,
189,1329,,,1.0902360677719116,,1.0489680767059326,1.0489680767059326,,,,
,189,,,,,,,,,5.84598445892334,5.84598445892334
189,1329,,,,,,,5.84598445892334,5.84598445892334,,
189,1329,2.695760488510132,2.7369940280914307,,2.695760488510132,,,,,,
190,1330,,,1.764126181602478,,1.7228500843048096,1.7228500843048096,,,,
190,1331,,,2.4114954471588135,,2.3702104091644287,2.3702104091644287,,,,
190,1332,,,2.839207887649536,,2.797914743423462,2.797914743423462,,,,
190,1333,,,2.5032856464385986,,2.4619832038879395,2.4619832038879395,,,,
190,1334,,,4.040983200073242,,3.9996683597564697,3.9996683597564697,,,,
190,1335,,,2.809110641479492,,2.767784833908081,2.767784833908081,,,,
190,1336,,,2.505002021789551,,2.463665723800659,2.463665723800659,,,,
,190,,,,,,,,,5.7960333824157715,5.7960333824157715
190,1336,,,,,,,5.7960333824157715,5.7960333824157715,,
190,1336,2.6736133098602295,2.7149152755737305,,2.6736133098602295,,,,,,
191,1337,,,2.8624496459960938,,2.8211052417755127,2.8211052417755127,,,,
191,1338,,,2.4591147899627686,,2.4177584648132324,2.4177584648132324,,,,
191,1339,,,2.658508062362671,,2.617143392562866,2.617143392562866,,,,
191,1340,,,3.3833296298980713,,3.3419530391693115,3.3419530391693115,,,,
191,1341,,,2.0018746852874756,,1.9604895114898682,1.9604895114898682,,,,
191,1342,,,3.0761446952819824,,3.03475022315979,3.03475022315979,,,,
191,1343,,,1.9738963842391968,,1.932492971420288,1.932492971420288,,,,
,191,,,,,,,,,5.720155239105225,5.720155239105225
191,1343,,,,,,,5.720155239105225,5.720155239105225,,
191,1343,2.6537861824035645,2.695158004760742,,2.6537861824035645,,,,,,
192,1344,,,3.142177104949951,,3.1007614135742188,3.1007614135742188,,,,
192,1345,,,2.442312002182007,,2.4008822441101074,2.4008822441101074,,,,
192,1346,,,2.2792463302612305,,2.2378053665161133,2.2378053665161133,,,,
192,1347,,,2.143420696258545,,2.101970911026001,2.101970911026001,,,,
192,1348,,,2.8175840377807617,,2.776123523712158,2.776123523712158,,,,
192,1349,,,3.2287070751190186,,3.187239170074463,3.187239170074463,,,,
192,1350,,,2.700960874557495,,2.659484624862671,2.659484624862671,,,,
,192,,,,,,,,,5.661266326904297,5.661266326904297
192,1350,,,,,,,5.661266326904297,5.661266326904297,,
192,1350,2.635622024536133,2.677067756652832,,2.635622024536133,,,,,,
193,1351,,,3.3306474685668945,,3.289160966873169,3.289160966873169,,,,
193,1352,,,3.1579678058624268,,3.1164700984954834,3.1164700984954834,,,,
193,1353,,,2.4555180072784424,,2.414010524749756,2.414010524749756,,,,
193,1354,,,2.552809000015259,,2.511291265487671,2.511291265487671,,,,
193,1355,,,2.4932732582092285,,2.451744794845581,2.451744794845581,,,,
193,1356,,,2.37495756149292,,2.33341908454895,2.33341908454895,,,,
193,1357,,,1.5174858570098877,,1.4759384393692017,1.4759384393692017,,,,
,193,,,,,,,,,5.651374340057373,5.651374340057373
193,1357,,,,,,,5.651374340057373,5.651374340057373,,
193,1357,2.614835023880005,2.6563498973846436,,2.614835023880005,,,,,,
194,1358,,,2.661508798599243,,2.6199557781219482,2.6199557781219482,,,,
194,1359,,,2.1735336780548096,,2.131972551345825,2.131972551345825,,,,
194,1360,,,2.04123854637146,,1.9996708631515503,1.9996708631515503,,,,
194,1361,,,3.9950308799743652,,3.953456401824951,3.953456401824951,,,,
194,1362,,,1.9556338787078857,,1.9140464067459106,1.9140464067459106,,,,
194,1363,,,3.5074455738067627,,3.465846538543701,3.465846538543701,,,,
194,1364,,,1.32308030128479,,1.2814713716506958,1.2814713716506958,,,,
,194,,,,,,,,,5.5988030433654785,5.5988030433654785
194,1364,,,,,,,5.5988030433654785,5.5988030433654785,,
194,1364,2.5985097885131836,2.640085458755493,,2.5985097885131836,,,,,,
195,1365,,,2.2897605895996094,,2.248142719268799,2.248142719268799,,,,
195,1366,,,2.5971791744232178,,2.5555522441864014,2.5555522441864014,,,,
195,1367,,,2.8850796222686768,,2.843442916870117,2.843442916870117,,,,
195,1368,,,2.0929977893829346,,2.0513505935668945,2.0513505935668945,,,,
195,1369,,,2.709904193878174,,2.6682496070861816,2.6682496070861816,,,,
195,1370,,,2.607405185699463,,2.565741539001465,2.565741539001465,,,,
195,1371,,,4.0572052001953125,,4.015529155731201,4.015529155731201,,,,
,195,,,,,,,,,5.584981441497803,5.584981441497803
195,1371,,,,,,,5.584981441497803,5.584981441497803,,
195,1371,2.578557252883911,2.6202003955841064,,2.578557252883911,,,,,,
196,1372,,,2.055617570877075,,2.0139360427856445,2.0139360427856445,,,,
196,1373,,,2.096531867980957,,2.054844379425049,2.054844379425049,,,,
196,1374,,,2.320021390914917,,2.278324842453003,2.278324842453003,,,,
196,1375,,,3.5007097721099854,,3.4590046405792236,3.4590046405792236,,,,
196,1376,,,3.383481740951538,,3.341763973236084,3.341763973236084,,,,
196,1377,,,2.1007964611053467,,2.059070110321045,2.059070110321045,,,,
196,1378,,,3.0247011184692383,,2.9829633235931396,2.9829633235931396,,,,
,196,,,,,,,,,5.576091289520264,5.576091289520264
196,1378,,,,,,,5.576091289520264,5.576091289520264,,
196,1378,2.560871124267578,2.6025757789611816,,2.560871124267578,,,,,,
197,1379,,,2.4520158767700195,,2.4102718830108643,2.4102718830108643,,,,
197,1380,,,1.9804275035858154,,1.9386744499206543,1.9386744499206543,,,,
197,1381,,,2.667889356613159,,2.6261303424835205,2.6261303424835205,,,,
197,1382,,,3.5689022541046143,,3.527135133743286,3.527135133743286,,,,
197,1383,,,2.414783477783203,,2.3730056285858154,2.3730056285858154,,,,
197,1384,,,2.4192683696746826,,2.3774795532226562,2.3774795532226562,,,,
197,1385,,,2.552165985107422,,2.5103671550750732,2.5103671550750732,,,,
,197,,,,,,,,,5.502662658691406,5.502662658691406
197,1385,,,,,,,5.502662658691406,5.502662658691406,,
197,1385,2.540248394012451,2.5820157527923584,,2.540248394012451,,,,,,
198,1386,,,1.9315450191497803,,1.8897371292114258,1.8897371292114258,,,,
198,1387,,,2.2802767753601074,,2.2384583950042725,2.2384583950042725,,,,
198,1388,,,2.4898147583007812,,2.447988271713257,2.447988271713257,,,,
198,1389,,,3.0699455738067627,,3.028106927871704,3.028106927871704,,,,
198,1390,,,3.329298973083496,,3.28745174407959,3.28745174407959,,,,
198,1391,,,1.924761176109314,,1.8829054832458496,1.8829054832458496,,,,
198,1392,,,3.498504161834717,,3.4566409587860107,3.4566409587860107,,,,
,198,,,,,,,,,5.344692707061768,5.344692707061768
198,1392,,,,,,,5.344692707061768,5.344692707061768,,
198,1392,2.520923614501953,2.5627574920654297,,2.520923614501953,,,,,,
199,1393,,,2.1429688930511475,,2.101092576980591,2.101092576980591,,,,
199,1394,,,2.682774782180786,,2.640887498855591,2.640887498855591,,,,
199,1395,,,2.8814892768859863,,2.839592218399048,2.839592218399048,,,,
199,1396,,,3.0021586418151855,,2.960251808166504,2.960251808166504,,,,
199,1397,,,1.5438249111175537,,1.501909613609314,1.501909613609314,,,,
199,1398,,,3.2207748889923096,,3.1788527965545654,3.1788527965545654,,,,
199,1399,,,1.8931782245635986,,1.8512446880340576,1.8512446880340576,,,,
,199,,,,,,,,,5.206793308258057,5.206793308258057
199,1399,,,,,,,5.206793308258057,5.206793308258057,,
199,1399,2.496753454208374,2.538656234741211,,2.496753454208374,,,,,,
200,1400,,,2.174198627471924,,2.1322553157806396,2.1322553157806396,,,,
200,1401,,,2.175645351409912,,2.1336920261383057,2.1336920261383057,,,,
200,1402,,,1.6717967987060547,,1.6298332214355469,1.6298332214355469,,,,
200,1403,,,2.6111526489257812,,2.569178819656372,2.569178819656372,,,,
200,1404,,,3.1855783462524414,,3.143594264984131,3.143594264984131,,,,
200,1405,,,2.909510612487793,,2.8675177097320557,2.8675177097320557,,,,
200,1406,,,3.518826484680176,,3.4768261909484863,3.4768261909484863,,,,
,200,,,,,,,,,5.1306328773498535,5.1306328773498535
200,1406,,,,,,,5.1306328773498535,5.1306328773498535,,
200,1406,2.4752752780914307,2.5172457695007324,,2.4752752780914307,,,,,,
201,1407,,,2.5634639263153076,,2.5214526653289795,2.5214526653289795,,,,
201,1408,,,2.8359951972961426,,2.793972969055176,2.793972969055176,,,,
201,1409,,,2.0676848888397217,,2.0256521701812744,2.0256521701812744,,,,
201,1410,,,2.0624992847442627,,2.0204551219940186,2.0204551219940186,,,,
201,1411,,,1.549913763999939,,1.5078613758087158,1.5078613758087158,,,,
201,1412,,,2.8163862228393555,,2.774327039718628,2.774327039718628,,,,
201,1413,,,5.321179389953613,,5.279111385345459,5.279111385345459,,,,
,201,,,,,,,,,5.1947760581970215,5.1947760581970215
201,1413,,,,,,,5.1947760581970215,5.1947760581970215,,
201,1413,2.4507274627685547,2.4927663803100586,,2.4507274627685547,,,,,,
202,1414,,,2.797743320465088,,2.755662441253662,2.755662441253662,,,,
202,1415,,,1.8736310005187988,,1.8315415382385254,1.8315415382385254,,,,
202,1416,,,1.8240070343017578,,1.7819056510925293,1.7819056510925293,,,,
202,1417,,,2.8700952529907227,,2.8279848098754883,2.8279848098754883,,,,
202,1418,,,2.3197667598724365,,2.277646541595459,2.277646541595459,,,,
202,1419,,,3.0540823936462402,,3.0119519233703613,3.0119519233703613,,,,
202,1420,,,2.698044538497925,,2.6559054851531982,2.6559054851531982,,,,
,202,,,,,,,,,5.2659101486206055,5.2659101486206055
202,1420,,,,,,,5.2659101486206055,5.2659101486206055,,
202,1420,2.428652048110962,2.470759630203247,,2.428652048110962,,,,,,
203,1421,,,2.6756093502044678,,2.633460283279419,2.633460283279419,,,,
203,1422,,,2.283574342727661,,2.241414785385132,2.241414785385132,,,,
203,1423,,,2.9117257595062256,,2.869556427001953,2.869556427001953,,,,
203,1424,,,1.8731446266174316,,1.83096444606781,1.83096444606781,,,,
203,1425,,,2.644721746444702,,2.6025335788726807,2.6025335788726807,,,,
203,1426,,,2.328810214996338,,2.286612033843994,2.286612033843994,,,,
203,1427,,,2.437854766845703,,2.3956470489501953,2.3956470489501953,,,,
,203,,,,,,,,,5.272072792053223,5.272072792053223
203,1427,,,,,,,5.272072792053223,5.272072792053223,,
203,1427,2.409868001937866,2.4520442485809326,,2.409868001937866,,,,,,
204,1428,,,3.050220012664795,,3.008004665374756,3.008004665374756,,,,
204,1429,,,2.6531381607055664,,2.6109087467193604,2.6109087467193604,,,,
204,1430,,,2.9119954109191895,,2.869753360748291,2.869753360748291,,,,
204,1431,,,1.8888155221939087,,1.8465667963027954,1.8465667963027954,,,,
204,1432,,,2.1009159088134766,,2.058659553527832,2.058659553527832,,,,
204,1433,,,2.3534913063049316,,2.3112266063690186,2.3112266063690186,,,,
204,1434,,,1.5377967357635498,,1.4955215454101562,1.4955215454101562,,,,
,204,,,,,,,,,5.248878479003906,5.248878479003906
204,1434,,,,,,,5.248878479003906,5.248878479003906,,
204,1434,2.3946573734283447,2.436901807785034,,2.3946573734283447,,,,,,
205,1435,,,2.2879912853240967,,2.2457127571105957,2.2457127571105957,,,,
205,1436,,,2.1918227672576904,,2.149535894393921,2.149535894393921,,,,
205,1437,,,3.1439530849456787,,3.101659059524536,3.101659059524536,,,,
205,1438,,,2.9562737941741943,,2.913970708847046,2.913970708847046,,,,
205,1439,,,1.7910445928573608,,1.7487281560897827,1.7487281560897827,,,,
205,1440,,,2.406160354614258,,2.363837718963623,2.363837718963623,,,,
205,1441,,,1.6728147268295288,,1.6304824352264404,1.6304824352264404,,,,
,205,,,,,,,,,5.209395885467529,5.209395885467529
205,1441,,,,,,,5.209395885467529,5.209395885467529,,
205,1441,2.3740978240966797,2.416400194168091,,2.3740978240966797,,,,,,
206,1442,,,1.7530848979949951,,1.7107443809509277,1.7107443809509277,,,,
206,1443,,,1.7773526906967163,,1.7350034713745117,1.7350034713745117,,,,
206,1444,,,2.143953323364258,,2.101597547531128,2.101597547531128,,,,
206,1445,,,2.863661050796509,,2.821298122406006,2.821298122406006,,,,
206,1446,,,2.8632867336273193,,2.8209147453308105,2.8209147453308105,,,,
206,1447,,,2.6665987968444824,,2.6242177486419678,2.6242177486419678,,,,
206,1448,,,3.245147705078125,,3.2027578353881836,3.2027578353881836,,,,
,206,,,,,,,,,5.010743618011475,5.010743618011475
206,1448,,,,,,,5.010743618011475,5.010743618011475,,
206,1448,2.35526442527771,2.3976263999938965,,2.35526442527771,,,,,,
207,1449,,,2.6671483516693115,,2.6247406005859375,2.6247406005859375,,,,
207,1450,,,2.4820683002471924,,2.4396514892578125,2.4396514892578125,,,,
207,1451,,,2.498182773590088,,2.4557571411132812,2.4557571411132812,,,,
207,1452,,,2.150285005569458,,2.1078484058380127,2.1078484058380127,,,,
207,1453,,,2.3684191703796387,,2.3259739875793457,2.3259739875793457,,,,
207,1454,,,2.238720178604126,,2.1962640285491943,2.1962640285491943,,,,
207,1455,,,1.9752748012542725,,1.9328113794326782,1.9328113794326782,,,,
,207,,,,,,,,,4.8072662353515625,4.8072662353515625
207,1455,,,,,,,4.8072662353515625,4.8072662353515625,,
207,1455,2.3333396911621094,2.375772714614868,,2.3333396911621094,,,,,,
208,1456,,,2.549084424972534,,2.5066065788269043,2.5066065788269043,,,,
208,1457,,,2.864434242248535,,2.821945905685425,2.821945905685425,,,,
208,1458,,,1.865057110786438,,1.8225586414337158,1.8225586414337158,,,,
208,1459,,,2.9707815647125244,,2.9282710552215576,2.9282710552215576,,,,
208,1460,,,1.7409306764602661,,1.698410153388977,1.698410153388977,,,,
208,1461,,,1.8895635604858398,,1.84703528881073,1.84703528881073,,,,
208,1462,,,3.02701735496521,,2.9844818115234375,2.9844818115234375,,,,
,208,,,,,,,,,4.664619445800781,4.664619445800781
208,1462,,,,,,,4.664619445800781,4.664619445800781,,
208,1462,2.3127856254577637,2.3552913665771484,,2.3127856254577637,,,,,,
209,1463,,,2.058298349380493,,2.0157508850097656,2.0157508850097656,,,,
209,1464,,,2.7489590644836426,,2.7064006328582764,2.7064006328582764,,,,
209,1465,,,2.2461023330688477,,2.203533172607422,2.203533172607422,,,,
209,1466,,,2.4533634185791016,,2.4107844829559326,2.4107844829559326,,,,
209,1467,,,2.124441146850586,,2.081854820251465,2.081854820251465,,,,
209,1468,,,2.3001346588134766,,2.2575414180755615,2.2575414180755615,,,,
209,1469,,,2.5379316806793213,,2.495328664779663,2.495328664779663,,,,
,209,,,,,,,,,4.547582149505615,4.547582149505615
209,1469,,,,,,,4.547582149505615,4.547582149505615,,
209,1469,2.292017936706543,2.334591865539551,,2.292017936706543,,,,,,
210,1470,,,2.284123182296753,,2.241508722305298,2.241508722305298,,,,
210,1471,,,2.6852755546569824,,2.6426517963409424,2.6426517963409424,,,,
210,1472,,,1.4799002408981323,,1.4372670650482178,1.4372670650482178,,,,
210,1473,,,2.4341959953308105,,2.3915534019470215,2.3915534019470215,,,,
210,1474,,,2.7196524143218994,,2.6770002841949463,2.6770002841949463,,,,
210,1475,,,2.388432025909424,,2.345770835876465,2.345770835876465,,,,
210,1476,,,2.025289297103882,,1.9826205968856812,1.9826205968856812,,,,
,210,,,,,,,,,4.4774065017700195,4.4774065017700195
210,1476,,,,,,,4.4774065017700195,4.4774065017700195,,
210,1476,2.271252393722534,2.313892126083374,,2.271252393722534,,,,,,
211,1477,,,1.7849900722503662,,1.742309808731079,1.742309808731079,,,,
211,1478,,,3.079806327819824,,3.0371172428131104,3.0371172428131104,,,,
211,1479,,,1.540238618850708,,1.4975407123565674,1.4975407123565674,,,,
211,1480,,,2.223787546157837,,2.181081771850586,2.181081771850586,,,,
211,1481,,,2.7065048217773438,,2.6637895107269287,2.6637895107269287,,,,
211,1482,,,2.1588571071624756,,2.1161303520202637,2.1161303520202637,,,,
211,1483,,,3.0264813899993896,,2.9837465286254883,2.9837465286254883,,,,
,211,,,,,,,,,4.456430435180664,4.456430435180664
211,1483,,,,,,,4.456430435180664,4.456430435180664,,
211,1483,2.252058982849121,2.2947630882263184,,2.252058982849121,,,,,,
212,1484,,,2.5424976348876953,,2.499752998352051,2.499752998352051,,,,
212,1485,,,2.06330943107605,,2.0205554962158203,2.0205554962158203,,,,
212,1486,,,2.9825439453125,,2.9397823810577393,2.9397823810577393,,,,
212,1487,,,2.81706166267395,,2.774287700653076,2.774287700653076,,,,
212,1488,,,1.6588090658187866,,1.616024136543274,1.616024136543274,,,,
212,1489,,,1.8722546100616455,,1.8294621706008911,1.8294621706008911,,,,
212,1490,,,1.3568836450576782,,1.3140822649002075,1.3140822649002075,,,,
,212,,,,,,,,,4.42390775680542,4.42390775680542
212,1490,,,,,,,4.42390775680542,4.42390775680542,,
212,1490,2.2231600284576416,2.265930414199829,,2.2231600284576416,,,,,,
213,1491,,,2.038379192352295,,1.9955700635910034,1.9955700635910034,,,,
213,1492,,,3.5559780597686768,,3.51315975189209,3.51315975189209,,,,
213,1493,,,2.138117551803589,,2.0952892303466797,2.0952892303466797,,,,
213,1494,,,1.3557127714157104,,1.3128758668899536,1.3128758668899536,,,,
213,1495,,,1.9333858489990234,,1.8905421495437622,1.8905421495437622,,,,
213,1496,,,2.171658754348755,,2.1288037300109863,2.1288037300109863,,,,
213,1497,,,2.9612512588500977,,2.9183878898620605,2.9183878898620605,,,,
,213,,,,,,,,,4.417895793914795,4.417895793914795
213,1497,,,,,,,4.417895793914795,4.417895793914795,,
213,1497,2.2008841037750244,2.243717908859253,,2.2008841037750244,,,,,,
214,1498,,,3.1146066188812256,,3.0717320442199707,3.0717320442199707,,,,
214,1499,,,2.3218300342559814,,2.2789430618286133,2.2789430618286133,,,,
214,1500,,,2.133958101272583,,2.0910632610321045,2.0910632610321045,,,,
214,1501,,,1.2284003496170044,,1.18549382686615,1.18549382686615,,,,
214,1502,,,2.323282241821289,,2.2803680896759033,2.2803680896759033,,,,
214,1503,,,2.0949299335479736,,2.052006721496582,2.052006721496582,,,,
214,1504,,,2.581305980682373,,2.5383753776550293,2.5383753776550293,,,,
,214,,,,,,,,,4.363036155700684,4.363036155700684
214,1504,,,,,,,4.363036155700684,4.363036155700684,,
214,1504,2.1821956634521484,2.225097417831421,,2.1821956634521484,,,,,,
215,1505,,,1.8834209442138672,,1.8404794931411743,1.8404794931411743,,,,
215,1506,,,2.06015944480896,,2.017207384109497,2.017207384109497,,,,
215,1507,,,3.3437416553497314,,3.300779342651367,3.300779342651367,,,,
215,1508,,,2.0012691020965576,,1.9582972526550293,1.9582972526550293,,,,
215,1509,,,2.401780128479004,,2.358799457550049,2.358799457550049,,,,
215,1510,,,1.8226150274276733,,1.779624104499817,1.779624104499817,,,,
215,1511,,,1.4652948379516602,,1.4222967624664307,1.4222967624664307,,,,
,215,,,,,,,,,4.340399265289307,4.340399265289307
215,1511,,,,,,,4.340399265289307,4.340399265289307,,
215,1511,2.162909507751465,2.2058777809143066,,2.162909507751465,,,,,,
216,1512,,,2.4244744777679443,,2.3814682960510254,2.3814682960510254,,,,
216,1513,,,1.6489026546478271,,1.6058889627456665,1.6058889627456665,,,,
216,1514,,,2.360503673553467,,2.3174805641174316,2.3174805641174316,,,,
216,1515,,,1.7922677993774414,,1.749233365058899,1.749233365058899,,,,
216,1516,,,2.076260805130005,,2.0332159996032715,2.0332159996032715,,,,
216,1517,,,2.852644443511963,,2.8095920085906982,2.8095920085906982,,,,
216,1518,,,2.0893447399139404,,2.0462839603424072,2.0462839603424072,,,,
,216,,,,,,,,,4.309183120727539,4.309183120727539
216,1518,,,,,,,4.309183120727539,4.309183120727539,,
216,1518,2.1434097290039062,2.1864404678344727,,2.1434097290039062,,,,,,
217,1519,,,2.695297956466675,,2.6522278785705566,2.6522278785705566,,,,
217,1520,,,2.6020960807800293,,2.559016466140747,2.559016466140747,,,,
217,1521,,,1.3256186246871948,,1.2825311422348022,1.2825311422348022,,,,
217,1522,,,2.3511462211608887,,2.308051347732544,2.308051347732544,,,,
217,1523,,,2.3888583183288574,,2.3457510471343994,2.3457510471343994,,,,
217,1524,,,2.0170323848724365,,1.9739155769348145,1.9739155769348145,,,,
217,1525,,,1.202689290046692,,1.1595650911331177,1.1595650911331177,,,,
,217,,,,,,,,,4.22560453414917,4.22560453414917
217,1525,,,,,,,4.22560453414917,4.22560453414917,,
217,1525,2.12648344039917,2.1695778369903564,,2.12648344039917,,,,,,
218,1526,,,1.8601652383804321,,1.817030429840088,1.817030429840088,,,,
218,1527,,,1.9136533737182617,,1.8705108165740967,1.8705108165740967,,,,
218,1528,,,2.525014638900757,,2.481863498687744,2.481863498687744,,,,
218,1529,,,2.1886887550354004,,2.14552903175354,2.14552903175354,,,,
218,1530,,,1.7126787900924683,,1.6695075035095215,1.6695075035095215,,,,
218,1531,,,2.6942009925842285,,2.65101957321167,2.65101957321167,,,,
218,1532,,,2.205371141433716,,2.1621811389923096,2.1621811389923096,,,,
,218,,,,,,,,,4.182284355163574,4.182284355163574
218,1532,,,,,,,4.182284355163574,4.182284355163574,,
218,1532,2.109220266342163,2.152378797531128,,2.109220266342163,,,,,,
219,1533,,,2.526434898376465,,2.483236074447632,2.483236074447632,,,,
219,1534,,,2.1885359287261963,,2.145329475402832,2.145329475402832,,,,
219,1535,,,2.5904388427734375,,2.547222375869751,2.547222375869751,,,,
219,1536,,,2.27302622795105,,2.2298030853271484,2.2298030853271484,,,,
219,1537,,,1.873896837234497,,1.8306633234024048,1.8306633234024048,,,,
219,1538,,,1.4969381093978882,,1.4536956548690796,1.4536956548690796,,,,
219,1539,,,1.780116319656372,,1.7368648052215576,1.7368648052215576,,,,
,219,,,,,,,,,4.096336364746094,4.096336364746094
219,1539,,,,,,,4.096336364746094,4.096336364746094,,
219,1539,2.0927488803863525,2.1359708309173584,,2.0927488803863525,,,,,,
220,1540,,,2.553574800491333,,2.5103096961975098,2.5103096961975098,,,,
220,1541,,,2.054594039916992,,2.011320114135742,2.011320114135742,,,,
220,1542,,,2.008486032485962,,1.965201735496521,1.965201735496521,,,,
220,1543,,,2.2969846725463867,,2.2536916732788086,2.2536916732788086,,,,
220,1544,,,1.4765369892120361,,1.4332354068756104,1.4332354068756104,,,,
220,1545,,,2.369769811630249,,2.3264565467834473,2.3264565467834473,,,,
220,1546,,,2.0266506671905518,,1.983329176902771,1.983329176902771,,,,
,220,,,,,,,,,4.044966220855713,4.044966220855713
220,1546,,,,,,,4.044966220855713,4.044966220855713,,
220,1546,2.077484607696533,2.120774745941162,,2.077484607696533,,,,,,
221,1547,,,1.8010755777359009,,1.7577455043792725,1.7577455043792725,,,,
221,1548,,,2.732353687286377,,2.6890156269073486,2.6890156269073486,,,,
221,1549,,,2.013138771057129,,1.9697883129119873,1.9697883129119873,,,,
221,1550,,,1.9140352010726929,,1.8706772327423096,1.8706772327423096,,,,
221,1551,,,2.22434139251709,,2.180975914001465,2.180975914001465,,,,
221,1552,,,1.685678482055664,,1.6423025131225586,1.6423025131225586,,,,
221,1553,,,2.7692267894744873,,2.7258405685424805,2.7258405685424805,,,,
,221,,,,,,,,,4.1296610832214355,4.1296610832214355
221,1553,,,,,,,4.1296610832214355,4.1296610832214355,,
221,1553,2.060030698776245,2.1033854484558105,,2.060030698776245,,,,,,
222,1554,,,2.0526692867279053,,2.009277105331421,2.009277105331421,,,,
222,1555,,,2.168329954147339,,2.124929666519165,2.124929666519165,,,,
222,1556,,,2.000138998031616,,1.9567285776138306,1.9567285776138306,,,,
222,1557,,,1.8788870573043823,,1.8354673385620117,1.8354673385620117,,,,
222,1558,,,2.058427095413208,,2.014997720718384,2.014997720718384,,,,
222,1559,,,2.520735740661621,,2.477297782897949,2.477297782897949,,,,
222,1560,,,1.636157751083374,,1.5927122831344604,1.5927122831344604,,,,
,222,,,,,,,,,4.098427772521973,4.098427772521973
222,1560,,,,,,,4.098427772521973,4.098427772521973,,
222,1560,2.041720151901245,2.085136651992798,,2.041720151901245,,,,,,
223,1561,,,2.2955284118652344,,2.2520713806152344,2.2520713806152344,,,,
223,1562,,,1.637763261795044,,1.5942938327789307,1.5942938327789307,,,,
223,1563,,,3.067948579788208,,3.024470329284668,3.024470329284668,,,,
223,1564,,,1.982430338859558,,1.9389433860778809,1.9389433860778809,,,,
223,1565,,,1.541688323020935,,1.4981931447982788,1.4981931447982788,,,,
223,1566,,,1.6059342622756958,,1.5624316930770874,1.5624316930770874,,,,
223,1567,,,2.886125326156616,,2.8426132202148438,2.8426132202148438,,,,
,223,,,,,,,,,4.054101943969727,4.054101943969727
223,1567,,,,,,,4.054101943969727,4.054101943969727,,
223,1567,2.0292365550994873,2.0727200508117676,,2.0292365550994873,,,,,,
224,1568,,,1.584347128868103,,1.5408241748809814,1.5408241748809814,,,,
224,1569,,,1.7160457372665405,,1.6725118160247803,1.6725118160247803,,,,
224,1570,,,3.2362561225891113,,3.1927132606506348,3.1927132606506348,,,,
224,1571,,,2.333603620529175,,2.2900502681732178,2.2900502681732178,,,,
224,1572,,,1.5674141645431519,,1.5238502025604248,1.5238502025604248,,,,
224,1573,,,2.154994010925293,,2.1114227771759033,2.1114227771759033,,,,
224,1574,,,1.396390438079834,,1.3528107404708862,1.3528107404708862,,,,
,224,,,,,,,,,4.028810501098633,4.028810501098633
224,1574,,,,,,,4.028810501098633,4.028810501098633,,
224,1574,2.0139100551605225,2.057460069656372,,2.0139100551605225,,,,,,
225,1575,,,2.4553511142730713,,2.4117650985717773,2.4117650985717773,,,,
225,1576,,,1.8873512744903564,,1.8437557220458984,1.8437557220458984,,,,
225,1577,,,1.6614975929260254,,1.6178927421569824,1.6178927421569824,,,,
225,1578,,,1.3161135911941528,,1.2725001573562622,1.2725001573562622,,,,
225,1579,,,1.9756659269332886,,1.9320446252822876,1.9320446252822876,,,,
225,1580,,,2.7749176025390625,,2.7312893867492676,2.7312893867492676,,,,
225,1581,,,2.4936928749084473,,2.4500536918640137,2.4500536918640137,,,,
,225,,,,,,,,,4.004326343536377,4.004326343536377
225,1581,,,,,,,4.004326343536377,4.004326343536377,,
225,1581,1.9965518712997437,2.0401618480682373,,1.9965518712997437,,,,,,
226,1582,,,2.2965147495269775,,2.2528674602508545,2.2528674602508545,,,,
226,1583,,,1.5816149711608887,,1.5379575490951538,1.5379575490951538,,,,
226,1584,,,1.414016842842102,,1.3703519105911255,1.3703519105911255,,,,
226,1585,,,2.1673834323883057,,2.123711585998535,2.123711585998535,,,,
226,1586,,,1.9112030267715454,,1.8675228357315063,1.8675228357315063,,,,
226,1587,,,2.881990432739258,,2.838301420211792,2.838301420211792,,,,
226,1588,,,1.795749306678772,,1.7520520687103271,1.7520520687103271,,,,
,226,,,,,,,,,3.8852407932281494,3.8852407932281494
226,1588,,,,,,,3.8852407932281494,3.8852407932281494,,
226,1588,1.983958125114441,2.027628183364868,,1.983958125114441,,,,,,
227,1589,,,1.9705207347869873,,1.9268085956573486,1.9268085956573486,,,,
227,1590,,,2.479247570037842,,2.4355263710021973,2.4355263710021973,,,,
227,1591,,,1.7504026889801025,,1.7066729068756104,1.7066729068756104,,,,
227,1592,,,2.205789566040039,,2.16205096244812,2.16205096244812,,,,
227,1593,,,2.104475498199463,,2.060728073120117,2.060728073120117,,,,
227,1594,,,1.5314730405807495,,1.487715482711792,1.487715482711792,,,,
227,1595,,,2.1368343830108643,,2.0930659770965576,2.0930659770965576,,,,
,227,,,,,,,,,3.8704826831817627,3.8704826831817627
227,1595,,,,,,,3.8704826831817627,3.8704826831817627,,
227,1595,1.9708867073059082,2.014622926712036,,1.9708867073059082,,,,,,
228,1596,,,1.90998375415802,,1.8662099838256836,1.8662099838256836,,,,
228,1597,,,2.677619218826294,,2.633836507797241,2.633836507797241,,,,
228,1598,,,2.376204490661621,,2.332412004470825,2.332412004470825,,,,
228,1599,,,1.9237065315246582,,1.8799078464508057,1.8799078464508057,,,,
228,1600,,,1.958321213722229,,1.9145132303237915,1.9145132303237915,,,,
228,1601,,,1.3433239459991455,,1.2995046377182007,1.2995046377182007,,,,
228,1602,,,1.478821039199829,,1.4349936246871948,1.4349936246871948,,,,
,228,,,,,,,,,3.8605098724365234,3.8605098724365234
228,1602,,,,,,,3.8605098724365234,3.8605098724365234,,
228,1602,1.955216646194458,1.9990144968032837,,1.955216646194458,,,,,,
229,1603,,,1.6783136129379272,,1.6344794034957886,1.6344794034957886,,,,
229,1604,,,2.1555609703063965,,2.111717939376831,2.111717939376831,,,,
229,1605,,,1.5649250745773315,,1.5210729837417603,1.5210729837417603,,,,
229,1606,,,2.1970064640045166,,2.153146505355835,2.153146505355835,,,,
229,1607,,,1.920905351638794,,1.8770376443862915,1.8770376443862915,,,,
229,1608,,,2.439669370651245,,2.3957931995391846,2.3957931995391846,,,,
229,1609,,,1.8364466428756714,,1.792560338973999,1.792560338973999,,,,
,229,,,,,,,,,3.8361730575561523,3.8361730575561523
229,1609,,,,,,,3.8361728191375732,3.8361728191375732,,
229,1609,1.9396796226501465,1.983536958694458,,1.9396796226501465,,,,,,
230,1610,,,1.9889938831329346,,1.9450993537902832,1.9450993537902832,,,,
230,1611,,,2.0878989696502686,,2.0439958572387695,2.0439958572387695,,,,
230,1612,,,2.097529888153076,,2.0536153316497803,2.0536153316497803,,,,
230,1613,,,1.8855139017105103,,1.8415931463241577,1.8415931463241577,,,,
230,1614,,,1.7586575746536255,,1.7147270441055298,1.7147270441055298,,,,
230,1615,,,1.8678745031356812,,1.823935866355896,1.823935866355896,,,,
230,1616,,,2.364089012145996,,2.3201422691345215,2.3201422691345215,,,,
,230,,,,,,,,,3.7885961532592773,3.7885961532592773
230,1616,,,,,,,3.7885959148406982,3.7885959148406982,,
230,1616,1.9283167123794556,1.9722355604171753,,1.9283167123794556,,,,,,
231,1617,,,2.2786526679992676,,2.234696626663208,2.234696626663208,,,,
231,1618,,,2.0536227226257324,,2.0096569061279297,2.0096569061279297,,,,
231,1619,,,1.927050232887268,,1.883072018623352,1.883072018623352,,,,
231,1620,,,1.8365219831466675,,1.7925376892089844,1.7925376892089844,,,,
231,1621,,,1.3720107078552246,,1.328018307685852,1.328018307685852,,,,
231,1622,,,2.2644524574279785,,2.2204532623291016,2.2204532623291016,,,,
231,1623,,,2.0120739936828613,,1.9680659770965576,1.9680659770965576,,,,
,231,,,,,,,,,3.747154951095581,3.747154951095581
231,1623,,,,,,,3.747154951095581,3.747154951095581,,
231,1623,1.914738655090332,1.9587196111679077,,1.914738655090332,,,,,,
232,1624,,,1.6720046997070312,,1.6279867887496948,1.6279867887496948,,,,
232,1625,,,1.407530426979065,,1.3635029792785645,1.3635029792785645,,,,
232,1626,,,2.57529616355896,,2.531259536743164,2.531259536743164,,,,
232,1627,,,1.4418307542800903,,1.3977857828140259,1.3977857828140259,,,,
232,1628,,,2.4973418712615967,,2.4532902240753174,2.4532902240753174,,,,
232,1629,,,2.240819215774536,,2.1967580318450928,2.1967580318450928,,,,
232,1630,,,1.4741489887237549,,1.4300793409347534,1.4300793409347534,,,,
,232,,,,,,,,,3.7218434810638428,3.7218434810638428
232,1630,,,,,,,3.7218434810638428,3.7218434810638428,,
232,1630,1.899115800857544,1.943157434463501,,1.899115800857544,,,,,,
233,1631,,,2.3911209106445312,,2.3470427989959717,2.3470427989959717,,,,
233,1632,,,1.636976718902588,,1.5928889513015747,1.5928889513015747,,,,
233,1633,,,2.2154905796051025,,2.171393394470215,2.171393394470215,,,,
233,1634,,,1.2530245780944824,,1.2089186906814575,1.2089186906814575,,,,
233,1635,,,2.442909002304077,,2.398794651031494,2.398794651031494,,,,
233,1636,,,1.585312008857727,,1.5411890745162964,1.5411890745162964,,,,
233,1637,,,2.030344009399414,,1.9862149953842163,1.9862149953842163,,,,
,233,,,,,,,,,3.6678051948547363,3.6678051948547363
233,1637,,,,,,,3.6678051948547363,3.6678051948547363,,
233,1637,1.8831464052200317,1.9272490739822388,,1.8831464052200317,,,,,,
234,1638,,,2.5190584659576416,,2.4749181270599365,2.4749181270599365,,,,
234,1639,,,1.8829452991485596,,1.8387948274612427,1.8387948274612427,,,,
234,1640,,,1.888677954673767,,1.8445188999176025,1.8445188999176025,,,,
234,1641,,,1.9031751155853271,,1.8590075969696045,1.8590075969696045,,,,
234,1642,,,2.2325823307037354,,2.1884043216705322,2.1884043216705322,,,,
234,1643,,,1.2258707284927368,,1.18168306350708,1.18168306350708,,,,
234,1644,,,1.4177906513214111,,1.37359619140625,1.37359619140625,,,,
,234,,,,,,,,,3.661168098449707,3.661168098449707
234,1644,,,,,,,3.661168336868286,3.661168336868286,,
234,1644,1.8670471906661987,1.9112128019332886,,1.8670471906661987,,,,,,
235,1645,,,2.338019609451294,,2.293818235397339,2.293818235397339,,,,
235,1646,,,1.9479824304580688,,1.9037725925445557,1.9037725925445557,,,,
235,1647,,,2.381852149963379,,2.3376331329345703,2.3376331329345703,,,,
235,1648,,,1.7635148763656616,,1.7192862033843994,1.7192862033843994,,,,
235,1649,,,1.4236977100372314,,1.379459023475647,1.379459023475647,,,,
235,1650,,,1.8533923625946045,,1.8091474771499634,1.8091474771499634,,,,
235,1651,,,0.9703407287597656,,0.9260866641998291,0.9260866641998291,,,,
,235,,,,,,,,,3.6578924655914307,3.6578924655914307
235,1651,,,,,,,3.6578924655914307,3.6578924655914307,,
235,1651,1.8494744300842285,1.8936997652053833,,1.8494744300842285,,,,,,
236,1652,,,1.757132649421692,,1.7128709554672241,1.7128709554672241,,,,
236,1653,,,2.271543025970459,,2.227273941040039,2.227273941040039,,,,
236,1654,,,2.402101993560791,,2.3578245639801025,2.3578245639801025,,,,
236,1655,,,1.676905870437622,,1.6326203346252441,1.6326203346252441,,,,
236,1656,,,1.1067184209823608,,1.0624239444732666,1.0624239444732666,,,,
236,1657,,,1.8536813259124756,,1.8093775510787964,1.8093775510787964,,,,
236,1658,,,2.4414021968841553,,2.397090435028076,2.397090435028076,,,,
,236,,,,,,,,,3.631086587905884,3.631086587905884
236,1658,,,,,,,3.631086587905884,3.631086587905884,,
236,1658,1.8354980945587158,1.879781723022461,,1.8354980945587158,,,,,,
237,1659,,,1.763802170753479,,1.7194774150848389,1.7194774150848389,,,,
237,1660,,,1.8369301557540894,,1.7925971746444702,1.7925971746444702,,,,
237,1661,,,1.5003951787948608,,1.4560537338256836,1.4560537338256836,,,,
237,1662,,,2.1279208660125732,,2.0835704803466797,2.0835704803466797,,,,
237,1663,,,1.6560817956924438,,1.611722469329834,1.611722469329834,,,,
237,1664,,,1.7605055570602417,,1.7161368131637573,1.7161368131637573,,,,
237,1665,,,3.2826974391937256,,3.238318920135498,3.238318920135498,,,,
,237,,,,,,,,,3.6268343925476074,3.6268343925476074
237,1665,,,,,,,3.6268343925476074,3.6268343925476074,,
237,1665,1.8186553716659546,1.8630036115646362,,1.8186553716659546,,,,,,
238,1666,,,2.175431251525879,,2.1310441493988037,2.1310441493988037,,,,
238,1667,,,1.5975302457809448,,1.5531339645385742,1.5531339645385742,,,,
238,1668,,,1.7369722127914429,,1.692567229270935,1.692567229270935,,,,
238,1669,,,1.5399850606918335,,1.4955729246139526,1.4955729246139526,,,,
238,1670,,,2.034888505935669,,1.9904675483703613,1.9904675483703613,,,,
238,1671,,,2.302687406539917,,2.258256673812866,2.258256673812866,,,,
238,1672,,,1.054531455039978,,1.0100908279418945,1.0100908279418945,,,,
,238,,,,,,,,,3.609008312225342,3.609008312225342
238,1672,,,,,,,3.609008312225342,3.609008312225342,,
238,1672,1.8038944005966187,1.848305106163025,,1.8038944005966187,,,,,,
239,1673,,,2.3056719303131104,,2.2612240314483643,2.2612240314483643,,,,
239,1674,,,1.8179774284362793,,1.773518443107605,1.773518443107605,,,,
239,1675,,,1.3384004831314087,,1.293933629989624,1.293933629989624,,,,
239,1676,,,2.2018260955810547,,2.157352924346924,2.157352924346924,,,,
239,1677,,,1.8403077125549316,,1.7958234548568726,1.7958234548568726,,,,
239,1678,,,1.8049025535583496,,1.7604122161865234,1.7604122161865234,,,,
239,1679,,,1.0957108736038208,,1.051209568977356,1.051209568977356,,,,
,239,,,,,,,,,3.6069841384887695,3.6069841384887695
239,1679,,,,,,,3.6069843769073486,3.6069843769073486,,
239,1679,1.7939558029174805,1.8384277820587158,,1.7939558029174805,,,,,,
240,1680,,,1.5342801809310913,,1.4897735118865967,1.4897735118865967,,,,
240,1681,,,1.586161494255066,,1.5416456460952759,1.5416456460952759,,,,
240,1682,,,2.089935779571533,,2.0454118251800537,2.0454118251800537,,,,
240,1683,,,1.1624500751495361,,1.1179158687591553,1.1179158687591553,,,,
240,1684,,,2.835637331008911,,2.7910959720611572,2.7910959720611572,,,,
240,1685,,,1.371170163154602,,1.3266199827194214,1.3266199827194214,,,,
240,1686,,,2.7890334129333496,,2.7444756031036377,2.7444756031036377,,,,
,240,,,,,,,,,3.6136584281921387,3.6136584281921387
240,1686,,,,,,,3.6136584281921387,3.6136584281921387,,
240,1686,1.7790809869766235,1.8236113786697388,,1.7790809869766235,,,,,,
241,1687,,,1.8666439056396484,,1.8220785856246948,1.8220785856246948,,,,
241,1688,,,2.094862222671509,,2.050291061401367,2.050291061401367,,,,
241,1689,,,2.01845383644104,,1.9738730192184448,1.9738730192184448,,,,
241,1690,,,1.4542133808135986,,1.4096252918243408,1.4096252918243408,,,,
241,1691,,,1.6211739778518677,,1.57657790184021,1.57657790184021,,,,
241,1692,,,1.5929851531982422,,1.5483790636062622,1.5483790636062622,,,,
241,1693,,,2.4050631523132324,,2.360448122024536,2.360448122024536,,,,
,241,,,,,,,,,3.6396098136901855,3.6396098136901855
241,1693,,,,,,,3.6396098136901855,3.6396098136901855,,
241,1693,1.7672146558761597,1.8118009567260742,,1.7672146558761597,,,,,,
242,1694,,,1.7874062061309814,,1.742782473564148,1.742782473564148,,,,
242,1695,,,2.1956429481506348,,2.1510114669799805,2.1510114669799805,,,,
242,1696,,,1.4943774938583374,,1.449737787246704,1.449737787246704,,,,
242,1697,,,1.2470948696136475,,1.2024472951889038,1.2024472951889038,,,,
242,1698,,,1.611387014389038,,1.5667303800582886,1.5667303800582886,,,,
242,1699,,,2.680713415145874,,2.6360490322113037,2.6360490322113037,,,,
242,1700,,,1.2343968152999878,,1.1897212266921997,1.1897212266921997,,,,
,242,,,,,,,,,3.618960380554199,3.618960380554199
242,1700,,,,,,,3.61896014213562,3.61896014213562,,
242,1700,1.7560632228851318,1.8007092475891113,,1.7560632228851318,,,,,,
243,1701,,,2.348935127258301,,2.304252862930298,2.304252862930298,,,,
243,1702,,,1.5300308465957642,,1.4853382110595703,1.4853382110595703,,,,
243,1703,,,1.7285324335098267,,1.683833360671997,1.683833360671997,,,,
243,1704,,,2.110196590423584,,2.0654900074005127,2.0654900074005127,,,,
243,1705,,,1.6701692342758179,,1.625452995300293,1.625452995300293,,,,
243,1706,,,1.2762470245361328,,1.231521725654602,1.231521725654602,,,,
243,1707,,,1.8855249881744385,,1.8407913446426392,1.8407913446426392,,,,
,243,,,,,,,,,3.531665563583374,3.531665563583374
243,1707,,,,,,,3.531665563583374,3.531665563583374,,
243,1707,1.7390096187591553,1.783715009689331,,1.7390096187591553,,,,,,
244,1708,,,2.0195400714874268,,1.9747984409332275,1.9747984409332275,,,,
244,1709,,,1.3746297359466553,,1.3298797607421875,1.3298797607421875,,,,
244,1710,,,1.201004147529602,,1.156243920326233,1.156243920326233,,,,
244,1711,,,2.1723368167877197,,2.127570390701294,2.127570390701294,,,,
244,1712,,,1.401612401008606,,1.3568389415740967,1.3568389415740967,,,,
244,1713,,,2.431053400039673,,2.38627028465271,2.38627028465271,,,,
244,1714,,,1.9090968370437622,,1.8643056154251099,1.8643056154251099,,,,
,244,,,,,,,,,3.4118638038635254,3.4118638038635254
244,1714,,,,,,,3.4118638038635254,3.4118638038635254,,
244,1714,1.7303085327148438,1.775072455406189,,1.7303085327148438,,,,,,
245,1715,,,1.33418607711792,,1.2893846035003662,1.2893846035003662,,,,
245,1716,,,2.119080066680908,,2.0742716789245605,2.0742716789245605,,,,
245,1717,,,1.955374836921692,,1.910557508468628,1.910557508468628,,,,
245,1718,,,1.266710877418518,,1.2218834161758423,1.2218834161758423,,,,
245,1719,,,2.3227345943450928,,2.277899742126465,2.277899742126465,,,,
245,1720,,,1.303257942199707,,1.2584142684936523,1.2584142684936523,,,,
245,1721,,,2.3786773681640625,,2.3338260650634766,2.3338260650634766,,,,
,245,,,,,,,,,3.3571808338165283,3.3571808338165283
245,1721,,,,,,,3.3571808338165283,3.3571808338165283,,
245,1721,1.7109954357147217,1.755819320678711,,1.7109954357147217,,,,,,
246,1722,,,2.45546293258667,,2.410601854324341,2.410601854324341,,,,
246,1723,,,1.694590449333191,,1.6497200727462769,1.6497200727462769,,,,
246,1724,,,1.2705754041671753,,1.2256942987442017,1.2256942987442017,,,,
246,1725,,,2.3248162269592285,,2.2799274921417236,2.2799274921417236,,,,
246,1726,,,1.9208120107650757,,1.8759150505065918,1.8759150505065918,,,,
246,1727,,,0.8221489787101746,,0.7772435545921326,0.7772435545921326,,,,
246,1728,,,1.639521837234497,,1.5946097373962402,1.5946097373962402,,,,
,246,,,,,,,,,3.2997350692749023,3.2997350692749023
246,1728,,,,,,,3.2997348308563232,3.2997348308563232,,
246,1728,1.6967968940734863,1.7416826486587524,,1.6967968940734863,,,,,,
247,1729,,,2.595501184463501,,2.550579071044922,2.550579071044922,,,,
247,1730,,,1.8530340194702148,,1.8081029653549194,1.8081029653549194,,,,
247,1731,,,1.3824564218521118,,1.3375171422958374,1.3375171422958374,,,,
247,1732,,,1.83108389377594,,1.7861350774765015,1.7861350774765015,,,,
247,1733,,,1.7244107723236084,,1.6794530153274536,1.6794530153274536,,,,
247,1734,,,1.0408985614776611,,0.9959311485290527,0.9959311485290527,,,,
247,1735,,,1.5367192029953003,,1.4917452335357666,1.4917452335357666,,,,
,247,,,,,,,,,3.2695696353912354,3.2695696353912354
247,1735,,,,,,,3.2695696353912354,3.2695696353912354,,
247,1735,1.681117296218872,1.7260634899139404,,1.681117296218872,,,,,,
248,1736,,,1.786195993423462,,1.7412151098251343,1.7412151098251343,,,,
248,1737,,,1.3708332777023315,,1.3258440494537354,1.3258440494537354,,,,
248,1738,,,1.590497612953186,,1.545500636100769,1.545500636100769,,,,
248,1739,,,1.7646660804748535,,1.7196606397628784,1.7196606397628784,,,,
248,1740,,,2.0398716926574707,,1.9948549270629883,1.9948549270629883,,,,
248,1741,,,1.9531002044677734,,1.9080755710601807,1.9080755710601807,,,,
248,1742,,,1.1180895566940308,,1.0730584859848022,1.0730584859848022,,,,
,248,,,,,,,,,3.2107601165771484,3.2107601165771484
248,1742,,,,,,,3.2107601165771484,3.2107601165771484,,
248,1742,1.6686350107192993,1.7136390209197998,,1.6686350107192993,,,,,,
249,1743,,,2.1880111694335938,,2.142971992492676,2.142971992492676,,,,
249,1744,,,0.9187184572219849,,0.8736698031425476,0.8736698031425476,,,,
249,1745,,,1.5202715396881104,,1.4752134084701538,1.4752134084701538,,,,
249,1746,,,2.3511600494384766,,2.3060927391052246,2.3060927391052246,,,,
249,1747,,,1.5166152715682983,,1.471537709236145,1.471537709236145,,,,
249,1748,,,1.5334259271621704,,1.4883404970169067,1.4883404970169067,,,,
249,1749,,,2.1865131855010986,,2.1414222717285156,2.1414222717285156,,,,
,249,,,,,,,,,3.2099294662475586,3.2099294662475586
249,1749,,,,,,,3.2099292278289795,3.2099292278289795,,
249,1749,1.6566054821014404,1.701669692993164,,1.6566054821014404,,,,,,
250,1750,,,1.9610011577606201,,1.9159045219421387,1.9159045219421387,,,,
250,1751,,,1.4054802656173706,,1.360377550125122,1.360377550125122,,,,
250,1752,,,1.5440406799316406,,1.4989303350448608,1.4989303350448608,,,,
250,1753,,,1.6299302577972412,,1.5848137140274048,1.5848137140274048,,,,
250,1754,,,1.7037936449050903,,1.6586675643920898,1.6586675643920898,,,,
250,1755,,,1.554689645767212,,1.5095553398132324,1.5095553398132324,,,,
250,1756,,,2.5406014919281006,,2.4954586029052734,2.4954586029052734,,,,
,250,,,,,,,,,3.199345827102661,3.199345827102661
250,1756,,,,,,,3.199345827102661,3.199345827102661,,
250,1756,1.6414190530776978,1.6865350008010864,,1.6414190530776978,,,,,,
251,1757,,,1.8661384582519531,,1.820984125137329,1.820984125137329,,,,
251,1758,,,1.7201952934265137,,1.6750330924987793,1.6750330924987793,,,,
251,1759,,,1.2986027002334595,,1.2534312009811401,1.2534312009811401,,,,
251,1760,,,1.3666447401046753,,1.3214664459228516,1.3214664459228516,,,,
251,1761,,,1.527369499206543,,1.482182502746582,1.482182502746582,,,,
251,1762,,,2.067323684692383,,2.022130250930786,2.022130250930786,,,,
251,1763,,,2.2015626430511475,,2.156360387802124,2.156360387802124,,,,
,251,,,,,,,,,3.139955520629883,3.139955520629883
251,1763,,,,,,,3.139955520629883,3.139955520629883,,
251,1763,1.6288411617279053,1.674017310142517,,1.6288411617279053,,,,,,
252,1764,,,1.307830572128296,,1.2626153230667114,1.2626153230667114,,,,
252,1765,,,1.558346152305603,,1.5131210088729858,1.5131210088729858,,,,
252,1766,,,1.4937818050384521,,1.4485496282577515,1.4485496282577515,,,,
252,1767,,,2.1709933280944824,,2.12575364112854,2.12575364112854,,,,
252,1768,,,1.5291814804077148,,1.4839320182800293,1.4839320182800293,,,,
252,1769,,,2.247683048248291,,2.2024245262145996,2.2024245262145996,,,,
252,1770,,,0.768673837184906,,0.7234068512916565,0.7234068512916565,,,,
,252,,,,,,,,,3.0937867164611816,3.0937867164611816
252,1770,,,,,,,3.0937867164611816,3.0937867164611816,,
252,1770,1.6168899536132812,1.6621283292770386,,1.6168899536132812,,,,,,
253,1771,,,1.8019742965698242,,1.7567005157470703,1.7567005157470703,,,,
253,1772,,,1.5810742378234863,,1.5357928276062012,1.5357928276062012,,,,
253,1773,,,1.3015276193618774,,1.2562353610992432,1.2562353610992432,,,,
253,1774,,,1.799564242362976,,1.7542634010314941,1.7542634010314941,,,,
253,1775,,,1.7645410299301147,,1.7192312479019165,1.7192312479019165,,,,
253,1776,,,1.4853060245513916,,1.4399882555007935,1.4399882555007935,,,,
253,1777,,,2.133902072906494,,2.088578462600708,2.088578462600708,,,,
,253,,,,,,,,,3.0328855514526367,3.0328855514526367
253,1777,,,,,,,3.0328853130340576,3.0328853130340576,,
253,1777,1.607125997543335,1.6524235010147095,,1.607125997543335,,,,,,
254,1778,,,1.4362781047821045,,1.390946865081787,1.390946865081787,,,,
254,1779,,,2.3631229400634766,,2.3177850246429443,2.3177850246429443,,,,
254,1780,,,1.6068426370620728,,1.5614982843399048,1.5614982843399048,,,,
254,1781,,,1.809756875038147,,1.7644027471542358,1.7644027471542358,,,,
254,1782,,,1.034932255744934,,0.9895697236061096,0.9895697236061096,,,,
254,1783,,,1.4943969249725342,,1.4490272998809814,1.4490272998809814,,,,
254,1784,,,1.908442735671997,,1.8630657196044922,1.8630657196044922,,,,
,254,,,,,,,,,2.9607462882995605,2.9607462882995605
254,1784,,,,,,,2.9607462882995605,2.9607462882995605,,
254,1784,1.5955890417099,1.640940546989441,,1.5955890417099,,,,,,
255,1785,,,1.4606519937515259,,1.4152625799179077,1.4152625799179077,,,,
255,1786,,,1.8310449123382568,,1.7856463193893433,1.7856463193893433,,,,
255,1787,,,1.2660472393035889,,1.2206411361694336,1.2206411361694336,,,,
255,1788,,,2.251908302307129,,2.206493616104126,2.206493616104126,,,,
255,1789,,,1.5787642002105713,,1.5333441495895386,1.5333441495895386,,,,
255,1790,,,1.3540304899215698,,1.3086012601852417,1.3086012601852417,,,,
255,1791,,,1.7399345636367798,,1.6944971084594727,1.6944971084594727,,,,
,255,,,,,,,,,2.894273042678833,2.894273042678833
255,1791,,,,,,,2.894273042678833,2.894273042678833,,
255,1791,1.5851646661758423,1.6305760145187378,,1.5851646661758423,,,,,,
256,1792,,,1.5194041728973389,,1.4739569425582886,1.4739569425582886,,,,
256,1793,,,1.1464897394180298,,1.1010322570800781,1.1010322570800781,,,,
256,1794,,,1.5139713287353516,,1.4685091972351074,1.4685091972351074,,,,
256,1795,,,1.6390669345855713,,1.593597650527954,1.593597650527954,,,,
256,1796,,,2.470942974090576,,2.4254629611968994,2.4254629611968994,,,,
256,1797,,,1.6444615125656128,,1.5989736318588257,1.5989736318588257,,,,
256,1798,,,1.012416124343872,,0.966920793056488,0.966920793056488,,,,
,256,,,,,,,,,2.8654606342315674,2.8654606342315674
256,1798,,,,,,,2.8654606342315674,2.8654606342315674,,
256,1798,1.5724122524261475,1.617881178855896,,1.5724122524261475,,,,,,
257,1799,,,1.7369263172149658,,1.6914232969284058,1.6914232969284058,,,,
257,1800,,,1.2888407707214355,,1.2433303594589233,1.2433303594589233,,,,
257,1801,,,1.0601555109024048,,1.0146366357803345,1.0146366357803345,,,,
257,1802,,,1.7459825277328491,,1.7004557847976685,1.7004557847976685,,,,
257,1803,,,2.047370195388794,,2.001835346221924,2.001835346221924,,,,
257,1804,,,1.779480218887329,,1.7339365482330322,1.7339365482330322,,,,
257,1805,,,1.4924904108047485,,1.4469399452209473,1.4469399452209473,,,,
,257,,,,,,,,,2.852928400039673,2.852928400039673
257,1805,,,,,,,2.852928400039673,2.852928400039673,,
257,1805,1.5573679208755493,1.6028923988342285,,1.5573679208755493,,,,,,
258,1806,,,1.158751130104065,,1.1131926774978638,1.1131926774978638,,,,
258,1807,,,1.5069504976272583,,1.4613850116729736,1.4613850116729736,,,,
258,1808,,,1.7659882307052612,,1.7204134464263916,1.7204134464263916,,,,
258,1809,,,1.6803745031356812,,1.6347934007644653,1.6347934007644653,,,,
258,1810,,,2.0409951210021973,,1.9954084157943726,1.9954084157943726,,,,
258,1811,,,1.500260829925537,,1.4546641111373901,1.4546641111373901,,,,
258,1812,,,1.2571967840194702,,1.2115925550460815,1.2115925550460815,,,,
,258,,,,,,,,,2.8167386054992676,2.8167386054992676
258,1812,,,,,,,2.8167386054992676,2.8167386054992676,,
258,1812,1.542620301246643,1.5881991386413574,,1.542620301246643,,,,,,
259,1813,,,0.9958957433700562,,0.9502794742584229,0.9502794742584229,,,,
259,1814,,,1.0165728330612183,,0.9709495306015015,0.9709495306015015,,,,
259,1815,,,1.695485234260559,,1.6498541831970215,1.6498541831970215,,,,
259,1816,,,2.3068623542785645,,2.2612223625183105,2.2612223625183105,,,,
259,1817,,,1.6836090087890625,,1.6379586458206177,1.6379586458206177,,,,
259,1818,,,1.6182669401168823,,1.5726088285446167,1.5726088285446167,,,,
259,1819,,,1.888748049736023,,1.8430817127227783,1.8430817127227783,,,,
,259,,,,,,,,,2.830193281173706,2.830193281173706
259,1819,,,,,,,2.830193281173706,2.830193281173706,,
259,1819,1.5269063711166382,1.572544813156128,,1.5269063711166382,,,,,,
260,1820,,,1.2440030574798584,,1.1983306407928467,1.1983306407928467,,,,
260,1821,,,1.4151004552841187,,1.3694210052490234,1.3694210052490234,,,,
260,1822,,,1.6131081581115723,,1.5674211978912354,1.5674211978912354,,,,
260,1823,,,1.3110498189926147,,1.2653567790985107,1.2653567790985107,,,,
260,1824,,,1.850378155708313,,1.8046759366989136,1.8046759366989136,,,,
260,1825,,,1.619217872619629,,1.5735063552856445,1.5735063552856445,,,,
260,1826,,,2.3824045658111572,,2.336684465408325,2.336684465408325,,,,
,260,,,,,,,,,2.8877758979797363,2.8877758979797363
260,1826,,,,,,,2.8877758979797363,2.8877758979797363,,
260,1826,1.5145050287246704,1.5601975917816162,,1.5145050287246704,,,,,,
261,1827,,,2.2472546100616455,,2.201526641845703,2.201526641845703,,,,
261,1828,,,1.377997636795044,,1.3322618007659912,1.3322618007659912,,,,
261,1829,,,1.1734895706176758,,1.1277450323104858,1.1277450323104858,,,,
261,1830,,,1.392561435699463,,1.3468104600906372,1.3468104600906372,,,,
261,1831,,,1.4846464395523071,,1.4388853311538696,1.4388853311538696,,,,
261,1832,,,1.5988000631332397,,1.5530301332473755,1.5530301332473755,,,,
261,1833,,,1.5778357982635498,,1.5320582389831543,1.5320582389831543,,,,
,261,,,,,,,,,2.9355311393737793,2.9355311393737793
261,1833,,,,,,,2.9355311393737793,2.9355311393737793,,
261,1833,1.5019265413284302,1.5476765632629395,,1.5019265413284302,,,,,,
262,1834,,,2.142714023590088,,2.096930980682373,2.096930980682373,,,,
262,1835,,,1.3161717653274536,,1.2703781127929688,1.2703781127929688,,,,
262,1836,,,1.4907299280166626,,1.4449293613433838,1.4449293613433838,,,,
262,1837,,,1.4387688636779785,,1.3929603099822998,1.3929603099822998,,,,
262,1838,,,1.7271246910095215,,1.6813093423843384,1.6813093423843384,,,,
262,1839,,,1.4600131511688232,,1.4141881465911865,1.4141881465911865,,,,
262,1840,,,0.5853510499000549,,0.5395192503929138,0.5395192503929138,,,,
,262,,,,,,,,,2.917510986328125,2.917510986328125
262,1840,,,,,,,2.917510986328125,2.917510986328125,,
262,1840,1.4906692504882812,1.5364750623703003,,1.4906692504882812,,,,,,
263,1841,,,1.7196886539459229,,1.6738507747650146,1.6738507747650146,,,,
263,1842,,,1.7159491777420044,,1.670105218887329,1.670105218887329,,,,
263,1843,,,2.0811707973480225,,2.035315990447998,2.035315990447998,,,,
263,1844,,,1.5073370933532715,,1.4614739418029785,1.4614739418029785,,,,
263,1845,,,1.0258963108062744,,0.980024516582489,0.980024516582489,,,,
263,1846,,,1.052248477935791,,1.006369948387146,1.006369948387146,,,,
263,1847,,,1.6822412014007568,,1.6363551616668701,1.6363551616668701,,,,
,263,,,,,,,,,2.9453463554382324,2.9453463554382324
263,1847,,,,,,,2.9453463554382324,2.9453463554382324,,
263,1847,1.480905532836914,1.5267657041549683,,1.480905532836914,,,,,,
264,1848,,,2.2664685249328613,,2.220576763153076,2.220576763153076,,,,
264,1849,,,1.3358345031738281,,1.2899351119995117,1.2899351119995117,,,,
264,1850,,,1.409040927886963,,1.363134741783142,1.363134741783142,,,,
264,1851,,,1.5401822328567505,,1.494266390800476,1.494266390800476,,,,
264,1852,,,1.5301647186279297,,1.4842413663864136,1.4842413663864136,,,,
264,1853,,,1.3253982067108154,,1.279465913772583,1.279465913772583,,,,
264,1854,,,0.7140868306159973,,0.6681469678878784,0.6681469678878784,,,,
,264,,,,,,,,,2.9609341621398926,2.9609341621398926
264,1854,,,,,,,2.9609341621398926,2.9609341621398926,,
264,1854,1.4717137813568115,1.5176268815994263,,1.4717137813568115,,,,,,
265,1855,,,1.2304770946502686,,1.1845331192016602,1.1845331192016602,,,,
265,1856,,,1.2986407279968262,,1.2526893615722656,1.2526893615722656,,,,
265,1857,,,1.3758134841918945,,1.3298544883728027,1.3298544883728027,,,,
265,1858,,,1.5531717538833618,,1.5072038173675537,1.5072038173675537,,,,
265,1859,,,1.650998830795288,,1.6050230264663696,1.6050230264663696,,,,
265,1860,,,2.074894905090332,,2.0289101600646973,2.0289101600646973,,,,
265,1861,,,1.1281259059906006,,1.0821343660354614,1.0821343660354614,,,,
,265,,,,,,,,,2.9467825889587402,2.9467825889587402
265,1861,,,,,,,2.9467825889587402,2.9467825889587402,,
265,1861,1.461021900177002,1.5069873332977295,,1.461021900177002,,,,,,
266,1862,,,1.398566484451294,,1.3525713682174683,1.3525713682174683,,,,
266,1863,,,1.4742982387542725,,1.4282957315444946,1.4282957315444946,,,,
266,1864,,,2.3051552772521973,,2.2591445446014404,2.2591445446014404,,,,
266,1865,,,1.6736161708831787,,1.6275975704193115,1.6275975704193115,,,,
266,1866,,,1.1632864475250244,,1.117261528968811,1.117261528968811,,,,
266,1867,,,1.3102424144744873,,1.2642103433609009,1.2642103433609009,,,,
266,1868,,,0.6024144887924194,,0.5563745498657227,0.5563745498657227,,,,
,266,,,,,,,,,2.9005799293518066,2.9005799293518066
266,1868,,,,,,,2.9005799293518066,2.9005799293518066,,
266,1868,1.4521914720535278,1.4982070922851562,,1.4521914720535278,,,,,,
267,1869,,,1.1334547996520996,,1.0874069929122925,1.0874069929122925,,,,
267,1870,,,1.1499463319778442,,1.103892207145691,1.103892207145691,,,,
267,1871,,,1.0657994747161865,,1.0197399854660034,1.0197399854660034,,,,
267,1872,,,1.5437977313995361,,1.4977316856384277,1.4977316856384277,,,,
267,1873,,,1.5270334482192993,,1.4809588193893433,1.4809588193893433,,,,
267,1874,,,2.3205738067626953,,2.2744901180267334,2.2744901180267334,,,,
267,1875,,,1.983096957206726,,1.9370057582855225,1.9370057582855225,,,,
,267,,,,,,,,,2.814873695373535,2.814873695373535
267,1875,,,,,,,2.8148739337921143,2.8148739337921143,,
267,1875,1.441662311553955,1.4877279996871948,,1.441662311553955,,,,,,
268,1876,,,1.5598639249801636,,1.5137616395950317,1.5137616395950317,,,,
268,1877,,,1.2796368598937988,,1.233526349067688,1.233526349067688,,,,
268,1878,,,1.3926953077316284,,1.3465769290924072,1.3465769290924072,,,,
268,1879,,,1.4977487325668335,,1.4516246318817139,1.4516246318817139,,,,
268,1880,,,2.208545446395874,,2.1624131202697754,2.1624131202697754,,,,
268,1881,,,1.06843900680542,,1.0222985744476318,1.0222985744476318,,,,
268,1882,,,1.1069507598876953,,1.0608019828796387,1.0608019828796387,,,,
,268,,,,,,,,,2.738751173019409,2.738751173019409
268,1882,,,,,,,2.738751173019409,2.738751173019409,,
268,1882,1.4318432807922363,1.4779664278030396,,1.4318432807922363,,,,,,
269,1883,,,1.4269530773162842,,1.3807950019836426,1.3807950019836426,,,,
269,1884,,,1.6321940422058105,,1.5860284566879272,1.5860284566879272,,,,
269,1885,,,1.592664361000061,,1.5464903116226196,1.5464903116226196,,,,
269,1886,,,1.3232957124710083,,1.2771127223968506,1.2771127223968506,,,,
269,1887,,,1.472203254699707,,1.426012635231018,1.426012635231018,,,,
269,1888,,,1.3274188041687012,,1.2812193632125854,1.2812193632125854,,,,
269,1889,,,1.5842804908752441,,1.538074254989624,1.538074254989624,,,,
,269,,,,,,,,,2.7197747230529785,2.7197747230529785
269,1889,,,,,,,2.7197747230529785,2.7197747230529785,,
269,1889,1.4234408140182495,1.469620943069458,,1.4234408140182495,,,,,,
270,1890,,,1.357421636581421,,1.311209797859192,1.311209797859192,,,,
270,1891,,,1.427826166152954,,1.3816065788269043,1.3816065788269043,,,,
270,1892,,,1.386338710784912,,1.3401118516921997,1.3401118516921997,,,,
270,1893,,,1.5023224353790283,,1.4560860395431519,1.4560860395431519,,,,
270,1894,,,1.121515154838562,,1.0752712488174438,1.0752712488174438,,,,
270,1895,,,1.2847394943237305,,1.2384889125823975,1.2384889125823975,,,,
270,1896,,,3.2277865409851074,,3.181528329849243,3.181528329849243,,,,
,270,,,,,,,,,2.7161736488342285,2.7161736488342285
270,1896,,,,,,,2.7161736488342285,2.7161736488342285,,
270,1896,1.4111133813858032,1.4573464393615723,,1.4111133813858032,,,,,,
271,1897,,,1.3809736967086792,,1.3347094058990479,1.3347094058990479,,,,
271,1898,,,1.0788575410842896,,1.032588005065918,1.032588005065918,,,,
271,1899,,,1.6689167022705078,,1.6226413249969482,1.6226413249969482,,,,
271,1900,,,1.5464365482330322,,1.500156044960022,1.500156044960022,,,,
271,1901,,,1.4026126861572266,,1.3563231229782104,1.3563231229782104,,,,
271,1902,,,1.7265480756759644,,1.6802482604980469,1.6802482604980469,,,,
271,1903,,,1.1328877210617065,,1.0865789651870728,1.0865789651870728,,,,
,271,,,,,,,,,2.7048778533935547,2.7048778533935547
271,1903,,,,,,,2.7048778533935547,2.7048778533935547,,
271,1903,1.401432752609253,1.4477142095565796,,1.401432752609253,,,,,,
272,1904,,,1.325621485710144,,1.2793060541152954,1.2793060541152954,,,,
272,1905,,,1.4247009754180908,,1.378376841545105,1.378376841545105,,,,
272,1906,,,1.6805914640426636,,1.6342597007751465,1.6342597007751465,,,,
272,1907,,,1.1035394668579102,,1.0572000741958618,1.0572000741958618,,,,
272,1908,,,1.2540079355239868,,1.207661509513855,1.207661509513855,,,,
272,1909,,,1.690277099609375,,1.6439239978790283,1.6439239978790283,,,,
272,1910,,,1.762731909751892,,1.7163722515106201,1.7163722515106201,,,,
,272,,,,,,,,,2.611161470413208,2.611161470413208
272,1910,,,,,,,2.611161470413208,2.611161470413208,,
272,1910,1.3873518705368042,1.4336882829666138,,1.3873518705368042,,,,,,
273,1911,,,2.037672281265259,,1.9912999868392944,1.9912999868392944,,,,
273,1912,,,1.4309197664260864,,1.3845388889312744,1.3845388889312744,,,,
273,1913,,,1.2860679626464844,,1.2396798133850098,1.2396798133850098,,,,
273,1914,,,1.0467513799667358,,1.0003539323806763,1.0003539323806763,,,,
273,1915,,,1.6249451637268066,,1.5785398483276367,1.5785398483276367,,,,
273,1916,,,0.8961222171783447,,0.8497098088264465,0.8497098088264465,,,,
273,1917,,,1.9938066005706787,,1.947387933731079,1.947387933731079,,,,
,273,,,,,,,,,2.543818950653076,2.543818950653076
273,1917,,,,,,,2.543818950653076,2.543818950653076,,
273,1917,1.3763751983642578,1.4227697849273682,,1.3763751983642578,,,,,,
274,1918,,,1.7160450220108032,,1.6696152687072754,1.6696152687072754,,,,
274,1919,,,1.561340093612671,,1.5149024724960327,1.5149024724960327,,,,
274,1920,,,2.0900583267211914,,2.0436151027679443,2.0436151027679443,,,,
274,1921,,,1.056795597076416,,1.0103436708450317,1.0103436708450317,,,,
274,1922,,,1.0689057111740112,,1.022445559501648,1.022445559501648,,,,
274,1923,,,1.2898672819137573,,1.243397831916809,1.243397831916809,,,,
274,1924,,,0.5782040357589722,,0.5317255258560181,0.5317255258560181,,,,
,274,,,,,,,,,2.5332655906677246,2.5332655906677246
274,1924,,,,,,,2.5332655906677246,2.5332655906677246,,
274,1924,1.3652889728546143,1.411739468574524,,1.3652889728546143,,,,,,
275,1925,,,0.9931768774986267,,0.9466942548751831,0.9466942548751831,,,,
275,1926,,,1.4920669794082642,,1.4455782175064087,1.4455782175064087,,,,
275,1927,,,1.385904312133789,,1.3394086360931396,1.3394086360931396,,,,
275,1928,,,1.5506949424743652,,1.5041900873184204,1.5041900873184204,,,,
275,1929,,,1.1745434999465942,,1.1280308961868286,1.1280308961868286,,,,
275,1930,,,1.4872334003448486,,1.4407134056091309,1.4407134056091309,,,,
275,1931,,,2.2242047786712646,,2.1776764392852783,2.1776764392852783,,,,
,275,,,,,,,,,2.499603033065796,2.499603033065796
275,1931,,,,,,,2.499603033065796,2.499603033065796,,
275,1931,1.3523520231246948,1.398854374885559,,1.3523520231246948,,,,,,
276,1932,,,1.32490873336792,,1.2783740758895874,1.2783740758895874,,,,
276,1933,,,0.9903143048286438,,0.9437733888626099,0.9437733888626099,,,,
276,1934,,,1.7846698760986328,,1.7381223440170288,1.7381223440170288,,,,
276,1935,,,1.0764760971069336,,1.0299185514450073,1.0299185514450073,,,,
276,1936,,,1.5359212160110474,,1.4893568754196167,1.4893568754196167,,,,
276,1937,,,1.7545942068099976,,1.708023190498352,1.708023190498352,,,,
276,1938,,,1.0552263259887695,,1.0086480379104614,1.0086480379104614,,,,
,276,,,,,,,,,2.432983160018921,2.432983160018921
276,1938,,,,,,,2.432983160018921,2.432983160018921,,
276,1938,1.3436567783355713,1.390210747718811,,1.3436567783355713,,,,,,
277,1939,,,1.6632360219955444,,1.6166467666625977,1.6166467666625977,,,,
277,1940,,,0.8023926615715027,,0.7557961940765381,0.7557961940765381,,,,
277,1941,,,1.4011224508285522,,1.3545182943344116,1.3545182943344116,,,,
277,1942,,,1.23226797580719,,1.185655951499939,1.185655951499939,,,,
277,1943,,,1.7818166017532349,,1.735197901725769,1.735197901725769,,,,
277,1944,,,1.5233314037322998,,1.4767042398452759,1.4767042398452759,,,,
277,1945,,,1.0606958866119385,,1.0140608549118042,1.0140608549118042,,,,
,277,,,,,,,,,2.3790364265441895,2.3790364265441895
277,1945,,,,,,,2.3790364265441895,2.3790364265441895,,
277,1945,1.3340851068496704,1.3806946277618408,,1.3340851068496704,,,,,,
278,1946,,,1.8418296575546265,,1.795185923576355,1.795185923576355,,,,
278,1947,,,1.2847905158996582,,1.238136887550354,1.238136887550354,,,,
278,1948,,,0.9681553840637207,,0.9214946627616882,0.9214946627616882,,,,
278,1949,,,1.8331340551376343,,1.7864667177200317,1.7864667177200317,,,,
278,1950,,,1.291009783744812,,1.2443333864212036,1.2443333864212036,,,,
278,1951,,,0.9852851033210754,,0.9386016130447388,0.9386016130447388,,,,
278,1952,,,1.4367228746414185,,1.3900327682495117,1.3900327682495117,,,,
,278,,,,,,,,,2.3578882217407227,2.3578882217407227
278,1952,,,,,,,2.3578884601593018,2.3578884601593018,,
278,1952,1.3247814178466797,1.3714470863342285,,1.3247814178466797,,,,,,
279,1953,,,1.155664086341858,,1.108965516090393,1.108965516090393,,,,
279,1954,,,1.1112802028656006,,1.0645731687545776,1.0645731687545776,,,,
279,1955,,,1.9267382621765137,,1.8800241947174072,1.8800241947174072,,,,
279,1956,,,1.076214075088501,,1.0294922590255737,1.0294922590255737,,,,
279,1957,,,1.9961621761322021,,1.949432373046875,1.949432373046875,,,,
279,1958,,,1.0913622379302979,,1.0446256399154663,1.0446256399154663,,,,
279,1959,,,0.860787034034729,,0.8140432834625244,0.8140432834625244,,,,
,279,,,,,,,,,2.3211660385131836,2.3211660385131836
279,1959,,,,,,,2.3211658000946045,2.3211658000946045,,
279,1959,1.3148831129074097,1.3616024255752563,,1.3148831129074097,,,,,,
280,1960,,,2.0190696716308594,,1.972316861152649,1.972316861152649,,,,
280,1961,,,1.5773496627807617,,1.5305882692337036,1.5305882692337036,,,,
280,1962,,,1.2855550050735474,,1.2387839555740356,1.2387839555740356,,,,
280,1963,,,0.5482349991798401,,0.5014557242393494,0.5014557242393494,,,,
280,1964,,,1.3850417137145996,,1.3382575511932373,1.3382575511932373,,,,
280,1965,,,1.4101420640945435,,1.3633509874343872,1.3633509874343872,,,,
280,1966,,,1.066136121749878,,1.0193368196487427,1.0193368196487427,,,,
,280,,,,,,,,,2.3104445934295654,2.3104445934295654
280,1966,,,,,,,2.3104445934295654,2.3104445934295654,,
280,1966,1.306196928024292,1.3529716730117798,,1.306196928024292,,,,,,
281,1967,,,1.3089522123336792,,1.2621464729309082,1.2621464729309082,,,,
281,1968,,,1.677905797958374,,1.6310923099517822,1.6310923099517822,,,,
281,1969,,,1.2551058530807495,,1.2082855701446533,1.2082855701446533,,,,
281,1970,,,1.2546558380126953,,1.207826018333435,1.207826018333435,,,,
281,1971,,,1.4850343465805054,,1.438197374343872,1.438197374343872,,,,
281,1972,,,1.2944360971450806,,1.2475920915603638,1.2475920915603638,,,,
281,1973,,,0.7865031957626343,,0.7396524548530579,0.7396524548530579,,,,
,281,,,,,,,,,2.2949111461639404,2.2949111461639404
281,1973,,,,,,,2.2949111461639404,2.2949111461639404,,
281,1973,1.297648549079895,1.344475269317627,,1.297648549079895,,,,,,
282,1974,,,1.4475919008255005,,1.400734782218933,1.400734782218933,,,,
282,1975,,,0.9895225763320923,,0.9426586031913757,0.9426586031913757,,,,
282,1976,,,0.9896742105484009,,0.9428029656410217,0.9428029656410217,,,,
282,1977,,,1.4222303628921509,,1.3753522634506226,1.3753522634506226,,,,
282,1978,,,1.573611855506897,,1.5267243385314941,1.5267243385314941,,,,
282,1979,,,1.378777027130127,,1.331883192062378,1.331883192062378,,,,
282,1980,,,1.9478460550308228,,1.9009459018707275,1.9009459018707275,,,,
,282,,,,,,,,,2.2848401069641113,2.2848401069641113
282,1980,,,,,,,2.2848401069641113,2.2848401069641113,,
282,1980,1.2914526462554932,1.3383294343948364,,1.2914526462554932,,,,,,
283,1981,,,1.0107369422912598,,0.9638280272483826,0.9638280272483826,,,,
283,1982,,,1.4676004648208618,,1.4206862449645996,1.4206862449645996,,,,
283,1983,,,1.8719024658203125,,1.824981927871704,1.824981927871704,,,,
283,1984,,,1.4495537281036377,,1.4026254415512085,1.4026254415512085,,,,
283,1985,,,1.3829567432403564,,1.336020827293396,1.336020827293396,,,,
283,1986,,,0.9852661490440369,,0.9383231401443481,0.9383231401443481,,,,
283,1987,,,0.8290730118751526,,0.7821210622787476,0.7821210622787476,,,,
,283,,,,,,,,,2.282376766204834,2.282376766204834
283,1987,,,,,,,2.282376766204834,2.282376766204834,,
283,1987,1.283099889755249,1.330026388168335,,1.283099889755249,,,,,,
284,1988,,,1.9449522495269775,,1.8979922533035278,1.8979922533035278,,,,
284,1989,,,1.0912946462631226,,1.0443264245986938,1.0443264245986938,,,,
284,1990,,,0.9757964611053467,,0.9288201332092285,0.9288201332092285,,,,
284,1991,,,1.6091364622116089,,1.5621525049209595,1.5621525049209595,,,,
284,1992,,,0.9174356460571289,,0.8704456090927124,0.8704456090927124,,,,
284,1993,,,1.3369898796081543,,1.2899928092956543,1.2899928092956543,,,,
284,1994,,,1.440380334854126,,1.3933753967285156,1.3933753967285156,,,,
,284,,,,,,,,,2.2736289501190186,2.2736289501190186
284,1994,,,,,,,2.2736289501190186,2.2736289501190186,,
284,1994,1.2731364965438843,1.3201172351837158,,1.2731364965438843,,,,,,
285,1995,,,1.8518112897872925,,1.8047995567321777,1.8047995567321777,,,,
285,1996,,,0.8070039749145508,,0.7599852681159973,0.7599852681159973,,,,
285,1997,,,1.754988670349121,,1.707964539527893,1.707964539527893,,,,
285,1998,,,1.1206104755401611,,1.0735785961151123,1.0735785961151123,,,,
285,1999,,,1.0908459424972534,,1.0438064336776733,1.0438064336776733,,,,
285,2000,,,1.280041217803955,,1.2329927682876587,1.2329927682876587,,,,
285,2001,,,1.2126187086105347,,1.1655640602111816,1.1655640602111816,,,,
,285,,,,,,,,,2.271749258041382,2.271749258041382
285,2001,,,,,,,2.271749258041382,2.271749258041382,,
285,2001,1.2643471956253052,1.3113778829574585,,1.2643471956253052,,,,,,
286,2002,,,1.2818059921264648,,1.234742522239685,1.234742522239685,,,,
286,2003,,,1.397324800491333,,1.3502548933029175,1.3502548933029175,,,,
286,2004,,,1.1202231645584106,,1.073147177696228,1.073147177696228,,,,
286,2005,,,1.3185452222824097,,1.2714602947235107,1.2714602947235107,,,,
286,2006,,,1.0392420291900635,,0.9921505451202393,0.9921505451202393,,,,
286,2007,,,1.7347561120986938,,1.6876556873321533,1.6876556873321533,,,,
286,2008,,,1.0782455205917358,,1.031138300895691,1.031138300895691,,,,
,286,,,,,,,,,2.264857292175293,2.264857292175293
286,2008,,,,,,,2.264857292175293,2.264857292175293,,
286,2008,1.2542881965637207,1.3013709783554077,,1.2542881965637207,,,,,,
287,2009,,,1.5470662117004395,,1.4999501705169678,1.4999501705169678,,,,
287,2010,,,0.8111575841903687,,0.7640345096588135,0.7640345096588135,,,,
287,2011,,,1.4536964893341064,,1.40656578540802,1.40656578540802,,,,
287,2012,,,1.9259977340698242,,1.8788578510284424,1.8788578510284424,,,,
287,2013,,,0.9577389359474182,,0.9105908870697021,0.9105908870697021,,,,
287,2014,,,1.2822178602218628,,1.2350622415542603,1.2350622415542603,,,,
287,2015,,,0.6779560446739197,,0.6307936310768127,0.6307936310768127,,,,
,287,,,,,,,,,2.2514102458953857,2.2514102458953857
287,2015,,,,,,,2.2514102458953857,2.2514102458953857,,
287,2015,1.2441738843917847,1.2913110256195068,,1.2441738843917847,,,,,,
288,2016,,,0.9740065336227417,,0.9268388748168945,0.9268388748168945,,,,
288,2017,,,1.607426643371582,,1.5602519512176514,1.5602519512176514,,,,
288,2018,,,1.4202908277511597,,1.3731091022491455,1.3731091022491455,,,,
288,2019,,,1.0500118732452393,,1.0028241872787476,1.0028241872787476,,,,
288,2020,,,1.2048238515853882,,1.1576288938522339,1.1576288938522339,,,,
288,2021,,,1.365014672279358,,1.3178128004074097,1.3178128004074097,,,,
288,2022,,,1.4876285791397095,,1.4404186010360718,1.4404186010360718,,,,
,288,,,,,,,,,2.204475164413452,2.204475164413452
288,2022,,,,,,,2.204475164413452,2.204475164413452,,
288,2022,1.235862374305725,1.2830486297607422,,1.235862374305725,,,,,,
289,2023,,,1.3064746856689453,,1.2592554092407227,1.2592554092407227,,,,
289,2024,,,1.4045617580413818,,1.3573344945907593,1.3573344945907593,,,,
289,2025,,,1.450722098350525,,1.4034881591796875,1.4034881591796875,,,,
289,2026,,,1.7843366861343384,,1.7370946407318115,1.7370946407318115,,,,
289,2027,,,1.0692778825759888,,1.0220286846160889,1.0220286846160889,,,,
289,2028,,,0.7620857357978821,,0.7148292064666748,0.7148292064666748,,,,
289,2029,,,0.9342106580734253,,0.8869463801383972,0.8869463801383972,,,,
,289,,,,,,,,,2.1742477416992188,2.1742477416992188
289,2029,,,,,,,2.1742477416992188,2.1742477416992188,,
289,2029,1.2277076244354248,1.2749470472335815,,1.2277076244354248,,,,,,
290,2030,,,0.9516676664352417,,0.9043973088264465,0.9043973088264465,,,,
290,2031,,,0.9974584579467773,,0.9501804709434509,0.9501804709434509,,,,
290,2032,,,0.9838496446609497,,0.9365636110305786,0.9365636110305786,,,,
290,2033,,,1.6349658966064453,,1.587672472000122,1.587672472000122,,,,
290,2034,,,1.709593415260315,,1.662293553352356,1.662293553352356,,,,
290,2035,,,1.4703799486160278,,1.4230724573135376,1.4230724573135376,,,,
290,2036,,,0.8821790814399719,,0.8348639607429504,0.8348639607429504,,,,
,290,,,,,,,,,2.1655306816101074,2.1655306816101074
290,2036,,,,,,,2.1655306816101074,2.1655306816101074,,
290,2036,1.219961404800415,1.267251968383789,,1.219961404800415,,,,,,
291,2037,,,1.3343803882598877,,1.2870609760284424,1.2870609760284424,,,,
291,2038,,,1.0665236711502075,,1.0191985368728638,1.0191985368728638,,,,
291,2039,,,0.9979051351547241,,0.9505743384361267,0.9505743384361267,,,,
291,2040,,,1.5370811223983765,,1.4897445440292358,1.4897445440292358,,,,
291,2041,,,1.5959352254867554,,1.5485906600952148,1.5485906600952148,,,,
291,2042,,,1.0514438152313232,,1.0040922164916992,1.0040922164916992,,,,
291,2043,,,1.2270208597183228,,1.1796611547470093,1.1796611547470093,,,,
,291,,,,,,,,,2.1715152263641357,2.1715152263641357
291,2043,,,,,,,2.1715152263641357,2.1715152263641357,,
291,2043,1.21437406539917,1.2617101669311523,,1.21437406539917,,,,,,
292,2044,,,0.8259983062744141,,0.7786287069320679,0.7786287069320679,,,,
292,2045,,,1.27750825881958,,1.2301316261291504,1.2301316261291504,,,,
292,2046,,,1.6075652837753296,,1.5601806640625,1.5601806640625,,,,
292,2047,,,1.131699800491333,,1.0843086242675781,1.0843086242675781,,,,
292,2048,,,1.746148943901062,,1.6987507343292236,1.6987507343292236,,,,
292,2049,,,0.9633171558380127,,0.9159119129180908,0.9159119129180908,,,,
292,2050,,,1.1405000686645508,,1.0930869579315186,1.0930869579315186,,,,
,292,,,,,,,,,2.1399600505828857,2.1399600505828857
292,2050,,,,,,,2.1399600505828857,2.1399600505828857,,
292,2050,1.2043638229370117,1.2517529726028442,,1.2043638229370117,,,,,,
293,2051,,,1.2221505641937256,,1.1747288703918457,1.1747288703918457,,,,
293,2052,,,1.235036015510559,,1.1876060962677002,1.1876060962677002,,,,
293,2053,,,0.6536421179771423,,0.606204092502594,0.606204092502594,,,,
293,2054,,,1.875214695930481,,1.8277708292007446,1.8277708292007446,,,,
293,2055,,,1.3418571949005127,,1.2944059371948242,1.2944059371948242,,,,
293,2056,,,1.0280805826187134,,0.9806223511695862,0.9806223511695862,,,,
293,2057,,,1.5261749029159546,,1.4787083864212036,1.4787083864212036,,,,
,293,,,,,,,,,2.136075735092163,2.136075735092163
293,2057,,,,,,,2.136075735092163,2.136075735092163,,
293,2057,1.1962124109268188,1.243654489517212,,1.1962124109268188,,,,,,
294,2058,,,1.753333568572998,,1.7058610916137695,1.7058610916137695,,,,
294,2059,,,1.0652495622634888,,1.017769694328308,1.017769694328308,,,,
294,2060,,,1.7231768369674683,,1.6756885051727295,1.6756885051727295,,,,
294,2061,,,0.8321687579154968,,0.7846723198890686,0.7846723198890686,,,,
294,2062,,,1.4015557765960693,,1.3540527820587158,1.3540527820587158,,,,
294,2063,,,0.7536860108375549,,0.7061770558357239,0.7061770558357239,,,,
294,2064,,,0.9489222168922424,,0.9014071226119995,0.9014071226119995,,,,
,294,,,,,,,,,2.111112117767334,2.111112117767334
294,2064,,,,,,,2.111112117767334,2.111112117767334,,
294,2064,1.1893725395202637,1.2368652820587158,,1.1893725395202637,,,,,,
295,2065,,,1.3999196290969849,,1.3523951768875122,1.3523951768875122,,,,
295,2066,,,1.0001380443572998,,0.9526045918464661,0.9526045918464661,,,,
295,2067,,,0.9446859359741211,,0.8971447944641113,0.8971447944641113,,,,
295,2068,,,0.9949297308921814,,0.9473820924758911,0.9473820924758911,,,,
295,2069,,,1.4529404640197754,,1.4053866863250732,1.4053866863250732,,,,
295,2070,,,1.3564611673355103,,1.3089001178741455,1.3089001178741455,,,,
295,2071,,,1.8263827562332153,,1.778815507888794,1.778815507888794,,,,
,295,,,,,,,,,2.078667640686035,2.078667640686035
295,2071,,,,,,,2.078667640686035,2.078667640686035,,
295,2071,1.181312918663025,1.2288578748703003,,1.181312918663025,,,,,,
296,2072,,,0.9017520546913147,,0.8541752696037292,0.8541752696037292,,,,
296,2073,,,1.4575012922286987,,1.4099174737930298,1.4099174737930298,,,,
296,2074,,,0.8109968900680542,,0.7634059190750122,0.7634059190750122,,,,
296,2075,,,1.1487069129943848,,1.1011096239089966,1.1011096239089966,,,,
296,2076,,,1.5326086282730103,,1.4850059747695923,1.4850059747695923,,,,
296,2077,,,1.5953147411346436,,1.5477006435394287,1.5477006435394287,,,,
296,2078,,,0.9447411298751831,,0.8971201181411743,0.8971201181411743,,,,
,296,,,,,,,,,2.0782899856567383,2.0782899856567383
296,2078,,,,,,,2.0782899856567383,2.0782899856567383,,
296,2078,1.1761152744293213,1.2237111330032349,,1.1761152744293213,,,,,,
297,2079,,,1.3600525856018066,,1.3124268054962158,1.3124268054962158,,,,
297,2080,,,1.8880354166030884,,1.840403437614441,1.840403437614441,,,,
297,2081,,,1.0959091186523438,,1.0482696294784546,1.0482696294784546,,,,
297,2082,,,0.8886606097221375,,0.8410139679908752,0.8410139679908752,,,,
297,2083,,,1.0874638557434082,,1.0398099422454834,1.0398099422454834,,,,
297,2084,,,1.1107230186462402,,1.0630617141723633,1.0630617141723633,,,,
297,2085,,,0.847675621509552,,0.800007164478302,0.800007164478302,,,,
,297,,,,,,,,,2.0714783668518066,2.0714783668518066
297,2085,,,,,,,2.0714783668518066,2.0714783668518066,,
297,2085,1.1678411960601807,1.21548593044281,,1.1678411960601807,,,,,,
298,2086,,,1.3763364553451538,,1.3286617994308472,1.3286617994308472,,,,
298,2087,,,1.254061222076416,,1.2063790559768677,1.2063790559768677,,,,
298,2088,,,1.4667882919311523,,1.4190973043441772,1.4190973043441772,,,,
298,2089,,,1.3991645574569702,,1.3514670133590698,1.3514670133590698,,,,
298,2090,,,0.8504089117050171,,0.802704930305481,0.802704930305481,,,,
298,2091,,,0.99591463804245,,0.9482039213180542,0.9482039213180542,,,,
298,2092,,,0.9693022966384888,,0.9215852618217468,0.9215852618217468,,,,
,298,,,,,,,,,2.039965867996216,2.039965867996216
298,2092,,,,,,,2.039965867996216,2.039965867996216,,
298,2092,1.161115050315857,1.2088098526000977,,1.161115050315857,,,,,,
299,2093,,,1.186431884765625,,1.1387075185775757,1.1387075185775757,,,,
299,2094,,,0.9810481071472168,,0.9333165287971497,0.9333165287971497,,,,
299,2095,,,1.1663202047348022,,1.1185822486877441,1.1185822486877441,,,,
299,2096,,,1.0520696640014648,,1.0043226480484009,1.0043226480484009,,,,
299,2097,,,1.4997739791870117,,1.4520204067230225,1.4520204067230225,,,,
299,2098,,,1.3915183544158936,,1.3437587022781372,1.3437587022781372,,,,
299,2099,,,1.0238850116729736,,0.9761183857917786,0.9761183857917786,,,,
,299,,,,,,,,,2.0066795349121094,2.0066795349121094
299,2099,,,,,,,2.0066795349121094,2.0066795349121094,,
299,2099,1.1540004014968872,1.2017441987991333,,1.1540004014968872,,,,,,
300,2100,,,1.0583440065383911,,1.0105706453323364,1.0105706453323364,,,,
300,2101,,,1.1018260717391968,,1.0540446043014526,1.0540446043014526,,,,
300,2102,,,0.9928669333457947,,0.9450786709785461,0.9450786709785461,,,,
300,2103,,,1.828721284866333,,1.7809251546859741,1.7809251546859741,,,,
300,2104,,,0.9582495093345642,,0.9104452729225159,0.9104452729225159,,,,
300,2105,,,0.9612413048744202,,0.913429319858551,0.913429319858551,,,,
300,2106,,,1.9170987606048584,,1.86928129196167,1.86928129196167,,,,
,300,,,,,,,,,1.979001522064209,1.979001522064209
300,2106,,,,,,,1.9790014028549194,1.9790014028549194,,
300,2106,1.1475253105163574,1.195319414138794,,1.1475253105163574,,,,,,
301,2107,,,1.1003156900405884,,1.0524953603744507,1.0524953603744507,,,,
301,2108,,,1.321363091468811,,1.2735365629196167,1.2735365629196167,,,,
301,2109,,,0.8131065368652344,,0.7652748823165894,0.7652748823165894,,,,
301,2110,,,1.0044559240341187,,0.9566186666488647,0.9566186666488647,,,,
301,2111,,,1.6815906763076782,,1.6337480545043945,1.6337480545043945,,,,
301,2112,,,1.161797046661377,,1.1139476299285889,1.1139476299285889,,,,
301,2113,,,1.323151707649231,,1.275294303894043,1.275294303894043,,,,
,301,,,,,,,,,1.9345017671585083,1.9345017671585083
301,2113,,,,,,,1.9345017671585083,1.9345017671585083,,
301,2113,1.140997052192688,1.1888329982757568,,1.140997052192688,,,,,,
302,2114,,,1.5548428297042847,,1.506974458694458,1.506974458694458,,,,
302,2115,,,1.0741281509399414,,1.0262527465820312,1.0262527465820312,,,,
302,2116,,,1.5624521970748901,,1.5145697593688965,1.5145697593688965,,,,
302,2117,,,0.6896260976791382,,0.6417354345321655,0.6417354345321655,,,,
302,2118,,,1.0473666191101074,,0.9994695782661438,0.9994695782661438,,,,
302,2119,,,1.5339536666870117,,1.4860496520996094,1.4860496520996094,,,,
302,2120,,,0.2089657038450241,,0.1610540747642517,0.1610540747642517,,,,
,302,,,,,,,,,1.8995014429092407,1.8995014429092407
302,2120,,,,,,,1.8995014429092407,1.8995014429092407,,
302,2120,1.134972095489502,1.1828598976135254,,1.134972095489502,,,,,,
303,2121,,,0.9848535656929016,,0.9369369149208069,0.9369369149208069,,,,
303,2122,,,1.1217174530029297,,1.0737926959991455,1.0737926959991455,,,,
303,2123,,,1.3831055164337158,,1.3351742029190063,1.3351742029190063,,,,
303,2124,,,1.2807127237319946,,1.2327735424041748,1.2327735424041748,,,,
303,2125,,,1.0641014575958252,,1.0161560773849487,1.0161560773849487,,,,
303,2126,,,1.0345544815063477,,0.9866024851799011,0.9866024851799011,,,,
303,2127,,,1.69672429561615,,1.6487653255462646,1.6487653255462646,,,,
,303,,,,,,,,,1.864201545715332,1.864201545715332
303,2127,,,,,,,1.864201545715332,1.864201545715332,,
303,2127,1.1293683052062988,1.1773046255111694,,1.1293683052062988,,,,,,
304,2128,,,1.119154930114746,,1.071191668510437,1.071191668510437,,,,
304,2129,,,1.2459664344787598,,1.197995662689209,1.197995662689209,,,,
304,2130,,,1.3921562433242798,,1.344179391860962,1.344179391860962,,,,
304,2131,,,1.08133065700531,,1.033347249031067,1.033347249031067,,,,
304,2132,,,1.0087579488754272,,0.9607684016227722,0.9607684016227722,,,,
304,2133,,,1.0779083967208862,,1.0299116373062134,1.0299116373062134,,,,
304,2134,,,1.4304407835006714,,1.3824377059936523,1.3824377059936523,,,,
,304,,,,,,,,,1.8466646671295166,1.8466646671295166
304,2134,,,,,,,1.8466646671295166,1.8466646671295166,,
304,2134,1.1224796772003174,1.1704611778259277,,1.1224796772003174,,,,,,
305,2135,,,1.1287806034088135,,1.0807709693908691,1.0807709693908691,,,,
305,2136,,,0.8122151494026184,,0.7641991376876831,0.7641991376876831,,,,
305,2137,,,0.7242059111595154,,0.6761845946311951,0.6761845946311951,,,,
305,2138,,,1.4094016551971436,,1.3613730669021606,1.3613730669021606,,,,
305,2139,,,1.2826560735702515,,1.234621286392212,1.234621286392212,,,,
305,2140,,,1.1930688619613647,,1.1450262069702148,1.1450262069702148,,,,
305,2141,,,2.330177068710327,,2.282127618789673,2.282127618789673,,,,
,305,,,,,,,,,1.8404066562652588,1.8404066562652588
305,2141,,,,,,,1.8404066562652588,1.8404066562652588,,
305,2141,1.1165448427200317,1.164571762084961,,1.1165448427200317,,,,,,
306,2142,,,0.8611214756965637,,0.8130659461021423,0.8130659461021423,,,,
306,2143,,,1.249374508857727,,1.2013123035430908,1.2013123035430908,,,,
306,2144,,,1.407111406326294,,1.359044075012207,1.359044075012207,,,,
306,2145,,,1.5164556503295898,,1.4683794975280762,1.4683794975280762,,,,
306,2146,,,0.5800744295120239,,0.5319929122924805,0.5319929122924805,,,,
306,2147,,,1.0664300918579102,,1.0183426141738892,1.0183426141738892,,,,
306,2148,,,1.8865132331848145,,1.8384190797805786,1.8384190797805786,,,,
,306,,,,,,,,,1.8287631273269653,1.8287631273269653
306,2148,,,,,,,1.8287631273269653,1.8287631273269653,,
306,2148,1.110830545425415,1.1589034795761108,,1.110830545425415,,,,,,
307,2149,,,1.2799466848373413,,1.2318425178527832,1.2318425178527832,,,,
307,2150,,,0.9648186564445496,,0.9167065024375916,0.9167065024375916,,,,
307,2151,,,1.1823701858520508,,1.134251594543457,1.134251594543457,,,,
307,2152,,,1.4133679866790771,,1.3652434349060059,1.3652434349060059,,,,
307,2153,,,1.2601404190063477,,1.2120084762573242,1.2120084762573242,,,,
307,2154,,,0.9135650396347046,,0.8654243350028992,0.8654243350028992,,,,
307,2155,,,0.8823609948158264,,0.8342146873474121,0.8342146873474121,,,,
,307,,,,,,,,,1.8095351457595825,1.8095351457595825
307,2155,,,,,,,1.8095351457595825,1.8095351457595825,,
307,2155,1.1040481328964233,1.1521717309951782,,1.1040481328964233,,,,,,
308,2156,,,0.9102346301078796,,0.8620824217796326,0.8620824217796326,,,,
308,2157,,,0.9148561358451843,,0.8666974902153015,0.8666974902153015,,,,
308,2158,,,1.1151952743530273,,1.067029595375061,1.067029595375061,,,,
308,2159,,,0.7553731203079224,,0.7071986198425293,0.7071986198425293,,,,
308,2160,,,1.9251258373260498,,1.876944899559021,1.876944899559021,,,,
308,2161,,,1.2444679737091064,,1.1962817907333374,1.1962817907333374,,,,
308,2162,,,1.2214889526367188,,1.1732962131500244,1.1732962131500244,,,,
,308,,,,,,,,,1.795103907585144,1.795103907585144
308,2162,,,,,,,1.795103907585144,1.795103907585144,,
308,2162,1.1005836725234985,1.148754596710205,,1.1005836725234985,,,,,,
309,2163,,,1.1701514720916748,,1.1219518184661865,1.1219518184661865,,,,
309,2164,,,1.0445352792739868,,0.9963280558586121,0.9963280558586121,,,,
309,2165,,,1.2879894971847534,,1.2397764921188354,1.2397764921188354,,,,
309,2166,,,1.0891785621643066,,1.0409586429595947,1.0409586429595947,,,,
309,2167,,,1.2688742876052856,,1.2206485271453857,1.2206485271453857,,,,
309,2168,,,1.0215591192245483,,0.9733271598815918,0.9733271598815918,,,,
309,2169,,,1.025911569595337,,0.9776722192764282,0.9776722192764282,,,,
,309,,,,,,,,,1.7978888750076294,1.7978888750076294
309,2169,,,,,,,1.7978888750076294,1.7978888750076294,,
309,2169,1.0917048454284668,1.1399223804473877,,1.0917048454284668,,,,,,
310,2170,,,2.372603178024292,,2.3243565559387207,2.3243565559387207,,,,
310,2171,,,0.8269308805465698,,0.7786756157875061,0.7786756157875061,,,,
310,2172,,,0.961345374584198,,0.9130828976631165,0.9130828976631165,,,,
310,2173,,,0.9474297165870667,,0.8991594910621643,0.8991594910621643,,,,
310,2174,,,1.0442439317703247,,0.9959668517112732,0.9959668517112732,,,,
310,2175,,,0.8219141364097595,,0.7736308574676514,0.7736308574676514,,,,
310,2176,,,0.6784778833389282,,0.6301896572113037,0.6301896572113037,,,,
,310,,,,,,,,,1.7855170965194702,1.7855170965194702
310,2176,,,,,,,1.7855170965194702,1.7855170965194702,,
310,2176,1.0856773853302002,1.1339445114135742,,1.0856773853302002,,,,,,
311,2177,,,1.452839732170105,,1.4045454263687134,1.4045454263687134,,,,
311,2178,,,1.1427969932556152,,1.0944966077804565,1.0944966077804565,,,,
311,2179,,,1.309080719947815,,1.2607738971710205,1.2607738971710205,,,,
311,2180,,,1.043404221534729,,0.9950884580612183,0.9950884580612183,,,,
311,2181,,,1.1690272092819214,,1.120705008506775,1.120705008506775,,,,
311,2182,,,0.5746808052062988,,0.5263519883155823,0.5263519883155823,,,,
311,2183,,,1.3363893032073975,,1.2880557775497437,1.2880557775497437,,,,
,311,,,,,,,,,1.7873941659927368,1.7873941659927368
311,2183,,,,,,,1.7873941659927368,1.7873941659927368,,
311,2183,1.079997181892395,1.1283098459243774,,1.079997181892395,,,,,,
312,2184,,,1.7367395162582397,,1.688398003578186,1.688398003578186,,,,
312,2185,,,1.1161283254623413,,1.067779541015625,1.067779541015625,,,,
312,2186,,,1.3366104364395142,,1.2882542610168457,1.2882542610168457,,,,
312,2187,,,1.1731274127960205,,1.124765396118164,1.124765396118164,,,,
312,2188,,,0.5905339121818542,,0.5421658754348755,0.5421658754348755,,,,
312,2189,,,0.8799472451210022,,0.8315737247467041,0.8315737247467041,,,,
312,2190,,,0.8629432320594788,,0.8145621418952942,0.8145621418952942,,,,
,312,,,,,,,,,1.7845954895019531,1.7845954895019531
312,2190,,,,,,,1.7845954895019531,1.7845954895019531,,
312,2190,1.0742584466934204,1.1226180791854858,,1.0742584466934204,,,,,,
313,2191,,,0.5823808312416077,,0.5339919924736023,0.5339919924736023,,,,
313,2192,,,0.6265922784805298,,0.5781970024108887,0.5781970024108887,,,,
313,2193,,,1.3048328161239624,,1.2564303874969482,1.2564303874969482,,,,
313,2194,,,1.7271080017089844,,1.6787000894546509,1.6787000894546509,,,,
313,2195,,,1.5639331340789795,,1.515519380569458,1.515519380569458,,,,
313,2196,,,1.0003466606140137,,0.9519246816635132,0.9519246816635132,,,,
313,2197,,,0.8400698304176331,,0.7916415333747864,0.7916415333747864,,,,
,313,,,,,,,,,1.765440583229065,1.765440583229065
313,2197,,,,,,,1.765440583229065,1.765440583229065,,
313,2197,1.068490743637085,1.1168972253799438,,1.068490743637085,,,,,,
314,2198,,,1.159018635749817,,1.1105825901031494,1.1105825901031494,,,,
314,2199,,,1.408901333808899,,1.360458254814148,1.360458254814148,,,,
314,2200,,,1.1789206266403198,,1.1304709911346436,1.1304709911346436,,,,
314,2201,,,0.9141852855682373,,0.8657298684120178,0.8657298684120178,,,,
314,2202,,,0.7731804847717285,,0.7247182726860046,0.7247182726860046,,,,
314,2203,,,0.933754563331604,,0.8852865099906921,0.8852865099906921,,,,
314,2204,,,1.8930518627166748,,1.8445771932601929,1.8445771932601929,,,,
,314,,,,,,,,,1.7433396577835083,1.7433396577835083
314,2204,,,,,,,1.7433396577835083,1.7433396577835083,,
314,2204,1.061798095703125,1.110251784324646,,1.061798095703125,,,,,,
315,2205,,,0.8470665216445923,,0.7985817790031433,0.7985817790031433,,,,
315,2206,,,0.9868665933609009,,0.9383719563484192,0.9383719563484192,,,,
315,2207,,,0.9834128022193909,,0.9349108338356018,0.9349108338356018,,,,
315,2208,,,0.7303641438484192,,0.6818562746047974,0.6818562746047974,,,,
315,2209,,,1.6515671014785767,,1.6030540466308594,1.6030540466308594,,,,
315,2210,,,1.546113133430481,,1.4975954294204712,1.4975954294204712,,,,
315,2211,,,0.8157094120979309,,0.7671836614608765,0.7671836614608765,,,,
,315,,,,,,,,,1.7096203565597534,1.7096203565597534
315,2211,,,,,,,1.7096203565597534,1.7096203565597534,,
315,2211,1.057578682899475,1.1060832738876343,,1.057578682899475,,,,,,
316,2212,,,1.0840373039245605,,1.0355039834976196,1.0355039834976196,,,,
316,2213,,,1.0881749391555786,,1.0396350622177124,1.0396350622177124,,,,
316,2214,,,0.7370702028274536,,0.6885235905647278,0.6885235905647278,,,,
316,2215,,,1.3154301643371582,,1.266877293586731,1.266877293586731,,,,
316,2216,,,1.2495296001434326,,1.2009694576263428,1.2009694576263428,,,,
316,2217,,,1.1703250408172607,,1.1217589378356934,1.1217589378356934,,,,
316,2218,,,0.955990195274353,,0.9074163436889648,0.9074163436889648,,,,
,316,,,,,,,,,1.7280492782592773,1.7280492782592773
316,2218,,,,,,,1.7280492782592773,1.7280492782592773,,
316,2218,1.0499684810638428,1.0985198020935059,,1.0499684810638428,,,,,,
317,2219,,,1.2853543758392334,,1.2367759943008423,1.2367759943008423,,,,
317,2220,,,0.9003777503967285,,0.8517927527427673,0.8517927527427673,,,,
317,2221,,,1.1499580144882202,,1.1013662815093994,1.1013662815093994,,,,
317,2222,,,1.1891497373580933,,1.1405525207519531,1.1405525207519531,,,,
317,2223,,,1.1883503198623657,,1.139745831489563,1.139745831489563,,,,
317,2224,,,0.9314703345298767,,0.8828608989715576,0.8828608989715576,,,,
317,2225,,,0.8566115498542786,,0.8079948425292969,0.8079948425292969,,,,
,317,,,,,,,,,1.7226784229278564,1.7226784229278564
317,2225,,,,,,,1.7226784229278564,1.7226784229278564,,
317,2225,1.0440928936004639,1.0926885604858398,,1.0440928936004639,,,,,,
318,2226,,,1.0930113792419434,,1.0443880558013916,1.0443880558013916,,,,
318,2227,,,0.8102449178695679,,0.7616146206855774,0.7616146206855774,,,,
318,2228,,,1.4642901420593262,,1.4156538248062134,1.4156538248062134,,,,
318,2229,,,0.9141455292701721,,0.865502655506134,0.865502655506134,,,,
318,2230,,,1.0337212085723877,,0.9850730299949646,0.9850730299949646,,,,
318,2231,,,0.8801073431968689,,0.8314525485038757,0.8314525485038757,,,,
318,2232,,,1.956660509109497,,1.9079985618591309,1.9079985618591309,,,,
,318,,,,,,,,,1.735741138458252,1.735741138458252
318,2232,,,,,,,1.7357412576675415,1.7357412576675415,,
318,2232,1.0383033752441406,1.0869441032409668,,1.0383033752441406,,,,,,
319,2233,,,0.9522266983985901,,0.9035596251487732,0.9035596251487732,,,,
319,2234,,,0.8457463383674622,,0.7970729470252991,0.7970729470252991,,,,
319,2235,,,1.1835399866104126,,1.1348596811294556,1.1348596811294556,,,,
319,2236,,,1.4183143377304077,,1.3696284294128418,1.3696284294128418,,,,
319,2237,,,1.0836708545684814,,1.034978985786438,1.034978985786438,,,,
319,2238,,,0.9009932279586792,,0.8522953391075134,0.8522953391075134,,,,
319,2239,,,1.3534612655639648,,1.3047573566436768,1.3047573566436768,,,,
,319,,,,,,,,,1.7108479738235474,1.7108479738235474
319,2239,,,,,,,1.7108479738235474,1.7108479738235474,,
319,2239,1.0324201583862305,1.0811042785644531,,1.0324201583862305,,,,,,
320,2240,,,1.101197361946106,,1.0524852275848389,1.0524852275848389,,,,
320,2241,,,1.0214204788208008,,0.972700297832489,0.972700297832489,,,,
320,2242,,,0.9355505704879761,,0.8868219256401062,0.8868219256401062,,,,
320,2243,,,0.8517350554466248,,0.8030003905296326,0.8030003905296326,,,,
320,2244,,,0.9950731992721558,,0.9463334679603577,0.9463334679603577,,,,
320,2245,,,1.805649757385254,,1.756902813911438,1.756902813911438,,,,
320,2246,,,0.3846375048160553,,0.3358854651451111,0.3358854651451111,,,,
,320,,,,,,,,,1.6704223155975342,1.6704223155975342
320,2246,,,,,,,1.6704223155975342,1.6704223155975342,,
320,2246,1.0265413522720337,1.075273036956787,,1.0265413522720337,,,,,,
321,2247,,,1.6043697595596313,,1.5556132793426514,1.5556132793426514,,,,
321,2248,,,0.6179107427597046,,0.5691478848457336,0.5691478848457336,,,,
321,2249,,,0.7081102728843689,,0.6593427062034607,0.6593427062034607,,,,
321,2250,,,1.3813351392745972,,1.332560658454895,1.332560658454895,,,,
321,2251,,,1.2715463638305664,,1.2227647304534912,1.2227647304534912,,,,
321,2252,,,0.9187376499176025,,0.8699504733085632,0.8699504733085632,,,,
321,2253,,,0.8005820512771606,,0.7517887949943542,0.7517887949943542,,,,
,321,,,,,,,,,1.6483895778656006,1.6483895778656006
321,2253,,,,,,,1.6483895778656006,1.6483895778656006,,
321,2253,1.0182431936264038,1.0670162439346313,,1.0182431936264038,,,,,,
322,2254,,,1.454021692276001,,1.405221700668335,1.405221700668335,,,,
322,2255,,,1.6245684623718262,,1.575761318206787,1.575761318206787,,,,
322,2256,,,0.8486455678939819,,0.7998324632644653,0.7998324632644653,,,,
322,2257,,,1.088563323020935,,1.0397435426712036,1.0397435426712036,,,,
322,2258,,,0.656291663646698,,0.6074636578559875,0.6074636578559875,,,,
322,2259,,,0.766383171081543,,0.7175511121749878,0.7175511121749878,,,,
322,2260,,,0.8316410779953003,,0.7828022241592407,0.7828022241592407,,,,
,322,,,,,,,,,1.6440001726150513,1.6440001726150513
322,2260,,,,,,,1.6440001726150513,1.6440001726150513,,
322,2260,1.010058879852295,1.0588767528533936,,1.010058879852295,,,,,,
323,2261,,,0.7770004272460938,,0.7281564474105835,0.7281564474105835,,,,
323,2262,,,1.1725845336914062,,1.1237345933914185,1.1237345933914185,,,,
323,2263,,,1.513161540031433,,1.4643058776855469,1.4643058776855469,,,,
323,2264,,,1.2658195495605469,,1.2169570922851562,1.2169570922851562,,,,
323,2265,,,0.823245108127594,,0.7743761539459229,0.7743761539459229,,,,
323,2266,,,0.9440523386001587,,0.8951773643493652,0.8951773643493652,,,,
323,2267,,,0.5667371153831482,,0.5178556442260742,0.5178556442260742,,,,
,323,,,,,,,,,1.6229733228683472,1.6229733228683472
323,2267,,,,,,,1.6229733228683472,1.6229733228683472,,
323,2267,1.0034358501434326,1.0522964000701904,,1.0034358501434326,,,,,,
324,2268,,,0.7686586380004883,,0.7197704315185547,0.7197704315185547,,,,
324,2269,,,1.0424221754074097,,0.9935272336006165,0.9935272336006165,,,,
324,2270,,,1.3037561178207397,,1.254854440689087,1.254854440689087,,,,
324,2271,,,0.9371321201324463,,0.8882248401641846,0.8882248401641846,,,,
324,2272,,,1.2023297548294067,,1.153416633605957,1.153416633605957,,,,
324,2273,,,1.1768083572387695,,1.1278889179229736,1.1278889179229736,,,,
324,2274,,,0.6025444865226746,,0.5536186099052429,0.5536186099052429,,,,
,324,,,,,,,,,1.5722891092300415,1.5722891092300415
324,2274,,,,,,,1.5722891092300415,1.5722891092300415,,
324,2274,0.9953393936157227,1.0442448854446411,,0.9953393936157227,,,,,,
325,2275,,,1.309175729751587,,1.2602421045303345,1.2602421045303345,,,,
325,2276,,,0.9377665519714355,,0.8888273239135742,0.8888273239135742,,,,
325,2277,,,0.7729104161262512,,0.7239654064178467,0.7239654064178467,,,,
325,2278,,,1.346544861793518,,1.2975924015045166,1.2975924015045166,,,,
325,2279,,,0.7085233926773071,,0.6595653891563416,0.6595653891563416,,,,
325,2280,,,1.2210161685943604,,1.1720515489578247,1.1720515489578247,,,,
325,2281,,,0.8360303044319153,,0.787058413028717,0.787058413028717,,,,
,325,,,,,,,,,1.5505282878875732,1.5505282878875732
325,2281,,,,,,,1.5505282878875732,1.5505282878875732,,
325,2281,0.9878260493278503,1.0367761850357056,,0.9878260493278503,,,,,,
326,2282,,,0.852679431438446,,0.8037006258964539,0.8037006258964539,,,,
326,2283,,,0.7516617178916931,,0.7026770710945129,0.7026770710945129,,,,
326,2284,,,0.6051226258277893,,0.5561319589614868,0.5561319589614868,,,,
326,2285,,,1.4103468656539917,,1.3613498210906982,1.3613498210906982,,,,
326,2286,,,1.0112605094909668,,0.9622575044631958,0.9622575044631958,,,,
326,2287,,,1.4717999696731567,,1.4227893352508545,1.4227893352508545,,,,
326,2288,,,1.2291544675827026,,1.1801369190216064,1.1801369190216064,,,,
,326,,,,,,,,,1.5448169708251953,1.5448169708251953
326,2288,,,,,,,1.5448169708251953,1.5448169708251953,,
326,2288,0.980620801448822,1.0296162366867065,,0.980620801448822,,,,,,
327,2289,,,1.2670416831970215,,1.218018651008606,1.218018651008606,,,,
327,2290,,,0.9588953852653503,,0.9098678231239319,0.9098678231239319,,,,
327,2291,,,0.8228545188903809,,0.773821234703064,0.773821234703064,,,,
327,2292,,,1.1592248678207397,,1.110185980796814,1.110185980796814,,,,
327,2293,,,0.7709419131278992,,0.7218947410583496,0.7218947410583496,,,,
327,2294,,,1.141441822052002,,1.092387080192566,1.092387080192566,,,,
327,2295,,,1.0668509006500244,,1.0177897214889526,1.0177897214889526,,,,
,327,,,,,,,,,1.5368964672088623,1.5368964672088623
327,2295,,,,,,,1.5368964672088623,1.5368964672088623,,
327,2295,0.9737798571586609,1.022818684577942,,0.9737798571586609,,,,,,
328,2296,,,1.4137074947357178,,1.3646411895751953,1.3646411895751953,,,,
328,2297,,,0.721376895904541,,0.6723048686981201,0.6723048686981201,,,,
328,2298,,,0.6965381503105164,,0.6474602222442627,0.6474602222442627,,,,
328,2299,,,1.2960811853408813,,1.246996283531189,1.246996283531189,,,,
328,2300,,,0.9006781578063965,,0.8515862226486206,0.8515862226486206,,,,
328,2301,,,1.2160558700561523,,1.1669578552246094,1.1669578552246094,,,,
328,2302,,,0.679356038570404,,0.6302522420883179,0.6302522420883179,,,,
,328,,,,,,,,,1.538893699645996,1.538893699645996
328,2302,,,,,,,1.538893699645996,1.538893699645996,,
328,2302,0.9703987240791321,1.0194817781448364,,0.9703987240791321,,,,,,
329,2303,,,0.668425440788269,,0.6193145513534546,0.6193145513534546,,,,
329,2304,,,0.7019273042678833,,0.6528094410896301,0.6528094410896301,,,,
329,2305,,,0.8431221842765808,,0.793998122215271,0.793998122215271,,,,
329,2306,,,0.9677457213401794,,0.9186155200004578,0.9186155200004578,,,,
329,2307,,,1.7215763330459595,,1.672439455986023,1.672439455986023,,,,
329,2308,,,1.0969313383102417,,1.0477879047393799,1.0477879047393799,,,,
329,2309,,,1.1983922719955444,,1.1492427587509155,1.1492427587509155,,,,
,329,,,,,,,,,1.5504791736602783,1.5504791736602783
329,2309,,,,,,,1.5504791736602783,1.5504791736602783,,
329,2309,0.9624989032745361,1.0116275548934937,,0.9624989032745361,,,,,,
330,2310,,,0.7540863156318665,,0.7049315571784973,0.7049315571784973,,,,
330,2311,,,1.0788131952285767,,1.029652714729309,1.029652714729309,,,,
330,2312,,,0.7952854633331299,,0.7461188435554504,0.7461188435554504,,,,
330,2313,,,1.244667887687683,,1.1954957246780396,1.1954957246780396,,,,
330,2314,,,1.0182616710662842,,0.9690818786621094,0.9690818786621094,,,,
330,2315,,,1.1826931238174438,,1.133505940437317,1.133505940437317,,,,
330,2316,,,0.9180337190628052,,0.8688412308692932,0.8688412308692932,,,,
,330,,,,,,,,,1.557766079902649,1.557766079902649
330,2316,,,,,,,1.557766079902649,1.557766079902649,,
330,2316,0.9575846791267395,1.006756067276001,,0.9575846791267395,,,,,,
331,2317,,,1.18427312374115,,1.135074496269226,1.135074496269226,,,,
331,2318,,,0.9985849261283875,,0.9493808150291443,0.9493808150291443,,,,
331,2319,,,0.6635687947273254,,0.6143593788146973,0.6143593788146973,,,,
331,2320,,,1.0332465171813965,,0.9840299487113953,0.9840299487113953,,,,
331,2321,,,1.4614691734313965,,1.4122451543807983,1.4122451543807983,,,,
331,2322,,,0.5605206489562988,,0.5112904906272888,0.5112904906272888,,,,
331,2323,,,1.2929797172546387,,1.2437444925308228,1.2437444925308228,,,,
,331,,,,,,,,,1.5309371948242188,1.5309371948242188
331,2323,,,,,,,1.5309371948242188,1.5309371948242188,,
331,2323,0.9525936245918274,1.001808762550354,,0.9525936245918274,,,,,,
332,2324,,,1.3235527276992798,,1.2743080854415894,1.2743080854415894,,,,
332,2325,,,0.8684598803520203,,0.8192084431648254,0.8192084431648254,,,,
332,2326,,,1.3057289123535156,,1.256469488143921,1.256469488143921,,,,
332,2327,,,0.6803213357925415,,0.6310558915138245,0.6310558915138245,,,,
332,2328,,,0.8892712593078613,,0.8399990200996399,0.8399990200996399,,,,
332,2329,,,1.0559394359588623,,1.0066603422164917,1.0066603422164917,,,,
332,2330,,,0.601581335067749,,0.5522969961166382,0.5522969961166382,,,,
,332,,,,,,,,,1.4927653074264526,1.4927653074264526
332,2330,,,,,,,1.4927653074264526,1.4927653074264526,,
332,2330,0.9466373324394226,0.9959006905555725,,0.9466373324394226,,,,,,
333,2331,,,0.7464324831962585,,0.697141706943512,0.697141706943512,,,,
333,2332,,,1.3319058418273926,,1.2826063632965088,1.2826063632965088,,,,
333,2333,,,1.05984628200531,,1.01054048538208,1.01054048538208,,,,
333,2334,,,1.441271424293518,,1.3919588327407837,1.3919588327407837,,,,
333,2335,,,0.5859836339950562,,0.5366649627685547,0.5366649627685547,,,,
333,2336,,,0.5999889969825745,,0.5506656765937805,0.5506656765937805,,,,
333,2337,,,1.5191211700439453,,1.4697911739349365,1.4697911739349365,,,,
,333,,,,,,,,,1.481308937072754,1.481308937072754
333,2337,,,,,,,1.481308937072754,1.481308937072754,,
333,2337,0.9444313645362854,0.9937410354614258,,0.9444313645362854,,,,,,
334,2338,,,1.038557529449463,,0.9892222881317139,0.9892222881317139,,,,
334,2339,,,0.8691180944442749,,0.8197757005691528,0.8197757005691528,,,,
334,2340,,,0.6363276243209839,,0.5869792699813843,0.5869792699813843,,,,
334,2341,,,0.6473913788795471,,0.5980371236801147,0.5980371236801147,,,,
334,2342,,,1.1238665580749512,,1.0745059251785278,1.0745059251785278,,,,
334,2343,,,1.6345248222351074,,1.5851582288742065,1.5851582288742065,,,,
334,2344,,,0.882965624332428,,0.8335935473442078,0.8335935473442078,,,,
,334,,,,,,,,,1.4636352062225342,1.4636352062225342
334,2344,,,,,,,1.4636352062225342,1.4636352062225342,,
334,2344,0.9358864426612854,0.9852388501167297,,0.9358864426612854,,,,,,
335,2345,,,0.9289517998695374,,0.8795722126960754,0.8795722126960754,,,,
335,2346,,,0.9682931303977966,,0.9189058542251587,0.9189058542251587,,,,
335,2347,,,0.855684757232666,,0.8062905669212341,0.8062905669212341,,,,
335,2348,,,0.6634727120399475,,0.614072859287262,0.614072859287262,,,,
335,2349,,,0.8035547137260437,,0.7541482448577881,0.7541482448577881,,,,
335,2350,,,1.789701223373413,,1.7402887344360352,1.7402887344360352,,,,
335,2351,,,0.6400548219680786,,0.5906364917755127,0.5906364917755127,,,,
,335,,,,,,,,,1.4391427040100098,1.4391427040100098
335,2351,,,,,,,1.4391428232192993,1.4391428232192993,,
335,2351,0.9309439063072205,0.9803417325019836,,0.9309439063072205,,,,,,
336,2352,,,1.4088932275772095,,1.3594703674316406,1.3594703674316406,,,,
336,2353,,,0.8504242300987244,,0.8009946942329407,0.8009946942329407,,,,
336,2354,,,1.2072564363479614,,1.157820463180542,1.157820463180542,,,,
336,2355,,,0.6797637939453125,,0.630321741104126,0.630321741104126,,,,
336,2356,,,0.5425887703895569,,0.4931403696537018,0.4931403696537018,,,,
336,2357,,,1.1412255764007568,,1.0917725563049316,1.0917725563049316,,,,
336,2358,,,1.0318840742111206,,0.9824241399765015,0.9824241399765015,,,,
,336,,,,,,,,,1.443495750427246,1.443495750427246
336,2358,,,,,,,1.443495750427246,1.443495750427246,,
336,2358,0.9257928729057312,0.9752326607704163,,0.9257928729057312,,,,,,
337,2359,,,0.9240026473999023,,0.8745381236076355,0.8745381236076355,,,,
337,2360,,,0.8254328370094299,,0.7759621143341064,0.7759621143341064,,,,
337,2361,,,1.0321098566055298,,0.9826318621635437,0.9826318621635437,,,,
337,2362,,,0.8631768226623535,,0.8136926889419556,0.8136926889419556,,,,
337,2363,,,0.5888673067092896,,0.5393767356872559,0.5393767356872559,,,,
337,2364,,,1.4495453834533691,,1.4000500440597534,1.4000500440597534,,,,
337,2365,,,1.3446553945541382,,1.295154094696045,1.295154094696045,,,,
,337,,,,,,,,,1.4704474210739136,1.4704474210739136
337,2365,,,,,,,1.4704474210739136,1.4704474210739136,,
337,2365,0.9210878014564514,0.9705694317817688,,0.9210878014564514,,,,,,
338,2366,,,1.4925910234451294,,1.443084716796875,1.443084716796875,,,,
338,2367,,,0.8709982633590698,,0.8214849233627319,0.8214849233627319,,,,
338,2368,,,0.8589089512825012,,0.8093883991241455,0.8093883991241455,,,,
338,2369,,,1.0044817924499512,,0.9549552798271179,0.9549552798271179,,,,
338,2370,,,0.5945346355438232,,0.5450015664100647,0.5450015664100647,,,,
338,2371,,,1.1386793851852417,,1.0891408920288086,1.0891408920288086,,,,
338,2372,,,0.5488923192024231,,0.4993492662906647,0.4993492662906647,,,,
,338,,,,,,,,,1.4680075645446777,1.4680075645446777
338,2372,,,,,,,1.4680074453353882,1.4680074453353882,,
338,2372,0.917695939540863,0.9672202467918396,,0.917695939540863,,,,,,
339,2373,,,1.1900733709335327,,1.140523910522461,1.140523910522461,,,,
339,2374,,,0.9968488216400146,,0.9472942352294922,0.9472942352294922,,,,
339,2375,,,1.244725227355957,,1.1951649188995361,1.1951649188995361,,,,
339,2376,,,0.7424198985099792,,0.6928516030311584,0.6928516030311584,,,,
339,2377,,,0.7404650449752808,,0.6908919215202332,0.6908919215202332,,,,
339,2378,,,0.9419728517532349,,0.8923933506011963,0.8923933506011963,,,,
339,2379,,,0.7239328026771545,,0.674347460269928,0.674347460269928,,,,
,339,,,,,,,,,1.438724398612976,1.438724398612976
339,2379,,,,,,,1.438724398612976,1.438724398612976,,
339,2379,0.9116863012313843,0.9612517356872559,,0.9116863012313843,,,,,,
340,2380,,,1.3461047410964966,,1.2965127229690552,1.2965127229690552,,,,
340,2381,,,0.8122742176055908,,0.7626762390136719,0.7626762390136719,,,,
340,2382,,,0.760064423084259,,0.710461437702179,0.710461437702179,,,,
340,2383,,,1.0659829378128052,,1.0163745880126953,1.0163745880126953,,,,
340,2384,,,0.8662458658218384,,0.8166304230690002,0.8166304230690002,,,,
340,2385,,,0.9468294382095337,,0.8972067832946777,0.8972067832946777,,,,
340,2386,,,0.798317015171051,,0.7486888766288757,0.7486888766288757,,,,
,340,,,,,,,,,1.410984754562378,1.410984754562378
340,2386,,,,,,,1.410984754562378,1.410984754562378,,
340,2386,0.906764030456543,0.9563718438148499,,0.906764030456543,,,,,,
341,2387,,,0.9393512010574341,,0.8897165060043335,0.8897165060043335,,,,
341,2388,,,0.7281516194343567,,0.678511381149292,0.678511381149292,,,,
341,2389,,,1.0729446411132812,,1.0232977867126465,1.0232977867126465,,,,
341,2390,,,1.2671785354614258,,1.2175241708755493,1.2175241708755493,,,,
341,2391,,,1.002565860748291,,0.9529041051864624,0.9529041051864624,,,,
341,2392,,,0.553888201713562,,0.5042210221290588,0.5042210221290588,,,,
341,2393,,,1.3637363910675049,,1.3140647411346436,1.3140647411346436,,,,
,341,,,,,,,,,1.4080783128738403,1.4080783128738403
341,2393,,,,,,,1.4080783128738403,1.4080783128738403,,
341,2393,0.9033645987510681,0.9530166983604431,,0.9033645987510681,,,,,,
342,2394,,,0.4283307194709778,,0.3786522150039673,0.3786522150039673,,,,
342,2395,,,0.9468093514442444,,0.8971253633499146,0.8971253633499146,,,,
342,2396,,,0.9953668117523193,,0.9456765651702881,0.9456765651702881,,,,
342,2397,,,0.6725708842277527,,0.6228737831115723,0.6228737831115723,,,,
342,2398,,,1.185349464416504,,1.1356474161148071,1.1356474161148071,,,,
342,2399,,,1.4865608215332031,,1.4368534088134766,1.4368534088134766,,,,
342,2400,,,0.8844043612480164,,0.8346913456916809,0.8346913456916809,,,,
,342,,,,,,,,,1.3675369024276733,1.3675369024276733
342,2400,,,,,,,1.3675369024276733,1.3675369024276733,,
342,2400,0.8987981081008911,0.9484924674034119,,0.8987981081008911,,,,,,
343,2401,,,0.5856640338897705,,0.5359401702880859,0.5359401702880859,,,,
343,2402,,,1.7773489952087402,,1.727617621421814,1.727617621421814,,,,
343,2403,,,0.8871837854385376,,0.8374452590942383,0.8374452590942383,,,,
343,2404,,,1.0430312156677246,,0.9932882189750671,0.9932882189750671,,,,
343,2405,,,0.7819263935089111,,0.7321749925613403,0.7321749925613403,,,,
343,2406,,,0.608264684677124,,0.55850750207901,0.55850750207901,,,,
343,2407,,,0.8855419158935547,,0.8357799649238586,0.8357799649238586,,,,
,343,,,,,,,,,1.326418399810791,1.326418399810791
343,2407,,,,,,,1.3264185190200806,1.3264185190200806,,
343,2407,0.8938652276992798,0.9436073899269104,,0.8938652276992798,,,,,,
344,2408,,,0.8509907722473145,,0.8012210726737976,0.8012210726737976,,,,
344,2409,,,0.9142500758171082,,0.8644753694534302,0.8644753694534302,,,,
344,2410,,,0.8908828496932983,,0.8411008715629578,0.8411008715629578,,,,
344,2411,,,0.9555421471595764,,0.9057533144950867,0.9057533144950867,,,,
344,2412,,,1.1111226081848145,,1.0613294839859009,1.0613294839859009,,,,
344,2413,,,0.8106903433799744,,0.7608906030654907,0.7608906030654907,,,,
344,2414,,,1.1868938207626343,,1.1370878219604492,1.1370878219604492,,,,
,344,,,,,,,,,1.3011900186538696,1.3011900186538696
344,2414,,,,,,,1.3011900186538696,1.3011900186538696,,
344,2414,0.8880280256271362,0.937813937664032,,0.8880280256271362,,,,,,
345,2415,,,1.033299207687378,,0.9834855794906616,0.9834855794906616,,,,
345,2416,,,1.431957721710205,,1.3821368217468262,1.3821368217468262,,,,
345,2417,,,0.8295866847038269,,0.77975994348526,0.77975994348526,,,,
345,2418,,,1.0064936876296997,,0.9566600322723389,0.9566600322723389,,,,
345,2419,,,0.8772701025009155,,0.827430009841919,0.827430009841919,,,,
345,2420,,,0.6083390116691589,,0.5584930181503296,0.5584930181503296,,,,
345,2421,,,0.4333515763282776,,0.3835000693798065,0.3835000693798065,,,,
,345,,,,,,,,,1.2897250652313232,1.2897250652313232
345,2421,,,,,,,1.2897250652313232,1.2897250652313232,,
345,2421,0.8834161162376404,0.9332475662231445,,0.8834161162376404,,,,,,
346,2422,,,1.3200539350509644,,1.2701979875564575,1.2701979875564575,,,,
346,2423,,,0.6754106879234314,,0.6255487203598022,0.6255487203598022,,,,
346,2424,,,0.9184026718139648,,0.8685353398323059,0.8685353398323059,,,,
346,2425,,,0.9332020282745361,,0.8833284378051758,0.8833284378051758,,,,
346,2426,,,0.7510420680046082,,0.7011608481407166,0.7011608481407166,,,,
346,2427,,,0.6130982041358948,,0.5632115006446838,0.5632115006446838,,,,
346,2428,,,1.9163442850112915,,1.8664523363113403,1.8664523363113403,,,,
,346,,,,,,,,,1.281334400177002,1.281334400177002
346,2428,,,,,,,1.2813345193862915,1.2813345193862915,,
346,2428,0.880298376083374,0.9301707148551941,,0.880298376083374,,,,,,
347,2429,,,0.6937448978424072,,0.6438482403755188,0.6438482403755188,,,,
347,2430,,,1.037900686264038,,0.9879979491233826,0.9879979491233826,,,,
347,2431,,,0.6639792919158936,,0.6140713691711426,0.6140713691711426,,,,
347,2432,,,0.5428004264831543,,0.4928863048553467,0.4928863048553467,,,,
347,2433,,,0.9850232601165771,,0.9351046681404114,0.9351046681404114,,,,
347,2434,,,1.6044076681137085,,1.5544835329055786,1.5544835329055786,,,,
347,2435,,,0.9694122076034546,,0.9194819927215576,0.9194819927215576,,,,
,347,,,,,,,,,1.2626521587371826,1.2626521587371826
347,2435,,,,,,,1.2626521587371826,1.2626521587371826,,
347,2435,0.8742271065711975,0.9241389632225037,,0.8742271065711975,,,,,,
348,2436,,,0.7000121474266052,,0.6500743627548218,0.6500743627548218,,,,
348,2437,,,1.155530333518982,,1.1055859327316284,1.1055859327316284,,,,
348,2438,,,0.5697293281555176,,0.5197795629501343,0.5197795629501343,,,,
348,2439,,,1.5007410049438477,,1.4507859945297241,1.4507859945297241,,,,
348,2440,,,0.6101258397102356,,0.5601635575294495,0.5601635575294495,,,,
348,2441,,,1.038407325744629,,0.9884389638900757,0.9884389638900757,,,,
348,2442,,,0.7680287957191467,,0.7180560231208801,0.7180560231208801,,,,
,348,,,,,,,,,1.2448796033859253,1.2448796033859253
348,2442,,,,,,,1.2448796033859253,1.2448796033859253,,
348,2442,0.8696626424789429,0.91961669921875,,0.8696626424789429,,,,,,
349,2443,,,1.5876340866088867,,1.5376538038253784,1.5376538038253784,,,,
349,2444,,,0.6187283992767334,,0.5687412619590759,0.5687412619590759,,,,
349,2445,,,0.9963991045951843,,0.9464067220687866,0.9464067220687866,,,,
349,2446,,,0.9942143559455872,,0.9442159533500671,0.9442159533500671,,,,
349,2447,,,0.5900251269340515,,0.5400208234786987,0.5400208234786987,,,,
349,2448,,,0.7535580396652222,,0.7035479545593262,0.7035479545593262,,,,
349,2449,,,0.7869679927825928,,0.736952006816864,0.736952006816864,,,,
,349,,,,,,,,,1.2354676723480225,1.2354676723480225
349,2449,,,,,,,1.2354676723480225,1.2354676723480225,,
349,2449,0.86540287733078,0.9153996109962463,,0.86540287733078,,,,,,
350,2450,,,0.8744856715202332,,0.8244641423225403,0.8244641423225403,,,,
350,2451,,,1.5663650035858154,,1.5163376331329346,1.5163376331329346,,,,
350,2452,,,0.5876433849334717,,0.5376089811325073,0.5376089811325073,,,,
350,2453,,,0.6488960385322571,,0.5988559126853943,0.5988559126853943,,,,
350,2454,,,0.9649848937988281,,0.914938747882843,0.914938747882843,,,,
350,2455,,,0.7888196110725403,,0.7387687563896179,0.7387687563896179,,,,
350,2456,,,0.983738899230957,,0.9336814284324646,0.9336814284324646,,,,
,350,,,,,,,,,1.2530804872512817,1.2530804872512817
350,2456,,,,,,,1.2530804872512817,1.2530804872512817,,
350,2456,0.8597811460494995,0.9098191261291504,,0.8597811460494995,,,,,,
351,2457,,,0.78736811876297,,0.7373070120811462,0.7373070120811462,,,,
351,2458,,,1.0673809051513672,,1.0173150300979614,1.0173150300979614,,,,
351,2459,,,0.9049423336982727,,0.8548704981803894,0.8548704981803894,,,,
351,2460,,,1.025755763053894,,0.9756777882575989,0.9756777882575989,,,,
351,2461,,,0.5451753735542297,,0.4950924813747406,0.4950924813747406,,,,
351,2462,,,1.02491295337677,,0.9748243689537048,0.9748243689537048,,,,
351,2463,,,1.1084682941436768,,1.0583735704421997,1.0583735704421997,,,,
,351,,,,,,,,,1.2750972509384155,1.2750972509384155
351,2463,,,,,,,1.2750972509384155,1.2750972509384155,,
351,2463,0.8552120923995972,0.90528804063797,,0.8552120923995972,,,,,,
352,2464,,,0.4109078049659729,,0.36080628633499146,0.36080628633499146,,,,
352,2465,,,1.1813820600509644,,1.1312758922576904,1.1312758922576904,,,,
352,2466,,,1.0867177248001099,,1.0366054773330688,1.0366054773330688,,,,
352,2467,,,0.8134865760803223,,0.7633689045906067,0.7633689045906067,,,,
352,2468,,,0.7555304169654846,,0.7054071426391602,0.7054071426391602,,,,
352,2469,,,0.5909034609794617,,0.5407730340957642,0.5407730340957642,,,,
352,2470,,,2.4004056453704834,,2.3502697944641113,2.3502697944641113,,,,
,352,,,,,,,,,1.2591980695724487,1.2591980695724487
352,2470,,,,,,,1.2591980695724487,1.2591980695724487,,
352,2470,0.8501313924789429,0.9002478122711182,,0.8501313924789429,,,,,,
353,2471,,,1.2750537395477295,,1.2249102592468262,1.2249102592468262,,,,
353,2472,,,1.2078698873519897,,1.157721757888794,1.157721757888794,,,,
353,2473,,,1.1508561372756958,,1.1007002592086792,1.1007002592086792,,,,
353,2474,,,0.356082558631897,,0.3059203326702118,0.3059203326702118,,,,
353,2475,,,0.7340381741523743,,0.683871328830719,0.683871328830719,,,,
353,2476,,,0.7312442064285278,,0.6810722351074219,0.6810722351074219,,,,
353,2477,,,0.6679367423057556,,0.6177576780319214,0.6177576780319214,,,,
,353,,,,,,,,,1.2338628768920898,1.2338628768920898
353,2477,,,,,,,1.2338628768920898,1.2338628768920898,,
353,2477,0.8448400497436523,0.8949993252754211,,0.8448400497436523,,,,,,
354,2478,,,0.827573299407959,,0.7773875594139099,0.7773875594139099,,,,
354,2479,,,0.8000484704971313,,0.7498571276664734,0.7498571276664734,,,,
354,2480,,,0.8773131370544434,,0.827115535736084,0.827115535736084,,,,
354,2481,,,0.8875182867050171,,0.8373139500617981,0.8373139500617981,,,,
354,2482,,,1.115159273147583,,1.0649470090866089,1.0649470090866089,,,,
354,2483,,,0.9099848866462708,,0.8597672581672668,0.8597672581672668,,,,
354,2484,,,0.6930878758430481,,0.6428655385971069,0.6428655385971069,,,,
,354,,,,,,,,,1.2154033184051514,1.2154033184051514
354,2484,,,,,,,1.2154033184051514,1.2154033184051514,,
354,2484,0.8403863310813904,0.8905891180038452,,0.8403863310813904,,,,,,
355,2485,,,0.6405055522918701,,0.5902780294418335,0.5902780294418335,,,,
355,2486,,,0.724096953868866,,0.6738620400428772,0.6738620400428772,,,,
355,2487,,,1.200583815574646,,1.1503427028656006,1.1503427028656006,,,,
355,2488,,,0.932255208492279,,0.8820074200630188,0.8820074200630188,,,,
355,2489,,,0.7577364444732666,,0.7074830532073975,0.7074830532073975,,,,
355,2490,,,0.7349526286125183,,0.6846950650215149,0.6846950650215149,,,,
355,2491,,,1.7822751998901367,,1.732012152671814,1.732012152671814,,,,
,355,,,,,,,,,1.1842302083969116,1.1842302083969116
355,2491,,,,,,,1.1842302083969116,1.1842302083969116,,
355,2491,0.8373604416847229,0.8876053094863892,,0.8373604416847229,,,,,,
356,2492,,,0.6357170343399048,,0.5854484438896179,0.5854484438896179,,,,
356,2493,,,0.7423837184906006,,0.6921089887619019,0.6921089887619019,,,,
356,2494,,,1.148087978363037,,1.0978081226348877,1.0978081226348877,,,,
356,2495,,,1.2781665325164795,,1.2278797626495361,1.2278797626495361,,,,
356,2496,,,0.9786937236785889,,0.9284007549285889,0.9284007549285889,,,,
356,2497,,,0.7506381869316101,,0.7003394365310669,0.7003394365310669,,,,
356,2498,,,0.2452404499053955,,0.194936141371727,0.194936141371727,,,,
,356,,,,,,,,,1.1737701892852783,1.1737701892852783
356,2498,,,,,,,1.1737701892852783,1.1737701892852783,,
356,2498,0.8321703672409058,0.8824552893638611,,0.8321703672409058,,,,,,
357,2499,,,0.4749873876571655,,0.42468035221099854,0.42468035221099854,,,,
357,2500,,,0.7895349860191345,,0.7392227649688721,0.7392227649688721,,,,
357,2501,,,1.3619636297225952,,1.3116466999053955,1.3116466999053955,,,,
357,2502,,,0.9806820750236511,,0.9303598999977112,0.9303598999977112,,,,
357,2503,,,0.838815450668335,,0.7884887456893921,0.7884887456893921,,,,
357,2504,,,0.9845098257064819,,0.9341769218444824,0.9341769218444824,,,,
357,2505,,,0.45967337489128113,,0.4093341827392578,0.4093341827392578,,,,
,357,,,,,,,,,1.158735752105713,1.158735752105713
357,2505,,,,,,,1.1587358713150024,1.1587358713150024,,
357,2505,0.8285609483718872,0.8788816928863525,,0.8285609483718872,,,,,,
358,2506,,,0.8071317672729492,,0.7567865252494812,0.7567865252494812,,,,
358,2507,,,0.5979576706886292,,0.5476055145263672,0.5476055145263672,,,,
358,2508,,,1.187743902206421,,1.1373860836029053,1.1373860836029053,,,,
358,2509,,,0.907646119594574,,0.8572815656661987,0.8572815656661987,,,,
358,2510,,,1.24208664894104,,1.191717267036438,1.191717267036438,,,,
358,2511,,,0.6799201369285583,,0.6295445561408997,0.6295445561408997,,,,
358,2512,,,0.4100901186466217,,0.3597100079059601,0.3597100079059601,,,,
,358,,,,,,,,,1.139758586883545,1.139758586883545
358,2512,,,,,,,1.139758586883545,1.139758586883545,,
358,2512,0.8243470788002014,0.8747090101242065,,0.8243470788002014,,,,,,
359,2513,,,1.0702519416809082,,1.019867181777954,1.019867181777954,,,,
359,2514,,,1.1245425939559937,,1.0741537809371948,1.0741537809371948,,,,
359,2515,,,1.0596251487731934,,1.009230136871338,1.009230136871338,,,,
359,2516,,,0.8048802614212036,,0.7544791102409363,0.7544791102409363,,,,
359,2517,,,0.7163317799568176,,0.665925145149231,0.665925145149231,,,,
359,2518,,,0.5207529067993164,,0.4703408479690552,0.4703408479690552,,,,
359,2519,,,0.6864113807678223,,0.6359943151473999,0.6359943151473999,,,,
,359,,,,,,,,,1.115951657295227,1.115951657295227
359,2519,,,,,,,1.115951657295227,1.115951657295227,,
359,2519,0.8207833766937256,0.8711826205253601,,0.8207833766937256,,,,,,
360,2520,,,0.592064619064331,,0.5416402220726013,0.5416402220726013,,,,
360,2521,,,0.6853538155555725,,0.6349233388900757,0.6349233388900757,,,,
360,2522,,,0.970061182975769,,0.9196250438690186,0.9196250438690186,,,,
360,2523,,,0.5734355449676514,,0.5229924321174622,0.5229924321174622,,,,
360,2524,,,1.080854892730713,,1.0304057598114014,1.0304057598114014,,,,
360,2525,,,1.511939525604248,,1.461484670639038,1.461484670639038,,,,
360,2526,,,0.31556236743927,,0.26510316133499146,0.26510316133499146,,,,
,360,,,,,,,,,1.0929768085479736,1.0929768085479736
360,2526,,,,,,,1.0929768085479736,1.0929768085479736,,
360,2526,0.817331075668335,0.8677718043327332,,0.817331075668335,,,,,,
361,2527,,,0.5850860476493835,,0.5346220135688782,0.5346220135688782,,,,
361,2528,,,1.1698386669158936,,1.1193690299987793,1.1193690299987793,,,,
361,2529,,,1.1118273735046387,,1.0613524913787842,1.0613524913787842,,,,
361,2530,,,0.9819604158401489,,0.9314799904823303,0.9314799904823303,,,,
361,2531,,,0.6012455224990845,,0.5507598519325256,0.5507598519325256,,,,
361,2532,,,0.7265918850898743,,0.6761010885238647,0.6761010885238647,,,,
361,2533,,,0.8823514580726624,,0.8318554162979126,0.8318554162979126,,,,
,361,,,,,,,,,1.0803642272949219,1.0803642272949219
361,2533,,,,,,,1.0803642272949219,1.0803642272949219,,
361,2533,0.8134322166442871,0.8639108538627625,,0.8134322166442871,,,,,,
362,2534,,,0.6600589752197266,,0.6095553636550903,0.6095553636550903,,,,
362,2535,,,1.1755163669586182,,1.1250072717666626,1.1250072717666626,,,,
362,2536,,,1.0230700969696045,,0.9725560545921326,0.9725560545921326,,,,
362,2537,,,0.69683438539505,,0.6463145017623901,0.6463145017623901,,,,
362,2538,,,1.1201878786087036,,1.0696628093719482,1.0696628093719482,,,,
362,2539,,,0.5634185671806335,,0.5128874778747559,0.5128874778747559,,,,
362,2540,,,0.6434547901153564,,0.5929172039031982,0.5929172039031982,,,,
,362,,,,,,,,,1.0787498950958252,1.0787498950958252
362,2540,,,,,,,1.0787498950958252,1.0787498950958252,,
362,2540,0.8091493248939514,0.8596676588058472,,0.8091493248939514,,,,,,
363,2541,,,1.131608486175537,,1.0810669660568237,1.0810669660568237,,,,
363,2542,,,0.6422642469406128,,0.5917182564735413,0.5917182564735413,,,,
363,2543,,,1.0250507593154907,,0.9744997620582581,0.9744997620582581,,,,
363,2544,,,0.8868403434753418,,0.8362826704978943,0.8362826704978943,,,,
363,2545,,,1.1019835472106934,,1.0514189004898071,1.0514189004898071,,,,
363,2546,,,0.45206230878829956,,0.40149280428886414,0.40149280428886414,,,,
363,2547,,,0.5749607086181641,,0.5243862271308899,0.5243862271308899,,,,
,363,,,,,,,,,1.0817897319793701,1.0817897319793701
363,2547,,,,,,,1.0817897319793701,1.0817897319793701,,
363,2547,0.8051959276199341,0.8557521104812622,,0.8051959276199341,,,,,,
364,2548,,,0.6989748477935791,,0.6483956575393677,0.6483956575393677,,,,
364,2549,,,1.0005558729171753,,0.9499700665473938,0.9499700665473938,,,,
364,2550,,,1.1345181465148926,,1.0839277505874634,1.0839277505874634,,,,
364,2551,,,0.8821033239364624,,0.8315091133117676,0.8315091133117676,,,,
364,2552,,,0.9757475852966309,,0.9251475930213928,0.9251475930213928,,,,
364,2553,,,0.5790358185768127,,0.5284285545349121,0.5284285545349121,,,,
364,2554,,,0.4190617799758911,,0.36844944953918457,0.36844944953918457,,,,
,364,,,,,,,,,1.0875064134597778,1.0875064134597778
364,2554,,,,,,,1.0875064134597778,1.0875064134597778,,
364,2554,0.8008701205253601,0.8514641523361206,,0.8008701205253601,,,,,,
365,2555,,,1.0155792236328125,,0.9649629592895508,0.9649629592895508,,,,
365,2556,,,0.6358194947242737,,0.585199236869812,0.585199236869812,,,,
365,2557,,,0.7732590436935425,,0.7226337790489197,0.7226337790489197,,,,
365,2558,,,0.7003303170204163,,0.6497005224227905,0.6497005224227905,,,,
365,2559,,,1.1026418209075928,,1.0520062446594238,1.0520062446594238,,,,
365,2560,,,0.7274074554443359,,0.6767645478248596,0.6767645478248596,,,,
365,2561,,,1.161327600479126,,1.1106799840927124,1.1106799840927124,,,,
,365,,,,,,,,,1.0980192422866821,1.0980192422866821
365,2561,,,,,,,1.0980192422866821,1.0980192422866821,,
365,2561,0.7949445843696594,0.8455740809440613,,0.7949445843696594,,,,,,
366,2562,,,1.2684091329574585,,1.2177549600601196,1.2177549600601196,,,,
366,2563,,,0.6067275404930115,,0.5560687780380249,0.5560687780380249,,,,
366,2564,,,1.0867164134979248,,1.03605318069458,1.03605318069458,,,,
366,2565,,,0.6826785206794739,,0.6320084929466248,0.6320084929466248,,,,
366,2566,,,0.7340867519378662,,0.683411717414856,0.683411717414856,,,,
366,2567,,,0.7610688209533691,,0.710387647151947,0.710387647151947,,,,
366,2568,,,0.5948386192321777,,0.5441517233848572,0.5441517233848572,,,,
,366,,,,,,,,,1.0928882360458374,1.0928882360458374
366,2568,,,,,,,1.0928882360458374,1.0928882360458374,,
366,2568,0.7905476689338684,0.8412159085273743,,0.7905476689338684,,,,,,
367,2569,,,0.9267733693122864,,0.8760797381401062,0.8760797381401062,,,,
367,2570,,,0.6078870296478271,,0.5571862459182739,0.5571862459182739,,,,
367,2571,,,1.2531393766403198,,1.2024328708648682,1.2024328708648682,,,,
367,2572,,,1.0519694089889526,,1.0012564659118652,1.0012564659118652,,,,
367,2573,,,0.5565576553344727,,0.5058407187461853,0.5058407187461853,,,,
367,2574,,,0.739624559879303,,0.6889024376869202,0.6889024376869202,,,,
367,2575,,,0.5484734773635864,,0.49774569272994995,0.49774569272994995,,,,
,367,,,,,,,,,1.0798745155334473,1.0798745155334473
367,2575,,,,,,,1.0798745155334473,1.0798745155334473,,
367,2575,0.7871926426887512,0.8379026055335999,,0.7871926426887512,,,,,,
368,2576,,,0.7125649452209473,,0.661830723285675,0.661830723285675,,,,
368,2577,,,0.9510495066642761,,0.9003106951713562,0.9003106951713562,,,,
368,2578,,,0.8479910492897034,,0.7972472310066223,0.7972472310066223,,,,
368,2579,,,0.8573477864265442,,0.8065983057022095,0.8065983057022095,,,,
368,2580,,,0.5966780185699463,,0.5459237098693848,0.5459237098693848,,,,
368,2581,,,1.0649906396865845,,1.0142298936843872,1.0142298936843872,,,,
368,2582,,,0.7633978724479675,,0.7126309275627136,0.7126309275627136,,,,
,368,,,,,,,,,1.0720425844192505,1.0720425844192505
368,2582,,,,,,,1.0720425844192505,1.0720425844192505,,
368,2582,0.7832748293876648,0.8340229988098145,,0.7832748293876648,,,,,,
369,2583,,,0.7194253206253052,,0.6686520576477051,0.6686520576477051,,,,
369,2584,,,0.7207058668136597,,0.6699264049530029,0.6699264049530029,,,,
369,2585,,,0.8915528059005737,,0.8407668471336365,0.8407668471336365,,,,
369,2586,,,1.0235322713851929,,0.9727410078048706,0.9727410078048706,,,,
369,2587,,,0.5036402940750122,,0.4528432786464691,0.4528432786464691,,,,
369,2588,,,1.2356951236724854,,1.1848922967910767,1.1848922967910767,,,,
369,2589,,,0.5188400149345398,,0.46803268790245056,0.46803268790245056,,,,
,369,,,,,,,,,1.0690505504608154,1.0690505504608154
369,2589,,,,,,,1.0690505504608154,1.0690505504608154,,
369,2589,0.7788758873939514,0.8296653628349304,,0.7788758873939514,,,,,,
370,2590,,,0.7716606259346008,,0.7208473682403564,0.7208473682403564,,,,
370,2591,,,0.9197602868080139,,0.8689410090446472,0.8689410090446472,,,,
370,2592,,,0.40845152735710144,,0.35762539505958557,0.35762539505958557,,,,
370,2593,,,1.4200100898742676,,1.3691790103912354,1.3691790103912354,,,,
370,2594,,,0.7496345043182373,,0.6987985968589783,0.6987985968589783,,,,
370,2595,,,0.4793192148208618,,0.4284782111644745,0.4284782111644745,,,,
370,2596,,,1.3816763162612915,,1.3308305740356445,1.3308305740356445,,,,
,370,,,,,,,,,1.0406756401062012,1.0406756401062012
370,2596,,,,,,,1.0406756401062012,1.0406756401062012,,
370,2596,0.7753617763519287,0.8261905908584595,,0.7753617763519287,,,,,,
371,2597,,,0.41799604892730713,,0.36714208126068115,0.36714208126068115,,,,
371,2598,,,0.954928994178772,,0.9040709733963013,0.9040709733963013,,,,
371,2599,,,1.226049780845642,,1.1751856803894043,1.1751856803894043,,,,
371,2600,,,1.1178834438323975,,1.0670138597488403,1.0670138597488403,,,,
371,2601,,,0.7228150367736816,,0.6719398498535156,0.6719398498535156,,,,
371,2602,,,0.6098792552947998,,0.5589970350265503,0.5589970350265503,,,,
371,2603,,,0.5151034593582153,,0.46421658992767334,0.46421658992767334,,,,
,371,,,,,,,,,1.0153706073760986,1.0153706073760986
371,2603,,,,,,,1.0153706073760986,1.0153706073760986,,
371,2603,0.7715185284614563,0.8223869204521179,,0.7715185284614563,,,,,,
372,2604,,,0.7340959906578064,,0.6832021474838257,0.6832021474838257,,,,
372,2605,,,0.9971469044685364,,0.9462469220161438,0.9462469220161438,,,,
372,2606,,,0.9066559672355652,,0.855749785900116,0.855749785900116,,,,
372,2607,,,0.7018037438392639,,0.650892972946167,0.650892972946167,,,,
372,2608,,,0.5580897927284241,,0.507172703742981,0.507172703742981,,,,
372,2609,,,0.8944255709648132,,0.8435027599334717,0.8435027599334717,,,,
372,2610,,,1.1453412771224976,,1.094414234161377,1.094414234161377,,,,
,372,,,,,,,,,1.0040839910507202,1.0040839910507202
372,2610,,,,,,,1.0040839910507202,1.0040839910507202,,
372,2610,0.7681840062141418,0.8190934658050537,,0.7681840062141418,,,,,,
373,2611,,,0.5776404738426208,,0.5267062187194824,0.5267062187194824,,,,
373,2612,,,0.6064907312393188,,0.5555509924888611,0.5555509924888611,,,,
373,2613,,,0.7996381521224976,,0.7486929297447205,0.7486929297447205,,,,
373,2614,,,0.830091118812561,,0.7791392803192139,0.7791392803192139,,,,
373,2615,,,1.5629470348358154,,1.511989712715149,1.511989712715149,,,,
373,2616,,,0.5092108249664307,,0.45824918150901794,0.45824918150901794,,,,
373,2617,,,0.8271464109420776,,0.7761787176132202,0.7761787176132202,,,,
,373,,,,,,,,,1.0120967626571655,1.0120967626571655
373,2617,,,,,,,1.0120967626571655,1.0120967626571655,,
373,2617,0.7641404867172241,0.8150898218154907,,0.7641404867172241,,,,,,
374,2618,,,0.8557981252670288,,0.8048251867294312,0.8048251867294312,,,,
374,2619,,,0.5399959683418274,,0.48901721835136414,0.48901721835136414,,,,
374,2620,,,0.6108613610267639,,0.5598764419555664,0.5598764419555664,,,,
374,2621,,,1.31930410861969,,1.2683145999908447,1.2683145999908447,,,,
374,2622,,,0.6370953917503357,,0.5861014723777771,0.5861014723777771,,,,
374,2623,,,1.0092250108718872,,0.9582257866859436,0.9582257866859436,,,,
374,2624,,,0.5332286953926086,,0.4822235405445099,0.4822235405445099,,,,
,374,,,,,,,,,1.0147063732147217,1.0147063732147217
374,2624,,,,,,,1.0147063732147217,1.0147063732147217,,
374,2624,0.7603442668914795,0.8113318681716919,,0.7603442668914795,,,,,,
375,2625,,,0.4673817455768585,,0.41637110710144043,0.41637110710144043,,,,
375,2626,,,0.7788211107254028,,0.727806031703949,0.727806031703949,,,,
375,2627,,,1.0747816562652588,,1.023761510848999,1.023761510848999,,,,
375,2628,,,0.9990381598472595,,0.9480125308036804,0.9480125308036804,,,,
375,2629,,,0.5986068844795227,,0.5475745797157288,0.5475745797157288,,,,
375,2630,,,0.9904086589813232,,0.9393707513809204,0.9393707513809204,,,,
375,2631,,,0.6391834020614624,,0.5881400108337402,0.5881400108337402,,,,
,375,,,,,,,,,1.0246562957763672,1.0246562957763672
375,2631,,,,,,,1.0246562957763672,1.0246562957763672,,
375,2631,0.7566194534301758,0.8076441884040833,,0.7566194534301758,,,,,,
376,2632,,,0.5728165507316589,,0.521770179271698,0.521770179271698,,,,
376,2633,,,0.37539857625961304,,0.3243463337421417,0.3243463337421417,,,,
376,2634,,,0.9475391507148743,,0.896482527256012,0.896482527256012,,,,
376,2635,,,0.6484172344207764,,0.597354531288147,0.597354531288147,,,,
376,2636,,,1.6246322393417358,,1.5735642910003662,1.5735642910003662,,,,
376,2637,,,0.5290958285331726,,0.4780225157737732,0.4780225157737732,,,,
376,2638,,,1.140060544013977,,1.0889822244644165,1.0889822244644165,,,,
,376,,,,,,,,,1.0335235595703125,1.0335235595703125
376,2638,,,,,,,1.0335235595703125,1.0335235595703125,,
376,2638,0.7529268264770508,0.8039877414703369,,0.7529268264770508,,,,,,
377,2639,,,0.8401362895965576,,0.7890551090240479,0.7890551090240479,,,,
377,2640,,,0.8647041916847229,,0.8136176466941833,0.8136176466941833,,,,
377,2641,,,1.5152959823608398,,1.4642035961151123,1.4642035961151123,,,,
377,2642,,,0.6409454345703125,,0.5898476839065552,0.5898476839065552,,,,
377,2643,,,0.6357256770133972,,0.5846230983734131,0.5846230983734131,,,,
377,2644,,,0.43407681584358215,,0.3829694986343384,0.3829694986343384,,,,
377,2645,,,0.4650578200817108,,0.41394665837287903,0.41394665837287903,,,,
,377,,,,,,,,,1.0221333503723145,1.0221333503723145
377,2645,,,,,,,1.0221333503723145,1.0221333503723145,,
377,2645,0.7497327923774719,0.8008283972740173,,0.7497327923774719,,,,,,
378,2646,,,0.46613895893096924,,0.41502144932746887,0.41502144932746887,,,,
378,2647,,,0.8675142526626587,,0.8163925409317017,0.8163925409317017,,,,
378,2648,,,0.5885071754455566,,0.5373798608779907,0.5373798608779907,,,,
378,2649,,,1.4733139276504517,,1.4221820831298828,1.4221820831298828,,,,
378,2650,,,0.6944898366928101,,0.6433535814285278,0.6433535814285278,,,,
378,2651,,,0.44769781827926636,,0.3965564966201782,0.3965564966201782,,,,
378,2652,,,1.4438209533691406,,1.3926740884780884,1.3926740884780884,,,,
,378,,,,,,,,,1.0074515342712402,1.0074515342712402
378,2652,,,,,,,1.0074515342712402,1.0074515342712402,,
378,2652,0.7455903887748718,0.7967207431793213,,0.7455903887748718,,,,,,
379,2653,,,0.7229230403900146,,0.6717678904533386,0.6717678904533386,,,,
379,2654,,,0.9080618023872375,,0.8569016456604004,0.8569016456604004,,,,
379,2655,,,0.6311542391777039,,0.5799888968467712,0.5799888968467712,,,,
379,2656,,,1.2658365964889526,,1.2146663665771484,1.2146663665771484,,,,
379,2657,,,0.5778711438179016,,0.5266960859298706,0.5266960859298706,,,,
379,2658,,,0.6662701964378357,,0.6150883436203003,0.6150883436203003,,,,
379,2659,,,0.7364087104797363,,0.6852214932441711,0.6852214932441711,,,,
,379,,,,,,,,,0.9942471981048584,0.9942471981048584
379,2659,,,,,,,0.9942471385002136,0.9942471385002136,,
379,2659,0.7407164573669434,0.7918855547904968,,0.7407164573669434,,,,,,
380,2660,,,1.1818243265151978,,1.1306312084197998,1.1306312084197998,,,,
380,2661,,,0.7885986566543579,,0.7374014258384705,0.7374014258384705,,,,
380,2662,,,0.5970027446746826,,0.5458003282546997,0.5458003282546997,,,,
380,2663,,,0.7090566158294678,,0.6578488945960999,0.6578488945960999,,,,
380,2664,,,0.7842352986335754,,0.7330225706100464,0.7330225706100464,,,,
380,2665,,,0.5795057415962219,,0.528286874294281,0.528286874294281,,,,
380,2666,,,1.014536738395691,,0.9633126854896545,0.9633126854896545,,,,
,380,,,,,,,,,0.9768936634063721,0.9768936634063721
380,2666,,,,,,,0.9768937230110168,0.9768937230110168,,
380,2666,0.736350417137146,0.7875568270683289,,0.736350417137146,,,,,,
381,2667,,,0.4007100760936737,,0.349478542804718,0.349478542804718,,,,
381,2668,,,0.7980498671531677,,0.7468131184577942,0.7468131184577942,,,,
381,2669,,,1.1423922777175903,,1.0911504030227661,1.0911504030227661,,,,
381,2670,,,0.6836509704589844,,0.6324045658111572,0.6324045658111572,,,,
381,2671,,,0.8196523785591125,,0.7684015035629272,0.7684015035629272,,,,
381,2672,,,1.0005789995193481,,0.9493216276168823,0.9493216276168823,,,,
381,2673,,,0.3839401304721832,,0.33267611265182495,0.33267611265182495,,,,
,381,,,,,,,,,0.9572339057922363,0.9572339057922363
381,2673,,,,,,,0.9572339057922363,0.9572339057922363,,
381,2673,0.7313448786735535,0.7825901508331299,,0.7313448786735535,,,,,,
382,2674,,,0.551726222038269,,0.5004572868347168,0.5004572868347168,,,,
382,2675,,,1.059770107269287,,1.0084956884384155,1.0084956884384155,,,,
382,2676,,,0.7410646677017212,,0.6897851824760437,0.6897851824760437,,,,
382,2677,,,0.6075761318206787,,0.556290328502655,0.556290328502655,,,,
382,2678,,,1.180497407913208,,1.1292058229446411,1.1292058229446411,,,,
382,2679,,,0.5952197909355164,,0.5439243316650391,0.5439243316650391,,,,
382,2680,,,0.594401478767395,,0.5431002974510193,0.5431002974510193,,,,
,382,,,,,,,,,0.9346538782119751,0.9346538782119751
382,2680,,,,,,,0.9346538782119751,0.9346538782119751,,
382,2680,0.7265601754188538,0.7778438329696655,,0.7265601754188538,,,,,,
383,2681,,,0.5225763320922852,,0.47126972675323486,0.47126972675323486,,,,
383,2682,,,1.366990566253662,,1.315678596496582,1.315678596496582,,,,
383,2683,,,0.8332433700561523,,0.7819270491600037,0.7819270491600037,,,,
383,2684,,,0.3318655490875244,,0.2805430591106415,0.2805430591106415,,,,
383,2685,,,0.5836718678474426,,0.5323455929756165,0.5323455929756165,,,,
383,2686,,,0.8510414958000183,,0.7997093200683594,0.7997093200683594,,,,
383,2687,,,1.1673282384872437,,1.115990161895752,1.115990161895752,,,,
,383,,,,,,,,,0.9145682454109192,0.9145682454109192
383,2687,,,,,,,0.9145682454109192,0.9145682454109192,,
383,2687,0.7215638160705566,0.77288419008255,,0.7215638160705566,,,,,,
384,2688,,,0.4829304814338684,,0.43158629536628723,0.43158629536628723,,,,
384,2689,,,0.7246285676956177,,0.6732794642448425,0.6732794642448425,,,,
384,2690,,,0.5514565706253052,,0.5001013875007629,0.5001013875007629,,,,
384,2691,,,0.5887945294380188,,0.5374330282211304,0.5374330282211304,,,,
384,2692,,,1.263501524925232,,1.2121344804763794,1.2121344804763794,,,,
384,2693,,,1.174333095550537,,1.1229623556137085,1.1229623556137085,,,,
384,2694,,,0.31257596611976624,,0.2611992061138153,0.2611992061138153,,,,
,384,,,,,,,,,0.8923081755638123,0.8923081755638123
384,2694,,,,,,,0.8923081755638123,0.8923081755638123,,
384,2694,0.7177171111106873,0.7690762281417847,,0.7177171111106873,,,,,,
385,2695,,,0.512194037437439,,0.46081244945526123,0.46081244945526123,,,,
385,2696,,,0.4648342430591583,,0.4134484529495239,0.4134484529495239,,,,
385,2697,,,0.7688677310943604,,0.7174774408340454,0.7174774408340454,,,,
385,2698,,,0.5767966508865356,,0.5254002809524536,0.5254002809524536,,,,
385,2699,,,1.3654818534851074,,1.3140792846679688,1.3140792846679688,,,,
385,2700,,,0.728561282157898,,0.6771540641784668,0.6771540641784668,,,,
385,2701,,,1.247434377670288,,1.1960220336914062,1.1960220336914062,,,,
,385,,,,,,,,,0.8948054313659668,0.8948054313659668
385,2701,,,,,,,0.8948054313659668,0.8948054313659668,,
385,2701,0.7148047089576721,0.7661997675895691,,0.7148047089576721,,,,,,
386,2702,,,1.2335357666015625,,1.182117223739624,1.182117223739624,,,,
386,2703,,,0.4847245216369629,,0.43330127000808716,0.43330127000808716,,,,
386,2704,,,0.586064338684082,,0.5346365571022034,0.5346365571022034,,,,
386,2705,,,0.5917535424232483,,0.5403204560279846,0.5403204560279846,,,,
386,2706,,,1.0074281692504883,,0.9559888243675232,0.9559888243675232,,,,
386,2707,,,0.4996379613876343,,0.4481933116912842,0.4481933116912842,,,,
386,2708,,,1.2132383584976196,,1.161787748336792,1.161787748336792,,,,
,386,,,,,,,,,0.9055383205413818,0.9055383205413818
386,2708,,,,,,,0.9055382609367371,0.9055382609367371,,
386,2708,0.7106240391731262,0.7620562314987183,,0.7106240391731262,,,,,,
387,2709,,,0.9324209690093994,,0.8809667825698853,0.8809667825698853,,,,
387,2710,,,0.41914066672325134,,0.36768093705177307,0.36768093705177307,,,,
387,2711,,,0.9396076798439026,,0.8881435990333557,0.8881435990333557,,,,
387,2712,,,0.482257217168808,,0.43078815937042236,0.43078815937042236,,,,
387,2713,,,1.251894474029541,,1.2004203796386719,1.2004203796386719,,,,
387,2714,,,0.5821589231491089,,0.5306792855262756,0.5306792855262756,,,,
387,2715,,,0.6194246411323547,,0.567939817905426,0.567939817905426,,,,
,387,,,,,,,,,0.9134626388549805,0.9134626388549805
387,2715,,,,,,,0.9134626388549805,0.9134626388549805,,
387,2715,0.7077108025550842,0.7591786980628967,,0.7077108025550842,,,,,,
388,2716,,,1.2255834341049194,,1.1740931272506714,1.1740931272506714,,,,
388,2717,,,0.38530153036117554,,0.3338070809841156,0.3338070809841156,,,,
388,2718,,,0.9593338966369629,,0.9078357815742493,0.9078357815742493,,,,
388,2719,,,0.6327881217002869,,0.5812850594520569,0.5812850594520569,,,,
388,2720,,,0.7279372811317444,,0.6764277219772339,0.6764277219772339,,,,
388,2721,,,0.6952641010284424,,0.6437494158744812,0.6437494158744812,,,,
388,2722,,,0.5072391033172607,,0.4557183086872101,0.4557183086872101,,,,
,388,,,,,,,,,0.9075407981872559,0.9075407981872559
388,2722,,,,,,,0.9075407981872559,0.9075407981872559,,
388,2722,0.7040144205093384,0.755517303943634,,0.7040144205093384,,,,,,
389,2723,,,0.3398273289203644,,0.28830140829086304,0.28830140829086304,,,,
389,2724,,,1.0916131734848022,,1.0400824546813965,1.0400824546813965,,,,
389,2725,,,0.7391967177391052,,0.6876607537269592,0.6876607537269592,,,,
389,2726,,,1.2076550722122192,,1.1561139822006226,1.1561139822006226,,,,
389,2727,,,0.7190300226211548,,0.6674830913543701,0.6674830913543701,,,,
389,2728,,,0.5037524700164795,,0.45220082998275757,0.45220082998275757,,,,
389,2729,,,0.5319579839706421,,0.48040059208869934,0.48040059208869934,,,,
,389,,,,,,,,,0.9016824960708618,0.9016824960708618
389,2729,,,,,,,0.9016824960708618,0.9016824960708618,,
389,2729,0.7014890313148499,0.7530288100242615,,0.7014890313148499,,,,,,
390,2730,,,1.3796272277832031,,1.3280651569366455,1.3280651569366455,,,,
390,2731,,,0.8896958827972412,,0.8381286263465881,0.8381286263465881,,,,
390,2732,,,0.7551892995834351,,0.7036181688308716,0.7036181688308716,,,,
390,2733,,,0.6017118692398071,,0.5501349568367004,0.5501349568367004,,,,
390,2734,,,0.5501104593276978,,0.4985288083553314,0.4985288083553314,,,,
390,2735,,,0.4311528503894806,,0.3795667290687561,0.3795667290687561,,,,
390,2736,,,0.46022069454193115,,0.4086284637451172,0.4086284637451172,,,,
,390,,,,,,,,,0.8832686543464661,0.8832686543464661
390,2736,,,,,,,0.8832686543464661,0.8832686543464661,,
390,2736,0.6982396245002747,0.7498148679733276,,0.6982396245002747,,,,,,
391,2737,,,0.6025295257568359,,0.5509309768676758,0.5509309768676758,,,,
391,2738,,,1.0492372512817383,,0.9976334571838379,0.9976334571838379,,,,
391,2739,,,0.3227226734161377,,0.27111342549324036,0.27111342549324036,,,,
391,2740,,,0.8488498330116272,,0.7972357869148254,0.7972357869148254,,,,
391,2741,,,0.843442440032959,,0.7918220162391663,0.7918220162391663,,,,
391,2742,,,0.7535557150840759,,0.7019311785697937,0.7019311785697937,,,,
391,2743,,,0.9067360162734985,,0.8551064729690552,0.8551064729690552,,,,
,391,,,,,,,,,0.8570430874824524,0.8570430874824524
391,2743,,,,,,,0.8570430874824524,0.8570430874824524,,
391,2743,0.6951108574867249,0.7467236518859863,,0.6951108574867249,,,,,,
392,2744,,,0.7649059295654297,,0.7132699489593506,0.7132699489593506,,,,
392,2745,,,0.794449508190155,,0.7428082823753357,0.7428082823753357,,,,
392,2746,,,1.2401459217071533,,1.1885004043579102,1.1885004043579102,,,,
392,2747,,,0.8308189511299133,,0.7791683077812195,0.7791683077812195,,,,
392,2748,,,0.5098868012428284,,0.4582289159297943,0.4582289159297943,,,,
392,2749,,,0.45166248083114624,,0.3999987244606018,0.3999987244606018,,,,
392,2750,,,0.3949771821498871,,0.34330928325653076,0.34330928325653076,,,,
,392,,,,,,,,,0.8447473049163818,0.8447473049163818
392,2750,,,,,,,0.8447472453117371,0.8447472453117371,,
392,2750,0.6918769478797913,0.7435272932052612,,0.6918769478797913,,,,,,
393,2751,,,1.0256353616714478,,0.9739632606506348,0.9739632606506348,,,,
393,2752,,,0.32251471281051636,,0.2708367109298706,0.2708367109298706,,,,
393,2753,,,0.7494489550590515,,0.6977658867835999,0.6977658867835999,,,,
393,2754,,,0.7936274409294128,,0.7419391870498657,0.7419391870498657,,,,
393,2755,,,0.8171566128730774,,0.7654639482498169,0.7654639482498169,,,,
393,2756,,,0.6584175825119019,,0.6067203879356384,0.6067203879356384,,,,
393,2757,,,0.9577722549438477,,0.9060699343681335,0.9060699343681335,,,,
,393,,,,,,,,,0.8481387495994568,0.8481387495994568
393,2757,,,,,,,0.8481387495994568,0.8481387495994568,,
393,2757,0.6896415948867798,0.7413279414176941,,0.6896415948867798,,,,,,
394,2758,,,0.4863061308860779,,0.4345979392528534,0.4345979392528534,,,,
394,2759,,,0.8834339380264282,,0.8317216634750366,0.8317216634750366,,,,
394,2760,,,0.8002474904060364,,0.7485304474830627,0.7485304474830627,,,,
394,2761,,,0.5145520567893982,,0.46282958984375,0.46282958984375,,,,
394,2762,,,0.6009522080421448,,0.5492238998413086,0.5492238998413086,,,,
394,2763,,,1.2118797302246094,,1.1601465940475464,1.1601465940475464,,,,
394,2764,,,0.5540159940719604,,0.5022774338722229,0.5022774338722229,,,,
,394,,,,,,,,,0.855390727519989,0.855390727519989
394,2764,,,,,,,0.855390727519989,0.855390727519989,,
394,2764,0.686337947845459,0.7380592226982117,,0.686337947845459,,,,,,
395,2765,,,0.6309294700622559,,0.5791857242584229,0.5791857242584229,,,,
395,2766,,,0.5886790752410889,,0.5369302034378052,0.5369302034378052,,,,
395,2767,,,0.7307966947555542,,0.6790435314178467,0.6790435314178467,,,,
395,2768,,,0.6337684988975525,,0.5820104479789734,0.5820104479789734,,,,
395,2769,,,1.0332512855529785,,0.981488049030304,0.981488049030304,,,,
395,2770,,,0.7086750268936157,,0.6569072604179382,0.6569072604179382,,,,
395,2771,,,0.9559178948402405,,0.9041442275047302,0.9041442275047302,,,,
,395,,,,,,,,,0.8518404960632324,0.8518404960632324
395,2771,,,,,,,0.8518404960632324,0.8518404960632324,,
395,2771,0.6830775141716003,0.7348343133926392,,0.6830775141716003,,,,,,
396,2772,,,0.5206982493400574,,0.46891874074935913,0.46891874074935913,,,,
396,2773,,,0.47204217314720154,,0.4202571213245392,0.4202571213245392,,,,
396,2774,,,0.4637626111507416,,0.411973237991333,0.411973237991333,,,,
396,2775,,,0.8646692037582397,,0.8128749132156372,0.8128749132156372,,,,
396,2776,,,1.426352858543396,,1.374552845954895,1.374552845954895,,,,
396,2777,,,0.4453659951686859,,0.39356088638305664,0.39356088638305664,,,,
396,2778,,,1.257843017578125,,1.2060322761535645,1.2060322761535645,,,,
,396,,,,,,,,,0.8519342541694641,0.8519342541694641
396,2778,,,,,,,0.8519342541694641,0.8519342541694641,,
396,2778,0.6799058318138123,0.7316991686820984,,0.6799058318138123,,,,,,
397,2779,,,0.5856227874755859,,0.533808171749115,0.533808171749115,,,,
397,2780,,,0.5619858503341675,,0.5101651549339294,0.5101651549339294,,,,
397,2781,,,0.8739846348762512,,0.8221590518951416,0.8221590518951416,,,,
397,2782,,,0.8527378439903259,,0.8009076118469238,0.8009076118469238,,,,
397,2783,,,0.8102743625640869,,0.7584381699562073,0.7584381699562073,,,,
397,2784,,,0.7977752685546875,,0.7459366321563721,0.7459366321563721,,,,
397,2785,,,0.43819481134414673,,0.3863505721092224,0.3863505721092224,,,,
,397,,,,,,,,,0.8406214118003845,0.8406214118003845
397,2785,,,,,,,0.8406214118003845,0.8406214118003845,,
397,2785,0.6770659685134888,0.7288947105407715,,0.6770659685134888,,,,,,
398,2786,,,0.5929142832756042,,0.5410636067390442,0.5410636067390442,,,,
398,2787,,,1.0087013244628906,,0.9568455815315247,0.9568455815315247,,,,
398,2788,,,1.3671058416366577,,1.3152447938919067,1.3152447938919067,,,,
398,2789,,,0.4963185489177704,,0.4444529414176941,0.4444529414176941,,,,
398,2790,,,0.5491752028465271,,0.49730440974235535,0.49730440974235535,,,,
398,2791,,,0.4652337431907654,,0.41335776448249817,0.41335776448249817,,,,
398,2792,,,0.3970433473587036,,0.3451620638370514,0.3451620638370514,,,,
,398,,,,,,,,,0.8266242742538452,0.8266242742538452
398,2792,,,,,,,0.8266242742538452,0.8266242742538452,,
398,2792,0.674149751663208,0.7260141372680664,,0.674149751663208,,,,,,
399,2793,,,0.9219350814819336,,0.8700491786003113,0.8700491786003113,,,,
399,2794,,,0.9292199015617371,,0.87732994556427,0.87732994556427,,,,
399,2795,,,0.4668619632720947,,0.41496655344963074,0.41496655344963074,,,,
399,2796,,,1.0005155801773071,,0.948616087436676,0.948616087436676,,,,
399,2797,,,0.5716317892074585,,0.5197275876998901,0.5197275876998901,,,,
399,2798,,,0.5690112113952637,,0.5171011090278625,0.5171011090278625,,,,
399,2799,,,0.4131585955619812,,0.3612433671951294,0.3612433671951294,,,,
,399,,,,,,,,,0.8021447658538818,0.8021447658538818
399,2799,,,,,,,0.8021447062492371,0.8021447062492371,,
399,2799,0.6718834042549133,0.723781943321228,,0.6718834042549133,,,,,,
400,2800,,,1.2719537019729614,,1.220032811164856,1.220032811164856,,,,
400,2801,,,0.4196058511734009,,0.36768072843551636,0.36768072843551636,,,,
400,2802,,,1.0731894969940186,,1.0212593078613281,1.0212593078613281,,,,
400,2803,,,0.5280886292457581,,0.47615307569503784,0.47615307569503784,,,,
400,2804,,,0.6123576164245605,,0.5604171752929688,0.5604171752929688,,,,
400,2805,,,0.6132110357284546,,0.561264157295227,0.561264157295227,,,,
400,2806,,,0.1970343291759491,,0.14508290588855743,0.14508290588855743,,,,
,400,,,,,,,,,0.7846450805664062,0.7846450805664062
400,2806,,,,,,,0.7846450805664062,0.7846450805664062,,
400,2806,0.6684256196022034,0.7203598618507385,,0.6684256196022034,,,,,,
401,2807,,,0.4966833293437958,,0.44472813606262207,0.44472813606262207,,,,
401,2808,,,0.49796074628829956,,0.4460005760192871,0.4460005760192871,,,,
401,2809,,,0.8762657642364502,,0.8243009448051453,0.8243009448051453,,,,
401,2810,,,1.3009430170059204,,1.2489728927612305,1.2489728927612305,,,,
401,2811,,,0.32548704743385315,,0.27351176738739014,0.27351176738739014,,,,
401,2812,,,0.6906263828277588,,0.63864666223526,0.63864666223526,,,,
401,2813,,,1.0373905897140503,,0.9854055643081665,0.9854055643081665,,,,
,401,,,,,,,,,0.787899911403656,0.787899911403656
401,2813,,,,,,,0.787899911403656,0.787899911403656,,
401,2813,0.6659903526306152,0.7179588675498962,,0.6659903526306152,,,,,,
402,2814,,,0.49580007791519165,,0.4438115358352661,0.4438115358352661,,,,
402,2815,,,0.5505877137184143,,0.4985939562320709,0.4985939562320709,,,,
402,2816,,,0.38215407729148865,,0.3301560878753662,0.3301560878753662,,,,
402,2817,,,0.7209299802780151,,0.6689273118972778,0.6689273118972778,,,,
402,2818,,,0.625504195690155,,0.5734967589378357,0.5734967589378357,,,,
402,2819,,,1.0051445960998535,,0.9531307220458984,0.9531307220458984,,,,
402,2820,,,2.0811045169830322,,2.0290865898132324,2.0290865898132324,,,,
,402,,,,,,,,,0.7907527089118958,0.7907527089118958
402,2820,,,,,,,0.7907527089118958,0.7907527089118958,,
402,2820,0.6633763313293457,0.7153780460357666,,0.6633763313293457,,,,,,
403,2821,,,0.5404090881347656,,0.48838791251182556,0.48838791251182556,,,,
403,2822,,,0.4367792010307312,,0.3847530782222748,0.3847530782222748,,,,
403,2823,,,1.201902985572815,,1.1498723030090332,1.1498723030090332,,,,
403,2824,,,0.45304304361343384,,0.40100815892219543,0.40100815892219543,,,,
403,2825,,,1.0080697536468506,,0.9560295939445496,0.9560295939445496,,,,
403,2826,,,0.714880108833313,,0.6628348231315613,0.6628348231315613,,,,
403,2827,,,0.5027444958686829,,0.4506944715976715,0.4506944715976715,,,,
,403,,,,,,,,,0.7943698763847351,0.7943698763847351
403,2827,,,,,,,0.7943698763847351,0.7943698763847351,,
403,2827,0.660689651966095,0.7127236127853394,,0.660689651966095,,,,,,
404,2828,,,0.39962899684906006,,0.34757542610168457,0.34757542610168457,,,,
404,2829,,,0.6804548501968384,,0.6283971071243286,0.6283971071243286,,,,
404,2830,,,0.8712458610534668,,0.8191824555397034,0.8191824555397034,,,,
404,2831,,,0.6157132983207703,,0.5636449456214905,0.5636449456214905,,,,
404,2832,,,0.9549422264099121,,0.9028682708740234,0.9028682708740234,,,,
404,2833,,,0.6453016400337219,,0.5932236909866333,0.5932236909866333,,,,
404,2834,,,0.9559696912765503,,0.9038875699043274,0.9038875699043274,,,,
,404,,,,,,,,,0.8047332763671875,0.8047332763671875
404,2834,,,,,,,0.8047332763671875,0.8047332763671875,,
404,2834,0.6578587293624878,0.7099255323410034,,0.6578587293624878,,,,,,
405,2835,,,0.5169156193733215,,0.46482864022254944,0.46482864022254944,,,,
405,2836,,,0.7380166053771973,,0.6859238147735596,0.6859238147735596,,,,
405,2837,,,0.9656952023506165,,0.9135963916778564,0.9135963916778564,,,,
405,2838,,,0.7108331918716431,,0.6587300896644592,0.6587300896644592,,,,
405,2839,,,0.7350049018859863,,0.6828979253768921,0.6828979253768921,,,,
405,2840,,,0.6302579045295715,,0.57814621925354,0.57814621925354,,,,
405,2841,,,0.5700525045394897,,0.5179361701011658,0.5179361701011658,,,,
,405,,,,,,,,,0.8090226650238037,0.8090226650238037
405,2841,,,,,,,0.8090226054191589,0.8090226054191589,,
405,2841,0.6554272770881653,0.7075283527374268,,0.6554272770881653,,,,,,
406,2842,,,0.5493099093437195,,0.49718931317329407,0.49718931317329407,,,,
406,2843,,,0.7228565216064453,,0.6707316637039185,0.6707316637039185,,,,
406,2844,,,1.1681883335113525,,1.1160600185394287,1.1160600185394287,,,,
406,2845,,,0.47422194480895996,,0.42209023237228394,0.42209023237228394,,,,
406,2846,,,0.6510084867477417,,0.5988725423812866,0.5988725423812866,,,,
406,2847,,,0.5424076318740845,,0.4902653992176056,0.4902653992176056,,,,
406,2848,,,1.0420997142791748,,0.9899519681930542,0.9899519681930542,,,,
,406,,,,,,,,,0.8148219585418701,0.8148219585418701
406,2848,,,,,,,0.8148218989372253,0.8148218989372253,,
406,2848,0.6535593867301941,0.7056910395622253,,0.6535593867301941,,,,,,
407,2849,,,0.8100641965866089,,0.7579101324081421,0.7579101324081421,,,,
407,2850,,,0.5230828523635864,,0.470922589302063,0.470922589302063,,,,
407,2851,,,0.7156006097793579,,0.6634357571601868,0.6634357571601868,,,,
407,2852,,,0.6893453598022461,,0.6371756196022034,0.6371756196022034,,,,
407,2853,,,1.0081651210784912,,0.9559894800186157,0.9559894800186157,,,,
407,2854,,,0.6085737943649292,,0.556395411491394,0.556395411491394,,,,
407,2855,,,0.3180106282234192,,0.26582658290863037,0.26582658290863037,,,,
,407,,,,,,,,,0.79338139295578,0.79338139295578
407,2855,,,,,,,0.79338139295578,0.79338139295578,,
407,2855,0.6496493220329285,0.7018173933029175,,0.6496493220329285,,,,,,
408,2856,,,0.42881152033805847,,0.3766222298145294,0.3766222298145294,,,,
408,2857,,,0.5502840876579285,,0.4980912506580353,0.4980912506580353,,,,
408,2858,,,0.6374357342720032,,0.5852380394935608,0.5852380394935608,,,,
408,2859,,,0.9880772829055786,,0.9358741641044617,0.9358741641044617,,,,
408,2860,,,0.4162694811820984,,0.36406049132347107,0.36406049132347107,,,,
408,2861,,,1.3040944337844849,,1.251880407333374,1.251880407333374,,,,
408,2862,,,0.3546299934387207,,0.30241137742996216,0.30241137742996216,,,,
,408,,,,,,,,,0.7812249660491943,0.7812249660491943
408,2862,,,,,,,0.7812249064445496,0.7812249064445496,,
408,2862,0.6470856070518494,0.6992876529693604,,0.6470856070518494,,,,,,
409,2863,,,1.3589942455291748,,1.306771159172058,1.306771159172058,,,,
409,2864,,,0.6741995811462402,,0.6219726204872131,0.6219726204872131,,,,
409,2865,,,0.5226864814758301,,0.47045430541038513,0.47045430541038513,,,,
409,2866,,,0.6217578649520874,,0.5695202946662903,0.5695202946662903,,,,
409,2867,,,0.3132155239582062,,0.260972261428833,0.260972261428833,,,,
409,2868,,,0.39925095438957214,,0.34700384736061096,0.34700384736061096,,,,
409,2869,,,1.4709726572036743,,1.4187214374542236,1.4187214374542236,,,,
,409,,,,,,,,,0.767937421798706,0.767937421798706
409,2869,,,,,,,0.7679373621940613,0.7679373621940613,,
409,2869,0.6445043087005615,0.6967402696609497,,0.6445043087005615,,,,,,
410,2870,,,0.9262654185295105,,0.8740077018737793,0.8740077018737793,,,,
410,2871,,,1.2598686218261719,,1.207607388496399,1.207607388496399,,,,
410,2872,,,0.3632161319255829,,0.31094932556152344,0.31094932556152344,,,,
410,2873,,,0.5896779298782349,,0.5374069809913635,0.5374069809913635,,,,
410,2874,,,0.6924267411231995,,0.640150785446167,0.640150785446167,,,,
410,2875,,,0.39885595440864563,,0.34657415747642517,0.34657415747642517,,,,
410,2876,,,0.5107627511024475,,0.4584764242172241,0.4584764242172241,,,,
,410,,,,,,,,,0.7590378522872925,0.7590378522872925
410,2876,,,,,,,0.7590378522872925,0.7590378522872925,,
410,2876,0.6413529515266418,0.6936230659484863,,0.6413529515266418,,,,,,
411,2877,,,1.1446335315704346,,1.0923418998718262,1.0923418998718262,,,,
411,2878,,,0.5907865166664124,,0.5384902358055115,0.5384902358055115,,,,
411,2879,,,0.3371416926383972,,0.28484073281288147,0.28484073281288147,,,,
411,2880,,,0.8727464079856873,,0.820441484451294,0.820441484451294,,,,
411,2881,,,0.5254908204078674,,0.47318148612976074,0.47318148612976074,,,,
411,2882,,,0.5607877373695374,,0.5084741711616516,0.5084741711616516,,,,
411,2883,,,0.9952257871627808,,0.9429057836532593,0.9429057836532593,,,,
,411,,,,,,,,,0.7641809582710266,0.7641809582710266
411,2883,,,,,,,0.7641809582710266,0.7641809582710266,,
411,2883,0.6386446356773376,0.6909484267234802,,0.6386446356773376,,,,,,
412,2884,,,0.6564450860023499,,0.6041198968887329,0.6041198968887329,,,,
412,2885,,,1.0539418458938599,,1.0016121864318848,1.0016121864318848,,,,
412,2886,,,0.5086272358894348,,0.4562923312187195,0.4562923312187195,,,,
412,2887,,,0.8199003338813782,,0.7675608396530151,0.7675608396530151,,,,
412,2888,,,0.5999253988265991,,0.547580361366272,0.547580361366272,,,,
412,2889,,,0.5729867815971375,,0.5206374526023865,0.5206374526023865,,,,
412,2890,,,0.45711183547973633,,0.40475741028785706,0.40475741028785706,,,,
,412,,,,,,,,,0.7713565230369568,0.7713565230369568
412,2890,,,,,,,0.7713565230369568,0.7713565230369568,,
412,2890,0.6352292895317078,0.6875675320625305,,0.6352292895317078,,,,,,
413,2891,,,0.8845596313476562,,0.8322005271911621,0.8322005271911621,,,,
413,2892,,,0.5417368412017822,,0.4893721640110016,0.4893721640110016,,,,
413,2893,,,0.38324683904647827,,0.3308770954608917,0.3308770954608917,,,,
413,2894,,,0.3403239846229553,,0.28794971108436584,0.28794971108436584,,,,
413,2895,,,0.6958908438682556,,0.6435122489929199,0.6435122489929199,,,,
413,2896,,,0.6706807017326355,,0.6182971596717834,0.6182971596717834,,,,
413,2897,,,2.247398614883423,,2.19500994682312,2.19500994682312,,,,
,413,,,,,,,,,0.7627807855606079,0.7627807855606079
413,2897,,,,,,,0.7627807855606079,0.7627807855606079,,
413,2897,0.6314254403114319,0.6837981939315796,,0.6314254403114319,,,,,,
414,2898,,,0.6240342855453491,,0.5716415047645569,0.5716415047645569,,,,
414,2899,,,0.4811643362045288,,0.42876702547073364,0.42876702547073364,,,,
414,2900,,,0.291014164686203,,0.23861241340637207,0.23861241340637207,,,,
414,2901,,,0.9483106732368469,,0.8959051370620728,0.8959051370620728,,,,
414,2902,,,0.9388775825500488,,0.8864664435386658,0.8864664435386658,,,,
414,2903,,,0.7285580039024353,,0.676142156124115,0.676142156124115,,,,
414,2904,,,0.8796492218971252,,0.827228844165802,0.827228844165802,,,,
,414,,,,,,,,,0.7570249438285828,0.7570249438285828
414,2904,,,,,,,0.7570249438285828,0.7570249438285828,,
414,2904,0.6286659836769104,0.6810709834098816,,0.6286659836769104,,,,,,
415,2905,,,1.3337461948394775,,1.281319499015808,1.281319499015808,,,,
415,2906,,,0.46513262391090393,,0.41270190477371216,0.41270190477371216,,,,
415,2907,,,0.5665450096130371,,0.5141099095344543,0.5141099095344543,,,,
415,2908,,,0.629717230796814,,0.5772777795791626,0.5772777795791626,,,,
415,2909,,,0.7800514698028564,,0.7276068329811096,0.7276068329811096,,,,
415,2910,,,0.4399672746658325,,0.38751789927482605,0.38751789927482605,,,,
415,2911,,,0.297651469707489,,0.24519605934619904,0.24519605934619904,,,,
,415,,,,,,,,,0.7407682538032532,0.7407682538032532
415,2911,,,,,,,0.7407682538032532,0.7407682538032532,,
415,2911,0.6262717247009277,0.6787104606628418,,0.6262717247009277,,,,,,
416,2912,,,0.5250880122184753,,0.47262805700302124,0.47262805700302124,,,,
416,2913,,,0.5353230237960815,,0.4828580319881439,0.4828580319881439,,,,
416,2914,,,0.9271523356437683,,0.8746810555458069,0.8746810555458069,,,,
416,2915,,,0.5445774793624878,,0.4921008348464966,0.4921008348464966,,,,
416,2916,,,0.8411349058151245,,0.7886528968811035,0.7886528968811035,,,,
416,2917,,,0.5312577486038208,,0.47877222299575806,0.47877222299575806,,,,
416,2918,,,1.0750857591629028,,1.0225954055786133,1.0225954055786133,,,,
,416,,,,,,,,,0.7263579368591309,0.7263579368591309
416,2918,,,,,,,0.7263579368591309,0.7263579368591309,,
416,2918,0.6232417821884155,0.6757161617279053,,0.6232417821884155,,,,,,
417,2919,,,0.5053935647010803,,0.4529007077217102,0.4529007077217102,,,,
417,2920,,,0.689024806022644,,0.6365274786949158,0.6365274786949158,,,,
417,2921,,,0.9909313321113586,,0.9384297132492065,0.9384297132492065,,,,
417,2922,,,0.6488907337188721,,0.5963851809501648,0.5963851809501648,,,,
417,2923,,,0.8651504516601562,,0.8126401901245117,0.8126401901245117,,,,
417,2924,,,0.36267632246017456,,0.3101631999015808,0.3101631999015808,,,,
417,2925,,,0.623673677444458,,0.5711555480957031,0.5711555480957031,,,,
,417,,,,,,,,,0.701576828956604,0.701576828956604
417,2925,,,,,,,0.701576828956604,0.701576828956604,,
417,2925,0.6213693618774414,0.6738736629486084,,0.6213693618774414,,,,,,
418,2926,,,0.5563832521438599,,0.5038564801216125,0.5038564801216125,,,,
418,2927,,,0.9501956701278687,,0.8976645469665527,0.8976645469665527,,,,
418,2928,,,0.6088037490844727,,0.5562691688537598,0.5562691688537598,,,,
418,2929,,,0.5218144655227661,,0.46927523612976074,0.46927523612976074,,,,
418,2930,,,0.8521329164505005,,0.7995894551277161,0.7995894551277161,,,,
418,2931,,,0.574911892414093,,0.5223623514175415,0.5223623514175415,,,,
418,2932,,,0.5534737706184387,,0.5009186863899231,0.5009186863899231,,,,
,418,,,,,,,,,0.6790066957473755,0.6790066957473755
418,2932,,,,,,,0.6790066957473755,0.6790066957473755,,
418,2932,0.6175469160079956,0.6700853705406189,,0.6175469160079956,,,,,,
419,2933,,,0.5722990036010742,,0.5197386145591736,0.5197386145591736,,,,
419,2934,,,0.9556688666343689,,0.9031027555465698,0.9031027555465698,,,,
419,2935,,,0.5389366745948792,,0.48636525869369507,0.48636525869369507,,,,
419,2936,,,0.4798102080821991,,0.42723509669303894,0.42723509669303894,,,,
419,2937,,,0.7787066698074341,,0.7261276841163635,0.7261276841163635,,,,
419,2938,,,0.6678448915481567,,0.6152615547180176,0.6152615547180176,,,,
419,2939,,,0.7135921716690063,,0.6610034704208374,0.6610034704208374,,,,
,419,,,,,,,,,0.6684662103652954,0.6684662103652954
419,2939,,,,,,,0.6684662103652954,0.6684662103652954,,
419,2939,0.615797221660614,0.6683707237243652,,0.615797221660614,,,,,,
420,2940,,,0.5961778163909912,,0.5435836315155029,0.5435836315155029,,,,
420,2941,,,0.9867385029792786,,0.9341389536857605,0.9341389536857605,,,,
420,2942,,,0.3975481688976288,,0.3449440598487854,0.3449440598487854,,,,
420,2943,,,0.8709941506385803,,0.8183860778808594,0.8183860778808594,,,,
420,2944,,,0.49730736017227173,,0.4446946680545807,0.4446946680545807,,,,
420,2945,,,0.8176342248916626,,0.7650169730186462,0.7650169730186462,,,,
420,2946,,,0.1914663314819336,,0.13884368538856506,0.13884368538856506,,,,
,420,,,,,,,,,0.6674062609672546,0.6674062609672546
420,2946,,,,,,,0.6674062609672546,0.6674062609672546,,
420,2946,0.6122087836265564,0.6648156642913818,,0.6122087836265564,,,,,,
421,2947,,,0.8485543131828308,,0.7959277629852295,0.7959277629852295,,,,
421,2948,,,0.606913149356842,,0.5542817115783691,0.5542817115783691,,,,
421,2949,,,0.47835639119148254,,0.4257195293903351,0.4257195293903351,,,,
421,2950,,,0.4598008990287781,,0.4071589410305023,0.4071589410305023,,,,
421,2951,,,0.7206445336341858,,0.6679969429969788,0.6679969429969788,,,,
421,2952,,,0.4364432394504547,,0.38379237055778503,0.38379237055778503,,,,
421,2953,,,1.7817823886871338,,1.7291266918182373,1.7291266918182373,,,,
,421,,,,,,,,,0.6674882173538208,0.6674882173538208
421,2953,,,,,,,0.6674882173538208,0.6674882173538208,,
421,2953,0.6091450452804565,0.6617853045463562,,0.6091450452804565,,,,,,
422,2954,,,0.39212268590927124,,0.33946558833122253,0.33946558833122253,,,,
422,2955,,,0.6118871569633484,,0.5592266321182251,0.5592266321182251,,,,
422,2956,,,0.7629050016403198,,0.7102393507957458,0.7102393507957458,,,,
422,2957,,,0.6532278656959534,,0.6005581021308899,0.6005581021308899,,,,
422,2958,,,0.9215967655181885,,0.8689228296279907,0.8689228296279907,,,,
422,2959,,,0.6240673065185547,,0.5713897347450256,0.5713897347450256,,,,
422,2960,,,0.6248945593833923,,0.5722116827964783,0.5722116827964783,,,,
,422,,,,,,,,,0.6774800419807434,0.6774800419807434
422,2960,,,,,,,0.6774800419807434,0.6774800419807434,,
422,2960,0.6061775088310242,0.658845841884613,,0.6061775088310242,,,,,,
423,2961,,,0.5987871289253235,,0.5461001396179199,0.5461001396179199,,,,
423,2962,,,0.34853020310401917,,0.2958383560180664,0.2958383560180664,,,,
423,2963,,,0.6266292333602905,,0.573933482170105,0.573933482170105,,,,
423,2964,,,0.9458814859390259,,0.8931817412376404,0.8931817412376404,,,,
423,2965,,,0.45156362652778625,,0.39886054396629333,0.39886054396629333,,,,
423,2966,,,0.8781936168670654,,0.8254855275154114,0.8254855275154114,,,,
423,2967,,,0.859596848487854,,0.8068838715553284,0.8068838715553284,,,,
,423,,,,,,,,,0.6782522201538086,0.6782522201538086
423,2967,,,,,,,0.6782522201538086,0.6782522201538086,,
423,2967,0.6017225384712219,0.6544210314750671,,0.6017225384712219,,,,,,
424,2968,,,0.6564903259277344,,0.6037718653678894,0.6037718653678894,,,,
424,2969,,,1.1076622009277344,,1.0549392700195312,1.0549392700195312,,,,
424,2970,,,0.47148022055625916,,0.418753445148468,0.418753445148468,,,,
424,2971,,,0.30550339818000793,,0.25277119874954224,0.25277119874954224,,,,
424,2972,,,0.42837974429130554,,0.37564387917518616,0.37564387917518616,,,,
424,2973,,,0.8771090507507324,,0.8243687748908997,0.8243687748908997,,,,
424,2974,,,0.8145701289176941,,0.7618245482444763,0.7618245482444763,,,,
,424,,,,,,,,,0.6747289896011353,0.6747289896011353
424,2974,,,,,,,0.6747289896011353,0.6747289896011353,,
424,2974,0.5985776782035828,0.651308000087738,,0.5985776782035828,,,,,,
425,2975,,,0.3480188846588135,,0.29526859521865845,0.29526859521865845,,,,
425,2976,,,0.4719085097312927,,0.41915446519851685,0.41915446519851685,,,,
425,2977,,,0.7861272096633911,,0.7333685755729675,0.7333685755729675,,,,
425,2978,,,0.3695581555366516,,0.31679418683052063,0.31679418683052063,,,,
425,2979,,,0.8332716822624207,,0.7805038094520569,0.7805038094520569,,,,
425,2980,,,1.2250555753707886,,1.1722832918167114,1.1722832918167114,,,,
425,2981,,,0.26660215854644775,,0.21382465958595276,0.21382465958595276,,,,
,425,,,,,,,,,0.6757772564888,0.6757772564888
425,2981,,,,,,,0.6757772564888,0.6757772564888,,
425,2981,0.5956952571868896,0.6484573483467102,,0.5956952571868896,,,,,,
426,2982,,,0.5696932077407837,,0.516910970211029,0.516910970211029,,,,
426,2983,,,0.4959724247455597,,0.4431852102279663,0.4431852102279663,,,,
426,2984,,,0.3906066417694092,,0.33781489729881287,0.33781489729881287,,,,
426,2985,,,0.8985617160797119,,0.8457642793655396,0.8457642793655396,,,,
426,2986,,,0.8513498306274414,,0.79854816198349,0.79854816198349,,,,
426,2987,,,0.4758169949054718,,0.42301124334335327,0.42301124334335327,,,,
426,2988,,,1.1503478288650513,,1.0975381135940552,1.0975381135940552,,,,
,426,,,,,,,,,0.6686862707138062,0.6686862707138062
426,2988,,,,,,,0.6686862707138062,0.6686862707138062,,
426,2988,0.5924410223960876,0.6452363133430481,,0.5924410223960876,,,,,,
427,2989,,,0.7344671487808228,,0.6816519498825073,0.6816519498825073,,,,
427,2990,,,0.5210683345794678,,0.4682489335536957,0.4682489335536957,,,,
427,2991,,,0.995059609413147,,0.9422356486320496,0.9422356486320496,,,,
427,2992,,,0.6156203746795654,,0.5627931356430054,0.5627931356430054,,,,
427,2993,,,0.6175938248634338,,0.5647614002227783,0.5647614002227783,,,,
427,2994,,,0.3377261161804199,,0.28488820791244507,0.28488820791244507,,,,
427,2995,,,0.7054873108863831,,0.6526446342468262,0.6526446342468262,,,,
,427,,,,,,,,,0.669648289680481,0.669648289680481
427,2995,,,,,,,0.669648289680481,0.669648289680481,,
427,2995,0.5881288051605225,0.6409557461738586,,0.5881288051605225,,,,,,
428,2996,,,0.6725630164146423,,0.6197159886360168,0.6197159886360168,,,,
428,2997,,,0.995660662651062,,0.9428080916404724,0.9428080916404724,,,,
428,2998,,,0.6269155740737915,,0.5740577578544617,0.5740577578544617,,,,
428,2999,,,0.5680240988731384,,0.5151616334915161,0.5151616334915161,,,,
428,3000,,,0.7262421250343323,,0.6733755469322205,0.6733755469322205,,,,
428,3001,,,0.40844449400901794,,0.3555736243724823,0.3555736243724823,,,,
428,3002,,,0.17896203696727753,,0.1260860115289688,0.1260860115289688,,,,
,428,,,,,,,,,0.6648477911949158,0.6648477911949158
428,3002,,,,,,,0.6648477911949158,0.6648477911949158,,
428,3002,0.5847803950309753,0.6376408338546753,,0.5847803950309753,,,,,,
429,3003,,,0.5407004952430725,,0.48782190680503845,0.48782190680503845,,,,
429,3004,,,0.5274784564971924,,0.47459501028060913,0.47459501028060913,,,,
429,3005,,,1.1036102771759033,,1.050722599029541,1.050722599029541,,,,
429,3006,,,0.9452138543128967,,0.8923218846321106,0.8923218846321106,,,,
429,3007,,,0.3400716185569763,,0.28717508912086487,0.28717508912086487,,,,
429,3008,,,0.40773382782936096,,0.3548335134983063,0.3548335134983063,,,,
429,3009,,,0.4623383581638336,,0.4094337224960327,0.4094337224960327,,,,
,429,,,,,,,,,0.6579666137695312,0.6579666137695312
429,3009,,,,,,,0.6579666137695312,0.6579666137695312,,
429,3009,0.5805502533912659,0.6334408521652222,,0.5805502533912659,,,,,,
430,3010,,,0.5179482698440552,,0.4650374948978424,0.4650374948978424,,,,
430,3011,,,0.3947819471359253,,0.3418658971786499,0.3418658971786499,,,,
430,3012,,,0.3708106279373169,,0.3178895115852356,0.3178895115852356,,,,
430,3013,,,0.6719234585762024,,0.6189966201782227,0.6189966201782227,,,,
430,3014,,,0.3572613000869751,,0.30432960391044617,0.30432960391044617,,,,
430,3015,,,1.036167025566101,,0.9832314848899841,0.9832314848899841,,,,
430,3016,,,1.8015936613082886,,1.7486536502838135,1.7486536502838135,,,,
,430,,,,,,,,,0.6317471861839294,0.6317471861839294
430,3016,,,,,,,0.6317471861839294,0.6317471861839294,,
430,3016,0.5783679485321045,0.6312925815582275,,0.5783679485321045,,,,,,
431,3017,,,0.38441529870033264,,0.3314725160598755,0.3314725160598755,,,,
431,3018,,,0.618089497089386,,0.5651417374610901,0.5651417374610901,,,,
431,3019,,,0.5489107370376587,,0.49595755338668823,0.49595755338668823,,,,
431,3020,,,0.5545559525489807,,0.5015977621078491,0.5015977621078491,,,,
431,3021,,,0.40995895862579346,,0.3569962978363037,0.3569962978363037,,,,
431,3022,,,1.3521054983139038,,1.2991390228271484,1.2991390228271484,,,,
431,3023,,,0.3680337369441986,,0.31506380438804626,0.31506380438804626,,,,
,431,,,,,,,,,0.6140537261962891,0.6140537261962891
431,3023,,,,,,,0.6140537261962891,0.6140537261962891,,
431,3023,0.5754437446594238,0.6283998489379883,,0.5754437446594238,,,,,,
432,3024,,,1.155500054359436,,1.1025255918502808,1.1025255918502808,,,,
432,3025,,,0.28763848543167114,,0.23465971648693085,0.23465971648693085,,,,
432,3026,,,0.7077106833457947,,0.6547279357910156,0.6547279357910156,,,,
432,3027,,,0.49625685811042786,,0.4432694911956787,0.4432694911956787,,,,
432,3028,,,0.7975428104400635,,0.7445515394210815,0.7445515394210815,,,,
432,3029,,,0.2726448178291321,,0.21964865922927856,0.21964865922927856,,,,
432,3030,,,0.729411244392395,,0.676410973072052,0.676410973072052,,,,
,432,,,,,,,,,0.6071822643280029,0.6071822643280029
432,3030,,,,,,,0.6071822047233582,0.6071822047233582,,
432,3030,0.5730254054069519,0.6260114312171936,,0.5730254054069519,,,,,,
433,3031,,,0.33296534419059753,,0.27995938062667847,0.27995938062667847,,,,
433,3032,,,0.6710474491119385,,0.618037223815918,0.618037223815918,,,,
433,3033,,,0.33684444427490234,,0.28382962942123413,0.28382962942123413,,,,
433,3034,,,0.5808170437812805,,0.5277979373931885,0.5277979373931885,,,,
433,3035,,,0.43126413226127625,,0.3782404363155365,0.3782404363155365,,,,
433,3036,,,1.3729373216629028,,1.3199090957641602,1.3199090957641602,,,,
433,3037,,,0.6715859174728394,,0.6185539364814758,0.6185539364814758,,,,
,433,,,,,,,,,0.595922589302063,0.595922589302063
433,3037,,,,,,,0.595922589302063,0.595922589302063,,
433,3037,0.5709382891654968,0.6239561438560486,,0.5709382891654968,,,,,,
434,3038,,,0.38059255480766296,,0.3275531232357025,0.3275531232357025,,,,
434,3039,,,0.4302087128162384,,0.37716469168663025,0.37716469168663025,,,,
434,3040,,,0.5791047811508179,,0.5260557532310486,0.5260557532310486,,,,
434,3041,,,0.936309814453125,,0.8832555413246155,0.8832555413246155,,,,
434,3042,,,0.5969138741493225,,0.5438551306724548,0.5438551306724548,,,,
434,3043,,,0.6039744019508362,,0.5509110689163208,0.5509110689163208,,,,
434,3044,,,1.165055274963379,,1.1119879484176636,1.1119879484176636,,,,
,434,,,,,,,,,0.5896418690681458,0.5896418690681458
434,3044,,,,,,,0.5896418690681458,0.5896418690681458,,
434,3044,0.5687515139579773,0.621803879737854,,0.5687515139579773,,,,,,
435,3045,,,0.4274933338165283,,0.37442007660865784,0.37442007660865784,,,,
435,3046,,,0.934746503829956,,0.8816673755645752,0.8816673755645752,,,,
435,3047,,,0.4554005563259125,,0.40231528878211975,0.40231528878211975,,,,
435,3048,,,0.49094468355178833,,0.43785563111305237,0.43785563111305237,,,,
435,3049,,,0.9592388868331909,,0.906144380569458,0.906144380569458,,,,
435,3050,,,0.5797209739685059,,0.5266227126121521,0.5266227126121521,,,,
435,3051,,,0.2704430818557739,,0.21734096109867096,0.21734096109867096,,,,
,435,,,,,,,,,0.5919473767280579,0.5919473767280579
435,3051,,,,,,,0.5919473767280579,0.5919473767280579,,
435,3051,0.566357433795929,0.6194449067115784,,0.566357433795929,,,,,,
436,3052,,,0.8626305460929871,,0.8095239400863647,0.8095239400863647,,,,
436,3053,,,0.8854199647903442,,0.8323098421096802,0.8323098421096802,,,,
436,3054,,,0.8313227295875549,,0.778207540512085,0.778207540512085,,,,
436,3055,,,0.5540489554405212,,0.5009286403656006,0.5009286403656006,,,,
436,3056,,,0.31404632329940796,,0.26092132925987244,0.26092132925987244,,,,
436,3057,,,0.3772474527359009,,0.3241182267665863,0.3241182267665863,,,,
436,3058,,,0.29490891098976135,,0.24177560210227966,0.24177560210227966,,,,
,436,,,,,,,,,0.5784397125244141,0.5784397125244141
436,3058,,,,,,,0.5784397125244141,0.5784397125244141,,
436,3058,0.5641843676567078,0.6173030734062195,,0.5641843676567078,,,,,,
437,3059,,,0.8060545921325684,,0.7529159188270569,0.7529159188270569,,,,
437,3060,,,0.333313524723053,,0.28017035126686096,0.28017035126686096,,,,
437,3061,,,1.2600808143615723,,1.2069331407546997,1.2069331407546997,,,,
437,3062,,,0.387876033782959,,0.33472347259521484,0.33472347259521484,,,,
437,3063,,,0.436504989862442,,0.383347749710083,0.383347749710083,,,,
437,3064,,,0.46845322847366333,,0.415291965007782,0.415291965007782,,,,
437,3065,,,0.603533148765564,,0.5503669381141663,0.5503669381141663,,,,
,437,,,,,,,,,0.5771938562393188,0.5771938562393188
437,3065,,,,,,,0.5771938562393188,0.5771938562393188,,
437,3065,0.5615325570106506,0.6146836280822754,,0.5615325570106506,,,,,,
438,3066,,,0.6973304152488708,,0.6441607475280762,0.6441607475280762,,,,
438,3067,,,0.9204320907592773,,0.8672575950622559,0.8672575950622559,,,,
438,3068,,,0.652309000492096,,0.5991315245628357,0.5991315245628357,,,,
438,3069,,,0.3515421450138092,,0.2983599305152893,0.2983599305152893,,,,
438,3070,,,0.6915643811225891,,0.6383777260780334,0.6383777260780334,,,,
438,3071,,,0.48054373264312744,,0.4273522198200226,0.4273522198200226,,,,
438,3072,,,0.29814738035202026,,0.24495090544223785,0.24495090544223785,,,,
,438,,,,,,,,,0.5813841819763184,0.5813841819763184
438,3072,,,,,,,0.5813841819763184,0.5813841819763184,,
438,3072,0.5594503879547119,0.6126316785812378,,0.5594503879547119,,,,,,
439,3073,,,1.0921334028244019,,1.0389339923858643,1.0389339923858643,,,,
439,3074,,,0.5912508368492126,,0.5380478501319885,0.5380478501319885,,,,
439,3075,,,0.33808234333992004,,0.28487429022789,0.28487429022789,,,,
439,3076,,,0.6526076197624207,,0.5993954539299011,0.5993954539299011,,,,
439,3077,,,0.5852320790290833,,0.5320166349411011,0.5320166349411011,,,,
439,3078,,,0.3519009053707123,,0.2986800968647003,0.2986800968647003,,,,
439,3079,,,0.7456245422363281,,0.692399799823761,0.692399799823761,,,,
,439,,,,,,,,,0.5798483490943909,0.5798483490943909
439,3079,,,,,,,0.5798483490943909,0.5798483490943909,,
439,3079,0.5571134090423584,0.6103240847587585,,0.5571134090423584,,,,,,
440,3080,,,0.3978765606880188,,0.3446466028690338,0.3446466028690338,,,,
440,3081,,,0.48009803891181946,,0.4268633723258972,0.4268633723258972,,,,
440,3082,,,0.7395600080490112,,0.6863207817077637,0.6863207817077637,,,,
440,3083,,,1.0788965225219727,,1.0256531238555908,1.0256531238555908,,,,
440,3084,,,0.5913549065589905,,0.538107693195343,0.538107693195343,,,,
440,3085,,,0.4294699430465698,,0.37621745467185974,0.37621745467185974,,,,
440,3086,,,0.42644980549812317,,0.3731927275657654,0.3731927275657654,,,,
,440,,,,,,,,,0.581000566482544,0.581000566482544
440,3086,,,,,,,0.5810006260871887,0.5810006260871887,,
440,3086,0.5549421310424805,0.608184278011322,,0.5549421310424805,,,,,,
441,3087,,,0.37545153498649597,,0.32219114899635315,0.32219114899635315,,,,
441,3088,,,0.8873969316482544,,0.8341318964958191,0.8341318964958191,,,,
441,3089,,,0.44526028633117676,,0.39199098944664,0.39199098944664,,,,
441,3090,,,0.6096878051757812,,0.5564138293266296,0.5564138293266296,,,,
441,3091,,,0.5317628979682922,,0.47848424315452576,0.47848424315452576,,,,
441,3092,,,0.9004849195480347,,0.8472011089324951,0.8472011089324951,,,,
441,3093,,,0.3128684461116791,,0.25958162546157837,0.25958162546157837,,,,
,441,,,,,,,,,0.5742117762565613,0.5742117762565613
441,3093,,,,,,,0.5742117762565613,0.5742117762565613,,
441,3093,0.5533735752105713,0.6066462993621826,,0.5533735752105713,,,,,,
442,3094,,,0.5713074207305908,,0.5180160403251648,0.5180160403251648,,,,
442,3095,,,0.43715715408325195,,0.3838614225387573,0.3838614225387573,,,,
442,3096,,,0.546807587146759,,0.49350616335868835,0.49350616335868835,,,,
442,3097,,,1.2217944860458374,,1.1684876680374146,1.1684876680374146,,,,
442,3098,,,0.5007461309432983,,0.44743627309799194,0.44743627309799194,,,,
442,3099,,,0.4494765102863312,,0.39616265892982483,0.39616265892982483,,,,
442,3100,,,0.3337371051311493,,0.2804192304611206,0.2804192304611206,,,,
,442,,,,,,,,,0.5660892724990845,0.5660892724990845
442,3100,,,,,,,0.5660892724990845,0.5660892724990845,,
442,3100,0.5510004162788391,0.6043044328689575,,0.5510004162788391,,,,,,
443,3101,,,1.4546364545822144,,1.4013136625289917,1.4013136625289917,,,,
443,3102,,,0.6043863892555237,,0.5510603785514832,0.5510603785514832,,,,
443,3103,,,0.47051459550857544,,0.41718435287475586,0.41718435287475586,,,,
443,3104,,,0.4610844850540161,,0.40775007009506226,0.40775007009506226,,,,
443,3105,,,0.3924085199832916,,0.3390691578388214,0.3390691578388214,,,,
443,3106,,,0.3312699794769287,,0.277925968170166,0.277925968170166,,,,
443,3107,,,0.33049795031547546,,0.27714937925338745,0.27714937925338745,,,,
,443,,,,,,,,,0.5604584813117981,0.5604584813117981
443,3107,,,,,,,0.5604584813117981,0.5604584813117981,,
443,3107,0.5487426519393921,0.6020764112472534,,0.5487426519393921,,,,,,
444,3108,,,0.6326808333396912,,0.5793272256851196,0.5793272256851196,,,,
444,3109,,,0.36439990997314453,,0.31104108691215515,0.31104108691215515,,,,
444,3110,,,0.5202557444572449,,0.46689143776893616,0.46689143776893616,,,,
444,3111,,,0.591760516166687,,0.5383923053741455,0.5383923053741455,,,,
444,3112,,,0.5137301087379456,,0.4603562355041504,0.4603562355041504,,,,
444,3113,,,0.9216217994689941,,0.8682439923286438,0.8682439923286438,,,,
444,3114,,,0.7555346488952637,,0.7021533846855164,0.7021533846855164,,,,
,444,,,,,,,,,0.5585633516311646,0.5585633516311646
444,3114,,,,,,,0.5585633516311646,0.5585633516311646,,
444,3114,0.547068178653717,0.600435197353363,,0.547068178653717,,,,,,
445,3115,,,0.3619181215763092,,0.30853256583213806,0.30853256583213806,,,,
445,3116,,,0.5780707001686096,,0.5246813297271729,0.5246813297271729,,,,
445,3117,,,1.251392126083374,,1.1979976892471313,1.1979976892471313,,,,
445,3118,,,0.3505956828594208,,0.2971978187561035,0.2971978187561035,,,,
445,3119,,,0.3188028335571289,,0.265400767326355,0.265400767326355,,,,
445,3120,,,0.7743691802024841,,0.7209619879722595,0.7209619879722595,,,,
445,3121,,,0.46814173460006714,,0.41473034024238586,0.41473034024238586,,,,
,445,,,,,,,,,0.5505785942077637,0.5505785942077637
445,3121,,,,,,,0.5505785942077637,0.5505785942077637,,
445,3121,0.5443601608276367,0.5977571606636047,,0.5443601608276367,,,,,,
446,3122,,,0.3793141543865204,,0.325897753238678,0.325897753238678,,,,
446,3123,,,0.9953404664993286,,0.9419196844100952,0.9419196844100952,,,,
446,3124,,,0.6220287084579468,,0.5686044692993164,0.5686044692993164,,,,
446,3125,,,0.7461094856262207,,0.6926804184913635,0.6926804184913635,,,,
446,3126,,,0.4259548485279083,,0.3725214898586273,0.3725214898586273,,,,
446,3127,,,0.46621954441070557,,0.412781298160553,0.412781298160553,,,,
446,3128,,,0.43426942825317383,,0.3808266222476959,0.3808266222476959,,,,
,446,,,,,,,,,0.5466518402099609,0.5466518402099609
446,3128,,,,,,,0.5466518402099609,0.5466518402099609,,
446,3128,0.5423082113265991,0.5957362055778503,,0.5423082113265991,,,,,,
447,3129,,,0.6227229237556458,,0.5692757964134216,0.5692757964134216,,,,
447,3130,,,0.8292409777641296,,0.7757896184921265,0.7757896184921265,,,,
447,3131,,,0.8682442903518677,,0.8147876262664795,0.8147876262664795,,,,
447,3132,,,0.3487536609172821,,0.29529401659965515,0.29529401659965515,,,,
447,3133,,,0.5789737701416016,,0.5255101919174194,0.5255101919174194,,,,
447,3134,,,0.42214375734329224,,0.3686755895614624,0.3686755895614624,,,,
447,3135,,,0.32107633352279663,,0.26760292053222656,0.26760292053222656,,,,
,447,,,,,,,,,0.5438617467880249,0.5438617467880249
447,3135,,,,,,,0.5438617467880249,0.5438617467880249,,
447,3135,0.5411269068717957,0.5945855379104614,,0.5411269068717957,,,,,,
448,3136,,,0.5291669964790344,,0.47568926215171814,0.47568926215171814,,,,
448,3137,,,0.9311520457267761,,0.8776697516441345,0.8776697516441345,,,,
448,3138,,,1.1014959812164307,,1.0480090379714966,1.0480090379714966,,,,
448,3139,,,0.3346707224845886,,0.281179279088974,0.281179279088974,,,,
448,3140,,,0.49325621128082275,,0.4397602677345276,0.4397602677345276,,,,
448,3141,,,0.2879108190536499,,0.2344101369380951,0.2344101369380951,,,,
448,3142,,,0.25427451729774475,,0.20077022910118103,0.20077022910118103,,,,
,448,,,,,,,,,0.5305866003036499,0.5305866003036499
448,3142,,,,,,,0.5305866003036499,0.5305866003036499,,
448,3142,0.5383539199829102,0.5918440222740173,,0.5383539199829102,,,,,,
449,3143,,,0.42968761920928955,,0.3761788010597229,0.3761788010597229,,,,
449,3144,,,0.4728488326072693,,0.41933637857437134,0.41933637857437134,,,,
449,3145,,,1.1072388887405396,,1.0537216663360596,1.0537216663360596,,,,
449,3146,,,0.7117148637771606,,0.6581943035125732,0.6581943035125732,,,,
449,3147,,,0.503294050693512,,0.44976940751075745,0.44976940751075745,,,,
449,3148,,,0.3031153976917267,,0.2495865523815155,0.2495865523815155,,,,
449,3149,,,0.6204180717468262,,0.5668845772743225,0.5668845772743225,,,,
,449,,,,,,,,,0.5191778540611267,0.5191778540611267
449,3149,,,,,,,0.5191778540611267,0.5191778540611267,,
449,3149,0.5363715887069702,0.5898911952972412,,0.5363715887069702,,,,,,
450,3150,,,0.4335308372974396,,0.37999066710472107,0.37999066710472107,,,,
450,3151,,,0.8834830522537231,,0.8299381136894226,0.8299381136894226,,,,
450,3152,,,0.37920013070106506,,0.32565170526504517,0.32565170526504517,,,,
450,3153,,,0.39979568123817444,,0.34624341130256653,0.34624341130256653,,,,
450,3154,,,0.7475956082344055,,0.6940392851829529,0.6940392851829529,,,,
450,3155,,,0.6418673992156982,,0.5883065462112427,0.5883065462112427,,,,
450,3156,,,0.7003859877586365,,0.6468200087547302,0.6468200087547302,,,,
,450,,,,,,,,,0.5129915475845337,0.5129915475845337
450,3156,,,,,,,0.5129915475845337,0.5129915475845337,,
450,3156,0.5343886017799377,0.587939977645874,,0.5343886017799377,,,,,,
451,3157,,,0.35446178913116455,,0.3008895814418793,0.3008895814418793,,,,
451,3158,,,0.6233766078948975,,0.5698002576828003,0.5698002576828003,,,,
451,3159,,,0.951332688331604,,0.8977508544921875,0.8977508544921875,,,,
451,3160,,,0.8036904335021973,,0.7501054406166077,0.7501054406166077,,,,
451,3161,,,0.6290978789329529,,0.5755077600479126,0.5755077600479126,,,,
451,3162,,,0.2568604648113251,,0.2032652348279953,0.2032652348279953,,,,
451,3163,,,0.31701454520225525,,0.26341480016708374,0.26341480016708374,,,,
,451,,,,,,,,,0.5113199949264526,0.5113199949264526
451,3163,,,,,,,0.5113199949264526,0.5113199949264526,,
451,3163,0.5327215194702148,0.5863059759140015,,0.5327215194702148,,,,,,
452,3164,,,0.5729570388793945,,0.519353449344635,0.519353449344635,,,,
452,3165,,,0.28629255294799805,,0.23268312215805054,0.23268312215805054,,,,
452,3166,,,1.1477307081222534,,1.094116449356079,1.094116449356079,,,,
452,3167,,,0.489047110080719,,0.43542930483818054,0.43542930483818054,,,,
452,3168,,,0.5803489089012146,,0.5267277359962463,0.5267277359962463,,,,
452,3169,,,0.3927106559276581,,0.3390854597091675,0.3390854597091675,,,,
452,3170,,,0.6931440830230713,,0.6395143866539001,0.6395143866539001,,,,
,452,,,,,,,,,0.509936511516571,0.509936511516571
452,3170,,,,,,,0.509936511516571,0.509936511516571,,
452,3170,0.5313276052474976,0.5849437117576599,,0.5313276052474976,,,,,,
453,3171,,,0.5818838477134705,,0.5282489061355591,0.5282489061355591,,,,
453,3172,,,1.1920782327651978,,1.1384391784667969,1.1384391784667969,,,,
453,3173,,,0.3896541893482208,,0.33601170778274536,0.33601170778274536,,,,
453,3174,,,0.35513368248939514,,0.3014868199825287,0.3014868199825287,,,,
453,3175,,,0.6652842164039612,,0.6116324067115784,0.6116324067115784,,,,
453,3176,,,0.43243521451950073,,0.37877926230430603,0.37877926230430603,,,,
453,3177,,,0.260239839553833,,0.206579327583313,0.206579327583313,,,,
,453,,,,,,,,,0.5087887048721313,0.5087887048721313
453,3177,,,,,,,0.5087887048721313,0.5087887048721313,,
453,3177,0.5289514064788818,0.582597553730011,,0.5289514064788818,,,,,,
454,3178,,,0.8767544627189636,,0.8230888247489929,0.8230888247489929,,,,
454,3179,,,0.3937425911426544,,0.340072900056839,0.340072900056839,,,,
454,3180,,,0.4885654151439667,,0.43489012122154236,0.43489012122154236,,,,
454,3181,,,0.4482245147228241,,0.39454522728919983,0.39454522728919983,,,,
454,3182,,,0.9449462890625,,0.8912627100944519,0.8912627100944519,,,,
454,3183,,,0.4243699908256531,,0.3706818222999573,0.3706818222999573,,,,
454,3184,,,0.34787556529045105,,0.2941828668117523,0.2941828668117523,,,,
,454,,,,,,,,,0.504062294960022,0.504062294960022
454,3184,,,,,,,0.504062294960022,0.504062294960022,,
454,3184,0.5278212428092957,0.5814990997314453,,0.5278212428092957,,,,,,
455,3185,,,0.5113834738731384,,0.45768797397613525,0.45768797397613525,,,,
455,3186,,,1.081800937652588,,1.0281013250350952,1.0281013250350952,,,,
455,3187,,,0.3942027688026428,,0.3404998779296875,0.3404998779296875,,,,
455,3188,,,0.5163399577140808,,0.4626327157020569,0.4626327157020569,,,,
455,3189,,,0.5639392733573914,,0.5102276802062988,0.5102276802062988,,,,
455,3190,,,0.5245919227600098,,0.47087550163269043,0.47087550163269043,,,,
455,3191,,,0.2642788290977478,,0.21055857837200165,0.21055857837200165,,,,
,455,,,,,,,,,0.5035601854324341,0.5035601854324341
455,3191,,,,,,,0.5035601854324341,0.5035601854324341,,
455,3191,0.5253309011459351,0.5790373682975769,,0.5253309011459351,,,,,,
456,3192,,,0.5635309815406799,,0.5098060369491577,0.5098060369491577,,,,
456,3193,,,0.4899872839450836,,0.4362582862377167,0.4362582862377167,,,,
456,3194,,,0.36260849237442017,,0.30887484550476074,0.30887484550476074,,,,
456,3195,,,1.0549588203430176,,1.0012201070785522,1.0012201070785522,,,,
456,3196,,,0.44783666729927063,,0.39409372210502625,0.39409372210502625,,,,
456,3197,,,0.31922125816345215,,0.26547423005104065,0.26547423005104065,,,,
456,3198,,,1.17496919631958,,1.121218204498291,1.121218204498291,,,,
,456,,,,,,,,,0.49467605352401733,0.49467605352401733
456,3198,,,,,,,0.49467605352401733,0.49467605352401733,,
456,3198,0.5233229994773865,0.5770599246025085,,0.5233229994773865,,,,,,
457,3199,,,0.49971869587898254,,0.44596415758132935,0.44596415758132935,,,,
457,3200,,,1.5244866609573364,,1.4707289934158325,1.4707289934158325,,,,
457,3201,,,0.2860177159309387,,0.23225651681423187,0.23225651681423187,,,,
457,3202,,,0.3703746497631073,,0.3166090250015259,0.3166090250015259,,,,
457,3203,,,0.42786356806755066,,0.37409359216690063,0.37409359216690063,,,,
457,3204,,,0.44944918155670166,,0.3956747353076935,0.3956747353076935,,,,
457,3205,,,0.2945336401462555,,0.2407546490430832,0.2407546490430832,,,,
,457,,,,,,,,,0.4875339865684509,0.4875339865684509
457,3205,,,,,,,0.4875339865684509,0.4875339865684509,,
457,3205,0.5216642618179321,0.5754290819168091,,0.5216642618179321,,,,,,
458,3206,,,0.7718908190727234,,0.7181075811386108,0.7181075811386108,,,,
458,3207,,,0.5211882591247559,,0.46739959716796875,0.46739959716796875,,,,
458,3208,,,0.23751714825630188,,0.1837252378463745,0.1837252378463745,,,,
458,3209,,,0.5719441175460815,,0.5181480646133423,0.5181480646133423,,,,
458,3210,,,0.49646368622779846,,0.4426622688770294,0.4426622688770294,,,,
458,3211,,,0.8232121467590332,,0.7694067358970642,0.7694067358970642,,,,
458,3212,,,0.6274904012680054,,0.5736817121505737,0.5736817121505737,,,,
,458,,,,,,,,,0.4838455617427826,0.4838455617427826
458,3212,,,,,,,0.4838455617427826,0.4838455617427826,,
458,3212,0.5199341773986816,0.5737294554710388,,0.5199341773986816,,,,,,
459,3213,,,0.22914864122867584,,0.17533530294895172,0.17533530294895172,,,,
459,3214,,,0.21743857860565186,,0.16362160444259644,0.16362160444259644,,,,
459,3215,,,0.4162195324897766,,0.36239880323410034,0.36239880323410034,,,,
459,3216,,,0.605684220790863,,0.5518596172332764,0.5518596172332764,,,,
459,3217,,,0.9582746028900146,,0.9044445157051086,0.9044445157051086,,,,
459,3218,,,0.5288770794868469,,0.47504234313964844,0.47504234313964844,,,,
459,3219,,,1.841343879699707,,1.7875040769577026,1.7875040769577026,,,,
,459,,,,,,,,,0.47790640592575073,0.47790640592575073
459,3219,,,,,,,0.47790640592575073,0.47790640592575073,,
459,3219,0.5181201696395874,0.571944534778595,,0.5181201696395874,,,,,,
460,3220,,,0.5898928046226501,,0.5360522866249084,0.5360522866249084,,,,
460,3221,,,0.7957116961479187,,0.7418673634529114,0.7418673634529114,,,,
460,3222,,,0.37901270389556885,,0.3251652419567108,0.3251652419567108,,,,
460,3223,,,0.6118655204772949,,0.5580148696899414,0.5580148696899414,,,,
460,3224,,,0.5623875856399536,,0.5085331201553345,0.5085331201553345,,,,
460,3225,,,0.45395663380622864,,0.40009766817092896,0.40009766817092896,,,,
460,3226,,,0.660285472869873,,0.6064222455024719,0.6064222455024719,,,,
,460,,,,,,,,,0.4760698974132538,0.4760698974132538
460,3226,,,,,,,0.4760698974132538,0.4760698974132538,,
460,3226,0.5171982645988464,0.5710484981536865,,0.5171982645988464,,,,,,
461,3227,,,0.6038809418678284,,0.5500125885009766,0.5500125885009766,,,,
461,3228,,,1.0426479578018188,,0.9887769222259521,0.9887769222259521,,,,
461,3229,,,0.2830313742160797,,0.2291565090417862,0.2291565090417862,,,,
461,3230,,,0.6181992292404175,,0.5643206834793091,0.5643206834793091,,,,
461,3231,,,0.5875610113143921,,0.5336771011352539,0.5336771011352539,,,,
461,3232,,,0.3562852144241333,,0.30239614844322205,0.30239614844322205,,,,
461,3233,,,0.3563591539859772,,0.30246618390083313,0.30246618390083313,,,,
,461,,,,,,,,,0.4772917330265045,0.4772917330265045
461,3233,,,,,,,0.4772917330265045,0.4772917330265045,,
461,3233,0.5147866010665894,0.5686651468276978,,0.5147866010665894,,,,,,
462,3234,,,0.4226597547531128,,0.3687627613544464,0.3687627613544464,,,,
462,3235,,,0.5256062150001526,,0.4717041552066803,0.4717041552066803,,,,
462,3236,,,0.8854690194129944,,0.8315619826316833,0.8315619826316833,,,,
462,3237,,,0.6995344161987305,,0.6456239819526672,0.6456239819526672,,,,
462,3238,,,0.6845853924751282,,0.6306701302528381,0.6306701302528381,,,,
462,3239,,,0.27286043763160706,,0.21894174814224243,0.21894174814224243,,,,
462,3240,,,0.3346651494503021,,0.28074249625205994,0.28074249625205994,,,,
,462,,,,,,,,,0.47863268852233887,0.47863268852233887
462,3240,,,,,,,0.47863268852233887,0.47863268852233887,,
462,3240,0.5133401155471802,0.5672493577003479,,0.5133401155471802,,,,,,
463,3241,,,0.5543059706687927,,0.5003795027732849,0.5003795027732849,,,,
463,3242,,,0.36274755001068115,,0.3088162839412689,0.3088162839412689,,,,
463,3243,,,1.1024932861328125,,1.0485575199127197,1.0485575199127197,,,,
463,3244,,,0.5045415163040161,,0.45060208439826965,0.45060208439826965,,,,
463,3245,,,0.3488992154598236,,0.2949559688568115,0.2949559688568115,,,,
463,3246,,,0.4800398349761963,,0.4260926842689514,0.4260926842689514,,,,
463,3247,,,0.6720961332321167,,0.6181451082229614,0.6181451082229614,,,,
,463,,,,,,,,,0.48361659049987793,0.48361659049987793
463,3247,,,,,,,0.48361659049987793,0.48361659049987793,,
463,3247,0.5115621089935303,0.5655001401901245,,0.5115621089935303,,,,,,
464,3248,,,0.572799563407898,,0.5188437104225159,0.5188437104225159,,,,
464,3249,,,0.5637192130088806,,0.5097585916519165,0.5097585916519165,,,,
464,3250,,,1.0746150016784668,,1.0206485986709595,1.0206485986709595,,,,
464,3251,,,0.28905442357063293,,0.23508433997631073,0.23508433997631073,,,,
464,3252,,,0.37645530700683594,,0.32248127460479736,0.32248127460479736,,,,
464,3253,,,0.5524342656135559,,0.49845606088638306,0.49845606088638306,,,,
464,3254,,,0.440567284822464,,0.38658541440963745,0.38658541440963745,,,,
,464,,,,,,,,,0.48818638920783997,0.48818638920783997
464,3254,,,,,,,0.48818638920783997,0.48818638920783997,,
464,3254,0.5098419189453125,0.5638102293014526,,0.5098419189453125,,,,,,
465,3255,,,0.3580675423145294,,0.3040826618671417,0.3040826618671417,,,,
465,3256,,,0.41991010308265686,,0.3659210801124573,0.3659210801124573,,,,
465,3257,,,0.43884092569351196,,0.3848481774330139,0.3848481774330139,,,,
465,3258,,,0.48318713903427124,,0.42919039726257324,0.42919039726257324,,,,
465,3259,,,0.6206388473510742,,0.5666381120681763,0.5666381120681763,,,,
465,3260,,,1.199257493019104,,1.1452505588531494,1.1452505588531494,,,,
465,3261,,,0.17935778200626373,,0.12534819543361664,0.12534819543361664,,,,
,465,,,,,,,,,0.4906617999076843,0.4906617999076843
465,3261,,,,,,,0.4906617999076843,0.4906617999076843,,
465,3261,0.5086959600448608,0.5626919865608215,,0.5086959600448608,,,,,,
466,3262,,,0.2970203757286072,,0.24300754070281982,0.24300754070281982,,,,
466,3263,,,0.9575952291488647,,0.9035778045654297,0.9035778045654297,,,,
466,3264,,,0.6017816066741943,,0.5477620363235474,0.5477620363235474,,,,
466,3265,,,0.6335639953613281,,0.5795402526855469,0.5795402526855469,,,,
466,3266,,,0.4120693504810333,,0.3580407202243805,0.3580407202243805,,,,
466,3267,,,0.5514965057373047,,0.4974633455276489,0.4974633455276489,,,,
466,3268,,,0.3209078311920166,,0.2668713927268982,0.2668713927268982,,,,
,466,,,,,,,,,0.4760623276233673,0.4760623276233673
466,3268,,,,,,,0.4760623276233673,0.4760623276233673,,
466,3268,0.5065832734107971,0.5606066584587097,,0.5065832734107971,,,,,,
467,3269,,,0.7601043581962585,,0.7060630321502686,0.7060630321502686,,,,
467,3270,,,0.4339641034603119,,0.3799179792404175,0.3799179792404175,,,,
467,3271,,,0.8578789830207825,,0.8038283586502075,0.8038283586502075,,,,
467,3272,,,0.35861966013908386,,0.30456557869911194,0.30456557869911194,,,,
467,3273,,,0.25843289494514465,,0.20437391102313995,0.20437391102313995,,,,
467,3274,,,0.7480079531669617,,0.6939457058906555,0.6939457058906555,,,,
467,3275,,,0.3924179971218109,,0.33835193514823914,0.33835193514823914,,,,
,467,,,,,,,,,0.46880170702934265,0.46880170702934265
467,3275,,,,,,,0.46880170702934265,0.46880170702934265,,
467,3275,0.5050316452980042,0.5590846538543701,,0.5050316452980042,,,,,,
468,3276,,,0.2571850121021271,,0.20311406254768372,0.20311406254768372,,,,
468,3277,,,0.3955339193344116,,0.3414595127105713,0.3414595127105713,,,,
468,3278,,,0.7630087733268738,,0.7089296579360962,0.7089296579360962,,,,
468,3279,,,0.3734719455242157,,0.31938880681991577,0.31938880681991577,,,,
468,3280,,,0.4362220764160156,,0.38213396072387695,0.38213396072387695,,,,
468,3281,,,1.1935350894927979,,1.1394420862197876,1.1394420862197876,,,,
468,3282,,,0.359793484210968,,0.3056972622871399,0.3056972622871399,,,,
,468,,,,,,,,,0.4629303812980652,0.4629303812980652
468,3282,,,,,,,0.4629303812980652,0.4629303812980652,,
468,3282,0.5033889412879944,0.5574712753295898,,0.5033889412879944,,,,,,
469,3283,,,0.228403240442276,,0.17430351674556732,0.17430351674556732,,,,
469,3284,,,0.5240436792373657,,0.4699403941631317,0.4699403941631317,,,,
469,3285,,,0.764391303062439,,0.7102831602096558,0.7102831602096558,,,,
469,3286,,,0.35690781474113464,,0.3027953803539276,0.3027953803539276,,,,
469,3287,,,0.267477422952652,,0.2133609503507614,0.2133609503507614,,,,
469,3288,,,1.2370922565460205,,1.182971715927124,1.182971715927124,,,,
469,3289,,,0.439679890871048,,0.385556161403656,0.385556161403656,,,,
,469,,,,,,,,,0.4608396887779236,0.4608396887779236
469,3289,,,,,,,0.4608396887779236,0.4608396887779236,,
469,3289,0.5016844868659973,0.555795431137085,,0.5016844868659973,,,,,,
470,3290,,,0.9514338970184326,,0.8973050117492676,0.8973050117492676,,,,
470,3291,,,0.504524290561676,,0.45039114356040955,0.45039114356040955,,,,
470,3292,,,0.269909143447876,,0.2157713621854782,0.2157713621854782,,,,
470,3293,,,0.9454164505004883,,0.8912740349769592,0.8912740349769592,,,,
470,3294,,,0.520432710647583,,0.466286838054657,0.466286838054657,,,,
470,3295,,,0.21128660440444946,,0.15713635087013245,0.15713635087013245,,,,
470,3296,,,0.35517483949661255,,0.3010210692882538,0.3010210692882538,,,,
,470,,,,,,,,,0.4581119418144226,0.4581119418144226
470,3296,,,,,,,0.4581119418144226,0.4581119418144226,,
470,3296,0.500556468963623,0.5546970367431641,,0.500556468963623,,,,,,
471,3297,,,0.3284529745578766,,0.2742948532104492,0.2742948532104492,,,,
471,3298,,,0.3180927038192749,,0.2639302611351013,0.2639302611351013,,,,
471,3299,,,1.092885136604309,,1.038718819618225,1.038718819618225,,,,
471,3300,,,0.22369910776615143,,0.16952896118164062,0.16952896118164062,,,,
471,3301,,,0.7572858333587646,,0.7031123042106628,0.7031123042106628,,,,
471,3302,,,0.6754910945892334,,0.6213130354881287,0.6213130354881287,,,,
471,3303,,,0.3398980498313904,,0.28571563959121704,0.28571563959121704,,,,
,471,,,,,,,,,0.4581247568130493,0.4581247568130493
471,3303,,,,,,,0.4581247866153717,0.4581247866153717,,
471,3303,0.49851635098457336,0.5526852607727051,,0.49851635098457336,,,,,,
472,3304,,,0.49396365880966187,,0.4397771656513214,0.4397771656513214,,,,
472,3305,,,0.8190677762031555,,0.7648771405220032,0.7648771405220032,,,,
472,3306,,,0.3485454320907593,,0.2943512201309204,0.2943512201309204,,,,
472,3307,,,0.5606962442398071,,0.5064983367919922,0.5064983367919922,,,,
472,3308,,,0.2470366656780243,,0.19283413887023926,0.19283413887023926,,,,
472,3309,,,0.9069058895111084,,0.8526992797851562,0.8526992797851562,,,,
472,3310,,,0.3858569264411926,,0.33164656162261963,0.33164656162261963,,,,
,472,,,,,,,,,0.45978620648384094,0.45978620648384094
472,3310,,,,,,,0.45978620648384094,0.45978620648384094,,
472,3310,0.49810272455215454,0.552299976348877,,0.49810272455215454,,,,,,
473,3311,,,0.3225966989994049,,0.2683810591697693,0.2683810591697693,,,,
473,3312,,,0.4111804664134979,,0.35696130990982056,0.35696130990982056,,,,
473,3313,,,0.47707927227020264,,0.42285579442977905,0.42285579442977905,,,,
473,3314,,,0.3659672737121582,,0.311739444732666,0.311739444732666,,,,
473,3315,,,0.2732364535331726,,0.21900399029254913,0.21900399029254913,,,,
473,3316,,,0.9278941750526428,,0.8736573457717896,0.8736573457717896,,,,
473,3317,,,1.9343414306640625,,1.8801000118255615,1.8801000118255615,,,,
,473,,,,,,,,,0.45139575004577637,0.45139575004577637
473,3317,,,,,,,0.45139575004577637,0.45139575004577637,,
473,3317,0.4953155517578125,0.5495423078536987,,0.4953155517578125,,,,,,
474,3318,,,1.2140494585037231,,1.1598063707351685,1.1598063707351685,,,,
474,3319,,,0.4621845781803131,,0.4079379141330719,0.4079379141330719,,,,
474,3320,,,0.28124240040779114,,0.22699129581451416,0.22699129581451416,,,,
474,3321,,,0.39822933077812195,,0.34397366642951965,0.34397366642951965,,,,
474,3322,,,0.4136433005332947,,0.3593835234642029,0.3593835234642029,,,,
474,3323,,,0.3699384033679962,,0.31567463278770447,0.31567463278770447,,,,
474,3324,,,0.952630877494812,,0.8983634114265442,0.8983634114265442,,,,
,474,,,,,,,,,0.4375592768192291,0.4375592768192291
474,3324,,,,,,,0.4375592768192291,0.4375592768192291,,
474,3324,0.49422019720077515,0.5484743714332581,,0.49422019720077515,,,,,,
475,3325,,,0.6391224265098572,,0.5848528742790222,0.5848528742790222,,,,
475,3326,,,0.8169695138931274,,0.762695848941803,0.762695848941803,,,,
475,3327,,,0.4421541392803192,,0.38787782192230225,0.38787782192230225,,,,
475,3328,,,0.3299541771411896,,0.2756739556789398,0.2756739556789398,,,,
475,3329,,,0.5813424587249756,,0.5270583629608154,0.5270583629608154,,,,
475,3330,,,0.5346665382385254,,0.48037922382354736,0.48037922382354736,,,,
475,3331,,,0.3818240463733673,,0.32753226161003113,0.32753226161003113,,,,
,475,,,,,,,,,0.4295743405818939,0.4295743405818939
475,3331,,,,,,,0.4295743405818939,0.4295743405818939,,
475,3331,0.4927627742290497,0.5470420718193054,,0.4927627742290497,,,,,,
476,3332,,,1.0090562105178833,,0.9547600746154785,0.9547600746154785,,,,
476,3333,,,0.2694031596183777,,0.21510374546051025,0.21510374546051025,,,,
476,3334,,,0.472052663564682,,0.41774991154670715,0.41774991154670715,,,,
476,3335,,,0.5354453325271606,,0.4811382293701172,0.4811382293701172,,,,
476,3336,,,0.24050526320934296,,0.18619374930858612,0.18619374930858612,,,,
476,3337,,,0.6610928773880005,,0.6067773103713989,0.6067773103713989,,,,
476,3338,,,0.7739241123199463,,0.7196052074432373,0.7196052074432373,,,,
,476,,,,,,,,,0.4268772006034851,0.4268772006034851
476,3338,,,,,,,0.4268772006034851,0.4268772006034851,,
476,3338,0.4912274181842804,0.5455335974693298,,0.4912274181842804,,,,,,
477,3339,,,0.4775264263153076,,0.42320239543914795,0.42320239543914795,,,,
477,3340,,,0.3421062231063843,,0.28777778148651123,0.28777778148651123,,,,
477,3341,,,0.3134785294532776,,0.2591460049152374,0.2591460049152374,,,,
477,3342,,,0.4412841498851776,,0.3869476914405823,0.3869476914405823,,,,
477,3343,,,1.2508385181427002,,1.1964986324310303,1.1964986324310303,,,,
477,3344,,,0.49915051460266113,,0.44480761885643005,0.44480761885643005,,,,
477,3345,,,0.3803015649318695,,0.3259538412094116,0.3259538412094116,,,,
,477,,,,,,,,,0.4282817244529724,0.4282817244529724
477,3345,,,,,,,0.4282817244529724,0.4282817244529724,,
477,3345,0.48950785398483276,0.5438427925109863,,0.48950785398483276,,,,,,
478,3346,,,0.49187028408050537,,0.4375176727771759,0.4375176727771759,,,,
478,3347,,,0.49838024377822876,,0.44402313232421875,0.44402313232421875,,,,
478,3348,,,0.35561180114746094,,0.3012494444847107,0.3012494444847107,,,,
478,3349,,,0.4399116039276123,,0.3855452537536621,0.3855452537536621,,,,
478,3350,,,0.4649747312068939,,0.4106038808822632,0.4106038808822632,,,,
478,3351,,,1.1061713695526123,,1.0517964363098145,1.0517964363098145,,,,
478,3352,,,0.2650960087776184,,0.21071845293045044,0.21071845293045044,,,,
,478,,,,,,,,,0.42307862639427185,0.42307862639427185
478,3352,,,,,,,0.42307862639427185,0.42307862639427185,,
478,3352,0.48780474066734314,0.5421695709228516,,0.48780474066734314,,,,,,
479,3353,,,0.348326176404953,,0.293944388628006,0.293944388628006,,,,
479,3354,,,0.3311302959918976,,0.2767447531223297,0.2767447531223297,,,,
479,3355,,,0.8387473821640015,,0.7843575477600098,0.7843575477600098,,,,
479,3356,,,0.6005814671516418,,0.5461887717247009,0.5461887717247009,,,,
479,3357,,,0.3629137873649597,,0.30851680040359497,0.30851680040359497,,,,
479,3358,,,0.7119612693786621,,0.6575599908828735,0.6575599908828735,,,,
479,3359,,,0.6661104559898376,,0.6117055416107178,0.6117055416107178,,,,
,479,,,,,,,,,0.4196261465549469,0.4196261465549469
479,3359,,,,,,,0.4196261465549469,0.4196261465549469,,
479,3359,0.4857572019100189,0.5401493310928345,,0.4857572019100189,,,,,,
480,3360,,,0.3147926330566406,,0.2603825628757477,0.2603825628757477,,,,
480,3361,,,0.5234912633895874,,0.469076931476593,0.469076931476593,,,,
480,3362,,,0.5540682673454285,,0.4996495246887207,0.4996495246887207,,,,
480,3363,,,0.812454342842102,,0.7580315470695496,0.7580315470695496,,,,
480,3364,,,0.38955751061439514,,0.33513152599334717,0.33513152599334717,,,,
480,3365,,,0.5531806945800781,,0.4987514913082123,0.4987514913082123,,,,
480,3366,,,0.7631186842918396,,0.7086847424507141,0.7086847424507141,,,,
,480,,,,,,,,,0.4194416403770447,0.4194416403770447
480,3366,,,,,,,0.4194416403770447,0.4194416403770447,,
480,3366,0.4842008650302887,0.5386218428611755,,0.4842008650302887,,,,,,
481,3367,,,0.5684889554977417,,0.5140500664710999,0.5140500664710999,,,,
481,3368,,,0.8768107891082764,,0.8223679661750793,0.8223679661750793,,,,
481,3369,,,0.37240731716156006,,0.31796136498451233,0.31796136498451233,,,,
481,3370,,,0.5644629597663879,,0.5100131630897522,0.5100131630897522,,,,
481,3371,,,0.3487201929092407,,0.2942659258842468,0.2942659258842468,,,,
481,3372,,,0.6364887356758118,,0.582030177116394,0.582030177116394,,,,
481,3373,,,0.14727209508419037,,0.09280866384506226,0.09280866384506226,,,,
,481,,,,,,,,,0.41949352622032166,0.41949352622032166
481,3373,,,,,,,0.41949352622032166,0.41949352622032166,,
481,3373,0.4824300706386566,0.5368793606758118,,0.4824300706386566,,,,,,
482,3374,,,0.3352786600589752,,0.28081250190734863,0.28081250190734863,,,,
482,3375,,,0.28421634435653687,,0.22974614799022675,0.22974614799022675,,,,
482,3376,,,0.7248470187187195,,0.6703728437423706,0.6703728437423706,,,,
482,3377,,,0.33254337310791016,,0.27806469798088074,0.27806469798088074,,,,
482,3378,,,1.088086724281311,,1.0336031913757324,1.0336031913757324,,,,
482,3379,,,0.5306938886642456,,0.47620686888694763,0.47620686888694763,,,,
482,3380,,,0.3252187967300415,,0.2707286477088928,0.2707286477088928,,,,
,482,,,,,,,,,0.42185381054878235,0.42185381054878235
482,3380,,,,,,,0.42185381054878235,0.42185381054878235,,
482,3380,0.48162031173706055,0.5360977649688721,,0.48162031173706055,,,,,,
483,3381,,,0.6687801480293274,,0.6142860054969788,0.6142860054969788,,,,
483,3382,,,0.5661649703979492,,0.5116671323776245,0.5116671323776245,,,,
483,3383,,,0.31544697284698486,,0.26094433665275574,0.26094433665275574,,,,
483,3384,,,0.43483462929725647,,0.3803277909755707,0.3803277909755707,,,,
483,3385,,,0.4595874547958374,,0.40507635474205017,0.40507635474205017,,,,
483,3386,,,0.7703206539154053,,0.7158048748970032,0.7158048748970032,,,,
483,3387,,,0.5033420920372009,,0.4488244652748108,0.4488244652748108,,,,
,483,,,,,,,,,0.4212874472141266,0.4212874472141266
483,3387,,,,,,,0.4212874472141266,0.4212874472141266,,
483,3387,0.47943776845932007,0.533943235874176,,0.47943776845932007,,,,,,
484,3388,,,0.3650980591773987,,0.31057533621788025,0.31057533621788025,,,,
484,3389,,,0.8067948818206787,,0.7522674202919006,0.7522674202919006,,,,
484,3390,,,0.25947386026382446,,0.2049427628517151,0.2049427628517151,,,,
484,3391,,,0.9060194492340088,,0.8514842391014099,0.8514842391014099,,,,
484,3392,,,0.3569890856742859,,0.3024508059024811,0.3024508059024811,,,,
484,3393,,,0.43605053424835205,,0.3815087676048279,0.3815087676048279,,,,
484,3394,,,0.7049314379692078,,0.6503857970237732,0.6503857970237732,,,,
,484,,,,,,,,,0.4156184792518616,0.4156184792518616
484,3394,,,,,,,0.4156184792518616,0.4156184792518616,,
484,3394,0.47798025608062744,0.5325137376785278,,0.47798025608062744,,,,,,
485,3395,,,0.5650935769081116,,0.5105418562889099,0.5105418562889099,,,,
485,3396,,,0.23523558676242828,,0.18068064749240875,0.18068064749240875,,,,
485,3397,,,0.48609668016433716,,0.43153825402259827,0.43153825402259827,,,,
485,3398,,,0.73123699426651,,0.676673948764801,0.676673948764801,,,,
485,3399,,,0.969514012336731,,0.9149453043937683,0.9149453043937683,,,,
485,3400,,,0.2257683128118515,,0.17119655013084412,0.17119655013084412,,,,
485,3401,,,0.4583624601364136,,0.4037870168685913,0.4037870168685913,,,,
,485,,,,,,,,,0.4101199507713318,0.4101199507713318
485,3401,,,,,,,0.4101199507713318,0.4101199507713318,,
485,3401,0.47639161348342896,0.5309538841247559,,0.47639161348342896,,,,,,
486,3402,,,0.26603588461875916,,0.21145489811897278,0.21145489811897278,,,,
486,3403,,,0.2862355709075928,,0.23165032267570496,0.23165032267570496,,,,
486,3404,,,0.4282119870185852,,0.373622328042984,0.373622328042984,,,,
486,3405,,,0.6999691724777222,,0.645375669002533,0.645375669002533,,,,
486,3406,,,0.41411998867988586,,0.3595212996006012,0.3595212996006012,,,,
486,3407,,,1.1246439218521118,,1.0700409412384033,1.0700409412384033,,,,
486,3408,,,0.4267963171005249,,0.37219029664993286,0.37219029664993286,,,,
,486,,,,,,,,,0.4064229130744934,0.4064229130744934
486,3408,,,,,,,0.4064229130744934,0.4064229130744934,,
486,3408,0.4754881262779236,0.5300807952880859,,0.4754881262779236,,,,,,
487,3409,,,0.5392587184906006,,0.484648734331131,0.484648734331131,,,,
487,3410,,,0.5026705265045166,,0.44805631041526794,0.44805631041526794,,,,
487,3411,,,0.5374864935874939,,0.48286762833595276,0.48286762833595276,,,,
487,3412,,,0.36043283343315125,,0.30581042170524597,0.30581042170524597,,,,
487,3413,,,0.4756810963153839,,0.421054869890213,0.421054869890213,,,,
487,3414,,,0.8193607330322266,,0.764729380607605,0.764729380607605,,,,
487,3415,,,0.35463279485702515,,0.2999989688396454,0.2999989688396454,,,,
,487,,,,,,,,,0.39930248260498047,0.39930248260498047
487,3415,,,,,,,0.39930248260498047,0.39930248260498047,,
487,3415,0.4736732840538025,0.528294563293457,,0.4736732840538025,,,,,,
488,3416,,,1.0273094177246094,,0.9726709723472595,0.9726709723472595,,,,
488,3417,,,0.4367261230945587,,0.3820837736129761,0.3820837736129761,,,,
488,3418,,,0.29464107751846313,,0.2399950623512268,0.2399950623512268,,,,
488,3419,,,0.290566086769104,,0.23591503500938416,0.23591503500938416,,,,
488,3420,,,0.7211839556694031,,0.66652911901474,0.66652911901474,,,,
488,3421,,,0.4559393525123596,,0.40128105878829956,0.40128105878829956,,,,
488,3422,,,0.3636663556098938,,0.3090040981769562,0.3090040981769562,,,,
,488,,,,,,,,,0.39102673530578613,0.39102673530578613
488,3422,,,,,,,0.39102673530578613,0.39102673530578613,,
488,3422,0.47283944487571716,0.5274887681007385,,0.47283944487571716,,,,,,
489,3423,,,1.2648872137069702,,1.2102210521697998,1.2102210521697998,,,,
489,3424,,,0.3565066158771515,,0.3018368184566498,0.3018368184566498,,,,
489,3425,,,0.649100661277771,,0.5944269895553589,0.5944269895553589,,,,
489,3426,,,0.2968502938747406,,0.2421729564666748,0.2421729564666748,,,,
489,3427,,,0.28547078371047974,,0.23078975081443787,0.23078975081443787,,,,
489,3428,,,0.3660484552383423,,0.31136348843574524,0.31136348843574524,,,,
489,3429,,,0.35107487440109253,,0.29638543725013733,0.29638543725013733,,,,
,489,,,,,,,,,0.39504069089889526,0.39504069089889526
489,3429,,,,,,,0.39504069089889526,0.39504069089889526,,
489,3429,0.470894992351532,0.5255712866783142,,0.470894992351532,,,,,,
490,3430,,,0.39240962266921997,,0.33771660923957825,0.33771660923957825,,,,
490,3431,,,0.5971699953079224,,0.5424730777740479,0.5424730777740479,,,,
490,3432,,,0.9053635597229004,,0.8506625890731812,0.8506625890731812,,,,
490,3433,,,0.6160790324211121,,0.5613744854927063,0.5613744854927063,,,,
490,3434,,,0.22929680347442627,,0.17458777129650116,0.17458777129650116,,,,
490,3435,,,0.38067319989204407,,0.325960636138916,0.325960636138916,,,,
490,3436,,,0.5958719253540039,,0.5411556363105774,0.5411556363105774,,,,
,490,,,,,,,,,0.4002239406108856,0.4002239406108856
490,3436,,,,,,,0.4002239406108856,0.4002239406108856,,
490,3436,0.4699150621891022,0.5246186852455139,,0.4699150621891022,,,,,,
491,3437,,,0.21432223916053772,,0.15960213541984558,0.15960213541984558,,,,
491,3438,,,0.4270465672016144,,0.37232276797294617,0.37232276797294617,,,,
491,3439,,,0.3884364068508148,,0.3337084949016571,0.3337084949016571,,,,
491,3440,,,0.29111483693122864,,0.236383318901062,0.236383318901062,,,,
491,3441,,,1.4290058612823486,,1.3742703199386597,1.3742703199386597,,,,
491,3442,,,0.35268303751945496,,0.29794520139694214,0.29794520139694214,,,,
491,3443,,,0.6119661331176758,,0.5572235584259033,0.5572235584259033,,,,
,491,,,,,,,,,0.40372809767723083,0.40372809767723083
491,3443,,,,,,,0.40372809767723083,0.40372809767723083,,
491,3443,0.46795153617858887,0.522681713104248,,0.46795153617858887,,,,,,
492,3444,,,0.4766223728656769,,0.421875,0.421875,,,,
492,3445,,,0.4403219521045685,,0.3855704367160797,0.3855704367160797,,,,
492,3446,,,0.20017263293266296,,0.14541661739349365,0.14541661739349365,,,,
492,3447,,,0.42025116086006165,,0.36549144983291626,0.36549144983291626,,,,
492,3448,,,0.29531145095825195,,0.24054785072803497,0.24054785072803497,,,,
492,3449,,,1.303955078125,,1.2491873502731323,1.2491873502731323,,,,
492,3450,,,0.5082768797874451,,0.4535059332847595,0.4535059332847595,,,,
,492,,,,,,,,,0.4064939618110657,0.4064939618110657
492,3450,,,,,,,0.4064939618110657,0.4064939618110657,,
492,3450,0.4671613276004791,0.5219197273254395,,0.4671613276004791,,,,,,
493,3451,,,1.3119275569915771,,1.2571520805358887,1.2571520805358887,,,,
493,3452,,,0.34356480836868286,,0.28878557682037354,0.28878557682037354,,,,
493,3453,,,0.2282492220401764,,0.17346534132957458,0.17346534132957458,,,,
493,3454,,,0.3073694705963135,,0.25258198380470276,0.25258198380470276,,,,
493,3455,,,0.6387814879417419,,0.5839902758598328,0.5839902758598328,,,,
493,3456,,,0.4200420379638672,,0.3652467429637909,0.3652467429637909,,,,
493,3457,,,0.17679506540298462,,0.12199600785970688,0.12199600785970688,,,,
,493,,,,,,,,,0.3966481387615204,0.3966481387615204
493,3457,,,,,,,0.3966481387615204,0.3966481387615204,,
493,3457,0.465407133102417,0.5201933979988098,,0.465407133102417,,,,,,
494,3458,,,0.7345991134643555,,0.6797963976860046,0.6797963976860046,,,,
494,3459,,,0.2935653030872345,,0.238758385181427,0.238758385181427,,,,
494,3460,,,0.5281271934509277,,0.4733159840106964,0.4733159840106964,,,,
494,3461,,,0.44571593403816223,,0.3909008502960205,0.3909008502960205,,,,
494,3462,,,0.2693835496902466,,0.21456392109394073,0.21456392109394073,,,,
494,3463,,,0.9589976072311401,,0.9041743278503418,0.9041743278503418,,,,
494,3464,,,0.20277869701385498,,0.14795233309268951,0.14795233309268951,,,,
,494,,,,,,,,,0.3874109387397766,0.3874109387397766
494,3464,,,,,,,0.3874109387397766,0.3874109387397766,,
494,3464,0.46384185552597046,0.5186557769775391,,0.46384185552597046,,,,,,
495,3465,,,0.6610546708106995,,0.6062249541282654,0.6062249541282654,,,,
495,3466,,,0.4363054037094116,,0.381472110748291,0.381472110748291,,,,
495,3467,,,0.5518232583999634,,0.49698588252067566,0.49698588252067566,,,,
495,3468,,,0.9538858532905579,,0.8990445137023926,0.8990445137023926,,,,
495,3469,,,0.22139210999011993,,0.16654731333255768,0.16654731333255768,,,,
495,3470,,,0.3834120035171509,,0.32856371998786926,0.32856371998786926,,,,
495,3471,,,0.2444256991147995,,0.18957334756851196,0.18957334756851196,,,,
,495,,,,,,,,,0.38151881098747253,0.38151881098747253
495,3471,,,,,,,0.38151881098747253,0.38151881098747253,,
495,3471,0.4627338945865631,0.5175737738609314,,0.4627338945865631,,,,,,
496,3472,,,0.2797818183898926,,0.2249259650707245,0.2249259650707245,,,,
496,3473,,,0.24442042410373688,,0.1895611435174942,0.1895611435174942,,,,
496,3474,,,0.8788094520568848,,0.8239467144012451,0.8239467144012451,,,,
496,3475,,,0.440754771232605,,0.3858892619609833,0.3858892619609833,,,,
496,3476,,,0.6209501028060913,,0.5660799741744995,0.5660799741744995,,,,
496,3477,,,0.7575106024742126,,0.7026364803314209,0.7026364803314209,,,,
496,3478,,,0.18439966440200806,,0.12952131032943726,0.12952131032943726,,,,
,496,,,,,,,,,0.37869176268577576,0.37869176268577576
496,3478,,,,,,,0.37869176268577576,0.37869176268577576,,
496,3478,0.46142899990081787,0.5162944197654724,,0.46142899990081787,,,,,,
497,3479,,,1.2282814979553223,,1.1734001636505127,1.1734001636505127,,,,
497,3480,,,0.3011603057384491,,0.24627631902694702,0.24627631902694702,,,,
497,3481,,,0.3209590017795563,,0.2660713493824005,0.2660713493824005,,,,
497,3482,,,0.5363179445266724,,0.48142653703689575,0.48142653703689575,,,,
497,3483,,,0.5329179763793945,,0.478022962808609,0.478022962808609,,,,
497,3484,,,0.28402671217918396,,0.2291274070739746,0.2291274070739746,,,,
497,3485,,,0.21108539402484894,,0.15618211030960083,0.15618211030960083,,,,
,497,,,,,,,,,0.3713773488998413,0.3713773488998413
497,3485,,,,,,,0.3713773190975189,0.3713773190975189,,
497,3485,0.460061639547348,0.5149522423744202,,0.460061639547348,,,,,,
498,3486,,,1.0136805772781372,,0.9587734341621399,0.9587734341621399,,,,
498,3487,,,0.4369189739227295,,0.3820089101791382,0.3820089101791382,,,,
498,3488,,,0.2386634200811386,,0.18374887108802795,0.18374887108802795,,,,
498,3489,,,0.5442211627960205,,0.48930343985557556,0.48930343985557556,,,,
498,3490,,,0.30233335494995117,,0.24741274118423462,0.24741274118423462,,,,
498,3491,,,0.6710004806518555,,0.6160762906074524,0.6160762906074524,,,,
498,3492,,,0.17789772152900696,,0.12296812981367111,0.12296812981367111,,,,
,498,,,,,,,,,0.36480358242988586,0.36480358242988586
498,3492,,,,,,,0.36480358242988586,0.36480358242988586,,
498,3492,0.45857828855514526,0.5134948492050171,,0.45857828855514526,,,,,,
499,3493,,,0.2032719850540161,,0.14833927154541016,0.14833927154541016,,,,
499,3494,,,0.7084831595420837,,0.6535472273826599,0.6535472273826599,,,,
499,3495,,,0.6751245260238647,,0.6201837062835693,0.6201837062835693,,,,
499,3496,,,0.28885236382484436,,0.2339072972536087,0.2339072972536087,,,,
499,3497,,,0.23068638145923615,,0.175737664103508,0.175737664103508,,,,
499,3498,,,1.065634846687317,,1.010682225227356,1.010682225227356,,,,
499,3499,,,0.25271058082580566,,0.19775518774986267,0.19775518774986267,,,,
,499,,,,,,,,,0.3566676080226898,0.3566676080226898
499,3499,,,,,,,0.3566676080226898,0.3566676080226898,,
499,3499,0.4574989378452301,0.5124422907829285,,0.4574989378452301,,,,,,
