epoch,step,train_loss_epoch,train_loss_regularized_epoch,train_loss_regularized_step,train_loss_scaled (x10^0)_epoch,train_loss_scaled (x10^0)_step,train_loss_step,val_loss_epoch,val_loss_scaled (x10^0)_epoch,val_loss_scaled (x10^0)_step,val_loss_step
0,0,,,36.49055862426758,,36.37462615966797,36.37462615966797,,,,
0,1,,,29.580299377441406,,29.46453857421875,29.46453857421875,,,,
0,2,,,32.94916534423828,,32.83351516723633,32.83351516723633,,,,
0,3,,,50.43532180786133,,50.31977462768555,50.31977462768555,,,,
0,4,,,31.35611343383789,,31.24065399169922,31.24065399169922,,,,
0,5,,,54.42757034301758,,54.31221389770508,54.31221389770508,,,,
0,6,,,9.708401679992676,,9.593145370483398,9.593145370483398,,,,
,0,,,,,,,,,3.6410012245178223,3.6410012245178223
0,6,,,,,,,3.6410012245178223,3.6410012245178223,,
0,6,37.35572814941406,37.4713249206543,,37.35572814941406,,,,,,
1,7,,,53.208614349365234,,53.093467712402344,53.093467712402344,,,,
1,8,,,40.566871643066406,,40.451839447021484,40.451839447021484,,,,
1,9,,,30.491182327270508,,30.376277923583984,30.376277923583984,,,,
1,10,,,44.31047058105469,,44.19569778442383,44.19569778442383,,,,
1,11,,,29.439407348632812,,29.32477378845215,29.32477378845215,,,,
1,12,,,26.797334671020508,,26.682828903198242,26.682828903198242,,,,
1,13,,,36.61555862426758,,36.501163482666016,36.501163482666016,,,,
,1,,,,,,,,,3.617837429046631,3.617837429046631
1,13,,,,,,,3.617837429046631,3.617837429046631,,
1,13,37.30397033691406,37.41877746582031,,37.30397033691406,,,,,,
2,14,,,45.50349807739258,,45.38926696777344,45.38926696777344,,,,
2,15,,,58.903602600097656,,58.78948211669922,58.78948211669922,,,,
2,16,,,36.11287307739258,,35.99889373779297,35.99889373779297,,,,
2,17,,,32.987491607666016,,32.8736686706543,32.8736686706543,,,,
2,18,,,44.39318084716797,,44.27949905395508,44.27949905395508,,,,
2,19,,,19.64973258972168,,19.536195755004883,19.536195755004883,,,,
2,20,,,1.6233818531036377,,1.5099955797195435,1.5099955797195435,,,,
,2,,,,,,,,,3.593594789505005,3.593594789505005
2,20,,,,,,,3.593594789505005,3.593594789505005,,
2,20,37.24443435668945,37.35829544067383,,37.24443435668945,,,,,,
3,21,,,40.32169723510742,,40.208438873291016,40.208438873291016,,,,
3,22,,,25.69998550415039,,25.586875915527344,25.586875915527344,,,,
3,23,,,53.28522491455078,,53.172271728515625,53.172271728515625,,,,
3,24,,,18.441984176635742,,18.32917022705078,18.32917022705078,,,,
3,25,,,33.25648498535156,,33.1438102722168,33.1438102722168,,,,
3,26,,,43.67363357543945,,43.56111145019531,43.56111145019531,,,,
3,27,,,61.51909255981445,,61.406715393066406,61.406715393066406,,,,
,3,,,,,,,,,3.566973924636841,3.566973924636841
3,27,,,,,,,3.566973924636841,3.566973924636841,,
3,27,37.181053161621094,37.293907165527344,,37.181053161621094,,,,,,
4,28,,,57.04326248168945,,56.930999755859375,56.930999755859375,,,,
4,29,,,32.69776916503906,,32.585636138916016,32.585636138916016,,,,
4,30,,,28.4780216217041,,28.366031646728516,28.366031646728516,,,,
4,31,,,23.265153884887695,,23.153310775756836,23.153310775756836,,,,
4,32,,,42.607521057128906,,42.49582290649414,42.49582290649414,,,,
4,33,,,25.67129135131836,,25.559764862060547,25.559764862060547,,,,
4,34,,,73.46827697753906,,73.3569107055664,73.3569107055664,,,,
,4,,,,,,,,,3.539508819580078,3.539508819580078
4,34,,,,,,,3.539508819580078,3.539508819580078,,
4,34,37.11378860473633,37.22566604614258,,37.11378860473633,,,,,,
5,35,,,46.53583908081055,,46.42461395263672,46.42461395263672,,,,
5,36,,,30.25089454650879,,30.139812469482422,30.139812469482422,,,,
5,37,,,25.218929290771484,,25.107982635498047,25.107982635498047,,,,
5,38,,,24.649559020996094,,24.538753509521484,24.538753509521484,,,,
5,39,,,38.6029167175293,,38.49227523803711,38.49227523803711,,,,
5,40,,,57.95732116699219,,57.846824645996094,57.846824645996094,,,,
5,41,,,36.3818359375,,36.27151107788086,36.27151107788086,,,,
,5,,,,,,,,,3.5120792388916016,3.5120792388916016
5,41,,,,,,,3.5120792388916016,3.5120792388916016,,
5,41,37.04346466064453,37.154296875,,37.04346466064453,,,,,,
6,42,,,41.055931091308594,,40.945796966552734,40.945796966552734,,,,
6,43,,,39.60267639160156,,39.492698669433594,39.492698669433594,,,,
6,44,,,22.5462703704834,,22.436460494995117,22.436460494995117,,,,
6,45,,,40.49721908569336,,40.38753890991211,40.38753890991211,,,,
6,46,,,32.94457244873047,,32.83505630493164,32.83505630493164,,,,
6,47,,,34.7911262512207,,34.681766510009766,34.681766510009766,,,,
6,48,,,66.59060668945312,,66.48139953613281,66.48139953613281,,,,
,6,,,,,,,,,3.483543634414673,3.483543634414673
6,48,,,,,,,3.483543634414673,3.483543634414673,,
6,48,36.974090576171875,37.08380889892578,,36.974090576171875,,,,,,
7,49,,,40.46772003173828,,40.35869216918945,40.35869216918945,,,,
7,50,,,22.784236907958984,,22.675357818603516,22.675357818603516,,,,
7,51,,,39.7983283996582,,39.68962478637695,39.68962478637695,,,,
7,52,,,18.021835327148438,,17.91328239440918,17.91328239440918,,,,
7,53,,,44.35795974731445,,44.24955368041992,44.24955368041992,,,,
7,54,,,42.756866455078125,,42.64863204956055,42.64863204956055,,,,
7,55,,,74.00393676757812,,73.89585876464844,73.89585876464844,,,,
,7,,,,,,,,,3.4546549320220947,3.4546549320220947
7,55,,,,,,,3.4546549320220947,3.4546549320220947,,
7,55,36.90135192871094,37.00994873046875,,36.90135192871094,,,,,,
8,56,,,4.171599388122559,,4.0636820793151855,4.0636820793151855,,,,
8,57,,,49.9300651550293,,49.822303771972656,49.822303771972656,,,,
8,58,,,49.66207504272461,,49.55446243286133,49.55446243286133,,,,
8,59,,,23.79973030090332,,23.692293167114258,23.692293167114258,,,,
8,60,,,43.302711486816406,,43.195438385009766,43.195438385009766,,,,
8,61,,,48.65455627441406,,48.54743194580078,48.54743194580078,,,,
8,62,,,42.51780700683594,,42.41084671020508,42.41084671020508,,,,
,8,,,,,,,,,3.4262826442718506,3.4262826442718506
8,62,,,,,,,3.4262826442718506,3.4262826442718506,,
8,62,36.82818603515625,36.935672760009766,,36.82818603515625,,,,,,
9,63,,,40.778709411621094,,40.67191696166992,40.67191696166992,,,,
9,64,,,48.95599365234375,,48.8493537902832,48.8493537902832,,,,
9,65,,,31.215272903442383,,31.10881805419922,31.10881805419922,,,,
9,66,,,29.848838806152344,,29.74254035949707,29.74254035949707,,,,
9,67,,,42.54448318481445,,42.43834686279297,42.43834686279297,,,,
9,68,,,39.89053726196289,,39.78457260131836,39.78457260131836,,,,
9,69,,,4.7264180183410645,,4.620604991912842,4.620604991912842,,,,
,9,,,,,,,,,3.3980822563171387,3.3980822563171387
9,69,,,,,,,3.3980822563171387,3.3980822563171387,,
9,69,36.75737762451172,36.86371994018555,,36.75737762451172,,,,,,
10,70,,,26.69467544555664,,26.589012145996094,26.589012145996094,,,,
10,71,,,29.842758178710938,,29.737234115600586,29.737234115600586,,,,
10,72,,,47.96417999267578,,47.858821868896484,47.858821868896484,,,,
10,73,,,45.21480941772461,,45.10963439941406,45.10963439941406,,,,
10,74,,,50.16946792602539,,50.064453125,50.064453125,,,,
10,75,,,33.50981140136719,,33.40496063232422,33.40496063232422,,,,
10,76,,,3.0495872497558594,,2.9449076652526855,2.9449076652526855,,,,
,10,,,,,,,,,3.369765043258667,3.369765043258667
10,76,,,,,,,3.369765043258667,3.369765043258667,,
10,76,36.68524932861328,36.79047775268555,,36.68524932861328,,,,,,
11,77,,,39.665645599365234,,39.56112289428711,39.56112289428711,,,,
11,78,,,33.107093811035156,,33.00270462036133,33.00270462036133,,,,
11,79,,,47.37982940673828,,47.275611877441406,47.275611877441406,,,,
11,80,,,55.15009689331055,,55.04603958129883,55.04603958129883,,,,
11,81,,,13.067526817321777,,12.963654518127441,12.963654518127441,,,,
11,82,,,38.15153884887695,,38.047847747802734,38.047847747802734,,,,
11,83,,,20.138320922851562,,20.034791946411133,20.034791946411133,,,,
,11,,,,,,,,,3.3402369022369385,3.3402369022369385
11,83,,,,,,,3.3402369022369385,3.3402369022369385,,
11,83,36.613338470458984,36.71742248535156,,36.613338470458984,,,,,,
12,84,,,50.3321418762207,,50.22877883911133,50.22877883911133,,,,
12,85,,,48.46326446533203,,48.360069274902344,48.360069274902344,,,,
12,86,,,21.64862060546875,,21.545621871948242,21.545621871948242,,,,
12,87,,,28.91786766052246,,28.815011978149414,28.815011978149414,,,,
12,88,,,53.61943435668945,,53.5167350769043,53.5167350769043,,,,
12,89,,,23.78780746459961,,23.685304641723633,23.685304641723633,,,,
12,90,,,18.186534881591797,,18.08420753479004,18.08420753479004,,,,
,12,,,,,,,,,3.309652805328369,3.309652805328369
12,90,,,,,,,3.309652805328369,3.309652805328369,,
12,90,36.53852462768555,36.64142608642578,,36.53852462768555,,,,,,
13,91,,,48.186012268066406,,48.08381271362305,48.08381271362305,,,,
13,92,,,23.454280853271484,,23.352272033691406,23.352272033691406,,,,
13,93,,,50.474639892578125,,50.37278366088867,50.37278366088867,,,,
13,94,,,55.70676040649414,,55.60508728027344,55.60508728027344,,,,
13,95,,,26.927392959594727,,26.825862884521484,26.825862884521484,,,,
13,96,,,19.256071090698242,,19.154714584350586,19.154714584350586,,,,
13,97,,,24.228487014770508,,24.12732696533203,24.12732696533203,,,,
,13,,,,,,,,,3.2774431705474854,3.2774431705474854
13,97,,,,,,,3.2774431705474854,3.2774431705474854,,
13,97,36.46153259277344,36.56326675415039,,36.46153259277344,,,,,,
14,98,,,11.059303283691406,,10.958279609680176,10.958279609680176,,,,
14,99,,,63.808380126953125,,63.70751953125,63.70751953125,,,,
14,100,,,36.28676223754883,,36.18606185913086,36.18606185913086,,,,
14,101,,,29.24653434753418,,29.1459903717041,29.1459903717041,,,,
14,102,,,42.55962371826172,,42.459259033203125,42.459259033203125,,,,
14,103,,,37.20564270019531,,37.10544967651367,37.10544967651367,,,,
14,104,,,33.04884719848633,,32.94884490966797,32.94884490966797,,,,
,14,,,,,,,,,3.2431793212890625,3.2431793212890625
14,104,,,,,,,3.2431793212890625,3.2431793212890625,,
14,104,36.379356384277344,36.47993087768555,,36.379356384277344,,,,,,
15,105,,,15.547176361083984,,15.447392463684082,15.447392463684082,,,,
15,106,,,10.380810737609863,,10.281182289123535,10.281182289123535,,,,
15,107,,,46.09135055541992,,45.99189758300781,45.99189758300781,,,,
15,108,,,30.6567325592041,,30.55748176574707,30.55748176574707,,,,
15,109,,,49.31918716430664,,49.220123291015625,49.220123291015625,,,,
15,110,,,72.4140396118164,,72.3151626586914,72.3151626586914,,,,
15,111,,,20.238798141479492,,20.140094757080078,20.140094757080078,,,,
,15,,,,,,,,,3.2068607807159424,3.2068607807159424
15,111,,,,,,,3.2068607807159424,3.2068607807159424,,
15,111,36.29267120361328,36.3919792175293,,36.29267120361328,,,,,,
16,112,,,41.409751892089844,,41.31121826171875,41.31121826171875,,,,
16,113,,,54.03285217285156,,53.934486389160156,53.934486389160156,,,,
16,114,,,50.88554763793945,,50.787384033203125,50.787384033203125,,,,
16,115,,,38.48343276977539,,38.38542556762695,38.38542556762695,,,,
16,116,,,14.328933715820312,,14.231114387512207,14.231114387512207,,,,
16,117,,,23.041357040405273,,22.9437198638916,22.9437198638916,,,,
16,118,,,24.67258644104004,,24.575143814086914,24.575143814086914,,,,
,16,,,,,,,,,3.1668457984924316,3.1668457984924316
16,118,,,,,,,3.1668457984924316,3.1668457984924316,,
16,118,36.20533752441406,36.30338668823242,,36.20533752441406,,,,,,
17,119,,,28.640716552734375,,28.543453216552734,28.543453216552734,,,,
17,120,,,26.901111602783203,,26.804040908813477,26.804040908813477,,,,
17,121,,,31.474523544311523,,31.377634048461914,31.377634048461914,,,,
17,122,,,53.642303466796875,,53.54562759399414,53.54562759399414,,,,
17,123,,,64.9457015991211,,64.84920501708984,64.84920501708984,,,,
17,124,,,17.034822463989258,,16.938514709472656,16.938514709472656,,,,
17,125,,,21.75960922241211,,21.663467407226562,21.663467407226562,,,,
,17,,,,,,,,,3.123167037963867,3.123167037963867
17,125,,,,,,,3.123167037963867,3.123167037963867,,
17,125,36.10702133178711,36.20376968383789,,36.10702133178711,,,,,,
18,126,,,45.10055923461914,,45.00459289550781,45.00459289550781,,,,
18,127,,,53.03236389160156,,52.93659973144531,52.93659973144531,,,,
18,128,,,22.905908584594727,,22.81031036376953,22.81031036376953,,,,
18,129,,,46.63587951660156,,46.54045104980469,46.54045104980469,,,,
18,130,,,17.610252380371094,,17.51502227783203,17.51502227783203,,,,
18,131,,,26.71473503112793,,26.61969566345215,26.61969566345215,,,,
18,132,,,48.32679748535156,,48.23196792602539,48.23196792602539,,,,
,18,,,,,,,,,3.073214530944824,3.073214530944824
18,132,,,,,,,3.073214292526245,3.073214292526245,,
18,132,36.00214385986328,36.09760665893555,,36.00214385986328,,,,,,
19,133,,,25.58016586303711,,25.485509872436523,25.485509872436523,,,,
19,134,,,39.59438705444336,,39.49992752075195,39.49992752075195,,,,
19,135,,,32.36969757080078,,32.27543258666992,32.27543258666992,,,,
19,136,,,26.60959243774414,,26.515512466430664,26.515512466430664,,,,
19,137,,,54.416378021240234,,54.32244873046875,54.32244873046875,,,,
19,138,,,38.431556701660156,,38.337860107421875,38.337860107421875,,,,
19,139,,,32.92320251464844,,32.829708099365234,32.829708099365234,,,,
,19,,,,,,,,,3.015613555908203,3.015613555908203
19,139,,,,,,,3.015613555908203,3.015613555908203,,
19,139,35.88201141357422,35.97615432739258,,35.88201141357422,,,,,,
20,140,,,27.23945426940918,,27.146141052246094,27.146141052246094,,,,
20,141,,,38.97206115722656,,38.878971099853516,38.878971099853516,,,,
20,142,,,19.319442749023438,,19.226552963256836,19.226552963256836,,,,
20,143,,,43.51213455200195,,43.41941833496094,43.41941833496094,,,,
20,144,,,42.41426467895508,,42.32173156738281,42.32173156738281,,,,
20,145,,,36.00990295410156,,35.91757583618164,35.91757583618164,,,,
20,146,,,55.999874114990234,,55.907745361328125,55.907745361328125,,,,
,20,,,,,,,,,2.9459333419799805,2.9459333419799805
20,146,,,,,,,2.9459331035614014,2.9459331035614014,,
20,146,35.74522399902344,35.83799362182617,,35.74522399902344,,,,,,
21,147,,,50.26069641113281,,50.16878128051758,50.16878128051758,,,,
21,148,,,23.14020347595215,,23.048494338989258,23.048494338989258,,,,
21,149,,,13.908184051513672,,13.816668510437012,13.816668510437012,,,,
21,150,,,52.37087631225586,,52.2795524597168,52.2795524597168,,,,
21,151,,,16.48587989807129,,16.394765853881836,16.394765853881836,,,,
21,152,,,64.70014953613281,,64.60920715332031,64.60920715332031,,,,
21,153,,,17.47322654724121,,17.382539749145508,17.382539749145508,,,,
,21,,,,,,,,,2.8637702465057373,2.8637702465057373
21,153,,,,,,,2.8637702465057373,2.8637702465057373,,
21,153,35.58210372924805,35.673484802246094,,35.58210372924805,,,,,,
22,154,,,31.226089477539062,,31.135570526123047,31.135570526123047,,,,
22,155,,,39.368927001953125,,39.27861404418945,39.27861404418945,,,,
22,156,,,27.995006561279297,,27.904874801635742,27.904874801635742,,,,
22,157,,,47.081085205078125,,46.991172790527344,46.991172790527344,,,,
22,158,,,43.70021438598633,,43.61052322387695,43.61052322387695,,,,
22,159,,,20.044269561767578,,19.954788208007812,19.954788208007812,,,,
22,160,,,44.68492889404297,,44.59565353393555,44.59565353393555,,,,
,22,,,,,,,,,2.76037859916687,2.76037859916687
22,160,,,,,,,2.76037859916687,2.76037859916687,,
22,160,35.388065338134766,35.478031158447266,,35.388065338134766,,,,,,
23,161,,,33.1989631652832,,33.109886169433594,33.109886169433594,,,,
23,162,,,42.04167938232422,,41.95278549194336,41.95278549194336,,,,
23,163,,,16.477624893188477,,16.38896369934082,16.38896369934082,,,,
23,164,,,24.62554168701172,,24.53704833984375,24.53704833984375,,,,
23,165,,,42.377235412597656,,42.28895568847656,42.28895568847656,,,,
23,166,,,40.77428436279297,,40.686214447021484,40.686214447021484,,,,
23,167,,,66.76851654052734,,66.68070220947266,66.68070220947266,,,,
,23,,,,,,,,,2.6270482540130615,2.6270482540130615
23,167,,,,,,,2.6270482540130615,2.6270482540130615,,
23,167,35.13241195678711,35.220943450927734,,35.13241195678711,,,,,,
24,168,,,44.68406295776367,,44.596466064453125,44.596466064453125,,,,
24,169,,,31.332624435424805,,31.245216369628906,31.245216369628906,,,,
24,170,,,34.00830841064453,,33.921112060546875,33.921112060546875,,,,
24,171,,,39.86200714111328,,39.77504348754883,39.77504348754883,,,,
24,172,,,25.50829315185547,,25.421567916870117,25.421567916870117,,,,
24,173,,,24.741743087768555,,24.655235290527344,24.655235290527344,,,,
24,174,,,59.39167785644531,,59.30538558959961,59.30538558959961,,,,
,24,,,,,,,,,2.456838846206665,2.456838846206665
24,174,,,,,,,2.456838846206665,2.456838846206665,,
24,174,34.800655364990234,34.887672424316406,,34.800655364990234,,,,,,
25,175,,,15.438971519470215,,15.352898597717285,15.352898597717285,,,,
25,176,,,39.075584411621094,,38.98969268798828,38.98969268798828,,,,
25,177,,,45.51676559448242,,45.43111801147461,45.43111801147461,,,,
25,178,,,55.17839813232422,,55.093013763427734,55.093013763427734,,,,
25,179,,,20.222463607788086,,20.13729476928711,20.13729476928711,,,,
25,180,,,31.60191535949707,,31.51692771911621,31.51692771911621,,,,
25,181,,,33.47780990600586,,33.3930549621582,33.3930549621582,,,,
,25,,,,,,,,,2.2451088428497314,2.2451088428497314
25,181,,,,,,,2.2451088428497314,2.2451088428497314,,
25,181,34.3597412109375,34.445220947265625,,34.3597412109375,,,,,,
26,182,,,29.31761360168457,,29.233104705810547,29.233104705810547,,,,
26,183,,,33.29736328125,,33.21309280395508,33.21309280395508,,,,
26,184,,,10.031123161315918,,9.947098731994629,9.947098731994629,,,,
26,185,,,47.616111755371094,,47.53224563598633,47.53224563598633,,,,
26,186,,,58.46031951904297,,58.37666702270508,58.37666702270508,,,,
26,187,,,30.020099639892578,,29.936716079711914,29.936716079711914,,,,
26,188,,,19.183259963989258,,19.10008430480957,19.10008430480957,,,,
,26,,,,,,,,,1.9840764999389648,1.9840764999389648
26,188,,,,,,,1.9840764999389648,1.9840764999389648,,
26,188,33.7884635925293,33.87236785888672,,33.7884635925293,,,,,,
27,189,,,11.534745216369629,,11.4518461227417,11.4518461227417,,,,
27,190,,,30.629104614257812,,30.54638671875,30.54638671875,,,,
27,191,,,49.736572265625,,49.654083251953125,49.654083251953125,,,,
27,192,,,55.162784576416016,,55.080509185791016,55.080509185791016,,,,
27,193,,,36.83688735961914,,36.75489807128906,36.75489807128906,,,,
27,194,,,26.66796875,,26.58620834350586,26.58620834350586,,,,
27,195,,,2.196877956390381,,2.1153652667999268,2.1153652667999268,,,,
,27,,,,,,,,,1.6778359413146973,1.6778359413146973
27,195,,,,,,,1.6778360605239868,1.6778360605239868,,
27,195,33.077205657958984,33.15951156616211,,33.077205657958984,,,,,,
28,196,,,39.86170196533203,,39.78034973144531,39.78034973144531,,,,
28,197,,,58.4229850769043,,58.34191131591797,58.34191131591797,,,,
28,198,,,37.59053039550781,,37.50971603393555,37.50971603393555,,,,
28,199,,,19.047550201416016,,18.966941833496094,18.966941833496094,,,,
28,200,,,27.53965950012207,,27.45924949645996,27.45924949645996,,,,
28,201,,,11.733765602111816,,11.653571128845215,11.653571128845215,,,,
28,202,,,31.35959243774414,,31.27958869934082,31.27958869934082,,,,
,28,,,,,,,,,1.3228881359100342,1.3228881359100342
28,202,,,,,,,1.3228881359100342,1.3228881359100342,,
28,202,32.22612762451172,32.306827545166016,,32.22612762451172,,,,,,
29,203,,,30.225610733032227,,30.145854949951172,30.145854949951172,,,,
29,204,,,55.67335510253906,,55.59383010864258,55.59383010864258,,,,
29,205,,,25.965898513793945,,25.886619567871094,25.886619567871094,,,,
29,206,,,23.366180419921875,,23.287118911743164,23.287118911743164,,,,
29,207,,,34.81599426269531,,34.73712921142578,34.73712921142578,,,,
29,208,,,28.327728271484375,,28.249114990234375,28.249114990234375,,,,
29,209,,,0.6282076835632324,,0.5498441457748413,0.5498441457748413,,,,
,29,,,,,,,,,0.9942088723182678,0.9942088723182678
29,209,,,,,,,0.9942088723182678,0.9942088723182678,,
29,209,31.075428009033203,31.154565811157227,,31.075428009033203,,,,,,
30,210,,,26.251333236694336,,26.17308807373047,26.17308807373047,,,,
30,211,,,28.32723617553711,,28.249191284179688,28.249191284179688,,,,
30,212,,,37.088226318359375,,37.010379791259766,37.010379791259766,,,,
30,213,,,19.424474716186523,,19.346851348876953,19.346851348876953,,,,
30,214,,,27.95480728149414,,27.87738800048828,27.87738800048828,,,,
30,215,,,24.602264404296875,,24.525081634521484,24.525081634521484,,,,
30,216,,,69.29708099365234,,69.2201156616211,69.2201156616211,,,,
,30,,,,,,,,,0.7521604895591736,0.7521604895591736
30,216,,,,,,,0.7521604895591736,0.7521604895591736,,
30,216,29.6689453125,29.746627807617188,,29.6689453125,,,,,,
31,217,,,7.581068515777588,,7.504419803619385,7.504419803619385,,,,
31,218,,,33.89868927001953,,33.82221221923828,33.82221221923828,,,,
31,219,,,23.14948844909668,,23.073204040527344,23.073204040527344,,,,
31,220,,,30.013582229614258,,29.9374942779541,29.9374942779541,,,,
31,221,,,43.291996002197266,,43.21613693237305,43.21613693237305,,,,
31,222,,,27.601821899414062,,27.526254653930664,27.526254653930664,,,,
31,223,,,34.01346206665039,,33.938087463378906,33.938087463378906,,,,
,31,,,,,,,,,0.7801297307014465,0.7801297307014465
31,223,,,,,,,0.7801297307014465,0.7801297307014465,,
31,223,27.891216278076172,27.96732521057129,,27.891216278076172,,,,,,
32,224,,,34.690025329589844,,34.614830017089844,34.614830017089844,,,,
32,225,,,15.885509490966797,,15.810516357421875,15.810516357421875,,,,
32,226,,,18.86809539794922,,18.79327392578125,18.79327392578125,,,,
32,227,,,27.376667022705078,,27.30199432373047,27.30199432373047,,,,
32,228,,,16.782123565673828,,16.707672119140625,16.707672119140625,,,,
32,229,,,41.75537109375,,41.68112564086914,41.68112564086914,,,,
32,230,,,30.115894317626953,,30.041873931884766,30.041873931884766,,,,
,32,,,,,,,,,1.1450468301773071,1.1450468301773071
32,230,,,,,,,1.1450468301773071,1.1450468301773071,,
32,230,26.06668472290039,26.141372680664062,,26.06668472290039,,,,,,
33,231,,,18.063411712646484,,17.9896183013916,17.9896183013916,,,,
33,232,,,18.793493270874023,,18.719863891601562,18.719863891601562,,,,
33,233,,,27.005748748779297,,26.932294845581055,26.932294845581055,,,,
33,234,,,20.028661727905273,,19.955387115478516,19.955387115478516,,,,
33,235,,,32.255615234375,,32.18252182006836,32.18252182006836,,,,
33,236,,,26.96137809753418,,26.88846778869629,26.88846778869629,,,,
33,237,,,29.475357055664062,,29.40265464782715,29.40265464782715,,,,
,33,,,,,,,,,1.8811973333358765,1.8811973333358765
33,237,,,,,,,1.8811973333358765,1.8811973333358765,,
33,237,24.108888626098633,24.182205200195312,,24.108888626098633,,,,,,
34,238,,,23.68096160888672,,23.608497619628906,23.608497619628906,,,,
34,239,,,24.713115692138672,,24.640823364257812,24.640823364257812,,,,
34,240,,,23.788660049438477,,23.71657371520996,23.71657371520996,,,,
34,241,,,17.54511260986328,,17.473207473754883,17.473207473754883,,,,
34,242,,,28.943490982055664,,28.871755599975586,28.871755599975586,,,,
34,243,,,12.477799415588379,,12.406206130981445,12.406206130981445,,,,
34,244,,,28.02713966369629,,27.955698013305664,27.955698013305664,,,,
,34,,,,,,,,,2.941429853439331,2.941429853439331
34,244,,,,,,,2.941429853439331,2.941429853439331,,
34,244,22.149091720581055,22.2210693359375,,22.149091720581055,,,,,,
35,245,,,17.094194412231445,,17.022872924804688,17.022872924804688,,,,
35,246,,,25.404207229614258,,25.333053588867188,25.333053588867188,,,,
35,247,,,29.112607955932617,,29.04159927368164,29.04159927368164,,,,
35,248,,,22.380435943603516,,22.309608459472656,22.309608459472656,,,,
35,249,,,14.0911865234375,,14.020517349243164,14.020517349243164,,,,
35,250,,,20.610570907592773,,20.54000473022461,20.54000473022461,,,,
35,251,,,1.4332716464996338,,1.3628439903259277,1.3628439903259277,,,,
,35,,,,,,,,,4.15831184387207,4.15831184387207
35,251,,,,,,,4.15831184387207,4.15831184387207,,
35,251,20.20058250427246,20.27147674560547,,20.20058250427246,,,,,,
36,252,,,24.190927505493164,,24.12053680419922,24.12053680419922,,,,
36,253,,,20.15188217163086,,20.081649780273438,20.081649780273438,,,,
36,254,,,18.50467300415039,,18.43456268310547,18.43456268310547,,,,
36,255,,,17.816070556640625,,17.746076583862305,17.746076583862305,,,,
36,256,,,14.13894271850586,,14.069070816040039,14.069070816040039,,,,
36,257,,,18.65638542175293,,18.586618423461914,18.586618423461914,,,,
36,258,,,12.698352813720703,,12.628700256347656,12.628700256347656,,,,
,36,,,,,,,,,5.544043064117432,5.544043064117432
36,258,,,,,,,5.544043064117432,5.544043064117432,,
36,258,18.474395751953125,18.544435501098633,,18.474395751953125,,,,,,
37,259,,,5.459770679473877,,5.390160083770752,5.390160083770752,,,,
37,260,,,26.505870819091797,,26.43631362915039,26.43631362915039,,,,
37,261,,,4.499866962432861,,4.430443286895752,4.430443286895752,,,,
37,262,,,11.4761381149292,,11.406746864318848,11.406746864318848,,,,
37,263,,,26.44651985168457,,26.37720489501953,26.37720489501953,,,,
37,264,,,29.321680068969727,,29.252500534057617,29.252500534057617,,,,
37,265,,,10.87060832977295,,10.801569938659668,10.801569938659668,,,,
,37,,,,,,,,,6.959169387817383,6.959169387817383
37,265,,,,,,,6.959169864654541,6.959169864654541,,
37,265,16.838268280029297,16.90765953063965,,16.838268280029297,,,,,,
38,266,,,10.615041732788086,,10.546055793762207,10.546055793762207,,,,
38,267,,,13.465123176574707,,13.396183967590332,13.396183967590332,,,,
38,268,,,17.300867080688477,,17.232006072998047,17.232006072998047,,,,
38,269,,,22.518814086914062,,22.450042724609375,22.450042724609375,,,,
38,270,,,14.929919242858887,,14.861260414123535,14.861260414123535,,,,
38,271,,,18.498638153076172,,18.430051803588867,18.430051803588867,,,,
38,272,,,6.0560221672058105,,5.987525939941406,5.987525939941406,,,,
,38,,,,,,,,,8.361392974853516,8.361392974853516
38,272,,,,,,,8.361392974853516,8.361392974853516,,
38,272,15.554655075073242,15.62343692779541,,15.554655075073242,,,,,,
39,273,,,17.976266860961914,,17.907794952392578,17.907794952392578,,,,
39,274,,,15.056022644042969,,14.98763656616211,14.98763656616211,,,,
39,275,,,7.418391704559326,,7.350077152252197,7.350077152252197,,,,
39,276,,,10.203121185302734,,10.134848594665527,10.134848594665527,,,,
39,277,,,15.884353637695312,,15.816102981567383,15.816102981567383,,,,
39,278,,,18.476621627807617,,18.408432006835938,18.408432006835938,,,,
39,279,,,20.384319305419922,,20.31622314453125,20.31622314453125,,,,
,39,,,,,,,,,9.913291931152344,9.913291931152344
39,279,,,,,,,9.913291931152344,9.913291931152344,,
39,279,14.46642780303955,14.53472900390625,,14.46642780303955,,,,,,
40,280,,,16.707590103149414,,16.63957405090332,16.63957405090332,,,,
40,281,,,13.705103874206543,,13.637167930603027,13.637167930603027,,,,
40,282,,,11.089347839355469,,11.021479606628418,11.021479606628418,,,,
40,283,,,10.13469409942627,,10.06685733795166,10.06685733795166,,,,
40,284,,,18.120981216430664,,18.053197860717773,18.053197860717773,,,,
40,285,,,8.176902770996094,,8.109185218811035,8.109185218811035,,,,
40,286,,,23.330657958984375,,23.262956619262695,23.262956619262695,,,,
,40,,,,,,,,,11.553013801574707,11.553013801574707
40,286,,,,,,,11.553013801574707,11.553013801574707,,
40,286,13.529579162597656,13.597429275512695,,13.529579162597656,,,,,,
41,287,,,13.956783294677734,,13.889152526855469,13.889152526855469,,,,
41,288,,,13.691240310668945,,13.623659133911133,13.623659133911133,,,,
41,289,,,12.838422775268555,,12.770885467529297,12.770885467529297,,,,
41,290,,,10.796303749084473,,10.72881031036377,10.72881031036377,,,,
41,291,,,15.949843406677246,,15.882389068603516,15.882389068603516,,,,
41,292,,,10.888136863708496,,10.820714950561523,10.820714950561523,,,,
41,293,,,9.221212387084961,,9.153841018676758,9.153841018676758,,,,
,41,,,,,,,,,12.806425094604492,12.806425094604492
41,293,,,,,,,12.806425094604492,12.806425094604492,,
41,293,12.729146003723145,12.796655654907227,,12.729146003723145,,,,,,
42,294,,,10.621973991394043,,10.554625511169434,10.554625511169434,,,,
42,295,,,7.102895259857178,,7.035572052001953,7.035572052001953,,,,
42,296,,,10.347580909729004,,10.280282974243164,10.280282974243164,,,,
42,297,,,13.92430305480957,,13.857023239135742,13.857023239135742,,,,
42,298,,,17.155311584472656,,17.088064193725586,17.088064193725586,,,,
42,299,,,16.381366729736328,,16.314186096191406,16.314186096191406,,,,
42,300,,,5.793272495269775,,5.726124286651611,5.726124286651611,,,,
,42,,,,,,,,,13.840280532836914,13.840280532836914
42,300,,,,,,,13.840280532836914,13.840280532836914,,
42,300,12.1218900680542,12.189162254333496,,12.1218900680542,,,,,,
43,301,,,15.485176086425781,,15.41804313659668,15.41804313659668,,,,
43,302,,,11.006075859069824,,10.938982009887695,10.938982009887695,,,,
43,303,,,12.99839973449707,,12.931316375732422,12.931316375732422,,,,
43,304,,,11.320551872253418,,11.25348949432373,11.25348949432373,,,,
43,305,,,10.584917068481445,,10.517882347106934,10.517882347106934,,,,
43,306,,,9.550536155700684,,9.483534812927246,9.483534812927246,,,,
43,307,,,10.093535423278809,,10.026565551757812,10.026565551757812,,,,
,43,,,,,,,,,14.688185691833496,14.688185691833496
43,307,,,,,,,14.688185691833496,14.688185691833496,,
43,307,11.65540599822998,11.722468376159668,,11.65540599822998,,,,,,
44,308,,,9.424846649169922,,9.357884407043457,9.357884407043457,,,,
44,309,,,7.9191460609436035,,7.852212429046631,7.852212429046631,,,,
44,310,,,12.457762718200684,,12.39083480834961,12.39083480834961,,,,
44,311,,,14.469968795776367,,14.403068542480469,14.403068542480469,,,,
44,312,,,13.178481101989746,,13.111595153808594,13.111595153808594,,,,
44,313,,,9.486116409301758,,9.419262886047363,9.419262886047363,,,,
44,314,,,13.670994758605957,,13.604159355163574,13.604159355163574,,,,
,44,,,,,,,,,15.473841667175293,15.473841667175293
44,314,,,,,,,15.473841667175293,15.473841667175293,,
44,314,11.237085342407227,11.303991317749023,,11.237085342407227,,,,,,
45,315,,,5.867969512939453,,5.801145553588867,5.801145553588867,,,,
45,316,,,12.214898109436035,,12.148077011108398,12.148077011108398,,,,
45,317,,,12.094788551330566,,12.027982711791992,12.027982711791992,,,,
45,318,,,10.10646915435791,,10.039695739746094,10.039695739746094,,,,
45,319,,,12.27231502532959,,12.205547332763672,12.205547332763672,,,,
45,320,,,12.092390060424805,,12.025646209716797,12.025646209716797,,,,
45,321,,,13.708269119262695,,13.641533851623535,13.641533851623535,,,,
,45,,,,,,,,,16.212844848632812,16.212844848632812
45,321,,,,,,,16.212844848632812,16.212844848632812,,
45,321,10.880576133728027,10.94736099243164,,10.880576133728027,,,,,,
46,322,,,9.447834014892578,,9.38112735748291,9.38112735748291,,,,
46,323,,,9.4112548828125,,9.344545364379883,9.344545364379883,,,,
46,324,,,14.615567207336426,,14.548869132995605,14.548869132995605,,,,
46,325,,,12.497997283935547,,12.43134593963623,12.43134593963623,,,,
46,326,,,9.788456916809082,,9.72181510925293,9.72181510925293,,,,
46,327,,,8.387530326843262,,8.320879936218262,8.320879936218262,,,,
46,328,,,10.136201858520508,,10.069559097290039,10.069559097290039,,,,
,46,,,,,,,,,16.97076416015625,16.97076416015625
46,328,,,,,,,16.97076416015625,16.97076416015625,,
46,328,10.5921049118042,10.65877914428711,,10.5921049118042,,,,,,
47,329,,,8.589471817016602,,8.522872924804688,8.522872924804688,,,,
47,330,,,13.558456420898438,,13.491874694824219,13.491874694824219,,,,
47,331,,,8.747008323669434,,8.680439949035645,8.680439949035645,,,,
47,332,,,10.361724853515625,,10.295169830322266,10.295169830322266,,,,
47,333,,,9.0852632522583,,9.01871395111084,9.01871395111084,,,,
47,334,,,11.423774719238281,,11.3572416305542,11.3572416305542,,,,
47,335,,,12.155580520629883,,12.08905029296875,12.08905029296875,,,,
,47,,,,,,,,,17.548337936401367,17.548337936401367
47,335,,,,,,,17.548337936401367,17.548337936401367,,
47,335,10.33720874786377,10.40377140045166,,10.33720874786377,,,,,,
48,336,,,8.264069557189941,,8.197546005249023,8.197546005249023,,,,
48,337,,,11.402360916137695,,11.335858345031738,11.335858345031738,,,,
48,338,,,6.259775161743164,,6.193295001983643,6.193295001983643,,,,
48,339,,,11.481526374816895,,11.41503620147705,11.41503620147705,,,,
48,340,,,15.589009284973145,,15.522530555725098,15.522530555725098,,,,
48,341,,,9.35485553741455,,9.288384437561035,9.288384437561035,,,,
48,342,,,7.211694717407227,,7.145229816436768,7.145229816436768,,,,
,48,,,,,,,,,17.803842544555664,17.803842544555664
48,342,,,,,,,17.803842544555664,17.803842544555664,,
48,342,10.138370513916016,10.20486068725586,,10.138370513916016,,,,,,
49,343,,,14.646638870239258,,14.580160140991211,14.580160140991211,,,,
49,344,,,8.577176094055176,,8.510727882385254,8.510727882385254,,,,
49,345,,,9.512676239013672,,9.44621467590332,9.44621467590332,,,,
49,346,,,8.804951667785645,,8.738504409790039,8.738504409790039,,,,
49,347,,,6.845560550689697,,6.779137134552002,6.779137134552002,,,,
49,348,,,10.764406204223633,,10.697985649108887,10.697985649108887,,,,
49,349,,,13.015531539916992,,12.949089050292969,12.949089050292969,,,,
,49,,,,,,,,,18.155838012695312,18.155838012695312
49,349,,,,,,,18.155838012695312,18.155838012695312,,
49,349,9.977825164794922,10.044272422790527,,9.977825164794922,,,,,,
50,350,,,9.456147193908691,,9.3897066116333,9.3897066116333,,,,
50,351,,,11.751652717590332,,11.685213088989258,11.685213088989258,,,,
50,352,,,8.011448860168457,,7.945012092590332,7.945012092590332,,,,
50,353,,,10.648513793945312,,10.582072257995605,10.582072257995605,,,,
50,354,,,9.787735939025879,,9.721319198608398,9.721319198608398,,,,
50,355,,,9.233637809753418,,9.167206764221191,9.167206764221191,,,,
50,356,,,10.712684631347656,,10.646267890930176,10.646267890930176,,,,
,50,,,,,,,,,18.188119888305664,18.188119888305664
50,356,,,,,,,18.188119888305664,18.188119888305664,,
50,356,9.801236152648926,9.867670059204102,,9.801236152648926,,,,,,
51,357,,,11.505765914916992,,11.439346313476562,11.439346313476562,,,,
51,358,,,6.710268974304199,,6.643854141235352,6.643854141235352,,,,
51,359,,,10.440442085266113,,10.374024391174316,10.374024391174316,,,,
51,360,,,8.744034767150879,,8.677603721618652,8.677603721618652,,,,
51,361,,,9.302358627319336,,9.235930442810059,9.235930442810059,,,,
51,362,,,8.877118110656738,,8.810694694519043,8.810694694519043,,,,
51,363,,,17.013010025024414,,16.94660758972168,16.94660758972168,,,,
,51,,,,,,,,,18.184375762939453,18.184375762939453
51,363,,,,,,,18.184375762939453,18.184375762939453,,
51,363,9.6527738571167,9.719194412231445,,9.6527738571167,,,,,,
52,364,,,9.335762023925781,,9.269359588623047,9.269359588623047,,,,
52,365,,,12.642544746398926,,12.576144218444824,12.576144218444824,,,,
52,366,,,5.797306060791016,,5.730905055999756,5.730905055999756,,,,
52,367,,,9.39950942993164,,9.333107948303223,9.333107948303223,,,,
52,368,,,9.638340950012207,,9.571959495544434,9.571959495544434,,,,
52,369,,,9.764129638671875,,9.697746276855469,9.697746276855469,,,,
52,370,,,11.840959548950195,,11.774579048156738,11.774579048156738,,,,
,52,,,,,,,,,18.184419631958008,18.184419631958008
52,370,,,,,,,18.184419631958008,18.184419631958008,,
52,370,9.505049705505371,9.571443557739258,,9.505049705505371,,,,,,
53,371,,,9.519076347351074,,9.452686309814453,9.452686309814453,,,,
53,372,,,9.55422306060791,,9.487825393676758,9.487825393676758,,,,
53,373,,,10.922410011291504,,10.855995178222656,10.855995178222656,,,,
53,374,,,7.9009504318237305,,7.83454704284668,7.83454704284668,,,,
53,375,,,9.493194580078125,,9.426807403564453,9.426807403564453,,,,
53,376,,,8.401923179626465,,8.335531234741211,8.335531234741211,,,,
53,377,,,11.651222229003906,,11.584836959838867,11.584836959838867,,,,
,53,,,,,,,,,18.252302169799805,18.252302169799805
53,377,,,,,,,18.252302169799805,18.252302169799805,,
53,377,9.370620727539062,9.437017440795898,,9.370620727539062,,,,,,
54,378,,,10.818740844726562,,10.752361297607422,10.752361297607422,,,,
54,379,,,10.944305419921875,,10.877931594848633,10.877931594848633,,,,
54,380,,,10.093395233154297,,10.027022361755371,10.027022361755371,,,,
54,381,,,7.766290664672852,,7.69992733001709,7.69992733001709,,,,
54,382,,,6.784145832061768,,6.7177910804748535,6.7177910804748535,,,,
54,383,,,7.731380462646484,,7.665024280548096,7.665024280548096,,,,
54,384,,,13.92309856414795,,13.856732368469238,13.856732368469238,,,,
,54,,,,,,,,,18.33725929260254,18.33725929260254
54,384,,,,,,,18.33725929260254,18.33725929260254,,
54,384,9.244915008544922,9.31128215789795,,9.244915008544922,,,,,,
55,385,,,9.742246627807617,,9.675872802734375,9.675872802734375,,,,
55,386,,,8.432076454162598,,8.365693092346191,8.365693092346191,,,,
55,387,,,7.739329814910889,,7.672935962677002,7.672935962677002,,,,
55,388,,,10.911202430725098,,10.844818115234375,10.844818115234375,,,,
55,389,,,10.63881778717041,,10.57242488861084,10.57242488861084,,,,
55,390,,,8.057716369628906,,7.991333961486816,7.991333961486816,,,,
55,391,,,8.181702613830566,,8.115321159362793,8.115321159362793,,,,
,55,,,,,,,,,18.331565856933594,18.331565856933594
55,391,,,,,,,18.33156394958496,18.33156394958496,,
55,391,9.124128341674805,9.190513610839844,,9.124128341674805,,,,,,
56,392,,,9.8847017288208,,9.818327903747559,9.818327903747559,,,,
56,393,,,6.528937339782715,,6.4625773429870605,6.4625773429870605,,,,
56,394,,,7.19003963470459,,7.123678207397461,7.123678207397461,,,,
56,395,,,11.331421852111816,,11.26505184173584,11.26505184173584,,,,
56,396,,,10.8158540725708,,10.749480247497559,10.749480247497559,,,,
56,397,,,9.183760643005371,,9.11738395690918,9.11738395690918,,,,
56,398,,,7.968933582305908,,7.902559280395508,7.902559280395508,,,,
,56,,,,,,,,,18.3283634185791,18.3283634185791
56,398,,,,,,,18.3283634185791,18.3283634185791,,
56,398,9.019600868225098,9.085970878601074,,9.019600868225098,,,,,,
57,399,,,11.284184455871582,,11.217809677124023,11.217809677124023,,,,
57,400,,,7.754454612731934,,7.688076496124268,7.688076496124268,,,,
57,401,,,12.85505485534668,,12.788674354553223,12.788674354553223,,,,
57,402,,,7.007375717163086,,6.94100284576416,6.94100284576416,,,,
57,403,,,7.425037384033203,,7.358664035797119,7.358664035797119,,,,
57,404,,,8.075055122375488,,8.008668899536133,8.008668899536133,,,,
57,405,,,7.696352481842041,,7.629969120025635,7.629969120025635,,,,
,57,,,,,,,,,18.117055892944336,18.117055892944336
57,405,,,,,,,18.117055892944336,18.117055892944336,,
57,405,8.919864654541016,8.986242294311523,,8.919864654541016,,,,,,
58,406,,,7.299271106719971,,7.232888221740723,7.232888221740723,,,,
58,407,,,8.65807056427002,,8.59168815612793,8.59168815612793,,,,
58,408,,,9.132450103759766,,9.066073417663574,9.066073417663574,,,,
58,409,,,8.452630996704102,,8.386260032653809,8.386260032653809,,,,
58,410,,,10.207018852233887,,10.140631675720215,10.140631675720215,,,,
58,411,,,10.450257301330566,,10.383870124816895,10.383870124816895,,,,
58,412,,,6.572761535644531,,6.506364345550537,6.506364345550537,,,,
,58,,,,,,,,,18.06988525390625,18.06988525390625
58,412,,,,,,,18.06988525390625,18.06988525390625,,
58,412,8.822164535522461,8.88854694366455,,8.822164535522461,,,,,,
59,413,,,6.844493389129639,,6.778104305267334,6.778104305267334,,,,
59,414,,,7.976075172424316,,7.909678936004639,7.909678936004639,,,,
59,415,,,8.275005340576172,,8.20860481262207,8.20860481262207,,,,
59,416,,,8.555037498474121,,8.488628387451172,8.488628387451172,,,,
59,417,,,12.96414852142334,,12.897738456726074,12.897738456726074,,,,
59,418,,,9.182755470275879,,9.116349220275879,9.116349220275879,,,,
59,419,,,6.098263263702393,,6.031861782073975,6.031861782073975,,,,
,59,,,,,,,,,17.81266212463379,17.81266212463379
59,419,,,,,,,17.81266212463379,17.81266212463379,,
59,419,8.731145858764648,8.797547340393066,,8.731145858764648,,,,,,
60,420,,,8.277287483215332,,8.210874557495117,8.210874557495117,,,,
60,421,,,6.8516340255737305,,6.785211086273193,6.785211086273193,,,,
60,422,,,12.464666366577148,,12.398246765136719,12.398246765136719,,,,
60,423,,,9.2628173828125,,9.196403503417969,9.196403503417969,,,,
60,424,,,7.2784810066223145,,7.212061405181885,7.212061405181885,,,,
60,425,,,8.889714241027832,,8.823291778564453,8.823291778564453,,,,
60,426,,,6.905250549316406,,6.838811874389648,6.838811874389648,,,,
,60,,,,,,,,,17.773048400878906,17.773048400878906
60,426,,,,,,,17.773048400878906,17.773048400878906,,
60,426,8.657356262207031,8.723775863647461,,8.657356262207031,,,,,,
61,427,,,9.157167434692383,,9.090746879577637,9.090746879577637,,,,
61,428,,,6.717208385467529,,6.650775909423828,6.650775909423828,,,,
61,429,,,10.784987449645996,,10.718542098999023,10.718542098999023,,,,
61,430,,,7.910071849822998,,7.843635559082031,7.843635559082031,,,,
61,431,,,7.558992385864258,,7.492556571960449,7.492556571960449,,,,
61,432,,,9.094120979309082,,9.02768611907959,9.02768611907959,,,,
61,433,,,10.37861156463623,,10.312167167663574,10.312167167663574,,,,
,61,,,,,,,,,17.861722946166992,17.861722946166992
61,433,,,,,,,17.861722946166992,17.861722946166992,,
61,433,8.578981399536133,8.645415306091309,,8.578981399536133,,,,,,
62,434,,,7.904781818389893,,7.838349342346191,7.838349342346191,,,,
62,435,,,8.39610767364502,,8.329671859741211,8.329671859741211,,,,
62,436,,,7.422790050506592,,7.35636043548584,7.35636043548584,,,,
62,437,,,9.973785400390625,,9.907344818115234,9.907344818115234,,,,
62,438,,,6.428336143493652,,6.361888885498047,6.361888885498047,,,,
62,439,,,10.211459159851074,,10.145001411437988,10.145001411437988,,,,
62,440,,,11.456482887268066,,11.39002513885498,11.39002513885498,,,,
,62,,,,,,,,,17.933914184570312,17.933914184570312
62,440,,,,,,,17.933914184570312,17.933914184570312,,
62,440,8.503510475158691,8.569952011108398,,8.503510475158691,,,,,,
63,441,,,8.7567777633667,,8.690330505371094,8.690330505371094,,,,
63,442,,,6.830082893371582,,6.763634204864502,6.763634204864502,,,,
63,443,,,8.012975692749023,,7.946512699127197,7.946512699127197,,,,
63,444,,,8.902182579040527,,8.83570671081543,8.83570671081543,,,,
63,445,,,6.592754364013672,,6.52628231048584,6.52628231048584,,,,
63,446,,,11.806346893310547,,11.739876747131348,11.739876747131348,,,,
63,447,,,8.774920463562012,,8.708439826965332,8.708439826965332,,,,
,63,,,,,,,,,17.8415470123291,17.8415470123291
63,447,,,,,,,17.8415470123291,17.8415470123291,,
63,447,8.434196472167969,8.50066089630127,,8.434196472167969,,,,,,
64,448,,,10.118990898132324,,10.052529335021973,10.052529335021973,,,,
64,449,,,11.616207122802734,,11.549751281738281,11.549751281738281,,,,
64,450,,,8.09238338470459,,8.025928497314453,8.025928497314453,,,,
64,451,,,5.660297393798828,,5.593834400177002,5.593834400177002,,,,
64,452,,,8.181147575378418,,8.114683151245117,8.114683151245117,,,,
64,453,,,6.919100761413574,,6.852622985839844,6.852622985839844,,,,
64,454,,,8.356196403503418,,8.289713859558105,8.289713859558105,,,,
,64,,,,,,,,,17.800952911376953,17.800952911376953
64,454,,,,,,,17.800952911376953,17.800952911376953,,
64,454,8.360468864440918,8.426933288574219,,8.360468864440918,,,,,,
65,455,,,8.354029655456543,,8.287544250488281,8.287544250488281,,,,
65,456,,,8.017013549804688,,7.950526237487793,7.950526237487793,,,,
65,457,,,8.566740989685059,,8.500250816345215,8.500250816345215,,,,
65,458,,,7.882468223571777,,7.815973281860352,7.815973281860352,,,,
65,459,,,8.090932846069336,,8.024445533752441,8.024445533752441,,,,
65,460,,,8.560266494750977,,8.493766784667969,8.493766784667969,,,,
65,461,,,10.094971656799316,,10.02846622467041,10.02846622467041,,,,
,65,,,,,,,,,17.281402587890625,17.281402587890625
65,461,,,,,,,17.281402587890625,17.281402587890625,,
65,461,8.287558555603027,8.354049682617188,,8.287558555603027,,,,,,
66,462,,,6.5522332191467285,,6.485697269439697,6.485697269439697,,,,
66,463,,,8.47348403930664,,8.40693187713623,8.40693187713623,,,,
66,464,,,8.427343368530273,,8.360786437988281,8.360786437988281,,,,
66,465,,,8.43086051940918,,8.364299774169922,8.364299774169922,,,,
66,466,,,8.987529754638672,,8.920955657958984,8.920955657958984,,,,
66,467,,,9.5316743850708,,9.46510124206543,9.46510124206543,,,,
66,468,,,6.144921779632568,,6.078337669372559,6.078337669372559,,,,
,66,,,,,,,,,16.955060958862305,16.955060958862305
66,468,,,,,,,16.955060958862305,16.955060958862305,,
66,468,8.201278686523438,8.267838478088379,,8.201278686523438,,,,,,
67,469,,,7.160345077514648,,7.093768119812012,7.093768119812012,,,,
67,470,,,8.984854698181152,,8.91827392578125,8.91827392578125,,,,
67,471,,,9.58963680267334,,9.523058891296387,9.523058891296387,,,,
67,472,,,9.333276748657227,,9.26669692993164,9.26669692993164,,,,
67,473,,,5.566127777099609,,5.49953031539917,5.49953031539917,,,,
67,474,,,7.722928047180176,,7.656311511993408,7.656311511993408,,,,
67,475,,,10.273967742919922,,10.207353591918945,10.207353591918945,,,,
,67,,,,,,,,,16.834226608276367,16.834226608276367
67,475,,,,,,,16.834226608276367,16.834226608276367,,
67,475,8.123200416564941,8.189789772033691,,8.123200416564941,,,,,,
68,476,,,8.888128280639648,,8.821511268615723,8.821511268615723,,,,
68,477,,,7.857719898223877,,7.791100025177002,7.791100025177002,,,,
68,478,,,10.361165046691895,,10.294532775878906,10.294532775878906,,,,
68,479,,,8.331178665161133,,8.26456356048584,8.26456356048584,,,,
68,480,,,8.934589385986328,,8.867956161499023,8.867956161499023,,,,
68,481,,,6.384479522705078,,6.317837238311768,6.317837238311768,,,,
68,482,,,2.7327113151550293,,2.6660547256469727,2.6660547256469727,,,,
,68,,,,,,,,,16.66625213623047,16.66625213623047
68,482,,,,,,,16.66625213623047,16.66625213623047,,
68,482,8.056042671203613,8.122671127319336,,8.056042671203613,,,,,,
69,483,,,7.58879280090332,,7.52213191986084,7.52213191986084,,,,
69,484,,,9.538668632507324,,9.472003936767578,9.472003936767578,,,,
69,485,,,8.046205520629883,,7.979523658752441,7.979523658752441,,,,
69,486,,,8.454240798950195,,8.38756275177002,8.38756275177002,,,,
69,487,,,8.31428337097168,,8.247593879699707,8.247593879699707,,,,
69,488,,,7.95416259765625,,7.887478828430176,7.887478828430176,,,,
69,489,,,3.7554731369018555,,3.688774824142456,3.688774824142456,,,,
,69,,,,,,,,,16.41254425048828,16.41254425048828
69,489,,,,,,,16.41254425048828,16.41254425048828,,
69,489,7.9811110496521,8.047789573669434,,7.9811110496521,,,,,,
70,490,,,7.108232498168945,,7.041516304016113,7.041516304016113,,,,
70,491,,,7.779470920562744,,7.7127461433410645,7.7127461433410645,,,,
70,492,,,7.623270511627197,,7.556537628173828,7.556537628173828,,,,
70,493,,,8.13147258758545,,8.06473445892334,8.06473445892334,,,,
70,494,,,9.429869651794434,,9.363122940063477,9.363122940063477,,,,
70,495,,,7.883974552154541,,7.817213535308838,7.817213535308838,,,,
70,496,,,7.934505462646484,,7.867746829986572,7.867746829986572,,,,
,70,,,,,,,,,16.11249351501465,16.11249351501465
70,496,,,,,,,16.11249351501465,16.11249351501465,,
70,496,7.922553062438965,7.989291191101074,,7.922553062438965,,,,,,
71,497,,,5.7633376121521,,5.69656229019165,5.69656229019165,,,,
71,498,,,6.829333782196045,,6.7625508308410645,6.7625508308410645,,,,
71,499,,,5.8136491775512695,,5.746853828430176,5.746853828430176,,,,
71,500,,,10.355134010314941,,10.288331031799316,10.288331031799316,,,,
71,501,,,9.15480899810791,,9.087998390197754,9.087998390197754,,,,
71,502,,,9.380221366882324,,9.313407897949219,9.313407897949219,,,,
71,503,,,8.564936637878418,,8.498113632202148,8.498113632202148,,,,
,71,,,,,,,,,16.02208137512207,16.02208137512207
71,503,,,,,,,16.02208137512207,16.02208137512207,,
71,503,7.856077671051025,7.922876834869385,,7.856077671051025,,,,,,
72,504,,,8.815062522888184,,8.7482328414917,8.7482328414917,,,,
72,505,,,8.763089179992676,,8.696255683898926,8.696255683898926,,,,
72,506,,,6.495052814483643,,6.428215503692627,6.428215503692627,,,,
72,507,,,7.216126441955566,,7.149280548095703,7.149280548095703,,,,
72,508,,,9.285136222839355,,9.218265533447266,9.218265533447266,,,,
72,509,,,5.8180251121521,,5.751156330108643,5.751156330108643,,,,
72,510,,,9.90688419342041,,9.840006828308105,9.840006828308105,,,,
,72,,,,,,,,,16.03655242919922,16.03655242919922
72,510,,,,,,,16.03655242919922,16.03655242919922,,
72,510,7.793161869049072,7.860011100769043,,7.793161869049072,,,,,,
73,511,,,6.050536632537842,,5.98365592956543,5.98365592956543,,,,
73,512,,,9.403847694396973,,9.336944580078125,9.336944580078125,,,,
73,513,,,10.204883575439453,,10.137970924377441,10.137970924377441,,,,
73,514,,,8.290096282958984,,8.223175048828125,8.223175048828125,,,,
73,515,,,6.788407325744629,,6.7214765548706055,6.7214765548706055,,,,
73,516,,,7.897140979766846,,7.830209255218506,7.830209255218506,,,,
73,517,,,2.8042166233062744,,2.737283945083618,2.737283945083618,,,,
,73,,,,,,,,,15.979228973388672,15.979228973388672
73,517,,,,,,,15.979228019714355,15.979228019714355,,
73,517,7.72704553604126,7.793959617614746,,7.72704553604126,,,,,,
74,518,,,7.58183479309082,,7.514897346496582,7.514897346496582,,,,
74,519,,,9.538412094116211,,9.471461296081543,9.471461296081543,,,,
74,520,,,4.991195201873779,,4.924245834350586,4.924245834350586,,,,
74,521,,,8.231945991516113,,8.164983749389648,8.164983749389648,,,,
74,522,,,7.790321350097656,,7.72335147857666,7.72335147857666,,,,
74,523,,,8.413928031921387,,8.346955299377441,8.346955299377441,,,,
74,524,,,7.44284200668335,,7.3758625984191895,7.3758625984191895,,,,
,74,,,,,,,,,15.771513938903809,15.771513938903809
74,524,,,,,,,15.771513938903809,15.771513938903809,,
74,524,7.672445774078369,7.739404201507568,,7.672445774078369,,,,,,
75,525,,,6.244479179382324,,6.177483558654785,6.177483558654785,,,,
75,526,,,8.760132789611816,,8.693137168884277,8.693137168884277,,,,
75,527,,,9.750170707702637,,9.683170318603516,9.683170318603516,,,,
75,528,,,5.437165260314941,,5.370152950286865,5.370152950286865,,,,
75,529,,,8.916154861450195,,8.849132537841797,8.849132537841797,,,,
75,530,,,7.622267723083496,,7.555228233337402,7.555228233337402,,,,
75,531,,,5.9534196853637695,,5.8863725662231445,5.8863725662231445,,,,
,75,,,,,,,,,15.741050720214844,15.741050720214844
75,531,,,,,,,15.741050720214844,15.741050720214844,,
75,531,7.613442897796631,7.680455207824707,,7.613442897796631,,,,,,
76,532,,,8.836481094360352,,8.76943302154541,8.76943302154541,,,,
76,533,,,5.905351161956787,,5.838306903839111,5.838306903839111,,,,
76,534,,,9.423336029052734,,9.356270790100098,9.356270790100098,,,,
76,535,,,5.782230854034424,,5.7151665687561035,5.7151665687561035,,,,
76,536,,,9.32871150970459,,9.261624336242676,9.261624336242676,,,,
76,537,,,5.865793228149414,,5.798696994781494,5.798696994781494,,,,
76,538,,,9.14803695678711,,9.080934524536133,9.080934524536133,,,,
,76,,,,,,,,,15.650445938110352,15.650445938110352
76,538,,,,,,,15.650445938110352,15.650445938110352,,
76,538,7.552133560180664,7.619203567504883,,7.552133560180664,,,,,,
77,539,,,5.7139129638671875,,5.646810054779053,5.646810054779053,,,,
77,540,,,7.480494022369385,,7.413379669189453,7.413379669189453,,,,
77,541,,,7.358748435974121,,7.291615009307861,7.291615009307861,,,,
77,542,,,7.506823539733887,,7.439670562744141,7.439670562744141,,,,
77,543,,,8.536665916442871,,8.469508171081543,8.469508171081543,,,,
77,544,,,7.628607749938965,,7.561461448669434,7.561461448669434,,,,
77,545,,,10.430869102478027,,10.3637113571167,10.3637113571167,,,,
,77,,,,,,,,,15.498345375061035,15.498345375061035
77,545,,,,,,,15.498345375061035,15.498345375061035,,
77,545,7.483738899230957,7.550875186920166,,7.483738899230957,,,,,,
78,546,,,6.241408824920654,,6.174239635467529,6.174239635467529,,,,
78,547,,,7.646341800689697,,7.579169273376465,7.579169273376465,,,,
78,548,,,7.0134477615356445,,6.946251392364502,6.946251392364502,,,,
78,549,,,7.836493968963623,,7.769282341003418,7.769282341003418,,,,
78,550,,,7.831129550933838,,7.763916492462158,7.763916492462158,,,,
78,551,,,9.269668579101562,,9.202459335327148,9.202459335327148,,,,
78,552,,,4.958459854125977,,4.891233444213867,4.891233444213867,,,,
,78,,,,,,,,,15.340723991394043,15.340723991394043
78,552,,,,,,,15.340723991394043,15.340723991394043,,
78,552,7.414828300476074,7.482025623321533,,7.414828300476074,,,,,,
79,553,,,7.970088481903076,,7.902853012084961,7.902853012084961,,,,
79,554,,,8.612164497375488,,8.544915199279785,8.544915199279785,,,,
79,555,,,8.259881019592285,,8.192630767822266,8.192630767822266,,,,
79,556,,,5.750763893127441,,5.683499336242676,5.683499336242676,,,,
79,557,,,6.567732334136963,,6.500454425811768,6.500454425811768,,,,
79,558,,,6.090927600860596,,6.023647785186768,6.023647785186768,,,,
79,559,,,10.646978378295898,,10.579678535461426,10.579678535461426,,,,
,79,,,,,,,,,15.42543888092041,15.42543888092041
79,559,,,,,,,15.42543888092041,15.42543888092041,,
79,559,7.343588829040527,7.410851001739502,,7.343588829040527,,,,,,
80,560,,,8.118885040283203,,8.051582336425781,8.051582336425781,,,,
80,561,,,7.893734455108643,,7.8264241218566895,7.8264241218566895,,,,
80,562,,,5.163062572479248,,5.0957512855529785,5.0957512855529785,,,,
80,563,,,8.794342041015625,,8.727019309997559,8.727019309997559,,,,
80,564,,,5.869871139526367,,5.802548885345459,5.802548885345459,,,,
80,565,,,7.7602152824401855,,7.692876815795898,7.692876815795898,,,,
80,566,,,8.53630542755127,,8.468950271606445,8.468950271606445,,,,
,80,,,,,,,,,15.24945068359375,15.24945068359375
80,566,,,,,,,15.24945068359375,15.24945068359375,,
80,566,7.2740478515625,7.341369152069092,,7.2740478515625,,,,,,
81,567,,,7.435140132904053,,7.367751598358154,7.367751598358154,,,,
81,568,,,5.616225719451904,,5.548819065093994,5.548819065093994,,,,
81,569,,,7.653769493103027,,7.586353302001953,7.586353302001953,,,,
81,570,,,8.732259750366211,,8.664824485778809,8.664824485778809,,,,
81,571,,,7.987893581390381,,7.92044734954834,7.92044734954834,,,,
81,572,,,7.209803581237793,,7.142346382141113,7.142346382141113,,,,
81,573,,,4.522462844848633,,4.454992771148682,4.454992771148682,,,,
,81,,,,,,,,,15.034189224243164,15.034189224243164
81,573,,,,,,,15.034189224243164,15.034189224243164,,
81,573,7.200182914733887,7.267610549926758,,7.200182914733887,,,,,,
82,574,,,7.620960235595703,,7.553493499755859,7.553493499755859,,,,
82,575,,,6.48960542678833,,6.422128677368164,6.422128677368164,,,,
82,576,,,6.687249660491943,,6.619758605957031,6.619758605957031,,,,
82,577,,,9.007197380065918,,8.939702033996582,8.939702033996582,,,,
82,578,,,7.0316643714904785,,6.964163303375244,6.964163303375244,,,,
82,579,,,5.8069586753845215,,5.739440441131592,5.739440441131592,,,,
82,580,,,8.661697387695312,,8.59416675567627,8.59416675567627,,,,
,82,,,,,,,,,14.959076881408691,14.959076881408691
82,580,,,,,,,14.959076881408691,14.959076881408691,,
82,580,7.131216049194336,7.198709011077881,,7.131216049194336,,,,,,
83,581,,,7.2029948234558105,,7.135444164276123,7.135444164276123,,,,
83,582,,,5.795655250549316,,5.728084087371826,5.728084087371826,,,,
83,583,,,6.154976844787598,,6.087397575378418,6.087397575378418,,,,
83,584,,,7.928250312805176,,7.860663890838623,7.860663890838623,,,,
83,585,,,6.783440113067627,,6.715829849243164,6.715829849243164,,,,
83,586,,,9.055183410644531,,8.987568855285645,8.987568855285645,,,,
83,587,,,6.790841102600098,,6.7232232093811035,6.7232232093811035,,,,
,83,,,,,,,,,14.73952865600586,14.73952865600586
83,587,,,,,,,14.739527702331543,14.739527702331543,,
83,587,7.064501762390137,7.132088661193848,,7.064501762390137,,,,,,
84,588,,,7.0536956787109375,,6.986048698425293,6.986048698425293,,,,
84,589,,,5.900200366973877,,5.83254337310791,5.83254337310791,,,,
84,590,,,8.623916625976562,,8.55625057220459,8.55625057220459,,,,
84,591,,,6.9090728759765625,,6.8413987159729,6.8413987159729,,,,
84,592,,,7.066160678863525,,6.998481750488281,6.998481750488281,,,,
84,593,,,6.368857383728027,,6.301152229309082,6.301152229309082,,,,
84,594,,,8.384079933166504,,8.316353797912598,8.316353797912598,,,,
,84,,,,,,,,,14.763514518737793,14.763514518737793
84,594,,,,,,,14.763514518737793,14.763514518737793,,
84,594,7.001491069793701,7.069166660308838,,7.001491069793701,,,,,,
85,595,,,9.221222877502441,,9.153499603271484,9.153499603271484,,,,
85,596,,,7.918026447296143,,7.85028600692749,7.85028600692749,,,,
85,597,,,6.885076999664307,,6.817334175109863,6.817334175109863,,,,
85,598,,,7.443689823150635,,7.3759379386901855,7.3759379386901855,,,,
85,599,,,6.86198616027832,,6.79421854019165,6.79421854019165,,,,
85,600,,,4.781955718994141,,4.714169979095459,4.714169979095459,,,,
85,601,,,4.202203273773193,,4.134408950805664,4.134408950805664,,,,
,85,,,,,,,,,14.641921043395996,14.641921043395996
85,601,,,,,,,14.641921043395996,14.641921043395996,,
85,601,6.942094326019287,7.009848117828369,,6.942094326019287,,,,,,
86,602,,,8.390135765075684,,8.322324752807617,8.322324752807617,,,,
86,603,,,6.205118179321289,,6.137292861938477,6.137292861938477,,,,
86,604,,,7.333482265472412,,7.265643119812012,7.265643119812012,,,,
86,605,,,6.873526096343994,,6.805675029754639,6.805675029754639,,,,
86,606,,,6.364157676696777,,6.296303749084473,6.296303749084473,,,,
86,607,,,6.671524524688721,,6.603665351867676,6.603665351867676,,,,
86,608,,,6.666150093078613,,6.598265647888184,6.598265647888184,,,,
,86,,,,,,,,,14.491022109985352,14.491022109985352
86,608,,,,,,,14.491022109985352,14.491022109985352,,
86,608,6.887098789215088,6.954941272735596,,6.887098789215088,,,,,,
87,609,,,5.128861427307129,,5.060962677001953,5.060962677001953,,,,
87,610,,,6.89426851272583,,6.826357841491699,6.826357841491699,,,,
87,611,,,7.391652584075928,,7.323721885681152,7.323721885681152,,,,
87,612,,,7.5584716796875,,7.49051570892334,7.49051570892334,,,,
87,613,,,6.591795921325684,,6.523830413818359,6.523830413818359,,,,
87,614,,,7.7678117752075195,,7.699843406677246,7.699843406677246,,,,
87,615,,,6.852802276611328,,6.784823894500732,6.784823894500732,,,,
,87,,,,,,,,,14.321420669555664,14.321420669555664
87,615,,,,,,,14.321420669555664,14.321420669555664,,
87,615,6.818751335144043,6.886692523956299,,6.818751335144043,,,,,,
88,616,,,5.479950904846191,,5.411962985992432,5.411962985992432,,,,
88,617,,,8.39725399017334,,8.329249382019043,8.329249382019043,,,,
88,618,,,6.55481481552124,,6.486800193786621,6.486800193786621,,,,
88,619,,,8.651384353637695,,8.583359718322754,8.583359718322754,,,,
88,620,,,7.194842338562012,,7.126803874969482,7.126803874969482,,,,
88,621,,,5.698310375213623,,5.630260944366455,5.630260944366455,,,,
88,622,,,4.162978649139404,,4.094913482666016,4.094913482666016,,,,
,88,,,,,,,,,14.21611499786377,14.21611499786377
88,622,,,,,,,14.21611499786377,14.21611499786377,,
88,622,6.761415958404541,6.829439163208008,,6.761415958404541,,,,,,
89,623,,,7.824366092681885,,7.756294250488281,7.756294250488281,,,,
89,624,,,7.746792316436768,,7.678714275360107,7.678714275360107,,,,
89,625,,,6.097725868225098,,6.029642581939697,6.029642581939697,,,,
89,626,,,5.617101192474365,,5.549004554748535,5.549004554748535,,,,
89,627,,,9.196842193603516,,9.128729820251465,9.128729820251465,,,,
89,628,,,4.470608711242676,,4.402481555938721,4.402481555938721,,,,
89,629,,,5.8346405029296875,,5.766499996185303,5.766499996185303,,,,
,89,,,,,,,,,13.946475982666016,13.946475982666016
89,629,,,,,,,13.946476936340332,13.946476936340332,,
89,629,6.699185371398926,6.767282485961914,,6.699185371398926,,,,,,
90,630,,,6.036661148071289,,5.968483924865723,5.968483924865723,,,,
90,631,,,8.473885536193848,,8.40570068359375,8.40570068359375,,,,
90,632,,,7.258087158203125,,7.189888000488281,7.189888000488281,,,,
90,633,,,6.474130153656006,,6.405913829803467,6.405913829803467,,,,
90,634,,,5.399888515472412,,5.331652641296387,5.331652641296387,,,,
90,635,,,6.406101226806641,,6.3378496170043945,6.3378496170043945,,,,
90,636,,,7.033834934234619,,6.9655656814575195,6.9655656814575195,,,,
,90,,,,,,,,,13.77108383178711,13.77108383178711
90,636,,,,,,,13.771082878112793,13.771082878112793,,
90,636,6.627697944641113,6.695912837982178,,6.627697944641113,,,,,,
91,637,,,5.926652908325195,,5.858376502990723,5.858376502990723,,,,
91,638,,,7.304182052612305,,7.235899925231934,7.235899925231934,,,,
91,639,,,5.0361857414245605,,4.967888355255127,4.967888355255127,,,,
91,640,,,7.341005325317383,,7.272691249847412,7.272691249847412,,,,
91,641,,,6.600797176361084,,6.532467365264893,6.532467365264893,,,,
91,642,,,7.200932502746582,,7.132585048675537,7.132585048675537,,,,
91,643,,,7.581352710723877,,7.51298713684082,7.51298713684082,,,,
,91,,,,,,,,,13.717094421386719,13.717094421386719
91,643,,,,,,,13.717094421386719,13.717094421386719,,
91,643,6.559573173522949,6.627884387969971,,6.559573173522949,,,,,,
92,644,,,4.636561393737793,,4.56818962097168,4.56818962097168,,,,
92,645,,,8.703503608703613,,8.635112762451172,8.635112762451172,,,,
92,646,,,6.295846462249756,,6.227438449859619,6.227438449859619,,,,
92,647,,,6.503012657165527,,6.4345903396606445,6.4345903396606445,,,,
92,648,,,6.741637706756592,,6.6732096672058105,6.6732096672058105,,,,
92,649,,,7.056276798248291,,6.987834453582764,6.987834453582764,,,,
92,650,,,5.125240325927734,,5.056777000427246,5.056777000427246,,,,
,92,,,,,,,,,13.644110679626465,13.644110679626465
92,650,,,,,,,13.644110679626465,13.644110679626465,,
92,650,6.497673034667969,6.566087245941162,,6.497673034667969,,,,,,
93,651,,,6.608753681182861,,6.54028844833374,6.54028844833374,,,,
93,652,,,7.168976783752441,,7.100503444671631,7.100503444671631,,,,
93,653,,,7.292670726776123,,7.224178791046143,7.224178791046143,,,,
93,654,,,6.055791854858398,,5.9872941970825195,5.9872941970825195,,,,
93,655,,,4.717732906341553,,4.6492109298706055,4.6492109298706055,,,,
93,656,,,7.111823081970215,,7.043283462524414,7.043283462524414,,,,
93,657,,,6.702729225158691,,6.634181499481201,6.634181499481201,,,,
,93,,,,,,,,,13.592347145080566,13.592347145080566
93,657,,,,,,,13.592347145080566,13.592347145080566,,
93,657,6.436483383178711,6.504983901977539,,6.436483383178711,,,,,,
94,658,,,6.001405239105225,,5.932837009429932,5.932837009429932,,,,
94,659,,,6.950507640838623,,6.881920337677002,6.881920337677002,,,,
94,660,,,6.877699851989746,,6.809102535247803,6.809102535247803,,,,
94,661,,,4.30005407333374,,4.231446266174316,4.231446266174316,,,,
94,662,,,6.463705539703369,,6.395085334777832,6.395085334777832,,,,
94,663,,,7.494585990905762,,7.425942897796631,7.425942897796631,,,,
94,664,,,7.981872081756592,,7.913208484649658,7.913208484649658,,,,
,94,,,,,,,,,13.585686683654785,13.585686683654785
94,664,,,,,,,13.585686683654785,13.585686683654785,,
94,664,6.375495433807373,6.444103717803955,,6.375495433807373,,,,,,
95,665,,,6.0684309005737305,,5.999765872955322,5.999765872955322,,,,
95,666,,,6.11307430267334,,6.04439640045166,6.04439640045166,,,,
95,667,,,6.859014511108398,,6.7903289794921875,6.7903289794921875,,,,
95,668,,,6.834310531616211,,6.765606880187988,6.765606880187988,,,,
95,669,,,7.2230143547058105,,7.154295444488525,7.154295444488525,,,,
95,670,,,6.278827667236328,,6.210093975067139,6.210093975067139,,,,
95,671,,,3.612745523452759,,3.54398775100708,3.54398775100708,,,,
,95,,,,,,,,,13.492889404296875,13.492889404296875
95,671,,,,,,,13.492889404296875,13.492889404296875,,
95,671,6.320546627044678,6.389246940612793,,6.320546627044678,,,,,,
96,672,,,6.817320346832275,,6.748559951782227,6.748559951782227,,,,
96,673,,,3.9877548217773438,,3.9189817905426025,3.9189817905426025,,,,
96,674,,,5.976436138153076,,5.907655715942383,5.907655715942383,,,,
96,675,,,7.450442790985107,,7.381641864776611,7.381641864776611,,,,
96,676,,,7.6861982345581055,,7.617372512817383,7.617372512817383,,,,
96,677,,,5.5060200691223145,,5.43718147277832,5.43718147277832,,,,
96,678,,,8.116562843322754,,8.047710418701172,8.047710418701172,,,,
,96,,,,,,,,,13.348797798156738,13.348797798156738
96,678,,,,,,,13.348797798156738,13.348797798156738,,
96,678,6.279102802276611,6.347903251647949,,6.279102802276611,,,,,,
97,679,,,6.184881210327148,,6.116020679473877,6.116020679473877,,,,
97,680,,,7.073966979980469,,7.005100250244141,7.005100250244141,,,,
97,681,,,5.073883056640625,,5.0049872398376465,5.0049872398376465,,,,
97,682,,,6.986344814300537,,6.917418956756592,6.917418956756592,,,,
97,683,,,5.448739051818848,,5.379795551300049,5.379795551300049,,,,
97,684,,,7.255614757537842,,7.186670780181885,7.186670780181885,,,,
97,685,,,5.662083625793457,,5.593116760253906,5.593116760253906,,,,
,97,,,,,,,,,13.369786262512207,13.369786262512207
97,685,,,,,,,13.369786262512207,13.369786262512207,,
97,685,6.22861385345459,6.297523498535156,,6.22861385345459,,,,,,
98,686,,,5.406383991241455,,5.337433815002441,5.337433815002441,,,,
98,687,,,7.135837554931641,,7.0668721199035645,7.0668721199035645,,,,
98,688,,,6.690219879150391,,6.621238708496094,6.621238708496094,,,,
98,689,,,8.41318416595459,,8.344194412231445,8.344194412231445,,,,
98,690,,,4.6281514167785645,,4.559145450592041,4.559145450592041,,,,
98,691,,,5.570396423339844,,5.501373291015625,5.501373291015625,,,,
98,692,,,5.351791858673096,,5.282757759094238,5.282757759094238,,,,
,98,,,,,,,,,13.3172025680542,13.3172025680542
98,692,,,,,,,13.3172025680542,13.3172025680542,,
98,692,6.182163715362549,6.251152515411377,,6.182163715362549,,,,,,
99,693,,,5.619288444519043,,5.550236701965332,5.550236701965332,,,,
99,694,,,5.567579746246338,,5.49851131439209,5.49851131439209,,,,
99,695,,,7.583356857299805,,7.514273643493652,7.514273643493652,,,,
99,696,,,7.159698486328125,,7.090612411499023,7.090612411499023,,,,
99,697,,,5.976552963256836,,5.907445907592773,5.907445907592773,,,,
99,698,,,5.500477313995361,,5.431351661682129,5.431351661682129,,,,
99,699,,,5.734689712524414,,5.66554594039917,5.66554594039917,,,,
,99,,,,,,,,,13.20821762084961,13.20821762084961
99,699,,,,,,,13.208216667175293,13.208216667175293,,
99,699,6.136002063751221,6.205092430114746,,6.136002063751221,,,,,,
100,700,,,6.462697982788086,,6.393540859222412,6.393540859222412,,,,
100,701,,,6.256837368011475,,6.187675952911377,6.187675952911377,,,,
100,702,,,7.436233997344971,,7.36707067489624,7.36707067489624,,,,
100,703,,,5.512397766113281,,5.443212985992432,5.443212985992432,,,,
100,704,,,7.371142864227295,,7.301936626434326,7.301936626434326,,,,
100,705,,,4.661670684814453,,4.592442035675049,4.592442035675049,,,,
100,706,,,4.158847808837891,,4.089599609375,4.089599609375,,,,
,100,,,,,,,,,13.04289436340332,13.04289436340332
100,706,,,,,,,13.04289436340332,13.04289436340332,,
100,706,6.089329719543457,6.158517360687256,,6.089329719543457,,,,,,
101,707,,,4.2371344566345215,,4.1678667068481445,4.1678667068481445,,,,
101,708,,,6.962284088134766,,6.892996788024902,6.892996788024902,,,,
101,709,,,6.180904388427734,,6.111602306365967,6.111602306365967,,,,
101,710,,,6.733133792877197,,6.663815975189209,6.663815975189209,,,,
101,711,,,6.312901020050049,,6.243570804595947,6.243570804595947,,,,
101,712,,,7.036768436431885,,6.967423915863037,6.967423915863037,,,,
101,713,,,3.8655617237091064,,3.7961997985839844,3.7961997985839844,,,,
,101,,,,,,,,,12.721962928771973,12.721962928771973
101,713,,,,,,,12.721962928771973,12.721962928771973,,
101,713,6.034643650054932,6.103954792022705,,6.034643650054932,,,,,,
102,714,,,6.443482875823975,,6.374094009399414,6.374094009399414,,,,
102,715,,,5.272217750549316,,5.202822685241699,5.202822685241699,,,,
102,716,,,6.414387226104736,,6.344977855682373,6.344977855682373,,,,
102,717,,,4.897496700286865,,4.828068733215332,4.828068733215332,,,,
102,718,,,7.782435417175293,,7.712981224060059,7.712981224060059,,,,
102,719,,,5.786307334899902,,5.716838359832764,5.716838359832764,,,,
102,720,,,5.493366718292236,,5.423882484436035,5.423882484436035,,,,
,102,,,,,,,,,12.39869499206543,12.39869499206543
102,720,,,,,,,12.39869499206543,12.39869499206543,,
102,720,5.994311809539795,6.063739776611328,,5.994311809539795,,,,,,
103,721,,,4.873115062713623,,4.803605556488037,4.803605556488037,,,,
103,722,,,5.959281921386719,,5.889752388000488,5.889752388000488,,,,
103,723,,,6.317984580993652,,6.248434066772461,6.248434066772461,,,,
103,724,,,5.941391944885254,,5.871828556060791,5.871828556060791,,,,
103,725,,,6.147489070892334,,6.0779194831848145,6.0779194831848145,,,,
103,726,,,6.067422866821289,,5.997842311859131,5.997842311859131,,,,
103,727,,,7.981761455535889,,7.912153720855713,7.912153720855713,,,,
,103,,,,,,,,,12.241168022155762,12.241168022155762
103,727,,,,,,,12.241168022155762,12.241168022155762,,
103,727,5.938264846801758,6.007819175720215,,5.938264846801758,,,,,,
104,728,,,6.2746357917785645,,6.2050089836120605,6.2050089836120605,,,,
104,729,,,5.167837142944336,,5.098202228546143,5.098202228546143,,,,
104,730,,,6.45172643661499,,6.382071495056152,6.382071495056152,,,,
104,731,,,8.284505844116211,,8.21484088897705,8.21484088897705,,,,
104,732,,,3.254967212677002,,3.1852893829345703,3.1852893829345703,,,,
104,733,,,6.862067222595215,,6.792370796203613,6.792370796203613,,,,
104,734,,,4.5685601234436035,,4.498844146728516,4.498844146728516,,,,
,104,,,,,,,,,11.949118614196777,11.949118614196777
104,734,,,,,,,11.949118614196777,11.949118614196777,,
104,734,5.892525672912598,5.962188243865967,,5.892525672912598,,,,,,
105,735,,,7.003105163574219,,6.933351993560791,6.933351993560791,,,,
105,736,,,6.364203453063965,,6.294429302215576,6.294429302215576,,,,
105,737,,,4.443109035491943,,4.373310565948486,4.373310565948486,,,,
105,738,,,4.128278732299805,,4.058460712432861,4.058460712432861,,,,
105,739,,,6.755197048187256,,6.685361385345459,6.685361385345459,,,,
105,740,,,6.0979180335998535,,6.028069496154785,6.028069496154785,,,,
105,741,,,7.5597076416015625,,7.489847183227539,7.489847183227539,,,,
,105,,,,,,,,,11.776477813720703,11.776477813720703
105,741,,,,,,,11.77647876739502,11.77647876739502,,
105,741,5.832419395446777,5.902227878570557,,5.832419395446777,,,,,,
106,742,,,5.609475612640381,,5.5396013259887695,5.5396013259887695,,,,
106,743,,,4.544853687286377,,4.474957466125488,4.474957466125488,,,,
106,744,,,6.472803115844727,,6.402891159057617,6.402891159057617,,,,
106,745,,,5.003657341003418,,4.933732509613037,4.933732509613037,,,,
106,746,,,7.006031513214111,,6.936100482940674,6.936100482940674,,,,
106,747,,,6.562489032745361,,6.492541313171387,6.492541313171387,,,,
106,748,,,5.599597930908203,,5.529630661010742,5.529630661010742,,,,
,106,,,,,,,,,11.713940620422363,11.713940620422363
106,748,,,,,,,11.713940620422363,11.713940620422363,,
106,748,5.780930995941162,5.85084867477417,,5.780930995941162,,,,,,
107,749,,,4.791837692260742,,4.721851348876953,4.721851348876953,,,,
107,750,,,4.239309310913086,,4.169293403625488,4.169293403625488,,,,
107,751,,,8.013956069946289,,7.94392204284668,7.94392204284668,,,,
107,752,,,7.236563205718994,,7.166512489318848,7.166512489318848,,,,
107,753,,,5.699548244476318,,5.629485130310059,5.629485130310059,,,,
107,754,,,4.734808444976807,,4.664732456207275,4.664732456207275,,,,
107,755,,,6.178925037384033,,6.1088385581970215,6.1088385581970215,,,,
,107,,,,,,,,,11.780418395996094,11.780418395996094
107,755,,,,,,,11.780418395996094,11.780418395996094,,
107,755,5.739076614379883,5.809116840362549,,5.739076614379883,,,,,,
108,756,,,5.850797653198242,,5.780694961547852,5.780694961547852,,,,
108,757,,,3.098015308380127,,3.0278990268707275,3.0278990268707275,,,,
108,758,,,6.412144660949707,,6.342020511627197,6.342020511627197,,,,
108,759,,,6.195556163787842,,6.125418663024902,6.125418663024902,,,,
108,760,,,6.985987663269043,,6.915829181671143,6.915829181671143,,,,
108,761,,,5.8250651359558105,,5.754893779754639,5.754893779754639,,,,
108,762,,,6.048104286193848,,5.9779181480407715,5.9779181480407715,,,,
,108,,,,,,,,,11.599283218383789,11.599283218383789
108,762,,,,,,,11.599283218383789,11.599283218383789,,
108,762,5.676623344421387,5.746761322021484,,5.676623344421387,,,,,,
109,763,,,6.726432800292969,,6.656199932098389,6.656199932098389,,,,
109,764,,,5.505396842956543,,5.435144424438477,5.435144424438477,,,,
109,765,,,5.451610565185547,,5.381343841552734,5.381343841552734,,,,
109,766,,,4.3063459396362305,,4.236071586608887,4.236071586608887,,,,
109,767,,,6.527850151062012,,6.457560062408447,6.457560062408447,,,,
109,768,,,5.488985538482666,,5.418676376342773,5.418676376342773,,,,
109,769,,,5.97642183303833,,5.906086444854736,5.906086444854736,,,,
,109,,,,,,,,,11.481245040893555,11.481245040893555
109,769,,,,,,,11.481245040893555,11.481245040893555,,
109,769,5.615651607513428,5.685926914215088,,5.615651607513428,,,,,,
110,770,,,4.689370632171631,,4.619007587432861,4.619007587432861,,,,
110,771,,,7.389001369476318,,7.318608283996582,7.318608283996582,,,,
110,772,,,4.793867111206055,,4.723457336425781,4.723457336425781,,,,
110,773,,,5.482949733734131,,5.4125261306762695,5.4125261306762695,,,,
110,774,,,4.1713104248046875,,4.100865840911865,4.100865840911865,,,,
110,775,,,6.31672477722168,,6.246270179748535,6.246270179748535,,,,
110,776,,,8.269817352294922,,8.199345588684082,8.199345588684082,,,,
,110,,,,,,,,,11.395750999450684,11.395750999450684
110,776,,,,,,,11.395750999450684,11.395750999450684,,
110,776,5.567920207977295,5.638338088989258,,5.567920207977295,,,,,,
111,777,,,7.825735569000244,,7.755240440368652,7.755240440368652,,,,
111,778,,,4.809818744659424,,4.739315986633301,4.739315986633301,,,,
111,779,,,3.4351911544799805,,3.3646697998046875,3.3646697998046875,,,,
111,780,,,6.0626349449157715,,5.992105007171631,5.992105007171631,,,,
111,781,,,5.51436185836792,,5.4438042640686035,5.4438042640686035,,,,
111,782,,,5.203167915344238,,5.132585048675537,5.132585048675537,,,,
111,783,,,7.207034587860107,,7.1364336013793945,7.1364336013793945,,,,
,111,,,,,,,,,11.354089736938477,11.354089736938477
111,783,,,,,,,11.354089736938477,11.354089736938477,,
111,783,5.506491184234619,5.577026844024658,,5.506491184234619,,,,,,
112,784,,,4.993047714233398,,4.922427654266357,4.922427654266357,,,,
112,785,,,5.683955669403076,,5.613317489624023,5.613317489624023,,,,
112,786,,,5.29830265045166,,5.227643966674805,5.227643966674805,,,,
112,787,,,5.387031555175781,,5.316354274749756,5.316354274749756,,,,
112,788,,,5.009742259979248,,4.939042568206787,4.939042568206787,,,,
112,789,,,5.672152996063232,,5.601433277130127,5.601433277130127,,,,
112,790,,,8.266797065734863,,8.196062088012695,8.196062088012695,,,,
,112,,,,,,,,,11.390331268310547,11.390331268310547
112,790,,,,,,,11.39033031463623,11.39033031463623,,
112,790,5.442155838012695,5.512828826904297,,5.442155838012695,,,,,,
113,791,,,6.332207679748535,,6.261467456817627,6.261467456817627,,,,
113,792,,,4.173482894897461,,4.102726459503174,4.102726459503174,,,,
113,793,,,6.534228801727295,,6.4634575843811035,6.4634575843811035,,,,
113,794,,,5.989270210266113,,5.918488502502441,5.918488502502441,,,,
113,795,,,4.565644264221191,,4.494833469390869,4.494833469390869,,,,
113,796,,,5.773866653442383,,5.703036308288574,5.703036308288574,,,,
113,797,,,3.8779807090759277,,3.80713152885437,3.80713152885437,,,,
,113,,,,,,,,,11.397297859191895,11.397297859191895
113,797,,,,,,,11.397297859191895,11.397297859191895,,
113,797,5.391636371612549,5.462421894073486,,5.391636371612549,,,,,,
114,798,,,3.8710741996765137,,3.800217390060425,3.800217390060425,,,,
114,799,,,5.543316841125488,,5.47244930267334,5.47244930267334,,,,
114,800,,,6.230047702789307,,6.159164905548096,6.159164905548096,,,,
114,801,,,4.421670436859131,,4.3507609367370605,4.3507609367370605,,,,
114,802,,,5.249618053436279,,5.178695201873779,5.178695201873779,,,,
114,803,,,5.216452121734619,,5.145508766174316,5.145508766174316,,,,
114,804,,,10.735512733459473,,10.66455078125,10.66455078125,,,,
,114,,,,,,,,,11.526251792907715,11.526251792907715
114,804,,,,,,,11.526251792907715,11.526251792907715,,
114,804,5.349961280822754,5.420861721038818,,5.349961280822754,,,,,,
115,805,,,4.344325065612793,,4.273349285125732,4.273349285125732,,,,
115,806,,,5.821712970733643,,5.750710964202881,5.750710964202881,,,,
115,807,,,6.78871488571167,,6.717679500579834,6.717679500579834,,,,
115,808,,,4.280001163482666,,4.20894718170166,4.20894718170166,,,,
115,809,,,5.47198486328125,,5.400910377502441,5.400910377502441,,,,
115,810,,,5.294754505157471,,5.223667621612549,5.223667621612549,,,,
115,811,,,6.0898871421813965,,6.018792629241943,6.018792629241943,,,,
,115,,,,,,,,,11.535324096679688,11.535324096679688
115,811,,,,,,,11.535324096679688,11.535324096679688,,
115,811,5.307028770446777,5.378070831298828,,5.307028770446777,,,,,,
116,812,,,6.391554355621338,,6.32045316696167,6.32045316696167,,,,
116,813,,,4.200303554534912,,4.129190444946289,4.129190444946289,,,,
116,814,,,7.616584300994873,,7.5454583168029785,7.5454583168029785,,,,
116,815,,,3.988103151321411,,3.9169585704803467,3.9169585704803467,,,,
116,816,,,5.239200115203857,,5.168030261993408,5.168030261993408,,,,
116,817,,,5.244130611419678,,5.172943115234375,5.172943115234375,,,,
116,818,,,3.41890811920166,,3.3477044105529785,3.3477044105529785,,,,
,116,,,,,,,,,11.363931655883789,11.363931655883789
116,818,,,,,,,11.363931655883789,11.363931655883789,,
116,818,5.256223201751709,5.327367305755615,,5.256223201751709,,,,,,
117,819,,,4.467112064361572,,4.395883083343506,4.395883083343506,,,,
117,820,,,6.816362380981445,,6.745119571685791,6.745119571685791,,,,
117,821,,,5.6567063331604,,5.585449695587158,5.585449695587158,,,,
117,822,,,5.2282023429870605,,5.156929016113281,5.156929016113281,,,,
117,823,,,6.165423393249512,,6.09412956237793,6.09412956237793,,,,
117,824,,,3.829467296600342,,3.7581491470336914,3.7581491470336914,,,,
117,825,,,3.916365385055542,,3.8450284004211426,3.8450284004211426,,,,
,117,,,,,,,,,11.160036087036133,11.160036087036133
117,825,,,,,,,11.160036087036133,11.160036087036133,,
117,825,5.204321384429932,5.275593280792236,,5.204321384429932,,,,,,
118,826,,,6.045318603515625,,5.973958969116211,5.973958969116211,,,,
118,827,,,4.708129405975342,,4.636752128601074,4.636752128601074,,,,
118,828,,,3.7064647674560547,,3.6350667476654053,3.6350667476654053,,,,
118,829,,,4.059469223022461,,3.9880568981170654,3.9880568981170654,,,,
118,830,,,5.93253755569458,,5.861110687255859,5.861110687255859,,,,
118,831,,,5.506557464599609,,5.435107231140137,5.435107231140137,,,,
118,832,,,8.876358032226562,,8.80489444732666,8.80489444732666,,,,
,118,,,,,,,,,10.933429718017578,10.933429718017578
118,832,,,,,,,10.933430671691895,10.933430671691895,,
118,832,5.150099754333496,5.221507549285889,,5.150099754333496,,,,,,
119,833,,,6.64580774307251,,6.574312210083008,6.574312210083008,,,,
119,834,,,5.210490703582764,,5.138980388641357,5.138980388641357,,,,
119,835,,,5.172898292541504,,5.101376056671143,5.101376056671143,,,,
119,836,,,3.676931858062744,,3.60538387298584,3.60538387298584,,,,
119,837,,,5.982997417449951,,5.911426544189453,5.911426544189453,,,,
119,838,,,4.233720302581787,,4.1621294021606445,4.1621294021606445,,,,
119,839,,,5.4241743087768555,,5.352569103240967,5.352569103240967,,,,
,119,,,,,,,,,10.705565452575684,10.705565452575684
119,839,,,,,,,10.705565452575684,10.705565452575684,,
119,839,5.098167896270752,5.169712066650391,,5.098167896270752,,,,,,
120,840,,,6.565037250518799,,6.493406295776367,6.493406295776367,,,,
120,841,,,5.560093402862549,,5.488448143005371,5.488448143005371,,,,
120,842,,,4.950290203094482,,4.878625392913818,4.878625392913818,,,,
120,843,,,4.973773956298828,,4.902096748352051,4.902096748352051,,,,
120,844,,,4.510407447814941,,4.438709259033203,4.438709259033203,,,,
120,845,,,4.540761947631836,,4.469040393829346,4.469040393829346,,,,
120,846,,,3.989020586013794,,3.917278289794922,3.917278289794922,,,,
,120,,,,,,,,,10.433487892150879,10.433487892150879
120,846,,,,,,,10.433487892150879,10.433487892150879,,
120,846,5.041459560394287,5.113136291503906,,5.041459560394287,,,,,,
121,847,,,5.178288459777832,,5.1065216064453125,5.1065216064453125,,,,
121,848,,,2.9432148933410645,,2.8714170455932617,2.8714170455932617,,,,
121,849,,,5.814152717590332,,5.742340087890625,5.742340087890625,,,,
121,850,,,6.007490158081055,,5.935661792755127,5.935661792755127,,,,
121,851,,,4.744357109069824,,4.672503471374512,4.672503471374512,,,,
121,852,,,5.058940410614014,,4.9870686531066895,4.9870686531066895,,,,
121,853,,,6.636590957641602,,6.5647101402282715,6.5647101402282715,,,,
,121,,,,,,,,,10.229307174682617,10.229307174682617
121,853,,,,,,,10.229307174682617,10.229307174682617,,
121,853,4.984671115875244,5.056496620178223,,4.984671115875244,,,,,,
122,854,,,5.601779460906982,,5.529873371124268,5.529873371124268,,,,
122,855,,,3.604670763015747,,3.532752513885498,3.532752513885498,,,,
122,856,,,4.393836975097656,,4.321906089782715,4.321906089782715,,,,
122,857,,,4.961459159851074,,4.8895087242126465,4.8895087242126465,,,,
122,858,,,5.070179462432861,,4.998205184936523,4.998205184936523,,,,
122,859,,,6.420358657836914,,6.34835958480835,6.34835958480835,,,,
122,860,,,4.997501373291016,,4.925482273101807,4.925482273101807,,,,
,122,,,,,,,,,10.120842933654785,10.120842933654785
122,860,,,,,,,10.120842933654785,10.120842933654785,,
122,860,4.936103820800781,5.008054733276367,,4.936103820800781,,,,,,
123,861,,,4.331030368804932,,4.258993148803711,4.258993148803711,,,,
123,862,,,4.63629150390625,,4.564232349395752,4.564232349395752,,,,
123,863,,,4.5356950759887695,,4.463613986968994,4.463613986968994,,,,
123,864,,,6.218079090118408,,6.145983695983887,6.145983695983887,,,,
123,865,,,5.271104335784912,,5.198992729187012,5.198992729187012,,,,
123,866,,,5.157950401306152,,5.085827827453613,5.085827827453613,,,,
123,867,,,3.756697177886963,,3.6845479011535645,3.6845479011535645,,,,
,123,,,,,,,,,9.98375129699707,9.98375129699707
123,867,,,,,,,9.98375129699707,9.98375129699707,,
123,867,4.878329277038574,4.950417518615723,,4.878329277038574,,,,,,
124,868,,,5.196413516998291,,5.124242305755615,5.124242305755615,,,,
124,869,,,5.0457305908203125,,4.973539352416992,4.973539352416992,,,,
124,870,,,4.794661521911621,,4.7224578857421875,4.7224578857421875,,,,
124,871,,,6.136519432067871,,6.06429386138916,6.06429386138916,,,,
124,872,,,4.95347261428833,,4.881226539611816,4.881226539611816,,,,
124,873,,,3.5641565322875977,,3.491896152496338,3.491896152496338,,,,
124,874,,,4.140698432922363,,4.068414211273193,4.068414211273193,,,,
,124,,,,,,,,,9.940984725952148,9.940984725952148
124,874,,,,,,,9.940984725952148,9.940984725952148,,
124,874,4.828754425048828,4.900974750518799,,4.828754425048828,,,,,,
125,875,,,5.570890426635742,,5.4985857009887695,5.4985857009887695,,,,
125,876,,,5.043691158294678,,4.971368312835693,4.971368312835693,,,,
125,877,,,4.263725280761719,,4.191380977630615,4.191380977630615,,,,
125,878,,,4.931657791137695,,4.859290599822998,4.859290599822998,,,,
125,879,,,5.233123302459717,,5.160736083984375,5.160736083984375,,,,
125,880,,,3.4504034519195557,,3.3779854774475098,3.3779854774475098,,,,
125,881,,,6.434386253356934,,6.36196231842041,6.36196231842041,,,,
,125,,,,,,,,,10.065832138061523,10.065832138061523
125,881,,,,,,,10.065832138061523,10.065832138061523,,
125,881,4.775699615478516,4.848060607910156,,4.775699615478516,,,,,,
126,882,,,5.2732648849487305,,5.200823783874512,5.200823783874512,,,,
126,883,,,5.580907344818115,,5.508450031280518,5.508450031280518,,,,
126,884,,,6.1735992431640625,,6.1011176109313965,6.1011176109313965,,,,
126,885,,,4.472217082977295,,4.399713039398193,4.399713039398193,,,,
126,886,,,2.9584507942199707,,2.8859152793884277,2.8859152793884277,,,,
126,887,,,5.038258075714111,,4.965710639953613,4.965710639953613,,,,
126,888,,,3.0003774166107178,,2.927812337875366,2.927812337875366,,,,
,126,,,,,,,,,10.001943588256836,10.001943588256836
126,888,,,,,,,10.001943588256836,10.001943588256836,,
126,888,4.730927467346191,4.803425312042236,,4.730927467346191,,,,,,
127,889,,,4.495436668395996,,4.422858238220215,4.422858238220215,,,,
127,890,,,4.838724136352539,,4.766119956970215,4.766119956970215,,,,
127,891,,,4.367019176483154,,4.294395446777344,4.294395446777344,,,,
127,892,,,3.7551109790802,,3.682471752166748,3.682471752166748,,,,
127,893,,,5.27311372756958,,5.200455188751221,5.200455188751221,,,,
127,894,,,4.873008728027344,,4.800328731536865,4.800328731536865,,,,
127,895,,,7.190939903259277,,7.118240833282471,7.118240833282471,,,,
,127,,,,,,,,,10.01042366027832,10.01042366027832
127,895,,,,,,,10.01042366027832,10.01042366027832,,
127,895,4.68015193939209,4.752786636352539,,4.68015193939209,,,,,,
128,896,,,4.317680835723877,,4.244968891143799,4.244968891143799,,,,
128,897,,,4.6276726722717285,,4.554942607879639,4.554942607879639,,,,
128,898,,,4.0130615234375,,3.9403159618377686,3.9403159618377686,,,,
128,899,,,3.946401596069336,,3.8736369609832764,3.8736369609832764,,,,
128,900,,,4.753534317016602,,4.680752754211426,4.680752754211426,,,,
128,901,,,6.042778968811035,,5.969980239868164,5.969980239868164,,,,
128,902,,,6.2536821365356445,,6.180855751037598,6.180855751037598,,,,
,128,,,,,,,,,10.016742706298828,10.016742706298828
128,902,,,,,,,10.016743659973145,10.016743659973145,,
128,902,4.640379428863525,4.713139057159424,,4.640379428863525,,,,,,
129,903,,,5.461953163146973,,5.389103412628174,5.389103412628174,,,,
129,904,,,4.686551570892334,,4.613681316375732,4.613681316375732,,,,
129,905,,,3.704674482345581,,3.6317808628082275,3.6317808628082275,,,,
129,906,,,3.3114805221557617,,3.238555908203125,3.238555908203125,,,,
129,907,,,3.8000874519348145,,3.727146863937378,3.727146863937378,,,,
129,908,,,6.1841511726379395,,6.111194610595703,6.111194610595703,,,,
129,909,,,7.099578857421875,,7.026600360870361,7.026600360870361,,,,
,129,,,,,,,,,10.100600242614746,10.100600242614746
129,909,,,,,,,10.100600242614746,10.100600242614746,,
129,909,4.603362560272217,4.676272869110107,,4.603362560272217,,,,,,
130,910,,,5.6179327964782715,,5.544946193695068,5.544946193695068,,,,
130,911,,,3.4677090644836426,,3.394699811935425,3.394699811935425,,,,
130,912,,,4.6076154708862305,,4.534584045410156,4.534584045410156,,,,
130,913,,,4.838042259216309,,4.7649993896484375,4.7649993896484375,,,,
130,914,,,4.614887714385986,,4.541819095611572,4.541819095611572,,,,
130,915,,,4.847152233123779,,4.774057865142822,4.774057865142822,,,,
130,916,,,4.172743320465088,,4.099637508392334,4.099637508392334,,,,
,130,,,,,,,,,9.905014038085938,9.905014038085938
130,916,,,,,,,9.905014038085938,9.905014038085938,,
130,916,4.56352424621582,4.63656759262085,,4.56352424621582,,,,,,
131,917,,,4.319805145263672,,4.246674060821533,4.246674060821533,,,,
131,918,,,4.345692157745361,,4.272543430328369,4.272543430328369,,,,
131,919,,,3.776101589202881,,3.702939510345459,3.702939510345459,,,,
131,920,,,6.2178144454956055,,6.144625186920166,6.144625186920166,,,,
131,921,,,4.200648784637451,,4.127437591552734,4.127437591552734,,,,
131,922,,,5.005071640014648,,4.931840419769287,4.931840419769287,,,,
131,923,,,3.8077683448791504,,3.7345144748687744,3.7345144748687744,,,,
,131,,,,,,,,,9.672670364379883,9.672670364379883
131,923,,,,,,,9.672670364379883,9.672670364379883,,
131,923,4.521804332733154,4.594987869262695,,4.521804332733154,,,,,,
132,924,,,6.502673625946045,,6.42940092086792,6.42940092086792,,,,
132,925,,,3.6791181564331055,,3.6058270931243896,3.6058270931243896,,,,
132,926,,,4.352458953857422,,4.279147624969482,4.279147624969482,,,,
132,927,,,4.881693363189697,,4.808365345001221,4.808365345001221,,,,
132,928,,,4.062071323394775,,3.9887266159057617,3.9887266159057617,,,,
132,929,,,4.223270893096924,,4.14990758895874,4.14990758895874,,,,
132,930,,,3.496950149536133,,3.4235587120056152,3.4235587120056152,,,,
,132,,,,,,,,,9.386946678161621,9.386946678161621
132,930,,,,,,,9.386946678161621,9.386946678161621,,
132,930,4.47767972946167,4.551002502441406,,4.47767972946167,,,,,,
133,931,,,5.332781791687012,,5.259365558624268,5.259365558624268,,,,
133,932,,,3.915635585784912,,3.842202663421631,3.842202663421631,,,,
133,933,,,5.754731178283691,,5.68127965927124,5.68127965927124,,,,
133,934,,,2.8830058574676514,,2.809540033340454,2.809540033340454,,,,
133,935,,,5.447548866271973,,5.37406063079834,5.37406063079834,,,,
133,936,,,3.772618055343628,,3.6991074085235596,3.6991074085235596,,,,
133,937,,,4.50142765045166,,4.4278974533081055,4.4278974533081055,,,,
,133,,,,,,,,,9.045294761657715,9.045294761657715
133,937,,,,,,,9.045294761657715,9.045294761657715,,
133,937,4.443296909332275,4.516761779785156,,4.443296909332275,,,,,,
134,938,,,4.7327470779418945,,4.659175395965576,4.659175395965576,,,,
134,939,,,2.74465274810791,,2.671055555343628,2.671055555343628,,,,
134,940,,,3.3724679946899414,,3.298855781555176,3.298855781555176,,,,
134,941,,,5.460555076599121,,5.386927604675293,5.386927604675293,,,,
134,942,,,4.0458149909973145,,3.9721696376800537,3.9721696376800537,,,,
134,943,,,6.693451404571533,,6.619777679443359,6.619777679443359,,,,
134,944,,,4.0617828369140625,,3.9880893230438232,3.9880893230438232,,,,
,134,,,,,,,,,8.678489685058594,8.678489685058594
134,944,,,,,,,8.678489685058594,8.678489685058594,,
134,944,4.40839147567749,4.482016563415527,,4.40839147567749,,,,,,
135,945,,,3.9837396144866943,,3.91001558303833,3.91001558303833,,,,
135,946,,,4.6151909828186035,,4.541444778442383,4.541444778442383,,,,
135,947,,,4.253139972686768,,4.179371356964111,4.179371356964111,,,,
135,948,,,5.422845840454102,,5.349059581756592,5.349059581756592,,,,
135,949,,,4.356261730194092,,4.28245735168457,4.28245735168457,,,,
135,950,,,4.7682013511657715,,4.694385528564453,4.694385528564453,,,,
135,951,,,2.543402671813965,,2.4695534706115723,2.4695534706115723,,,,
,135,,,,,,,,,8.487631797790527,8.487631797790527
135,951,,,,,,,8.487631797790527,8.487631797790527,,
135,951,4.373775005340576,4.447553634643555,,4.373775005340576,,,,,,
136,952,,,3.8929593563079834,,3.819094181060791,3.819094181060791,,,,
136,953,,,4.346303939819336,,4.272418975830078,4.272418975830078,,,,
136,954,,,5.520686626434326,,5.446780681610107,5.446780681610107,,,,
136,955,,,3.547614574432373,,3.473679304122925,3.473679304122925,,,,
136,956,,,4.6359639167785645,,4.562008380889893,4.562008380889893,,,,
136,957,,,5.387389659881592,,5.313417434692383,5.313417434692383,,,,
136,958,,,2.0835976600646973,,2.0096118450164795,2.0096118450164795,,,,
,136,,,,,,,,,8.342849731445312,8.342849731445312
136,958,,,,,,,8.342849731445312,8.342849731445312,,
136,958,4.335843563079834,4.4097676277160645,,4.335843563079834,,,,,,
137,959,,,4.124017715454102,,4.050013542175293,4.050013542175293,,,,
137,960,,,5.226709365844727,,5.152680397033691,5.152680397033691,,,,
137,961,,,4.031554698944092,,3.957500696182251,3.957500696182251,,,,
137,962,,,3.597156047821045,,3.523075580596924,3.523075580596924,,,,
137,963,,,4.582772731781006,,4.508677959442139,4.508677959442139,,,,
137,964,,,3.6447739601135254,,3.5706589221954346,3.5706589221954346,,,,
137,965,,,7.11128568649292,,7.037158966064453,7.037158966064453,,,,
,137,,,,,,,,,8.449974060058594,8.449974060058594
137,965,,,,,,,8.449974060058594,8.449974060058594,,
137,965,4.298281192779541,4.372347831726074,,4.298281192779541,,,,,,
138,966,,,5.5266313552856445,,5.452494144439697,5.452494144439697,,,,
138,967,,,1.987849235534668,,1.9136849641799927,1.9136849641799927,,,,
138,968,,,5.4259819984436035,,5.351800918579102,5.351800918579102,,,,
138,969,,,4.406408786773682,,4.3322062492370605,4.3322062492370605,,,,
138,970,,,5.176835536956787,,5.102611541748047,5.102611541748047,,,,
138,971,,,3.4621329307556152,,3.387899398803711,3.387899398803711,,,,
138,972,,,4.342650890350342,,4.268394470214844,4.268394470214844,,,,
,138,,,,,,,,,8.58290958404541,8.58290958404541
138,972,,,,,,,8.58290958404541,8.58290958404541,,
138,972,4.257465839385986,4.331660270690918,,4.257465839385986,,,,,,
139,973,,,4.652912616729736,,4.578644275665283,4.578644275665283,,,,
139,974,,,3.851780652999878,,3.777498722076416,3.777498722076416,,,,
139,975,,,3.002624750137329,,2.9283223152160645,2.9283223152160645,,,,
139,976,,,4.717104911804199,,4.642786502838135,4.642786502838135,,,,
139,977,,,3.6873631477355957,,3.613018274307251,3.613018274307251,,,,
139,978,,,4.864496231079102,,4.790135860443115,4.790135860443115,,,,
139,979,,,6.905058860778809,,6.83066987991333,6.83066987991333,,,,
,139,,,,,,,,,8.76904582977295,8.76904582977295
139,979,,,,,,,8.76904582977295,8.76904582977295,,
139,979,4.218338489532471,4.2926554679870605,,4.218338489532471,,,,,,
140,980,,,2.6835310459136963,,2.6091368198394775,2.6091368198394775,,,,
140,981,,,4.141444683074951,,4.067038059234619,4.067038059234619,,,,
140,982,,,4.3181843757629395,,4.243757247924805,4.243757247924805,,,,
140,983,,,4.660119533538818,,4.585669040679932,4.585669040679932,,,,
140,984,,,2.8726937770843506,,2.7982113361358643,2.7982113361358643,,,,
140,985,,,6.825830936431885,,6.7513322830200195,6.7513322830200195,,,,
140,986,,,4.416296005249023,,4.3417840003967285,4.3417840003967285,,,,
,140,,,,,,,,,8.713563919067383,8.713563919067383
140,986,,,,,,,8.713563919067383,8.713563919067383,,
140,986,4.185617923736572,4.260065078735352,,4.185617923736572,,,,,,
141,987,,,4.141618728637695,,4.067084789276123,4.067084789276123,,,,
141,988,,,3.846315383911133,,3.771758556365967,3.771758556365967,,,,
141,989,,,4.620688438415527,,4.54611873626709,4.54611873626709,,,,
141,990,,,4.5509748458862305,,4.476377010345459,4.476377010345459,,,,
141,991,,,4.894054412841797,,4.819436550140381,4.819436550140381,,,,
141,992,,,2.38924503326416,,2.3146073818206787,2.3146073818206787,,,,
141,993,,,6.569815158843994,,6.49515962600708,6.49515962600708,,,,
,141,,,,,,,,,8.6559476852417,8.6559476852417
141,993,,,,,,,8.6559476852417,8.6559476852417,,
141,993,4.146049976348877,4.220639705657959,,4.146049976348877,,,,,,
142,994,,,3.0867249965667725,,3.0120503902435303,3.0120503902435303,,,,
142,995,,,4.415741920471191,,4.341048240661621,4.341048240661621,,,,
142,996,,,5.389754295349121,,5.315039157867432,5.315039157867432,,,,
142,997,,,3.097475051879883,,3.0227417945861816,3.0227417945861816,,,,
142,998,,,4.869557857513428,,4.794801712036133,4.794801712036133,,,,
142,999,,,4.845039367675781,,4.770260810852051,4.770260810852051,,,,
142,1000,,,2.5912773609161377,,2.5164828300476074,2.5164828300476074,,,,
,142,,,,,,,,,8.480395317077637,8.480395317077637
142,1000,,,,,,,8.480395317077637,8.480395317077637,,
142,1000,4.109745025634766,4.184474468231201,,4.109745025634766,,,,,,
143,1001,,,4.59751558303833,,4.522698402404785,4.522698402404785,,,,
143,1002,,,4.065275192260742,,3.990438222885132,3.990438222885132,,,,
143,1003,,,3.396232843399048,,3.321380853652954,3.321380853652954,,,,
143,1004,,,2.5533673763275146,,2.478490114212036,2.478490114212036,,,,
143,1005,,,5.414303302764893,,5.339412212371826,5.339412212371826,,,,
143,1006,,,4.498648166656494,,4.42373514175415,4.42373514175415,,,,
143,1007,,,5.173251628875732,,5.0983171463012695,5.0983171463012695,,,,
,143,,,,,,,,,8.306334495544434,8.306334495544434
143,1007,,,,,,,8.306334495544434,8.306334495544434,,
143,1007,4.076552867889404,4.151421546936035,,4.076552867889404,,,,,,
144,1008,,,4.125009536743164,,4.050048828125,4.050048828125,,,,
144,1009,,,3.4170939922332764,,3.3421082496643066,3.3421082496643066,,,,
144,1010,,,4.040029525756836,,3.965017795562744,3.965017795562744,,,,
144,1011,,,4.204373836517334,,4.129350185394287,4.129350185394287,,,,
144,1012,,,5.015064716339111,,4.940018177032471,4.940018177032471,,,,
144,1013,,,3.8259518146514893,,3.750880002975464,3.750880002975464,,,,
144,1014,,,4.327104091644287,,4.252017498016357,4.252017498016357,,,,
,144,,,,,,,,,8.274164199829102,8.274164199829102
144,1014,,,,,,,8.274164199829102,8.274164199829102,,
144,1014,4.0426554679870605,4.117676258087158,,4.0426554679870605,,,,,,
145,1015,,,3.3812825679779053,,3.306180715560913,3.306180715560913,,,,
145,1016,,,3.5872714519500732,,3.5121519565582275,3.5121519565582275,,,,
145,1017,,,3.989164113998413,,3.9140267372131348,3.9140267372131348,,,,
145,1018,,,5.35523796081543,,5.280077934265137,5.280077934265137,,,,
145,1019,,,3.929778575897217,,3.8545949459075928,3.8545949459075928,,,,
145,1020,,,4.818900108337402,,4.7436957359313965,4.7436957359313965,,,,
145,1021,,,2.4117660522460938,,2.3365437984466553,2.3365437984466553,,,,
,145,,,,,,,,,8.246635437011719,8.246635437011719
145,1021,,,,,,,8.246635437011719,8.246635437011719,,
145,1021,3.9979498386383057,4.073105335235596,,3.9979498386383057,,,,,,
146,1022,,,3.905756711959839,,3.8305153846740723,3.8305153846740723,,,,
146,1023,,,3.4065098762512207,,3.3312456607818604,3.3312456607818604,,,,
146,1024,,,4.815771579742432,,4.740483283996582,4.740483283996582,,,,
146,1025,,,4.312718868255615,,4.237408638000488,4.237408638000488,,,,
146,1026,,,3.015549421310425,,2.9402310848236084,2.9402310848236084,,,,
146,1027,,,4.51129674911499,,4.435953617095947,4.435953617095947,,,,
146,1028,,,4.823849678039551,,4.748483657836914,4.748483657836914,,,,
,146,,,,,,,,,8.329419136047363,8.329419136047363
146,1028,,,,,,,8.329419136047363,8.329419136047363,,
146,1028,3.96808123588562,4.043379783630371,,3.96808123588562,,,,,,
147,1029,,,4.292497634887695,,4.2171196937561035,4.2171196937561035,,,,
147,1030,,,3.5451841354370117,,3.469788074493408,3.469788074493408,,,,
147,1031,,,4.080765724182129,,4.00534725189209,4.00534725189209,,,,
147,1032,,,3.727863311767578,,3.65242075920105,3.65242075920105,,,,
147,1033,,,4.338594436645508,,4.263134956359863,4.263134956359863,,,,
147,1034,,,4.054074287414551,,3.978588581085205,3.978588581085205,,,,
147,1035,,,3.954608917236328,,3.879112958908081,3.879112958908081,,,,
,147,,,,,,,,,8.229814529418945,8.229814529418945
147,1035,,,,,,,8.229814529418945,8.229814529418945,,
147,1035,3.9280104637145996,4.003444194793701,,3.9280104637145996,,,,,,
148,1036,,,2.987656831741333,,2.912132978439331,2.912132978439331,,,,
148,1037,,,3.8757870197296143,,3.800243854522705,3.800243854522705,,,,
148,1038,,,4.016637325286865,,3.941070556640625,3.941070556640625,,,,
148,1039,,,4.3852434158325195,,4.309656143188477,4.309656143188477,,,,
148,1040,,,3.691006898880005,,3.6154003143310547,3.6154003143310547,,,,
148,1041,,,4.638497352600098,,4.562868118286133,4.562868118286133,,,,
148,1042,,,4.500573635101318,,4.424923896789551,4.424923896789551,,,,
,148,,,,,,,,,8.17004680633545,8.17004680633545
148,1042,,,,,,,8.17004680633545,8.17004680633545,,
148,1042,3.890308380126953,3.9658894538879395,,3.890308380126953,,,,,,
149,1043,,,5.101704120635986,,5.02604341506958,5.02604341506958,,,,
149,1044,,,4.154953956604004,,4.0792670249938965,4.0792670249938965,,,,
149,1045,,,3.365139961242676,,3.2894346714019775,3.2894346714019775,,,,
149,1046,,,3.902519941329956,,3.8268020153045654,3.8268020153045654,,,,
149,1047,,,3.803306818008423,,3.727565050125122,3.727565050125122,,,,
149,1048,,,3.5568864345550537,,3.481132745742798,3.481132745742798,,,,
149,1049,,,3.166130781173706,,3.09035062789917,3.09035062789917,,,,
,149,,,,,,,,,8.068939208984375,8.068939208984375
149,1049,,,,,,,8.068939208984375,8.068939208984375,,
149,1049,3.8571178913116455,3.932833194732666,,3.8571178913116455,,,,,,
150,1050,,,3.9252493381500244,,3.849449872970581,3.849449872970581,,,,
150,1051,,,3.29290771484375,,3.2170956134796143,3.2170956134796143,,,,
150,1052,,,3.360456943511963,,3.2846250534057617,3.2846250534057617,,,,
150,1053,,,4.493616104125977,,4.417768478393555,4.417768478393555,,,,
150,1054,,,4.8784918785095215,,4.802628040313721,4.802628040313721,,,,
150,1055,,,2.9713594913482666,,2.895468235015869,2.895468235015869,,,,
150,1056,,,5.121056079864502,,5.045139312744141,5.045139312744141,,,,
,150,,,,,,,,,8.05949592590332,8.05949592590332
150,1056,,,,,,,8.05949592590332,8.05949592590332,,
150,1056,3.8210136890411377,3.8968591690063477,,3.8210136890411377,,,,,,
151,1057,,,3.093221664428711,,3.0172877311706543,3.0172877311706543,,,,
151,1058,,,4.509315013885498,,4.433360576629639,4.433360576629639,,,,
151,1059,,,2.8335561752319336,,2.7575762271881104,2.7575762271881104,,,,
151,1060,,,4.621797561645508,,4.545794486999512,4.545794486999512,,,,
151,1061,,,4.6851325035095215,,4.6091203689575195,4.6091203689575195,,,,
151,1062,,,3.7940075397491455,,3.717972755432129,3.717972755432129,,,,
151,1063,,,2.81746244430542,,2.741405725479126,2.741405725479126,,,,
,151,,,,,,,,,7.9755682945251465,7.9755682945251465
151,1063,,,,,,,7.9755682945251465,7.9755682945251465,,
151,1063,3.781825542449951,3.857816457748413,,3.781825542449951,,,,,,
152,1064,,,4.306588172912598,,4.230512619018555,4.230512619018555,,,,
152,1065,,,4.000424861907959,,3.924327850341797,3.924327850341797,,,,
152,1066,,,4.431801795959473,,4.355685234069824,4.355685234069824,,,,
152,1067,,,4.066722869873047,,3.9905858039855957,3.9905858039855957,,,,
152,1068,,,3.869476795196533,,3.793318271636963,3.793318271636963,,,,
152,1069,,,2.7772457599639893,,2.7010605335235596,2.7010605335235596,,,,
152,1070,,,2.1815309524536133,,2.105333089828491,2.105333089828491,,,,
,152,,,,,,,,,7.842697620391846,7.842697620391846
152,1070,,,,,,,7.842697620391846,7.842697620391846,,
152,1070,3.7309789657592773,3.8071112632751465,,3.7309789657592773,,,,,,
153,1071,,,3.9939115047454834,,3.917694330215454,3.917694330215454,,,,
153,1072,,,3.0589349269866943,,2.9827003479003906,2.9827003479003906,,,,
153,1073,,,3.711534023284912,,3.635274648666382,3.635274648666382,,,,
153,1074,,,3.9922573566436768,,3.9159743785858154,3.9159743785858154,,,,
153,1075,,,4.083549976348877,,4.007249355316162,4.007249355316162,,,,
153,1076,,,4.160211086273193,,4.083890438079834,4.083890438079834,,,,
153,1077,,,2.693302869796753,,2.6169633865356445,2.6169633865356445,,,,
,153,,,,,,,,,7.790999412536621,7.790999412536621
153,1077,,,,,,,7.790999412536621,7.790999412536621,,
153,1077,3.6900620460510254,3.7663352489471436,,3.6900620460510254,,,,,,
154,1078,,,5.077601432800293,,5.001246452331543,5.001246452331543,,,,
154,1079,,,3.4812228679656982,,3.4048495292663574,3.4048495292663574,,,,
154,1080,,,2.8456871509552,,2.769291877746582,2.769291877746582,,,,
154,1081,,,4.413938522338867,,4.3375244140625,4.3375244140625,,,,
154,1082,,,4.0726518630981445,,3.9962148666381836,3.9962148666381836,,,,
154,1083,,,2.896913766860962,,2.8204543590545654,2.8204543590545654,,,,
154,1084,,,2.6093268394470215,,2.5328502655029297,2.5328502655029297,,,,
,154,,,,,,,,,7.711905002593994,7.711905002593994
154,1084,,,,,,,7.711905002593994,7.711905002593994,,
154,1084,3.651670455932617,3.7280805110931396,,3.651670455932617,,,,,,
155,1085,,,2.528876781463623,,2.452383279800415,2.452383279800415,,,,
155,1086,,,3.8754360675811768,,3.798922538757324,3.798922538757324,,,,
155,1087,,,2.971698760986328,,2.8951644897460938,2.8951644897460938,,,,
155,1088,,,3.336433172225952,,3.259883403778076,3.259883403778076,,,,
155,1089,,,3.6447339057922363,,3.5681698322296143,3.5681698322296143,,,,
155,1090,,,4.920832633972168,,4.844248294830322,4.844248294830322,,,,
155,1091,,,5.998532772064209,,5.921929359436035,5.921929359436035,,,,
,155,,,,,,,,,7.525446891784668,7.525446891784668
155,1091,,,,,,,7.525446891784668,7.525446891784668,,
155,1091,3.6140384674072266,3.690582275390625,,3.6140384674072266,,,,,,
156,1092,,,3.3033862113952637,,3.226745843887329,3.226745843887329,,,,
156,1093,,,3.2042202949523926,,3.1275618076324463,3.1275618076324463,,,,
156,1094,,,3.6794471740722656,,3.6027700901031494,3.6027700901031494,,,,
156,1095,,,4.162659168243408,,4.085960865020752,4.085960865020752,,,,
156,1096,,,2.983863592147827,,2.9071431159973145,2.9071431159973145,,,,
156,1097,,,4.2363996505737305,,4.1596574783325195,4.1596574783325195,,,,
156,1098,,,4.390671730041504,,4.313902854919434,4.313902854919434,,,,
,156,,,,,,,,,7.527488708496094,7.527488708496094
156,1098,,,,,,,7.527488708496094,7.527488708496094,,
156,1098,3.5651066303253174,3.64180064201355,,3.5651066303253174,,,,,,
157,1099,,,3.619567632675171,,3.5427825450897217,3.5427825450897217,,,,
157,1100,,,4.442261219024658,,4.3654561042785645,4.3654561042785645,,,,
157,1101,,,3.3897132873535156,,3.3128867149353027,3.3128867149353027,,,,
157,1102,,,3.860689163208008,,3.7838315963745117,3.7838315963745117,,,,
157,1103,,,2.2037055492401123,,2.1268203258514404,2.1268203258514404,,,,
157,1104,,,3.784878969192505,,3.707977771759033,3.707977771759033,,,,
157,1105,,,4.44964075088501,,4.372720718383789,4.372720718383789,,,,
,157,,,,,,,,,7.607253551483154,7.607253551483154
157,1105,,,,,,,7.607253551483154,7.607253551483154,,
157,1105,3.52620005607605,3.603048086166382,,3.52620005607605,,,,,,
158,1106,,,3.0482778549194336,,2.971341133117676,2.971341133117676,,,,
158,1107,,,3.4307057857513428,,3.3537511825561523,3.3537511825561523,,,,
158,1108,,,4.154073238372803,,4.077093601226807,4.077093601226807,,,,
158,1109,,,3.0644683837890625,,2.987462282180786,2.987462282180786,,,,
158,1110,,,3.566473960876465,,3.489445686340332,3.489445686340332,,,,
158,1111,,,3.535885810852051,,3.4588375091552734,3.4588375091552734,,,,
158,1112,,,5.127800941467285,,5.050735950469971,5.050735950469971,,,,
,158,,,,,,,,,7.50973653793335,7.50973653793335
158,1112,,,,,,,7.50973653793335,7.50973653793335,,
158,1112,3.48736572265625,3.5643625259399414,,3.48736572265625,,,,,,
159,1113,,,4.189291954040527,,4.112201690673828,4.112201690673828,,,,
159,1114,,,4.293213367462158,,4.216098308563232,4.216098308563232,,,,
159,1115,,,3.026358127593994,,2.9492223262786865,2.9492223262786865,,,,
159,1116,,,2.853539228439331,,2.776383399963379,2.776383399963379,,,,
159,1117,,,3.701798915863037,,3.6246259212493896,3.6246259212493896,,,,
159,1118,,,3.2304625511169434,,3.153263807296753,3.153263807296753,,,,
159,1119,,,3.2380483150482178,,3.1608293056488037,3.1608293056488037,,,,
,159,,,,,,,,,7.379953384399414,7.379953384399414
159,1119,,,,,,,7.379953861236572,7.379953861236572,,
159,1119,3.4536635875701904,3.530812978744507,,3.4536635875701904,,,,,,
160,1120,,,4.081747531890869,,4.0045037269592285,4.0045037269592285,,,,
160,1121,,,3.0070059299468994,,2.929738759994507,2.929738759994507,,,,
160,1122,,,3.4897260665893555,,3.412440776824951,3.412440776824951,,,,
160,1123,,,3.9011008739471436,,3.823793888092041,3.823793888092041,,,,
160,1124,,,3.36403751373291,,3.286709785461426,3.286709785461426,,,,
160,1125,,,2.6379497051239014,,2.560600519180298,2.560600519180298,,,,
160,1126,,,4.844037055969238,,4.766668796539307,4.766668796539307,,,,
,160,,,,,,,,,7.225467205047607,7.225467205047607
160,1126,,,,,,,7.225467205047607,7.225467205047607,,
160,1126,3.4204373359680176,3.4977381229400635,,3.4204373359680176,,,,,,
161,1127,,,3.782987356185913,,3.7055866718292236,3.7055866718292236,,,,
161,1128,,,3.073638916015625,,2.9962151050567627,2.9962151050567627,,,,
161,1129,,,3.6128737926483154,,3.535431385040283,3.535431385040283,,,,
161,1130,,,3.1914284229278564,,3.1139633655548096,3.1139633655548096,,,,
161,1131,,,3.064859390258789,,2.9873783588409424,2.9873783588409424,,,,
161,1132,,,4.394240379333496,,4.316735744476318,4.316735744476318,,,,
161,1133,,,2.644056558609009,,2.5665283203125,2.5665283203125,,,,
,161,,,,,,,,,7.007986068725586,7.007986068725586
161,1133,,,,,,,7.007985591888428,7.007985591888428,,
161,1133,3.3910210132598877,3.4684786796569824,,3.3910210132598877,,,,,,
162,1134,,,2.251938581466675,,2.174381732940674,2.174381732940674,,,,
162,1135,,,3.1831774711608887,,3.105602741241455,3.105602741241455,,,,
162,1136,,,3.3634583950042725,,3.285865545272827,3.285865545272827,,,,
162,1137,,,3.9229626655578613,,3.845344066619873,3.845344066619873,,,,
162,1138,,,4.872869968414307,,4.795230865478516,4.795230865478516,,,,
162,1139,,,2.62660551071167,,2.548940420150757,2.548940420150757,,,,
162,1140,,,4.5014472007751465,,4.423761367797852,4.423761367797852,,,,
,162,,,,,,,,,6.885275363922119,6.885275363922119
162,1140,,,,,,,6.885275363922119,6.885275363922119,,
162,1140,3.359102249145508,3.4367144107818604,,3.359102249145508,,,,,,
163,1141,,,4.198390483856201,,4.120677471160889,4.120677471160889,,,,
163,1142,,,3.208935260772705,,3.1312038898468018,3.1312038898468018,,,,
163,1143,,,3.478720188140869,,3.400963068008423,3.400963068008423,,,,
163,1144,,,3.411491632461548,,3.333706855773926,3.333706855773926,,,,
163,1145,,,2.8029072284698486,,2.725100517272949,2.725100517272949,,,,
163,1146,,,3.9521095752716064,,3.874282121658325,3.874282121658325,,,,
163,1147,,,1.7124742269515991,,1.6346263885498047,1.6346263885498047,,,,
,163,,,,,,,,,6.831718444824219,6.831718444824219
163,1147,,,,,,,6.831718444824219,6.831718444824219,,
163,1147,3.3253207206726074,3.403095245361328,,3.3253207206726074,,,,,,
164,1148,,,3.530644178390503,,3.4527790546417236,3.4527790546417236,,,,
164,1149,,,3.585808038711548,,3.5079221725463867,3.5079221725463867,,,,
164,1150,,,2.96633243560791,,2.8884286880493164,2.8884286880493164,,,,
164,1151,,,3.4146130084991455,,3.3366897106170654,3.3366897106170654,,,,
164,1152,,,3.44791841506958,,3.3699684143066406,3.3699684143066406,,,,
164,1153,,,3.8650660514831543,,3.787092685699463,3.787092685699463,,,,
164,1154,,,1.8487038612365723,,1.7707089185714722,1.7707089185714722,,,,
,164,,,,,,,,,6.762781143188477,6.762781143188477
164,1154,,,,,,,6.762781620025635,6.762781620025635,,
164,1154,3.2951996326446533,3.3731210231781006,,3.2951996326446533,,,,,,
165,1155,,,3.961479663848877,,3.8834691047668457,3.8834691047668457,,,,
165,1156,,,3.0241901874542236,,2.9461560249328613,2.9461560249328613,,,,
165,1157,,,3.239171028137207,,3.161118507385254,3.161118507385254,,,,
165,1158,,,3.7248802185058594,,3.6468024253845215,3.6468024253845215,,,,
165,1159,,,3.9671595096588135,,3.8890597820281982,3.8890597820281982,,,,
165,1160,,,2.5898053646087646,,2.5116829872131348,2.5116829872131348,,,,
165,1161,,,2.228537082672119,,2.1503987312316895,2.1503987312316895,,,,
,165,,,,,,,,,6.626265525817871,6.626265525817871
165,1161,,,,,,,6.626265525817871,6.626265525817871,,
165,1161,3.2697551250457764,3.347825527191162,,3.2697551250457764,,,,,,
166,1162,,,3.5056304931640625,,3.4274749755859375,3.4274749755859375,,,,
166,1163,,,3.727374315261841,,3.6491973400115967,3.6491973400115967,,,,
166,1164,,,2.8418707847595215,,2.763676643371582,2.763676643371582,,,,
166,1165,,,3.269227981567383,,3.191016674041748,3.191016674041748,,,,
166,1166,,,3.5293514728546143,,3.451117515563965,3.451117515563965,,,,
166,1167,,,3.0566601753234863,,2.9784042835235596,2.9784042835235596,,,,
166,1168,,,3.395491600036621,,3.317214012145996,3.317214012145996,,,,
,166,,,,,,,,,6.624161720275879,6.624161720275879
166,1168,,,,,,,6.624161720275879,6.624161720275879,,
166,1168,3.2478187084198,3.3260273933410645,,3.2478187084198,,,,,,
167,1169,,,2.1087074279785156,,2.030410051345825,2.030410051345825,,,,
167,1170,,,3.0602364540100098,,2.9819209575653076,2.9819209575653076,,,,
167,1171,,,4.396571636199951,,4.318241596221924,4.318241596221924,,,,
167,1172,,,3.741708278656006,,3.6633498668670654,3.6633498668670654,,,,
167,1173,,,2.515681505203247,,2.4373021125793457,2.4373021125793457,,,,
167,1174,,,4.070686340332031,,3.9922871589660645,3.9922871589660645,,,,
167,1175,,,3.09619402885437,,3.0177745819091797,3.0177745819091797,,,,
,167,,,,,,,,,6.595412731170654,6.595412731170654
167,1175,,,,,,,6.595412731170654,6.595412731170654,,
167,1175,3.224341630935669,3.302692413330078,,3.224341630935669,,,,,,
168,1176,,,3.724761962890625,,3.6463229656219482,3.6463229656219482,,,,
168,1177,,,2.939382553100586,,2.8609256744384766,2.8609256744384766,,,,
168,1178,,,2.365584135055542,,2.287111759185791,2.287111759185791,,,,
168,1179,,,3.402125120162964,,3.3236355781555176,3.3236355781555176,,,,
168,1180,,,3.726029396057129,,3.647519588470459,3.647519588470459,,,,
168,1181,,,3.2267744541168213,,3.148240327835083,3.148240327835083,,,,
168,1182,,,4.025994777679443,,3.9474358558654785,3.9474358558654785,,,,
,168,,,,,,,,,6.562180519104004,6.562180519104004
168,1182,,,,,,,6.562180519104004,6.562180519104004,,
168,1182,3.199066162109375,3.2775537967681885,,3.199066162109375,,,,,,
169,1183,,,3.6646502017974854,,3.5860722064971924,3.5860722064971924,,,,
169,1184,,,3.0519039630889893,,2.973296880722046,2.973296880722046,,,,
169,1185,,,3.83693528175354,,3.7583096027374268,3.7583096027374268,,,,
169,1186,,,2.860997438430786,,2.7823498249053955,2.7823498249053955,,,,
169,1187,,,3.0905168056488037,,3.011849880218506,3.011849880218506,,,,
169,1188,,,3.050823926925659,,2.972139596939087,2.972139596939087,,,,
169,1189,,,3.192181348800659,,3.11348032951355,3.11348032951355,,,,
,169,,,,,,,,,6.550118446350098,6.550118446350098
169,1189,,,,,,,6.550118446350098,6.550118446350098,,
169,1189,3.1767170429229736,3.2553558349609375,,3.1767170429229736,,,,,,
170,1190,,,3.469132900238037,,3.390411615371704,3.390411615371704,,,,
170,1191,,,3.37333083152771,,3.2945942878723145,3.2945942878723145,,,,
170,1192,,,3.1466259956359863,,3.0678749084472656,3.0678749084472656,,,,
170,1193,,,2.5996835231781006,,2.5209155082702637,2.5209155082702637,,,,
170,1194,,,3.2966148853302,,3.2178192138671875,3.2178192138671875,,,,
170,1195,,,3.635560989379883,,3.5567517280578613,3.5567517280578613,,,,
170,1196,,,3.078474998474121,,2.9996402263641357,2.9996402263641357,,,,
,170,,,,,,,,,6.427667617797852,6.427667617797852
170,1196,,,,,,,6.42766809463501,6.42766809463501,,
170,1196,3.164428472518921,3.243196725845337,,3.164428472518921,,,,,,
171,1197,,,3.0724668502807617,,2.9936015605926514,2.9936015605926514,,,,
171,1198,,,3.069762706756592,,2.9908742904663086,2.9908742904663086,,,,
171,1199,,,2.907062292098999,,2.828145742416382,2.828145742416382,,,,
171,1200,,,2.8848187923431396,,2.805882215499878,2.805882215499878,,,,
171,1201,,,3.7361745834350586,,3.657219171524048,3.657219171524048,,,,
171,1202,,,3.1371116638183594,,3.058140277862549,3.058140277862549,,,,
171,1203,,,4.478999614715576,,4.400009632110596,4.400009632110596,,,,
,171,,,,,,,,,6.3993449211120605,6.3993449211120605
171,1203,,,,,,,6.3993449211120605,6.3993449211120605,,
171,1203,3.1347243785858154,3.2136502265930176,,3.1347243785858154,,,,,,
172,1204,,,3.5657503604888916,,3.4867401123046875,3.4867401123046875,,,,
172,1205,,,3.7088396549224854,,3.6298115253448486,3.6298115253448486,,,,
172,1206,,,3.0832884311676025,,3.004248857498169,3.004248857498169,,,,
172,1207,,,3.1945018768310547,,3.1154379844665527,3.1154379844665527,,,,
172,1208,,,2.4341533184051514,,2.3550643920898438,2.3550643920898438,,,,
172,1209,,,2.8326528072357178,,2.753549337387085,2.753549337387085,,,,
172,1210,,,3.9972476959228516,,3.9181199073791504,3.9181199073791504,,,,
,172,,,,,,,,,6.333168029785156,6.333168029785156
172,1210,,,,,,,6.333168029785156,6.333168029785156,,
172,1210,3.1081016063690186,3.187161684036255,,3.1081016063690186,,,,,,
173,1211,,,3.6670963764190674,,3.587946653366089,3.587946653366089,,,,
173,1212,,,2.430912733078003,,2.3517425060272217,2.3517425060272217,,,,
173,1213,,,2.6064422130584717,,2.527256488800049,2.527256488800049,,,,
173,1214,,,3.60349702835083,,3.524289608001709,3.524289608001709,,,,
173,1215,,,2.6011316776275635,,2.521904945373535,2.521904945373535,,,,
173,1216,,,3.502509593963623,,3.4232606887817383,3.4232606887817383,,,,
173,1217,,,4.5936455726623535,,4.514378547668457,4.514378547668457,,,,
,173,,,,,,,,,6.254300117492676,6.254300117492676
173,1217,,,,,,,6.254300117492676,6.254300117492676,,
173,1217,3.0791049003601074,3.1583073139190674,,3.0791049003601074,,,,,,
174,1218,,,3.932612895965576,,3.8533222675323486,3.8533222675323486,,,,
174,1219,,,3.040123224258423,,2.960810661315918,2.960810661315918,,,,
174,1220,,,2.7407145500183105,,2.6613807678222656,2.6613807678222656,,,,
174,1221,,,3.141033887863159,,3.0616822242736816,3.0616822242736816,,,,
174,1222,,,3.1686527729034424,,3.0892763137817383,3.0892763137817383,,,,
174,1223,,,2.4933266639709473,,2.413933038711548,2.413933038711548,,,,
174,1224,,,3.8602945804595947,,3.7808825969696045,3.7808825969696045,,,,
,174,,,,,,,,,6.239217758178711,6.239217758178711
174,1224,,,,,,,6.239217281341553,6.239217281341553,,
174,1224,3.052272319793701,3.131619691848755,,3.052272319793701,,,,,,
175,1225,,,1.865216851234436,,1.785788893699646,1.785788893699646,,,,
175,1226,,,3.5682992935180664,,3.4888546466827393,3.4888546466827393,,,,
175,1227,,,2.5552947521209717,,2.4758288860321045,2.4758288860321045,,,,
175,1228,,,2.973768472671509,,2.8942854404449463,2.8942854404449463,,,,
175,1229,,,3.8765809535980225,,3.7970762252807617,3.7970762252807617,,,,
175,1230,,,2.772610664367676,,2.693089485168457,2.693089485168457,,,,
175,1231,,,5.763521194458008,,5.683979034423828,5.683979034423828,,,,
,175,,,,,,,,,6.241518974304199,6.241518974304199
175,1231,,,,,,,6.241518974304199,6.241518974304199,,
175,1231,3.0221827030181885,3.101661205291748,,3.0221827030181885,,,,,,
176,1232,,,2.968702793121338,,2.8891384601593018,2.8891384601593018,,,,
176,1233,,,3.8132483959198,,3.7336552143096924,3.7336552143096924,,,,
176,1234,,,3.5436713695526123,,3.4640586376190186,3.4640586376190186,,,,
176,1235,,,3.4399545192718506,,3.3603246212005615,3.3603246212005615,,,,
176,1236,,,2.746788501739502,,2.6671390533447266,2.6671390533447266,,,,
176,1237,,,2.6535558700561523,,2.5738868713378906,2.5738868713378906,,,,
176,1238,,,1.0778669118881226,,0.9981796741485596,0.9981796741485596,,,,
,176,,,,,,,,,6.173429012298584,6.173429012298584
176,1238,,,,,,,6.173429012298584,6.173429012298584,,
176,1238,2.990199089050293,3.0698227882385254,,2.990199089050293,,,,,,
177,1239,,,2.7514102458953857,,2.671708583831787,2.671708583831787,,,,
177,1240,,,3.351311445236206,,3.2715911865234375,3.2715911865234375,,,,
177,1241,,,3.4848639965057373,,3.405127763748169,3.405127763748169,,,,
177,1242,,,1.9656959772109985,,1.8859424591064453,1.8859424591064453,,,,
177,1243,,,3.734156608581543,,3.6543831825256348,3.6543831825256348,,,,
177,1244,,,2.98909854888916,,2.9093034267425537,2.9093034267425537,,,,
177,1245,,,2.9150726795196533,,2.8352534770965576,2.8352534770965576,,,,
,177,,,,,,,,,6.121363162994385,6.121363162994385
177,1245,,,,,,,6.121363162994385,6.121363162994385,,
177,1245,2.958631992340088,3.0383827686309814,,2.958631992340088,,,,,,
178,1246,,,2.2924811840057373,,2.212648868560791,2.212648868560791,,,,
178,1247,,,4.125430107116699,,4.045586109161377,4.045586109161377,,,,
178,1248,,,2.944227457046509,,2.864361047744751,2.864361047744751,,,,
178,1249,,,3.667745351791382,,3.5878639221191406,3.5878639221191406,,,,
178,1250,,,3.2235913276672363,,3.1436851024627686,3.1436851024627686,,,,
178,1251,,,2.502413511276245,,2.4224812984466553,2.4224812984466553,,,,
178,1252,,,1.1501140594482422,,1.0701645612716675,1.0701645612716675,,,,
,178,,,,,,,,,6.024425983428955,6.024425983428955
178,1252,,,,,,,6.024425983428955,6.024425983428955,,
178,1252,2.929872751235962,3.009753942489624,,2.929872751235962,,,,,,
179,1253,,,2.052428960800171,,1.972463846206665,1.972463846206665,,,,
179,1254,,,2.9160408973693848,,2.836059331893921,2.836059331893921,,,,
179,1255,,,2.8492231369018555,,2.769223690032959,2.769223690032959,,,,
179,1256,,,3.5122692584991455,,3.4322502613067627,3.4322502613067627,,,,
179,1257,,,3.8793671131134033,,3.799328327178955,3.799328327178955,,,,
179,1258,,,2.5657272338867188,,2.485663652420044,2.485663652420044,,,,
179,1259,,,3.183629035949707,,3.103544235229492,3.103544235229492,,,,
,179,,,,,,,,,5.9716644287109375,5.9716644287109375
179,1259,,,,,,,5.9716644287109375,5.9716644287109375,,
179,1259,2.895501136779785,2.9755163192749023,,2.895501136779785,,,,,,
180,1260,,,2.2264583110809326,,2.1463623046875,2.1463623046875,,,,
180,1261,,,2.650770664215088,,2.5706570148468018,2.5706570148468018,,,,
180,1262,,,1.9304144382476807,,1.8502813577651978,1.8502813577651978,,,,
180,1263,,,3.1350386142730713,,3.0548911094665527,3.0548911094665527,,,,
180,1264,,,3.437767505645752,,3.357598304748535,3.357598304748535,,,,
180,1265,,,3.484668016433716,,3.404482364654541,3.404482364654541,,,,
180,1266,,,5.141695976257324,,5.061489105224609,5.061489105224609,,,,
,180,,,,,,,,,5.805352210998535,5.805352210998535
180,1266,,,,,,,5.805352210998535,5.805352210998535,,
180,1266,2.86781644821167,2.9479615688323975,,2.86781644821167,,,,,,
181,1267,,,1.9305140972137451,,1.8502758741378784,1.8502758741378784,,,,
181,1268,,,3.7433316707611084,,3.6630756855010986,3.6630756855010986,,,,
181,1269,,,3.2140142917633057,,3.1337382793426514,3.1337382793426514,,,,
181,1270,,,2.8419265747070312,,2.7616360187530518,2.7616360187530518,,,,
181,1271,,,3.416217803955078,,3.3359017372131348,3.3359017372131348,,,,
181,1272,,,2.7080941200256348,,2.627756118774414,2.627756118774414,,,,
181,1273,,,2.098076105117798,,2.017714262008667,2.017714262008667,,,,
,181,,,,,,,,,5.749948501586914,5.749948501586914
181,1273,,,,,,,5.749948978424072,5.749948978424072,,
181,1273,2.843768835067749,2.9240593910217285,,2.843768835067749,,,,,,
182,1274,,,3.1547837257385254,,3.074408531188965,3.074408531188965,,,,
182,1275,,,2.2647924423217773,,2.1843979358673096,2.1843979358673096,,,,
182,1276,,,3.0717084407806396,,2.9912972450256348,2.9912972450256348,,,,
182,1277,,,2.7341084480285645,,2.653669834136963,2.653669834136963,,,,
182,1278,,,2.1177070140838623,,2.0372507572174072,2.0372507572174072,,,,
182,1279,,,3.715465784072876,,3.634990930557251,3.634990930557251,,,,
182,1280,,,3.779949188232422,,3.6994552612304688,3.6994552612304688,,,,
,182,,,,,,,,,5.654843807220459,5.654843807220459
182,1280,,,,,,,5.654843807220459,5.654843807220459,,
182,1280,2.8177740573883057,2.8982036113739014,,2.8177740573883057,,,,,,
183,1281,,,2.478639602661133,,2.398123264312744,2.398123264312744,,,,
183,1282,,,2.1802327632904053,,2.099700927734375,2.099700927734375,,,,
183,1283,,,4.200780391693115,,4.1202263832092285,4.1202263832092285,,,,
183,1284,,,2.9312868118286133,,2.850708484649658,2.850708484649658,,,,
183,1285,,,2.2406184673309326,,2.160015344619751,2.160015344619751,,,,
183,1286,,,3.110330104827881,,3.0297107696533203,3.0297107696533203,,,,
183,1287,,,3.1591310501098633,,3.0784912109375,3.0784912109375,,,,
,183,,,,,,,,,5.6302571296691895,5.6302571296691895
183,1287,,,,,,,5.6302571296691895,5.6302571296691895,,
183,1287,2.7941834926605225,2.8747549057006836,,2.7941834926605225,,,,,,
184,1288,,,2.9077541828155518,,2.827101230621338,2.827101230621338,,,,
184,1289,,,3.0878448486328125,,3.0071754455566406,3.0071754455566406,,,,
184,1290,,,3.119175910949707,,3.0384888648986816,3.0384888648986816,,,,
184,1291,,,3.5902888774871826,,3.509578227996826,3.509578227996826,,,,
184,1292,,,2.4513282775878906,,2.3705952167510986,2.3705952167510986,,,,
184,1293,,,1.9773131608963013,,1.8965550661087036,1.8965550661087036,,,,
184,1294,,,2.805236339569092,,2.7244625091552734,2.7244625091552734,,,,
,184,,,,,,,,,5.705226421356201,5.705226421356201
184,1294,,,,,,,5.705226421356201,5.705226421356201,,
184,1294,2.7719478607177734,2.852653980255127,,2.7719478607177734,,,,,,
185,1295,,,2.861192226409912,,2.7804057598114014,2.7804057598114014,,,,
185,1296,,,3.065871238708496,,2.985063314437866,2.985063314437866,,,,
185,1297,,,2.5785648822784424,,2.497737169265747,2.497737169265747,,,,
185,1298,,,3.4309916496276855,,3.35014009475708,3.35014009475708,,,,
185,1299,,,1.6966538429260254,,1.615781307220459,1.615781307220459,,,,
185,1300,,,2.9972686767578125,,2.916382312774658,2.916382312774658,,,,
185,1301,,,3.755892515182495,,3.6749868392944336,3.6749868392944336,,,,
,185,,,,,,,,,5.723580360412598,5.723580360412598
185,1301,,,,,,,5.723580360412598,5.723580360412598,,
185,1301,2.748804807662964,2.8296473026275635,,2.748804807662964,,,,,,
186,1302,,,3.214733362197876,,3.133812665939331,3.133812665939331,,,,
186,1303,,,3.3693645000457764,,3.288421630859375,3.288421630859375,,,,
186,1304,,,2.3250062465667725,,2.244046688079834,2.244046688079834,,,,
186,1305,,,2.564861536026001,,2.4838831424713135,2.4838831424713135,,,,
186,1306,,,2.051544189453125,,1.970544457435608,1.970544457435608,,,,
186,1307,,,3.1285240650177,,3.0475127696990967,3.0475127696990967,,,,
186,1308,,,3.382723808288574,,3.3016915321350098,3.3016915321350098,,,,
,186,,,,,,,,,5.595333099365234,5.595333099365234
186,1308,,,,,,,5.595333099365234,5.595333099365234,,
186,1308,2.7304086685180664,2.8113813400268555,,2.7304086685180664,,,,,,
187,1309,,,2.094494104385376,,2.0134315490722656,2.0134315490722656,,,,
187,1310,,,3.522804021835327,,3.4417238235473633,3.4417238235473633,,,,
187,1311,,,2.658207893371582,,2.577101945877075,2.577101945877075,,,,
187,1312,,,1.8693268299102783,,1.7882022857666016,1.7882022857666016,,,,
187,1313,,,2.7404987812042236,,2.6593525409698486,2.6593525409698486,,,,
187,1314,,,3.7900803089141846,,3.708915948867798,3.708915948867798,,,,
187,1315,,,2.902101516723633,,2.8209176063537598,2.8209176063537598,,,,
,187,,,,,,,,,5.503724575042725,5.503724575042725
187,1315,,,,,,,5.503724575042725,5.503724575042725,,
187,1315,2.7053446769714355,2.7864625453948975,,2.7053446769714355,,,,,,
188,1316,,,3.266752243041992,,3.1855502128601074,3.1855502128601074,,,,
188,1317,,,2.889761447906494,,2.808537483215332,2.808537483215332,,,,
188,1318,,,2.711711883544922,,2.6304683685302734,2.6304683685302734,,,,
188,1319,,,2.734835624694824,,2.653566598892212,2.653566598892212,,,,
188,1320,,,2.735346555709839,,2.6540610790252686,2.6540610790252686,,,,
188,1321,,,2.479475259780884,,2.398176908493042,2.398176908493042,,,,
188,1322,,,2.1894917488098145,,2.1081738471984863,2.1081738471984863,,,,
,188,,,,,,,,,5.34802770614624,5.34802770614624
188,1322,,,,,,,5.34802770614624,5.34802770614624,,
188,1322,2.6856353282928467,2.766892910003662,,2.6856353282928467,,,,,,
189,1323,,,2.9545657634735107,,2.8732197284698486,2.8732197284698486,,,,
189,1324,,,2.383186101913452,,2.3018100261688232,2.3018100261688232,,,,
189,1325,,,3.0680580139160156,,2.9866673946380615,2.9866673946380615,,,,
189,1326,,,1.9032902717590332,,1.8218848705291748,1.8218848705291748,,,,
189,1327,,,3.2126288414001465,,3.131206750869751,3.131206750869751,,,,
189,1328,,,3.335571050643921,,3.25412917137146,3.25412917137146,,,,
189,1329,,,1.714738368988037,,1.633273720741272,1.633273720741272,,,,
,189,,,,,,,,,5.189597129821777,5.189597129821777
189,1329,,,,,,,5.189597129821777,5.189597129821777,,
189,1329,2.663748264312744,2.7451491355895996,,2.663748264312744,,,,,,
190,1330,,,3.126222610473633,,3.044736385345459,3.044736385345459,,,,
190,1331,,,2.728271245956421,,2.6467666625976562,2.6467666625976562,,,,
190,1332,,,2.786917209625244,,2.7053887844085693,2.7053887844085693,,,,
190,1333,,,2.317492723464966,,2.2359416484832764,2.2359416484832764,,,,
190,1334,,,3.1322576999664307,,3.050692319869995,3.050692319869995,,,,
190,1335,,,2.389583110809326,,2.3079960346221924,2.3079960346221924,,,,
190,1336,,,2.399444103240967,,2.3178422451019287,2.3178422451019287,,,,
,190,,,,,,,,,5.027997970581055,5.027997970581055
190,1336,,,,,,,5.0279974937438965,5.0279974937438965,,
190,1336,2.644817590713501,2.726358413696289,,2.644817590713501,,,,,,
191,1337,,,2.214179754257202,,2.132551670074463,2.132551670074463,,,,
191,1338,,,2.7590575218200684,,2.6774098873138428,2.6774098873138428,,,,
191,1339,,,2.508626699447632,,2.42696213722229,2.42696213722229,,,,
191,1340,,,2.3779375553131104,,2.2962560653686523,2.2962560653686523,,,,
191,1341,,,2.9437544345855713,,2.8620548248291016,2.8620548248291016,,,,
191,1342,,,3.458226203918457,,3.3765077590942383,3.3765077590942383,,,,
191,1343,,,2.647066354751587,,2.565324544906616,2.565324544906616,,,,
,191,,,,,,,,,4.905008316040039,4.905008316040039
191,1343,,,,,,,4.905008792877197,4.905008792877197,,
191,1343,2.6249001026153564,2.7065773010253906,,2.6249001026153564,,,,,,
192,1344,,,3.0369858741760254,,2.9552218914031982,2.9552218914031982,,,,
192,1345,,,2.1011033058166504,,2.0193140506744385,2.0193140506744385,,,,
192,1346,,,2.7982327938079834,,2.716426372528076,2.716426372528076,,,,
192,1347,,,2.69118070602417,,2.6093592643737793,2.6093592643737793,,,,
192,1348,,,2.700777530670166,,2.618940591812134,2.618940591812134,,,,
192,1349,,,2.4767091274261475,,2.394853115081787,2.394853115081787,,,,
192,1350,,,3.5899527072906494,,3.5080769062042236,3.5080769062042236,,,,
,192,,,,,,,,,4.850556373596191,4.850556373596191
192,1350,,,,,,,4.850556373596191,4.850556373596191,,
192,1350,2.608571767807007,2.690387487411499,,2.608571767807007,,,,,,
193,1351,,,3.146376371383667,,3.06447434425354,3.06447434425354,,,,
193,1352,,,3.1989853382110596,,3.1170642375946045,3.1170642375946045,,,,
193,1353,,,2.657580614089966,,2.5756418704986572,2.5756418704986572,,,,
193,1354,,,1.7918577194213867,,1.7098942995071411,1.7098942995071411,,,,
193,1355,,,2.3275399208068848,,2.2455594539642334,2.2455594539642334,,,,
193,1356,,,2.600407361984253,,2.518409490585327,2.518409490585327,,,,
193,1357,,,3.4664249420166016,,3.3844046592712402,3.3844046592712402,,,,
,193,,,,,,,,,4.907155513763428,4.907155513763428
193,1357,,,,,,,4.907155513763428,4.907155513763428,,
193,1357,2.588265895843506,2.670220375061035,,2.588265895843506,,,,,,
194,1358,,,2.6877236366271973,,2.6056923866271973,2.6056923866271973,,,,
194,1359,,,2.0258941650390625,,1.9438529014587402,1.9438529014587402,,,,
194,1360,,,2.1160993576049805,,2.0340375900268555,2.0340375900268555,,,,
194,1361,,,3.215207099914551,,3.133129119873047,3.133129119873047,,,,
194,1362,,,2.926213264465332,,2.8441162109375,2.8441162109375,,,,
194,1363,,,2.867180585861206,,2.7850635051727295,2.7850635051727295,,,,
194,1364,,,2.805717706680298,,2.7235805988311768,2.7235805988311768,,,,
,194,,,,,,,,,4.911019802093506,4.911019802093506
194,1364,,,,,,,4.911019802093506,4.911019802093506,,
194,1364,2.5674095153808594,2.649484395980835,,2.5674095153808594,,,,,,
195,1365,,,2.0889694690704346,,2.0068068504333496,2.0068068504333496,,,,
195,1366,,,2.5963540077209473,,2.514174699783325,2.514174699783325,,,,
195,1367,,,2.767369031906128,,2.6851751804351807,2.6851751804351807,,,,
195,1368,,,2.885615110397339,,2.8033995628356934,2.8033995628356934,,,,
195,1369,,,2.704115390777588,,2.6218807697296143,2.6218807697296143,,,,
195,1370,,,2.1968142986297607,,2.114561080932617,2.114561080932617,,,,
195,1371,,,4.022363662719727,,3.9400930404663086,3.9400930404663086,,,,
,195,,,,,,,,,4.851531505584717,4.851531505584717
195,1371,,,,,,,4.851531505584717,4.851531505584717,,
195,1371,2.544867753982544,2.6270782947540283,,2.544867753982544,,,,,,
196,1372,,,3.591179370880127,,3.508877754211426,3.508877754211426,,,,
196,1373,,,2.3443715572357178,,2.262044668197632,2.262044668197632,,,,
196,1374,,,2.278640031814575,,2.19629168510437,2.19629168510437,,,,
196,1375,,,2.29947829246521,,2.217111110687256,2.217111110687256,,,,
196,1376,,,1.7401803731918335,,1.6577945947647095,1.6577945947647095,,,,
196,1377,,,3.008986234664917,,2.9265809059143066,2.9265809059143066,,,,
196,1378,,,3.575773000717163,,3.493351936340332,3.493351936340332,,,,
,196,,,,,,,,,4.80818510055542,4.80818510055542
196,1378,,,,,,,4.80818510055542,4.80818510055542,,
196,1378,2.5221502780914307,2.6045098304748535,,2.5221502780914307,,,,,,
197,1379,,,2.446598529815674,,2.3641576766967773,2.3641576766967773,,,,
197,1380,,,2.866398334503174,,2.783937692642212,2.783937692642212,,,,
197,1381,,,2.021209955215454,,1.9387322664260864,1.9387322664260864,,,,
197,1382,,,2.9156951904296875,,2.8331992626190186,2.8331992626190186,,,,
197,1383,,,3.0939769744873047,,3.0114588737487793,3.0114588737487793,,,,
197,1384,,,2.8307549953460693,,2.7482166290283203,2.7482166290283203,,,,
197,1385,,,0.6680895686149597,,0.5855301022529602,0.5855301022529602,,,,
,197,,,,,,,,,4.8053107261657715,4.8053107261657715
197,1385,,,,,,,4.8053107261657715,4.8053107261657715,,
197,1385,2.494004249572754,2.5764968395233154,,2.494004249572754,,,,,,
198,1386,,,2.101269006729126,,2.018695831298828,2.018695831298828,,,,
198,1387,,,2.3069727420806885,,2.2243809700012207,2.2243809700012207,,,,
198,1388,,,3.1610591411590576,,3.0784475803375244,3.0784475803375244,,,,
198,1389,,,2.5258665084838867,,2.4432363510131836,2.4432363510131836,,,,
198,1390,,,2.8163845539093018,,2.7337379455566406,2.7337379455566406,,,,
198,1391,,,2.6857404708862305,,2.603071451187134,2.603071451187134,,,,
198,1392,,,1.8976643085479736,,1.8149752616882324,1.8149752616882324,,,,
,198,,,,,,,,,4.81928825378418,4.81928825378418
198,1392,,,,,,,4.8192877769470215,4.8192877769470215,,
198,1392,2.4756369590759277,2.5582613945007324,,2.4756369590759277,,,,,,
199,1393,,,2.6511340141296387,,2.568429946899414,2.568429946899414,,,,
199,1394,,,2.686413526535034,,2.6036853790283203,2.6036853790283203,,,,
199,1395,,,2.9516422748565674,,2.868896961212158,2.868896961212158,,,,
199,1396,,,2.447077512741089,,2.3643152713775635,2.3643152713775635,,,,
199,1397,,,2.025831460952759,,1.943050503730774,1.943050503730774,,,,
199,1398,,,1.991121768951416,,1.9083260297775269,1.9083260297775269,,,,
199,1399,,,3.817081928253174,,3.734266757965088,3.734266757965088,,,,
,199,,,,,,,,,4.832129955291748,4.832129955291748
199,1399,,,,,,,4.832129955291748,4.832129955291748,,
199,1399,2.456008195877075,2.538764715194702,,2.456008195877075,,,,,,
200,1400,,,3.133260488510132,,3.0504205226898193,3.0504205226898193,,,,
200,1401,,,2.875645399093628,,2.7927825450897217,2.7927825450897217,,,,
200,1402,,,2.787958860397339,,2.705075979232788,2.705075979232788,,,,
200,1403,,,2.0479841232299805,,1.9650861024856567,1.9650861024856567,,,,
200,1404,,,2.0718746185302734,,1.9889553785324097,1.9889553785324097,,,,
200,1405,,,2.1256375312805176,,2.0426998138427734,2.0426998138427734,,,,
200,1406,,,2.749473810195923,,2.6665172576904297,2.6665172576904297,,,,
,200,,,,,,,,,4.820679187774658,4.820679187774658
200,1406,,,,,,,4.820679187774658,4.820679187774658,,
200,1406,2.4384257793426514,2.52131986618042,,2.4384257793426514,,,,,,
201,1407,,,2.790163993835449,,2.707190752029419,2.707190752029419,,,,
201,1408,,,2.337329864501953,,2.2543365955352783,2.2543365955352783,,,,
201,1409,,,2.506537914276123,,2.4235284328460693,2.4235284328460693,,,,
201,1410,,,2.3893802165985107,,2.3063504695892334,2.3063504695892334,,,,
201,1411,,,2.0372068881988525,,1.9541640281677246,1.9541640281677246,,,,
201,1412,,,2.973147392272949,,2.8900885581970215,2.8900885581970215,,,,
201,1413,,,2.4791812896728516,,2.3960988521575928,2.3960988521575928,,,,
,201,,,,,,,,,4.742692470550537,4.742692470550537
201,1413,,,,,,,4.742692470550537,4.742692470550537,,
201,1413,2.4210503101348877,2.5040719509124756,,2.4210503101348877,,,,,,
202,1414,,,1.8424227237701416,,1.7593151330947876,1.7593151330947876,,,,
202,1415,,,1.9754340648651123,,1.892311930656433,1.892311930656433,,,,
202,1416,,,2.497398853302002,,2.414257764816284,2.414257764816284,,,,
202,1417,,,2.481126070022583,,2.3979685306549072,2.3979685306549072,,,,
202,1418,,,2.760989189147949,,2.6778080463409424,2.6778080463409424,,,,
202,1419,,,3.1366002559661865,,3.0533995628356934,3.0533995628356934,,,,
202,1420,,,3.1241323947906494,,3.0409109592437744,3.0409109592437744,,,,
,202,,,,,,,,,4.700216770172119,4.700216770172119
202,1420,,,,,,,4.700216770172119,4.700216770172119,,
202,1420,2.4055533409118652,2.4887092113494873,,2.4055533409118652,,,,,,
203,1421,,,2.089933156967163,,2.0066957473754883,2.0066957473754883,,,,
203,1422,,,2.2625181674957275,,2.1792595386505127,2.1792595386505127,,,,
203,1423,,,2.046011209487915,,1.9627331495285034,1.9627331495285034,,,,
203,1424,,,3.0694522857666016,,2.9861550331115723,2.9861550331115723,,,,
203,1425,,,2.285973310470581,,2.2026619911193848,2.2026619911193848,,,,
203,1426,,,3.0181989669799805,,2.934868812561035,2.934868812561035,,,,
203,1427,,,2.613316535949707,,2.529968500137329,2.529968500137329,,,,
,203,,,,,,,,,4.630637168884277,4.630637168884277
203,1427,,,,,,,4.630637168884277,4.630637168884277,,
203,1427,2.3876254558563232,2.470914602279663,,2.3876254558563232,,,,,,
204,1428,,,2.3436334133148193,,2.2602648735046387,2.2602648735046387,,,,
204,1429,,,2.6968250274658203,,2.613440752029419,2.613440752029419,,,,
204,1430,,,2.4698092937469482,,2.386403799057007,2.386403799057007,,,,
204,1431,,,3.074584484100342,,2.9911601543426514,2.9911601543426514,,,,
204,1432,,,2.255518674850464,,2.172078847885132,2.172078847885132,,,,
204,1433,,,1.7360591888427734,,1.6525968313217163,1.6525968313217163,,,,
204,1434,,,2.8695156574249268,,2.7860372066497803,2.7860372066497803,,,,
,204,,,,,,,,,4.590120792388916,4.590120792388916
204,1434,,,,,,,4.590120792388916,4.590120792388916,,
204,1434,2.3718760013580322,2.455293893814087,,2.3718760013580322,,,,,,
205,1435,,,1.9227012395858765,,1.8392064571380615,1.8392064571380615,,,,
205,1436,,,2.7382144927978516,,2.6547064781188965,2.6547064781188965,,,,
205,1437,,,2.7228808403015137,,2.6393589973449707,2.6393589973449707,,,,
205,1438,,,2.253561019897461,,2.1700212955474854,2.1700212955474854,,,,
205,1439,,,2.78251051902771,,2.6989521980285645,2.6989521980285645,,,,
205,1440,,,2.1945433616638184,,2.1109628677368164,2.1109628677368164,,,,
205,1441,,,2.4561545848846436,,2.372556686401367,2.372556686401367,,,,
,205,,,,,,,,,4.5405683517456055,4.5405683517456055
205,1441,,,,,,,4.5405683517456055,4.5405683517456055,,
205,1441,2.353398561477661,2.436936378479004,,2.353398561477661,,,,,,
206,1442,,,2.685023546218872,,2.6014018058776855,2.6014018058776855,,,,
206,1443,,,2.86063289642334,,2.7769949436187744,2.7769949436187744,,,,
206,1444,,,3.1195595264434814,,3.035902500152588,3.035902500152588,,,,
206,1445,,,1.735001802444458,,1.651328206062317,1.651328206062317,,,,
206,1446,,,1.9591225385665894,,1.8754303455352783,1.8754303455352783,,,,
206,1447,,,2.1474571228027344,,2.0637450218200684,2.0637450218200684,,,,
206,1448,,,2.3552567958831787,,2.2715303897857666,2.2715303897857666,,,,
,206,,,,,,,,,4.4030256271362305,4.4030256271362305
206,1448,,,,,,,4.4030256271362305,4.4030256271362305,,
206,1448,2.330451250076294,2.4141204357147217,,2.330451250076294,,,,,,
207,1449,,,3.1718294620513916,,3.088076114654541,3.088076114654541,,,,
207,1450,,,2.502425193786621,,2.4186556339263916,2.4186556339263916,,,,
207,1451,,,2.8080689907073975,,2.724278688430786,2.724278688430786,,,,
207,1452,,,2.2840213775634766,,2.2002151012420654,2.2002151012420654,,,,
207,1453,,,2.227393865585327,,2.1435725688934326,2.1435725688934326,,,,
207,1454,,,1.7543349266052246,,1.6704883575439453,1.6704883575439453,,,,
207,1455,,,1.3126230239868164,,1.2287582159042358,1.2287582159042358,,,,
,207,,,,,,,,,4.323619842529297,4.323619842529297
207,1455,,,,,,,4.323619842529297,4.323619842529297,,
207,1455,2.3068346977233887,2.390636444091797,,2.3068346977233887,,,,,,
208,1456,,,3.197169303894043,,3.113287925720215,3.113287925720215,,,,
208,1457,,,2.0511484146118164,,1.9672491550445557,1.9672491550445557,,,,
208,1458,,,2.002380132675171,,1.9184627532958984,1.9184627532958984,,,,
208,1459,,,2.93025541305542,,2.846320152282715,2.846320152282715,,,,
208,1460,,,2.0668654441833496,,1.982912540435791,1.982912540435791,,,,
208,1461,,,1.718518853187561,,1.6345480680465698,1.6345480680465698,,,,
208,1462,,,2.9812941551208496,,2.8973042964935303,2.8973042964935303,,,,
,208,,,,,,,,,4.305729389190674,4.305729389190674
208,1462,,,,,,,4.305729389190674,4.305729389190674,,
208,1462,2.282238245010376,2.36616849899292,,2.282238245010376,,,,,,
209,1463,,,2.393868923187256,,2.3098583221435547,2.3098583221435547,,,,
209,1464,,,2.5793988704681396,,2.495363473892212,2.495363473892212,,,,
209,1465,,,1.8258893489837646,,1.741834282875061,1.741834282875061,,,,
209,1466,,,2.2078232765197754,,2.123748779296875,2.123748779296875,,,,
209,1467,,,2.790245294570923,,2.7061519622802734,2.7061519622802734,,,,
209,1468,,,1.968213677406311,,1.8841041326522827,1.8841041326522827,,,,
209,1469,,,3.1644952297210693,,3.080369234085083,3.080369234085083,,,,
,209,,,,,,,,,4.290344715118408,4.290344715118408
209,1469,,,,,,,4.290344715118408,4.290344715118408,,
209,1469,2.261364459991455,2.3454315662384033,,2.261364459991455,,,,,,
210,1470,,,1.667716383934021,,1.583574652671814,1.583574652671814,,,,
210,1471,,,2.0118443965911865,,1.9276869297027588,1.9276869297027588,,,,
210,1472,,,2.3072619438171387,,2.223088026046753,2.223088026046753,,,,
210,1473,,,2.5281741619110107,,2.443979024887085,2.443979024887085,,,,
210,1474,,,2.685199499130249,,2.600991725921631,2.600991725921631,,,,
210,1475,,,2.217613458633423,,2.13338565826416,2.13338565826416,,,,
210,1476,,,3.7333288192749023,,3.6490790843963623,3.6490790843963623,,,,
,210,,,,,,,,,4.310223579406738,4.310223579406738
210,1476,,,,,,,4.310223579406738,4.310223579406738,,
210,1476,2.2401740550994873,2.32436203956604,,2.2401740550994873,,,,,,
211,1477,,,2.2680118083953857,,2.183738946914673,2.183738946914673,,,,
211,1478,,,2.370326280593872,,2.2860336303710938,2.2860336303710938,,,,
211,1479,,,2.27280855178833,,2.18849778175354,2.18849778175354,,,,
211,1480,,,2.383160352706909,,2.2988340854644775,2.2988340854644775,,,,
211,1481,,,2.0942721366882324,,2.009925365447998,2.009925365447998,,,,
211,1482,,,2.4279944896698,,2.343628406524658,2.343628406524658,,,,
211,1483,,,2.3681490421295166,,2.2837653160095215,2.2837653160095215,,,,
,211,,,,,,,,,4.250868797302246,4.250868797302246
211,1483,,,,,,,4.250868797302246,4.250868797302246,,
211,1483,2.222285509109497,2.3066084384918213,,2.222285509109497,,,,,,
212,1484,,,1.7693814039230347,,1.6849724054336548,1.6849724054336548,,,,
212,1485,,,2.690629005432129,,2.606203556060791,2.606203556060791,,,,
212,1486,,,2.7781567573547363,,2.6937103271484375,2.6937103271484375,,,,
212,1487,,,1.8481733798980713,,1.7637076377868652,1.7637076377868652,,,,
212,1488,,,2.4514970779418945,,2.367013454437256,2.367013454437256,,,,
212,1489,,,2.3846232891082764,,2.300121307373047,2.300121307373047,,,,
212,1490,,,1.8034718036651611,,1.7189466953277588,1.7189466953277588,,,,
,212,,,,,,,,,4.225701332092285,4.225701332092285
212,1490,,,,,,,4.225701332092285,4.225701332092285,,
212,1490,2.20554256439209,2.2900021076202393,,2.20554256439209,,,,,,
213,1491,,,1.6301226615905762,,1.5455836057662964,1.5455836057662964,,,,
213,1492,,,2.1787710189819336,,2.094214677810669,2.094214677810669,,,,
213,1493,,,2.2111575603485107,,2.126584053039551,2.126584053039551,,,,
213,1494,,,2.2157084941864014,,2.131115674972534,2.131115674972534,,,,
213,1495,,,2.7136764526367188,,2.6290647983551025,2.6290647983551025,,,,
213,1496,,,2.324126958847046,,2.2394967079162598,2.2394967079162598,,,,
213,1497,,,3.239185333251953,,3.154536724090576,3.154536724090576,,,,
,213,,,,,,,,,4.206941604614258,4.206941604614258
213,1497,,,,,,,4.206941604614258,4.206941604614258,,
213,1497,2.188080072402954,2.27266788482666,,2.188080072402954,,,,,,
214,1498,,,2.158341407775879,,2.073671817779541,2.073671817779541,,,,
214,1499,,,2.0059103965759277,,1.9212205410003662,1.9212205410003662,,,,
214,1500,,,2.601041793823242,,2.5163304805755615,2.5163304805755615,,,,
214,1501,,,1.9088563919067383,,1.8241263628005981,1.8241263628005981,,,,
214,1502,,,2.0480313301086426,,1.9632885456085205,1.9632885456085205,,,,
214,1503,,,2.8445229530334473,,2.759761333465576,2.759761333465576,,,,
214,1504,,,2.154818534851074,,2.070037364959717,2.070037364959717,,,,
,214,,,,,,,,,4.149845600128174,4.149845600128174
214,1504,,,,,,,4.149845600128174,4.149845600128174,,
214,1504,2.1701433658599854,2.254864454269409,,2.1701433658599854,,,,,,
215,1505,,,1.8094794750213623,,1.7246776819229126,1.7246776819229126,,,,
215,1506,,,2.1638238430023193,,2.079005002975464,2.079005002975464,,,,
215,1507,,,3.0007781982421875,,2.915940761566162,2.915940761566162,,,,
215,1508,,,1.5939455032348633,,1.5090909004211426,1.5090909004211426,,,,
215,1509,,,1.896963357925415,,1.8120893239974976,1.8120893239974976,,,,
215,1510,,,3.0804381370544434,,2.9955434799194336,2.9955434799194336,,,,
215,1511,,,1.9003570079803467,,1.8154438734054565,1.8154438734054565,,,,
,215,,,,,,,,,4.118556499481201,4.118556499481201
215,1511,,,,,,,4.118556499481201,4.118556499481201,,
215,1511,2.151707887649536,2.2365589141845703,,2.151707887649536,,,,,,
216,1512,,,2.8526041507720947,,2.7676730155944824,2.7676730155944824,,,,
216,1513,,,1.8780752420425415,,1.7931280136108398,1.7931280136108398,,,,
216,1514,,,1.7536613941192627,,1.6686952114105225,1.6686952114105225,,,,
216,1515,,,2.5553901195526123,,2.4704034328460693,2.4704034328460693,,,,
216,1516,,,2.1913723945617676,,2.1063642501831055,2.1063642501831055,,,,
216,1517,,,1.5373121500015259,,1.452285885810852,1.452285885810852,,,,
216,1518,,,3.6669561862945557,,3.5819144248962402,3.5819144248962402,,,,
,216,,,,,,,,,4.113104820251465,4.113104820251465
216,1518,,,,,,,4.113104820251465,4.113104820251465,,
216,1518,2.133610486984253,2.2185921669006348,,2.133610486984253,,,,,,
217,1519,,,1.4622541666030884,,1.3771929740905762,1.3771929740905762,,,,
217,1520,,,3.0125062465667725,,2.927427053451538,2.927427053451538,,,,
217,1521,,,2.7602410316467285,,2.675140857696533,2.675140857696533,,,,
217,1522,,,1.9876430034637451,,1.9025206565856934,1.9025206565856934,,,,
217,1523,,,2.042691469192505,,1.9575507640838623,1.9575507640838623,,,,
217,1524,,,2.299478054046631,,2.2143197059631348,2.2143197059631348,,,,
217,1525,,,1.299544334411621,,1.2143696546554565,1.2143696546554565,,,,
,217,,,,,,,,,4.090803623199463,4.090803623199463
217,1525,,,,,,,4.090803623199463,4.090803623199463,,
217,1525,2.1191437244415283,2.2042577266693115,,2.1191437244415283,,,,,,
218,1526,,,2.8789031505584717,,2.793715715408325,2.793715715408325,,,,
218,1527,,,2.3778939247131348,,2.292692184448242,2.292692184448242,,,,
218,1528,,,2.642957925796509,,2.5577380657196045,2.5577380657196045,,,,
218,1529,,,1.6035903692245483,,1.5183507204055786,1.5183507204055786,,,,
218,1530,,,1.362526297569275,,1.2772690057754517,1.2772690057754517,,,,
218,1531,,,2.349287509918213,,2.264014720916748,2.264014720916748,,,,
218,1532,,,2.013158082962036,,1.9278645515441895,1.9278645515441895,,,,
,218,,,,,,,,,4.064152717590332,4.064152717590332
218,1532,,,,,,,4.064152717590332,4.064152717590332,,
218,1532,2.106153726577759,2.191387176513672,,2.106153726577759,,,,,,
219,1533,,,1.5884991884231567,,1.5031874179840088,1.5031874179840088,,,,
219,1534,,,2.1232593059539795,,2.037933111190796,2.037933111190796,,,,
219,1535,,,2.127703905105591,,2.0423583984375,2.0423583984375,,,,
219,1536,,,1.818936824798584,,1.733569860458374,1.733569860458374,,,,
219,1537,,,2.481346845626831,,2.395963191986084,2.395963191986084,,,,
219,1538,,,3.0006394386291504,,2.915236711502075,2.915236711502075,,,,
219,1539,,,1.9485059976577759,,1.863085150718689,1.863085150718689,,,,
,219,,,,,,,,,4.020893096923828,4.020893096923828
219,1539,,,,,,,4.020893096923828,4.020893096923828,,
219,1539,2.0904951095581055,2.1758549213409424,,2.0904951095581055,,,,,,
220,1540,,,2.3331897258758545,,2.2477550506591797,2.2477550506591797,,,,
220,1541,,,1.818827509880066,,1.7333760261535645,1.7333760261535645,,,,
220,1542,,,2.386714458465576,,2.3012425899505615,2.3012425899505615,,,,
220,1543,,,1.6800341606140137,,1.5945475101470947,1.5945475101470947,,,,
220,1544,,,1.9043279886245728,,1.8188223838806152,1.8188223838806152,,,,
220,1545,,,2.7963063716888428,,2.7107815742492676,2.7107815742492676,,,,
220,1546,,,2.3534328937530518,,2.2678909301757812,2.2678909301757812,,,,
,220,,,,,,,,,4.024563789367676,4.024563789367676
220,1546,,,,,,,4.024563789367676,4.024563789367676,,
220,1546,2.079526901245117,2.1650097370147705,,2.079526901245117,,,,,,
221,1547,,,2.7331316471099854,,2.6475753784179688,2.6475753784179688,,,,
221,1548,,,1.8021345138549805,,1.7165629863739014,1.7165629863739014,,,,
221,1549,,,2.3008477687835693,,2.2152645587921143,2.2152645587921143,,,,
221,1550,,,2.6041722297668457,,2.5185704231262207,2.5185704231262207,,,,
221,1551,,,1.8703304529190063,,1.7847065925598145,1.7847065925598145,,,,
221,1552,,,1.8711416721343994,,1.7854994535446167,1.7854994535446167,,,,
221,1553,,,1.428672432899475,,1.3430113792419434,1.3430113792419434,,,,
,221,,,,,,,,,4.007321834564209,4.007321834564209
221,1553,,,,,,,4.007321834564209,4.007321834564209,,
221,1553,2.0661659240722656,2.151766538619995,,2.0661659240722656,,,,,,
222,1554,,,2.327939748764038,,2.2422637939453125,2.2422637939453125,,,,
222,1555,,,2.079017400741577,,1.9933271408081055,1.9933271408081055,,,,
222,1556,,,1.7020609378814697,,1.6163547039031982,1.6163547039031982,,,,
222,1557,,,2.7964513301849365,,2.710730791091919,2.710730791091919,,,,
222,1558,,,1.9110277891159058,,1.8252873420715332,1.8252873420715332,,,,
222,1559,,,2.2973084449768066,,2.211548328399658,2.211548328399658,,,,
222,1560,,,1.3591452836990356,,1.2733653783798218,1.2733653783798218,,,,
,222,,,,,,,,,3.9422218799591064,3.9422218799591064
222,1560,,,,,,,3.9422218799591064,3.9422218799591064,,
222,1560,2.051297903060913,2.137017250061035,,2.051297903060913,,,,,,
223,1561,,,1.2098162174224854,,1.1240205764770508,1.1240205764770508,,,,
223,1562,,,2.6431074142456055,,2.557297706604004,2.557297706604004,,,,
223,1563,,,2.5263171195983887,,2.4404876232147217,2.4404876232147217,,,,
223,1564,,,1.7989137172698975,,1.713064432144165,1.713064432144165,,,,
223,1565,,,2.6197102069854736,,2.533845901489258,2.533845901489258,,,,
223,1566,,,1.7995555400848389,,1.7136707305908203,1.7136707305908203,,,,
223,1567,,,2.532216787338257,,2.4463157653808594,2.4463157653808594,,,,
,223,,,,,,,,,3.880862236022949,3.880862236022949
223,1567,,,,,,,3.88086199760437,3.88086199760437,,
223,1567,2.039177417755127,2.1250197887420654,,2.039177417755127,,,,,,
224,1568,,,2.2831764221191406,,2.197260618209839,2.197260618209839,,,,
224,1569,,,1.5721650123596191,,1.4862291812896729,1.4862291812896729,,,,
224,1570,,,2.4083938598632812,,2.322441816329956,2.322441816329956,,,,
224,1571,,,2.4205164909362793,,2.334547996520996,2.334547996520996,,,,
224,1572,,,2.2998602390289307,,2.213876485824585,2.213876485824585,,,,
224,1573,,,1.6917387247085571,,1.6057355403900146,1.6057355403900146,,,,
224,1574,,,2.1365644931793213,,2.0505447387695312,2.0505447387695312,,,,
,224,,,,,,,,,3.8584415912628174,3.8584415912628174
224,1574,,,,,,,3.8584415912628174,3.8584415912628174,,
224,1574,2.028085708618164,2.114048957824707,,2.028085708618164,,,,,,
225,1575,,,2.284125804901123,,2.1980905532836914,2.1980905532836914,,,,
225,1576,,,2.3229763507843018,,2.2369208335876465,2.2369208335876465,,,,
225,1577,,,1.9379172325134277,,1.8518483638763428,1.8518483638763428,,,,
225,1578,,,1.4960986375808716,,1.4100115299224854,1.4100115299224854,,,,
225,1579,,,2.561948776245117,,2.475843667984009,2.475843667984009,,,,
225,1580,,,1.9684706926345825,,1.8823504447937012,1.8823504447937012,,,,
225,1581,,,2.176704168319702,,2.0905654430389404,2.0905654430389404,,,,
,225,,,,,,,,,3.8560585975646973,3.8560585975646973
225,1581,,,,,,,3.8560585975646973,3.8560585975646973,,
225,1581,2.013965129852295,2.1000473499298096,,2.013965129852295,,,,,,
226,1582,,,2.5477960109710693,,2.4616429805755615,2.4616429805755615,,,,
226,1583,,,2.1151299476623535,,2.028959035873413,2.028959035873413,,,,
226,1584,,,1.8312333822250366,,1.745040774345398,1.745040774345398,,,,
226,1585,,,2.3463191986083984,,2.260115385055542,2.260115385055542,,,,
226,1586,,,1.6318495273590088,,1.5456287860870361,1.5456287860870361,,,,
226,1587,,,1.8513731956481934,,1.7651342153549194,1.7651342153549194,,,,
226,1588,,,2.5850582122802734,,2.4988033771514893,2.4988033771514893,,,,
,226,,,,,,,,,3.8500473499298096,3.8500473499298096
226,1588,,,,,,,3.8500473499298096,3.8500473499298096,,
226,1588,1.9989917278289795,2.0851919651031494,,1.9989917278289795,,,,,,
227,1589,,,1.6571733951568604,,1.5709010362625122,1.5709010362625122,,,,
227,1590,,,2.354551315307617,,2.2682628631591797,2.2682628631591797,,,,
227,1591,,,2.313188076019287,,2.226874828338623,2.226874828338623,,,,
227,1592,,,2.2330422401428223,,2.146712064743042,2.146712064743042,,,,
227,1593,,,2.054591417312622,,1.968243956565857,1.968243956565857,,,,
227,1594,,,1.642120361328125,,1.555756688117981,1.555756688117981,,,,
227,1595,,,2.524463415145874,,2.4380855560302734,2.4380855560302734,,,,
,227,,,,,,,,,3.8496177196502686,3.8496177196502686
227,1595,,,,,,,3.8496177196502686,3.8496177196502686,,
227,1595,1.9844757318496704,2.070798397064209,,1.9844757318496704,,,,,,
228,1596,,,1.8161190748214722,,1.7297251224517822,1.7297251224517822,,,,
228,1597,,,2.303593397140503,,2.217179775238037,2.217179775238037,,,,
228,1598,,,1.4550495147705078,,1.3686178922653198,1.3686178922653198,,,,
228,1599,,,2.3370511531829834,,2.2506093978881836,2.2506093978881836,,,,
228,1600,,,2.4751975536346436,,2.3887341022491455,2.3887341022491455,,,,
228,1601,,,2.126116991043091,,2.039637565612793,2.039637565612793,,,,
228,1602,,,1.6005243062973022,,1.5140278339385986,1.5140278339385986,,,,
,228,,,,,,,,,3.795962333679199,3.795962333679199
228,1602,,,,,,,3.79596209526062,3.79596209526062,,
228,1602,1.9705512523651123,2.0569920539855957,,1.9705512523651123,,,,,,
229,1603,,,1.4413385391235352,,1.3548212051391602,1.3548212051391602,,,,
229,1604,,,1.8695381879806519,,1.7830078601837158,1.7830078601837158,,,,
229,1605,,,2.7768893241882324,,2.6903390884399414,2.6903390884399414,,,,
229,1606,,,1.9102661609649658,,1.8236956596374512,1.8236956596374512,,,,
229,1607,,,2.540811777114868,,2.4542224407196045,2.4542224407196045,,,,
229,1608,,,1.6551032066345215,,1.5684986114501953,1.5684986114501953,,,,
229,1609,,,2.2252321243286133,,2.138606309890747,2.138606309890747,,,,
,229,,,,,,,,,3.767315149307251,3.767315149307251
229,1609,,,,,,,3.767315149307251,3.767315149307251,,
229,1609,1.957107663154602,2.0436720848083496,,1.957107663154602,,,,,,
230,1610,,,2.28085994720459,,2.194226026535034,2.194226026535034,,,,
230,1611,,,1.8195171356201172,,1.7328627109527588,1.7328627109527588,,,,
230,1612,,,2.08445143699646,,1.9977792501449585,1.9977792501449585,,,,
230,1613,,,1.8022112846374512,,1.7155205011367798,1.7155205011367798,,,,
230,1614,,,2.684171199798584,,2.597466468811035,2.597466468811035,,,,
230,1615,,,1.5801894664764404,,1.493465542793274,1.493465542793274,,,,
230,1616,,,1.8482944965362549,,1.7615588903427124,1.7615588903427124,,,,
,230,,,,,,,,,3.669318437576294,3.669318437576294
230,1616,,,,,,,3.669318437576294,3.669318437576294,,
230,1616,1.9438282251358032,2.0305116176605225,,1.9438282251358032,,,,,,
231,1617,,,1.2911841869354248,,1.2044293880462646,1.2044293880462646,,,,
231,1618,,,1.933405876159668,,1.8466376066207886,1.8466376066207886,,,,
231,1619,,,2.521042585372925,,2.4342570304870605,2.4342570304870605,,,,
231,1620,,,2.438648223876953,,2.3518431186676025,2.3518431186676025,,,,
231,1621,,,2.1977524757385254,,2.110929250717163,2.110929250717163,,,,
231,1622,,,1.9392777681350708,,1.8524423837661743,1.8524423837661743,,,,
231,1623,,,1.412290096282959,,1.325434923171997,1.325434923171997,,,,
,231,,,,,,,,,3.5933432579040527,3.5933432579040527
231,1623,,,,,,,3.5933432579040527,3.5933432579040527,,
231,1623,1.9290317296981812,2.0158302783966064,,1.9290317296981812,,,,,,
232,1624,,,2.675717830657959,,2.5888442993164062,2.5888442993164062,,,,
232,1625,,,1.7241723537445068,,1.6372771263122559,1.6372771263122559,,,,
232,1626,,,1.519700527191162,,1.4327908754348755,1.4327908754348755,,,,
232,1627,,,2.1047379970550537,,2.017810106277466,2.017810106277466,,,,
232,1628,,,1.6535773277282715,,1.5666331052780151,1.5666331052780151,,,,
232,1629,,,2.6040279865264893,,2.5170674324035645,2.5170674324035645,,,,
232,1630,,,1.3214242458343506,,1.2344484329223633,1.2344484329223633,,,,
,232,,,,,,,,,3.5235543251037598,3.5235543251037598
232,1630,,,,,,,3.5235543251037598,3.5235543251037598,,
232,1630,1.9173870086669922,2.0043087005615234,,1.9173870086669922,,,,,,
233,1631,,,1.8675364255905151,,1.7805427312850952,1.7805427312850952,,,,
233,1632,,,1.9059383869171143,,1.8189244270324707,1.8189244270324707,,,,
233,1633,,,2.5058746337890625,,2.4188451766967773,2.4188451766967773,,,,
233,1634,,,1.5330454111099243,,1.4459947347640991,1.4459947347640991,,,,
233,1635,,,1.866210699081421,,1.7791451215744019,1.7791451215744019,,,,
233,1636,,,2.303889036178589,,2.2168102264404297,2.2168102264404297,,,,
233,1637,,,1.922927737236023,,1.835831642150879,1.835831642150879,,,,
,233,,,,,,,,,3.478933811187744,3.478933811187744
233,1637,,,,,,,3.478933811187744,3.478933811187744,,
233,1637,1.9056782722473145,1.992720365524292,,1.9056782722473145,,,,,,
234,1638,,,1.7862231731414795,,1.699111819267273,1.699111819267273,,,,
234,1639,,,1.5483530759811401,,1.461225152015686,1.461225152015686,,,,
234,1640,,,2.8130507469177246,,2.7259044647216797,2.7259044647216797,,,,
234,1641,,,1.4811824560165405,,1.3940227031707764,1.3940227031707764,,,,
234,1642,,,2.038541793823242,,1.9513658285140991,1.9513658285140991,,,,
234,1643,,,2.427363395690918,,2.340172052383423,2.340172052383423,,,,
234,1644,,,1.4434386491775513,,1.3562283515930176,1.3562283515930176,,,,
,234,,,,,,,,,3.427187204360962,3.427187204360962
234,1644,,,,,,,3.427187204360962,3.427187204360962,,
234,1644,1.8949626684188843,1.9821182489395142,,1.8949626684188843,,,,,,
235,1645,,,2.0845141410827637,,1.9972875118255615,1.9972875118255615,,,,
235,1646,,,1.8329966068267822,,1.7457530498504639,1.7457530498504639,,,,
235,1647,,,1.9268522262573242,,1.8395946025848389,1.8395946025848389,,,,
235,1648,,,1.7386274337768555,,1.651350975036621,1.651350975036621,,,,
235,1649,,,1.905390739440918,,1.8180967569351196,1.8180967569351196,,,,
235,1650,,,2.2020654678344727,,2.114755630493164,2.114755630493164,,,,
235,1651,,,2.3156135082244873,,2.2282886505126953,2.2282886505126953,,,,
,235,,,,,,,,,3.3662514686584473,3.3662514686584473
235,1651,,,,,,,3.3662514686584473,3.3662514686584473,,
235,1651,1.8827368021011353,1.970008134841919,,1.8827368021011353,,,,,,
236,1652,,,2.345618724822998,,2.2582757472991943,2.2582757472991943,,,,
236,1653,,,2.3898065090179443,,2.3024466037750244,2.3024466037750244,,,,
236,1654,,,2.1845293045043945,,2.0971548557281494,2.0971548557281494,,,,
236,1655,,,1.8411197662353516,,1.753724217414856,1.753724217414856,,,,
236,1656,,,1.6520025730133057,,1.5645883083343506,1.5645883083343506,,,,
236,1657,,,1.7086001634597778,,1.6211719512939453,1.6211719512939453,,,,
236,1658,,,0.9852845668792725,,0.897840678691864,0.897840678691864,,,,
,236,,,,,,,,,3.3461544513702393,3.3461544513702393
236,1658,,,,,,,3.3461544513702393,3.3461544513702393,,
236,1658,1.8720080852508545,1.9593974351882935,,1.8720080852508545,,,,,,
237,1659,,,1.7874512672424316,,1.6999949216842651,1.6999949216842651,,,,
237,1660,,,1.8587323427200317,,1.771257996559143,1.771257996559143,,,,
237,1661,,,2.449131488800049,,2.361642599105835,2.361642599105835,,,,
237,1662,,,2.1692001819610596,,2.0816967487335205,2.0816967487335205,,,,
237,1663,,,1.8330332040786743,,1.7455133199691772,1.7455133199691772,,,,
237,1664,,,1.4999783039093018,,1.4124435186386108,1.4124435186386108,,,,
237,1665,,,2.1967949867248535,,2.1092429161071777,2.1092429161071777,,,,
,237,,,,,,,,,3.314474582672119,3.314474582672119
237,1665,,,,,,,3.314474582672119,3.314474582672119,,
237,1665,1.86094331741333,1.948443055152893,,1.86094331741333,,,,,,
238,1666,,,1.5328394174575806,,1.4452697038650513,1.4452697038650513,,,,
238,1667,,,1.61029851436615,,1.5227092504501343,1.5227092504501343,,,,
238,1668,,,1.6628708839416504,,1.5752650499343872,1.5752650499343872,,,,
238,1669,,,2.6373870372772217,,2.549764394760132,2.549764394760132,,,,
238,1670,,,2.3274149894714355,,2.2397801876068115,2.2397801876068115,,,,
238,1671,,,2.0698370933532715,,1.9821876287460327,1.9821876287460327,,,,
238,1672,,,1.3921830654144287,,1.3045156002044678,1.3045156002044678,,,,
,238,,,,,,,,,3.274937868118286,3.274937868118286
238,1672,,,,,,,3.274937868118286,3.274937868118286,,
238,1672,1.8516342639923096,1.939249873161316,,1.8516342639923096,,,,,,
239,1673,,,1.840828537940979,,1.7531450986862183,1.7531450986862183,,,,
239,1674,,,1.9326999187469482,,1.844996690750122,1.844996690750122,,,,
239,1675,,,1.570510745048523,,1.4827947616577148,1.4827947616577148,,,,
239,1676,,,1.8006820678710938,,1.712954044342041,1.712954044342041,,,,
239,1677,,,2.134890556335449,,2.0471465587615967,2.0471465587615967,,,,
239,1678,,,2.166983127593994,,2.0792205333709717,2.0792205333709717,,,,
239,1679,,,2.1720502376556396,,2.0842697620391846,2.0842697620391846,,,,
,239,,,,,,,,,3.287614345550537,3.287614345550537
239,1679,,,,,,,3.287614345550537,3.287614345550537,,
239,1679,1.835585594177246,1.9233118295669556,,1.835585594177246,,,,,,
240,1680,,,1.0607976913452148,,0.9730046391487122,0.9730046391487122,,,,
240,1681,,,1.896806001663208,,1.8090018033981323,1.8090018033981323,,,,
240,1682,,,1.9292657375335693,,1.8414427042007446,1.8414427042007446,,,,
240,1683,,,1.68996262550354,,1.6021244525909424,1.6021244525909424,,,,
240,1684,,,2.108042001724243,,2.020188093185425,2.020188093185425,,,,
240,1685,,,2.369025468826294,,2.2811529636383057,2.2811529636383057,,,,
240,1686,,,3.0307209491729736,,2.942835569381714,2.942835569381714,,,,
,240,,,,,,,,,3.2699191570281982,3.2699191570281982
240,1686,,,,,,,3.2699191570281982,3.2699191570281982,,
240,1686,1.8243887424468994,1.9122226238250732,,1.8243887424468994,,,,,,
241,1687,,,1.9571821689605713,,1.8692759275436401,1.8692759275436401,,,,
241,1688,,,1.7797974348068237,,1.6918758153915405,1.6918758153915405,,,,
241,1689,,,1.6788610219955444,,1.5909262895584106,1.5909262895584106,,,,
241,1690,,,2.3062779903411865,,2.2183260917663574,2.2183260917663574,,,,
241,1691,,,1.8052177429199219,,1.7172542810440063,1.7172542810440063,,,,
241,1692,,,1.8310749530792236,,1.7430940866470337,1.7430940866470337,,,,
241,1693,,,2.0406577587127686,,1.9526588916778564,1.9526588916778564,,,,
,241,,,,,,,,,3.2188146114349365,3.2188146114349365
241,1693,,,,,,,3.2188146114349365,3.2188146114349365,,
241,1693,1.813804030418396,1.9017502069473267,,1.813804030418396,,,,,,
242,1694,,,2.060697317123413,,1.9726742506027222,1.9726742506027222,,,,
242,1695,,,1.839334487915039,,1.7512949705123901,1.7512949705123901,,,,
242,1696,,,1.2990612983703613,,1.2110042572021484,1.2110042572021484,,,,
242,1697,,,2.30302095413208,,2.214951515197754,2.214951515197754,,,,
242,1698,,,2.088813543319702,,2.000725746154785,2.000725746154785,,,,
242,1699,,,1.778503656387329,,1.6903976202011108,1.6903976202011108,,,,
242,1700,,,1.7495813369750977,,1.661460518836975,1.661460518836975,,,,
,242,,,,,,,,,3.150921106338501,3.150921106338501
242,1700,,,,,,,3.150921106338501,3.150921106338501,,
242,1700,1.7982895374298096,1.8863565921783447,,1.7982895374298096,,,,,,
243,1701,,,2.022980213165283,,1.9348396062850952,1.9348396062850952,,,,
243,1702,,,1.8235331773757935,,1.7353748083114624,1.7353748083114624,,,,
243,1703,,,1.183634638786316,,1.0954573154449463,1.0954573154449463,,,,
243,1704,,,2.972287654876709,,2.8840935230255127,2.8840935230255127,,,,
243,1705,,,1.4224494695663452,,1.334242582321167,1.334242582321167,,,,
243,1706,,,1.7759759426116943,,1.6877528429031372,1.6877528429031372,,,,
243,1707,,,1.9555801153182983,,1.867339015007019,1.867339015007019,,,,
,243,,,,,,,,,3.1194100379943848,3.1194100379943848
243,1707,,,,,,,3.1194100379943848,3.1194100379943848,,
243,1707,1.7838451862335205,1.872031807899475,,1.7838451862335205,,,,,,
244,1708,,,1.5069608688354492,,1.418705940246582,1.418705940246582,,,,
244,1709,,,1.8291000127792358,,1.7408286333084106,1.7408286333084106,,,,
244,1710,,,2.5525145530700684,,2.464226484298706,2.464226484298706,,,,
244,1711,,,1.6586580276489258,,1.5703538656234741,1.5703538656234741,,,,
244,1712,,,2.0478639602661133,,1.9595448970794678,1.9595448970794678,,,,
244,1713,,,1.8567726612091064,,1.7684398889541626,1.7684398889541626,,,,
244,1714,,,1.0069007873535156,,0.9185484051704407,0.9185484051704407,,,,
,244,,,,,,,,,3.106948137283325,3.106948137283325
244,1714,,,,,,,3.106948137283325,3.106948137283325,,
244,1714,1.7673028707504272,1.8556013107299805,,1.7673028707504272,,,,,,
245,1715,,,1.3340049982070923,,1.2456402778625488,1.2456402778625488,,,,
245,1716,,,2.0503289699554443,,1.9619454145431519,1.9619454145431519,,,,
245,1717,,,2.0021140575408936,,1.9137146472930908,1.9137146472930908,,,,
245,1718,,,1.6796791553497314,,1.5912584066390991,1.5912584066390991,,,,
245,1719,,,2.323185443878174,,2.2347493171691895,2.2347493171691895,,,,
245,1720,,,1.642531156539917,,1.5540825128555298,1.5540825128555298,,,,
245,1721,,,1.9637641906738281,,1.8753015995025635,1.8753015995025635,,,,
,245,,,,,,,,,3.0765743255615234,3.0765743255615234
245,1721,,,,,,,3.0765743255615234,3.0765743255615234,,
245,1721,1.7575889825820923,1.8460007905960083,,1.7575889825820923,,,,,,
246,1722,,,1.9716060161590576,,1.8831313848495483,1.8831313848495483,,,,
246,1723,,,2.253199815750122,,2.164710521697998,2.164710521697998,,,,
246,1724,,,1.414296269416809,,1.3257887363433838,1.3257887363433838,,,,
246,1725,,,1.3317503929138184,,1.2432286739349365,1.2432286739349365,,,,
246,1726,,,2.026704788208008,,1.9381701946258545,1.9381701946258545,,,,
246,1727,,,1.6698472499847412,,1.5812972784042358,1.5812972784042358,,,,
246,1728,,,2.6683263778686523,,2.579759359359741,2.579759359359741,,,,
,246,,,,,,,,,3.0899853706359863,3.0899853706359863
246,1728,,,,,,,3.0899853706359863,3.0899853706359863,,
246,1728,1.741762638092041,1.830278754234314,,1.741762638092041,,,,,,
247,1729,,,1.6739753484725952,,1.585392713546753,1.585392713546753,,,,
247,1730,,,1.5909292697906494,,1.5023280382156372,1.5023280382156372,,,,
247,1731,,,2.5674633979797363,,2.4788434505462646,2.4788434505462646,,,,
247,1732,,,1.7232893705368042,,1.634652853012085,1.634652853012085,,,,
247,1733,,,1.6263545751571655,,1.5377027988433838,1.5377027988433838,,,,
247,1734,,,1.7287781238555908,,1.64011549949646,1.64011549949646,,,,
247,1735,,,1.8002232313156128,,1.7115436792373657,1.7115436792373657,,,,
,247,,,,,,,,,3.116467237472534,3.116467237472534
247,1735,,,,,,,3.116467237472534,3.116467237472534,,
247,1735,1.7287631034851074,1.8173919916152954,,1.7287631034851074,,,,,,
248,1736,,,2.128737211227417,,2.0400466918945312,2.0400466918945312,,,,
248,1737,,,2.019855499267578,,1.9311500787734985,1.9311500787734985,,,,
248,1738,,,2.1418516635894775,,2.053131341934204,2.053131341934204,,,,
248,1739,,,1.3092801570892334,,1.2205431461334229,1.2205431461334229,,,,
248,1740,,,0.9288553595542908,,0.8401029706001282,0.8401029706001282,,,,
248,1741,,,2.1078526973724365,,2.0190863609313965,2.0190863609313965,,,,
248,1742,,,2.312718629837036,,2.2239365577697754,2.2239365577697754,,,,
,248,,,,,,,,,3.1340560913085938,3.1340560913085938
248,1742,,,,,,,3.1340560913085938,3.1340560913085938,,
248,1742,1.7157704830169678,1.804502248764038,,1.7157704830169678,,,,,,
249,1743,,,2.0440609455108643,,1.9552620649337769,1.9552620649337769,,,,
249,1744,,,2.0892953872680664,,2.0004782676696777,2.0004782676696777,,,,
249,1745,,,1.3699555397033691,,1.281121850013733,1.281121850013733,,,,
249,1746,,,1.4165716171264648,,1.327724814414978,1.327724814414978,,,,
249,1747,,,2.052138566970825,,1.963276743888855,1.963276743888855,,,,
249,1748,,,1.8766908645629883,,1.7878118753433228,1.7878118753433228,,,,
249,1749,,,1.5409502983093262,,1.4520574808120728,1.4520574808120728,,,,
,249,,,,,,,,,3.099637985229492,3.099637985229492
249,1749,,,,,,,3.099637985229492,3.099637985229492,,
249,1749,1.7035603523254395,1.792402982711792,,1.7035603523254395,,,,,,
250,1750,,,1.1580195426940918,,1.0691097974777222,1.0691097974777222,,,,
250,1751,,,1.9090056419372559,,1.8200796842575073,1.8200796842575073,,,,
250,1752,,,1.9356684684753418,,1.8467243909835815,1.8467243909835815,,,,
250,1753,,,1.7612180709838867,,1.6722593307495117,1.6722593307495117,,,,
250,1754,,,1.721558690071106,,1.6325852870941162,1.6325852870941162,,,,
250,1755,,,1.7427879571914673,,1.6537991762161255,1.6537991762161255,,,,
250,1756,,,2.9644651412963867,,2.875460147857666,2.875460147857666,,,,
,250,,,,,,,,,3.0734477043151855,3.0734477043151855
250,1756,,,,,,,3.0734477043151855,3.0734477043151855,,
250,1756,1.6898596286773682,1.778813123703003,,1.6898596286773682,,,,,,
251,1757,,,1.6308677196502686,,1.5418494939804077,1.5418494939804077,,,,
251,1758,,,2.2908620834350586,,2.201831340789795,2.201831340789795,,,,
251,1759,,,1.5974756479263306,,1.5084295272827148,1.5084295272827148,,,,
251,1760,,,1.573373794555664,,1.4843100309371948,1.4843100309371948,,,,
251,1761,,,2.589125871658325,,2.5000431537628174,2.5000431537628174,,,,
251,1762,,,1.1582523584365845,,1.0691527128219604,1.0691527128219604,,,,
251,1763,,,1.1089560985565186,,1.0198440551757812,1.0198440551757812,,,,
,251,,,,,,,,,3.010998487472534,3.010998487472534
251,1763,,,,,,,3.010998487472534,3.010998487472534,,
251,1763,1.6765581369400024,1.7656183242797852,,1.6765581369400024,,,,,,
252,1764,,,2.0192971229553223,,1.9301687479019165,1.9301687479019165,,,,
252,1765,,,1.690385103225708,,1.6012370586395264,1.6012370586395264,,,,
252,1766,,,2.16190505027771,,2.0727415084838867,2.0727415084838867,,,,
252,1767,,,1.338692545890808,,1.249511480331421,1.249511480331421,,,,
252,1768,,,1.269737720489502,,1.1805365085601807,1.1805365085601807,,,,
252,1769,,,2.050507068634033,,1.9612964391708374,1.9612964391708374,,,,
252,1770,,,1.6848187446594238,,1.595593810081482,1.595593810081482,,,,
,252,,,,,,,,,2.9706852436065674,2.9706852436065674
252,1770,,,,,,,2.9706852436065674,2.9706852436065674,,
252,1770,1.6617785692214966,1.7509541511535645,,1.6617785692214966,,,,,,
253,1771,,,1.322152018547058,,1.232910394668579,1.232910394668579,,,,
253,1772,,,2.4546303749084473,,2.3653769493103027,2.3653769493103027,,,,
253,1773,,,1.5784317255020142,,1.4891607761383057,1.4891607761383057,,,,
253,1774,,,1.4705734252929688,,1.3812834024429321,1.3812834024429321,,,,
253,1775,,,1.6449165344238281,,1.5556104183197021,1.5556104183197021,,,,
253,1776,,,2.0990588665008545,,2.0097384452819824,2.0097384452819824,,,,
253,1777,,,1.3191828727722168,,1.2298449277877808,1.2298449277877808,,,,
,253,,,,,,,,,2.9546079635620117,2.9546079635620117
253,1777,,,,,,,2.9546077251434326,2.9546077251434326,,
253,1777,1.6463172435760498,1.7356010675430298,,1.6463172435760498,,,,,,
254,1778,,,1.8361378908157349,,1.7467873096466064,1.7467873096466064,,,,
254,1779,,,2.1545939445495605,,2.0652236938476562,2.0652236938476562,,,,
254,1780,,,2.0280747413635254,,1.9386892318725586,1.9386892318725586,,,,
254,1781,,,1.3988503217697144,,1.3094459772109985,1.3094459772109985,,,,
254,1782,,,1.3787482976913452,,1.2893285751342773,1.2893285751342773,,,,
254,1783,,,1.6580164432525635,,1.5685850381851196,1.5685850381851196,,,,
254,1784,,,1.4391361474990845,,1.3496919870376587,1.3496919870376587,,,,
,254,,,,,,,,,2.855306386947632,2.855306386947632
254,1784,,,,,,,2.855306386947632,2.855306386947632,,
254,1784,1.6351677179336548,1.7245641946792603,,1.6351677179336548,,,,,,
255,1785,,,1.3733903169631958,,1.2839246988296509,1.2839246988296509,,,,
255,1786,,,1.7479135990142822,,1.6584333181381226,1.6584333181381226,,,,
255,1787,,,1.7614290714263916,,1.6719331741333008,1.6719331741333008,,,,
255,1788,,,1.9875245094299316,,1.8980144262313843,1.8980144262313843,,,,
255,1789,,,1.7012670040130615,,1.6117411851882935,1.6117411851882935,,,,
255,1790,,,1.5121128559112549,,1.4225713014602661,1.4225713014602661,,,,
255,1791,,,2.1858139038085938,,2.096252202987671,2.096252202987671,,,,
,255,,,,,,,,,2.845968246459961,2.845968246459961
255,1791,,,,,,,2.845968246459961,2.845968246459961,,
255,1791,1.62081778049469,1.7103242874145508,,1.62081778049469,,,,,,
256,1792,,,1.2241384983062744,,1.1345646381378174,1.1345646381378174,,,,
256,1793,,,1.9868240356445312,,1.8972357511520386,1.8972357511520386,,,,
256,1794,,,1.784966230392456,,1.695358395576477,1.695358395576477,,,,
256,1795,,,1.4851232767105103,,1.3954987525939941,1.3954987525939941,,,,
256,1796,,,2.1659669876098633,,2.0763275623321533,2.0763275623321533,,,,
256,1797,,,1.8821451663970947,,1.7924922704696655,1.7924922704696655,,,,
256,1798,,,0.7893908619880676,,0.6997209787368774,0.6997209787368774,,,,
,256,,,,,,,,,2.8397257328033447,2.8397257328033447
256,1798,,,,,,,2.8397257328033447,2.8397257328033447,,
256,1798,1.6084505319595337,1.6980682611465454,,1.6084505319595337,,,,,,
257,1799,,,1.5684789419174194,,1.4787973165512085,1.4787973165512085,,,,
257,1800,,,1.4678012132644653,,1.3781079053878784,1.3781079053878784,,,,
257,1801,,,1.6061835289001465,,1.5164774656295776,1.5164774656295776,,,,
257,1802,,,2.221989154815674,,2.1322665214538574,2.1322665214538574,,,,
257,1803,,,1.1897015571594238,,1.099958062171936,1.099958062171936,,,,
257,1804,,,2.374439239501953,,2.2846806049346924,2.2846806049346924,,,,
257,1805,,,0.8788002729415894,,0.789027214050293,0.789027214050293,,,,
,257,,,,,,,,,2.8046634197235107,2.8046634197235107
257,1805,,,,,,,2.8046634197235107,2.8046634197235107,,
257,1805,1.5978310108184814,1.6875518560409546,,1.5978310108184814,,,,,,
258,1806,,,2.3192131519317627,,2.229423761367798,2.229423761367798,,,,
258,1807,,,1.4685174226760864,,1.378711223602295,1.378711223602295,,,,
258,1808,,,1.5473939180374146,,1.4575709104537964,1.4575709104537964,,,,
258,1809,,,1.4709209203720093,,1.3810837268829346,1.3810837268829346,,,,
258,1810,,,1.281394124031067,,1.191541314125061,1.191541314125061,,,,
258,1811,,,1.7820154428482056,,1.6921459436416626,1.6921459436416626,,,,
258,1812,,,2.1851251125335693,,2.095242738723755,2.095242738723755,,,,
,258,,,,,,,,,2.7469074726104736,2.7469074726104736
258,1812,,,,,,,2.7469074726104736,2.7469074726104736,,
258,1812,1.5868537425994873,1.6766866445541382,,1.5868537425994873,,,,,,
259,1813,,,1.516707420349121,,1.4268070459365845,1.4268070459365845,,,,
259,1814,,,1.4039556980133057,,1.314035415649414,1.314035415649414,,,,
259,1815,,,2.000192880630493,,1.9102537631988525,1.9102537631988525,,,,
259,1816,,,1.9575207233428955,,1.867567539215088,1.867567539215088,,,,
259,1817,,,1.4365936517715454,,1.3466273546218872,1.3466273546218872,,,,
259,1818,,,1.5623419284820557,,1.4723597764968872,1.4723597764968872,,,,
259,1819,,,2.0268781185150146,,1.9368820190429688,1.9368820190429688,,,,
,259,,,,,,,,,2.7227094173431396,2.7227094173431396
259,1819,,,,,,,2.7227094173431396,2.7227094173431396,,
259,1819,1.5786638259887695,1.6686105728149414,,1.5786638259887695,,,,,,
260,1820,,,1.886131763458252,,1.7961207628250122,1.7961207628250122,,,,
260,1821,,,1.264288306236267,,1.174259066581726,1.174259066581726,,,,
260,1822,,,1.7470014095306396,,1.656955599784851,1.656955599784851,,,,
260,1823,,,1.8274401426315308,,1.737378478050232,1.737378478050232,,,,
260,1824,,,1.5757642984390259,,1.4856863021850586,1.4856863021850586,,,,
260,1825,,,1.776287317276001,,1.686194658279419,1.686194658279419,,,,
260,1826,,,1.2740254402160645,,1.1839213371276855,1.1839213371276855,,,,
,260,,,,,,,,,2.687696933746338,2.687696933746338
260,1826,,,,,,,2.687696933746338,2.687696933746338,,
260,1826,1.5655789375305176,1.6556349992752075,,1.5655789375305176,,,,,,
261,1827,,,2.035508871078491,,1.9453879594802856,1.9453879594802856,,,,
261,1828,,,1.2970393896102905,,1.206900715827942,1.206900715827942,,,,
261,1829,,,1.5657507181167603,,1.4756019115447998,1.4756019115447998,,,,
261,1830,,,1.6575678586959839,,1.5674060583114624,1.5674060583114624,,,,
261,1831,,,1.2521716356277466,,1.1619946956634521,1.1619946956634521,,,,
261,1832,,,2.0477895736694336,,1.957594394683838,1.957594394683838,,,,
261,1833,,,1.6889967918395996,,1.5987862348556519,1.5987862348556519,,,,
,261,,,,,,,,,2.693006753921509,2.693006753921509
261,1833,,,,,,,2.693006753921509,2.693006753921509,,
261,1833,1.5552047491073608,1.6453649997711182,,1.5552047491073608,,,,,,
262,1834,,,1.43460214138031,,1.3443727493286133,1.3443727493286133,,,,
262,1835,,,1.6909836530685425,,1.6007369756698608,1.6007369756698608,,,,
262,1836,,,1.43680739402771,,1.3465461730957031,1.3465461730957031,,,,
262,1837,,,2.216006278991699,,2.125730276107788,2.125730276107788,,,,
262,1838,,,1.8501085042953491,,1.7598178386688232,1.7598178386688232,,,,
262,1839,,,1.2116135358810425,,1.1213080883026123,1.1213080883026123,,,,
262,1840,,,1.5407860279083252,,1.4504646062850952,1.4504646062850952,,,,
,262,,,,,,,,,2.6851248741149902,2.6851248741149902
262,1840,,,,,,,2.6851248741149902,2.6851248741149902,,
262,1840,1.5439116954803467,1.6341829299926758,,1.5439116954803467,,,,,,
263,1841,,,1.5761064291000366,,1.4857662916183472,1.4857662916183472,,,,
263,1842,,,1.3569562435150146,,1.2666012048721313,1.2666012048721313,,,,
263,1843,,,1.3193515539169312,,1.2289772033691406,1.2289772033691406,,,,
263,1844,,,1.970436930656433,,1.8800466060638428,1.8800466060638428,,,,
263,1845,,,1.8937742710113525,,1.8033676147460938,1.8033676147460938,,,,
263,1846,,,1.5289554595947266,,1.4385309219360352,1.4385309219360352,,,,
263,1847,,,1.892005205154419,,1.8015722036361694,1.8015722036361694,,,,
,263,,,,,,,,,2.6460297107696533,2.6460297107696533
263,1847,,,,,,,2.6460297107696533,2.6460297107696533,,
263,1847,1.5339418649673462,1.6243268251419067,,1.5339418649673462,,,,,,
264,1848,,,2.0601420402526855,,1.9696884155273438,1.9696884155273438,,,,
264,1849,,,1.102828860282898,,1.0123604536056519,1.0123604536056519,,,,
264,1850,,,1.898356318473816,,1.8078749179840088,1.8078749179840088,,,,
264,1851,,,1.5970556735992432,,1.506560206413269,1.506560206413269,,,,
264,1852,,,1.4779051542282104,,1.387391209602356,1.387391209602356,,,,
264,1853,,,1.5159727334976196,,1.4254426956176758,1.4254426956176758,,,,
264,1854,,,1.7009071111679077,,1.610361099243164,1.610361099243164,,,,
,264,,,,,,,,,2.6136929988861084,2.6136929988861084
264,1854,,,,,,,2.6136929988861084,2.6136929988861084,,
264,1854,1.5236397981643677,1.614133596420288,,1.5236397981643677,,,,,,
265,1855,,,2.2015624046325684,,2.1110005378723145,2.1110005378723145,,,,
265,1856,,,1.4417388439178467,,1.3511602878570557,1.3511602878570557,,,,
265,1857,,,2.2710843086242676,,2.180490255355835,2.180490255355835,,,,
265,1858,,,1.021467685699463,,0.9308544993400574,0.9308544993400574,,,,
265,1859,,,1.3200633525848389,,1.2294362783432007,1.2294362783432007,,,,
265,1860,,,1.3777908086776733,,1.28715181350708,1.28715181350708,,,,
265,1861,,,1.585687518119812,,1.4950342178344727,1.4950342178344727,,,,
,265,,,,,,,,,2.5533740520477295,2.5533740520477295
265,1861,,,,,,,2.5533740520477295,2.5533740520477295,,
265,1861,1.5138401985168457,1.604445457458496,,1.5138401985168457,,,,,,
266,1862,,,1.8477915525436401,,1.757119059562683,1.757119059562683,,,,
266,1863,,,1.4606684446334839,,1.3699839115142822,1.3699839115142822,,,,
266,1864,,,1.7709277868270874,,1.680227279663086,1.680227279663086,,,,
266,1865,,,1.6793627738952637,,1.5886434316635132,1.5886434316635132,,,,
266,1866,,,1.6032334566116333,,1.5125000476837158,1.5125000476837158,,,,
266,1867,,,0.9413506984710693,,0.8506029844284058,0.8506029844284058,,,,
266,1868,,,2.312725782394409,,2.221963882446289,2.221963882446289,,,,
,266,,,,,,,,,2.516178607940674,2.516178607940674
266,1868,,,,,,,2.516178607940674,2.516178607940674,,
266,1868,1.5046766996383667,1.5953893661499023,,1.5046766996383667,,,,,,
267,1869,,,1.4890600442886353,,1.3982770442962646,1.3982770442962646,,,,
267,1870,,,1.7694021463394165,,1.6786048412322998,1.6786048412322998,,,,
267,1871,,,1.3040062189102173,,1.2131930589675903,1.2131930589675903,,,,
267,1872,,,1.6649636030197144,,1.574135661125183,1.574135661125183,,,,
267,1873,,,1.7288906574249268,,1.638046383857727,1.638046383857727,,,,
267,1874,,,1.7184988260269165,,1.6276369094848633,1.6276369094848633,,,,
267,1875,,,1.1213243007659912,,1.0304477214813232,1.0304477214813232,,,,
,267,,,,,,,,,2.503746509552002,2.503746509552002
267,1875,,,,,,,2.503746509552002,2.503746509552002,,
267,1875,1.4927549362182617,1.583579421043396,,1.4927549362182617,,,,,,
268,1876,,,1.361931324005127,,1.2710410356521606,1.2710410356521606,,,,
268,1877,,,1.5188579559326172,,1.4279515743255615,1.4279515743255615,,,,
268,1878,,,1.7917176485061646,,1.700799584388733,1.700799584388733,,,,
268,1879,,,0.9835854768753052,,0.8926531672477722,0.8926531672477722,,,,
268,1880,,,1.9692602157592773,,1.8783141374588013,1.8783141374588013,,,,
268,1881,,,2.0964953899383545,,2.005533218383789,2.005533218383789,,,,
268,1882,,,0.820432186126709,,0.7294518947601318,0.7294518947601318,,,,
,268,,,,,,,,,2.467595338821411,2.467595338821411
268,1882,,,,,,,2.467595338821411,2.467595338821411,,
268,1882,1.4823273420333862,1.5732563734054565,,1.4823273420333862,,,,,,
269,1883,,,1.7462520599365234,,1.6552573442459106,1.6552573442459106,,,,
269,1884,,,1.4844326972961426,,1.3934231996536255,1.3934231996536255,,,,
269,1885,,,1.352450966835022,,1.2614266872406006,1.2614266872406006,,,,
269,1886,,,1.8224362134933472,,1.7313990592956543,1.7313990592956543,,,,
269,1887,,,1.66909921169281,,1.578046441078186,1.578046441078186,,,,
269,1888,,,1.2555948495864868,,1.1645268201828003,1.1645268201828003,,,,
269,1889,,,1.6990060806274414,,1.6079223155975342,1.6079223155975342,,,,
,269,,,,,,,,,2.4602243900299072,2.4602243900299072
269,1889,,,,,,,2.4602243900299072,2.4602243900299072,,
269,1889,1.4724785089492798,1.5635125637054443,,1.4724785089492798,,,,,,
270,1890,,,1.3048508167266846,,1.213751196861267,1.213751196861267,,,,
270,1891,,,1.2337596416473389,,1.1426472663879395,1.1426472663879395,,,,
270,1892,,,1.677773118019104,,1.5866435766220093,1.5866435766220093,,,,
270,1893,,,1.7840116024017334,,1.6928682327270508,1.6928682327270508,,,,
270,1894,,,0.9573037028312683,,0.8661456108093262,0.8661456108093262,,,,
270,1895,,,2.315664768218994,,2.224491834640503,2.224491834640503,,,,
270,1896,,,1.7198991775512695,,1.6287107467651367,1.6287107467651367,,,,
,270,,,,,,,,,2.4771132469177246,2.4771132469177246
270,1896,,,,,,,2.4771132469177246,2.4771132469177246,,
270,1896,1.464676856994629,1.5558156967163086,,1.464676856994629,,,,,,
271,1897,,,1.5261356830596924,,1.4349313974380493,1.4349313974380493,,,,
271,1898,,,1.202736735343933,,1.1115195751190186,1.1115195751190186,,,,
271,1899,,,1.4182853698730469,,1.3270550966262817,1.3270550966262817,,,,
271,1900,,,1.877477765083313,,1.7862319946289062,1.7862319946289062,,,,
271,1901,,,1.9404164552688599,,1.8491568565368652,1.8491568565368652,,,,
271,1902,,,1.4916679859161377,,1.4003912210464478,1.4003912210464478,,,,
271,1903,,,1.0462881326675415,,0.9549948573112488,0.9549948573112488,,,,
,271,,,,,,,,,2.469191789627075,2.469191789627075
271,1903,,,,,,,2.469191789627075,2.469191789627075,,
271,1903,1.4537112712860107,1.5449533462524414,,1.4537112712860107,,,,,,
272,1904,,,1.0673795938491821,,0.9760729074478149,0.9760729074478149,,,,
272,1905,,,1.7202539443969727,,1.628935694694519,1.628935694694519,,,,
272,1906,,,1.4535245895385742,,1.3621898889541626,1.3621898889541626,,,,
272,1907,,,2.1649727821350098,,2.07362699508667,2.07362699508667,,,,
272,1908,,,1.443884253501892,,1.3525217771530151,1.3525217771530151,,,,
272,1909,,,1.0620598793029785,,0.970680832862854,0.970680832862854,,,,
272,1910,,,2.3589577674865723,,2.267564058303833,2.267564058303833,,,,
,272,,,,,,,,,2.478577136993408,2.478577136993408
272,1910,,,,,,,2.478577136993408,2.478577136993408,,
272,1910,1.4453905820846558,1.5367348194122314,,1.4453905820846558,,,,,,
273,1911,,,1.155885934829712,,1.0644761323928833,1.0644761323928833,,,,
273,1912,,,1.5691494941711426,,1.4777257442474365,1.4777257442474365,,,,
273,1913,,,1.2332637310028076,,1.1418226957321167,1.1418226957321167,,,,
273,1914,,,1.0902739763259888,,0.9988173246383667,0.9988173246383667,,,,
273,1915,,,2.0110409259796143,,1.9195688962936401,1.9195688962936401,,,,
273,1916,,,2.146857976913452,,2.0553712844848633,2.0553712844848633,,,,
273,1917,,,1.408996343612671,,1.3174957036972046,1.3174957036972046,,,,
,273,,,,,,,,,2.484315872192383,2.484315872192383
273,1917,,,,,,,2.484315872192383,2.484315872192383,,
273,1917,1.435583233833313,1.5270346403121948,,1.435583233833313,,,,,,
274,1918,,,1.3875013589859009,,1.2959893941879272,1.2959893941879272,,,,
274,1919,,,1.4517314434051514,,1.3602052927017212,1.3602052927017212,,,,
274,1920,,,1.3478517532348633,,1.256308674812317,1.256308674812317,,,,
274,1921,,,1.433648705482483,,1.34209144115448,1.34209144115448,,,,
274,1922,,,1.2851831912994385,,1.1936134099960327,1.1936134099960327,,,,
274,1923,,,1.9387195110321045,,1.847136378288269,1.847136378288269,,,,
274,1924,,,2.224090099334717,,2.132492780685425,2.132492780685425,,,,
,274,,,,,,,,,2.478363275527954,2.478363275527954
274,1924,,,,,,,2.478363275527954,2.478363275527954,,
274,1924,1.4266711473464966,1.518222689628601,,1.4266711473464966,,,,,,
275,1925,,,1.2837859392166138,,1.1921695470809937,1.1921695470809937,,,,
275,1926,,,1.472758173942566,,1.3811264038085938,1.3811264038085938,,,,
275,1927,,,1.2160992622375488,,1.1244547367095947,1.1244547367095947,,,,
275,1928,,,1.872977614402771,,1.7813206911087036,1.7813206911087036,,,,
275,1929,,,1.3029738664627075,,1.211300015449524,1.211300015449524,,,,
275,1930,,,2.1778564453125,,2.086165189743042,2.086165189743042,,,,
275,1931,,,0.7332889437675476,,0.6415828466415405,0.6415828466415405,,,,
,275,,,,,,,,,2.4707038402557373,2.4707038402557373
275,1931,,,,,,,2.4707038402557373,2.4707038402557373,,
275,1931,1.4144519567489624,1.5061074495315552,,1.4144519567489624,,,,,,
276,1932,,,1.27077317237854,,1.1790541410446167,1.1790541410446167,,,,
276,1933,,,1.8657993078231812,,1.7740670442581177,1.7740670442581177,,,,
276,1934,,,1.3944050073623657,,1.3026597499847412,1.3026597499847412,,,,
276,1935,,,1.3545029163360596,,1.2627378702163696,1.2627378702163696,,,,
276,1936,,,1.7161210775375366,,1.6243412494659424,1.6243412494659424,,,,
276,1937,,,1.2980897426605225,,1.2062954902648926,1.2062954902648926,,,,
276,1938,,,1.7176096439361572,,1.6257997751235962,1.6257997751235962,,,,
,276,,,,,,,,,2.459376335144043,2.459376335144043
276,1938,,,,,,,2.459376096725464,2.459376096725464,,
276,1938,1.4053066968917847,1.497065782546997,,1.4053066968917847,,,,,,
277,1939,,,1.5765886306762695,,1.484769582748413,1.484769582748413,,,,
277,1940,,,1.541931390762329,,1.450100064277649,1.450100064277649,,,,
277,1941,,,1.1769788265228271,,1.0851298570632935,1.0851298570632935,,,,
277,1942,,,1.2374991178512573,,1.1456369161605835,1.1456369161605835,,,,
277,1943,,,1.770327091217041,,1.6784522533416748,1.6784522533416748,,,,
277,1944,,,1.3332489728927612,,1.2413585186004639,1.2413585186004639,,,,
277,1945,,,2.2839748859405518,,2.1920711994171143,2.1920711994171143,,,,
,277,,,,,,,,,2.4625911712646484,2.4625911712646484
277,1945,,,,,,,2.4625911712646484,2.4625911712646484,,
277,1945,1.3972508907318115,1.4891082048416138,,1.3972508907318115,,,,,,
278,1946,,,1.7880492210388184,,1.6961270570755005,1.6961270570755005,,,,
278,1947,,,1.9039381742477417,,1.8120062351226807,1.8120062351226807,,,,
278,1948,,,1.6152006387710571,,1.5232535600662231,1.5232535600662231,,,,
278,1949,,,1.289347767829895,,1.197383165359497,1.197383165359497,,,,
278,1950,,,1.3377941846847534,,1.245812177658081,1.245812177658081,,,,
278,1951,,,1.1588345766067505,,1.0668401718139648,1.0668401718139648,,,,
278,1952,,,0.9134566783905029,,0.8214478492736816,0.8214478492736816,,,,
,278,,,,,,,,,2.405235767364502,2.405235767364502
278,1952,,,,,,,2.405235767364502,2.405235767364502,,
278,1952,1.3881514072418213,1.4801114797592163,,1.3881514072418213,,,,,,
279,1953,,,1.214390754699707,,1.1223646402359009,1.1223646402359009,,,,
279,1954,,,1.648791790008545,,1.5567470788955688,1.5567470788955688,,,,
279,1955,,,1.6141771078109741,,1.5221176147460938,1.5221176147460938,,,,
279,1956,,,1.1330355405807495,,1.0409624576568604,1.0409624576568604,,,,
279,1957,,,1.1883032321929932,,1.0962189435958862,1.0962189435958862,,,,
279,1958,,,1.3310275077819824,,1.2389280796051025,1.2389280796051025,,,,
279,1959,,,3.353576183319092,,3.2614617347717285,3.2614617347717285,,,,
,279,,,,,,,,,2.3888564109802246,2.3888564109802246
279,1959,,,,,,,2.3888564109802246,2.3888564109802246,,
279,1959,1.3804527521133423,1.4725204706192017,,1.3804527521133423,,,,,,
280,1960,,,0.9710170030593872,,0.8788868188858032,0.8788868188858032,,,,
280,1961,,,1.7214264869689941,,1.6292811632156372,1.6292811632156372,,,,
280,1962,,,1.3341999053955078,,1.2420355081558228,1.2420355081558228,,,,
280,1963,,,1.6605470180511475,,1.568368673324585,1.568368673324585,,,,
280,1964,,,1.3723938465118408,,1.2802019119262695,1.2802019119262695,,,,
280,1965,,,1.8408253192901611,,1.748620629310608,1.748620629310608,,,,
280,1966,,,1.1541814804077148,,1.0619620084762573,1.0619620084762573,,,,
,280,,,,,,,,,2.365004062652588,2.365004062652588
280,1966,,,,,,,2.365004062652588,2.365004062652588,,
280,1966,1.371863603591919,1.4640356302261353,,1.371863603591919,,,,,,
281,1967,,,1.2254794836044312,,1.1332483291625977,1.1332483291625977,,,,
281,1968,,,1.52992582321167,,1.4376791715621948,1.4376791715621948,,,,
281,1969,,,0.9583034515380859,,0.8660436272621155,0.8660436272621155,,,,
281,1970,,,1.8206557035446167,,1.7283830642700195,1.7283830642700195,,,,
281,1971,,,1.7212293148040771,,1.6289403438568115,1.6289403438568115,,,,
281,1972,,,1.6531389951705933,,1.5608359575271606,1.5608359575271606,,,,
281,1973,,,0.9962840676307678,,0.9039662480354309,0.9039662480354309,,,,
,281,,,,,,,,,2.3703582286834717,2.3703582286834717
281,1973,,,,,,,2.3703582286834717,2.3703582286834717,,
281,1973,1.3637831211090088,1.456053376197815,,1.3637831211090088,,,,,,
282,1974,,,1.0151160955429077,,0.9227885603904724,0.9227885603904724,,,,
282,1975,,,1.5837299823760986,,1.491390347480774,1.491390347480774,,,,
282,1976,,,1.7815808057785034,,1.68922758102417,1.68922758102417,,,,
282,1977,,,1.2726656198501587,,1.1802994012832642,1.1802994012832642,,,,
282,1978,,,1.349165916442871,,1.256784200668335,1.256784200668335,,,,
282,1979,,,1.1733323335647583,,1.0809361934661865,1.0809361934661865,,,,
282,1980,,,2.8021621704101562,,2.7097527980804443,2.7097527980804443,,,,
,282,,,,,,,,,2.3725008964538574,2.3725008964538574
282,1980,,,,,,,2.3725008964538574,2.3725008964538574,,
282,1980,1.3549151420593262,1.447278618812561,,1.3549151420593262,,,,,,
283,1981,,,1.407604694366455,,1.315179467201233,1.315179467201233,,,,
283,1982,,,1.8566333055496216,,1.7641940116882324,1.7641940116882324,,,,
283,1983,,,1.248186707496643,,1.1557331085205078,1.1557331085205078,,,,
283,1984,,,1.4439034461975098,,1.3514337539672852,1.3514337539672852,,,,
283,1985,,,1.1301668882369995,,1.0376845598220825,1.0376845598220825,,,,
283,1986,,,1.615134596824646,,1.5226385593414307,1.5226385593414307,,,,
283,1987,,,1.2726696729660034,,1.1801601648330688,1.1801601648330688,,,,
,283,,,,,,,,,2.33682918548584,2.33682918548584
283,1987,,,,,,,2.3368289470672607,2.3368289470672607,,
283,1987,1.3473604917526245,1.4398244619369507,,1.3473604917526245,,,,,,
284,1988,,,1.9066365957260132,,1.8141111135482788,1.8141111135482788,,,,
284,1989,,,1.220737099647522,,1.1281999349594116,1.1281999349594116,,,,
284,1990,,,1.4308987855911255,,1.3383463621139526,1.3383463621139526,,,,
284,1991,,,1.4850389957427979,,1.3924684524536133,1.3924684524536133,,,,
284,1992,,,1.5785020589828491,,1.4859198331832886,1.4859198331832886,,,,
284,1993,,,1.0912936925888062,,0.9987002611160278,0.9987002611160278,,,,
284,1994,,,1.1169532537460327,,1.0243436098098755,1.0243436098098755,,,,
,284,,,,,,,,,2.2750163078308105,2.2750163078308105
284,1994,,,,,,,2.2750163078308105,2.2750163078308105,,
284,1994,1.3399019241333008,1.4324650764465332,,1.3399019241333008,,,,,,
285,1995,,,1.1314222812652588,,1.0387964248657227,1.0387964248657227,,,,
285,1996,,,1.5919569730758667,,1.4993197917938232,1.4993197917938232,,,,
285,1997,,,1.473702311515808,,1.3810476064682007,1.3810476064682007,,,,
285,1998,,,1.1519588232040405,,1.0592894554138184,1.0592894554138184,,,,
285,1999,,,1.1020708084106445,,1.0093871355056763,1.0093871355056763,,,,
285,2000,,,2.0719025135040283,,1.9792057275772095,1.9792057275772095,,,,
285,2001,,,1.4998209476470947,,1.4071124792099,1.4071124792099,,,,
,285,,,,,,,,,2.185027837753296,2.185027837753296
285,2001,,,,,,,2.185027837753296,2.185027837753296,,
285,2001,1.3325039148330688,1.4251681566238403,,1.3325039148330688,,,,,,
286,2002,,,1.3597817420959473,,1.2670526504516602,1.2670526504516602,,,,
286,2003,,,1.4759706258773804,,1.3832306861877441,1.3832306861877441,,,,
286,2004,,,1.413036584854126,,1.3202821016311646,1.3202821016311646,,,,
286,2005,,,1.4941719770431519,,1.4014008045196533,1.4014008045196533,,,,
286,2006,,,1.6217782497406006,,1.528994083404541,1.528994083404541,,,,
286,2007,,,1.2987136840820312,,1.2059149742126465,1.2059149742126465,,,,
286,2008,,,0.951036274433136,,0.858223021030426,0.858223021030426,,,,
,286,,,,,,,,,2.120060682296753,2.120060682296753
286,2008,,,,,,,2.120060682296753,2.120060682296753,,
286,2008,1.322150468826294,1.4149163961410522,,1.322150468826294,,,,,,
287,2009,,,0.9818223714828491,,0.8889920115470886,0.8889920115470886,,,,
287,2010,,,1.228367805480957,,1.1355265378952026,1.1355265378952026,,,,
287,2011,,,1.3680037260055542,,1.2751500606536865,1.2751500606536865,,,,
287,2012,,,1.833027720451355,,1.7401611804962158,1.7401611804962158,,,,
287,2013,,,1.2382887601852417,,1.1454073190689087,1.1454073190689087,,,,
287,2014,,,1.7956414222717285,,1.7027463912963867,1.7027463912963867,,,,
287,2015,,,1.3932349681854248,,1.3003244400024414,1.3003244400024414,,,,
,287,,,,,,,,,2.0524730682373047,2.0524730682373047
287,2015,,,,,,,2.0524730682373047,2.0524730682373047,,
287,2015,1.3138203620910645,1.4066847562789917,,1.3138203620910645,,,,,,
288,2016,,,1.5541578531265259,,1.4612258672714233,1.4612258672714233,,,,
288,2017,,,1.237228512763977,,1.1442843675613403,1.1442843675613403,,,,
288,2018,,,1.8885939121246338,,1.7956361770629883,1.7956361770629883,,,,
288,2019,,,1.3798329830169678,,1.2868636846542358,1.2868636846542358,,,,
288,2020,,,1.0323851108551025,,0.9393996000289917,0.9393996000289917,,,,
288,2021,,,1.5835175514221191,,1.4905173778533936,1.4905173778533936,,,,
288,2022,,,0.6577978134155273,,0.5647795796394348,0.5647795796394348,,,,
,288,,,,,,,,,2.009185791015625,2.009185791015625
288,2022,,,,,,,2.009185791015625,2.009185791015625,,
288,2022,1.3066226243972778,1.3995907306671143,,1.3066226243972778,,,,,,
289,2023,,,1.4963725805282593,,1.4033445119857788,1.4033445119857788,,,,
289,2024,,,1.5137239694595337,,1.4206830263137817,1.4206830263137817,,,,
289,2025,,,1.2627466917037964,,1.1696889400482178,1.1696889400482178,,,,
289,2026,,,1.578029751777649,,1.4849579334259033,1.4849579334259033,,,,
289,2027,,,1.3169782161712646,,1.2238951921463013,1.2238951921463013,,,,
289,2028,,,1.2102317810058594,,1.1171350479125977,1.1171350479125977,,,,
289,2029,,,1.322112798690796,,1.2290008068084717,1.2290008068084717,,,,
,289,,,,,,,,,2.0031800270080566,2.0031800270080566
289,2029,,,,,,,2.0031800270080566,2.0031800270080566,,
289,2029,1.2989144325256348,1.391980528831482,,1.2989144325256348,,,,,,
290,2030,,,1.171770453453064,,1.078649640083313,1.078649640083313,,,,
290,2031,,,1.268642544746399,,1.1755093336105347,1.1755093336105347,,,,
290,2032,,,1.1493052244186401,,1.056158423423767,1.056158423423767,,,,
290,2033,,,1.1479257345199585,,1.0547661781311035,1.0547661781311035,,,,
290,2034,,,1.263558268547058,,1.1703852415084839,1.1703852415084839,,,,
290,2035,,,2.065189838409424,,1.9720029830932617,1.9720029830932617,,,,
290,2036,,,2.005025863647461,,1.9118269681930542,1.9118269681930542,,,,
,290,,,,,,,,,2.0099236965179443,2.0099236965179443
290,2036,,,,,,,2.0099236965179443,2.0099236965179443,,
290,2036,1.2901030778884888,1.3832591772079468,,1.2901030778884888,,,,,,
291,2037,,,1.01679527759552,,0.9235808253288269,0.9235808253288269,,,,
291,2038,,,1.3569940328598022,,1.2637673616409302,1.2637673616409302,,,,
291,2039,,,1.7139050960540771,,1.620666742324829,1.620666742324829,,,,
291,2040,,,1.6519593000411987,,1.558707356452942,1.558707356452942,,,,
291,2041,,,0.981898307800293,,0.8886294364929199,0.8886294364929199,,,,
291,2042,,,1.511063814163208,,1.4177830219268799,1.4177830219268799,,,,
291,2043,,,1.412247657775879,,1.3189533948898315,1.3189533948898315,,,,
,291,,,,,,,,,2.0191047191619873,2.0191047191619873
291,2043,,,,,,,2.0191047191619873,2.0191047191619873,,
291,2043,1.2812145948410034,1.3744640350341797,,1.2812145948410034,,,,,,
292,2044,,,0.6630373001098633,,0.5697287321090698,0.5697287321090698,,,,
292,2045,,,0.9798991680145264,,0.8865785598754883,0.8865785598754883,,,,
292,2046,,,1.5638478994369507,,1.4705142974853516,1.4705142974853516,,,,
292,2047,,,1.1750959157943726,,1.0817469358444214,1.0817469358444214,,,,
292,2048,,,1.76381516456604,,1.6704515218734741,1.6704515218734741,,,,
292,2049,,,2.3949239253997803,,2.301543951034546,2.301543951034546,,,,
292,2050,,,0.449537992477417,,0.3561457097530365,0.3561457097530365,,,,
,292,,,,,,,,,2.0223093032836914,2.0223093032836914
292,2050,,,,,,,2.0223093032836914,2.0223093032836914,,
292,2050,1.2728029489517212,1.366148591041565,,1.2728029489517212,,,,,,
293,2051,,,1.0255221128463745,,0.9321229457855225,0.9321229457855225,,,,
293,2052,,,1.9148441553115845,,1.8214294910430908,1.8214294910430908,,,,
293,2053,,,1.0415996313095093,,0.9481721520423889,0.9481721520423889,,,,
293,2054,,,1.2260710000991821,,1.1326310634613037,1.1326310634613037,,,,
293,2055,,,0.9485582709312439,,0.8551048040390015,0.8551048040390015,,,,
293,2056,,,1.8275750875473022,,1.7341095209121704,1.7341095209121704,,,,
293,2057,,,1.793197751045227,,1.6997194290161133,1.6997194290161133,,,,
,293,,,,,,,,,2.0304527282714844,2.0304527282714844
293,2057,,,,,,,2.0304527282714844,2.0304527282714844,,
293,2057,1.2644649744033813,1.3579012155532837,,1.2644649744033813,,,,,,
294,2058,,,0.8705340623855591,,0.777042031288147,0.777042031288147,,,,
294,2059,,,1.636120080947876,,1.5426177978515625,1.5426177978515625,,,,
294,2060,,,1.4129544496536255,,1.3194403648376465,1.3194403648376465,,,,
294,2061,,,1.1668472290039062,,1.073320984840393,1.073320984840393,,,,
294,2062,,,1.455494999885559,,1.3619548082351685,1.3619548082351685,,,,
294,2063,,,1.417993426322937,,1.324437141418457,1.324437141418457,,,,
294,2064,,,1.731421709060669,,1.6378505229949951,1.6378505229949951,,,,
,294,,,,,,,,,2.0487403869628906,2.0487403869628906
294,2064,,,,,,,2.0487403869628906,2.0487403869628906,,
294,2064,1.2569421529769897,1.3504669666290283,,1.2569421529769897,,,,,,
295,2065,,,0.824614405632019,,0.731030285358429,0.731030285358429,,,,
295,2066,,,1.3047248125076294,,1.211132287979126,1.211132287979126,,,,
295,2067,,,0.9965518116950989,,0.9029444456100464,0.9029444456100464,,,,
295,2068,,,1.5641930103302002,,1.4705710411071777,1.4705710411071777,,,,
295,2069,,,1.9171016216278076,,1.8234647512435913,1.8234647512435913,,,,
295,2070,,,1.5149273872375488,,1.4212766885757446,1.4212766885757446,,,,
295,2071,,,1.1789615154266357,,1.0852972269058228,1.0852972269058228,,,,
,295,,,,,,,,,2.0245978832244873,2.0245978832244873
295,2071,,,,,,,2.0245978832244873,2.0245978832244873,,
295,2071,1.2497892379760742,1.3434076309204102,,1.2497892379760742,,,,,,
296,2072,,,2.1916706562042236,,2.097991943359375,2.097991943359375,,,,
296,2073,,,0.999142050743103,,0.9054461121559143,0.9054461121559143,,,,
296,2074,,,1.4064117670059204,,1.3126996755599976,1.3126996755599976,,,,
296,2075,,,1.061329960823059,,0.9676053524017334,0.9676053524017334,,,,
296,2076,,,0.7927809953689575,,0.6990427374839783,0.6990427374839783,,,,
296,2077,,,1.33079195022583,,1.2370437383651733,1.2370437383651733,,,,
296,2078,,,1.9524821043014526,,1.8587234020233154,1.8587234020233154,,,,
,296,,,,,,,,,1.985292911529541,1.985292911529541
296,2078,,,,,,,1.9852930307388306,1.9852930307388306,,
296,2078,1.241858959197998,1.3355777263641357,,1.241858959197998,,,,,,
297,2079,,,1.5932905673980713,,1.4995105266571045,1.4995105266571045,,,,
297,2080,,,1.5505856275558472,,1.4567928314208984,1.4567928314208984,,,,
297,2081,,,0.9689151644706726,,0.8751088976860046,0.8751088976860046,,,,
297,2082,,,0.9639610648155212,,0.8701445460319519,0.8701445460319519,,,,
297,2083,,,1.4938855171203613,,1.4000585079193115,1.4000585079193115,,,,
297,2084,,,1.3451130390167236,,1.251273512840271,1.251273512840271,,,,
297,2085,,,1.4852811098098755,,1.3914216756820679,1.3914216756820679,,,,
,297,,,,,,,,,1.9598411321640015,1.9598411321640015
297,2085,,,,,,,1.9598411321640015,1.9598411321640015,,
297,2085,1.2352426052093506,1.3290557861328125,,1.2352426052093506,,,,,,
298,2086,,,1.081981897354126,,0.9881049394607544,0.9881049394607544,,,,
298,2087,,,1.1413958072662354,,1.0475056171417236,1.0475056171417236,,,,
298,2088,,,1.4390342235565186,,1.345130205154419,1.345130205154419,,,,
298,2089,,,1.403724193572998,,1.309806227684021,1.309806227684021,,,,
298,2090,,,1.158854603767395,,1.064921259880066,1.064921259880066,,,,
298,2091,,,1.6409205198287964,,1.5469732284545898,1.5469732284545898,,,,
298,2092,,,1.4697922468185425,,1.3758314847946167,1.3758314847946167,,,,
,298,,,,,,,,,1.9469316005706787,1.9469316005706787
298,2092,,,,,,,1.9469316005706787,1.9469316005706787,,
298,2092,1.226412296295166,1.320326805114746,,1.226412296295166,,,,,,
299,2093,,,0.8921856880187988,,0.798212468624115,0.798212468624115,,,,
299,2094,,,1.1891471147537231,,1.0951614379882812,1.0951614379882812,,,,
299,2095,,,1.243964433670044,,1.14996337890625,1.14996337890625,,,,
299,2096,,,1.4474354982376099,,1.353420376777649,1.353420376777649,,,,
299,2097,,,1.4720463752746582,,1.3780169486999512,1.3780169486999512,,,,
299,2098,,,1.607102870941162,,1.5130615234375,1.5130615234375,,,,
299,2099,,,1.3981728553771973,,1.3041176795959473,1.3041176795959473,,,,
,299,,,,,,,,,1.94487464427948,1.94487464427948
299,2099,,,,,,,1.94487464427948,1.94487464427948,,
299,2099,1.219902753829956,1.3139132261276245,,1.219902753829956,,,,,,
300,2100,,,1.2153970003128052,,1.121330738067627,1.121330738067627,,,,
300,2101,,,1.4914617538452148,,1.397377371788025,1.397377371788025,,,,
300,2102,,,1.1724121570587158,,1.0783166885375977,1.0783166885375977,,,,
300,2103,,,1.5840009450912476,,1.489892601966858,1.489892601966858,,,,
300,2104,,,1.638231873512268,,1.544110894203186,1.544110894203186,,,,
300,2105,,,0.7296412587165833,,0.6355050802230835,0.6355050802230835,,,,
300,2106,,,1.339299201965332,,1.2451504468917847,1.2451504468917847,,,,
,300,,,,,,,,,1.9633845090866089,1.9633845090866089
300,2106,,,,,,,1.9633845090866089,1.9633845090866089,,
300,2106,1.2130924463272095,1.307197093963623,,1.2130924463272095,,,,,,
301,2107,,,1.4148253202438354,,1.3206690549850464,1.3206690549850464,,,,
301,2108,,,1.5543973445892334,,1.460231065750122,1.460231065750122,,,,
301,2109,,,1.620152473449707,,1.5259764194488525,1.5259764194488525,,,,
301,2110,,,1.0219097137451172,,0.927720844745636,0.927720844745636,,,,
301,2111,,,1.1671833992004395,,1.0729811191558838,1.0729811191558838,,,,
301,2112,,,1.1689090728759766,,1.0746922492980957,1.0746922492980957,,,,
301,2113,,,0.9310770630836487,,0.8368464112281799,0.8368464112281799,,,,
,301,,,,,,,,,1.9556089639663696,1.9556089639663696
301,2113,,,,,,,1.9556089639663696,1.9556089639663696,,
301,2113,1.207229495048523,1.3014166355133057,,1.207229495048523,,,,,,
302,2114,,,1.130696415901184,,1.0364497900009155,1.0364497900009155,,,,
302,2115,,,1.3915690183639526,,1.2973111867904663,1.2973111867904663,,,,
302,2116,,,1.1158486604690552,,1.0215764045715332,1.0215764045715332,,,,
302,2117,,,1.4612916707992554,,1.3670071363449097,1.3670071363449097,,,,
302,2118,,,1.069834589958191,,0.9755361676216125,0.9755361676216125,,,,
302,2119,,,1.2910940647125244,,1.1967825889587402,1.1967825889587402,,,,
302,2120,,,2.1020562648773193,,2.007730722427368,2.007730722427368,,,,
,302,,,,,,,,,1.8956528902053833,1.8956528902053833
302,2120,,,,,,,1.8956528902053833,1.8956528902053833,,
302,2120,1.199617624282837,1.2938989400863647,,1.199617624282837,,,,,,
303,2121,,,1.208368182182312,,1.1140284538269043,1.1140284538269043,,,,
303,2122,,,0.9967483282089233,,0.9023949503898621,0.9023949503898621,,,,
303,2123,,,0.883574366569519,,0.789206862449646,0.789206862449646,,,,
303,2124,,,1.358572006225586,,1.2641915082931519,1.2641915082931519,,,,
303,2125,,,1.207613229751587,,1.1132171154022217,1.1132171154022217,,,,
303,2126,,,1.793897271156311,,1.6994909048080444,1.6994909048080444,,,,
303,2127,,,2.0770223140716553,,1.982602596282959,1.982602596282959,,,,
,303,,,,,,,,,1.8751827478408813,1.8751827478408813
303,2127,,,,,,,1.8751827478408813,1.8751827478408813,,
303,2127,1.1962361335754395,1.290612816810608,,1.1962361335754395,,,,,,
304,2128,,,1.1752293109893799,,1.0807968378067017,1.0807968378067017,,,,
304,2129,,,1.6083439588546753,,1.5138980150222778,1.5138980150222778,,,,
304,2130,,,0.8125731348991394,,0.7181119918823242,0.7181119918823242,,,,
304,2131,,,1.1395303010940552,,1.0450565814971924,1.0450565814971924,,,,
304,2132,,,1.3553003072738647,,1.260813593864441,1.260813593864441,,,,
304,2133,,,1.6144654750823975,,1.5199675559997559,1.5199675559997559,,,,
304,2134,,,1.2224390506744385,,1.1279264688491821,1.1279264688491821,,,,
,304,,,,,,,,,1.8853185176849365,1.8853185176849365
304,2134,,,,,,,1.8853185176849365,1.8853185176849365,,
304,2134,1.18613600730896,1.2806050777435303,,1.18613600730896,,,,,,
305,2135,,,0.5822250247001648,,0.48770269751548767,0.48770269751548767,,,,
305,2136,,,1.1101021766662598,,1.0155723094940186,1.0155723094940186,,,,
305,2137,,,1.4194657802581787,,1.324920892715454,1.324920892715454,,,,
305,2138,,,1.7778804302215576,,1.6833226680755615,1.6833226680755615,,,,
305,2139,,,1.4118754863739014,,1.3173030614852905,1.3173030614852905,,,,
305,2140,,,1.3256148099899292,,1.2310278415679932,1.2310278415679932,,,,
305,2141,,,1.3358256816864014,,1.2412264347076416,1.2412264347076416,,,,
,305,,,,,,,,,1.8908097743988037,1.8908097743988037
305,2141,,,,,,,1.8908097743988037,1.8908097743988037,,
305,2141,1.1804406642913818,1.2749958038330078,,1.1804406642913818,,,,,,
306,2142,,,1.707553744316101,,1.6129435300827026,1.6129435300827026,,,,
306,2143,,,1.345506191253662,,1.2508829832077026,1.2508829832077026,,,,
306,2144,,,0.9057261943817139,,0.8110882639884949,0.8110882639884949,,,,
306,2145,,,1.0548598766326904,,0.9602099657058716,0.9602099657058716,,,,
306,2146,,,1.3346284627914429,,1.2399661540985107,1.2399661540985107,,,,
306,2147,,,1.129103183746338,,1.0344254970550537,1.0344254970550537,,,,
306,2148,,,1.6423856019973755,,1.54769766330719,1.54769766330719,,,,
,306,,,,,,,,,1.8991005420684814,1.8991005420684814
306,2148,,,,,,,1.8991005420684814,1.8991005420684814,,
306,2148,1.174886703491211,1.2695329189300537,,1.174886703491211,,,,,,
307,2149,,,1.439629316329956,,1.3449280261993408,1.3449280261993408,,,,
307,2150,,,1.4531422853469849,,1.3584294319152832,1.3584294319152832,,,,
307,2151,,,1.3962830305099487,,1.3015611171722412,1.3015611171722412,,,,
307,2152,,,0.6655629873275757,,0.5708264708518982,0.5708264708518982,,,,
307,2153,,,1.5167064666748047,,1.421955943107605,1.421955943107605,,,,
307,2154,,,0.9496466517448425,,0.8548824787139893,0.8548824787139893,,,,
307,2155,,,1.6795897483825684,,1.5848116874694824,1.5848116874694824,,,,
,307,,,,,,,,,1.8765757083892822,1.8765757083892822
307,2155,,,,,,,1.8765757083892822,1.8765757083892822,,
307,2155,1.1681393384933472,1.2628732919692993,,1.1681393384933472,,,,,,
308,2156,,,1.4803491830825806,,1.3855582475662231,1.3855582475662231,,,,
308,2157,,,1.059127926826477,,0.9643228054046631,0.9643228054046631,,,,
308,2158,,,1.3435755968093872,,1.2487576007843018,1.2487576007843018,,,,
308,2159,,,1.2171404361724854,,1.1223067045211792,1.1223067045211792,,,,
308,2160,,,0.9252350330352783,,0.8303908705711365,0.8303908705711365,,,,
308,2161,,,1.606749415397644,,1.5118905305862427,1.5118905305862427,,,,
308,2162,,,1.0205373764038086,,0.9256678819656372,0.9256678819656372,,,,
,308,,,,,,,,,1.8215538263320923,1.8215538263320923
308,2162,,,,,,,1.8215538263320923,1.8215538263320923,,
308,2162,1.1624082326889038,1.2572360038757324,,1.1624082326889038,,,,,,
309,2163,,,1.1910479068756104,,1.0961650609970093,1.0961650609970093,,,,
309,2164,,,1.3771727085113525,,1.2822730541229248,1.2822730541229248,,,,
309,2165,,,1.4775707721710205,,1.3826589584350586,1.3826589584350586,,,,
309,2166,,,1.1318193674087524,,1.036893606185913,1.036893606185913,,,,
309,2167,,,1.1494126319885254,,1.054472804069519,1.054472804069519,,,,
309,2168,,,1.4612501859664917,,1.366298794746399,1.366298794746399,,,,
309,2169,,,0.4654279351234436,,0.3704659342765808,0.3704659342765808,,,,
,309,,,,,,,,,1.7681275606155396,1.7681275606155396
309,2169,,,,,,,1.7681275606155396,1.7681275606155396,,
309,2169,1.1541470289230347,1.2490681409835815,,1.1541470289230347,,,,,,
310,2170,,,0.6869438886642456,,0.5919708013534546,0.5919708013534546,,,,
310,2171,,,0.853407084941864,,0.758422315120697,0.758422315120697,,,,
310,2172,,,1.5990041494369507,,1.5040059089660645,1.5040059089660645,,,,
310,2173,,,1.3424748182296753,,1.2474629878997803,1.2474629878997803,,,,
310,2174,,,1.6525250673294067,,1.557499647140503,1.557499647140503,,,,
310,2175,,,1.0738885402679443,,0.9788516759872437,0.9788516759872437,,,,
310,2176,,,1.9201264381408691,,1.8250765800476074,1.8250765800476074,,,,
,310,,,,,,,,,1.7389763593673706,1.7389763593673706
310,2176,,,,,,,1.7389763593673706,1.7389763593673706,,
310,2176,1.1486458778381348,1.243653416633606,,1.1486458778381348,,,,,,
311,2177,,,1.6825565099716187,,1.5874978303909302,1.5874978303909302,,,,
311,2178,,,0.9271932244300842,,0.8321242928504944,0.8321242928504944,,,,
311,2179,,,1.283557653427124,,1.1884747743606567,1.1884747743606567,,,,
311,2180,,,1.3122403621673584,,1.217144250869751,1.217144250869751,,,,
311,2181,,,1.5138617753982544,,1.4187544584274292,1.4187544584274292,,,,
311,2182,,,0.8966299891471863,,0.8015097379684448,0.8015097379684448,,,,
311,2183,,,0.7041393518447876,,0.6090054512023926,0.6090054512023926,,,,
,311,,,,,,,,,1.7271571159362793,1.7271571159362793
311,2183,,,,,,,1.7271569967269897,1.7271569967269897,,
311,2183,1.1410011053085327,1.2360928058624268,,1.1410011053085327,,,,,,
312,2184,,,1.3493744134902954,,1.2542319297790527,1.2542319297790527,,,,
312,2185,,,0.8910385370254517,,0.7958838939666748,0.7958838939666748,,,,
312,2186,,,1.94765043258667,,1.8524843454360962,1.8524843454360962,,,,
312,2187,,,1.3972210884094238,,1.302043080329895,1.302043080329895,,,,
312,2188,,,1.346754789352417,,1.2515619993209839,1.2515619993209839,,,,
312,2189,,,0.6585590243339539,,0.5633563995361328,0.5633563995361328,,,,
312,2190,,,0.6650909781455994,,0.5698744058609009,0.5698744058609009,,,,
,312,,,,,,,,,1.72353994846344,1.72353994846344
312,2190,,,,,,,1.72353994846344,1.72353994846344,,
312,2190,1.134629726409912,1.2298051118850708,,1.134629726409912,,,,,,
313,2191,,,1.0367239713668823,,0.9414970278739929,0.9414970278739929,,,,
313,2192,,,0.8993782997131348,,0.8041374683380127,0.8041374683380127,,,,
313,2193,,,1.7193659543991089,,1.6241140365600586,1.6241140365600586,,,,
313,2194,,,0.9963545203208923,,0.9010908603668213,0.9010908603668213,,,,
313,2195,,,1.6220269203186035,,1.5267530679702759,1.5267530679702759,,,,
313,2196,,,1.243171215057373,,1.1478835344314575,1.1478835344314575,,,,
313,2197,,,0.7361020445823669,,0.640800952911377,0.640800952911377,,,,
,313,,,,,,,,,1.7063348293304443,1.7063348293304443
313,2197,,,,,,,1.7063348293304443,1.7063348293304443,,
313,2197,1.127180576324463,1.2224406003952026,,1.127180576324463,,,,,,
314,2198,,,1.903125286102295,,1.807814121246338,1.807814121246338,,,,
314,2199,,,0.863008975982666,,0.7676863670349121,0.7676863670349121,,,,
314,2200,,,0.8588849306106567,,0.763553261756897,0.763553261756897,,,,
314,2201,,,1.9092298746109009,,1.813891053199768,1.813891053199768,,,,
314,2202,,,1.013327956199646,,0.9179755449295044,0.9179755449295044,,,,
314,2203,,,0.9609822630882263,,0.8656144738197327,0.8656144738197327,,,,
314,2204,,,0.662715494632721,,0.5673334002494812,0.5673334002494812,,,,
,314,,,,,,,,,1.693943738937378,1.693943738937378
314,2204,,,,,,,1.693943738937378,1.693943738937378,,
314,2204,1.1214563846588135,1.2167965173721313,,1.1214563846588135,,,,,,
315,2205,,,1.0784024000167847,,0.9830070734024048,0.9830070734024048,,,,
315,2206,,,1.4702508449554443,,1.3748431205749512,1.3748431205749512,,,,
315,2207,,,0.7352404594421387,,0.63981693983078,0.63981693983078,,,,
315,2208,,,0.9590339660644531,,0.8635980486869812,0.8635980486869812,,,,
315,2209,,,1.2563444375991821,,1.160897135734558,1.160897135734558,,,,
315,2210,,,1.7640573978424072,,1.668597936630249,1.668597936630249,,,,
315,2211,,,1.205937147140503,,1.1104668378829956,1.1104668378829956,,,,
,315,,,,,,,,,1.6921459436416626,1.6921459436416626
315,2211,,,,,,,1.6921459436416626,1.6921459436416626,,
315,2211,1.1148526668548584,1.2102832794189453,,1.1148526668548584,,,,,,
316,2212,,,1.1301167011260986,,1.0346333980560303,1.0346333980560303,,,,
316,2213,,,0.9309093356132507,,0.8354130983352661,0.8354130983352661,,,,
316,2214,,,1.4337965250015259,,1.338290810585022,1.338290810585022,,,,
316,2215,,,1.1917163133621216,,1.0961980819702148,1.0961980819702148,,,,
316,2216,,,1.4976131916046143,,1.4020802974700928,1.4020802974700928,,,,
316,2217,,,1.270050287246704,,1.1745073795318604,1.1745073795318604,,,,
316,2218,,,0.5842288136482239,,0.488672137260437,0.488672137260437,,,,
,316,,,,,,,,,1.6752656698226929,1.6752656698226929
316,2218,,,,,,,1.6752656698226929,1.6752656698226929,,
316,2218,1.1081371307373047,1.2036529779434204,,1.1081371307373047,,,,,,
317,2219,,,1.5300348997116089,,1.4344654083251953,1.4344654083251953,,,,
317,2220,,,1.2610207796096802,,1.1654380559921265,1.1654380559921265,,,,
317,2221,,,1.273667812347412,,1.1780753135681152,1.1780753135681152,,,,
317,2222,,,1.1006263494491577,,1.0050212144851685,1.0050212144851685,,,,
317,2223,,,0.8935224413871765,,0.7979045510292053,0.7979045510292053,,,,
317,2224,,,1.3064358234405518,,1.2108055353164673,1.2108055353164673,,,,
317,2225,,,0.7206050753593445,,0.6249621510505676,0.6249621510505676,,,,
,317,,,,,,,,,1.6390496492385864,1.6390496492385864
317,2225,,,,,,,1.6390496492385864,1.6390496492385864,,
317,2225,1.1021287441253662,1.1977308988571167,,1.1021287441253662,,,,,,
318,2226,,,1.234375,,1.1387193202972412,1.1387193202972412,,,,
318,2227,,,1.2501927614212036,,1.1545227766036987,1.1545227766036987,,,,
318,2228,,,1.3062111139297485,,1.2105282545089722,1.2105282545089722,,,,
318,2229,,,1.128401756286621,,1.0327088832855225,1.0327088832855225,,,,
318,2230,,,0.9941226243972778,,0.8984147310256958,0.8984147310256958,,,,
318,2231,,,1.2229361534118652,,1.127217173576355,1.127217173576355,,,,
318,2232,,,1.2280523777008057,,1.132322072982788,1.132322072982788,,,,
,318,,,,,,,,,1.6345442533493042,1.6345442533493042
318,2232,,,,,,,1.6345442533493042,1.6345442533493042,,
318,2232,1.09595787525177,1.1916484832763672,,1.09595787525177,,,,,,
319,2233,,,1.2924909591674805,,1.1967498064041138,1.1967498064041138,,,,
319,2234,,,1.0537837743759155,,0.9580284357070923,0.9580284357070923,,,,
319,2235,,,0.8398573994636536,,0.7440935373306274,0.7440935373306274,,,,
319,2236,,,1.0571573972702026,,0.9613813757896423,0.9613813757896423,,,,
319,2237,,,1.4348554611206055,,1.339065432548523,1.339065432548523,,,,
319,2238,,,1.5241249799728394,,1.4283244609832764,1.4283244609832764,,,,
319,2239,,,0.9534972906112671,,0.8576818704605103,0.8576818704605103,,,,
,319,,,,,,,,,1.649523377418518,1.649523377418518
319,2239,,,,,,,1.649523377418518,1.649523377418518,,
319,2239,1.0900821685791016,1.1858559846878052,,1.0900821685791016,,,,,,
320,2240,,,1.362406611442566,,1.2665841579437256,1.2665841579437256,,,,
320,2241,,,1.094556450843811,,0.9987229108810425,0.9987229108810425,,,,
320,2242,,,0.974126935005188,,0.8782764673233032,0.8782764673233032,,,,
320,2243,,,1.045832633972168,,0.949973464012146,0.949973464012146,,,,
320,2244,,,1.2138959169387817,,1.1180241107940674,1.1180241107940674,,,,
320,2245,,,1.4292429685592651,,1.3333611488342285,1.3333611488342285,,,,
320,2246,,,1.0596626996994019,,0.9637707471847534,0.9637707471847534,,,,
,320,,,,,,,,,1.6210135221481323,1.6210135221481323
320,2246,,,,,,,1.6210135221481323,1.6210135221481323,,
320,2246,1.0833500623703003,1.1792055368423462,,1.0833500623703003,,,,,,
321,2247,,,1.228707194328308,,1.132799506187439,1.132799506187439,,,,
321,2248,,,0.954733669757843,,0.8588149547576904,0.8588149547576904,,,,
321,2249,,,1.3250795602798462,,1.229149341583252,1.229149341583252,,,,
321,2250,,,1.2143573760986328,,1.118412971496582,1.118412971496582,,,,
321,2251,,,1.2005575895309448,,1.1046005487442017,1.1046005487442017,,,,
321,2252,,,1.2449045181274414,,1.1489382982254028,1.1489382982254028,,,,
321,2253,,,0.8136740922927856,,0.7176957130432129,0.7176957130432129,,,,
,321,,,,,,,,,1.5868293046951294,1.5868293046951294
321,2253,,,,,,,1.5868293046951294,1.5868293046951294,,
321,2253,1.076368808746338,1.1723086833953857,,1.076368808746338,,,,,,
322,2254,,,1.3184382915496826,,1.2224446535110474,1.2224446535110474,,,,
322,2255,,,0.9442605972290039,,0.8482540249824524,0.8482540249824524,,,,
322,2256,,,2.1129140853881836,,2.016897678375244,2.016897678375244,,,,
322,2257,,,0.7578247785568237,,0.6617935299873352,0.6617935299873352,,,,
322,2258,,,0.8661863803863525,,0.7701427936553955,0.7701427936553955,,,,
322,2259,,,1.2528806924819946,,1.1568260192871094,1.1568260192871094,,,,
322,2260,,,0.48920202255249023,,0.3931351900100708,0.3931351900100708,,,,
,322,,,,,,,,,1.5552469491958618,1.5552469491958618
322,2260,,,,,,,1.5552469491958618,1.5552469491958618,,
322,2260,1.0703976154327393,1.1664243936538696,,1.0703976154327393,,,,,,
323,2261,,,1.6776727437973022,,1.5815949440002441,1.5815949440002441,,,,
323,2262,,,0.8534514307975769,,0.7573623061180115,0.7573623061180115,,,,
323,2263,,,1.1966652870178223,,1.1005635261535645,1.1005635261535645,,,,
323,2264,,,1.3281385898590088,,1.2320241928100586,1.2320241928100586,,,,
323,2265,,,0.9090874195098877,,0.8129613995552063,0.8129613995552063,,,,
323,2266,,,0.9969912171363831,,0.9008536338806152,0.9008536338806152,,,,
323,2267,,,1.1736232042312622,,1.0774749517440796,1.0774749517440796,,,,
,323,,,,,,,,,1.5310426950454712,1.5310426950454712
323,2267,,,,,,,1.5310426950454712,1.5310426950454712,,
323,2267,1.0650060176849365,1.161116123199463,,1.0650060176849365,,,,,,
324,2268,,,0.9161770343780518,,0.8200159072875977,0.8200159072875977,,,,
324,2269,,,1.7473080158233643,,1.6511354446411133,1.6511354446411133,,,,
324,2270,,,1.2528144121170044,,1.156630277633667,1.156630277633667,,,,
324,2271,,,1.041689395904541,,0.945495069026947,0.945495069026947,,,,
324,2272,,,1.2249656915664673,,1.1287574768066406,1.1287574768066406,,,,
324,2273,,,0.842500627040863,,0.7462804913520813,0.7462804913520813,,,,
324,2274,,,0.8934540152549744,,0.7972210645675659,0.7972210645675659,,,,
,324,,,,,,,,,1.5366522073745728,1.5366522073745728
324,2274,,,,,,,1.5366522073745728,1.5366522073745728,,
324,2274,1.0583957433700562,1.1545883417129517,,1.0583957433700562,,,,,,
325,2275,,,0.8958614468574524,,0.7996209859848022,0.7996209859848022,,,,
325,2276,,,0.7840990424156189,,0.6878476142883301,0.6878476142883301,,,,
325,2277,,,0.9090869426727295,,0.8128228187561035,0.8128228187561035,,,,
325,2278,,,1.4498893022537231,,1.3536128997802734,1.3536128997802734,,,,
325,2279,,,1.465031623840332,,1.368746042251587,1.368746042251587,,,,
325,2280,,,1.1411452293395996,,1.0448474884033203,1.0448474884033203,,,,
325,2281,,,1.7963929176330566,,1.7000833749771118,1.7000833749771118,,,,
,325,,,,,,,,,1.5335211753845215,1.5335211753845215
325,2281,,,,,,,1.533521056175232,1.533521056175232,,
325,2281,1.0517693758010864,1.1480408906936646,,1.0517693758010864,,,,,,
326,2282,,,1.2198565006256104,,1.123537302017212,1.123537302017212,,,,
326,2283,,,1.2544140815734863,,1.1580842733383179,1.1580842733383179,,,,
326,2284,,,1.2255563735961914,,1.129216194152832,1.129216194152832,,,,
326,2285,,,0.8436733484268188,,0.7473207712173462,0.7473207712173462,,,,
326,2286,,,1.1827409267425537,,1.0863761901855469,1.0863761901855469,,,,
326,2287,,,1.1457862854003906,,1.0494095087051392,1.0494095087051392,,,,
326,2288,,,1.0769232511520386,,0.9805350303649902,0.9805350303649902,,,,
,326,,,,,,,,,1.5390197038650513,1.5390197038650513
326,2288,,,,,,,1.5390197038650513,1.5390197038650513,,
326,2288,1.0449638366699219,1.1413135528564453,,1.0449638366699219,,,,,,
327,2289,,,0.8905114531517029,,0.7941135764122009,0.7941135764122009,,,,
327,2290,,,1.2223788499832153,,1.1259692907333374,1.1259692907333374,,,,
327,2291,,,1.4664695262908936,,1.370047688484192,1.370047688484192,,,,
327,2292,,,1.266215443611145,,1.169779658317566,1.169779658317566,,,,
327,2293,,,1.0208810567855835,,0.9244377017021179,0.9244377017021179,,,,
327,2294,,,0.7855159640312195,,0.68906170129776,0.68906170129776,,,,
327,2295,,,1.5371711254119873,,1.4407047033309937,1.4407047033309937,,,,
,327,,,,,,,,,1.5443702936172485,1.5443702936172485
327,2295,,,,,,,1.5443702936172485,1.5443702936172485,,
327,2295,1.037438988685608,1.1338684558868408,,1.037438988685608,,,,,,
328,2296,,,1.535738229751587,,1.4392582178115845,1.4392582178115845,,,,
328,2297,,,0.8030807375907898,,0.7065894603729248,0.7065894603729248,,,,
328,2298,,,1.2506130933761597,,1.154110312461853,1.154110312461853,,,,
328,2299,,,0.972260057926178,,0.8757458329200745,0.8757458329200745,,,,
328,2300,,,1.3354086875915527,,1.238882064819336,1.238882064819336,,,,
328,2301,,,0.867189347743988,,0.770649790763855,0.770649790763855,,,,
328,2302,,,1.0923409461975098,,0.9957892298698425,0.9957892298698425,,,,
,328,,,,,,,,,1.5435258150100708,1.5435258150100708
328,2302,,,,,,,1.5435258150100708,1.5435258150100708,,
328,2302,1.0288089513778687,1.125320553779602,,1.0288089513778687,,,,,,
329,2303,,,0.967206597328186,,0.8706454038619995,0.8706454038619995,,,,
329,2304,,,1.0151482820510864,,0.9185735583305359,0.9185735583305359,,,,
329,2305,,,1.4870316982269287,,1.390446662902832,1.390446662902832,,,,
329,2306,,,0.8098949193954468,,0.7132971882820129,0.7132971882820129,,,,
329,2307,,,1.1766899824142456,,1.0800796747207642,1.0800796747207642,,,,
329,2308,,,1.562518835067749,,1.4658970832824707,1.4658970832824707,,,,
329,2309,,,0.294773131608963,,0.19813868403434753,0.19813868403434753,,,,
,329,,,,,,,,,1.539100170135498,1.539100170135498
329,2309,,,,,,,1.5391000509262085,1.5391000509262085,,
329,2309,1.021685004234314,1.1182793378829956,,1.021685004234314,,,,,,
330,2310,,,1.0176337957382202,,0.9209931492805481,0.9209931492805481,,,,
330,2311,,,1.4492732286453247,,1.3526198863983154,1.3526198863983154,,,,
330,2312,,,0.8138495683670044,,0.7171842455863953,0.7171842455863953,,,,
330,2313,,,0.9225087761878967,,0.8258337378501892,0.8258337378501892,,,,
330,2314,,,0.9133509397506714,,0.8166642189025879,0.8166642189025879,,,,
330,2315,,,1.6726021766662598,,1.575901746749878,1.575901746749878,,,,
330,2316,,,0.7601945996284485,,0.6634837985038757,0.6634837985038757,,,,
,330,,,,,,,,,1.5223649740219116,1.5223649740219116
330,2316,,,,,,,1.5223649740219116,1.5223649740219116,,
330,2316,1.0130201578140259,1.1096926927566528,,1.0130201578140259,,,,,,
331,2317,,,1.2055764198303223,,1.1088550090789795,1.1088550090789795,,,,
331,2318,,,0.9248338937759399,,0.8280985951423645,0.8280985951423645,,,,
331,2319,,,1.3028373718261719,,1.2060898542404175,1.2060898542404175,,,,
331,2320,,,1.09076726436615,,0.9940070509910583,0.9940070509910583,,,,
331,2321,,,0.9066197872161865,,0.809847354888916,0.809847354888916,,,,
331,2322,,,1.33537757396698,,1.2385963201522827,1.2385963201522827,,,,
331,2323,,,0.6899172067642212,,0.5931235551834106,0.5931235551834106,,,,
,331,,,,,,,,,1.5149179697036743,1.5149179697036743
331,2323,,,,,,,1.5149179697036743,1.5149179697036743,,
331,2323,1.0051631927490234,1.1019185781478882,,1.0051631927490234,,,,,,
332,2324,,,0.9890480041503906,,0.8922443985939026,0.8922443985939026,,,,
332,2325,,,1.2651598453521729,,1.1683430671691895,1.1683430671691895,,,,
332,2326,,,0.7995752692222595,,0.7027468681335449,0.7027468681335449,,,,
332,2327,,,0.8863546848297119,,0.7895132303237915,0.7895132303237915,,,,
332,2328,,,1.302937626838684,,1.2060869932174683,1.2060869932174683,,,,
332,2329,,,1.1836222410202026,,1.0867594480514526,1.0867594480514526,,,,
332,2330,,,1.491579532623291,,1.3947051763534546,1.3947051763534546,,,,
,332,,,,,,,,,1.5099103450775146,1.5099103450775146
332,2330,,,,,,,1.5099103450775146,1.5099103450775146,,
332,2330,0.9990131258964539,1.0958493947982788,,0.9990131258964539,,,,,,
333,2331,,,1.222025752067566,,1.1251392364501953,1.1251392364501953,,,,
333,2332,,,1.1912437677383423,,1.094345211982727,1.094345211982727,,,,
333,2333,,,0.9373862743377686,,0.8404735922813416,0.8404735922813416,,,,
333,2334,,,1.0478572845458984,,0.9509310722351074,0.9509310722351074,,,,
333,2335,,,1.1448886394500732,,1.0479509830474854,1.0479509830474854,,,,
333,2336,,,0.7712057828903198,,0.6742556691169739,0.6742556691169739,,,,
333,2337,,,1.6851580142974854,,1.5881990194320679,1.5881990194320679,,,,
,333,,,,,,,,,1.4999711513519287,1.4999711513519287
333,2337,,,,,,,1.4999711513519287,1.4999711513519287,,
333,2337,0.9927326440811157,1.0896536111831665,,0.9927326440811157,,,,,,
334,2338,,,1.3010103702545166,,1.2040393352508545,1.2040393352508545,,,,
334,2339,,,0.7186359167098999,,0.6216517090797424,0.6216517090797424,,,,
334,2340,,,0.9398074150085449,,0.8428150415420532,0.8428150415420532,,,,
334,2341,,,1.094848394393921,,0.9978442788124084,0.9978442788124084,,,,
334,2342,,,1.2497121095657349,,1.1526951789855957,1.1526951789855957,,,,
334,2343,,,1.4141194820404053,,1.3170889616012573,1.3170889616012573,,,,
334,2344,,,0.51595139503479,,0.4189092218875885,0.4189092218875885,,,,
,334,,,,,,,,,1.4852051734924316,1.4852051734924316
334,2344,,,,,,,1.4852052927017212,1.4852052927017212,,
334,2344,0.9871726632118225,1.0841749906539917,,0.9871726632118225,,,,,,
335,2345,,,0.9319465160369873,,0.8348923325538635,0.8348923325538635,,,,
335,2346,,,1.1812350749969482,,1.0841681957244873,1.0841681957244873,,,,
335,2347,,,1.5235373973846436,,1.4264583587646484,1.4264583587646484,,,,
335,2348,,,0.8998305797576904,,0.8027387261390686,0.8027387261390686,,,,
335,2349,,,1.2509937286376953,,1.1538928747177124,1.1538928747177124,,,,
335,2350,,,0.8152916431427002,,0.7181769609451294,0.7181769609451294,,,,
335,2351,,,0.7276262640953064,,0.6305004358291626,0.6305004358291626,,,,
,335,,,,,,,,,1.4442579746246338,1.4442579746246338
335,2351,,,,,,,1.4442579746246338,1.4442579746246338,,
335,2351,0.9814534187316895,1.078540325164795,,0.9814534187316895,,,,,,
336,2352,,,0.772997260093689,,0.6758586168289185,0.6758586168289185,,,,
336,2353,,,1.0503978729248047,,0.9532515406608582,0.9532515406608582,,,,
336,2354,,,1.1271756887435913,,1.030013084411621,1.030013084411621,,,,
336,2355,,,1.3539936542510986,,1.256819725036621,1.256819725036621,,,,
336,2356,,,0.6606817841529846,,0.5634952783584595,0.5634952783584595,,,,
336,2357,,,1.0820090770721436,,0.9848126769065857,0.9848126769065857,,,,
336,2358,,,2.1215732097625732,,2.0243630409240723,2.0243630409240723,,,,
,336,,,,,,,,,1.4198017120361328,1.4198017120361328
336,2358,,,,,,,1.4198017120361328,1.4198017120361328,,
336,2358,0.9762176275253296,1.0733875036239624,,0.9762176275253296,,,,,,
337,2359,,,0.9552182555198669,,0.8579967617988586,0.8579967617988586,,,,
337,2360,,,1.3185083866119385,,1.221274733543396,1.221274733543396,,,,
337,2361,,,0.7277939915657043,,0.6305462718009949,0.6305462718009949,,,,
337,2362,,,1.2201123237609863,,1.1228543519973755,1.1228543519973755,,,,
337,2363,,,0.7080869674682617,,0.610814094543457,0.610814094543457,,,,
337,2364,,,1.413048267364502,,1.3157626390457153,1.3157626390457153,,,,
337,2365,,,1.2480847835540771,,1.1507891416549683,1.1507891416549683,,,,
,337,,,,,,,,,1.4190995693206787,1.4190995693206787
337,2365,,,,,,,1.4190995693206787,1.4190995693206787,,
337,2365,0.9711050391197205,1.0683608055114746,,0.9711050391197205,,,,,,
338,2366,,,0.6373976469039917,,0.5400956869125366,0.5400956869125366,,,,
338,2367,,,1.2023133039474487,,1.105001449584961,1.105001449584961,,,,
338,2368,,,1.024435043334961,,0.9271105527877808,0.9271105527877808,,,,
338,2369,,,1.1426995992660522,,1.045363187789917,1.045363187789917,,,,
338,2370,,,1.1920961141586304,,1.0947502851486206,1.0947502851486206,,,,
338,2371,,,1.1592916250228882,,1.0619316101074219,1.0619316101074219,,,,
338,2372,,,1.1133785247802734,,1.0160073041915894,1.0160073041915894,,,,
,338,,,,,,,,,1.4069410562515259,1.4069410562515259
338,2372,,,,,,,1.4069410562515259,1.4069410562515259,,
338,2372,0.9655303359031677,1.062862753868103,,0.9655303359031677,,,,,,
339,2373,,,1.7438554763793945,,1.6464755535125732,1.6464755535125732,,,,
339,2374,,,1.1386123895645142,,1.0412192344665527,1.0412192344665527,,,,
339,2375,,,0.8544793725013733,,0.757076621055603,0.757076621055603,,,,
339,2376,,,0.6051520109176636,,0.5077369809150696,0.5077369809150696,,,,
339,2377,,,1.1505126953125,,1.0530864000320435,1.0530864000320435,,,,
339,2378,,,1.0894346237182617,,0.9919954538345337,0.9919954538345337,,,,
339,2379,,,0.4494360089302063,,0.3519868850708008,0.3519868850708008,,,,
,339,,,,,,,,,1.3800183534622192,1.3800183534622192
339,2379,,,,,,,1.3800183534622192,1.3800183534622192,,
339,2379,0.9615035653114319,1.0589152574539185,,0.9615035653114319,,,,,,
340,2380,,,1.2026653289794922,,1.1052056550979614,1.1052056550979614,,,,
340,2381,,,1.2350964546203613,,1.1376265287399292,1.1376265287399292,,,,
340,2382,,,0.8032755851745605,,0.7057939171791077,0.7057939171791077,,,,
340,2383,,,1.0282872915267944,,0.9307946562767029,0.9307946562767029,,,,
340,2384,,,0.8234484791755676,,0.7259448170661926,0.7259448170661926,,,,
340,2385,,,1.2326980829238892,,1.1351819038391113,1.1351819038391113,,,,
340,2386,,,1.0512906312942505,,0.9537633061408997,0.9537633061408997,,,,
,340,,,,,,,,,1.3667457103729248,1.3667457103729248
340,2386,,,,,,,1.3667457103729248,1.3667457103729248,,
340,2386,0.9565817713737488,1.0540714263916016,,0.9565817713737488,,,,,,
341,2387,,,0.8694570064544678,,0.7719166874885559,0.7719166874885559,,,,
341,2388,,,0.7724984288215637,,0.6749469041824341,0.6749469041824341,,,,
341,2389,,,1.4920711517333984,,1.3945060968399048,1.3945060968399048,,,,
341,2390,,,1.131569743156433,,1.0339922904968262,1.0339922904968262,,,,
341,2391,,,0.9228188395500183,,0.8252317309379578,0.8252317309379578,,,,
341,2392,,,1.1856790781021118,,1.0880804061889648,1.0880804061889648,,,,
341,2393,,,0.842129111289978,,0.74451744556427,0.74451744556427,,,,
,341,,,,,,,,,1.356311321258545,1.356311321258545
341,2393,,,,,,,1.3563112020492554,1.3563112020492554,,
341,2393,0.9518224000930786,1.0493948459625244,,0.9518224000930786,,,,,,
342,2394,,,0.842540979385376,,0.7449216842651367,0.7449216842651367,,,,
342,2395,,,1.1578694581985474,,1.0602412223815918,1.0602412223815918,,,,
342,2396,,,1.0824306011199951,,0.9847915172576904,0.9847915172576904,,,,
342,2397,,,1.3254700899124146,,1.2278170585632324,1.2278170585632324,,,,
342,2398,,,1.0658305883407593,,0.9681630730628967,0.9681630730628967,,,,
342,2399,,,0.8797593712806702,,0.7820833921432495,0.7820833921432495,,,,
342,2400,,,0.8028498291969299,,0.7051621079444885,0.7051621079444885,,,,
,342,,,,,,,,,1.365343451499939,1.365343451499939
342,2400,,,,,,,1.365343451499939,1.365343451499939,,
342,2400,0.946267306804657,1.043916940689087,,0.946267306804657,,,,,,
343,2401,,,1.2282830476760864,,1.1305855512619019,1.1305855512619019,,,,
343,2402,,,0.6296685934066772,,0.5319554209709167,0.5319554209709167,,,,
343,2403,,,0.889518141746521,,0.791792631149292,0.791792631149292,,,,
343,2404,,,1.3152086734771729,,1.2174735069274902,1.2174735069274902,,,,
343,2405,,,1.0738718509674072,,0.9761252403259277,0.9761252403259277,,,,
343,2406,,,1.1501293182373047,,1.0523748397827148,1.0523748397827148,,,,
343,2407,,,0.9156039953231812,,0.8178390860557556,0.8178390860557556,,,,
,343,,,,,,,,,1.3461123704910278,1.3461123704910278
343,2407,,,,,,,1.3461123704910278,1.3461123704910278,,
343,2407,0.9422739744186401,1.040004849433899,,0.9422739744186401,,,,,,
344,2408,,,1.0165624618530273,,0.9187822937965393,0.9187822937965393,,,,
344,2409,,,1.1649452447891235,,1.067152738571167,1.067152738571167,,,,
344,2410,,,0.9662305116653442,,0.8684270977973938,0.8684270977973938,,,,
344,2411,,,1.4988716840744019,,1.4010587930679321,1.4010587930679321,,,,
344,2412,,,0.8510372638702393,,0.7532148957252502,0.7532148957252502,,,,
344,2413,,,0.8906094431877136,,0.7927755117416382,0.7927755117416382,,,,
344,2414,,,0.547295331954956,,0.44944700598716736,0.44944700598716736,,,,
,344,,,,,,,,,1.3260263204574585,1.3260263204574585
344,2414,,,,,,,1.3260263204574585,1.3260263204574585,,
344,2414,0.9364632964134216,1.034273386001587,,0.9364632964134216,,,,,,
345,2415,,,1.5441243648529053,,1.4462639093399048,1.4462639093399048,,,,
345,2416,,,0.8298612833023071,,0.7319895625114441,0.7319895625114441,,,,
345,2417,,,1.0146393775939941,,0.9167605638504028,0.9167605638504028,,,,
345,2418,,,1.159564733505249,,1.0616743564605713,1.0616743564605713,,,,
345,2419,,,0.7431885004043579,,0.6452845335006714,0.6452845335006714,,,,
345,2420,,,1.0696980953216553,,0.9717811942100525,0.9717811942100525,,,,
345,2421,,,0.5375590920448303,,0.43963000178337097,0.43963000178337097,,,,
,345,,,,,,,,,1.297487735748291,1.297487735748291
345,2421,,,,,,,1.2974878549575806,1.2974878549575806,,
345,2421,0.9315475821495056,1.0294370651245117,,0.9315475821495056,,,,,,
346,2422,,,0.9397952556610107,,0.8418557643890381,0.8418557643890381,,,,
346,2423,,,1.0172865390777588,,0.9193333983421326,0.9193333983421326,,,,
346,2424,,,1.4070836305618286,,1.309119462966919,1.309119462966919,,,,
346,2425,,,1.0786298513412476,,0.9806556701660156,0.9806556701660156,,,,
346,2426,,,0.9123945832252502,,0.8144068717956543,0.8144068717956543,,,,
346,2427,,,0.9422521591186523,,0.8442541360855103,0.8442541360855103,,,,
346,2428,,,0.6204994916915894,,0.522491455078125,0.522491455078125,,,,
,346,,,,,,,,,1.265075922012329,1.265075922012329
346,2428,,,,,,,1.265075922012329,1.265075922012329,,
346,2428,0.9263622760772705,1.0243340730667114,,0.9263622760772705,,,,,,
347,2429,,,0.7976177930831909,,0.6995977163314819,0.6995977163314819,,,,
347,2430,,,0.6597699522972107,,0.561736524105072,0.561736524105072,,,,
347,2431,,,1.3000564575195312,,1.2020124197006226,1.2020124197006226,,,,
347,2432,,,1.1158171892166138,,1.0177634954452515,1.0177634954452515,,,,
347,2433,,,1.100683569908142,,1.0026198625564575,1.0026198625564575,,,,
347,2434,,,0.9551255702972412,,0.8570497632026672,0.8570497632026672,,,,
347,2435,,,1.5556424856185913,,1.4575546979904175,1.4575546979904175,,,,
,347,,,,,,,,,1.2753766775131226,1.2753766775131226
347,2435,,,,,,,1.2753766775131226,1.2753766775131226,,
347,2435,0.9235079288482666,1.0215586423873901,,0.9235079288482666,,,,,,
348,2436,,,0.9922006130218506,,0.8941026329994202,0.8941026329994202,,,,
348,2437,,,0.4353877305984497,,0.337275892496109,0.337275892496109,,,,
348,2438,,,0.9865282773971558,,0.8884084820747375,0.8884084820747375,,,,
348,2439,,,1.0746492147445679,,0.9765161275863647,0.9765161275863647,,,,
348,2440,,,1.424387812614441,,1.3262419700622559,1.3262419700622559,,,,
348,2441,,,1.165232539176941,,1.0670769214630127,1.0670769214630127,,,,
348,2442,,,1.041273832321167,,0.9431071877479553,0.9431071877479553,,,,
,348,,,,,,,,,1.2766042947769165,1.2766042947769165
348,2442,,,,,,,1.2766042947769165,1.2766042947769165,,
348,2442,0.9165940880775452,1.014723777770996,,0.9165940880775452,,,,,,
349,2443,,,0.8579237461090088,,0.7597490549087524,0.7597490549087524,,,,
349,2444,,,1.1631742715835571,,1.0649856328964233,1.0649856328964233,,,,
349,2445,,,1.3413727283477783,,1.2431710958480835,1.2431710958480835,,,,
349,2446,,,1.094761610031128,,0.996551513671875,0.996551513671875,,,,
349,2447,,,0.6918475031852722,,0.5936283469200134,0.5936283469200134,,,,
349,2448,,,0.7935006618499756,,0.6952715516090393,0.6952715516090393,,,,
349,2449,,,1.331372618675232,,1.2331329584121704,1.2331329584121704,,,,
,349,,,,,,,,,1.2686424255371094,1.2686424255371094
349,2449,,,,,,,1.2686424255371094,1.2686424255371094,,
349,2449,0.9122795462608337,1.0104855298995972,,0.9122795462608337,,,,,,
350,2450,,,1.474109172821045,,1.3758561611175537,1.3758561611175537,,,,
350,2451,,,0.741184651851654,,0.6429213881492615,0.6429213881492615,,,,
350,2452,,,0.7777215838432312,,0.6794480085372925,0.6794480085372925,,,,
350,2453,,,0.9775282144546509,,0.8792402744293213,0.8792402744293213,,,,
350,2454,,,0.9507823586463928,,0.8524823784828186,0.8524823784828186,,,,
350,2455,,,1.0213361978530884,,0.9230276346206665,0.9230276346206665,,,,
350,2456,,,1.2551965713500977,,1.156876802444458,1.156876802444458,,,,
,350,,,,,,,,,1.27168607711792,1.27168607711792
350,2456,,,,,,,1.2716859579086304,1.2716859579086304,,
350,2456,0.9077340960502625,1.0060174465179443,,0.9077340960502625,,,,,,
351,2457,,,0.7134565114974976,,0.6151260137557983,0.6151260137557983,,,,
351,2458,,,1.6584213972091675,,1.5600796937942505,1.5600796937942505,,,,
351,2459,,,0.8059687614440918,,0.7076147198677063,0.7076147198677063,,,,
351,2460,,,0.9232665300369263,,0.8249020576477051,0.8249020576477051,,,,
351,2461,,,0.8327721357345581,,0.734394907951355,0.734394907951355,,,,
351,2462,,,1.2291560173034668,,1.1307662725448608,1.1307662725448608,,,,
351,2463,,,0.5595378875732422,,0.4611387848854065,0.4611387848854065,,,,
,351,,,,,,,,,1.2773118019104004,1.2773118019104004
351,2463,,,,,,,1.27731192111969,1.27731192111969,,
351,2463,0.9013035893440247,0.9996656775474548,,0.9013035893440247,,,,,,
352,2464,,,0.688470721244812,,0.590064525604248,0.590064525604248,,,,
352,2465,,,0.9596362113952637,,0.8612202405929565,0.8612202405929565,,,,
352,2466,,,1.5001981258392334,,1.4017709493637085,1.4017709493637085,,,,
352,2467,,,0.7062574625015259,,0.6078202128410339,0.6078202128410339,,,,
352,2468,,,1.1735714673995972,,1.0751237869262695,1.0751237869262695,,,,
352,2469,,,0.9842000007629395,,0.8857401609420776,0.8857401609420776,,,,
352,2470,,,0.865932047367096,,0.7674612998962402,0.7674612998962402,,,,
,352,,,,,,,,,1.277927279472351,1.277927279472351
352,2470,,,,,,,1.277927279472351,1.277927279472351,,
352,2470,0.8956137895584106,0.9940484166145325,,0.8956137895584106,,,,,,
353,2471,,,1.0308558940887451,,0.9323736429214478,0.9323736429214478,,,,
353,2472,,,0.571138858795166,,0.4726475179195404,0.4726475179195404,,,,
353,2473,,,0.5136164426803589,,0.4151148498058319,0.4151148498058319,,,,
353,2474,,,1.7926323413848877,,1.6941207647323608,1.6941207647323608,,,,
353,2475,,,0.9097041487693787,,0.8111829161643982,0.8111829161643982,,,,
353,2476,,,1.0963859558105469,,0.9978552460670471,0.9978552460670471,,,,
353,2477,,,1.0385069847106934,,0.9399634003639221,0.9399634003639221,,,,
,353,,,,,,,,,1.2377774715423584,1.2377774715423584
353,2477,,,,,,,1.2377774715423584,1.2377774715423584,,
353,2477,0.8903186321258545,0.9888272285461426,,0.8903186321258545,,,,,,
354,2478,,,1.1662588119506836,,1.0676944255828857,1.0676944255828857,,,,
354,2479,,,0.6810898184776306,,0.5825111269950867,0.5825111269950867,,,,
354,2480,,,0.9300139546394348,,0.8314214944839478,0.8314214944839478,,,,
354,2481,,,1.5166847705841064,,1.4180809259414673,1.4180809259414673,,,,
354,2482,,,1.0651230812072754,,0.966504693031311,0.966504693031311,,,,
354,2483,,,0.6949295401573181,,0.5963035225868225,0.5963035225868225,,,,
354,2484,,,0.5642706751823425,,0.46563318371772766,0.46563318371772766,,,,
,354,,,,,,,,,1.2106883525848389,1.2106883525848389
354,2484,,,,,,,1.2106883525848389,1.2106883525848389,,
354,2484,0.8842554092407227,0.9828550815582275,,0.8842554092407227,,,,,,
355,2485,,,0.7244298458099365,,0.6257823705673218,0.6257823705673218,,,,
355,2486,,,0.6689755320549011,,0.5703166723251343,0.5703166723251343,,,,
355,2487,,,1.4541860818862915,,1.355514407157898,1.355514407157898,,,,
355,2488,,,0.9963984489440918,,0.8977161645889282,0.8977161645889282,,,,
355,2489,,,1.1090764999389648,,1.0103815793991089,1.0103815793991089,,,,
355,2490,,,0.8892791867256165,,0.790574848651886,0.790574848651886,,,,
355,2491,,,1.0353690385818481,,0.936654806137085,0.936654806137085,,,,
,355,,,,,,,,,1.1974592208862305,1.1974592208862305
355,2491,,,,,,,1.1974592208862305,1.1974592208862305,,
355,2491,0.8786715865135193,0.9773504137992859,,0.8786715865135193,,,,,,
356,2492,,,0.7105504274368286,,0.6118224859237671,0.6118224859237671,,,,
356,2493,,,0.5901903510093689,,0.4914509057998657,0.4914509057998657,,,,
356,2494,,,0.9781511425971985,,0.8794005513191223,0.8794005513191223,,,,
356,2495,,,1.6771115064620972,,1.5783494710922241,1.5783494710922241,,,,
356,2496,,,0.9383106827735901,,0.8395392298698425,0.8395392298698425,,,,
356,2497,,,0.9735693335533142,,0.8747872114181519,0.8747872114181519,,,,
356,2498,,,0.8836625218391418,,0.7848677039146423,0.7848677039146423,,,,
,356,,,,,,,,,1.1994104385375977,1.1994104385375977
356,2498,,,,,,,1.1994104385375977,1.1994104385375977,,
356,2498,0.8736745119094849,0.9724324345588684,,0.8736745119094849,,,,,,
357,2499,,,1.5869561433792114,,1.4881503582000732,1.4881503582000732,,,,
357,2500,,,0.9859476089477539,,0.8871307373046875,0.8871307373046875,,,,
357,2501,,,0.6945565342903137,,0.5957288146018982,0.5957288146018982,,,,
357,2502,,,0.6098993420600891,,0.5110598802566528,0.5110598802566528,,,,
357,2503,,,1.249062180519104,,1.1502101421356201,1.1502101421356201,,,,
357,2504,,,0.6533535718917847,,0.5544916987419128,0.5544916987419128,,,,
357,2505,,,1.0385799407958984,,0.9397088885307312,0.9397088885307312,,,,
,357,,,,,,,,,1.1973575353622437,1.1973575353622437
357,2505,,,,,,,1.1973575353622437,1.1973575353622437,,
357,2505,0.868888258934021,0.9677243828773499,,0.868888258934021,,,,,,
358,2506,,,0.5801100730895996,,0.48122507333755493,0.48122507333755493,,,,
358,2507,,,0.926189124584198,,0.8272923827171326,0.8272923827171326,,,,
358,2508,,,0.6679691076278687,,0.5690625905990601,0.5690625905990601,,,,
358,2509,,,1.0856503248214722,,0.9867300987243652,0.9867300987243652,,,,
358,2510,,,1.1278917789459229,,1.0289596319198608,1.0289596319198608,,,,
358,2511,,,1.299736738204956,,1.2007923126220703,1.2007923126220703,,,,
358,2512,,,1.2280805110931396,,1.1291282176971436,1.1291282176971436,,,,
,358,,,,,,,,,1.2031075954437256,1.2031075954437256
358,2512,,,,,,,1.2031075954437256,1.2031075954437256,,
358,2512,0.8654879331588745,0.9644044041633606,,0.8654879331588745,,,,,,
359,2513,,,1.2291691303253174,,1.1302059888839722,1.1302059888839722,,,,
359,2514,,,1.0129436254501343,,0.9139692783355713,0.9139692783355713,,,,
359,2515,,,1.1045327186584473,,1.0055437088012695,1.0055437088012695,,,,
359,2516,,,0.7691298723220825,,0.6701307892799377,0.6701307892799377,,,,
359,2517,,,1.1516767740249634,,1.0526642799377441,1.0526642799377441,,,,
359,2518,,,0.712407112121582,,0.6133861541748047,0.6133861541748047,,,,
359,2519,,,0.3690391480922699,,0.2700091302394867,0.2700091302394867,,,,
,359,,,,,,,,,1.1977388858795166,1.1977388858795166
359,2519,,,,,,,1.1977388858795166,1.1977388858795166,,
359,2519,0.860729992389679,0.9597252607345581,,0.860729992389679,,,,,,
360,2520,,,0.6355103850364685,,0.5364700555801392,0.5364700555801392,,,,
360,2521,,,1.4090547561645508,,1.3100038766860962,1.3100038766860962,,,,
360,2522,,,0.8563336730003357,,0.757271945476532,0.757271945476532,,,,
360,2523,,,0.945979118347168,,0.8469081521034241,0.8469081521034241,,,,
360,2524,,,0.8424505591392517,,0.7433682084083557,0.7433682084083557,,,,
360,2525,,,1.1570978164672852,,1.058005690574646,1.058005690574646,,,,
360,2526,,,0.6393762826919556,,0.5402725338935852,0.5402725338935852,,,,
,360,,,,,,,,,1.1840603351593018,1.1840603351593018
360,2526,,,,,,,1.1840603351593018,1.1840603351593018,,
360,2526,0.8556283116340637,0.9546968936920166,,0.8556283116340637,,,,,,
361,2527,,,0.5901514887809753,,0.49103644490242004,0.49103644490242004,,,,
361,2528,,,1.367484450340271,,1.2683590650558472,1.2683590650558472,,,,
361,2529,,,0.8493789434432983,,0.7502408623695374,0.7502408623695374,,,,
361,2530,,,0.8112192153930664,,0.7120700478553772,0.7120700478553772,,,,
361,2531,,,0.5606294274330139,,0.46146929264068604,0.46146929264068604,,,,
361,2532,,,1.2636504173278809,,1.1644809246063232,1.1644809246063232,,,,
361,2533,,,1.6410393714904785,,1.5418578386306763,1.5418578386306763,,,,
,361,,,,,,,,,1.1500619649887085,1.1500619649887085
361,2533,,,,,,,1.1500619649887085,1.1500619649887085,,
361,2533,0.8511141538619995,0.9502593874931335,,0.8511141538619995,,,,,,
362,2534,,,1.3741389513015747,,1.2749509811401367,1.2749509811401367,,,,
362,2535,,,0.5703160762786865,,0.47111502289772034,0.47111502289772034,,,,
362,2536,,,1.5862994194030762,,1.4870884418487549,1.4870884418487549,,,,
362,2537,,,0.677422821521759,,0.5782032608985901,0.5782032608985901,,,,
362,2538,,,0.7551199197769165,,0.6558922529220581,0.6558922529220581,,,,
362,2539,,,0.6738037467002869,,0.5745649337768555,0.5745649337768555,,,,
362,2540,,,1.0580406188964844,,0.9587916135787964,0.9587916135787964,,,,
,362,,,,,,,,,1.1251975297927856,1.1251975297927856
362,2540,,,,,,,1.1251975297927856,1.1251975297927856,,
362,2540,0.8472723960876465,0.9464888572692871,,0.8472723960876465,,,,,,
363,2541,,,0.7858144640922546,,0.686552107334137,0.686552107334137,,,,
363,2542,,,1.378467321395874,,1.2791913747787476,1.2791913747787476,,,,
363,2543,,,0.8261843919754028,,0.7268993854522705,0.7268993854522705,,,,
363,2544,,,1.0401208400726318,,0.9408261775970459,0.9408261775970459,,,,
363,2545,,,0.9025766253471375,,0.8032726645469666,0.8032726645469666,,,,
363,2546,,,0.8732320666313171,,0.7739182710647583,0.7739182710647583,,,,
363,2547,,,0.5296114087104797,,0.43028542399406433,0.43028542399406433,,,,
,363,,,,,,,,,1.1006466150283813,1.1006466150283813
363,2547,,,,,,,1.1006466150283813,1.1006466150283813,,
363,2547,0.8426693081855774,0.9419607520103455,,0.8426693081855774,,,,,,
364,2548,,,0.6996882557868958,,0.6003517508506775,0.6003517508506775,,,,
364,2549,,,0.5491951107978821,,0.4498465359210968,0.4498465359210968,,,,
364,2550,,,0.7641125321388245,,0.6647531986236572,0.6647531986236572,,,,
364,2551,,,1.0932857990264893,,0.9939155578613281,0.9939155578613281,,,,
364,2552,,,1.600045084953308,,1.5006637573242188,1.5006637573242188,,,,
364,2553,,,0.7795437574386597,,0.6801531910896301,0.6801531910896301,,,,
364,2554,,,1.3239110708236694,,1.224511742591858,1.224511742591858,,,,
,364,,,,,,,,,1.091185450553894,1.091185450553894
364,2554,,,,,,,1.091185450553894,1.091185450553894,,
364,2554,0.8390393853187561,0.9384058713912964,,0.8390393853187561,,,,,,
365,2555,,,1.2015397548675537,,1.1021277904510498,1.1021277904510498,,,,
365,2556,,,1.0781060457229614,,0.9786852598190308,0.9786852598190308,,,,
365,2557,,,0.5742369890213013,,0.4748062491416931,0.4748062491416931,,,,
365,2558,,,0.992309033870697,,0.8928681015968323,0.8928681015968323,,,,
365,2559,,,0.9541827440261841,,0.8547329902648926,0.8547329902648926,,,,
365,2560,,,0.6165448427200317,,0.5170834064483643,0.5170834064483643,,,,
365,2561,,,1.433656096458435,,1.3341835737228394,1.3341835737228394,,,,
,365,,,,,,,,,1.0773564577102661,1.0773564577102661
365,2561,,,,,,,1.0773564577102661,1.0773564577102661,,
365,2561,0.8346075415611267,0.9340455532073975,,0.8346075415611267,,,,,,
366,2562,,,0.9612427949905396,,0.8617563247680664,0.8617563247680664,,,,
366,2563,,,1.1948028802871704,,1.0953059196472168,1.0953059196472168,,,,
366,2564,,,0.5239000916481018,,0.42438778281211853,0.42438778281211853,,,,
366,2565,,,1.2648069858551025,,1.1652836799621582,1.1652836799621582,,,,
366,2566,,,1.2098132371902466,,1.11027991771698,1.11027991771698,,,,
366,2567,,,0.5243605375289917,,0.4248145818710327,0.4248145818710327,,,,
366,2568,,,0.6684720516204834,,0.5689193606376648,0.5689193606376648,,,,
,366,,,,,,,,,1.0680112838745117,1.0680112838745117
366,2568,,,,,,,1.0680112838745117,1.0680112838745117,,
366,2568,0.8306153416633606,0.9301338791847229,,0.8306153416633606,,,,,,
367,2569,,,0.7304533123970032,,0.6308920979499817,0.6308920979499817,,,,
367,2570,,,1.0164391994476318,,0.9168669581413269,0.9168669581413269,,,,
367,2571,,,0.7638237476348877,,0.6642408967018127,0.6642408967018127,,,,
367,2572,,,1.12699556350708,,1.027404546737671,1.027404546737671,,,,
367,2573,,,0.8206964731216431,,0.7210944890975952,0.7210944890975952,,,,
367,2574,,,0.8105565309524536,,0.7109441161155701,0.7109441161155701,,,,
367,2575,,,1.6751457452774048,,1.5755208730697632,1.5755208730697632,,,,
,367,,,,,,,,,1.0636160373687744,1.0636160373687744
367,2575,,,,,,,1.0636160373687744,1.0636160373687744,,
367,2575,0.8254530429840088,0.9250422716140747,,0.8254530429840088,,,,,,
368,2576,,,0.728242039680481,,0.6286129355430603,0.6286129355430603,,,,
368,2577,,,0.8850641250610352,,0.7854238152503967,0.7854238152503967,,,,
368,2578,,,0.6599736213684082,,0.5603230595588684,0.5603230595588684,,,,
368,2579,,,0.9721546173095703,,0.872491180896759,0.872491180896759,,,,
368,2580,,,1.0622555017471313,,0.9625826478004456,0.9625826478004456,,,,
368,2581,,,1.4045878648757935,,1.3049038648605347,1.3049038648605347,,,,
368,2582,,,0.413578599691391,,0.3138875961303711,0.3138875961303711,,,,
,368,,,,,,,,,1.0559978485107422,1.0559978485107422
368,2582,,,,,,,1.0559978485107422,1.0559978485107422,,
368,2582,0.8207129836082458,0.9203716516494751,,0.8207129836082458,,,,,,
369,2583,,,0.5253108143806458,,0.4256135821342468,0.4256135821342468,,,,
369,2584,,,1.0436347723007202,,0.9439287185668945,0.9439287185668945,,,,
369,2585,,,1.4637373685836792,,1.3640209436416626,1.3640209436416626,,,,
369,2586,,,1.0038236379623413,,0.9040996432304382,0.9040996432304382,,,,
369,2587,,,1.0145097970962524,,0.9147738814353943,0.9147738814353943,,,,
369,2588,,,0.5623907446861267,,0.4626461863517761,0.4626461863517761,,,,
369,2589,,,0.572235107421875,,0.4724802076816559,0.4724802076816559,,,,
,369,,,,,,,,,1.062366008758545,1.062366008758545
369,2589,,,,,,,1.062366008758545,1.062366008758545,,
369,2589,0.8144726753234863,0.9141953587532043,,0.8144726753234863,,,,,,
370,2590,,,0.5640835165977478,,0.46431851387023926,0.46431851387023926,,,,
370,2591,,,0.5321248769760132,,0.4323512017726898,0.4323512017726898,,,,
370,2592,,,1.0177668333053589,,0.917984127998352,0.917984127998352,,,,
370,2593,,,1.0453922748565674,,0.9456010460853577,0.9456010460853577,,,,
370,2594,,,0.8295336365699768,,0.7297312021255493,0.7297312021255493,,,,
370,2595,,,1.384761929512024,,1.284948706626892,1.284948706626892,,,,
370,2596,,,1.1174588203430176,,1.0176345109939575,1.0176345109939575,,,,
,370,,,,,,,,,1.0702482461929321,1.0702482461929321
370,2596,,,,,,,1.0702482461929321,1.0702482461929321,,
370,2596,0.8088701963424683,0.908660352230072,,0.8088701963424683,,,,,,
371,2597,,,0.8450364470481873,,0.7452024817466736,0.7452024817466736,,,,
371,2598,,,0.8115615248680115,,0.7117143869400024,0.7117143869400024,,,,
371,2599,,,0.8725689053535461,,0.7727087140083313,0.7727087140083313,,,,
371,2600,,,0.9392361044883728,,0.8393649458885193,0.8393649458885193,,,,
371,2601,,,0.7999123930931091,,0.7000316977500916,0.7000316977500916,,,,
371,2602,,,0.6958280801773071,,0.5959365963935852,0.5959365963935852,,,,
371,2603,,,2.123055934906006,,2.0231564044952393,2.0231564044952393,,,,
,371,,,,,,,,,1.074998378753662,1.074998378753662
371,2603,,,,,,,1.074998378753662,1.074998378753662,,
371,2603,0.8037086129188538,0.9035747647285461,,0.8037086129188538,,,,,,
372,2604,,,1.6970213651657104,,1.5971177816390991,1.5971177816390991,,,,
372,2605,,,0.776742696762085,,0.6768307685852051,0.6768307685852051,,,,
372,2606,,,0.7196933627128601,,0.6197716593742371,0.6197716593742371,,,,
372,2607,,,0.8648950457572937,,0.764964759349823,0.764964759349823,,,,
372,2608,,,0.6113641262054443,,0.5114240050315857,0.5114240050315857,,,,
372,2609,,,0.818065881729126,,0.7181127667427063,0.7181127667427063,,,,
372,2610,,,0.6585808992385864,,0.5586181282997131,0.5586181282997131,,,,
,372,,,,,,,,,1.076219916343689,1.076219916343689
372,2610,,,,,,,1.076219916343689,1.076219916343689,,
372,2610,0.7996398210525513,0.8995686769485474,,0.7996398210525513,,,,,,
373,2611,,,0.8415336608886719,,0.7415634393692017,0.7415634393692017,,,,
373,2612,,,0.5081310868263245,,0.40815046429634094,0.40815046429634094,,,,
373,2613,,,0.7912465929985046,,0.6912568807601929,0.6912568807601929,,,,
373,2614,,,0.9749463200569153,,0.8749463558197021,0.8749463558197021,,,,
373,2615,,,1.1257351636886597,,1.0257245302200317,1.0257245302200317,,,,
373,2616,,,1.2227883338928223,,1.1227693557739258,1.1227693557739258,,,,
373,2617,,,0.6242917776107788,,0.524261474609375,0.524261474609375,,,,
,373,,,,,,,,,1.0718064308166504,1.0718064308166504
373,2617,,,,,,,1.0718064308166504,1.0718064308166504,,
373,2617,0.793883740901947,0.8938809037208557,,0.793883740901947,,,,,,
374,2618,,,0.937281608581543,,0.8372421860694885,0.8372421860694885,,,,
374,2619,,,0.6429793834686279,,0.5429300665855408,0.5429300665855408,,,,
374,2620,,,0.4673413634300232,,0.3672836422920227,0.3672836422920227,,,,
374,2621,,,1.6944111585617065,,1.594344973564148,1.594344973564148,,,,
374,2622,,,1.064414620399475,,0.9643397331237793,0.9643397331237793,,,,
374,2623,,,0.6357898116111755,,0.535704493522644,0.535704493522644,,,,
374,2624,,,0.6138643026351929,,0.513766884803772,0.513766884803772,,,,
,374,,,,,,,,,1.0532300472259521,1.0532300472259521
374,2624,,,,,,,1.0532300472259521,1.0532300472259521,,
374,2624,0.789726734161377,0.889790952205658,,0.789726734161377,,,,,,
375,2625,,,0.8657063841819763,,0.7655951976776123,0.7655951976776123,,,,
375,2626,,,0.5862877368927002,,0.48616260290145874,0.48616260290145874,,,,
375,2627,,,0.9613716006278992,,0.8612380623817444,0.8612380623817444,,,,
375,2628,,,0.8978836536407471,,0.7977368831634521,0.7977368831634521,,,,
375,2629,,,0.8466820120811462,,0.7465256452560425,0.7465256452560425,,,,
375,2630,,,0.6360801458358765,,0.535914421081543,0.535914421081543,,,,
375,2631,,,2.272045612335205,,2.1718688011169434,2.1718688011169434,,,,
,375,,,,,,,,,1.0381605625152588,1.0381605625152588
375,2631,,,,,,,1.0381605625152588,1.0381605625152588,,
375,2631,0.7855095863342285,0.8856515288352966,,0.7855095863342285,,,,,,
376,2632,,,0.7281118035316467,,0.6279286742210388,0.6279286742210388,,,,
376,2633,,,1.1759790182113647,,1.0757873058319092,1.0757873058319092,,,,
376,2634,,,0.8469474911689758,,0.7467474341392517,0.7467474341392517,,,,
376,2635,,,1.0099366903305054,,0.9097265005111694,0.9097265005111694,,,,
376,2636,,,0.6298565864562988,,0.5296374559402466,0.5296374559402466,,,,
376,2637,,,0.9283028841018677,,0.8280738592147827,0.8280738592147827,,,,
376,2638,,,0.8055788278579712,,0.7053391933441162,0.7053391933441162,,,,
,376,,,,,,,,,1.0151231288909912,1.0151231288909912
376,2638,,,,,,,1.0151231288909912,1.0151231288909912,,
376,2638,0.7815534472465515,0.8817610144615173,,0.7815534472465515,,,,,,
377,2639,,,0.6740276217460632,,0.573772132396698,0.573772132396698,,,,
377,2640,,,1.2532238960266113,,1.152956247329712,1.152956247329712,,,,
377,2641,,,1.0760267972946167,,0.975749671459198,0.975749671459198,,,,
377,2642,,,0.7382584810256958,,0.637972891330719,0.637972891330719,,,,
377,2643,,,0.8688929080963135,,0.7685968279838562,0.7685968279838562,,,,
377,2644,,,0.8366715908050537,,0.7363642454147339,0.7363642454147339,,,,
377,2645,,,0.3996069133281708,,0.2992892265319824,0.2992892265319824,,,,
,377,,,,,,,,,0.9861059188842773,0.9861059188842773
377,2645,,,,,,,0.9861059188842773,0.9861059188842773,,
377,2645,0.7776699662208557,0.8779536485671997,,0.7776699662208557,,,,,,
378,2646,,,0.6443430185317993,,0.5440139174461365,0.5440139174461365,,,,
378,2647,,,1.3319600820541382,,1.2316206693649292,1.2316206693649292,,,,
378,2648,,,0.6260348558425903,,0.5256838798522949,0.5256838798522949,,,,
378,2649,,,0.9381958246231079,,0.8378363251686096,0.8378363251686096,,,,
378,2650,,,0.5134709477424622,,0.4130995273590088,0.4130995273590088,,,,
378,2651,,,1.203171968460083,,1.102789044380188,1.102789044380188,,,,
378,2652,,,0.8436170220375061,,0.7432267069816589,0.7432267069816589,,,,
,378,,,,,,,,,0.9759411215782166,0.9759411215782166
378,2652,,,,,,,0.9759411215782166,0.9759411215782166,,
378,2652,0.7739220261573792,0.8742796182632446,,0.7739220261573792,,,,,,
379,2653,,,1.2163853645324707,,1.1159831285476685,1.1159831285476685,,,,
379,2654,,,1.2110965251922607,,1.1106852293014526,1.1106852293014526,,,,
379,2655,,,0.4988137483596802,,0.3983893096446991,0.3983893096446991,,,,
379,2656,,,1.0216408967971802,,0.9212073683738708,0.9212073683738708,,,,
379,2657,,,0.7355012893676758,,0.6350587606430054,0.6350587606430054,,,,
379,2658,,,0.6905306577682495,,0.5900752544403076,0.5900752544403076,,,,
379,2659,,,0.46471866965293884,,0.364254355430603,0.364254355430603,,,,
,379,,,,,,,,,0.9728236794471741,0.9728236794471741
379,2659,,,,,,,0.9728236794471741,0.9728236794471741,,
379,2659,0.769881546497345,0.8703119158744812,,0.769881546497345,,,,,,
380,2660,,,0.9547455310821533,,0.8542741537094116,0.8542741537094116,,,,
380,2661,,,0.49558067321777344,,0.3950999081134796,0.3950999081134796,,,,
380,2662,,,1.6197248697280884,,1.5192347764968872,1.5192347764968872,,,,
380,2663,,,0.6824105978012085,,0.5819128155708313,0.5819128155708313,,,,
380,2664,,,0.841766357421875,,0.7412575483322144,0.7412575483322144,,,,
380,2665,,,0.8058101534843445,,0.7052904367446899,0.7052904367446899,,,,
380,2666,,,0.3345023989677429,,0.23397226631641388,0.23397226631641388,,,,
,380,,,,,,,,,0.9737160801887512,0.9737160801887512
380,2666,,,,,,,0.9737160801887512,0.9737160801887512,,
380,2666,0.7662445306777954,0.866741418838501,,0.7662445306777954,,,,,,
381,2667,,,1.1980470418930054,,1.0975089073181152,1.0975089073181152,,,,
381,2668,,,0.5263001322746277,,0.42575207352638245,0.42575207352638245,,,,
381,2669,,,0.5901603102684021,,0.48960331082344055,0.48960331082344055,,,,
381,2670,,,0.7226107716560364,,0.6220453381538391,0.6220453381538391,,,,
381,2671,,,1.0111911296844482,,0.910616397857666,0.910616397857666,,,,
381,2672,,,1.0565812587738037,,0.9559950828552246,0.9559950828552246,,,,
381,2673,,,1.0301473140716553,,0.92955082654953,0.92955082654953,,,,
,381,,,,,,,,,0.9681357741355896,0.9681357741355896
381,2673,,,,,,,0.9681357741355896,0.9681357741355896,,
381,2673,0.7608003616333008,0.8613641262054443,,0.7608003616333008,,,,,,
382,2674,,,0.4975135028362274,,0.3969070315361023,0.3969070315361023,,,,
382,2675,,,1.014096975326538,,0.913481593132019,0.913481593132019,,,,
382,2676,,,0.8429276347160339,,0.7423024773597717,0.7423024773597717,,,,
382,2677,,,1.3396263122558594,,1.2389898300170898,1.2389898300170898,,,,
382,2678,,,0.956186830997467,,0.8555420637130737,0.8555420637130737,,,,
382,2679,,,0.5913317799568176,,0.4906783699989319,0.4906783699989319,,,,
382,2680,,,0.5785007476806641,,0.4778355360031128,0.4778355360031128,,,,
,382,,,,,,,,,0.9520937204360962,0.9520937204360962
382,2680,,,,,,,0.9520937204360962,0.9520937204360962,,
382,2680,0.7556219100952148,0.8562542796134949,,0.7556219100952148,,,,,,
383,2681,,,0.6444166898727417,,0.5437390208244324,0.5437390208244324,,,,
383,2682,,,1.4625108242034912,,1.3618251085281372,1.3618251085281372,,,,
383,2683,,,0.8687317371368408,,0.7680382132530212,0.7680382132530212,,,,
383,2684,,,0.8831368088722229,,0.7824303507804871,0.7824303507804871,,,,
383,2685,,,0.8689767718315125,,0.7682585716247559,0.7682585716247559,,,,
383,2686,,,0.5443013310432434,,0.4435746669769287,0.4435746669769287,,,,
383,2687,,,0.42413491010665894,,0.3233970105648041,0.3233970105648041,,,,
,383,,,,,,,,,0.9165871739387512,0.9165871739387512
383,2687,,,,,,,0.9165871739387512,0.9165871739387512,,
383,2687,0.7512376308441162,0.8519411087036133,,0.7512376308441162,,,,,,
384,2688,,,0.5126245617866516,,0.41187527775764465,0.41187527775764465,,,,
384,2689,,,1.0022544860839844,,0.9014955759048462,0.9014955759048462,,,,
384,2690,,,0.3933282792568207,,0.2925603985786438,0.2925603985786438,,,,
384,2691,,,1.3047327995300293,,1.2039579153060913,1.2039579153060913,,,,
384,2692,,,0.8059708476066589,,0.7051852345466614,0.7051852345466614,,,,
384,2693,,,1.0937227010726929,,0.9929255247116089,0.9929255247116089,,,,
384,2694,,,0.7705371975898743,,0.6697280406951904,0.6697280406951904,,,,
,384,,,,,,,,,0.8997570872306824,0.8997570872306824
384,2694,,,,,,,0.8997570872306824,0.8997570872306824,,
384,2694,0.7465330362319946,0.8473074436187744,,0.7465330362319946,,,,,,
385,2695,,,0.8134803771972656,,0.7126610279083252,0.7126610279083252,,,,
385,2696,,,0.9631553888320923,,0.8623258471488953,0.8623258471488953,,,,
385,2697,,,0.5889386534690857,,0.48809897899627686,0.48809897899627686,,,,
385,2698,,,0.7431360483169556,,0.6422855257987976,0.6422855257987976,,,,
385,2699,,,1.0444415807724,,0.943581223487854,0.943581223487854,,,,
385,2700,,,0.9337781667709351,,0.8329073190689087,0.8329073190689087,,,,
385,2701,,,0.7835947871208191,,0.6827147006988525,0.6827147006988525,,,,
,385,,,,,,,,,0.8931430578231812,0.8931430578231812
385,2701,,,,,,,0.8931430578231812,0.8931430578231812,,
385,2701,0.7431966066360474,0.8440436720848083,,0.7431966066360474,,,,,,
386,2702,,,1.175844669342041,,1.0749540328979492,1.0749540328979492,,,,
386,2703,,,0.990908145904541,,0.8900088667869568,0.8900088667869568,,,,
386,2704,,,0.7825208902359009,,0.681613564491272,0.681613564491272,,,,
386,2705,,,0.7566587924957275,,0.6557418704032898,0.6557418704032898,,,,
386,2706,,,0.7897920608520508,,0.688864529132843,0.688864529132843,,,,
386,2707,,,0.5000368356704712,,0.3990982174873352,0.3990982174873352,,,,
386,2708,,,0.9560660719871521,,0.8551182746887207,0.8551182746887207,,,,
,386,,,,,,,,,0.8830331563949585,0.8830331563949585
386,2708,,,,,,,0.8830331563949585,0.8830331563949585,,
386,2708,0.7389726042747498,0.8398880362510681,,0.7389726042747498,,,,,,
387,2709,,,0.7261460423469543,,0.6251839399337769,0.6251839399337769,,,,
387,2710,,,0.7714623212814331,,0.6704891324043274,0.6704891324043274,,,,
387,2711,,,0.7232849597930908,,0.6223010420799255,0.6223010420799255,,,,
387,2712,,,1.142232894897461,,1.041238784790039,1.041238784790039,,,,
387,2713,,,1.0047049522399902,,0.9037014842033386,0.9037014842033386,,,,
387,2714,,,0.699561357498169,,0.5985460877418518,0.5985460877418518,,,,
387,2715,,,0.706872820854187,,0.6058478951454163,0.6058478951454163,,,,
,387,,,,,,,,,0.881902277469635,0.881902277469635
387,2715,,,,,,,0.881902277469635,0.881902277469635,,
387,2715,0.7354750633239746,0.8364657759666443,,0.7354750633239746,,,,,,
388,2716,,,0.9698482751846313,,0.8688156604766846,0.8688156604766846,,,,
388,2717,,,0.5695298910140991,,0.46848875284194946,0.46848875284194946,,,,
388,2718,,,1.2585891485214233,,1.157537817955017,1.157537817955017,,,,
388,2719,,,0.568652331829071,,0.46759167313575745,0.46759167313575745,,,,
388,2720,,,0.7545582056045532,,0.6534908413887024,0.6534908413887024,,,,
388,2721,,,0.8207893967628479,,0.7197129726409912,0.7197129726409912,,,,
388,2722,,,0.9860185384750366,,0.8849282264709473,0.8849282264709473,,,,
,388,,,,,,,,,0.883348822593689,0.883348822593689
388,2722,,,,,,,0.883348822593689,0.883348822593689,,
388,2722,0.7321546077728271,0.8332117199897766,,0.7321546077728271,,,,,,
389,2723,,,0.6942493915557861,,0.593148946762085,0.593148946762085,,,,
389,2724,,,0.7984417080879211,,0.6973302960395813,0.6973302960395813,,,,
389,2725,,,0.5525462627410889,,0.451424777507782,0.451424777507782,,,,
389,2726,,,1.284629464149475,,1.1834983825683594,1.1834983825683594,,,,
389,2727,,,0.9294632077217102,,0.8283237218856812,0.8283237218856812,,,,
389,2728,,,0.6896965503692627,,0.5885459184646606,0.5885459184646606,,,,
389,2729,,,0.9032455682754517,,0.8020849823951721,0.8020849823951721,,,,
,389,,,,,,,,,0.8879099488258362,0.8879099488258362
389,2729,,,,,,,0.8879099488258362,0.8879099488258362,,
389,2729,0.7283221483230591,0.8294500708580017,,0.7283221483230591,,,,,,
390,2730,,,1.0590072870254517,,0.9578379392623901,0.9578379392623901,,,,
390,2731,,,0.9249973893165588,,0.8238169550895691,0.8238169550895691,,,,
390,2732,,,1.3516113758087158,,1.2504216432571411,1.2504216432571411,,,,
390,2733,,,0.6533721089363098,,0.5521733164787292,0.5521733164787292,,,,
390,2734,,,0.6331272721290588,,0.5319182276725769,0.5319182276725769,,,,
390,2735,,,0.530502438545227,,0.4292832612991333,0.4292832612991333,,,,
390,2736,,,0.320494681596756,,0.21926580369472504,0.21926580369472504,,,,
,390,,,,,,,,,0.883983314037323,0.883983314037323
390,2736,,,,,,,0.883983314037323,0.883983314037323,,
390,2736,0.725909948348999,0.8271064162254333,,0.725909948348999,,,,,,
391,2737,,,0.9941781759262085,,0.8929407000541687,0.8929407000541687,,,,
391,2738,,,0.7709095478057861,,0.6696637272834778,0.6696637272834778,,,,
391,2739,,,1.0820789337158203,,0.9808220267295837,0.9808220267295837,,,,
391,2740,,,0.5466511845588684,,0.44538643956184387,0.44538643956184387,,,,
391,2741,,,0.6624071598052979,,0.5611346960067749,0.5611346960067749,,,,
391,2742,,,0.936521589756012,,0.8352429866790771,0.8352429866790771,,,,
391,2743,,,0.685126006603241,,0.5838330984115601,0.5838330984115601,,,,
,391,,,,,,,,,0.869144082069397,0.869144082069397
391,2743,,,,,,,0.869144082069397,0.869144082069397,,
391,2743,0.7222161889076233,0.8234774470329285,,0.7222161889076233,,,,,,
392,2744,,,0.47102224826812744,,0.3697163760662079,0.3697163760662079,,,,
392,2745,,,1.2902699708938599,,1.188953161239624,1.188953161239624,,,,
392,2746,,,0.9916983842849731,,0.8903704285621643,0.8903704285621643,,,,
392,2747,,,0.8096951246261597,,0.7083567976951599,0.7083567976951599,,,,
392,2748,,,0.6821295619010925,,0.5807818174362183,0.5807818174362183,,,,
392,2749,,,0.7208508253097534,,0.6194933652877808,0.6194933652877808,,,,
392,2750,,,0.7108659744262695,,0.609499454498291,0.609499454498291,,,,
,392,,,,,,,,,0.854808509349823,0.854808509349823
392,2750,,,,,,,0.854808509349823,0.854808509349823,,
392,2750,0.7194093465805054,0.82074373960495,,0.7194093465805054,,,,,,
393,2751,,,0.7847699522972107,,0.6833939552307129,0.6833939552307129,,,,
393,2752,,,0.5199790596961975,,0.4185912609100342,0.4185912609100342,,,,
393,2753,,,1.4386341571807861,,1.3372355699539185,1.3372355699539185,,,,
393,2754,,,0.7595765590667725,,0.6581689119338989,0.6581689119338989,,,,
393,2755,,,0.5523574948310852,,0.45094192028045654,0.45094192028045654,,,,
393,2756,,,0.8904951810836792,,0.7890718579292297,0.7890718579292297,,,,
393,2757,,,0.7108021974563599,,0.6093673706054688,0.6093673706054688,,,,
,393,,,,,,,,,0.8487114906311035,0.8487114906311035
393,2757,,,,,,,0.8487114906311035,0.8487114906311035,,
393,2757,0.7162222266197205,0.8176257014274597,,0.7162222266197205,,,,,,
394,2758,,,1.639387607574463,,1.5379440784454346,1.5379440784454346,,,,
394,2759,,,0.5846326947212219,,0.4831785261631012,0.4831785261631012,,,,
394,2760,,,0.7788121104240417,,0.6773512363433838,0.6773512363433838,,,,
394,2761,,,0.464298278093338,,0.36282604932785034,0.36282604932785034,,,,
394,2762,,,0.8183492422103882,,0.7168678641319275,0.7168678641319275,,,,
394,2763,,,0.6349712610244751,,0.5334792733192444,0.5334792733192444,,,,
394,2764,,,0.7150473594665527,,0.6135470867156982,0.6135470867156982,,,,
,394,,,,,,,,,0.8466280102729797,0.8466280102729797
394,2764,,,,,,,0.8466280102729797,0.8466280102729797,,
394,2764,0.7124278545379639,0.8138970732688904,,0.7124278545379639,,,,,,
395,2765,,,0.6714311838150024,,0.5699204206466675,0.5699204206466675,,,,
395,2766,,,0.49746018648147583,,0.3959375023841858,0.3959375023841858,,,,
395,2767,,,1.150192379951477,,1.0486598014831543,1.0486598014831543,,,,
395,2768,,,0.42260098457336426,,0.3210594058036804,0.3210594058036804,,,,
395,2769,,,0.9185575246810913,,0.8170059323310852,0.8170059323310852,,,,
395,2770,,,0.8922092318534851,,0.7906465530395508,0.7906465530395508,,,,
395,2771,,,1.6465691328048706,,1.5449981689453125,1.5449981689453125,,,,
,395,,,,,,,,,0.8283708691596985,0.8283708691596985
395,2771,,,,,,,0.8283708691596985,0.8283708691596985,,
395,2771,0.709428071975708,0.8109670281410217,,0.709428071975708,,,,,,
396,2772,,,0.5573630332946777,,0.4557873606681824,0.4557873606681824,,,,
396,2773,,,0.8798707127571106,,0.7782841920852661,0.7782841920852661,,,,
396,2774,,,0.6504268646240234,,0.5488316416740417,0.5488316416740417,,,,
396,2775,,,0.5540122985839844,,0.452409029006958,0.452409029006958,,,,
396,2776,,,0.8404324650764465,,0.7388212084770203,0.7388212084770203,,,,
396,2777,,,0.8829065561294556,,0.7812851071357727,0.7812851071357727,,,,
396,2778,,,2.0873496532440186,,1.9857182502746582,1.9857182502746582,,,,
,396,,,,,,,,,0.8155245184898376,0.8155245184898376
396,2778,,,,,,,0.8155245184898376,0.8155245184898376,,
396,2778,0.7058922052383423,0.8074930310249329,,0.7058922052383423,,,,,,
397,2779,,,1.0979427099227905,,0.996305525302887,0.996305525302887,,,,
397,2780,,,0.5882635712623596,,0.48661962151527405,0.48661962151527405,,,,
397,2781,,,0.9119541049003601,,0.8102990984916687,0.8102990984916687,,,,
397,2782,,,0.8715037107467651,,0.769839882850647,0.769839882850647,,,,
397,2783,,,0.8057364225387573,,0.7040619850158691,0.7040619850158691,,,,
397,2784,,,0.6133160591125488,,0.5116339325904846,0.5116339325904846,,,,
397,2785,,,0.6391563415527344,,0.5374646186828613,0.5374646186828613,,,,
,397,,,,,,,,,0.8116350173950195,0.8116350173950195
397,2785,,,,,,,0.8116350173950195,0.8116350173950195,,
397,2785,0.7027935981750488,0.8044549822807312,,0.7027935981750488,,,,,,
398,2786,,,0.8871217966079712,,0.7854229807853699,0.7854229807853699,,,,
398,2787,,,0.7420242428779602,,0.6403166651725769,0.6403166651725769,,,,
398,2788,,,0.5735856890678406,,0.47186723351478577,0.47186723351478577,,,,
398,2789,,,0.5587873458862305,,0.4570600092411041,0.4570600092411041,,,,
398,2790,,,0.6964237093925476,,0.5946866273880005,0.5946866273880005,,,,
398,2791,,,0.979832112789154,,0.8780850768089294,0.8780850768089294,,,,
398,2792,,,1.7592829465866089,,1.6575267314910889,1.6575267314910889,,,,
,398,,,,,,,,,0.8067710995674133,0.8067710995674133
398,2792,,,,,,,0.8067710995674133,0.8067710995674133,,
398,2792,0.6978841423988342,0.7996087670326233,,0.6978841423988342,,,,,,
399,2793,,,0.7551926970481873,,0.6534322500228882,0.6534322500228882,,,,
399,2794,,,1.2675329446792603,,1.1657626628875732,1.1657626628875732,,,,
399,2795,,,0.5525458455085754,,0.45076730847358704,0.45076730847358704,,,,
399,2796,,,0.4485442638397217,,0.3467596769332886,0.3467596769332886,,,,
399,2797,,,0.643232524394989,,0.5414411425590515,0.5414411425590515,,,,
399,2798,,,0.8377020359039307,,0.7359005808830261,0.7359005808830261,,,,
399,2799,,,1.5143712759017944,,1.4125584363937378,1.4125584363937378,,,,
,399,,,,,,,,,0.7942650318145752,0.7942650318145752
399,2799,,,,,,,0.79426509141922,0.79426509141922,,
399,2799,0.6939252018928528,0.795708179473877,,0.6939252018928528,,,,,,
400,2800,,,0.7962445020675659,,0.6944215893745422,0.6944215893745422,,,,
400,2801,,,1.4819440841674805,,1.380109429359436,1.380109429359436,,,,
400,2802,,,0.6503571271896362,,0.5485140681266785,0.5485140681266785,,,,
400,2803,,,0.9701554179191589,,0.8683022856712341,0.8683022856712341,,,,
400,2804,,,0.4290362596511841,,0.3271728754043579,0.3271728754043579,,,,
400,2805,,,0.5842727422714233,,0.48240047693252563,0.48240047693252563,,,,
400,2806,,,0.3821319043636322,,0.28025132417678833,0.28025132417678833,,,,
,400,,,,,,,,,0.7820008993148804,0.7820008993148804
400,2806,,,,,,,0.7820008993148804,0.7820008993148804,,
400,2806,0.6911396980285645,0.7929898500442505,,0.6911396980285645,,,,,,
401,2807,,,1.0873490571975708,,0.9854607582092285,0.9854607582092285,,,,
401,2808,,,0.5629522800445557,,0.4610530734062195,0.4610530734062195,,,,
401,2809,,,0.5302321314811707,,0.4283241629600525,0.4283241629600525,,,,
401,2810,,,0.4698793292045593,,0.367963045835495,0.367963045835495,,,,
401,2811,,,0.6363637447357178,,0.5344371199607849,0.5344371199607849,,,,
401,2812,,,0.9001421332359314,,0.7982062101364136,0.7982062101364136,,,,
401,2813,,,2.26397705078125,,2.162031650543213,2.162031650543213,,,,
,401,,,,,,,,,0.7724158763885498,0.7724158763885498
401,2813,,,,,,,0.772415816783905,0.772415816783905,,
401,2813,0.6880323886871338,0.7899466753005981,,0.6880323886871338,,,,,,
402,2814,,,1.4699627161026,,1.368011713027954,1.368011713027954,,,,
402,2815,,,1.0881201028823853,,0.9861612915992737,0.9861612915992737,,,,
402,2816,,,0.3765324354171753,,0.27456218004226685,0.27456218004226685,,,,
402,2817,,,1.0358874797821045,,0.9339099526405334,0.9339099526405334,,,,
402,2818,,,0.40782400965690613,,0.30583706498146057,0.30583706498146057,,,,
402,2819,,,0.5082347989082336,,0.40623876452445984,0.40623876452445984,,,,
402,2820,,,0.3456900417804718,,0.24368344247341156,0.24368344247341156,,,,
,402,,,,,,,,,0.7662949562072754,0.7662949562072754
402,2820,,,,,,,0.7662949562072754,0.7662949562072754,,
402,2820,0.6848787069320679,0.7868541479110718,,0.6848787069320679,,,,,,
403,2821,,,0.5479418039321899,,0.445930540561676,0.445930540561676,,,,
403,2822,,,0.9629185199737549,,0.86089688539505,0.86089688539505,,,,
403,2823,,,1.1795648336410522,,1.0775343179702759,1.0775343179702759,,,,
403,2824,,,0.7480059266090393,,0.645966112613678,0.645966112613678,,,,
403,2825,,,0.7779481410980225,,0.6759007573127747,0.6759007573127747,,,,
403,2826,,,0.6795252561569214,,0.5774680376052856,0.5774680376052856,,,,
403,2827,,,0.27145105600357056,,0.16938406229019165,0.16938406229019165,,,,
,403,,,,,,,,,0.7639410495758057,0.7639410495758057
403,2827,,,,,,,0.7639411091804504,0.7639411091804504,,
403,2827,0.6819161772727966,0.7839527726173401,,0.6819161772727966,,,,,,
404,2828,,,0.9311414957046509,,0.829071044921875,0.829071044921875,,,,
404,2829,,,0.5354869365692139,,0.43340766429901123,0.43340766429901123,,,,
404,2830,,,0.4280492067337036,,0.32596027851104736,0.32596027851104736,,,,
404,2831,,,0.6856526732444763,,0.58355712890625,0.58355712890625,,,,
404,2832,,,0.9508351683616638,,0.8487306237220764,0.8487306237220764,,,,
404,2833,,,1.2751082181930542,,1.1729933023452759,1.1729933023452759,,,,
404,2834,,,0.4609695374965668,,0.35884541273117065,0.35884541273117065,,,,
,404,,,,,,,,,0.7659077644348145,0.7659077644348145
404,2834,,,,,,,0.7659077644348145,0.7659077644348145,,
404,2834,0.6789469718933105,0.781041145324707,,0.6789469718933105,,,,,,
405,2835,,,0.5065287351608276,,0.4044000804424286,0.4044000804424286,,,,
405,2836,,,0.696925163269043,,0.5947883725166321,0.5947883725166321,,,,
405,2837,,,0.7994382977485657,,0.6972919702529907,0.6972919702529907,,,,
405,2838,,,0.4286906123161316,,0.32653459906578064,0.32653459906578064,,,,
405,2839,,,1.2019037008285522,,1.0997387170791626,1.0997387170791626,,,,
405,2840,,,0.9852229356765747,,0.8830504417419434,0.8830504417419434,,,,
405,2841,,,0.9214684963226318,,0.8192858099937439,0.8192858099937439,,,,
,405,,,,,,,,,0.7595636248588562,0.7595636248588562
405,2841,,,,,,,0.7595636248588562,0.7595636248588562,,
405,2841,0.6765547394752502,0.7787074446678162,,0.6765547394752502,,,,,,
406,2842,,,0.7251647710800171,,0.6229777336120605,0.6229777336120605,,,,
406,2843,,,0.651178240776062,,0.5489813089370728,0.5489813089370728,,,,
406,2844,,,1.2598391771316528,,1.1576344966888428,1.1576344966888428,,,,
406,2845,,,0.6720377206802368,,0.5698269009590149,0.5698269009590149,,,,
406,2846,,,0.8196830749511719,,0.7174637913703918,0.7174637913703918,,,,
406,2847,,,0.7139080762863159,,0.6116803288459778,0.6116803288459778,,,,
406,2848,,,0.2818063795566559,,0.17956732213497162,0.17956732213497162,,,,
,406,,,,,,,,,0.7495650053024292,0.7495650053024292
406,2848,,,,,,,0.7495650053024292,0.7495650053024292,,
406,2848,0.6738670468330383,0.7760766744613647,,0.6738670468330383,,,,,,
407,2849,,,0.6886802911758423,,0.5864347815513611,0.5864347815513611,,,,
407,2850,,,1.3983874320983887,,1.2961318492889404,1.2961318492889404,,,,
407,2851,,,0.7455927133560181,,0.6433272361755371,0.6433272361755371,,,,
407,2852,,,0.8191246390342712,,0.7168497443199158,0.7168497443199158,,,,
407,2853,,,0.45815375447273254,,0.3558694124221802,0.3558694124221802,,,,
407,2854,,,0.6542795896530151,,0.5519868731498718,0.5519868731498718,,,,
407,2855,,,0.4427529573440552,,0.3404543101787567,0.3404543101787567,,,,
,407,,,,,,,,,0.7383180260658264,0.7383180260658264
407,2855,,,,,,,0.7383180260658264,0.7383180260658264,,
407,2855,0.6711012125015259,0.7733726501464844,,0.6711012125015259,,,,,,
408,2856,,,1.3789702653884888,,1.2766611576080322,1.2766611576080322,,,,
408,2857,,,0.7602699398994446,,0.6579518914222717,0.6579518914222717,,,,
408,2858,,,0.5177727937698364,,0.4154447019100189,0.4154447019100189,,,,
408,2859,,,0.6767482757568359,,0.5744112133979797,0.5744112133979797,,,,
408,2860,,,0.5219355821609497,,0.41958820819854736,0.41958820819854736,,,,
408,2861,,,0.8765854835510254,,0.7742280960083008,0.7742280960083008,,,,
408,2862,,,0.4802341163158417,,0.3778696656227112,0.3778696656227112,,,,
,408,,,,,,,,,0.7287513017654419,0.7287513017654419
408,2862,,,,,,,0.7287513017654419,0.7287513017654419,,
408,2862,0.6682331562042236,0.770567774772644,,0.6682331562042236,,,,,,
409,2863,,,0.4597015678882599,,0.3573303818702698,0.3573303818702698,,,,
409,2864,,,0.7277528643608093,,0.6253728270530701,0.6253728270530701,,,,
409,2865,,,0.5053011178970337,,0.4029105007648468,0.4029105007648468,,,,
409,2866,,,1.077200174331665,,0.9748009443283081,0.9748009443283081,,,,
409,2867,,,1.1522434949874878,,1.0498368740081787,1.0498368740081787,,,,
409,2868,,,0.7493736147880554,,0.646958589553833,0.646958589553833,,,,
409,2869,,,0.5974138975143433,,0.4949893057346344,0.4949893057346344,,,,
,409,,,,,,,,,0.7294064164161682,0.7294064164161682
409,2869,,,,,,,0.7294064164161682,0.7294064164161682,,
409,2869,0.6655420660972595,0.7679376602172852,,0.6655420660972595,,,,,,
410,2870,,,0.5492534637451172,,0.4468214511871338,0.4468214511871338,,,,
410,2871,,,0.5810906291007996,,0.4786498546600342,0.4786498546600342,,,,
410,2872,,,1.3352491855621338,,1.2327995300292969,1.2327995300292969,,,,
410,2873,,,0.531451940536499,,0.4289935529232025,0.4289935529232025,,,,
410,2874,,,0.7190957069396973,,0.6166303753852844,0.6166303753852844,,,,
410,2875,,,0.8561044931411743,,0.7536294460296631,0.7536294460296631,,,,
410,2876,,,0.8227570652961731,,0.7202730774879456,0.7202730774879456,,,,
,410,,,,,,,,,0.7379741072654724,0.7379741072654724
410,2876,,,,,,,0.7379741072654724,0.7379741072654724,,
410,2876,0.663157045841217,0.7656124234199524,,0.663157045841217,,,,,,
411,2877,,,0.9583809971809387,,0.855887234210968,0.855887234210968,,,,
411,2878,,,0.9239372611045837,,0.821432888507843,0.821432888507843,,,,
411,2879,,,0.5420942306518555,,0.4395814836025238,0.4395814836025238,,,,
411,2880,,,0.4540453851222992,,0.351522296667099,0.351522296667099,,,,
411,2881,,,0.47348761558532715,,0.3709564208984375,0.3709564208984375,,,,
411,2882,,,1.2079975605010986,,1.105455994606018,1.105455994606018,,,,
411,2883,,,0.8089902400970459,,0.7064414620399475,0.7064414620399475,,,,
,411,,,,,,,,,0.7499055862426758,0.7499055862426758
411,2883,,,,,,,0.7499055862426758,0.7499055862426758,,
411,2883,0.6603531837463379,0.7628728747367859,,0.6603531837463379,,,,,,
412,2884,,,1.1398319005966187,,1.0372748374938965,1.0372748374938965,,,,
412,2885,,,0.5401264429092407,,0.4375610053539276,0.4375610053539276,,,,
412,2886,,,0.6622464656829834,,0.5596718192100525,0.5596718192100525,,,,
412,2887,,,0.8577187657356262,,0.7551328539848328,0.7551328539848328,,,,
412,2888,,,0.5817151069641113,,0.47912174463272095,0.47912174463272095,,,,
412,2889,,,0.5489745140075684,,0.446372926235199,0.446372926235199,,,,
412,2890,,,1.3690158128738403,,1.266404628753662,1.266404628753662,,,,
,412,,,,,,,,,0.7606168389320374,0.7606168389320374
412,2890,,,,,,,0.7606168389320374,0.7606168389320374,,
412,2890,0.6572607159614563,0.7598422169685364,,0.6572607159614563,,,,,,
413,2891,,,0.4398899972438812,,0.33727124333381653,0.33727124333381653,,,,
413,2892,,,0.8979345560073853,,0.7953073978424072,0.7953073978424072,,,,
413,2893,,,0.6566684246063232,,0.5540286302566528,0.5540286302566528,,,,
413,2894,,,0.9244704842567444,,0.8218217492103577,0.8218217492103577,,,,
413,2895,,,1.0904396772384644,,0.9877814650535583,0.9877814650535583,,,,
413,2896,,,0.5747724771499634,,0.4721079170703888,0.4721079170703888,,,,
413,2897,,,0.6395081281661987,,0.5368350148200989,0.5368350148200989,,,,
,413,,,,,,,,,0.7678089737892151,0.7678089737892151
413,2897,,,,,,,0.7678089737892151,0.7678089737892151,,
413,2897,0.6540598273277283,0.7567045092582703,,0.6540598273277283,,,,,,
414,2898,,,0.4288973808288574,,0.326215535402298,0.326215535402298,,,,
414,2899,,,0.8147338032722473,,0.7120433449745178,0.7120433449745178,,,,
414,2900,,,0.5800934433937073,,0.47739288210868835,0.47739288210868835,,,,
414,2901,,,0.9494756460189819,,0.8467654585838318,0.8467654585838318,,,,
414,2902,,,0.5494179129600525,,0.4466983377933502,0.4466983377933502,,,,
414,2903,,,1.2710999250411987,,1.1683703660964966,1.1683703660964966,,,,
414,2904,,,0.5762493014335632,,0.4735131859779358,0.4735131859779358,,,,
,414,,,,,,,,,0.7593914866447449,0.7593914866447449
414,2904,,,,,,,0.7593914866447449,0.7593914866447449,,
414,2904,0.6517730951309204,0.754480242729187,,0.6517730951309204,,,,,,
415,2905,,,0.6984949707984924,,0.5957502722740173,0.5957502722740173,,,,
415,2906,,,0.7779949903488159,,0.6752387285232544,0.6752387285232544,,,,
415,2907,,,0.5570842027664185,,0.45431774854660034,0.45431774854660034,,,,
415,2908,,,1.4514752626419067,,1.3486989736557007,1.3486989736557007,,,,
415,2909,,,0.4356110692024231,,0.33282631635665894,0.33282631635665894,,,,
415,2910,,,0.7425034642219543,,0.6397104263305664,0.6397104263305664,,,,
415,2911,,,0.3356376588344574,,0.2328375279903412,0.2328375279903412,,,,
,415,,,,,,,,,0.7435984015464783,0.7435984015464783
415,2911,,,,,,,0.7435984015464783,0.7435984015464783,,
415,2911,0.6484480500221252,0.7512200474739075,,0.6484480500221252,,,,,,
416,2912,,,1.2274202108383179,,1.1246129274368286,1.1246129274368286,,,,
416,2913,,,0.5815215706825256,,0.47871002554893494,0.47871002554893494,,,,
416,2914,,,0.8068414926528931,,0.7040227055549622,0.7040227055549622,,,,
416,2915,,,0.7038341164588928,,0.6010071039199829,0.6010071039199829,,,,
416,2916,,,0.7511016726493835,,0.6482626795768738,0.6482626795768738,,,,
416,2917,,,0.5497283339500427,,0.4468795657157898,0.4468795657157898,,,,
416,2918,,,0.4062327742576599,,0.3033747375011444,0.3033747375011444,,,,
,416,,,,,,,,,0.7341728210449219,0.7341728210449219
416,2918,,,,,,,0.7341728210449219,0.7341728210449219,,
416,2918,0.6458448767662048,0.7486720085144043,,0.6458448767662048,,,,,,
417,2919,,,0.8281681537628174,,0.7253020405769348,0.7253020405769348,,,,
417,2920,,,0.7782193422317505,,0.6753435730934143,0.6753435730934143,,,,
417,2921,,,0.527394711971283,,0.42451012134552,0.42451012134552,,,,
417,2922,,,0.6095967888832092,,0.5067031979560852,0.5067031979560852,,,,
417,2923,,,0.5529928803443909,,0.45009031891822815,0.45009031891822815,,,,
417,2924,,,0.657257616519928,,0.5543463826179504,0.5543463826179504,,,,
417,2925,,,2.1365904808044434,,2.03367018699646,2.03367018699646,,,,
,417,,,,,,,,,0.7215079665184021,0.7215079665184021
417,2925,,,,,,,0.7215079665184021,0.7215079665184021,,
417,2925,0.6429681181907654,0.7458589673042297,,0.6429681181907654,,,,,,
418,2926,,,0.6890122890472412,,0.5860854983329773,0.5860854983329773,,,,
418,2927,,,0.6741048097610474,,0.5711708664894104,0.5711708664894104,,,,
418,2928,,,0.5110397934913635,,0.40809550881385803,0.40809550881385803,,,,
418,2929,,,1.0708603858947754,,0.9679056406021118,0.9679056406021118,,,,
418,2930,,,0.8943427205085754,,0.7913788557052612,0.7913788557052612,,,,
418,2931,,,0.6313120722770691,,0.5283408761024475,0.5283408761024475,,,,
418,2932,,,0.7173130512237549,,0.6143332719802856,0.6143332719802856,,,,
,418,,,,,,,,,0.7134989500045776,0.7134989500045776
418,2932,,,,,,,0.7134989500045776,0.7134989500045776,,
418,2932,0.6405258178710938,0.7434768080711365,,0.6405258178710938,,,,,,
419,2933,,,0.563726007938385,,0.46073898673057556,0.46073898673057556,,,,
419,2934,,,0.5918013453483582,,0.4888072907924652,0.4888072907924652,,,,
419,2935,,,1.0391426086425781,,0.9361408352851868,0.9361408352851868,,,,
419,2936,,,0.6585370898246765,,0.5555266737937927,0.5555266737937927,,,,
419,2937,,,0.8222058415412903,,0.719186544418335,0.719186544418335,,,,
419,2938,,,0.8784797787666321,,0.7754505276679993,0.7754505276679993,,,,
419,2939,,,0.4383612871170044,,0.33532243967056274,0.33532243967056274,,,,
,419,,,,,,,,,0.707190752029419,0.707190752029419
419,2939,,,,,,,0.7071908116340637,0.7071908116340637,,
419,2939,0.6371132135391235,0.7401220202445984,,0.6371132135391235,,,,,,
420,2940,,,1.106769323348999,,1.0037238597869873,1.0037238597869873,,,,
420,2941,,,0.5956337451934814,,0.4925806224346161,0.4925806224346161,,,,
420,2942,,,0.5020148158073425,,0.3989565968513489,0.3989565968513489,,,,
420,2943,,,0.622466504573822,,0.5194000601768494,0.5194000601768494,,,,
420,2944,,,0.7439603805541992,,0.640883207321167,0.640883207321167,,,,
420,2945,,,0.7227206230163574,,0.619634211063385,0.619634211063385,,,,
420,2946,,,1.0858513116836548,,0.9827572703361511,0.9827572703361511,,,,
,420,,,,,,,,,0.6989741921424866,0.6989741921424866
420,2946,,,,,,,0.6989741921424866,0.6989741921424866,,
420,2946,0.634307861328125,0.7373741269111633,,0.634307861328125,,,,,,
421,2947,,,0.698767364025116,,0.5956594347953796,0.5956594347953796,,,,
421,2948,,,1.2528271675109863,,1.149711012840271,1.149711012840271,,,,
421,2949,,,0.47548162937164307,,0.37235531210899353,0.37235531210899353,,,,
421,2950,,,0.6829172968864441,,0.5797810554504395,0.5797810554504395,,,,
421,2951,,,0.7068178653717041,,0.6036713719367981,0.6036713719367981,,,,
421,2952,,,0.6737431883811951,,0.5705872774124146,0.5705872774124146,,,,
421,2953,,,0.5191749334335327,,0.4160098433494568,0.4160098433494568,,,,
,421,,,,,,,,,0.6906083822250366,0.6906083822250366
421,2953,,,,,,,0.6906083822250366,0.6906083822250366,,
421,2953,0.6318068504333496,0.7349404692649841,,0.6318068504333496,,,,,,
422,2954,,,0.7105017304420471,,0.6073321104049683,0.6073321104049683,,,,
422,2955,,,0.4295297861099243,,0.32635176181793213,0.32635176181793213,,,,
422,2956,,,1.120058536529541,,1.0168718099594116,1.0168718099594116,,,,
422,2957,,,0.6777358055114746,,0.574540913105011,0.574540913105011,,,,
422,2958,,,0.9298515915870667,,0.8266460299491882,0.8266460299491882,,,,
422,2959,,,0.5384224653244019,,0.435208797454834,0.435208797454834,,,,
422,2960,,,0.6979067921638489,,0.5946845412254333,0.5946845412254333,,,,
,422,,,,,,,,,0.6975763440132141,0.6975763440132141
422,2960,,,,,,,0.6975763440132141,0.6975763440132141,,
422,2960,0.6290130615234375,0.7322062253952026,,0.6290130615234375,,,,,,
423,2961,,,0.844778835773468,,0.7415493130683899,0.7415493130683899,,,,
423,2962,,,0.7203508019447327,,0.6171157956123352,0.6171157956123352,,,,
423,2963,,,1.0421342849731445,,0.9388892650604248,0.9388892650604248,,,,
423,2964,,,0.5622397661209106,,0.4589868485927582,0.4589868485927582,,,,
423,2965,,,0.7379217147827148,,0.634660005569458,0.634660005569458,,,,
423,2966,,,0.47133737802505493,,0.36806488037109375,0.36806488037109375,,,,
423,2967,,,0.728898286819458,,0.6256189942359924,0.6256189942359924,,,,
,423,,,,,,,,,0.6884480118751526,0.6884480118751526
423,2967,,,,,,,0.6884480118751526,0.6884480118751526,,
423,2967,0.6264899373054504,0.729741096496582,,0.6264899373054504,,,,,,
424,2968,,,0.7062429785728455,,0.6029514074325562,0.6029514074325562,,,,
424,2969,,,0.6742542386054993,,0.5709534883499146,0.5709534883499146,,,,
424,2970,,,0.6788280606269836,,0.5755174160003662,0.5755174160003662,,,,
424,2971,,,0.5315504670143127,,0.4282289147377014,0.4282289147377014,,,,
424,2972,,,0.4923878312110901,,0.3890557289123535,0.3890557289123535,,,,
424,2973,,,0.7477690577507019,,0.6444289684295654,0.6444289684295654,,,,
424,2974,,,2.148900270462036,,2.0455517768859863,2.0455517768859863,,,,
,424,,,,,,,,,0.6712512969970703,0.6712512969970703
424,2974,,,,,,,0.6712512969970703,0.6712512969970703,,
424,2974,0.6240341663360596,0.7273522019386292,,0.6240341663360596,,,,,,
425,2975,,,0.7440198063850403,,0.6406667828559875,0.6406667828559875,,,,
425,2976,,,0.3881377875804901,,0.28477463126182556,0.28477463126182556,,,,
425,2977,,,0.6812117099761963,,0.57784104347229,0.57784104347229,,,,
425,2978,,,0.8548001646995544,,0.7514199614524841,0.7514199614524841,,,,
425,2979,,,0.6441491842269897,,0.5407589673995972,0.5407589673995972,,,,
425,2980,,,0.8992178440093994,,0.7958186268806458,0.7958186268806458,,,,
425,2981,,,1.0896910429000854,,0.9862860441207886,0.9862860441207886,,,,
,425,,,,,,,,,0.6474666595458984,0.6474666595458984
425,2981,,,,,,,0.6474666595458984,0.6474666595458984,,
425,2981,0.6213548183441162,0.7247326374053955,,0.6213548183441162,,,,,,
426,2982,,,0.5100550651550293,,0.40664157271385193,0.40664157271385193,,,,
426,2983,,,0.5428522229194641,,0.43943092226982117,0.43943092226982117,,,,
426,2984,,,0.5430023670196533,,0.43957096338272095,0.43957096338272095,,,,
426,2985,,,1.5248057842254639,,1.4213649034500122,1.4213649034500122,,,,
426,2986,,,0.5507824420928955,,0.4473363161087036,0.4473363161087036,,,,
426,2987,,,0.6035392880439758,,0.5000852942466736,0.5000852942466736,,,,
426,2988,,,0.8827105760574341,,0.779247522354126,0.779247522354126,,,,
,426,,,,,,,,,0.629119336605072,0.629119336605072
426,2988,,,,,,,0.629119336605072,0.629119336605072,,
426,2988,0.619081974029541,0.722518265247345,,0.619081974029541,,,,,,
427,2989,,,0.8441073894500732,,0.7406330704689026,0.7406330704689026,,,,
427,2990,,,0.4856890141963959,,0.38220593333244324,0.38220593333244324,,,,
427,2991,,,0.5271037220954895,,0.42361170053482056,0.42361170053482056,,,,
427,2992,,,0.6323708295822144,,0.5288718938827515,0.5288718938827515,,,,
427,2993,,,0.48706191778182983,,0.3835519552230835,0.3835519552230835,,,,
427,2994,,,1.20405113697052,,1.1005316972732544,1.1005316972732544,,,,
427,2995,,,1.1018511056900024,,0.9983236789703369,0.9983236789703369,,,,
,427,,,,,,,,,0.6208651065826416,0.6208651065826416
427,2995,,,,,,,0.6208651661872864,0.6208651661872864,,
427,2995,0.6170631647109985,0.7205613255500793,,0.6170631647109985,,,,,,
428,2996,,,0.6198801398277283,,0.5163453817367554,0.5163453817367554,,,,
428,2997,,,0.412661075592041,,0.30911946296691895,0.30911946296691895,,,,
428,2998,,,0.5117702484130859,,0.40822041034698486,0.40822041034698486,,,,
428,2999,,,0.5173633694648743,,0.41380399465560913,0.41380399465560913,,,,
428,3000,,,0.8646281957626343,,0.7610600590705872,0.7610600590705872,,,,
428,3001,,,0.8150510787963867,,0.711473822593689,0.711473822593689,,,,
428,3002,,,2.2332510948181152,,2.129664421081543,2.129664421081543,,,,
,428,,,,,,,,,0.6095101833343506,0.6095101833343506
428,3002,,,,,,,0.6095101237297058,0.6095101237297058,,
428,3002,0.6146897673606873,0.7182467579841614,,0.6146897673606873,,,,,,
429,3003,,,0.33938294649124146,,0.23579055070877075,0.23579055070877075,,,,
429,3004,,,0.3861507773399353,,0.28255152702331543,0.28255152702331543,,,,
429,3005,,,1.1115766763687134,,1.0079686641693115,1.0079686641693115,,,,
429,3006,,,1.1871802806854248,,1.0835647583007812,1.0835647583007812,,,,
429,3007,,,0.7256295084953308,,0.6220058798789978,0.6220058798789978,,,,
429,3008,,,0.6957123279571533,,0.5920798182487488,0.5920798182487488,,,,
429,3009,,,0.32252615690231323,,0.2188844084739685,0.2188844084739685,,,,
,429,,,,,,,,,0.6007420420646667,0.6007420420646667
429,3009,,,,,,,0.6007420420646667,0.6007420420646667,,
429,3009,0.6127126216888428,0.7163262367248535,,0.6127126216888428,,,,,,
430,3010,,,0.7711039781570435,,0.6674538850784302,0.6674538850784302,,,,
430,3011,,,0.4579150974750519,,0.3542543351650238,0.3542543351650238,,,,
430,3012,,,0.7873886227607727,,0.6837220788002014,0.6837220788002014,,,,
430,3013,,,0.47271376848220825,,0.36903810501098633,0.36903810501098633,,,,
430,3014,,,1.0214110612869263,,0.9177253246307373,0.9177253246307373,,,,
430,3015,,,0.6552983522415161,,0.5516061186790466,0.5516061186790466,,,,
430,3016,,,1.0280647277832031,,0.9243635535240173,0.9243635535240173,,,,
,430,,,,,,,,,0.5892555117607117,0.5892555117607117
430,3016,,,,,,,0.5892555117607117,0.5892555117607117,,
430,3016,0.6102644801139832,0.7139379978179932,,0.6102644801139832,,,,,,
431,3017,,,0.7437583804130554,,0.640049397945404,0.640049397945404,,,,
431,3018,,,1.2107799053192139,,1.1070595979690552,1.1070595979690552,,,,
431,3019,,,0.6051135063171387,,0.5013862252235413,0.5013862252235413,,,,
431,3020,,,0.8195685148239136,,0.7158311605453491,0.7158311605453491,,,,
431,3021,,,0.42434364557266235,,0.32059839367866516,0.32059839367866516,,,,
431,3022,,,0.6039742827415466,,0.5002216100692749,0.5002216100692749,,,,
431,3023,,,0.351818323135376,,0.24805858731269836,0.24805858731269836,,,,
,431,,,,,,,,,0.5742224454879761,0.5742224454879761
431,3023,,,,,,,0.5742224454879761,0.5742224454879761,,
431,3023,0.6083400845527649,0.7120737433433533,,0.6083400845527649,,,,,,
432,3024,,,0.6597436666488647,,0.5559751391410828,0.5559751391410828,,,,
432,3025,,,0.5569989681243896,,0.45322057604789734,0.45322057604789734,,,,
432,3026,,,1.1120208501815796,,1.0082341432571411,1.0082341432571411,,,,
432,3027,,,0.6933912038803101,,0.589597761631012,0.589597761631012,,,,
432,3028,,,0.8318556547164917,,0.7280547022819519,0.7280547022819519,,,,
432,3029,,,0.5460870265960693,,0.4422774910926819,0.4422774910926819,,,,
432,3030,,,0.3309922516345978,,0.22717371582984924,0.22717371582984924,,,,
,432,,,,,,,,,0.5678130984306335,0.5678130984306335
432,3030,,,,,,,0.5678130984306335,0.5678130984306335,,
432,3030,0.605890154838562,0.7096815705299377,,0.605890154838562,,,,,,
433,3031,,,1.4348119497299194,,1.3309860229492188,1.3309860229492188,,,,
433,3032,,,0.7688394784927368,,0.6650061011314392,0.6650061011314392,,,,
433,3033,,,0.36513808369636536,,0.2612951695919037,0.2612951695919037,,,,
433,3034,,,0.7025446891784668,,0.5986948013305664,0.5986948013305664,,,,
433,3035,,,0.4198910593986511,,0.31603488326072693,0.31603488326072693,,,,
433,3036,,,0.5186379551887512,,0.41477134823799133,0.41477134823799133,,,,
433,3037,,,0.8108941912651062,,0.7070192098617554,0.7070192098617554,,,,
,433,,,,,,,,,0.5806388258934021,0.5806388258934021
433,3037,,,,,,,0.5806388258934021,0.5806388258934021,,
433,3037,0.6042227745056152,0.7080703377723694,,0.6042227745056152,,,,,,
434,3038,,,1.0891708135604858,,0.9852880835533142,0.9852880835533142,,,,
434,3039,,,0.7093365788459778,,0.6054441928863525,0.6054441928863525,,,,
434,3040,,,0.5017282962799072,,0.39782804250717163,0.39782804250717163,,,,
434,3041,,,0.9252693057060242,,0.8213585615158081,0.8213585615158081,,,,
434,3042,,,0.5098379254341125,,0.40592142939567566,0.40592142939567566,,,,
434,3043,,,0.5466840863227844,,0.44275835156440735,0.44275835156440735,,,,
434,3044,,,0.5752162337303162,,0.47128424048423767,0.47128424048423767,,,,
,434,,,,,,,,,0.5898152589797974,0.5898152589797974
434,3044,,,,,,,0.5898152589797974,0.5898152589797974,,
434,3044,0.6016204357147217,0.7055267691612244,,0.6016204357147217,,,,,,
435,3045,,,0.9826374053955078,,0.8786951899528503,0.8786951899528503,,,,
435,3046,,,0.5258152484893799,,0.42186692357063293,0.42186692357063293,,,,
435,3047,,,0.6205254793167114,,0.5165703892707825,0.5165703892707825,,,,
435,3048,,,0.607761561870575,,0.5037975907325745,0.5037975907325745,,,,
435,3049,,,1.058578610420227,,0.9546058177947998,0.9546058177947998,,,,
435,3050,,,0.4688264727592468,,0.364845335483551,0.364845335483551,,,,
435,3051,,,0.5841264128684998,,0.48013484477996826,0.48013484477996826,,,,
,435,,,,,,,,,0.6022876501083374,0.6022876501083374
435,3051,,,,,,,0.6022876501083374,0.6022876501083374,,
435,3051,0.5992833971977234,0.7032458782196045,,0.5992833971977234,,,,,,
436,3052,,,0.594464898109436,,0.4904658794403076,0.4904658794403076,,,,
436,3053,,,1.0698258876800537,,0.9658183455467224,0.9658183455467224,,,,
436,3054,,,0.6651481986045837,,0.5611313581466675,0.5611313581466675,,,,
436,3055,,,0.8222054839134216,,0.7181808352470398,0.7181808352470398,,,,
436,3056,,,0.7130595445632935,,0.609027087688446,0.609027087688446,,,,
436,3057,,,0.5040501356124878,,0.4000087082386017,0.4000087082386017,,,,
436,3058,,,0.2716466188430786,,0.16759686172008514,0.16759686172008514,,,,
,436,,,,,,,,,0.6019225120544434,0.6019225120544434
436,3058,,,,,,,0.6019225120544434,0.6019225120544434,,
436,3058,0.5972519516944885,0.701274037361145,,0.5972519516944885,,,,,,
437,3059,,,0.3499904274940491,,0.24593350291252136,0.24593350291252136,,,,
437,3060,,,0.7433747053146362,,0.6393105387687683,0.6393105387687683,,,,
437,3061,,,0.59661465883255,,0.49253958463668823,0.49253958463668823,,,,
437,3062,,,0.5294251441955566,,0.4253413677215576,0.4253413677215576,,,,
437,3063,,,0.9777313470840454,,0.8736361265182495,0.8736361265182495,,,,
437,3064,,,1.0369176864624023,,0.9328165650367737,0.9328165650367737,,,,
437,3065,,,0.5930483341217041,,0.4889404773712158,0.4889404773712158,,,,
,437,,,,,,,,,0.6009089350700378,0.6009089350700378
437,3065,,,,,,,0.6009089350700378,0.6009089350700378,,
437,3065,0.5949694514274597,0.6990505456924438,,0.5949694514274597,,,,,,
438,3066,,,0.7728760838508606,,0.6687613129615784,0.6687613129615784,,,,
438,3067,,,0.9569444060325623,,0.8528199195861816,0.8528199195861816,,,,
438,3068,,,0.37999969720840454,,0.2758684456348419,0.2758684456348419,,,,
438,3069,,,0.8937700390815735,,0.7896322011947632,0.7896322011947632,,,,
438,3070,,,0.6029461622238159,,0.49880096316337585,0.49880096316337585,,,,
438,3071,,,0.43518906831741333,,0.3310343623161316,0.3310343623161316,,,,
438,3072,,,1.0699557065963745,,0.9657931327819824,0.9657931327819824,,,,
,438,,,,,,,,,0.6038447022438049,0.6038447022438049
438,3072,,,,,,,0.6038447022438049,0.6038447022438049,,
438,3072,0.5927984118461609,0.696934700012207,,0.5927984118461609,,,,,,
439,3073,,,0.5382660031318665,,0.43409407138824463,0.43409407138824463,,,,
439,3074,,,0.5765392780303955,,0.47235897183418274,0.47235897183418274,,,,
439,3075,,,0.6111161112785339,,0.5069276094436646,0.5069276094436646,,,,
439,3076,,,0.49521881341934204,,0.39101967215538025,0.39101967215538025,,,,
439,3077,,,0.5359544157981873,,0.43174660205841064,0.43174660205841064,,,,
439,3078,,,1.06874418258667,,0.9645282626152039,0.9645282626152039,,,,
439,3079,,,1.6077393293380737,,1.503516674041748,1.503516674041748,,,,
,439,,,,,,,,,0.6005934476852417,0.6005934476852417
439,3079,,,,,,,0.6005934476852417,0.6005934476852417,,
439,3079,0.5905088782310486,0.6947044730186462,,0.5905088782310486,,,,,,
440,3080,,,0.6556614637374878,,0.55143141746521,0.55143141746521,,,,
440,3081,,,0.33991777896881104,,0.23567809164524078,0.23567809164524078,,,,
440,3082,,,0.6409352421760559,,0.5366899371147156,0.5366899371147156,,,,
440,3083,,,0.5067674517631531,,0.40251344442367554,0.40251344442367554,,,,
440,3084,,,0.773881733417511,,0.669619083404541,0.669619083404541,,,,
440,3085,,,0.8138337135314941,,0.7095624804496765,0.7095624804496765,,,,
440,3086,,,1.8264646530151367,,1.722184181213379,1.722184181213379,,,,
,440,,,,,,,,,0.583001434803009,0.583001434803009
440,3086,,,,,,,0.583001434803009,0.583001434803009,,
440,3086,0.5884413719177246,0.6926935911178589,,0.5884413719177246,,,,,,
441,3087,,,0.4690585136413574,,0.36477357149124146,0.36477357149124146,,,,
441,3088,,,1.2258448600769043,,1.1215521097183228,1.1215521097183228,,,,
441,3089,,,0.49094223976135254,,0.38664111495018005,0.38664111495018005,,,,
441,3090,,,0.8099780678749084,,0.7056679129600525,0.7056679129600525,,,,
441,3091,,,0.5286417007446289,,0.42432308197021484,0.42432308197021484,,,,
441,3092,,,0.7284724712371826,,0.6241462826728821,0.6241462826728821,,,,
441,3093,,,0.40203389525413513,,0.29770219326019287,0.29770219326019287,,,,
,441,,,,,,,,,0.5591624975204468,0.5591624975204468
441,3093,,,,,,,0.5591624975204468,0.5591624975204468,,
441,3093,0.5864694118499756,0.690776526927948,,0.5864694118499756,,,,,,
442,3094,,,0.4135248064994812,,0.30918213725090027,0.30918213725090027,,,,
442,3095,,,1.2497442960739136,,1.145395278930664,1.145395278930664,,,,
442,3096,,,0.5383241176605225,,0.4339674413204193,0.4339674413204193,,,,
442,3097,,,0.4304412305355072,,0.3260771930217743,0.3260771930217743,,,,
442,3098,,,0.8168436288833618,,0.7124723792076111,0.7124723792076111,,,,
442,3099,,,0.8423806428909302,,0.7380018830299377,0.7380018830299377,,,,
442,3100,,,0.2610297203063965,,0.15663892030715942,0.15663892030715942,,,,
,442,,,,,,,,,0.5448538661003113,0.5448538661003113
442,3100,,,,,,,0.5448538661003113,0.5448538661003113,,
442,3100,0.584131121635437,0.6884932518005371,,0.584131121635437,,,,,,
443,3101,,,0.5078699588775635,,0.4034726321697235,0.4034726321697235,,,,
443,3102,,,0.5879500508308411,,0.48354431986808777,0.48354431986808777,,,,
443,3103,,,0.5291864275932312,,0.4247725009918213,0.4247725009918213,,,,
443,3104,,,1.058226227760315,,0.9538042545318604,0.9538042545318604,,,,
443,3105,,,0.8494341373443604,,0.7450062036514282,0.7450062036514282,,,,
443,3106,,,0.622192919254303,,0.5177568197250366,0.5177568197250366,,,,
443,3107,,,0.6020877361297607,,0.4976445138454437,0.4976445138454437,,,,
,443,,,,,,,,,0.5314545035362244,0.5314545035362244
443,3107,,,,,,,0.5314545035362244,0.5314545035362244,,
443,3107,0.5827409625053406,0.6871596574783325,,0.5827409625053406,,,,,,
444,3108,,,0.28700390458106995,,0.18254725635051727,0.18254725635051727,,,,
444,3109,,,0.627274751663208,,0.5228105783462524,0.5228105783462524,,,,
444,3110,,,0.9003039598464966,,0.7958321571350098,0.7958321571350098,,,,
444,3111,,,0.4476813077926636,,0.34319818019866943,0.34319818019866943,,,,
444,3112,,,0.860230028629303,,0.7557379603385925,0.7557379603385925,,,,
444,3113,,,1.1066807508468628,,1.002181053161621,1.002181053161621,,,,
444,3114,,,0.3673100471496582,,0.2628038823604584,0.2628038823604584,,,,
,444,,,,,,,,,0.5167719721794128,0.5167719721794128
444,3114,,,,,,,0.5167719721794128,0.5167719721794128,,
444,3114,0.5805268287658691,0.6850063800811768,,0.5805268287658691,,,,,,
445,3115,,,0.8577539920806885,,0.7532369494438171,0.7532369494438171,,,,
445,3116,,,1.2992748022079468,,1.1947470903396606,1.1947470903396606,,,,
445,3117,,,0.3990994989871979,,0.29456448554992676,0.29456448554992676,,,,
445,3118,,,0.5248478055000305,,0.4203058183193207,0.4203058183193207,,,,
445,3119,,,0.570324718952179,,0.46577581763267517,0.46577581763267517,,,,
445,3120,,,0.4951704740524292,,0.3906117081642151,0.3906117081642151,,,,
445,3121,,,0.5594667792320251,,0.45490068197250366,0.45490068197250366,,,,
,445,,,,,,,,,0.5086652040481567,0.5086652040481567
445,3121,,,,,,,0.5086652040481567,0.5086652040481567,,
445,3121,0.5787967443466187,0.6833366751670837,,0.5787967443466187,,,,,,
446,3122,,,0.6901735067367554,,0.5855976939201355,0.5855976939201355,,,,
446,3123,,,0.6538193821907043,,0.5492361187934875,0.5492361187934875,,,,
446,3124,,,0.6403632164001465,,0.535771906375885,0.535771906375885,,,,
446,3125,,,0.34029799699783325,,0.2356969565153122,0.2356969565153122,,,,
446,3126,,,0.6990890502929688,,0.5944796800613403,0.5944796800613403,,,,
446,3127,,,0.6775741577148438,,0.5729535818099976,0.5729535818099976,,,,
446,3128,,,1.7130107879638672,,1.6083825826644897,1.6083825826644897,,,,
,446,,,,,,,,,0.506028413772583,0.506028413772583
446,3128,,,,,,,0.506028413772583,0.506028413772583,,
446,3128,0.5767653584480286,0.6813641786575317,,0.5767653584480286,,,,,,
447,3129,,,0.9721643924713135,,0.8675356507301331,0.8675356507301331,,,,
447,3130,,,0.6423893570899963,,0.5377563834190369,0.5377563834190369,,,,
447,3131,,,0.47239622473716736,,0.36775636672973633,0.36775636672973633,,,,
447,3132,,,0.3712084889411926,,0.2665591239929199,0.2665591239929199,,,,
447,3133,,,0.79732745885849,,0.6926718354225159,0.6926718354225159,,,,
447,3134,,,0.8354877233505249,,0.7308231592178345,0.7308231592178345,,,,
447,3135,,,0.648107647895813,,0.5434353351593018,0.5434353351593018,,,,
,447,,,,,,,,,0.5110941529273987,0.5110941529273987
447,3135,,,,,,,0.5110941529273987,0.5110941529273987,,
447,3135,0.5751985311508179,0.6798453330993652,,0.5751985311508179,,,,,,
448,3136,,,1.1716246604919434,,1.0669450759887695,1.0669450759887695,,,,
448,3137,,,0.45671436190605164,,0.3520275056362152,0.3520275056362152,,,,
448,3138,,,0.9761497378349304,,0.8714566826820374,0.8714566826820374,,,,
448,3139,,,0.6328023076057434,,0.5281000137329102,0.5281000137329102,,,,
448,3140,,,0.338478147983551,,0.23376767337322235,0.23376767337322235,,,,
448,3141,,,0.6452037692070007,,0.5404859185218811,0.5404859185218811,,,,
448,3142,,,0.25658029317855835,,0.15185408294200897,0.15185408294200897,,,,
,448,,,,,,,,,0.5166990160942078,0.5166990160942078
448,3142,,,,,,,0.5166990160942078,0.5166990160942078,,
448,3142,0.5725064277648926,0.6772063970565796,,0.5725064277648926,,,,,,
449,3143,,,0.4248039424419403,,0.3200724422931671,0.3200724422931671,,,,
449,3144,,,0.44385826587677,,0.339120477437973,0.339120477437973,,,,
449,3145,,,0.4356292486190796,,0.3308834731578827,0.3308834731578827,,,,
449,3146,,,1.1136313676834106,,1.008878469467163,1.008878469467163,,,,
449,3147,,,0.6028977632522583,,0.49813756346702576,0.49813756346702576,,,,
449,3148,,,1.0820215940475464,,0.9772536754608154,0.9772536754608154,,,,
449,3149,,,0.5369117856025696,,0.43213480710983276,0.43213480710983276,,,,
,449,,,,,,,,,0.5250916481018066,0.5250916481018066
449,3149,,,,,,,0.5250916481018066,0.5250916481018066,,
449,3149,0.5704151391983032,0.6751661896705627,,0.5704151391983032,,,,,,
450,3150,,,0.3325028717517853,,0.2277200073003769,0.2277200073003769,,,,
450,3151,,,0.9239153265953064,,0.8191254734992981,0.8191254734992981,,,,
450,3152,,,0.7319306135177612,,0.6271337270736694,0.6271337270736694,,,,
450,3153,,,0.4355284869670868,,0.33072298765182495,0.33072298765182495,,,,
450,3154,,,0.49408572912216187,,0.38927140831947327,0.38927140831947327,,,,
450,3155,,,0.610620379447937,,0.5057986378669739,0.5057986378669739,,,,
450,3156,,,2.0353469848632812,,1.9305164813995361,1.9305164813995361,,,,
,450,,,,,,,,,0.5288434624671936,0.5288434624671936
450,3156,,,,,,,0.5288434624671936,0.5288434624671936,,
450,3156,0.5684260129928589,0.6732295751571655,,0.5684260129928589,,,,,,
451,3157,,,0.529603123664856,,0.4247698485851288,0.4247698485851288,,,,
451,3158,,,1.3065509796142578,,1.2017096281051636,1.2017096281051636,,,,
451,3159,,,0.4835139811038971,,0.3786681592464447,0.3786681592464447,,,,
451,3160,,,0.5691327452659607,,0.4642794728279114,0.4642794728279114,,,,
451,3161,,,0.7562420964241028,,0.6513821482658386,0.6513821482658386,,,,
451,3162,,,0.47194796800613403,,0.3670803904533386,0.3670803904533386,,,,
451,3163,,,0.43375515937805176,,0.3288798928260803,0.3288798928260803,,,,
,451,,,,,,,,,0.5219857692718506,0.5219857692718506
451,3163,,,,,,,0.5219857692718506,0.5219857692718506,,
451,3163,0.5664658546447754,0.6713175177574158,,0.5664658546447754,,,,,,
452,3164,,,0.6277990341186523,,0.5229128003120422,0.5229128003120422,,,,
452,3165,,,0.5647521615028381,,0.4598569869995117,0.4598569869995117,,,,
452,3166,,,0.45301711559295654,,0.3481127619743347,0.3481127619743347,,,,
452,3167,,,0.6176061630249023,,0.5126927495002747,0.5126927495002747,,,,
452,3168,,,1.0263450145721436,,0.9214235544204712,0.9214235544204712,,,,
452,3169,,,0.7680816054344177,,0.6631549596786499,0.6631549596786499,,,,
452,3170,,,0.5644811391830444,,0.45954638719558716,0.45954638719558716,,,,
,452,,,,,,,,,0.5160108804702759,0.5160108804702759
452,3170,,,,,,,0.5160108804702759,0.5160108804702759,,
452,3170,0.5647817850112915,0.6696912050247192,,0.5647817850112915,,,,,,
453,3171,,,0.6447975635528564,,0.5398558974266052,0.5398558974266052,,,,
453,3172,,,0.4916280508041382,,0.38667622208595276,0.38667622208595276,,,,
453,3173,,,0.5491222143173218,,0.4441627264022827,0.4441627264022827,,,,
453,3174,,,1.4339778423309326,,1.329010248184204,1.329010248184204,,,,
453,3175,,,0.4688221216201782,,0.36384862661361694,0.36384862661361694,,,,
453,3176,,,0.347276508808136,,0.2422933578491211,0.2422933578491211,,,,
453,3177,,,0.8554085493087769,,0.7504205107688904,0.7504205107688904,,,,
,453,,,,,,,,,0.5194761753082275,0.5194761753082275
453,3177,,,,,,,0.5194761753082275,0.5194761753082275,,
453,3177,0.5627066493034363,0.6676709651947021,,0.5627066493034363,,,,,,
454,3178,,,0.5448634028434753,,0.4398658573627472,0.4398658573627472,,,,
454,3179,,,0.3776586949825287,,0.27265337109565735,0.27265337109565735,,,,
454,3180,,,0.8399980068206787,,0.7349845170974731,0.7349845170974731,,,,
454,3181,,,0.48286983370780945,,0.3778477907180786,0.3778477907180786,,,,
454,3182,,,0.5158723592758179,,0.4108419716358185,0.4108419716358185,,,,
454,3183,,,1.0722274780273438,,0.967187225818634,0.967187225818634,,,,
454,3184,,,1.0981873273849487,,0.9931417107582092,0.9931417107582092,,,,
,454,,,,,,,,,0.517528235912323,0.517528235912323
454,3184,,,,,,,0.517528235912323,0.517528235912323,,
454,3184,0.560911238193512,0.6659310460090637,,0.560911238193512,,,,,,
455,3185,,,0.6409438848495483,,0.5358917713165283,0.5358917713165283,,,,
455,3186,,,0.44633495807647705,,0.3412747085094452,0.3412747085094452,,,,
455,3187,,,0.6616966724395752,,0.5566284656524658,0.5566284656524658,,,,
455,3188,,,0.5430930256843567,,0.43801674246788025,0.43801674246788025,,,,
455,3189,,,0.539985716342926,,0.43490055203437805,0.43490055203437805,,,,
455,3190,,,1.2400001287460327,,1.1349072456359863,1.1349072456359863,,,,
455,3191,,,0.42718052864074707,,0.3220825791358948,0.3220825791358948,,,,
,455,,,,,,,,,0.5117708444595337,0.5117708444595337
455,3191,,,,,,,0.5117708444595337,0.5117708444595337,,
455,3191,0.558807909488678,0.6638818383216858,,0.558807909488678,,,,,,
456,3192,,,0.8870164155960083,,0.7819086909294128,0.7819086909294128,,,,
456,3193,,,0.5493472218513489,,0.44423341751098633,0.44423341751098633,,,,
456,3194,,,0.49946027994155884,,0.39433860778808594,0.39433860778808594,,,,
456,3195,,,0.43341943621635437,,0.32828888297080994,0.32828888297080994,,,,
456,3196,,,0.6849300861358643,,0.5797913074493408,0.5797913074493408,,,,
456,3197,,,0.8176328539848328,,0.7124873995780945,0.7124873995780945,,,,
456,3198,,,0.9413182735443115,,0.836164116859436,0.836164116859436,,,,
,456,,,,,,,,,0.5073041319847107,0.5073041319847107
456,3198,,,,,,,0.5073041319847107,0.5073041319847107,,
456,3198,0.5575858950614929,0.6627138257026672,,0.5575858950614929,,,,,,
457,3199,,,0.2565883696079254,,0.15142658352851868,0.15142658352851868,,,,
457,3200,,,0.5092265605926514,,0.40405911207199097,0.40405911207199097,,,,
457,3201,,,0.5042319893836975,,0.3990575075149536,0.3990575075149536,,,,
457,3202,,,0.906571626663208,,0.8013882040977478,0.8013882040977478,,,,
457,3203,,,1.1434683799743652,,1.0382777452468872,1.0382777452468872,,,,
457,3204,,,0.7239267826080322,,0.618729293346405,0.618729293346405,,,,
457,3205,,,0.437816321849823,,0.33260977268218994,0.33260977268218994,,,,
,457,,,,,,,,,0.5037378072738647,0.5037378072738647
457,3205,,,,,,,0.5037378072738647,0.5037378072738647,,
457,3205,0.554928183555603,0.6601090431213379,,0.554928183555603,,,,,,
458,3206,,,0.5255931615829468,,0.4203764498233795,0.4203764498233795,,,,
458,3207,,,1.0068261623382568,,0.9016010165214539,0.9016010165214539,,,,
458,3208,,,0.7275421619415283,,0.6223127245903015,0.6223127245903015,,,,
458,3209,,,0.626073956489563,,0.5208345651626587,0.5208345651626587,,,,
458,3210,,,0.5035281181335449,,0.3982836604118347,0.3982836604118347,,,,
458,3211,,,0.640655517578125,,0.5354028940200806,0.5354028940200806,,,,
458,3212,,,0.4412600100040436,,0.3359972834587097,0.3359972834587097,,,,
,458,,,,,,,,,0.4958016276359558,0.4958016276359558
458,3212,,,,,,,0.4958016276359558,0.4958016276359558,,
458,3212,0.5529114007949829,0.6581476926803589,,0.5529114007949829,,,,,,
459,3213,,,0.5067038536071777,,0.40143173933029175,0.40143173933029175,,,,
459,3214,,,0.8877274990081787,,0.7824448347091675,0.7824448347091675,,,,
459,3215,,,0.6821357607841492,,0.5768486261367798,0.5768486261367798,,,,
459,3216,,,0.43247175216674805,,0.32717517018318176,0.32717517018318176,,,,
459,3217,,,0.6091099381446838,,0.5038045048713684,0.5038045048713684,,,,
459,3218,,,0.9724240303039551,,0.8671109080314636,0.8671109080314636,,,,
459,3219,,,0.2513449192047119,,0.1460241973400116,0.1460241973400116,,,,
,459,,,,,,,,,0.48827067017555237,0.48827067017555237
459,3219,,,,,,,0.48827067017555237,0.48827067017555237,,
459,3219,0.5511490106582642,0.6564434766769409,,0.5511490106582642,,,,,,
460,3220,,,0.6800544857978821,,0.5747270584106445,0.5747270584106445,,,,
460,3221,,,0.47175687551498413,,0.36642152070999146,0.36642152070999146,,,,
460,3222,,,1.3651554584503174,,1.2598108053207397,1.2598108053207397,,,,
460,3223,,,0.5795571804046631,,0.4742061495780945,0.4742061495780945,,,,
460,3224,,,0.5084971189498901,,0.40313994884490967,0.40313994884490967,,,,
460,3225,,,0.34592610597610474,,0.2405622899532318,0.2405622899532318,,,,
460,3226,,,0.596924364566803,,0.4915514290332794,0.4915514290332794,,,,
,460,,,,,,,,,0.48901721835136414,0.48901721835136414
460,3226,,,,,,,0.48901721835136414,0.48901721835136414,,
460,3226,0.5495215654373169,0.6548696160316467,,0.5495215654373169,,,,,,
461,3227,,,0.6330512166023254,,0.5276697278022766,0.5276697278022766,,,,
461,3228,,,0.7145659327507019,,0.6091753840446472,0.6091753840446472,,,,
461,3229,,,0.4145614504814148,,0.3091617226600647,0.3091617226600647,,,,
461,3230,,,1.2058221101760864,,1.1004149913787842,1.1004149913787842,,,,
461,3231,,,0.5479876399040222,,0.4425734579563141,0.4425734579563141,,,,
461,3232,,,0.5472997426986694,,0.4418776035308838,0.4418776035308838,,,,
461,3233,,,0.2698787748813629,,0.16444940865039825,0.16444940865039825,,,,
,461,,,,,,,,,0.4830574095249176,0.4830574095249176
461,3233,,,,,,,0.4830574095249176,0.4830574095249176,,
461,3233,0.5478496551513672,0.6532537341117859,,0.5478496551513672,,,,,,
462,3234,,,0.45359787344932556,,0.34816306829452515,0.34816306829452515,,,,
462,3235,,,0.7110077142715454,,0.6055646538734436,0.6055646538734436,,,,
462,3236,,,0.7425154447555542,,0.6370651721954346,0.6370651721954346,,,,
462,3237,,,0.518079936504364,,0.4126223623752594,0.4126223623752594,,,,
462,3238,,,0.41438257694244385,,0.30891722440719604,0.30891722440719604,,,,
462,3239,,,0.431816041469574,,0.32634443044662476,0.32634443044662476,,,,
462,3240,,,2.3476719856262207,,2.2421915531158447,2.2421915531158447,,,,
,462,,,,,,,,,0.4810779094696045,0.4810779094696045
462,3240,,,,,,,0.4810779094696045,0.4810779094696045,,
462,3240,0.5458037257194519,0.6512590050697327,,0.5458037257194519,,,,,,
463,3241,,,0.5875234603881836,,0.4820381700992584,0.4820381700992584,,,,
463,3242,,,0.5753911733627319,,0.4698988199234009,0.4698988199234009,,,,
463,3243,,,0.7892248630523682,,0.6837241053581238,0.6837241053581238,,,,
463,3244,,,0.7384860515594482,,0.6329762935638428,0.6329762935638428,,,,
463,3245,,,0.8720664381980896,,0.7665500044822693,0.7665500044822693,,,,
463,3246,,,0.43897175788879395,,0.3334505259990692,0.3334505259990692,,,,
463,3247,,,0.3852421045303345,,0.2797113060951233,0.2797113060951233,,,,
,463,,,,,,,,,0.482295960187912,0.482295960187912
463,3247,,,,,,,0.482295960187912,0.482295960187912,,
463,3247,0.5448673963546753,0.6503733396530151,,0.5448673963546753,,,,,,
464,3248,,,0.7067017555236816,,0.6011669039726257,0.6011669039726257,,,,
464,3249,,,0.5893634557723999,,0.48382115364074707,0.48382115364074707,,,,
464,3250,,,0.4168296456336975,,0.3112795352935791,0.3112795352935791,,,,
464,3251,,,0.6611623764038086,,0.5556038022041321,0.5556038022041321,,,,
464,3252,,,0.7469254732131958,,0.6413596868515015,0.6413596868515015,,,,
464,3253,,,0.9150490760803223,,0.8094741106033325,0.8094741106033325,,,,
464,3254,,,0.25654056668281555,,0.1509609967470169,0.1509609967470169,,,,
,464,,,,,,,,,0.4794479012489319,0.4794479012489319
464,3254,,,,,,,0.4794479012489319,0.4794479012489319,,
464,3254,0.5426377058029175,0.6481936573982239,,0.5426377058029175,,,,,,
465,3255,,,0.6142826080322266,,0.5086977481842041,0.5086977481842041,,,,
465,3256,,,0.3246002197265625,,0.21900664269924164,0.21900664269924164,,,,
465,3257,,,0.495451956987381,,0.3898504972457886,0.3898504972457886,,,,
465,3258,,,0.5354714393615723,,0.4298614263534546,0.4298614263534546,,,,
465,3259,,,0.8614232540130615,,0.7558070421218872,0.7558070421218872,,,,
465,3260,,,1.197713851928711,,1.092089295387268,1.092089295387268,,,,
465,3261,,,0.245843768119812,,0.14021427929401398,0.14021427929401398,,,,
,465,,,,,,,,,0.47149887681007385,0.47149887681007385
465,3261,,,,,,,0.47149887681007385,0.47149887681007385,,
465,3261,0.5408459901809692,0.6464524269104004,,0.5408459901809692,,,,,,
466,3262,,,0.31340545415878296,,0.20777055621147156,0.20777055621147156,,,,
466,3263,,,0.3802824914455414,,0.27464085817337036,0.27464085817337036,,,,
466,3264,,,0.688485324382782,,0.5828377604484558,0.5828377604484558,,,,
466,3265,,,1.2165573835372925,,1.1109031438827515,1.1109031438827515,,,,
466,3266,,,0.6231391429901123,,0.5174800753593445,0.5174800753593445,,,,
466,3267,,,0.5801855325698853,,0.4745170474052429,0.4745170474052429,,,,
466,3268,,,0.8193196654319763,,0.7136428952217102,0.7136428952217102,,,,
,466,,,,,,,,,0.4721314311027527,0.4721314311027527
466,3268,,,,,,,0.4721314311027527,0.4721314311027527,,
466,3268,0.5389435887336731,0.6445960998535156,,0.5389435887336731,,,,,,
467,3269,,,0.9382622838020325,,0.832579493522644,0.832579493522644,,,,
467,3270,,,0.6500656604766846,,0.5443776249885559,0.5443776249885559,,,,
467,3271,,,0.4352787137031555,,0.3295832574367523,0.3295832574367523,,,,
467,3272,,,0.7152506113052368,,0.6095494627952576,0.6095494627952576,,,,
467,3273,,,0.4929344654083252,,0.3872244656085968,0.3872244656085968,,,,
467,3274,,,0.7737144231796265,,0.6679973602294922,0.6679973602294922,,,,
467,3275,,,0.24899879097938538,,0.14327217638492584,0.14327217638492584,,,,
,467,,,,,,,,,0.47258904576301575,0.47258904576301575
467,3275,,,,,,,0.47258904576301575,0.47258904576301575,,
467,3275,0.5372610092163086,0.6429616808891296,,0.5372610092163086,,,,,,
468,3276,,,0.6091388463973999,,0.5034087300300598,0.5034087300300598,,,,
468,3277,,,0.5388122797012329,,0.4330771267414093,0.4330771267414093,,,,
468,3278,,,0.6801372766494751,,0.5743941068649292,0.5743941068649292,,,,
468,3279,,,0.3496779203414917,,0.24392575025558472,0.24392575025558472,,,,
468,3280,,,0.5713582634925842,,0.4656003415584564,0.4656003415584564,,,,
468,3281,,,0.6223611831665039,,0.5165953636169434,0.5165953636169434,,,,
468,3282,,,1.9081016778945923,,1.8023266792297363,1.8023266792297363,,,,
,468,,,,,,,,,0.4704301655292511,0.4704301655292511
468,3282,,,,,,,0.4704301655292511,0.4704301655292511,,
468,3282,0.5353527665138245,0.6411017775535583,,0.5353527665138245,,,,,,
469,3283,,,0.48122113943099976,,0.3754452168941498,0.3754452168941498,,,,
469,3284,,,1.3018815517425537,,1.1960967779159546,1.1960967779159546,,,,
469,3285,,,0.6539192199707031,,0.5481300354003906,0.5481300354003906,,,,
469,3286,,,0.47007042169570923,,0.3642728328704834,0.3642728328704834,,,,
469,3287,,,0.448011577129364,,0.3422064483165741,0.3422064483165741,,,,
469,3288,,,0.41851019859313965,,0.3126974403858185,0.3126974403858185,,,,
469,3289,,,0.814704418182373,,0.70888751745224,0.70888751745224,,,,
,469,,,,,,,,,0.46572554111480713,0.46572554111480713
469,3289,,,,,,,0.4657255709171295,0.4657255709171295,,
469,3289,0.534067690372467,0.6398632526397705,,0.534067690372467,,,,,,
470,3290,,,1.4932174682617188,,1.387392520904541,1.387392520904541,,,,
470,3291,,,0.3576968312263489,,0.25186458230018616,0.25186458230018616,,,,
470,3292,,,0.7575029134750366,,0.6516630053520203,0.6516630053520203,,,,
470,3293,,,0.7229394912719727,,0.6170932650566101,0.6170932650566101,,,,
470,3294,,,0.3593578636646271,,0.2535029649734497,0.2535029649734497,,,,
470,3295,,,0.28483715653419495,,0.1789747178554535,0.1789747178554535,,,,
470,3296,,,0.2429165542125702,,0.1370476931333542,0.1370476931333542,,,,
,470,,,,,,,,,0.4657748341560364,0.4657748341560364
470,3296,,,,,,,0.4657748341560364,0.4657748341560364,,
470,3296,0.5320601463317871,0.6379051208496094,,0.5320601463317871,,,,,,
471,3297,,,0.5559180974960327,,0.4500442147254944,0.4500442147254944,,,,
471,3298,,,0.3770788013935089,,0.27119478583335876,0.27119478583335876,,,,
471,3299,,,0.40512219071388245,,0.29923057556152344,0.29923057556152344,,,,
471,3300,,,0.430448055267334,,0.3245483934879303,0.3245483934879303,,,,
471,3301,,,1.027726411819458,,0.9218192100524902,0.9218192100524902,,,,
471,3302,,,1.1459591388702393,,1.0400454998016357,1.0400454998016357,,,,
471,3303,,,0.2977927625179291,,0.19187386333942413,0.19187386333942413,,,,
,471,,,,,,,,,0.46158280968666077,0.46158280968666077
471,3303,,,,,,,0.46158280968666077,0.46158280968666077,,
471,3303,0.530013382434845,0.6359097957611084,,0.530013382434845,,,,,,
472,3304,,,0.4564310908317566,,0.35050836205482483,0.35050836205482483,,,,
472,3305,,,0.6956201195716858,,0.5896893739700317,0.5896893739700317,,,,
472,3306,,,0.8458142280578613,,0.7398752570152283,0.7398752570152283,,,,
472,3307,,,1.0505024194717407,,0.9445575475692749,0.9445575475692749,,,,
472,3308,,,0.3172188103199005,,0.21126827597618103,0.21126827597618103,,,,
472,3309,,,0.44417479634284973,,0.3382193148136139,0.3382193148136139,,,,
472,3310,,,0.6144680976867676,,0.5085049271583557,0.5085049271583557,,,,
,472,,,,,,,,,0.46489226818084717,0.46489226818084717
472,3310,,,,,,,0.4648922383785248,0.4648922383785248,,
472,3310,0.5278128981590271,0.6337547898292542,,0.5278128981590271,,,,,,
473,3311,,,0.8933680653572083,,0.7873967289924622,0.7873967289924622,,,,
473,3312,,,0.9389549493789673,,0.8329757452011108,0.8329757452011108,,,,
473,3313,,,0.33041030168533325,,0.22442656755447388,0.22442656755447388,,,,
473,3314,,,0.8131914138793945,,0.7072008848190308,0.7072008848190308,,,,
473,3315,,,0.31390756368637085,,0.2079087644815445,0.2079087644815445,,,,
473,3316,,,0.5228727459907532,,0.41686761379241943,0.41686761379241943,,,,
473,3317,,,0.5582404732704163,,0.452228307723999,0.452228307723999,,,,
,473,,,,,,,,,0.4585454761981964,0.4585454761981964
473,3317,,,,,,,0.4585454761981964,0.4585454761981964,,
473,3317,0.5249195694923401,0.6309090256690979,,0.5249195694923401,,,,,,
474,3318,,,0.45258185267448425,,0.3465595841407776,0.3465595841407776,,,,
474,3319,,,0.3274681866168976,,0.22143800556659698,0.22143800556659698,,,,
474,3320,,,1.3189513683319092,,1.212912917137146,1.212912917137146,,,,
474,3321,,,0.34695693850517273,,0.24091099202632904,0.24091099202632904,,,,
474,3322,,,0.7777243256568909,,0.6716705560684204,0.6716705560684204,,,,
474,3323,,,0.6691004037857056,,0.56303870677948,0.56303870677948,,,,
474,3324,,,0.31211623549461365,,0.20604777336120605,0.20604777336120605,,,,
,474,,,,,,,,,0.45093590021133423,0.45093590021133423
474,3324,,,,,,,0.45093590021133423,0.45093590021133423,,
474,3324,0.5229488015174866,0.6289924383163452,,0.5229488015174866,,,,,,
475,3325,,,0.46677470207214355,,0.36070138216018677,0.36070138216018677,,,,
475,3326,,,0.6711596846580505,,0.565078854560852,0.565078854560852,,,,
475,3327,,,0.656296968460083,,0.5502080321311951,0.5502080321311951,,,,
475,3328,,,0.9692471623420715,,0.8631505370140076,0.8631505370140076,,,,
475,3329,,,0.45132386684417725,,0.34522154927253723,0.34522154927253723,,,,
475,3330,,,0.705835223197937,,0.5997257232666016,0.5997257232666016,,,,
475,3331,,,0.1644574999809265,,0.05833985283970833,0.05833985283970833,,,,
,475,,,,,,,,,0.4518393874168396,0.4518393874168396
475,3331,,,,,,,0.4518393874168396,0.4518393874168396,,
475,3331,0.5185825228691101,0.6246759295463562,,0.5185825228691101,,,,,,
476,3332,,,0.5034247040748596,,0.3973029851913452,0.3973029851913452,,,,
476,3333,,,0.85938560962677,,0.7532569169998169,0.7532569169998169,,,,
476,3334,,,0.7454321980476379,,0.6392983794212341,0.6392983794212341,,,,
476,3335,,,0.5410012602806091,,0.4348580241203308,0.4348580241203308,,,,
476,3336,,,0.3514113426208496,,0.24526017904281616,0.24526017904281616,,,,
476,3337,,,0.4141298532485962,,0.30797213315963745,0.30797213315963745,,,,
476,3338,,,1.4659514427185059,,1.3597872257232666,1.3597872257232666,,,,
,476,,,,,,,,,0.4522249400615692,0.4522249400615692
476,3338,,,,,,,0.4522249400615692,0.4522249400615692,,
476,3338,0.515744149684906,0.6218849420547485,,0.515744149684906,,,,,,
477,3339,,,0.4532146751880646,,0.3470446765422821,0.3470446765422821,,,,
477,3340,,,0.4895646870136261,,0.38338735699653625,0.38338735699653625,,,,
477,3341,,,0.9448466897010803,,0.8386633992195129,0.8386633992195129,,,,
477,3342,,,0.37039363384246826,,0.26420554518699646,0.26420554518699646,,,,
477,3343,,,0.6569385528564453,,0.5507439374923706,0.5507439374923706,,,,
477,3344,,,0.6325928568840027,,0.5263922810554504,0.5263922810554504,,,,
477,3345,,,1.066803216934204,,0.9605934619903564,0.9605934619903564,,,,
,477,,,,,,,,,0.4532848000526428,0.4532848000526428
477,3345,,,,,,,0.4532848000526428,0.4532848000526428,,
477,3345,0.5130446553230286,0.6192317008972168,,0.5130446553230286,,,,,,
478,3346,,,0.6048516035079956,,0.4986325204372406,0.4986325204372406,,,,
478,3347,,,0.6474441885948181,,0.541218638420105,0.541218638420105,,,,
478,3348,,,0.5265013575553894,,0.42026859521865845,0.42026859521865845,,,,
478,3349,,,0.5346611142158508,,0.4284197986125946,0.4284197986125946,,,,
478,3350,,,1.0509161949157715,,0.9446666240692139,0.9446666240692139,,,,
478,3351,,,0.44150349497795105,,0.3352471590042114,0.3352471590042114,,,,
478,3352,,,0.3516175150871277,,0.2453535795211792,0.2453535795211792,,,,
,478,,,,,,,,,0.45510417222976685,0.45510417222976685
478,3352,,,,,,,0.45510417222976685,0.45510417222976685,,
478,3352,0.5114448666572571,0.6176838874816895,,0.5114448666572571,,,,,,
479,3353,,,0.30262547731399536,,0.19635654985904694,0.19635654985904694,,,,
479,3354,,,1.1737473011016846,,1.0674716234207153,1.0674716234207153,,,,
479,3355,,,0.8561264276504517,,0.7498457431793213,0.7498457431793213,,,,
479,3356,,,0.5409219264984131,,0.4346345365047455,0.4346345365047455,,,,
479,3357,,,0.3803981840610504,,0.2741013765335083,0.2741013765335083,,,,
479,3358,,,0.43756765127182007,,0.33126452565193176,0.33126452565193176,,,,
479,3359,,,0.6236279010772705,,0.5173164010047913,0.5173164010047913,,,,
,479,,,,,,,,,0.4563582241535187,0.4563582241535187
479,3359,,,,,,,0.4563582241535187,0.4563582241535187,,
479,3359,0.5094380974769592,0.6157251000404358,,0.5094380974769592,,,,,,
480,3360,,,0.3953990340232849,,0.28908249735832214,0.28908249735832214,,,,
480,3361,,,0.6153513193130493,,0.5090275406837463,0.5090275406837463,,,,
480,3362,,,0.6110169887542725,,0.5046854019165039,0.5046854019165039,,,,
480,3363,,,0.4681621193885803,,0.36182448267936707,0.36182448267936707,,,,
480,3364,,,1.0839946269989014,,0.9776495695114136,0.9776495695114136,,,,
480,3365,,,0.6365781426429749,,0.5302268862724304,0.5302268862724304,,,,
480,3366,,,0.28780898451805115,,0.18144994974136353,0.18144994974136353,,,,
,480,,,,,,,,,0.45456698536872864,0.45456698536872864
480,3366,,,,,,,0.45456698536872864,0.45456698536872864,,
480,3366,0.5083200335502625,0.6146557331085205,,0.5083200335502625,,,,,,
481,3367,,,1.0039734840393066,,0.8976086974143982,0.8976086974143982,,,,
481,3368,,,0.6756792068481445,,0.5693108439445496,0.5693108439445496,,,,
481,3369,,,0.5320302248001099,,0.4256555438041687,0.4256555438041687,,,,
481,3370,,,0.526889443397522,,0.4205070734024048,0.4205070734024048,,,,
481,3371,,,0.4731294810771942,,0.36673882603645325,0.36673882603645325,,,,
481,3372,,,0.5961722135543823,,0.48977380990982056,0.48977380990982056,,,,
481,3373,,,0.2574165165424347,,0.15101061761379242,0.15101061761379242,,,,
,481,,,,,,,,,0.4515940248966217,0.4515940248966217
481,3373,,,,,,,0.4515940248966217,0.4515940248966217,,
481,3373,0.5060743093490601,0.6124556660652161,,0.5060743093490601,,,,,,
482,3374,,,0.621679425239563,,0.515267550945282,0.515267550945282,,,,
482,3375,,,0.5713430047035217,,0.4649239778518677,0.4649239778518677,,,,
482,3376,,,0.6700286865234375,,0.5636032223701477,0.5636032223701477,,,,
482,3377,,,0.4882720708847046,,0.38183796405792236,0.38183796405792236,,,,
482,3378,,,0.6113121509552002,,0.5048688054084778,0.5048688054084778,,,,
482,3379,,,0.8353644013404846,,0.7289127111434937,0.7289127111434937,,,,
482,3380,,,0.2674406170845032,,0.16098463535308838,0.16098463535308838,,,,
,482,,,,,,,,,0.4503617286682129,0.4503617286682129
482,3380,,,,,,,0.4503617286682129,0.4503617286682129,,
482,3380,0.505064070224762,0.6114964485168457,,0.505064070224762,,,,,,
483,3381,,,0.9611057639122009,,0.8546451926231384,0.8546451926231384,,,,
483,3382,,,0.2918698191642761,,0.1854051649570465,0.1854051649570465,,,,
483,3383,,,0.5010542869567871,,0.3945832848548889,0.3945832848548889,,,,
483,3384,,,0.5382360219955444,,0.43175747990608215,0.43175747990608215,,,,
483,3385,,,0.5904378890991211,,0.4839528799057007,0.4839528799057007,,,,
483,3386,,,0.850565493106842,,0.7440719604492188,0.7440719604492188,,,,
483,3387,,,0.4106113314628601,,0.30411019921302795,0.30411019921302795,,,,
,483,,,,,,,,,0.4445699453353882,0.4445699453353882
483,3387,,,,,,,0.4445699155330658,0.4445699155330658,,
483,3387,0.5032874345779419,0.6097644567489624,,0.5032874345779419,,,,,,
484,3388,,,0.6905646920204163,,0.5840581655502319,0.5840581655502319,,,,
484,3389,,,1.038167119026184,,0.9316520690917969,0.9316520690917969,,,,
484,3390,,,0.42983341217041016,,0.3233126699924469,0.3233126699924469,,,,
484,3391,,,0.31062179803848267,,0.20409470796585083,0.20409470796585083,,,,
484,3392,,,0.7909082770347595,,0.6843733787536621,0.6843733787536621,,,,
484,3393,,,0.515200138092041,,0.40866005420684814,0.40866005420684814,,,,
484,3394,,,0.27236825227737427,,0.16582001745700836,0.16582001745700836,,,,
,484,,,,,,,,,0.4366881549358368,0.4366881549358368
484,3394,,,,,,,0.4366881549358368,0.4366881549358368,,
484,3394,0.5016993284225464,0.6082248687744141,,0.5016993284225464,,,,,,
485,3395,,,1.0421417951583862,,0.9355872273445129,0.9355872273445129,,,,
485,3396,,,0.5191972255706787,,0.41263866424560547,0.41263866424560547,,,,
485,3397,,,0.6086122989654541,,0.5020447969436646,0.5020447969436646,,,,
485,3398,,,0.7525328397750854,,0.6459601521492004,0.6459601521492004,,,,
485,3399,,,0.5636862516403198,,0.45710572600364685,0.45710572600364685,,,,
485,3400,,,0.2458702027797699,,0.13928119838237762,0.13928119838237762,,,,
485,3401,,,0.3578404188156128,,0.25124529004096985,0.25124529004096985,,,,
,485,,,,,,,,,0.4255099296569824,0.4255099296569824
485,3401,,,,,,,0.4255099296569824,0.4255099296569824,,
485,3401,0.4998956620693207,0.606467604637146,,0.4998956620693207,,,,,,
486,3402,,,0.39937376976013184,,0.2927708327770233,0.2927708327770233,,,,
486,3403,,,0.6378563046455383,,0.5312462449073792,0.5312462449073792,,,,
486,3404,,,0.3889782428741455,,0.28235864639282227,0.28235864639282227,,,,
486,3405,,,0.40614402294158936,,0.2995176613330841,0.2995176613330841,,,,
486,3406,,,0.5847318768501282,,0.47809842228889465,0.47809842228889465,,,,
486,3407,,,1.2146015167236328,,1.1079607009887695,1.1079607009887695,,,,
486,3408,,,0.6007214784622192,,0.4940754771232605,0.4940754771232605,,,,
,486,,,,,,,,,0.4212530851364136,0.4212530851364136
486,3408,,,,,,,0.4212530553340912,0.4212530553340912,,
486,3408,0.4983891546726227,0.6050127148628235,,0.4983891546726227,,,,,,
487,3409,,,0.6947418451309204,,0.5880882740020752,0.5880882740020752,,,,
487,3410,,,0.4656156301498413,,0.3589530885219574,0.3589530885219574,,,,
487,3411,,,0.5355669260025024,,0.4288960099220276,0.4288960099220276,,,,
487,3412,,,1.0397772789001465,,0.9330993294715881,0.9330993294715881,,,,
487,3413,,,0.46548035740852356,,0.3587972819805145,0.3587972819805145,,,,
487,3414,,,0.5677525401115417,,0.46106046438217163,0.46106046438217163,,,,
487,3415,,,0.21043804287910461,,0.10374007374048233,0.10374007374048233,,,,
,487,,,,,,,,,0.4161548316478729,0.4161548316478729
487,3415,,,,,,,0.4161548316478729,0.4161548316478729,,
487,3415,0.49690935015678406,0.6035841107368469,,0.49690935015678406,,,,,,
488,3416,,,0.502302885055542,,0.3956007957458496,0.3956007957458496,,,,
488,3417,,,1.2002973556518555,,1.0935875177383423,1.0935875177383423,,,,
488,3418,,,0.6922963261604309,,0.5855810046195984,0.5855810046195984,,,,
488,3419,,,0.7508535385131836,,0.6441299915313721,0.6441299915313721,,,,
488,3420,,,0.2732158303260803,,0.1664847880601883,0.1664847880601883,,,,
488,3421,,,0.3139816224575043,,0.20724453032016754,0.20724453032016754,,,,
488,3422,,,0.2740905284881592,,0.1673470437526703,0.1673470437526703,,,,
,488,,,,,,,,,0.40548184514045715,0.40548184514045715
488,3422,,,,,,,0.40548184514045715,0.40548184514045715,,
488,3422,0.4949621558189392,0.6016833186149597,,0.4949621558189392,,,,,,
489,3423,,,0.6280772686004639,,0.5213285684585571,0.5213285684585571,,,,
489,3424,,,0.6594110131263733,,0.5526531934738159,0.5526531934738159,,,,
489,3425,,,0.9138492345809937,,0.8070838451385498,0.8070838451385498,,,,
489,3426,,,0.5854043960571289,,0.4786338806152344,0.4786338806152344,,,,
489,3427,,,0.37811386585235596,,0.2713371515274048,0.2713371515274048,,,,
489,3428,,,0.561622142791748,,0.45483919978141785,0.45483919978141785,,,,
489,3429,,,0.2760023772716522,,0.16921302676200867,0.16921302676200867,,,,
,489,,,,,,,,,0.3962913453578949,0.3962913453578949
489,3429,,,,,,,0.3962913453578949,0.3962913453578949,,
489,3429,0.4940126836299896,0.6007809638977051,,0.4940126836299896,,,,,,
490,3430,,,1.079272747039795,,0.9724766612052917,0.9724766612052917,,,,
490,3431,,,0.5900455117225647,,0.48324328660964966,0.48324328660964966,,,,
490,3432,,,0.5225546360015869,,0.4157450795173645,0.4157450795173645,,,,
490,3433,,,0.7379539608955383,,0.6311382055282593,0.6311382055282593,,,,
490,3434,,,0.5752792358398438,,0.46845558285713196,0.46845558285713196,,,,
490,3435,,,0.21543623507022858,,0.10860329866409302,0.10860329866409302,,,,
490,3436,,,0.2626376748085022,,0.15579983592033386,0.15579983592033386,,,,
,490,,,,,,,,,0.3917689919471741,0.3917689919471741
490,3436,,,,,,,0.3917689919471741,0.3917689919471741,,
490,3436,0.49224892258644104,0.5990636944770813,,0.49224892258644104,,,,,,
491,3437,,,0.35129642486572266,,0.2444542795419693,0.2444542795419693,,,,
491,3438,,,0.3827589750289917,,0.27591076493263245,0.27591076493263245,,,,
491,3439,,,0.731975257396698,,0.6251193881034851,0.6251193881034851,,,,
491,3440,,,0.5035603642463684,,0.3966958820819855,0.3966958820819855,,,,
491,3441,,,0.7550639510154724,,0.648191511631012,0.648191511631012,,,,
491,3442,,,0.3306812345981598,,0.22380270063877106,0.22380270063877106,,,,
491,3443,,,2.0086722373962402,,1.9017874002456665,1.9017874002456665,,,,
,491,,,,,,,,,0.3856910765171051,0.3856910765171051
491,3443,,,,,,,0.3856910765171051,0.3856910765171051,,
491,3443,0.49056389927864075,0.597425639629364,,0.49056389927864075,,,,,,
492,3444,,,0.29452165961265564,,0.18763573467731476,0.18763573467731476,,,,
492,3445,,,0.38521629571914673,,0.2783249020576477,0.2783249020576477,,,,
492,3446,,,1.0512481927871704,,0.9443514347076416,0.9443514347076416,,,,
492,3447,,,0.6779142618179321,,0.5710136890411377,0.5710136890411377,,,,
492,3448,,,0.635454535484314,,0.5285477638244629,0.5285477638244629,,,,
492,3449,,,0.5842626094818115,,0.4773483872413635,0.4773483872413635,,,,
492,3450,,,0.46125543117523193,,0.3543342351913452,0.3543342351913452,,,,
,492,,,,,,,,,0.3771979510784149,0.3771979510784149
492,3450,,,,,,,0.3771979510784149,0.3771979510784149,,
492,3450,0.48942700028419495,0.5963276028633118,,0.48942700028419495,,,,,,
493,3451,,,0.6853674650192261,,0.5784378051757812,0.5784378051757812,,,,
493,3452,,,1.2330700159072876,,1.1261327266693115,1.1261327266693115,,,,
493,3453,,,0.5689841508865356,,0.46204325556755066,0.46204325556755066,,,,
493,3454,,,0.3452935814857483,,0.2383444756269455,0.2383444756269455,,,,
493,3455,,,0.37488481402397156,,0.26792943477630615,0.26792943477630615,,,,
493,3456,,,0.4857333302497864,,0.37877193093299866,0.37877193093299866,,,,
493,3457,,,0.26472222805023193,,0.15775279700756073,0.15775279700756073,,,,
,493,,,,,,,,,0.3714483976364136,0.3714483976364136
493,3457,,,,,,,0.3714483678340912,0.3714483678340912,,
493,3457,0.48797133564949036,0.5949182510375977,,0.48797133564949036,,,,,,
494,3458,,,0.6262076497077942,,0.519231379032135,0.519231379032135,,,,
494,3459,,,0.37234655022621155,,0.26536253094673157,0.26536253094673157,,,,
494,3460,,,0.5800024271011353,,0.4730116128921509,0.4730116128921509,,,,
494,3461,,,0.9561170935630798,,0.8491209149360657,0.8491209149360657,,,,
494,3462,,,0.7546488046646118,,0.6476477384567261,0.6476477384567261,,,,
494,3463,,,0.3011013865470886,,0.1940932422876358,0.1940932422876358,,,,
494,3464,,,0.5180324912071228,,0.4110167920589447,0.4110167920589447,,,,
,494,,,,,,,,,0.36592337489128113,0.36592337489128113
494,3464,,,,,,,0.36592337489128113,0.36592337489128113,,
494,3464,0.48668214678764343,0.5936762690544128,,0.48668214678764343,,,,,,
495,3465,,,0.5877221822738647,,0.4806976914405823,0.4806976914405823,,,,
495,3466,,,0.6185571551322937,,0.5115281343460083,0.5115281343460083,,,,
495,3467,,,0.310918927192688,,0.2038799226284027,0.2038799226284027,,,,
495,3468,,,0.5634419918060303,,0.4563952088356018,0.4563952088356018,,,,
495,3469,,,0.9809477925300598,,0.8738934993743896,0.8738934993743896,,,,
495,3470,,,0.5139511823654175,,0.4068925976753235,0.4068925976753235,,,,
495,3471,,,0.5337212681770325,,0.42665573954582214,0.42665573954582214,,,,
,495,,,,,,,,,0.36193180084228516,0.36193180084228516
495,3471,,,,,,,0.36193180084228516,0.36193180084228516,,
495,3471,0.4852208197116852,0.5922642350196838,,0.4852208197116852,,,,,,
496,3472,,,0.30771762132644653,,0.20064392685890198,0.20064392685890198,,,,
496,3473,,,1.136249303817749,,1.0291693210601807,1.0291693210601807,,,,
496,3474,,,0.5116809010505676,,0.40459710359573364,0.40459710359573364,,,,
496,3475,,,0.34292101860046387,,0.23583047091960907,0.23583047091960907,,,,
496,3476,,,0.42711079120635986,,0.32001423835754395,0.32001423835754395,,,,
496,3477,,,0.8130419850349426,,0.7059386372566223,0.7059386372566223,,,,
496,3478,,,0.6090380549430847,,0.5019248127937317,0.5019248127937317,,,,
,496,,,,,,,,,0.3624689280986786,0.3624689280986786
496,3478,,,,,,,0.3624689280986786,0.3624689280986786,,
496,3478,0.48382988572120667,0.5909193158149719,,0.48382988572120667,,,,,,
497,3479,,,0.32213094830513,,0.21501098573207855,0.21501098573207855,,,,
497,3480,,,0.4613356292247772,,0.35420936346054077,0.35420936346054077,,,,
497,3481,,,0.9292749166488647,,0.8221423625946045,0.8221423625946045,,,,
497,3482,,,0.6950602531433105,,0.5879220962524414,0.5879220962524414,,,,
497,3483,,,0.45855748653411865,,0.35141026973724365,0.35141026973724365,,,,
497,3484,,,0.6104338765144348,,0.5032795071601868,0.5032795071601868,,,,
497,3485,,,0.7486385107040405,,0.6414784789085388,0.6414784789085388,,,,
,497,,,,,,,,,0.36925268173217773,0.36925268173217773
497,3485,,,,,,,0.36925268173217773,0.36925268173217773,,
497,3485,0.48227906227111816,0.5894168615341187,,0.48227906227111816,,,,,,
498,3486,,,0.49450838565826416,,0.38733938336372375,0.38733938336372375,,,,
498,3487,,,0.8748490810394287,,0.767672598361969,0.767672598361969,,,,
498,3488,,,0.4646444022655487,,0.35746169090270996,0.35746169090270996,,,,
498,3489,,,0.34919440746307373,,0.2420034110546112,0.2420034110546112,,,,
498,3490,,,0.4178132116794586,,0.31061527132987976,0.31061527132987976,,,,
498,3491,,,1.064488172531128,,0.9572815895080566,0.9572815895080566,,,,
498,3492,,,0.21944066882133484,,0.11222875863313675,0.11222875863313675,,,,
,498,,,,,,,,,0.371178537607193,0.371178537607193
498,3492,,,,,,,0.371178537607193,0.371178537607193,,
498,3492,0.4806995689868927,0.5878883004188538,,0.4806995689868927,,,,,,
499,3493,,,0.4718681275844574,,0.3646508455276489,0.3646508455276489,,,,
499,3494,,,0.7851235270500183,,0.6778982877731323,0.6778982877731323,,,,
499,3495,,,0.3597733676433563,,0.25254178047180176,0.25254178047180176,,,,
499,3496,,,1.0398746728897095,,0.9326375126838684,0.9326375126838684,,,,
499,3497,,,0.3806098997592926,,0.273367315530777,0.273367315530777,,,,
499,3498,,,0.41615548729896545,,0.30890703201293945,0.30890703201293945,,,,
499,3499,,,0.7599741220474243,,0.6527182459831238,0.6527182459831238,,,,
,499,,,,,,,,,0.37220093607902527,0.37220093607902527
499,3499,,,,,,,0.37220093607902527,0.37220093607902527,,
499,3499,0.4791799485683441,0.5864149928092957,,0.4791799485683441,,,,,,
