epoch,step,train_loss_epoch,train_loss_regularized_epoch,train_loss_regularized_step,train_loss_scaled (x10^0)_epoch,train_loss_scaled (x10^0)_step,train_loss_step,val_loss_epoch,val_loss_scaled (x10^0)_epoch,val_loss_scaled (x10^0)_step,val_loss_step
0,0,,,48.03501892089844,,48.03386306762695,48.03386306762695,,,,
0,1,,,29.29848861694336,,29.297334671020508,29.297334671020508,,,,
0,2,,,35.870975494384766,,35.86982345581055,35.86982345581055,,,,
0,3,,,18.865503311157227,,18.864351272583008,18.864351272583008,,,,
0,4,,,50.72571563720703,,50.72456359863281,50.72456359863281,,,,
0,5,,,42.61772155761719,,42.61656951904297,42.61656951904297,,,,
0,6,,,33.35363006591797,,33.352481842041016,33.352481842041016,,,,
,0,,,,,,,,,3.6446359157562256,3.6446359157562256
0,6,,,,,,,3.6446359157562256,3.6446359157562256,,
0,6,37.319793701171875,37.32094955444336,,37.319793701171875,,,,,,
1,7,,,38.19644546508789,,38.19529724121094,38.19529724121094,,,,
1,8,,,18.1844482421875,,18.18330192565918,18.18330192565918,,,,
1,9,,,45.36034393310547,,45.35919952392578,45.35919952392578,,,,
1,10,,,58.719669342041016,,58.71852493286133,58.71852493286133,,,,
1,11,,,29.869365692138672,,29.868221282958984,29.868221282958984,,,,
1,12,,,20.61335563659668,,20.612213134765625,20.612213134765625,,,,
1,13,,,71.0191421508789,,71.01799774169922,71.01799774169922,,,,
,1,,,,,,,,,3.620943546295166,3.620943546295166
1,13,,,,,,,3.620943546295166,3.620943546295166,,
1,13,37.265647888183594,37.26679229736328,,37.265647888183594,,,,,,
2,14,,,38.48107147216797,,38.47993087768555,38.47993087768555,,,,
2,15,,,37.1273307800293,,37.126190185546875,37.126190185546875,,,,
2,16,,,38.7668571472168,,38.76572036743164,38.76572036743164,,,,
2,17,,,26.22774314880371,,26.226606369018555,26.226606369018555,,,,
2,18,,,34.47007751464844,,34.46894073486328,34.46894073486328,,,,
2,19,,,58.40898895263672,,58.40785598754883,58.40785598754883,,,,
2,20,,,9.883668899536133,,9.882535934448242,9.882535934448242,,,,
,2,,,,,,,,,3.596694231033325,3.596694231033325
2,20,,,,,,,3.596694231033325,3.596694231033325,,
2,20,37.204891204833984,37.20602798461914,,37.204891204833984,,,,,,
3,21,,,26.14630889892578,,26.145177841186523,26.145177841186523,,,,
3,22,,,28.368688583374023,,28.367557525634766,28.367557525634766,,,,
3,23,,,48.12493896484375,,48.123809814453125,48.123809814453125,,,,
3,24,,,44.9510383605957,,44.94990921020508,44.94990921020508,,,,
3,25,,,37.17127227783203,,37.17014694213867,37.17014694213867,,,,
3,26,,,39.51742172241211,,39.51629638671875,39.51629638671875,,,,
3,27,,,33.3599739074707,,33.358848571777344,33.358848571777344,,,,
,3,,,,,,,,,3.570709705352783,3.570709705352783
3,27,,,,,,,3.570709705352783,3.570709705352783,,
3,27,37.14234924316406,37.14347457885742,,37.14234924316406,,,,,,
4,28,,,39.445499420166016,,39.44437789916992,39.44437789916992,,,,
4,29,,,42.943782806396484,,42.94266128540039,42.94266128540039,,,,
4,30,,,39.05059051513672,,39.049468994140625,39.049468994140625,,,,
4,31,,,20.745590209960938,,20.744470596313477,20.744470596313477,,,,
4,32,,,33.96769332885742,,33.966575622558594,33.966575622558594,,,,
4,33,,,47.6806755065918,,47.67955780029297,47.67955780029297,,,,
4,34,,,33.42268371582031,,33.42156982421875,33.42156982421875,,,,
,4,,,,,,,,,3.5440051555633545,3.5440051555633545
4,34,,,,,,,3.5440051555633545,3.5440051555633545,,
4,34,37.07611083984375,37.07722854614258,,37.07611083984375,,,,,,
5,35,,,26.857515335083008,,26.856401443481445,26.856401443481445,,,,
5,36,,,43.752052307128906,,43.75094223022461,43.75094223022461,,,,
5,37,,,39.96197509765625,,39.96086502075195,39.96086502075195,,,,
5,38,,,29.852401733398438,,29.85129165649414,29.85129165649414,,,,
5,39,,,44.59728240966797,,44.59617614746094,44.59617614746094,,,,
5,40,,,30.011388778686523,,30.010282516479492,30.010282516479492,,,,
5,41,,,55.73424530029297,,55.73313903808594,55.73313903808594,,,,
,5,,,,,,,,,3.5163886547088623,3.5163886547088623
5,41,,,,,,,3.5163886547088623,3.5163886547088623,,
5,41,37.00798416137695,37.00909423828125,,37.00798416137695,,,,,,
6,42,,,33.81721115112305,,33.81610870361328,33.81610870361328,,,,
6,43,,,23.373300552368164,,23.3721981048584,23.3721981048584,,,,
6,44,,,30.07346534729004,,30.072364807128906,30.072364807128906,,,,
6,45,,,49.556644439697266,,49.555545806884766,49.555545806884766,,,,
6,46,,,31.708566665649414,,31.707469940185547,31.707469940185547,,,,
6,47,,,51.3822135925293,,51.38111877441406,51.38111877441406,,,,
6,48,,,41.52265548706055,,41.52156066894531,41.52156066894531,,,,
,6,,,,,,,,,3.488558292388916,3.488558292388916
6,48,,,,,,,3.488558292388916,3.488558292388916,,
6,48,36.93731689453125,36.93841552734375,,36.93731689453125,,,,,,
7,49,,,45.248435974121094,,45.24734115600586,45.24734115600586,,,,
7,50,,,47.53170394897461,,47.53061294555664,47.53061294555664,,,,
7,51,,,42.41517639160156,,42.414085388183594,42.414085388183594,,,,
7,52,,,26.948843002319336,,26.94775390625,26.94775390625,,,,
7,53,,,34.5330810546875,,34.5319938659668,34.5319938659668,,,,
7,54,,,34.32892608642578,,34.32783889770508,34.32783889770508,,,,
7,55,,,10.763873100280762,,10.762787818908691,10.762787818908691,,,,
,7,,,,,,,,,3.460864305496216,3.460864305496216
7,55,,,,,,,3.460864305496216,3.460864305496216,,
7,55,36.86833953857422,36.86943054199219,,36.86833953857422,,,,,,
8,56,,,37.56850814819336,,37.56742477416992,37.56742477416992,,,,
8,57,,,34.74663543701172,,34.74555206298828,34.74555206298828,,,,
8,58,,,42.696739196777344,,42.69565963745117,42.69565963745117,,,,
8,59,,,38.78806686401367,,38.7869873046875,38.7869873046875,,,,
8,60,,,38.63585662841797,,38.63478088378906,38.63478088378906,,,,
8,61,,,21.68255615234375,,21.681480407714844,21.681480407714844,,,,
8,62,,,54.586944580078125,,54.58586883544922,54.58586883544922,,,,
,8,,,,,,,,,3.4320530891418457,3.4320530891418457
8,62,,,,,,,3.4320530891418457,3.4320530891418457,,
8,62,36.7971076965332,36.798187255859375,,36.7971076965332,,,,,,
9,63,,,45.64773941040039,,45.64666748046875,45.64666748046875,,,,
9,64,,,33.90467071533203,,33.90359878540039,33.90359878540039,,,,
9,65,,,22.054039001464844,,22.052968978881836,22.052968978881836,,,,
9,66,,,33.02924346923828,,33.028175354003906,33.028175354003906,,,,
9,67,,,46.04667663574219,,46.04560852050781,46.04560852050781,,,,
9,68,,,30.211101531982422,,30.21003532409668,30.21003532409668,,,,
9,69,,,61.927452087402344,,61.926387786865234,61.926387786865234,,,,
,9,,,,,,,,,3.402492046356201,3.402492046356201
9,69,,,,,,,3.402492046356201,3.402492046356201,,
9,69,36.723052978515625,36.72412109375,,36.723052978515625,,,,,,
10,70,,,38.89778518676758,,38.89672088623047,38.89672088623047,,,,
10,71,,,12.28197193145752,,12.28091049194336,12.28091049194336,,,,
10,72,,,29.541210174560547,,29.540149688720703,29.540149688720703,,,,
10,73,,,35.1633186340332,,35.162261962890625,35.162261962890625,,,,
10,74,,,68.71036529541016,,68.70930480957031,68.70930480957031,,,,
10,75,,,40.43260192871094,,40.43154525756836,40.43154525756836,,,,
10,76,,,22.950668334960938,,22.949613571166992,22.949613571166992,,,,
,10,,,,,,,,,3.3728363513946533,3.3728363513946533
10,76,,,,,,,3.3728363513946533,3.3728363513946533,,
10,76,36.64737319946289,36.64842987060547,,36.64737319946289,,,,,,
11,77,,,45.005859375,,45.00480651855469,45.00480651855469,,,,
11,78,,,60.597286224365234,,60.59623718261719,60.59623718261719,,,,
11,79,,,38.437984466552734,,38.43693542480469,38.43693542480469,,,,
11,80,,,15.627816200256348,,15.626768112182617,15.626768112182617,,,,
11,81,,,31.709346771240234,,31.708301544189453,31.708301544189453,,,,
11,82,,,28.62656021118164,,28.62551498413086,28.62551498413086,,,,
11,83,,,35.088111877441406,,35.08707046508789,35.08707046508789,,,,
,11,,,,,,,,,3.3423259258270264,3.3423259258270264
11,83,,,,,,,3.3423259258270264,3.3423259258270264,,
11,83,36.573524475097656,36.5745735168457,,36.573524475097656,,,,,,
12,84,,,29.07008934020996,,29.069047927856445,29.069047927856445,,,,
12,85,,,58.51335525512695,,58.51231384277344,58.51231384277344,,,,
12,86,,,28.906856536865234,,28.905818939208984,28.905818939208984,,,,
12,87,,,17.073415756225586,,17.072378158569336,17.072378158569336,,,,
12,88,,,34.68159484863281,,34.68056106567383,34.68056106567383,,,,
12,89,,,49.15736389160156,,49.15633010864258,49.15633010864258,,,,
12,90,,,40.70072937011719,,40.6996955871582,40.6996955871582,,,,
,12,,,,,,,,,3.3103890419006348,3.3103890419006348
12,90,,,,,,,3.3103890419006348,3.3103890419006348,,
12,90,36.49550247192383,36.49654006958008,,36.49550247192383,,,,,,
13,91,,,63.783355712890625,,63.782325744628906,63.782325744628906,,,,
13,92,,,25.658248901367188,,25.6572208404541,25.6572208404541,,,,
13,93,,,40.351707458496094,,40.35068130493164,40.35068130493164,,,,
13,94,,,17.07472038269043,,17.073694229125977,17.073694229125977,,,,
13,95,,,14.93283462524414,,14.93181037902832,14.93181037902832,,,,
13,96,,,35.42041778564453,,35.419395446777344,35.419395446777344,,,,
13,97,,,93.1426773071289,,93.14165496826172,93.14165496826172,,,,
,13,,,,,,,,,3.276175022125244,3.276175022125244
13,97,,,,,,,3.276175022125244,3.276175022125244,,
13,97,36.41462326049805,36.415653228759766,,36.41462326049805,,,,,,
14,98,,,33.5265007019043,,33.525482177734375,33.525482177734375,,,,
14,99,,,29.40717315673828,,29.40615463256836,29.40615463256836,,,,
14,100,,,34.8287353515625,,34.827720642089844,34.827720642089844,,,,
14,101,,,49.32955551147461,,49.32854080200195,49.32854080200195,,,,
14,102,,,44.54546356201172,,44.54444885253906,44.54444885253906,,,,
14,103,,,39.378719329833984,,39.377708435058594,39.377708435058594,,,,
14,104,,,1.5654630661010742,,1.5644537210464478,1.5644537210464478,,,,
,14,,,,,,,,,3.241577625274658,3.241577625274658
14,104,,,,,,,3.241577625274658,3.241577625274658,,
14,104,36.328895568847656,36.32991409301758,,36.328895568847656,,,,,,
15,105,,,34.98513412475586,,34.984127044677734,34.984127044677734,,,,
15,106,,,27.57696533203125,,27.575958251953125,27.575958251953125,,,,
15,107,,,45.550750732421875,,45.549747467041016,45.549747467041016,,,,
15,108,,,60.767181396484375,,60.766178131103516,60.766178131103516,,,,
15,109,,,11.89070987701416,,11.889708518981934,11.889708518981934,,,,
15,110,,,32.35078048706055,,32.34978103637695,32.34978103637695,,,,
15,111,,,47.84577941894531,,47.84477996826172,47.84477996826172,,,,
,15,,,,,,,,,3.203768014907837,3.203768014907837
15,111,,,,,,,3.203768014907837,3.203768014907837,,
15,111,36.24427795410156,36.24528884887695,,36.24427795410156,,,,,,
16,112,,,15.66504192352295,,15.664045333862305,15.664045333862305,,,,
16,113,,,35.52278137207031,,35.521785736083984,35.521785736083984,,,,
16,114,,,43.66474533081055,,43.663753509521484,43.663753509521484,,,,
16,115,,,32.30854034423828,,32.30754852294922,32.30754852294922,,,,
16,116,,,62.224857330322266,,62.22386932373047,62.22386932373047,,,,
16,117,,,27.659852981567383,,27.658864974975586,27.658864974975586,,,,
16,118,,,35.79008865356445,,35.789100646972656,35.789100646972656,,,,
,16,,,,,,,,,3.1625499725341797,3.1625499725341797
16,118,,,,,,,3.1625499725341797,3.1625499725341797,,
16,118,36.15070724487305,36.151702880859375,,36.15070724487305,,,,,,
17,119,,,38.62251281738281,,38.62152862548828,38.62152862548828,,,,
17,120,,,32.465309143066406,,32.464324951171875,32.464324951171875,,,,
17,121,,,41.483909606933594,,41.48292922973633,41.48292922973633,,,,
17,122,,,29.880338668823242,,29.879358291625977,29.879358291625977,,,,
17,123,,,35.77876663208008,,35.77779006958008,35.77779006958008,,,,
17,124,,,31.66156005859375,,31.66058349609375,31.66058349609375,,,,
17,125,,,53.180721282958984,,53.17974853515625,53.17974853515625,,,,
,17,,,,,,,,,3.116185188293457,3.116185188293457
17,125,,,,,,,3.116185426712036,3.116185426712036,,
17,125,36.05159378051758,36.052574157714844,,36.05159378051758,,,,,,
18,126,,,32.56537628173828,,32.56440353393555,32.56440353393555,,,,
18,127,,,32.717613220214844,,32.716644287109375,32.716644287109375,,,,
18,128,,,23.707542419433594,,23.706573486328125,23.706573486328125,,,,
18,129,,,39.617271423339844,,39.616302490234375,39.616302490234375,,,,
18,130,,,25.94853401184082,,25.947568893432617,25.947568893432617,,,,
18,131,,,47.225013732910156,,47.22404861450195,47.22404861450195,,,,
18,132,,,72.94557189941406,,72.94461059570312,72.94461059570312,,,,
,18,,,,,,,,,3.0624899864196777,3.0624899864196777
18,132,,,,,,,3.0624899864196777,3.0624899864196777,,
18,132,35.941925048828125,35.94289016723633,,35.941925048828125,,,,,,
19,133,,,39.50032424926758,,39.49936294555664,39.49936294555664,,,,
19,134,,,53.433555603027344,,53.43259811401367,53.43259811401367,,,,
19,135,,,28.930065155029297,,28.929109573364258,28.929109573364258,,,,
19,136,,,21.80949592590332,,21.80854034423828,21.80854034423828,,,,
19,137,,,30.113754272460938,,30.112802505493164,30.112802505493164,,,,
19,138,,,46.10566329956055,,46.104713439941406,46.104713439941406,,,,
19,139,,,22.553096771240234,,22.552148818969727,22.552148818969727,,,,
,19,,,,,,,,,3.0015857219696045,3.0015857219696045
19,139,,,,,,,3.0015857219696045,3.0015857219696045,,
19,139,35.81869888305664,35.81965255737305,,35.81869888305664,,,,,,
20,140,,,29.859346389770508,,29.858400344848633,29.858400344848633,,,,
20,141,,,37.53881072998047,,37.537864685058594,37.537864685058594,,,,
20,142,,,56.106990814208984,,56.106048583984375,56.106048583984375,,,,
20,143,,,30.967636108398438,,30.96669578552246,30.96669578552246,,,,
20,144,,,26.48329734802246,,26.482358932495117,26.482358932495117,,,,
20,145,,,24.548276901245117,,24.547340393066406,24.547340393066406,,,,
20,146,,,58.61865234375,,58.61771774291992,58.61771774291992,,,,
,20,,,,,,,,,2.929043769836426,2.929043769836426
20,146,,,,,,,2.929044008255005,2.929044008255005,,
20,146,35.68319320678711,35.68413162231445,,35.68319320678711,,,,,,
21,147,,,37.83805847167969,,37.83712387084961,37.83712387084961,,,,
21,148,,,14.180524826049805,,14.179593086242676,14.179593086242676,,,,
21,149,,,34.97361373901367,,34.97268295288086,34.97268295288086,,,,
21,150,,,43.55804443359375,,43.5571174621582,43.5571174621582,,,,
21,151,,,45.02351760864258,,45.02259063720703,45.02259063720703,,,,
21,152,,,36.11603546142578,,36.1151123046875,36.1151123046875,,,,
21,153,,,39.35477066040039,,39.35384750366211,39.35384750366211,,,,
,21,,,,,,,,,2.838204860687256,2.838204860687256
21,153,,,,,,,2.838204860687256,2.838204860687256,,
21,153,35.52029800415039,35.5212287902832,,35.52029800415039,,,,,,
22,154,,,33.44241714477539,,33.441497802734375,33.441497802734375,,,,
22,155,,,41.74966812133789,,41.748748779296875,41.748748779296875,,,,
22,156,,,22.807235717773438,,22.806318283081055,22.806318283081055,,,,
22,157,,,16.05278205871582,,16.051868438720703,16.051868438720703,,,,
22,158,,,46.732017517089844,,46.73110580444336,46.73110580444336,,,,
22,159,,,43.2844123840332,,43.28350067138672,43.28350067138672,,,,
22,160,,,56.30827713012695,,56.307369232177734,56.307369232177734,,,,
,22,,,,,,,,,2.719031572341919,2.719031572341919
22,160,,,,,,,2.719031572341919,2.719031572341919,,
22,160,35.32209014892578,35.323001861572266,,35.32209014892578,,,,,,
23,161,,,28.262523651123047,,28.26161766052246,28.26161766052246,,,,
23,162,,,38.2122917175293,,38.211387634277344,38.211387634277344,,,,
23,163,,,53.88529968261719,,53.884395599365234,53.884395599365234,,,,
23,164,,,15.316189765930176,,15.315289497375488,15.315289497375488,,,,
23,165,,,36.7977180480957,,36.79682159423828,36.79682159423828,,,,
23,166,,,48.45991897583008,,48.459022521972656,48.459022521972656,,,,
23,167,,,7.0587239265441895,,7.057830333709717,7.057830333709717,,,,
,23,,,,,,,,,2.571681022644043,2.571681022644043
23,167,,,,,,,2.571680784225464,2.571680784225464,,
23,167,35.070621490478516,35.0715217590332,,35.070621490478516,,,,,,
24,168,,,30.256393432617188,,30.25550079345703,30.25550079345703,,,,
24,169,,,42.707820892333984,,42.706932067871094,42.706932067871094,,,,
24,170,,,12.371935844421387,,12.371047973632812,12.371047973632812,,,,
24,171,,,20.482372283935547,,20.48148536682129,20.48148536682129,,,,
24,172,,,45.13926696777344,,45.13838195800781,45.13838195800781,,,,
24,173,,,49.95414733886719,,49.95326614379883,49.95326614379883,,,,
24,174,,,55.09451675415039,,55.09363555908203,55.09363555908203,,,,
,24,,,,,,,,,2.3729968070983887,2.3729968070983887
24,174,,,,,,,2.3729968070983887,2.3729968070983887,,
24,174,34.75556182861328,34.75645446777344,,34.75556182861328,,,,,,
25,175,,,18.153831481933594,,18.1529541015625,18.1529541015625,,,,
25,176,,,44.17304611206055,,44.17217254638672,44.17217254638672,,,,
25,177,,,44.570594787597656,,44.56972122192383,44.56972122192383,,,,
25,178,,,19.38408660888672,,19.383214950561523,19.383214950561523,,,,
25,179,,,53.13844680786133,,53.137577056884766,53.137577056884766,,,,
25,180,,,25.309558868408203,,25.308692932128906,25.308692932128906,,,,
25,181,,,37.6719970703125,,37.6711311340332,37.6711311340332,,,,
,25,,,,,,,,,2.1270694732666016,2.1270694732666016
25,181,,,,,,,2.1270694732666016,2.1270694732666016,,
25,181,34.32957077026367,34.330440521240234,,34.32957077026367,,,,,,
26,182,,,21.250185012817383,,21.24932289123535,21.24932289123535,,,,
26,183,,,24.860126495361328,,24.85926628112793,24.85926628112793,,,,
26,184,,,24.455350875854492,,24.454492568969727,24.454492568969727,,,,
26,185,,,71.32123565673828,,71.32038116455078,71.32038116455078,,,,
26,186,,,45.36386489868164,,45.36301040649414,45.36301040649414,,,,
26,187,,,19.64299964904785,,19.642148971557617,19.642148971557617,,,,
26,188,,,22.25502586364746,,22.25417709350586,22.25417709350586,,,,
,26,,,,,,,,,1.8331252336502075,1.8331252336502075
26,188,,,,,,,1.8331252336502075,1.8331252336502075,,
26,188,33.762184143066406,33.76304626464844,,33.762184143066406,,,,,,
27,189,,,44.58611297607422,,44.58526611328125,44.58526611328125,,,,
27,190,,,32.958316802978516,,32.95747375488281,32.95747375488281,,,,
27,191,,,21.544816970825195,,21.543973922729492,21.543973922729492,,,,
27,192,,,54.8779182434082,,54.877079010009766,54.877079010009766,,,,
27,193,,,18.611440658569336,,18.61060333251953,18.61060333251953,,,,
27,194,,,30.438966751098633,,30.43813133239746,30.43813133239746,,,,
27,195,,,20.125673294067383,,20.124839782714844,20.124839782714844,,,,
,27,,,,,,,,,1.5033284425735474,1.5033284425735474
27,195,,,,,,,1.5033284425735474,1.5033284425735474,,
27,195,33.02891540527344,33.029754638671875,,33.02891540527344,,,,,,
28,196,,,34.98082733154297,,34.97999572753906,34.97999572753906,,,,
28,197,,,20.63448715209961,,20.633657455444336,20.633657455444336,,,,
28,198,,,34.543190002441406,,34.542362213134766,34.542362213134766,,,,
28,199,,,28.12552833557129,,28.12470245361328,28.12470245361328,,,,
28,200,,,34.17961502075195,,34.17879104614258,34.17879104614258,,,,
28,201,,,39.17507553100586,,39.17425537109375,39.17425537109375,,,,
28,202,,,32.85631561279297,,32.85549545288086,32.85549545288086,,,,
,28,,,,,,,,,1.155108094215393,1.155108094215393
28,202,,,,,,,1.155108094215393,1.155108094215393,,
28,202,31.992876052856445,31.993701934814453,,31.992876052856445,,,,,,
29,203,,,21.78327751159668,,21.782461166381836,21.782461166381836,,,,
29,204,,,34.486549377441406,,34.48573303222656,34.48573303222656,,,,
29,205,,,22.820220947265625,,22.819408416748047,22.819408416748047,,,,
29,206,,,35.90785598754883,,35.907047271728516,35.907047271728516,,,,
29,207,,,23.961158752441406,,23.960351943969727,23.960351943969727,,,,
29,208,,,48.465091705322266,,48.46428680419922,48.46428680419922,,,,
29,209,,,20.672731399536133,,20.67192840576172,20.67192840576172,,,,
,29,,,,,,,,,0.878464937210083,0.878464937210083
29,209,,,,,,,0.8784649968147278,0.8784649968147278,,
29,209,30.615097045898438,30.61591148376465,,30.615097045898438,,,,,,
30,210,,,26.04863929748535,,26.04783821105957,26.04783821105957,,,,
30,211,,,10.298867225646973,,10.298068046569824,10.298068046569824,,,,
30,212,,,33.08588790893555,,33.08509063720703,33.08509063720703,,,,
30,213,,,51.30562973022461,,51.304832458496094,51.304832458496094,,,,
30,214,,,19.126998901367188,,19.126205444335938,19.126205444335938,,,,
30,215,,,32.65618896484375,,32.655399322509766,32.655399322509766,,,,
30,216,,,32.74930953979492,,32.74851989746094,32.74851989746094,,,,
,30,,,,,,,,,0.7581738829612732,0.7581738829612732
30,216,,,,,,,0.7581738829612732,0.7581738829612732,,
30,216,28.98794174194336,28.988739013671875,,28.98794174194336,,,,,,
31,217,,,39.96583557128906,,39.965049743652344,39.965049743652344,,,,
31,218,,,20.161727905273438,,20.16094398498535,20.16094398498535,,,,
31,219,,,25.056459426879883,,25.05567741394043,25.05567741394043,,,,
31,220,,,12.77979850769043,,12.77901840209961,12.77901840209961,,,,
31,221,,,31.66725730895996,,31.666479110717773,31.666479110717773,,,,
31,222,,,33.509620666503906,,33.50884246826172,33.50884246826172,,,,
31,223,,,27.074121475219727,,27.073347091674805,27.073347091674805,,,,
,31,,,,,,,,,0.8605307936668396,0.8605307936668396
31,223,,,,,,,0.8605307936668396,0.8605307936668396,,
31,223,27.182514190673828,27.183292388916016,,27.182514190673828,,,,,,
32,224,,,28.480133056640625,,28.479360580444336,28.479360580444336,,,,
32,225,,,11.993515968322754,,11.992745399475098,11.992745399475098,,,,
32,226,,,38.92367172241211,,38.92290115356445,38.92290115356445,,,,
32,227,,,31.181703567504883,,31.180936813354492,31.180936813354492,,,,
32,228,,,29.14812660217285,,29.147361755371094,29.147361755371094,,,,
32,229,,,19.58917808532715,,19.588415145874023,19.588415145874023,,,,
32,230,,,5.217913627624512,,5.217151641845703,5.217151641845703,,,,
,32,,,,,,,,,1.214919090270996,1.214919090270996
32,230,,,,,,,1.214919090270996,1.214919090270996,,
32,230,25.29696273803711,25.297731399536133,,25.29696273803711,,,,,,
33,231,,,23.435087203979492,,23.434326171875,23.434326171875,,,,
33,232,,,15.351798057556152,,15.35103988647461,15.35103988647461,,,,
33,233,,,32.3192024230957,,32.31844711303711,32.31844711303711,,,,
33,234,,,28.58841896057129,,28.587663650512695,28.587663650512695,,,,
33,235,,,14.946537971496582,,14.945784568786621,14.945784568786621,,,,
33,236,,,23.025083541870117,,23.02433204650879,23.02433204650879,,,,
33,237,,,31.277515411376953,,31.276763916015625,31.276763916015625,,,,
,33,,,,,,,,,1.918663740158081,1.918663740158081
33,237,,,,,,,1.918663740158081,1.918663740158081,,
33,237,23.43378448486328,23.434539794921875,,23.43378448486328,,,,,,
34,238,,,13.74970531463623,,13.748956680297852,13.748956680297852,,,,
34,239,,,15.225276947021484,,15.224529266357422,15.224529266357422,,,,
34,240,,,41.62985610961914,,41.62910842895508,41.62910842895508,,,,
34,241,,,21.23980140686035,,21.239057540893555,21.239057540893555,,,,
34,242,,,21.057025909423828,,21.05628204345703,21.05628204345703,,,,
34,243,,,20.51266860961914,,20.511926651000977,20.511926651000977,,,,
34,244,,,10.919418334960938,,10.918678283691406,10.918678283691406,,,,
,34,,,,,,,,,2.866426944732666,2.866426944732666
34,244,,,,,,,2.866426944732666,2.866426944732666,,
34,244,21.569311141967773,21.570058822631836,,21.569311141967773,,,,,,
35,245,,,22.412181854248047,,22.41144371032715,22.41144371032715,,,,
35,246,,,23.821475982666016,,23.820737838745117,23.820737838745117,,,,
35,247,,,12.50191879272461,,12.50118350982666,12.50118350982666,,,,
35,248,,,18.120267868041992,,18.11953353881836,18.11953353881836,,,,
35,249,,,25.378929138183594,,25.37819480895996,25.37819480895996,,,,
35,250,,,15.125252723693848,,15.124520301818848,15.124520301818848,,,,
35,251,,,24.448280334472656,,24.44754981994629,24.44754981994629,,,,
,35,,,,,,,,,4.189786911010742,4.189786911010742
35,251,,,,,,,4.189786911010742,4.189786911010742,,
35,251,19.84681510925293,19.847549438476562,,19.84681510925293,,,,,,
36,252,,,17.716733932495117,,17.716005325317383,17.716005325317383,,,,
36,253,,,25.370269775390625,,25.36954116821289,25.36954116821289,,,,
36,254,,,18.044532775878906,,18.043806076049805,18.043806076049805,,,,
36,255,,,23.09788703918457,,23.0971622467041,23.0971622467041,,,,
36,256,,,3.698777675628662,,3.6980533599853516,3.6980533599853516,,,,
36,257,,,20.682201385498047,,20.681476593017578,20.681476593017578,,,,
36,258,,,19.05354881286621,,19.052825927734375,19.052825927734375,,,,
,36,,,,,,,,,5.739711761474609,5.739711761474609
36,258,,,,,,,5.739711761474609,5.739711761474609,,
36,258,18.156997680664062,18.15772247314453,,18.156997680664062,,,,,,
37,259,,,20.576017379760742,,20.57529640197754,20.57529640197754,,,,
37,260,,,14.6592378616333,,14.658516883850098,14.658516883850098,,,,
37,261,,,11.618704795837402,,11.617984771728516,11.617984771728516,,,,
37,262,,,24.699878692626953,,24.699159622192383,24.699159622192383,,,,
37,263,,,7.861664295196533,,7.860946178436279,7.860946178436279,,,,
37,264,,,17.49456024169922,,17.49384307861328,17.49384307861328,,,,
37,265,,,23.9516658782959,,23.95094871520996,23.95094871520996,,,,
,37,,,,,,,,,7.486883640289307,7.486883640289307
37,265,,,,,,,7.486883640289307,7.486883640289307,,
37,265,16.60978126525879,16.61050033569336,,16.60978126525879,,,,,,
38,266,,,22.082250595092773,,22.08153533935547,22.08153533935547,,,,
38,267,,,14.63237190246582,,14.631657600402832,14.631657600402832,,,,
38,268,,,11.893327713012695,,11.892614364624023,11.892614364624023,,,,
38,269,,,7.523748397827148,,7.523035049438477,7.523035049438477,,,,
38,270,,,13.466869354248047,,13.466156005859375,13.466156005859375,,,,
38,271,,,16.154766082763672,,16.154054641723633,16.154054641723633,,,,
38,272,,,30.58807373046875,,30.58736228942871,30.58736228942871,,,,
,38,,,,,,,,,9.397635459899902,9.397635459899902
38,272,,,,,,,9.397635459899902,9.397635459899902,,
38,272,15.25008773803711,15.250802993774414,,15.25008773803711,,,,,,
39,273,,,12.494379997253418,,12.493669509887695,12.493669509887695,,,,
39,274,,,17.78005027770996,,17.779340744018555,17.779340744018555,,,,
39,275,,,18.652727127075195,,18.65201759338379,18.65201759338379,,,,
39,276,,,12.566621780395508,,12.565913200378418,12.565913200378418,,,,
39,277,,,9.710113525390625,,9.709404945373535,9.709404945373535,,,,
39,278,,,17.657516479492188,,17.656808853149414,17.656808853149414,,,,
39,279,,,4.0664849281311035,,4.065777778625488,4.065777778625488,,,,
,39,,,,,,,,,10.745762825012207,10.745762825012207
39,279,,,,,,,10.745762825012207,10.745762825012207,,
39,279,14.17754077911377,14.17824935913086,,14.17754077911377,,,,,,
40,280,,,9.351198196411133,,9.35049057006836,9.35049057006836,,,,
40,281,,,14.810894012451172,,14.810187339782715,14.810187339782715,,,,
40,282,,,18.350017547607422,,18.34930992126465,18.34930992126465,,,,
40,283,,,7.425751209259033,,7.425045013427734,7.425045013427734,,,,
40,284,,,15.8673734664917,,15.866667747497559,15.866667747497559,,,,
40,285,,,16.52964973449707,,16.52894401550293,16.52894401550293,,,,
40,286,,,8.514077186584473,,8.513372421264648,8.513372421264648,,,,
,40,,,,,,,,,11.733808517456055,11.733808517456055
40,286,,,,,,,11.733808517456055,11.733808517456055,,
40,286,13.415396690368652,13.41610336303711,,13.415396690368652,,,,,,
41,287,,,15.604742050170898,,15.604037284851074,15.604037284851074,,,,
41,288,,,11.845892906188965,,11.84518814086914,11.84518814086914,,,,
41,289,,,12.136391639709473,,12.135686874389648,12.135686874389648,,,,
41,290,,,12.290078163146973,,12.289374351501465,12.289374351501465,,,,
41,291,,,10.525707244873047,,10.525003433227539,10.525003433227539,,,,
41,292,,,11.699610710144043,,11.698906898498535,11.698906898498535,,,,
41,293,,,19.980520248413086,,19.979816436767578,19.979816436767578,,,,
,41,,,,,,,,,12.93305778503418,12.93305778503418
41,293,,,,,,,12.93305778503418,12.93305778503418,,
41,293,12.798530578613281,12.799232482910156,,12.798530578613281,,,,,,
42,294,,,5.490781307220459,,5.490077972412109,5.490077972412109,,,,
42,295,,,17.326295852661133,,17.325592041015625,17.325592041015625,,,,
42,296,,,14.394433975219727,,14.393731117248535,14.393731117248535,,,,
42,297,,,11.26512622833252,,11.264423370361328,11.264423370361328,,,,
42,298,,,9.472281455993652,,9.471579551696777,9.471579551696777,,,,
42,299,,,11.915934562683105,,11.91523265838623,11.91523265838623,,,,
42,300,,,21.293182373046875,,21.29248046875,21.29248046875,,,,
,42,,,,,,,,,14.098071098327637,14.098071098327637
42,300,,,,,,,14.098071098327637,14.098071098327637,,
42,300,12.211030006408691,12.211731910705566,,12.211030006408691,,,,,,
43,301,,,14.586419105529785,,14.58571720123291,14.58571720123291,,,,
43,302,,,13.108027458190918,,13.10732650756836,13.10732650756836,,,,
43,303,,,12.656505584716797,,12.655804634094238,12.655804634094238,,,,
43,304,,,6.94062614440918,,6.939925193786621,6.939925193786621,,,,
43,305,,,16.590322494506836,,16.58962059020996,16.58962059020996,,,,
43,306,,,8.180587768554688,,8.179886817932129,8.179886817932129,,,,
43,307,,,7.444311618804932,,7.443611145019531,7.443611145019531,,,,
,43,,,,,,,,,14.982398986816406,14.982398986816406
43,307,,,,,,,14.982398986816406,14.982398986816406,,
43,307,11.741118431091309,11.7418212890625,,11.741118431091309,,,,,,
44,308,,,14.231048583984375,,14.230348587036133,14.230348587036133,,,,
44,309,,,9.309673309326172,,9.30897331237793,9.30897331237793,,,,
44,310,,,9.409833908081055,,9.409133911132812,9.409133911132812,,,,
44,311,,,10.988728523254395,,10.988028526306152,10.988028526306152,,,,
44,312,,,10.657684326171875,,10.656984329223633,10.656984329223633,,,,
44,313,,,14.746264457702637,,14.745564460754395,14.745564460754395,,,,
44,314,,,8.017932891845703,,8.017233848571777,8.017233848571777,,,,
,44,,,,,,,,,15.648658752441406,15.648658752441406
44,314,,,,,,,15.648658752441406,15.648658752441406,,
44,314,11.348313331604004,11.34901237487793,,11.348313331604004,,,,,,
45,315,,,9.170642852783203,,9.169943809509277,9.169943809509277,,,,
45,316,,,14.822319030761719,,14.821619987487793,14.821619987487793,,,,
45,317,,,5.614816665649414,,5.614117622375488,5.614117622375488,,,,
45,318,,,12.76766586303711,,12.766966819763184,12.766966819763184,,,,
45,319,,,10.691306114196777,,10.690607070922852,10.690607070922852,,,,
45,320,,,11.303215980529785,,11.30251693725586,11.30251693725586,,,,
45,321,,,15.87310791015625,,15.872408866882324,15.872408866882324,,,,
,45,,,,,,,,,16.388195037841797,16.388195037841797
45,321,,,,,,,16.388195037841797,16.388195037841797,,
45,321,11.03026294708252,11.030961990356445,,11.03026294708252,,,,,,
46,322,,,14.611141204833984,,14.610443115234375,14.610443115234375,,,,
46,323,,,10.711143493652344,,10.710445404052734,10.710445404052734,,,,
46,324,,,10.647324562072754,,10.646626472473145,10.646626472473145,,,,
46,325,,,10.915787696838379,,10.91508960723877,10.91508960723877,,,,
46,326,,,7.967675685882568,,7.966978073120117,7.966978073120117,,,,
46,327,,,7.501362323760986,,7.500664710998535,7.500664710998535,,,,
46,328,,,16.476638793945312,,16.475940704345703,16.475940704345703,,,,
,46,,,,,,,,,17.058391571044922,17.058391571044922
46,328,,,,,,,17.058391571044922,17.058391571044922,,
46,328,10.749602317810059,10.750301361083984,,10.749602317810059,,,,,,
47,329,,,10.738572120666504,,10.737874984741211,10.737874984741211,,,,
47,330,,,11.595138549804688,,11.594441413879395,11.594441413879395,,,,
47,331,,,9.91842269897461,,9.917725563049316,9.917725563049316,,,,
47,332,,,10.235398292541504,,10.234701156616211,10.234701156616211,,,,
47,333,,,5.912874221801758,,5.912177085876465,5.912177085876465,,,,
47,334,,,12.318389892578125,,12.317692756652832,12.317692756652832,,,,
47,335,,,16.384109497070312,,16.383413314819336,16.383413314819336,,,,
,47,,,,,,,,,17.54233169555664,17.54233169555664
47,335,,,,,,,17.54233169555664,17.54233169555664,,
47,335,10.487590789794922,10.488288879394531,,10.487590789794922,,,,,,
48,336,,,6.844653606414795,,6.843956470489502,6.843956470489502,,,,
48,337,,,12.098655700683594,,12.0979585647583,12.0979585647583,,,,
48,338,,,9.714073181152344,,9.71337604522705,9.71337604522705,,,,
48,339,,,13.110478401184082,,13.109781265258789,13.109781265258789,,,,
48,340,,,10.053293228149414,,10.052596092224121,10.052596092224121,,,,
48,341,,,8.571834564208984,,8.571137428283691,8.571137428283691,,,,
48,342,,,13.508395195007324,,13.507698059082031,13.507698059082031,,,,
,48,,,,,,,,,17.811176300048828,17.811176300048828
48,342,,,,,,,17.811176300048828,17.811176300048828,,
48,342,10.267324447631836,10.268020629882812,,10.267324447631836,,,,,,
49,343,,,8.297673225402832,,8.296976089477539,8.296976089477539,,,,
49,344,,,6.991158962249756,,6.990462303161621,6.990462303161621,,,,
49,345,,,13.073816299438477,,13.073119163513184,13.073119163513184,,,,
49,346,,,11.38429069519043,,11.383593559265137,11.383593559265137,,,,
49,347,,,8.980666160583496,,8.97996997833252,8.97996997833252,,,,
49,348,,,9.456807136535645,,9.456110954284668,9.456110954284668,,,,
49,349,,,16.335590362548828,,16.33489418029785,16.33489418029785,,,,
,49,,,,,,,,,18.01085662841797,18.01085662841797
49,349,,,,,,,18.01085662841797,18.01085662841797,,
49,349,10.087186813354492,10.087882995605469,,10.087186813354492,,,,,,
50,350,,,7.26657247543335,,7.265875816345215,7.265875816345215,,,,
50,351,,,10.606327056884766,,10.605630874633789,10.605630874633789,,,,
50,352,,,10.35893726348877,,10.358241081237793,10.358241081237793,,,,
50,353,,,6.6150970458984375,,6.614400386810303,6.614400386810303,,,,
50,354,,,14.054226875305176,,14.053529739379883,14.053529739379883,,,,
50,355,,,10.375505447387695,,10.374809265136719,10.374809265136719,,,,
50,356,,,10.689488410949707,,10.68879222869873,10.68879222869873,,,,
,50,,,,,,,,,18.112985610961914,18.112985610961914
50,356,,,,,,,18.112985610961914,18.112985610961914,,
50,356,9.926397323608398,9.927094459533691,,9.926397323608398,,,,,,
51,357,,,10.387738227844238,,10.387042045593262,10.387042045593262,,,,
51,358,,,10.301621437072754,,10.300925254821777,10.300925254821777,,,,
51,359,,,13.253342628479004,,13.252646446228027,13.252646446228027,,,,
51,360,,,6.124098300933838,,6.123402118682861,6.123402118682861,,,,
51,361,,,10.524653434753418,,10.523957252502441,10.523957252502441,,,,
51,362,,,8.511226654052734,,8.510530471801758,8.510530471801758,,,,
51,363,,,8.921183586120605,,8.920487403869629,8.920487403869629,,,,
,51,,,,,,,,,18.204113006591797,18.204113006591797
51,363,,,,,,,18.204113006591797,18.204113006591797,,
51,363,9.795087814331055,9.795784950256348,,9.795087814331055,,,,,,
52,364,,,7.314971923828125,,7.31427526473999,7.31427526473999,,,,
52,365,,,10.936905860900879,,10.936208724975586,10.936208724975586,,,,
52,366,,,11.030571937561035,,11.029874801635742,11.029874801635742,,,,
52,367,,,6.239238262176514,,6.238541126251221,6.238541126251221,,,,
52,368,,,10.991652488708496,,10.990955352783203,10.990955352783203,,,,
52,369,,,12.436302185058594,,12.4356050491333,12.4356050491333,,,,
52,370,,,6.862727642059326,,6.862030982971191,6.862030982971191,,,,
,52,,,,,,,,,18.153705596923828,18.153705596923828
52,370,,,,,,,18.153705596923828,18.153705596923828,,
52,370,9.649995803833008,9.6506929397583,,9.649995803833008,,,,,,
53,371,,,8.295624732971191,,8.294927597045898,8.294927597045898,,,,
53,372,,,10.209380149841309,,10.208683013916016,10.208683013916016,,,,
53,373,,,12.2012939453125,,12.200596809387207,12.200596809387207,,,,
53,374,,,7.476473331451416,,7.475776672363281,7.475776672363281,,,,
53,375,,,10.354963302612305,,10.354266166687012,10.354266166687012,,,,
53,376,,,7.381248950958252,,7.380552291870117,7.380552291870117,,,,
53,377,,,12.901938438415527,,12.901241302490234,12.901241302490234,,,,
,53,,,,,,,,,18.07490348815918,18.07490348815918
53,377,,,,,,,18.07490348815918,18.07490348815918,,
53,377,9.52984619140625,9.530542373657227,,9.52984619140625,,,,,,
54,378,,,7.694500923156738,,7.693803787231445,7.693803787231445,,,,
54,379,,,12.100976943969727,,12.100279808044434,12.100279808044434,,,,
54,380,,,11.393765449523926,,11.393068313598633,11.393068313598633,,,,
54,381,,,7.330466270446777,,7.329769611358643,7.329769611358643,,,,
54,382,,,10.781956672668457,,10.781259536743164,10.781259536743164,,,,
54,383,,,8.51386833190918,,8.513171195983887,8.513171195983887,,,,
54,384,,,5.82226037979126,,5.821563243865967,5.821563243865967,,,,
,54,,,,,,,,,18.01590919494629,18.01590919494629
54,384,,,,,,,18.01590919494629,18.01590919494629,,
54,384,9.410892486572266,9.411589622497559,,9.410892486572266,,,,,,
55,385,,,10.043864250183105,,10.043167114257812,10.043167114257812,,,,
55,386,,,7.798917293548584,,7.798220157623291,7.798220157623291,,,,
55,387,,,8.009846687316895,,8.009149551391602,8.009149551391602,,,,
55,388,,,10.213128089904785,,10.212430953979492,10.212430953979492,,,,
55,389,,,9.866344451904297,,9.865647315979004,9.865647315979004,,,,
55,390,,,9.17602825164795,,9.175331115722656,9.175331115722656,,,,
55,391,,,11.166609764099121,,11.165912628173828,11.165912628173828,,,,
,55,,,,,,,,,17.740129470825195,17.740129470825195
55,391,,,,,,,17.740129470825195,17.740129470825195,,
55,391,9.30057430267334,9.301271438598633,,9.30057430267334,,,,,,
56,392,,,10.296734809875488,,10.296037673950195,10.296037673950195,,,,
56,393,,,7.025104999542236,,7.024407386779785,7.024407386779785,,,,
56,394,,,9.271041870117188,,9.270344734191895,9.270344734191895,,,,
56,395,,,12.678692817687988,,12.677995681762695,12.677995681762695,,,,
56,396,,,10.398262977600098,,10.397565841674805,10.397565841674805,,,,
56,397,,,6.2210164070129395,,6.220318794250488,6.220318794250488,,,,
56,398,,,7.307510852813721,,7.3068132400512695,7.3068132400512695,,,,
,56,,,,,,,,,17.533105850219727,17.533105850219727
56,398,,,,,,,17.533105850219727,17.533105850219727,,
56,398,9.196349143981934,9.197046279907227,,9.196349143981934,,,,,,
57,399,,,6.956568717956543,,6.955871105194092,6.955871105194092,,,,
57,400,,,8.201467514038086,,8.200770378112793,8.200770378112793,,,,
57,401,,,8.916266441345215,,8.915568351745605,8.915568351745605,,,,
57,402,,,9.782336235046387,,9.781638145446777,9.781638145446777,,,,
57,403,,,10.394248008728027,,10.393549919128418,10.393549919128418,,,,
57,404,,,10.3958101272583,,10.395112037658691,10.395112037658691,,,,
57,405,,,9.008687019348145,,9.007988929748535,9.007988929748535,,,,
,57,,,,,,,,,17.279693603515625,17.279693603515625
57,405,,,,,,,17.279693603515625,17.279693603515625,,
57,405,9.101255416870117,9.101953506469727,,9.101255416870117,,,,,,
58,406,,,8.871901512145996,,8.871203422546387,8.871203422546387,,,,
58,407,,,8.35763168334961,,8.35693359375,8.35693359375,,,,
58,408,,,8.894015312194824,,8.893317222595215,8.893317222595215,,,,
58,409,,,9.659070014953613,,9.658371925354004,9.658371925354004,,,,
58,410,,,11.465971946716309,,11.4652738571167,11.4652738571167,,,,
58,411,,,6.523559093475342,,6.522861003875732,6.522861003875732,,,,
58,412,,,9.737761497497559,,9.73706340789795,9.73706340789795,,,,
,58,,,,,,,,,17.321266174316406,17.321266174316406
58,412,,,,,,,17.321266174316406,17.321266174316406,,
58,412,9.006958961486816,9.007657051086426,,9.006958961486816,,,,,,
59,413,,,10.648170471191406,,10.647472381591797,10.647472381591797,,,,
59,414,,,11.154874801635742,,11.154176712036133,11.154176712036133,,,,
59,415,,,8.542398452758789,,8.54170036315918,8.54170036315918,,,,
59,416,,,11.139119148254395,,11.138421058654785,11.138421058654785,,,,
59,417,,,5.248489856719971,,5.247791767120361,5.247791767120361,,,,
59,418,,,7.598623275756836,,7.597925186157227,7.597925186157227,,,,
59,419,,,6.849809646606445,,6.849111557006836,6.849111557006836,,,,
,59,,,,,,,,,17.31011962890625,17.31011962890625
59,419,,,,,,,17.31011962890625,17.31011962890625,,
59,419,8.924847602844238,8.925545692443848,,8.924847602844238,,,,,,
60,420,,,9.348236083984375,,9.347537994384766,9.347537994384766,,,,
60,421,,,7.932642936706543,,7.931944847106934,7.931944847106934,,,,
60,422,,,7.89490270614624,,7.894204616546631,7.894204616546631,,,,
60,423,,,8.159950256347656,,8.159252166748047,8.159252166748047,,,,
60,424,,,9.110583305358887,,9.109885215759277,9.109885215759277,,,,
60,425,,,11.142496109008789,,11.14179801940918,11.14179801940918,,,,
60,426,,,7.29876184463501,,7.2980637550354,7.2980637550354,,,,
,60,,,,,,,,,17.318992614746094,17.318992614746094
60,426,,,,,,,17.318992614746094,17.318992614746094,,
60,426,8.834729194641113,8.835427284240723,,8.834729194641113,,,,,,
61,427,,,11.171990394592285,,11.171292304992676,11.171292304992676,,,,
61,428,,,7.326559543609619,,7.325860977172852,7.325860977172852,,,,
61,429,,,9.197614669799805,,9.196916580200195,9.196916580200195,,,,
61,430,,,8.658541679382324,,8.657843589782715,8.657843589782715,,,,
61,431,,,9.576472282409668,,9.575774192810059,9.575774192810059,,,,
61,432,,,8.549738883972168,,8.549040794372559,8.549040794372559,,,,
61,433,,,3.6839587688446045,,3.683260202407837,3.683260202407837,,,,
,61,,,,,,,,,17.188154220581055,17.188154220581055
61,433,,,,,,,17.188154220581055,17.188154220581055,,
61,433,8.762031555175781,8.76272964477539,,8.762031555175781,,,,,,
62,434,,,13.265743255615234,,13.265044212341309,13.265044212341309,,,,
62,435,,,5.695767879486084,,5.695069313049316,5.695069313049316,,,,
62,436,,,8.541711807250977,,8.54101276397705,8.54101276397705,,,,
62,437,,,9.157477378845215,,9.156778335571289,9.156778335571289,,,,
62,438,,,7.618441104888916,,7.61774206161499,7.61774206161499,,,,
62,439,,,7.535201549530029,,7.5345025062561035,7.5345025062561035,,,,
62,440,,,9.516136169433594,,9.515437126159668,9.515437126159668,,,,
,62,,,,,,,,,17.154253005981445,17.154253005981445
62,440,,,,,,,17.154253005981445,17.154253005981445,,
62,440,8.686814308166504,8.68751335144043,,8.686814308166504,,,,,,
63,441,,,6.122259140014648,,6.121560096740723,6.121560096740723,,,,
63,442,,,8.77363109588623,,8.772932052612305,8.772932052612305,,,,
63,443,,,8.885190963745117,,8.884491920471191,8.884491920471191,,,,
63,444,,,8.273723602294922,,8.273024559020996,8.273024559020996,,,,
63,445,,,7.869131565093994,,7.86843204498291,7.86843204498291,,,,
63,446,,,10.62955093383789,,10.628850936889648,10.628850936889648,,,,
63,447,,,11.383275032043457,,11.382575988769531,11.382575988769531,,,,
,63,,,,,,,,,16.932453155517578,16.932453155517578
63,447,,,,,,,16.932453155517578,16.932453155517578,,
63,447,8.598864555358887,8.599563598632812,,8.598864555358887,,,,,,
64,448,,,7.77705192565918,,7.776352405548096,7.776352405548096,,,,
64,449,,,6.931756973266602,,6.931057453155518,6.931057453155518,,,,
64,450,,,10.084725379943848,,10.084025382995605,10.084025382995605,,,,
64,451,,,10.840011596679688,,10.839311599731445,10.839311599731445,,,,
64,452,,,9.04576301574707,,9.045063018798828,9.045063018798828,,,,
64,453,,,6.371623992919922,,6.370924472808838,6.370924472808838,,,,
64,454,,,8.6434326171875,,8.642732620239258,8.642732620239258,,,,
,64,,,,,,,,,16.92072296142578,16.92072296142578
64,454,,,,,,,16.92072296142578,16.92072296142578,,
64,454,8.515727043151855,8.516426086425781,,8.515727043151855,,,,,,
65,455,,,9.289380073547363,,9.288680076599121,9.288680076599121,,,,
65,456,,,11.121623992919922,,11.12092399597168,11.12092399597168,,,,
65,457,,,8.512712478637695,,8.512012481689453,8.512012481689453,,,,
65,458,,,6.826830863952637,,6.8261308670043945,6.8261308670043945,,,,
65,459,,,7.506006717681885,,7.505306720733643,7.505306720733643,,,,
65,460,,,7.906923294067383,,7.906223297119141,7.906223297119141,,,,
65,461,,,6.907421588897705,,6.906721591949463,6.906721591949463,,,,
,65,,,,,,,,,16.812501907348633,16.812501907348633
65,461,,,,,,,16.812501907348633,16.812501907348633,,
65,461,8.431262016296387,8.431962013244629,,8.431262016296387,,,,,,
66,462,,,9.138201713562012,,9.13750171661377,9.13750171661377,,,,
66,463,,,5.3356828689575195,,5.334982395172119,5.334982395172119,,,,
66,464,,,7.708003997802734,,7.707303524017334,7.707303524017334,,,,
66,465,,,10.371949195861816,,10.371248245239258,10.371248245239258,,,,
66,466,,,7.4197163581848145,,7.419015407562256,7.419015407562256,,,,
66,467,,,9.66721248626709,,9.666511535644531,9.666511535644531,,,,
66,468,,,9.574077606201172,,9.573376655578613,9.573376655578613,,,,
,66,,,,,,,,,16.765417098999023,16.765417098999023
66,468,,,,,,,16.765417098999023,16.765417098999023,,
66,468,8.34926700592041,8.349967956542969,,8.34926700592041,,,,,,
67,469,,,4.4218573570251465,,4.421156406402588,4.421156406402588,,,,
67,470,,,8.500274658203125,,8.499573707580566,8.499573707580566,,,,
67,471,,,5.466824531555176,,5.466123580932617,5.466123580932617,,,,
67,472,,,11.380854606628418,,11.38015365600586,11.38015365600586,,,,
67,473,,,10.916215896606445,,10.915514945983887,10.915514945983887,,,,
67,474,,,8.152043342590332,,8.151342391967773,8.151342391967773,,,,
67,475,,,10.507216453552246,,10.506515502929688,10.506515502929688,,,,
,67,,,,,,,,,16.800100326538086,16.800100326538086
67,475,,,,,,,16.800100326538086,16.800100326538086,,
67,475,8.278244018554688,8.278944969177246,,8.278244018554688,,,,,,
68,476,,,9.452760696411133,,9.452059745788574,9.452059745788574,,,,
68,477,,,9.54487419128418,,9.544172286987305,9.544172286987305,,,,
68,478,,,8.365523338317871,,8.364821434020996,8.364821434020996,,,,
68,479,,,7.675022602081299,,7.674321174621582,7.674321174621582,,,,
68,480,,,7.874912738800049,,7.874211311340332,7.874211311340332,,,,
68,481,,,5.89632511138916,,5.895623207092285,5.895623207092285,,,,
68,482,,,9.498017311096191,,9.497315406799316,9.497315406799316,,,,
,68,,,,,,,,,16.84879493713379,16.84879493713379
68,482,,,,,,,16.84879493713379,16.84879493713379,,
68,482,8.214384078979492,8.215085983276367,,8.214384078979492,,,,,,
69,483,,,5.940783500671387,,5.940081596374512,5.940081596374512,,,,
69,484,,,8.845834732055664,,8.845132827758789,8.845132827758789,,,,
69,485,,,7.797616004943848,,7.7969136238098145,7.7969136238098145,,,,
69,486,,,10.55810546875,,10.557403564453125,10.557403564453125,,,,
69,487,,,7.03899621963501,,7.038293838500977,7.038293838500977,,,,
69,488,,,8.455950736999512,,8.455248832702637,8.455248832702637,,,,
69,489,,,8.674722671508789,,8.674019813537598,8.674019813537598,,,,
,69,,,,,,,,,16.752607345581055,16.752607345581055
69,489,,,,,,,16.752607345581055,16.752607345581055,,
69,489,8.138954162597656,8.139657020568848,,8.138954162597656,,,,,,
70,490,,,11.87340259552002,,11.872699737548828,11.872699737548828,,,,
70,491,,,7.110153675079346,,7.109450817108154,7.109450817108154,,,,
70,492,,,8.275262832641602,,8.27455997467041,8.27455997467041,,,,
70,493,,,9.158130645751953,,9.157427787780762,9.157427787780762,,,,
70,494,,,4.884495258331299,,4.883792400360107,4.883792400360107,,,,
70,495,,,7.476194381713867,,7.475491046905518,7.475491046905518,,,,
70,496,,,7.305014133453369,,7.3043107986450195,7.3043107986450195,,,,
,70,,,,,,,,,16.800615310668945,16.800615310668945
70,496,,,,,,,16.800615310668945,16.800615310668945,,
70,496,8.080398559570312,8.081101417541504,,8.080398559570312,,,,,,
71,497,,,8.139091491699219,,8.138388633728027,8.138388633728027,,,,
71,498,,,6.475339889526367,,6.474636554718018,6.474636554718018,,,,
71,499,,,7.632833957672119,,7.6321306228637695,7.6321306228637695,,,,
71,500,,,7.995985507965088,,7.9952826499938965,7.9952826499938965,,,,
71,501,,,8.281085968017578,,8.280383110046387,8.280383110046387,,,,
71,502,,,8.565007209777832,,8.564303398132324,8.564303398132324,,,,
71,503,,,10.696135520935059,,10.69543170928955,10.69543170928955,,,,
,71,,,,,,,,,16.828540802001953,16.828540802001953
71,503,,,,,,,16.828540802001953,16.828540802001953,,
71,503,8.015045166015625,8.015748023986816,,8.015045166015625,,,,,,
72,504,,,9.00450611114502,,9.003802299499512,9.003802299499512,,,,
72,505,,,6.555864334106445,,6.555160999298096,6.555160999298096,,,,
72,506,,,5.753433704376221,,5.752730369567871,5.752730369567871,,,,
72,507,,,10.851738929748535,,10.851035118103027,10.851035118103027,,,,
72,508,,,8.233811378479004,,8.233107566833496,8.233107566833496,,,,
72,509,,,8.328344345092773,,8.327640533447266,8.327640533447266,,,,
72,510,,,5.299714088439941,,5.299010276794434,5.299010276794434,,,,
,72,,,,,,,,,16.724231719970703,16.724231719970703
72,510,,,,,,,16.724231719970703,16.724231719970703,,
72,510,7.954605579376221,7.955308437347412,,7.954605579376221,,,,,,
73,511,,,10.127509117126465,,10.126805305480957,10.126805305480957,,,,
73,512,,,7.533100128173828,,7.532395839691162,7.532395839691162,,,,
73,513,,,7.04226016998291,,7.041555881500244,7.041555881500244,,,,
73,514,,,8.1834077835083,,8.182703018188477,8.182703018188477,,,,
73,515,,,6.260918140411377,,6.260213851928711,6.260213851928711,,,,
73,516,,,8.095187187194824,,8.094482421875,8.094482421875,,,,
73,517,,,8.304597854614258,,8.303893089294434,8.303893089294434,,,,
,73,,,,,,,,,16.58289909362793,16.58289909362793
73,517,,,,,,,16.58289909362793,16.58289909362793,,
73,517,7.898371696472168,7.899075508117676,,7.898371696472168,,,,,,
74,518,,,9.926413536071777,,9.925708770751953,9.925708770751953,,,,
74,519,,,7.248309135437012,,7.2476043701171875,7.2476043701171875,,,,
74,520,,,7.31106424331665,,7.310359477996826,7.310359477996826,,,,
74,521,,,7.693929195404053,,7.69322395324707,7.69322395324707,,,,
74,522,,,9.189997673034668,,9.189291954040527,9.189291954040527,,,,
74,523,,,6.275589466094971,,6.274884223937988,6.274884223937988,,,,
74,524,,,6.317292213439941,,6.316586971282959,6.316586971282959,,,,
,74,,,,,,,,,16.525007247924805,16.525007247924805
74,524,,,,,,,16.525007247924805,16.525007247924805,,
74,524,7.844673156738281,7.845378398895264,,7.844673156738281,,,,,,
75,525,,,8.4304838180542,,8.429778099060059,8.429778099060059,,,,
75,526,,,4.901804447174072,,4.901098728179932,4.901098728179932,,,,
75,527,,,7.674593925476074,,7.673888206481934,7.673888206481934,,,,
75,528,,,7.813443183898926,,7.812737464904785,7.812737464904785,,,,
75,529,,,7.897420406341553,,7.896714687347412,7.896714687347412,,,,
75,530,,,9.146793365478516,,9.146087646484375,9.146087646484375,,,,
75,531,,,10.006120681762695,,10.005414962768555,10.005414962768555,,,,
,75,,,,,,,,,16.454914093017578,16.454914093017578
75,531,,,,,,,16.454914093017578,16.454914093017578,,
75,531,7.782326698303223,7.783032417297363,,7.782326698303223,,,,,,
76,532,,,8.978605270385742,,8.977899551391602,8.977899551391602,,,,
76,533,,,9.347433090209961,,9.346726417541504,9.346726417541504,,,,
76,534,,,7.854678153991699,,7.8539719581604,7.8539719581604,,,,
76,535,,,5.609350204467773,,5.608643531799316,5.608643531799316,,,,
76,536,,,6.333052635192871,,6.332345962524414,6.332345962524414,,,,
76,537,,,7.336456775665283,,7.335750102996826,7.335750102996826,,,,
76,538,,,10.03798770904541,,10.037281036376953,10.037281036376953,,,,
,76,,,,,,,,,16.396528244018555,16.396528244018555
76,538,,,,,,,16.396528244018555,16.396528244018555,,
76,538,7.720677852630615,7.721383571624756,,7.720677852630615,,,,,,
77,539,,,7.598523139953613,,7.597816467285156,7.597816467285156,,,,
77,540,,,7.2155327796936035,,7.2148261070251465,7.2148261070251465,,,,
77,541,,,7.69683837890625,,7.696131229400635,7.696131229400635,,,,
77,542,,,9.611394882202148,,9.610688209533691,9.610688209533691,,,,
77,543,,,7.482629776000977,,7.481922626495361,7.481922626495361,,,,
77,544,,,8.526897430419922,,8.526189804077148,8.526189804077148,,,,
77,545,,,1.9518929719924927,,1.9511855840682983,1.9511855840682983,,,,
,77,,,,,,,,,16.248857498168945,16.248857498168945
77,545,,,,,,,16.248857498168945,16.248857498168945,,
77,545,7.664198398590088,7.664906024932861,,7.664198398590088,,,,,,
78,546,,,7.9821553230285645,,7.981447696685791,7.981447696685791,,,,
78,547,,,8.180503845214844,,8.17979621887207,8.17979621887207,,,,
78,548,,,6.673891544342041,,6.673183917999268,6.673183917999268,,,,
78,549,,,7.5894694328308105,,7.588761806488037,7.588761806488037,,,,
78,550,,,6.789525985717773,,6.788818359375,6.788818359375,,,,
78,551,,,8.123674392700195,,8.122966766357422,8.122966766357422,,,,
78,552,,,8.465320587158203,,8.46461296081543,8.46461296081543,,,,
,78,,,,,,,,,16.129072189331055,16.129072189331055
78,552,,,,,,,16.129072189331055,16.129072189331055,,
78,552,7.609286308288574,7.609994411468506,,7.609286308288574,,,,,,
79,553,,,8.218226432800293,,8.217517852783203,8.217517852783203,,,,
79,554,,,7.137330055236816,,7.136621952056885,7.136621952056885,,,,
79,555,,,7.779851913452148,,7.779143333435059,7.779143333435059,,,,
79,556,,,6.335378170013428,,6.334669589996338,6.334669589996338,,,,
79,557,,,8.51392650604248,,8.51321792602539,8.51321792602539,,,,
79,558,,,7.135828018188477,,7.135119438171387,7.135119438171387,,,,
79,559,,,8.098175048828125,,8.097466468811035,8.097466468811035,,,,
,79,,,,,,,,,16.023168563842773,16.023168563842773
79,559,,,,,,,16.023168563842773,16.023168563842773,,
79,559,7.553386688232422,7.55409574508667,,7.553386688232422,,,,,,
80,560,,,8.137361526489258,,8.136652946472168,8.136652946472168,,,,
80,561,,,8.006797790527344,,8.006089210510254,8.006089210510254,,,,
80,562,,,3.2721002101898193,,3.2713911533355713,3.2713911533355713,,,,
80,563,,,12.14530086517334,,12.144591331481934,12.144591331481934,,,,
80,564,,,7.832350254058838,,7.83164119720459,7.83164119720459,,,,
80,565,,,5.5770263671875,,5.576317310333252,5.576317310333252,,,,
80,566,,,7.605681419372559,,7.604971885681152,7.604971885681152,,,,
,80,,,,,,,,,15.615679740905762,15.615679740905762
80,566,,,,,,,15.615679740905762,15.615679740905762,,
80,566,7.500948429107666,7.501657962799072,,7.500948429107666,,,,,,
81,567,,,7.8317131996154785,,7.831003665924072,7.831003665924072,,,,
81,568,,,6.140383720397949,,6.139673709869385,6.139673709869385,,,,
81,569,,,9.908042907714844,,9.907333374023438,9.907333374023438,,,,
81,570,,,6.214742660522461,,6.2140326499938965,6.2140326499938965,,,,
81,571,,,7.701355934143066,,7.700645923614502,7.700645923614502,,,,
81,572,,,7.663804054260254,,7.6630940437316895,7.6630940437316895,,,,
81,573,,,5.298882007598877,,5.298171520233154,5.298171520233154,,,,
,81,,,,,,,,,15.269743919372559,15.269743919372559
81,573,,,,,,,15.269743919372559,15.269743919372559,,
81,573,7.441976070404053,7.442685604095459,,7.441976070404053,,,,,,
82,574,,,7.029584884643555,,7.028874397277832,7.028874397277832,,,,
82,575,,,8.912267684936523,,8.9115571975708,8.9115571975708,,,,
82,576,,,5.587459564208984,,5.5867486000061035,5.5867486000061035,,,,
82,577,,,7.875003337860107,,7.874292373657227,7.874292373657227,,,,
82,578,,,9.7866849899292,,9.78597354888916,9.78597354888916,,,,
82,579,,,6.728211879730225,,6.7275004386901855,6.7275004386901855,,,,
82,580,,,3.307779550552368,,3.307068109512329,3.307068109512329,,,,
,82,,,,,,,,,15.121597290039062,15.121597290039062
82,580,,,,,,,15.121597290039062,15.121597290039062,,
82,580,7.396878242492676,7.397589206695557,,7.396878242492676,,,,,,
83,581,,,8.020994186401367,,8.020282745361328,8.020282745361328,,,,
83,582,,,7.8466033935546875,,7.84589147567749,7.84589147567749,,,,
83,583,,,7.22098970413208,,7.220277786254883,7.220277786254883,,,,
83,584,,,7.841109275817871,,7.840397357940674,7.840397357940674,,,,
83,585,,,6.98945951461792,,6.988747596740723,6.988747596740723,,,,
83,586,,,4.533926963806152,,4.533215045928955,4.533215045928955,,,,
83,587,,,11.582535743713379,,11.581823348999023,11.581823348999023,,,,
,83,,,,,,,,,15.043133735656738,15.043133735656738
83,587,,,,,,,15.043133735656738,15.043133735656738,,
83,587,7.339920520782471,7.340632915496826,,7.339920520782471,,,,,,
84,588,,,7.106604099273682,,7.105891704559326,7.105891704559326,,,,
84,589,,,6.248715877532959,,6.2480034828186035,6.2480034828186035,,,,
84,590,,,8.823856353759766,,8.82314395904541,8.82314395904541,,,,
84,591,,,5.13312292098999,,5.132410049438477,5.132410049438477,,,,
84,592,,,7.197859764099121,,7.197146892547607,7.197146892547607,,,,
84,593,,,8.800065994262695,,8.799352645874023,8.799352645874023,,,,
84,594,,,8.317679405212402,,8.31696605682373,8.31696605682373,,,,
,84,,,,,,,,,15.014246940612793,15.014246940612793
84,594,,,,,,,15.014246940612793,15.014246940612793,,
84,594,7.282322883605957,7.283036231994629,,7.282322883605957,,,,,,
85,595,,,9.708282470703125,,9.707569122314453,9.707569122314453,,,,
85,596,,,7.45586633682251,,7.455152988433838,7.455152988433838,,,,
85,597,,,3.2868800163269043,,3.2861666679382324,3.2861666679382324,,,,
85,598,,,8.973023414611816,,8.972310066223145,8.972310066223145,,,,
85,599,,,5.927639484405518,,5.9269256591796875,5.9269256591796875,,,,
85,600,,,7.084508419036865,,7.083794593811035,7.083794593811035,,,,
85,601,,,9.775012969970703,,9.774298667907715,9.774298667907715,,,,
,85,,,,,,,,,15.058911323547363,15.058911323547363
85,601,,,,,,,15.058911323547363,15.058911323547363,,
85,601,7.230946063995361,7.231659412384033,,7.230946063995361,,,,,,
86,602,,,9.138568878173828,,9.13785457611084,9.13785457611084,,,,
86,603,,,6.325923442840576,,6.325209140777588,6.325209140777588,,,,
86,604,,,6.3162617683410645,,6.315547466278076,6.315547466278076,,,,
86,605,,,5.427660942077637,,5.426946640014648,5.426946640014648,,,,
86,606,,,8.843417167663574,,8.842702865600586,8.842702865600586,,,,
86,607,,,6.945158004760742,,6.944443225860596,6.944443225860596,,,,
86,608,,,7.359989166259766,,7.359274387359619,7.359274387359619,,,,
,86,,,,,,,,,15.034893989562988,15.034893989562988
86,608,,,,,,,15.034893989562988,15.034893989562988,,
86,608,7.176852226257324,7.177567005157471,,7.176852226257324,,,,,,
87,609,,,7.983257293701172,,7.982542514801025,7.982542514801025,,,,
87,610,,,5.942873954772949,,5.942159175872803,5.942159175872803,,,,
87,611,,,5.919539451599121,,5.918824195861816,5.918824195861816,,,,
87,612,,,7.388431072235107,,7.387715816497803,7.387715816497803,,,,
87,613,,,6.890824794769287,,6.890109539031982,6.890109539031982,,,,
87,614,,,7.020305156707764,,7.019589900970459,7.019589900970459,,,,
87,615,,,11.349725723266602,,11.349010467529297,11.349010467529297,,,,
,87,,,,,,,,,15.027015686035156,15.027015686035156
87,615,,,,,,,15.027015686035156,15.027015686035156,,
87,615,7.121069431304932,7.121785640716553,,7.121069431304932,,,,,,
88,616,,,7.151305675506592,,7.150589942932129,7.150589942932129,,,,
88,617,,,6.359788417816162,,6.359072685241699,6.359072685241699,,,,
88,618,,,6.456265449523926,,6.455549240112305,6.455549240112305,,,,
88,619,,,6.162099838256836,,6.161383628845215,6.161383628845215,,,,
88,620,,,7.171733379364014,,7.171017169952393,7.171017169952393,,,,
88,621,,,8.228202819824219,,8.227486610412598,8.227486610412598,,,,
88,622,,,9.35886001586914,,9.35814380645752,9.35814380645752,,,,
,88,,,,,,,,,14.902235984802246,14.902235984802246
88,622,,,,,,,14.902235984802246,14.902235984802246,,
88,622,7.064219951629639,7.06493616104126,,7.064219951629639,,,,,,
89,623,,,8.022477149963379,,8.021760940551758,8.021760940551758,,,,
89,624,,,6.9998369216918945,,6.999120235443115,6.999120235443115,,,,
89,625,,,5.0937886238098145,,5.093071937561035,5.093071937561035,,,,
89,626,,,8.716794967651367,,8.71607780456543,8.71607780456543,,,,
89,627,,,7.081921577453613,,7.081204414367676,7.081204414367676,,,,
89,628,,,6.065044403076172,,6.064327239990234,6.064327239990234,,,,
89,629,,,7.161692142486572,,7.160974979400635,7.160974979400635,,,,
,89,,,,,,,,,14.664703369140625,14.664703369140625
89,629,,,,,,,14.664703369140625,14.664703369140625,,
89,629,7.005635738372803,7.006352424621582,,7.005635738372803,,,,,,
90,630,,,6.717232704162598,,6.716515064239502,6.716515064239502,,,,
90,631,,,5.990242004394531,,5.9895243644714355,5.9895243644714355,,,,
90,632,,,9.533799171447754,,9.533082008361816,9.533082008361816,,,,
90,633,,,4.426882743835449,,4.4261651039123535,4.4261651039123535,,,,
90,634,,,8.49203109741211,,8.491312980651855,8.491312980651855,,,,
90,635,,,7.230075359344482,,7.2293572425842285,7.2293572425842285,,,,
90,636,,,5.107911109924316,,5.1071929931640625,5.1071929931640625,,,,
,90,,,,,,,,,14.513733863830566,14.513733863830566
90,636,,,,,,,14.513733863830566,14.513733863830566,,
90,636,6.949200630187988,6.949918270111084,,6.949200630187988,,,,,,
91,637,,,4.166553497314453,,4.165834903717041,4.165834903717041,,,,
91,638,,,6.127945899963379,,6.127227306365967,6.127227306365967,,,,
91,639,,,6.139863967895508,,6.139145374298096,6.139145374298096,,,,
91,640,,,10.540684700012207,,10.539965629577637,10.539965629577637,,,,
91,641,,,7.980380535125732,,7.979661464691162,7.979661464691162,,,,
91,642,,,6.552847385406494,,6.552128314971924,6.552128314971924,,,,
91,643,,,6.4832282066345215,,6.482509136199951,6.482509136199951,,,,
,91,,,,,,,,,14.325102806091309,14.325102806091309
91,643,,,,,,,14.325102806091309,14.325102806091309,,
91,643,6.891749382019043,6.892468452453613,,6.891749382019043,,,,,,
92,644,,,7.466050148010254,,7.465330600738525,7.465330600738525,,,,
92,645,,,6.723971366882324,,6.723251819610596,6.723251819610596,,,,
92,646,,,6.758963584899902,,6.758244037628174,6.758244037628174,,,,
92,647,,,5.579336643218994,,5.578616619110107,5.578616619110107,,,,
92,648,,,8.475227355957031,,8.474507331848145,8.474507331848145,,,,
92,649,,,6.0703887939453125,,6.069668769836426,6.069668769836426,,,,
92,650,,,6.747791767120361,,6.747071743011475,6.747071743011475,,,,
,92,,,,,,,,,14.226506233215332,14.226506233215332
92,650,,,,,,,14.226506233215332,14.226506233215332,,
92,650,6.839179515838623,6.83989953994751,,6.839179515838623,,,,,,
93,651,,,5.2988386154174805,,5.2981181144714355,5.2981181144714355,,,,
93,652,,,7.808012962341309,,7.807292461395264,7.807292461395264,,,,
93,653,,,5.656472682952881,,5.655752182006836,5.655752182006836,,,,
93,654,,,7.080361366271973,,7.0796403884887695,7.0796403884887695,,,,
93,655,,,5.497096061706543,,5.49637508392334,5.49637508392334,,,,
93,656,,,8.795448303222656,,8.794727325439453,8.794727325439453,,,,
93,657,,,8.410387992858887,,8.409667015075684,8.409667015075684,,,,
,93,,,,,,,,,14.076470375061035,14.076470375061035
93,657,,,,,,,14.076470375061035,14.076470375061035,,
93,657,6.789886951446533,6.790607929229736,,6.789886951446533,,,,,,
94,658,,,6.719863414764404,,6.719141960144043,6.719141960144043,,,,
94,659,,,6.450582027435303,,6.449860572814941,6.449860572814941,,,,
94,660,,,6.595714092254639,,6.594992160797119,6.594992160797119,,,,
94,661,,,6.000077724456787,,5.999355792999268,5.999355792999268,,,,
94,662,,,6.097541332244873,,6.0968194007873535,6.0968194007873535,,,,
94,663,,,7.197229862213135,,7.196507930755615,7.196507930755615,,,,
94,664,,,10.383710861206055,,10.382988929748535,10.382988929748535,,,,
,94,,,,,,,,,13.8558931350708,13.8558931350708
94,664,,,,,,,13.8558931350708,13.8558931350708,,
94,664,6.737300872802734,6.738023281097412,,6.737300872802734,,,,,,
95,665,,,8.158050537109375,,8.157327651977539,8.157327651977539,,,,
95,666,,,5.914167881011963,,5.913444995880127,5.913444995880127,,,,
95,667,,,8.53881549835205,,8.538092613220215,8.538092613220215,,,,
95,668,,,5.84869909286499,,5.847976207733154,5.847976207733154,,,,
95,669,,,4.352063179016113,,4.351339817047119,4.351339817047119,,,,
95,670,,,6.822344779968262,,6.821621417999268,6.821621417999268,,,,
95,671,,,7.97057580947876,,7.969852447509766,7.969852447509766,,,,
,95,,,,,,,,,13.663344383239746,13.663344383239746
95,671,,,,,,,13.663344383239746,13.663344383239746,,
95,671,6.685254096984863,6.685977935791016,,6.685254096984863,,,,,,
96,672,,,5.736271858215332,,5.73554801940918,5.73554801940918,,,,
96,673,,,6.921207427978516,,6.920483589172363,6.920483589172363,,,,
96,674,,,7.355142593383789,,7.354418754577637,7.354418754577637,,,,
96,675,,,6.983902454376221,,6.98317813873291,6.98317813873291,,,,
96,676,,,6.028674125671387,,6.027949810028076,6.027949810028076,,,,
96,677,,,7.557232856750488,,7.556508541107178,7.556508541107178,,,,
96,678,,,4.484838485717773,,4.484114170074463,4.484114170074463,,,,
,96,,,,,,,,,13.355488777160645,13.355488777160645
96,678,,,,,,,13.355488777160645,13.355488777160645,,
96,678,6.628961086273193,6.629685878753662,,6.628961086273193,,,,,,
97,679,,,7.461977481842041,,7.461252689361572,7.461252689361572,,,,
97,680,,,5.375451564788818,,5.37472677230835,5.37472677230835,,,,
97,681,,,6.333210468292236,,6.332485198974609,6.332485198974609,,,,
97,682,,,5.975803375244141,,5.975078105926514,5.975078105926514,,,,
97,683,,,7.290081977844238,,7.289356708526611,7.289356708526611,,,,
97,684,,,6.837717056274414,,6.836991310119629,6.836991310119629,,,,
97,685,,,7.099688529968262,,7.098962783813477,7.098962783813477,,,,
,97,,,,,,,,,13.155744552612305,13.155744552612305
97,685,,,,,,,13.155744552612305,13.155744552612305,,
97,685,6.577568531036377,6.578293800354004,,6.577568531036377,,,,,,
98,686,,,8.029605865478516,,8.02888011932373,8.02888011932373,,,,
98,687,,,4.879151821136475,,4.878425598144531,4.878425598144531,,,,
98,688,,,7.164937496185303,,7.164211273193359,7.164211273193359,,,,
98,689,,,7.8061442375183105,,7.805418014526367,7.805418014526367,,,,
98,690,,,4.894103050231934,,4.893376350402832,4.893376350402832,,,,
98,691,,,5.219231128692627,,5.218504428863525,5.218504428863525,,,,
98,692,,,9.59585189819336,,9.595125198364258,9.595125198364258,,,,
,98,,,,,,,,,13.037210464477539,13.037210464477539
98,692,,,,,,,13.037210464477539,13.037210464477539,,
98,692,6.523449420928955,6.524176120758057,,6.523449420928955,,,,,,
99,693,,,5.515021324157715,,5.514294624328613,5.514294624328613,,,,
99,694,,,6.6226582527160645,,6.621931076049805,6.621931076049805,,,,
99,695,,,5.790678977966309,,5.789951801300049,5.789951801300049,,,,
99,696,,,8.248102188110352,,8.247374534606934,8.247374534606934,,,,
99,697,,,6.345827579498291,,6.345099925994873,6.345099925994873,,,,
99,698,,,7.333130836486816,,7.332403182983398,7.332403182983398,,,,
99,699,,,3.7654311656951904,,3.7647032737731934,3.7647032737731934,,,,
,99,,,,,,,,,12.908437728881836,12.908437728881836
99,699,,,,,,,12.908437728881836,12.908437728881836,,
99,699,6.472599506378174,6.473326206207275,,6.472599506378174,,,,,,
100,700,,,7.104220867156982,,7.103492736816406,7.103492736816406,,,,
100,701,,,5.290327072143555,,5.2895989418029785,5.2895989418029785,,,,
100,702,,,7.56776237487793,,7.5670342445373535,7.5670342445373535,,,,
100,703,,,6.562150478363037,,6.561422348022461,6.561422348022461,,,,
100,704,,,6.339352607727051,,6.338624000549316,6.338624000549316,,,,
100,705,,,6.135283946990967,,6.134555339813232,6.134555339813232,,,,
100,706,,,5.131365776062012,,5.130637168884277,5.130637168884277,,,,
,100,,,,,,,,,12.698142051696777,12.698142051696777
100,706,,,,,,,12.698142051696777,12.698142051696777,,
100,706,6.418622016906738,6.419351100921631,,6.418622016906738,,,,,,
101,707,,,6.7075934410095215,,6.706864356994629,6.706864356994629,,,,
101,708,,,6.24114465713501,,6.240415573120117,6.240415573120117,,,,
101,709,,,4.472895622253418,,4.472166538238525,4.472166538238525,,,,
101,710,,,5.7918477058410645,,5.791118144989014,5.791118144989014,,,,
101,711,,,6.973474979400635,,6.972744941711426,6.972744941711426,,,,
101,712,,,8.077402114868164,,8.076672554016113,8.076672554016113,,,,
101,713,,,6.191840171813965,,6.191110134124756,6.191110134124756,,,,
,101,,,,,,,,,12.724248886108398,12.724248886108398
101,713,,,,,,,12.724248886108398,12.724248886108398,,
101,713,6.365748882293701,6.366478443145752,,6.365748882293701,,,,,,
102,714,,,5.7184600830078125,,5.7177300453186035,5.7177300453186035,,,,
102,715,,,6.03519344329834,,6.034463405609131,6.034463405609131,,,,
102,716,,,6.259422779083252,,6.258692264556885,6.258692264556885,,,,
102,717,,,5.614868640899658,,5.614138126373291,5.614138126373291,,,,
102,718,,,6.57971715927124,,6.578986644744873,6.578986644744873,,,,
102,719,,,6.981715679168701,,6.980985164642334,6.980985164642334,,,,
102,720,,,8.030029296875,,8.029298782348633,8.029298782348633,,,,
,102,,,,,,,,,12.561468124389648,12.561468124389648
102,720,,,,,,,12.561468124389648,12.561468124389648,,
102,720,6.305251598358154,6.30598258972168,,6.305251598358154,,,,,,
103,721,,,6.308450698852539,,6.307719707489014,6.307719707489014,,,,
103,722,,,8.14649772644043,,8.145766258239746,8.145766258239746,,,,
103,723,,,6.162893295288086,,6.162161827087402,6.162161827087402,,,,
103,724,,,4.600468635559082,,4.59973669052124,4.59973669052124,,,,
103,725,,,6.4556050300598145,,6.454873085021973,6.454873085021973,,,,
103,726,,,6.269749641418457,,6.269017696380615,6.269017696380615,,,,
103,727,,,5.187666416168213,,5.186934471130371,5.186934471130371,,,,
,103,,,,,,,,,12.320760726928711,12.320760726928711
103,727,,,,,,,12.320760726928711,12.320760726928711,,
103,727,6.256371974945068,6.25710391998291,,6.256371974945068,,,,,,
104,728,,,7.153652191162109,,7.152919769287109,7.152919769287109,,,,
104,729,,,6.37661075592041,,6.37587833404541,6.37587833404541,,,,
104,730,,,5.776148319244385,,5.775415420532227,5.775415420532227,,,,
104,731,,,5.568195343017578,,5.56746244430542,5.56746244430542,,,,
104,732,,,5.924706935882568,,5.92397403717041,5.92397403717041,,,,
104,733,,,6.54125452041626,,6.540521144866943,6.540521144866943,,,,
104,734,,,5.954023361206055,,5.953289985656738,5.953289985656738,,,,
,104,,,,,,,,,12.159767150878906,12.159767150878906
104,734,,,,,,,12.159767150878906,12.159767150878906,,
104,734,6.206847667694092,6.20758056640625,,6.206847667694092,,,,,,
105,735,,,6.923185348510742,,6.922451972961426,6.922451972961426,,,,
105,736,,,7.133987903594971,,7.133254528045654,7.133254528045654,,,,
105,737,,,4.572824954986572,,4.572091102600098,4.572091102600098,,,,
105,738,,,3.9959919452667236,,3.99525785446167,3.99525785446167,,,,
105,739,,,5.970524787902832,,5.969790935516357,5.969790935516357,,,,
105,740,,,8.469335556030273,,8.46860122680664,8.46860122680664,,,,
105,741,,,5.7750725746154785,,5.774338245391846,5.774338245391846,,,,
,105,,,,,,,,,12.09684944152832,12.09684944152832
105,741,,,,,,,12.09684944152832,12.09684944152832,,
105,741,6.15322732925415,6.153961181640625,,6.15322732925415,,,,,,
106,742,,,4.627762317657471,,4.62702751159668,4.62702751159668,,,,
106,743,,,9.909549713134766,,9.908815383911133,9.908815383911133,,,,
106,744,,,5.044652938842773,,5.043918132781982,5.043918132781982,,,,
106,745,,,7.256448745727539,,7.25571346282959,7.25571346282959,,,,
106,746,,,6.226554870605469,,6.2258195877075195,6.2258195877075195,,,,
106,747,,,4.388716220855713,,4.387980937957764,4.387980937957764,,,,
106,748,,,3.941145420074463,,3.9404096603393555,3.9404096603393555,,,,
,106,,,,,,,,,11.976997375488281,11.976997375488281
106,748,,,,,,,11.976997375488281,11.976997375488281,,
106,748,6.106184959411621,6.106919765472412,,6.106184959411621,,,,,,
107,749,,,6.225047588348389,,6.224311828613281,6.224311828613281,,,,
107,750,,,7.353160381317139,,7.352424621582031,7.352424621582031,,,,
107,751,,,7.52708101272583,,7.5263447761535645,7.5263447761535645,,,,
107,752,,,5.159111976623535,,5.1583757400512695,5.1583757400512695,,,,
107,753,,,5.7026848793029785,,5.701948165893555,5.701948165893555,,,,
107,754,,,3.9030983448028564,,3.9023616313934326,3.9023616313934326,,,,
107,755,,,7.112389087677002,,7.111652374267578,7.111652374267578,,,,
,107,,,,,,,,,11.967976570129395,11.967976570129395
107,755,,,,,,,11.967976570129395,11.967976570129395,,
107,755,6.044334888458252,6.045070648193359,,6.044334888458252,,,,,,
108,756,,,6.501187801361084,,6.500450611114502,6.500450611114502,,,,
108,757,,,5.068303108215332,,5.06756591796875,5.06756591796875,,,,
108,758,,,6.992553234100342,,6.991815567016602,6.991815567016602,,,,
108,759,,,6.396881103515625,,6.396143436431885,6.396143436431885,,,,
108,760,,,5.948178291320801,,5.9474406242370605,5.9474406242370605,,,,
108,761,,,6.228494644165039,,6.227756500244141,6.227756500244141,,,,
108,762,,,2.935272216796875,,2.9345340728759766,2.9345340728759766,,,,
,108,,,,,,,,,11.853642463684082,11.853642463684082
108,762,,,,,,,11.853642463684082,11.853642463684082,,
108,762,5.997117042541504,5.997854709625244,,5.997117042541504,,,,,,
109,763,,,6.302848815917969,,6.30211067199707,6.30211067199707,,,,
109,764,,,4.392619609832764,,4.391880989074707,4.391880989074707,,,,
109,765,,,7.885000228881836,,7.884261608123779,7.884261608123779,,,,
109,766,,,7.118127346038818,,7.117388725280762,7.117388725280762,,,,
109,767,,,3.8425259590148926,,3.841787099838257,3.841787099838257,,,,
109,768,,,5.981821537017822,,5.981082439422607,5.981082439422607,,,,
109,769,,,6.488156795501709,,6.487417697906494,6.487417697906494,,,,
,109,,,,,,,,,11.717874526977539,11.717874526977539
109,769,,,,,,,11.717874526977539,11.717874526977539,,
109,769,5.95314359664917,5.953883171081543,,5.95314359664917,,,,,,
110,770,,,4.351803302764893,,4.3510637283325195,4.3510637283325195,,,,
110,771,,,6.52837610244751,,6.5276360511779785,6.5276360511779785,,,,
110,772,,,6.832518577575684,,6.831778526306152,6.831778526306152,,,,
110,773,,,4.660140037536621,,4.65939998626709,4.65939998626709,,,,
110,774,,,5.826566696166992,,5.825826168060303,5.825826168060303,,,,
110,775,,,5.3419904708862305,,5.341249942779541,5.341249942779541,,,,
110,776,,,11.103706359863281,,11.102965354919434,11.102965354919434,,,,
,110,,,,,,,,,11.836980819702148,11.836980819702148
110,776,,,,,,,11.836980819702148,11.836980819702148,,
110,776,5.913814544677734,5.914554595947266,,5.913814544677734,,,,,,
111,777,,,6.22208833694458,,6.221347332000732,6.221347332000732,,,,
111,778,,,5.2078680992126465,,5.207127094268799,5.207127094268799,,,,
111,779,,,6.864205360412598,,6.863463878631592,6.863463878631592,,,,
111,780,,,5.974583148956299,,5.973841667175293,5.973841667175293,,,,
111,781,,,5.818241596221924,,5.817500114440918,5.817500114440918,,,,
111,782,,,5.657761573791504,,5.65701961517334,5.65701961517334,,,,
111,783,,,4.340667724609375,,4.339925765991211,4.339925765991211,,,,
,111,,,,,,,,,11.806803703308105,11.806803703308105
111,783,,,,,,,11.806803703308105,11.806803703308105,,
111,783,5.861611843109131,5.86235237121582,,5.861611843109131,,,,,,
112,784,,,6.087541103363037,,6.086799144744873,6.086799144744873,,,,
112,785,,,7.2418437004089355,,7.241101264953613,7.241101264953613,,,,
112,786,,,6.828652381896973,,6.82790994644165,6.82790994644165,,,,
112,787,,,3.8889975547790527,,3.8882548809051514,3.8882548809051514,,,,
112,788,,,4.814387798309326,,4.813644886016846,4.813644886016846,,,,
112,789,,,6.453873634338379,,6.453130722045898,6.453130722045898,,,,
112,790,,,4.781006336212158,,4.7802629470825195,4.7802629470825195,,,,
,112,,,,,,,,,11.767186164855957,11.767186164855957
112,790,,,,,,,11.767186164855957,11.767186164855957,,
112,790,5.820146560668945,5.820889949798584,,5.820146560668945,,,,,,
113,791,,,6.503078460693359,,6.502335071563721,6.502335071563721,,,,
113,792,,,6.893497943878174,,6.892754554748535,6.892754554748535,,,,
113,793,,,3.1420247554779053,,3.1412811279296875,3.1412811279296875,,,,
113,794,,,5.941440582275391,,5.940696716308594,5.940696716308594,,,,
113,795,,,4.855440139770508,,4.854695796966553,4.854695796966553,,,,
113,796,,,7.744513988494873,,7.743769645690918,7.743769645690918,,,,
113,797,,,4.824675559997559,,4.8239312171936035,4.8239312171936035,,,,
,113,,,,,,,,,11.68179988861084,11.68179988861084
113,797,,,,,,,11.68179988861084,11.68179988861084,,
113,797,5.785805702209473,5.786548614501953,,5.785805702209473,,,,,,
114,798,,,7.0514631271362305,,7.050718307495117,7.050718307495117,,,,
114,799,,,6.230635643005371,,6.229890823364258,6.229890823364258,,,,
114,800,,,6.395873546600342,,6.39512825012207,6.39512825012207,,,,
114,801,,,4.557262420654297,,4.556517124176025,4.556517124176025,,,,
114,802,,,4.743780612945557,,4.743035316467285,4.743035316467285,,,,
114,803,,,6.473563194274902,,6.472817420959473,6.472817420959473,,,,
114,804,,,3.011150360107422,,3.010404586791992,3.010404586791992,,,,
,114,,,,,,,,,11.521132469177246,11.521132469177246
114,804,,,,,,,11.521132469177246,11.521132469177246,,
114,804,5.737569808959961,5.738315582275391,,5.737569808959961,,,,,,
115,805,,,7.501806735992432,,7.501060962677002,7.501060962677002,,,,
115,806,,,5.649711608886719,,5.648965358734131,5.648965358734131,,,,
115,807,,,5.3599700927734375,,5.35922384262085,5.35922384262085,,,,
115,808,,,3.6042304039001465,,3.6034839153289795,3.6034839153289795,,,,
115,809,,,5.152699947357178,,5.151953220367432,5.151953220367432,,,,
115,810,,,6.547708511352539,,6.546961784362793,6.546961784362793,,,,
115,811,,,6.656857967376709,,6.656110763549805,6.656110763549805,,,,
,115,,,,,,,,,11.445198059082031,11.445198059082031
115,811,,,,,,,11.445198059082031,11.445198059082031,,
115,811,5.695323944091797,5.696070671081543,,5.695323944091797,,,,,,
116,812,,,5.511918544769287,,5.511171340942383,5.511171340942383,,,,
116,813,,,6.317997455596924,,6.3172502517700195,6.3172502517700195,,,,
116,814,,,5.3947577476501465,,5.394010066986084,5.394010066986084,,,,
116,815,,,5.65717887878418,,5.656431198120117,5.656431198120117,,,,
116,816,,,6.1250762939453125,,6.124328136444092,6.124328136444092,,,,
116,817,,,4.315752983093262,,4.315004825592041,4.315004825592041,,,,
116,818,,,7.342070579528809,,7.341322422027588,7.341322422027588,,,,
,116,,,,,,,,,11.552639961242676,11.552639961242676
116,818,,,,,,,11.552639961242676,11.552639961242676,,
116,818,5.658226013183594,5.658973693847656,,5.658226013183594,,,,,,
117,819,,,4.585577964782715,,4.584829807281494,4.584829807281494,,,,
117,820,,,5.022215843200684,,5.021467208862305,5.021467208862305,,,,
117,821,,,6.062253952026367,,6.061505317687988,6.061505317687988,,,,
117,822,,,4.477327823638916,,4.476578712463379,4.476578712463379,,,,
117,823,,,7.941439628601074,,7.940690517425537,7.940690517425537,,,,
117,824,,,5.991116523742676,,5.990367412567139,5.990367412567139,,,,
117,825,,,4.542923927307129,,4.542174339294434,4.542174339294434,,,,
,117,,,,,,,,,11.466197967529297,11.466197967529297
117,825,,,,,,,11.46619701385498,11.46619701385498,,
117,825,5.612353801727295,5.613102436065674,,5.612353801727295,,,,,,
118,826,,,5.108608722686768,,5.107859134674072,5.107859134674072,,,,
118,827,,,7.428391933441162,,7.427642345428467,7.427642345428467,,,,
118,828,,,4.714595794677734,,4.713845729827881,4.713845729827881,,,,
118,829,,,6.371878147125244,,6.371128082275391,6.371128082275391,,,,
118,830,,,4.968725204467773,,4.96797513961792,4.96797513961792,,,,
118,831,,,5.576153755187988,,5.575403213500977,5.575403213500977,,,,
118,832,,,3.7232320308685303,,3.7224814891815186,3.7224814891815186,,,,
,118,,,,,,,,,11.303731918334961,11.303731918334961
118,832,,,,,,,11.303731918334961,11.303731918334961,,
118,832,5.578005790710449,5.578755855560303,,5.578005790710449,,,,,,
119,833,,,5.822422504425049,,5.821671485900879,5.821671485900879,,,,
119,834,,,3.540092706680298,,3.539341688156128,3.539341688156128,,,,
119,835,,,6.253427505493164,,6.252676010131836,6.252676010131836,,,,
119,836,,,6.549891471862793,,6.549139976501465,6.549139976501465,,,,
119,837,,,6.147031307220459,,6.146279811859131,6.146279811859131,,,,
119,838,,,5.334977149963379,,5.334225177764893,5.334225177764893,,,,
119,839,,,4.484201908111572,,4.483449935913086,4.483449935913086,,,,
,119,,,,,,,,,11.173251152038574,11.173251152038574
119,839,,,,,,,11.173251152038574,11.173251152038574,,
119,839,5.541118621826172,5.541869640350342,,5.541118621826172,,,,,,
120,840,,,4.0545654296875,,4.053813457489014,4.053813457489014,,,,
120,841,,,7.016925811767578,,7.016173362731934,7.016173362731934,,,,
120,842,,,4.74619197845459,,4.745439529418945,4.745439529418945,,,,
120,843,,,5.315439224243164,,5.3146867752075195,5.3146867752075195,,,,
120,844,,,7.756389617919922,,7.755636692047119,7.755636692047119,,,,
120,845,,,3.679926633834839,,3.679173707962036,3.679173707962036,,,,
120,846,,,6.507233619689941,,6.5064802169799805,6.5064802169799805,,,,
,120,,,,,,,,,11.134450912475586,11.134450912475586
120,846,,,,,,,11.134450912475586,11.134450912475586,,
120,846,5.490957260131836,5.491710186004639,,5.490957260131836,,,,,,
121,847,,,5.350715637207031,,5.34996223449707,5.34996223449707,,,,
121,848,,,5.260570526123047,,5.259817123413086,5.259817123413086,,,,
121,849,,,5.559717178344727,,5.558963298797607,5.558963298797607,,,,
121,850,,,6.346297264099121,,6.345543384552002,6.345543384552002,,,,
121,851,,,4.047952651977539,,4.04719877243042,4.04719877243042,,,,
121,852,,,6.6071319580078125,,6.606377601623535,6.606377601623535,,,,
121,853,,,4.119779109954834,,4.119024753570557,4.119024753570557,,,,
,121,,,,,,,,,11.09814453125,11.09814453125
121,853,,,,,,,11.09814453125,11.09814453125,,
121,853,5.44509744644165,5.445851802825928,,5.44509744644165,,,,,,
122,854,,,5.769053936004639,,5.768299579620361,5.768299579620361,,,,
122,855,,,6.234035491943359,,6.233280658721924,6.233280658721924,,,,
122,856,,,4.996578216552734,,4.995823383331299,4.995823383331299,,,,
122,857,,,6.035292625427246,,6.034537315368652,6.034537315368652,,,,
122,858,,,3.9362497329711914,,3.9354944229125977,3.9354944229125977,,,,
122,859,,,5.548587322235107,,5.547832012176514,5.547832012176514,,,,
122,860,,,5.193624019622803,,5.192868232727051,5.192868232727051,,,,
,122,,,,,,,,,11.077467918395996,11.077467918395996
122,860,,,,,,,11.077467918395996,11.077467918395996,,
122,860,5.40589714050293,5.406651973724365,,5.40589714050293,,,,,,
123,861,,,7.095129489898682,,7.09437370300293,7.09437370300293,,,,
123,862,,,4.855082035064697,,4.854325771331787,4.854325771331787,,,,
123,863,,,5.764000415802002,,5.763244152069092,5.763244152069092,,,,
123,864,,,5.743503570556641,,5.742746829986572,5.742746829986572,,,,
123,865,,,2.9558145999908447,,2.9550578594207764,2.9550578594207764,,,,
123,866,,,4.069544792175293,,4.068788051605225,4.068788051605225,,,,
123,867,,,9.942240715026855,,9.941483497619629,9.941483497619629,,,,
,123,,,,,,,,,11.031320571899414,11.031320571899414
123,867,,,,,,,11.031320571899414,11.031320571899414,,
123,867,5.365739822387695,5.366496562957764,,5.365739822387695,,,,,,
124,868,,,5.863951206207275,,5.863193988800049,5.863193988800049,,,,
124,869,,,4.879195690155029,,4.878438472747803,4.878438472747803,,,,
124,870,,,5.7476677894592285,,5.746910095214844,5.746910095214844,,,,
124,871,,,6.425585746765137,,6.424828052520752,6.424828052520752,,,,
124,872,,,4.0614399909973145,,4.0606818199157715,4.0606818199157715,,,,
124,873,,,5.77760648727417,,5.776848316192627,5.776848316192627,,,,
124,874,,,3.310300827026367,,3.309542417526245,3.309542417526245,,,,
,124,,,,,,,,,10.992968559265137,10.992968559265137
124,874,,,,,,,10.992968559265137,10.992968559265137,,
124,874,5.332075119018555,5.332833290100098,,5.332075119018555,,,,,,
125,875,,,6.970977783203125,,6.970219135284424,6.970219135284424,,,,
125,876,,,4.524023056030273,,4.523264408111572,4.523264408111572,,,,
125,877,,,4.923142910003662,,4.922384262084961,4.922384262084961,,,,
125,878,,,4.537846088409424,,4.5370869636535645,4.5370869636535645,,,,
125,879,,,5.440314769744873,,5.439555644989014,5.439555644989014,,,,
125,880,,,4.869141101837158,,4.868381500244141,4.868381500244141,,,,
125,881,,,6.470035552978516,,6.469275951385498,6.469275951385498,,,,
,125,,,,,,,,,10.829778671264648,10.829778671264648
125,881,,,,,,,10.829778671264648,10.829778671264648,,
125,881,5.284214973449707,5.284973621368408,,5.284214973449707,,,,,,
126,882,,,4.576401233673096,,4.57564115524292,4.57564115524292,,,,
126,883,,,6.8273797035217285,,6.826619625091553,6.826619625091553,,,,
126,884,,,4.741216659545898,,4.740456581115723,4.740456581115723,,,,
126,885,,,4.48750638961792,,4.486745834350586,4.486745834350586,,,,
126,886,,,6.685502529144287,,6.684741973876953,6.684741973876953,,,,
126,887,,,4.4410319328308105,,4.440270900726318,4.440270900726318,,,,
126,888,,,4.398066520690918,,4.397305488586426,4.397305488586426,,,,
,126,,,,,,,,,10.682683944702148,10.682683944702148
126,888,,,,,,,10.682683944702148,10.682683944702148,,
126,888,5.23975944519043,5.240520000457764,,5.23975944519043,,,,,,
127,889,,,4.66831111907959,,4.667550086975098,4.667550086975098,,,,
127,890,,,7.253273963928223,,7.252512454986572,7.252512454986572,,,,
127,891,,,4.865484714508057,,4.864723205566406,4.864723205566406,,,,
127,892,,,4.526788711547852,,4.526026725769043,4.526026725769043,,,,
127,893,,,4.750336170196533,,4.749574184417725,4.749574184417725,,,,
127,894,,,5.56423282623291,,5.563470840454102,5.563470840454102,,,,
127,895,,,3.984851837158203,,3.9840893745422363,3.9840893745422363,,,,
,127,,,,,,,,,10.497111320495605,10.497111320495605
127,895,,,,,,,10.497111320495605,10.497111320495605,,
127,895,5.194963455200195,5.195724964141846,,5.194963455200195,,,,,,
128,896,,,5.315735340118408,,5.314972877502441,5.314972877502441,,,,
128,897,,,5.080015659332275,,5.07925271987915,5.07925271987915,,,,
128,898,,,3.890167236328125,,3.889404296875,3.889404296875,,,,
128,899,,,4.90665864944458,,4.905895709991455,4.905895709991455,,,,
128,900,,,5.733025074005127,,5.732261657714844,5.732261657714844,,,,
128,901,,,6.0999836921691895,,6.099220275878906,6.099220275878906,,,,
128,902,,,5.042939186096191,,5.04217529296875,5.04217529296875,,,,
,128,,,,,,,,,10.430848121643066,10.430848121643066
128,902,,,,,,,10.430848121643066,10.430848121643066,,
128,902,5.162639141082764,5.163402080535889,,5.162639141082764,,,,,,
129,903,,,4.242413520812988,,4.241649627685547,4.241649627685547,,,,
129,904,,,7.548071384429932,,7.54730749130249,7.54730749130249,,,,
129,905,,,5.177433490753174,,5.176669120788574,5.176669120788574,,,,
129,906,,,4.364707946777344,,4.363943576812744,4.363943576812744,,,,
129,907,,,3.7549989223480225,,3.7542343139648438,3.7542343139648438,,,,
129,908,,,5.251412391662598,,5.25064754486084,5.25064754486084,,,,
129,909,,,6.215399742126465,,6.214634895324707,6.214634895324707,,,,
,129,,,,,,,,,10.30851936340332,10.30851936340332
129,909,,,,,,,10.30851936340332,10.30851936340332,,
129,909,5.123912334442139,5.124676704406738,,5.123912334442139,,,,,,
130,910,,,4.599652290344238,,4.598886966705322,4.598886966705322,,,,
130,911,,,4.978453636169434,,4.977688312530518,4.977688312530518,,,,
130,912,,,5.436655521392822,,5.435890197753906,5.435890197753906,,,,
130,913,,,5.358173847198486,,5.357408046722412,5.357408046722412,,,,
130,914,,,4.191555023193359,,4.190789222717285,4.190789222717285,,,,
130,915,,,5.68233060836792,,5.6815643310546875,5.6815643310546875,,,,
130,916,,,5.7567009925842285,,5.755934715270996,5.755934715270996,,,,
,130,,,,,,,,,10.03707218170166,10.03707218170166
130,916,,,,,,,10.03707218170166,10.03707218170166,,
130,916,5.082462787628174,5.083228588104248,,5.082462787628174,,,,,,
131,917,,,4.806180000305176,,4.805413246154785,4.805413246154785,,,,
131,918,,,4.681844711303711,,4.68107795715332,4.68107795715332,,,,
131,919,,,5.118741512298584,,5.117974758148193,5.117974758148193,,,,
131,920,,,5.920465469360352,,5.919698238372803,5.919698238372803,,,,
131,921,,,4.894868850708008,,4.894101619720459,4.894101619720459,,,,
131,922,,,5.4039201736450195,,5.4031524658203125,5.4031524658203125,,,,
131,923,,,3.6799540519714355,,3.6791863441467285,3.6791863441467285,,,,
,131,,,,,,,,,9.776418685913086,9.776418685913086
131,923,,,,,,,9.776418685913086,9.776418685913086,,
131,923,5.051155090332031,5.051921844482422,,5.051155090332031,,,,,,
132,924,,,4.6505126953125,,4.649744510650635,4.649744510650635,,,,
132,925,,,4.617766380310059,,4.616998195648193,4.616998195648193,,,,
132,926,,,7.346776962280273,,7.34600830078125,7.34600830078125,,,,
132,927,,,4.441699981689453,,4.44093132019043,4.44093132019043,,,,
132,928,,,4.311390399932861,,4.310621738433838,4.310621738433838,,,,
132,929,,,4.372110366821289,,4.371341228485107,4.371341228485107,,,,
132,930,,,5.994500637054443,,5.993731498718262,5.993731498718262,,,,
,132,,,,,,,,,9.56151008605957,9.56151008605957
132,930,,,,,,,9.56151008605957,9.56151008605957,,
132,930,5.016987323760986,5.01775598526001,,5.016987323760986,,,,,,
133,931,,,5.835700035095215,,5.834930419921875,5.834930419921875,,,,
133,932,,,2.943798065185547,,2.943028450012207,2.943028450012207,,,,
133,933,,,5.298615455627441,,5.297845840454102,5.297845840454102,,,,
133,934,,,3.5570449829101562,,3.556274890899658,3.556274890899658,,,,
133,935,,,5.7394609451293945,,5.7386908531188965,5.7386908531188965,,,,
133,936,,,6.245482921600342,,6.2447123527526855,6.2447123527526855,,,,
133,937,,,5.731651782989502,,5.730881214141846,5.730881214141846,,,,
,133,,,,,,,,,9.510132789611816,9.510132789611816
133,937,,,,,,,9.510132789611816,9.510132789611816,,
133,937,4.982676982879639,4.9834465980529785,,4.982676982879639,,,,,,
134,938,,,6.649537563323975,,6.64876651763916,6.64876651763916,,,,
134,939,,,4.445496559143066,,4.444725513458252,4.444725513458252,,,,
134,940,,,4.951965808868408,,4.951194763183594,4.951194763183594,,,,
134,941,,,4.1875457763671875,,4.186774253845215,4.186774253845215,,,,
134,942,,,4.578397750854492,,4.5776262283325195,4.5776262283325195,,,,
134,943,,,5.223196506500244,,5.222424507141113,5.222424507141113,,,,
134,944,,,4.10792350769043,,4.107151508331299,4.107151508331299,,,,
,134,,,,,,,,,9.55810260772705,9.55810260772705
134,944,,,,,,,9.55810260772705,9.55810260772705,,
134,944,4.952422142028809,4.953193664550781,,4.952422142028809,,,,,,
135,945,,,4.000123977661133,,3.999351739883423,3.999351739883423,,,,
135,946,,,2.3250510692596436,,2.3242788314819336,2.3242788314819336,,,,
135,947,,,5.750304698944092,,5.749532222747803,5.749532222747803,,,,
135,948,,,6.014903545379639,,6.01413106918335,6.01413106918335,,,,
135,949,,,4.591785907745361,,4.591012954711914,4.591012954711914,,,,
135,950,,,6.56425666809082,,6.563483715057373,6.563483715057373,,,,
135,951,,,5.739504814147949,,5.738731861114502,5.738731861114502,,,,
,135,,,,,,,,,9.532459259033203,9.532459259033203
135,951,,,,,,,9.53246021270752,9.53246021270752,,
135,951,4.924520015716553,4.925292491912842,,4.924520015716553,,,,,,
136,952,,,4.564028263092041,,4.5632548332214355,4.5632548332214355,,,,
136,953,,,5.134002685546875,,5.1332292556762695,5.1332292556762695,,,,
136,954,,,3.201157808303833,,3.2003839015960693,3.2003839015960693,,,,
136,955,,,3.3598315715789795,,3.359057664871216,3.359057664871216,,,,
136,956,,,4.821117401123047,,4.820343494415283,4.820343494415283,,,,
136,957,,,7.533565044403076,,7.532790660858154,7.532790660858154,,,,
136,958,,,6.821422100067139,,6.820647716522217,6.820647716522217,,,,
,136,,,,,,,,,9.512079238891602,9.512079238891602
136,958,,,,,,,9.512079238891602,9.512079238891602,,
136,958,4.888910293579102,4.889684200286865,,4.888910293579102,,,,,,
137,959,,,5.3687424659729,,5.36796760559082,5.36796760559082,,,,
137,960,,,6.094193458557129,,6.093418598175049,6.093418598175049,,,,
137,961,,,4.48846435546875,,4.48768949508667,4.48768949508667,,,,
137,962,,,4.36256217956543,,4.361786842346191,4.361786842346191,,,,
137,963,,,4.985450744628906,,4.984675407409668,4.984675407409668,,,,
137,964,,,3.5596725940704346,,3.558897018432617,3.558897018432617,,,,
137,965,,,5.662500858306885,,5.661725044250488,5.661725044250488,,,,
,137,,,,,,,,,9.533475875854492,9.533475875854492
137,965,,,,,,,9.533475875854492,9.533475875854492,,
137,965,4.85922908782959,4.86000394821167,,4.85922908782959,,,,,,
138,966,,,2.5960519313812256,,2.59527587890625,2.59527587890625,,,,
138,967,,,5.390355587005615,,5.3895792961120605,5.3895792961120605,,,,
138,968,,,4.119765758514404,,4.11898946762085,4.11898946762085,,,,
138,969,,,5.857981204986572,,5.857204437255859,5.857204437255859,,,,
138,970,,,6.388904094696045,,6.388127326965332,6.388127326965332,,,,
138,971,,,4.529797077178955,,4.529020309448242,4.529020309448242,,,,
138,972,,,5.020364284515381,,5.01958703994751,5.01958703994751,,,,
,138,,,,,,,,,9.383249282836914,9.383249282836914
138,972,,,,,,,9.383249282836914,9.383249282836914,,
138,972,4.825182914733887,4.8259596824646,,4.825182914733887,,,,,,
139,973,,,5.812218189239502,,5.811440944671631,5.811440944671631,,,,
139,974,,,4.7975172996521,,4.7967400550842285,4.7967400550842285,,,,
139,975,,,4.4971184730529785,,4.496340751647949,4.496340751647949,,,,
139,976,,,3.6564242839813232,,3.655646324157715,3.655646324157715,,,,
139,977,,,4.353372097015381,,4.352593898773193,4.352593898773193,,,,
139,978,,,5.878879547119141,,5.878101348876953,5.878101348876953,,,,
139,979,,,4.104343891143799,,4.103565692901611,4.103565692901611,,,,
,139,,,,,,,,,9.272936820983887,9.272936820983887
139,979,,,,,,,9.272936820983887,9.272936820983887,,
139,979,4.788972854614258,4.789750576019287,,4.788972854614258,,,,,,
140,980,,,3.592651605606079,,3.5918729305267334,3.5918729305267334,,,,
140,981,,,5.246596813201904,,5.245818138122559,5.245818138122559,,,,
140,982,,,5.783679962158203,,5.782901287078857,5.782901287078857,,,,
140,983,,,5.83190393447876,,5.831124782562256,5.831124782562256,,,,
140,984,,,4.721858501434326,,4.721079349517822,4.721079349517822,,,,
140,985,,,3.974334955215454,,3.973555326461792,3.973555326461792,,,,
140,986,,,3.1216583251953125,,3.1208786964416504,3.1208786964416504,,,,
,140,,,,,,,,,9.078108787536621,9.078108787536621
140,986,,,,,,,9.078108787536621,9.078108787536621,,
140,986,4.755558013916016,4.756336688995361,,4.755558013916016,,,,,,
141,987,,,4.315623760223389,,4.314843654632568,4.314843654632568,,,,
141,988,,,4.309920310974121,,4.309140205383301,4.309140205383301,,,,
141,989,,,3.956934690475464,,3.9561543464660645,3.9561543464660645,,,,
141,990,,,5.3778462409973145,,5.377065658569336,5.377065658569336,,,,
141,991,,,5.273014068603516,,5.272233486175537,5.272233486175537,,,,
141,992,,,5.165771484375,,5.164990425109863,5.164990425109863,,,,
141,993,,,4.647125244140625,,4.646344184875488,4.646344184875488,,,,
,141,,,,,,,,,8.978694915771484,8.978694915771484
141,993,,,,,,,8.978694915771484,8.978694915771484,,
141,993,4.727342128753662,4.728122711181641,,4.727342128753662,,,,,,
142,994,,,5.964223861694336,,5.963442802429199,5.963442802429199,,,,
142,995,,,4.381397724151611,,4.380616188049316,4.380616188049316,,,,
142,996,,,3.9610180854797363,,3.9602365493774414,3.9602365493774414,,,,
142,997,,,3.7701942920684814,,3.7694125175476074,3.7694125175476074,,,,
142,998,,,4.765189170837402,,4.764407157897949,4.764407157897949,,,,
142,999,,,5.141407012939453,,5.140625,5.140625,,,,
142,1000,,,5.022634506225586,,5.021852016448975,5.021852016448975,,,,
,142,,,,,,,,,8.951401710510254,8.951401710510254
142,1000,,,,,,,8.951401710510254,8.951401710510254,,
142,1000,4.684225082397461,4.685006618499756,,4.684225082397461,,,,,,
143,1001,,,3.6621437072753906,,3.6613612174987793,3.6613612174987793,,,,
143,1002,,,5.379351615905762,,5.37856912612915,5.37856912612915,,,,
143,1003,,,4.35921573638916,,4.358432769775391,4.358432769775391,,,,
143,1004,,,5.767661094665527,,5.766878128051758,5.766878128051758,,,,
143,1005,,,4.473241806030273,,4.472458362579346,4.472458362579346,,,,
143,1006,,,4.474274635314941,,4.473491191864014,4.473491191864014,,,,
143,1007,,,4.1251935958862305,,4.124410152435303,4.124410152435303,,,,
,143,,,,,,,,,8.840076446533203,8.840076446533203
143,1007,,,,,,,8.840076446533203,8.840076446533203,,
143,1007,4.652210712432861,4.652994155883789,,4.652210712432861,,,,,,
144,1008,,,5.1677374839782715,,5.1669535636901855,5.1669535636901855,,,,
144,1009,,,5.949741363525391,,5.948957443237305,5.948957443237305,,,,
144,1010,,,5.151183128356934,,5.150399208068848,5.150399208068848,,,,
144,1011,,,4.062374114990234,,4.06158971786499,4.06158971786499,,,,
144,1012,,,4.1404900550842285,,4.139705657958984,4.139705657958984,,,,
144,1013,,,3.54262638092041,,3.541841745376587,3.541841745376587,,,,
144,1014,,,3.9300310611724854,,3.929246187210083,3.929246187210083,,,,
,144,,,,,,,,,8.869293212890625,8.869293212890625
144,1014,,,,,,,8.869293212890625,8.869293212890625,,
144,1014,4.6247711181640625,4.625555515289307,,4.6247711181640625,,,,,,
145,1015,,,4.705344200134277,,4.704559326171875,4.704559326171875,,,,
145,1016,,,3.2503185272216797,,3.2495334148406982,3.2495334148406982,,,,
145,1017,,,4.457201957702637,,4.456416606903076,4.456416606903076,,,,
145,1018,,,4.552717208862305,,4.551931858062744,4.551931858062744,,,,
145,1019,,,5.324178695678711,,5.32339334487915,5.32339334487915,,,,
145,1020,,,5.552587032318115,,5.5518012046813965,5.5518012046813965,,,,
145,1021,,,3.743929862976074,,3.7431440353393555,3.7431440353393555,,,,
,145,,,,,,,,,8.880693435668945,8.880693435668945
145,1021,,,,,,,8.880693435668945,8.880693435668945,,
145,1021,4.586872577667236,4.587658405303955,,4.586872577667236,,,,,,
146,1022,,,4.269291877746582,,4.268506050109863,4.268506050109863,,,,
146,1023,,,3.561396360397339,,3.560610294342041,3.560610294342041,,,,
146,1024,,,5.059480667114258,,5.058694362640381,5.058694362640381,,,,
146,1025,,,3.062166929244995,,3.061380386352539,3.061380386352539,,,,
146,1026,,,6.642993927001953,,6.642207145690918,6.642207145690918,,,,
146,1027,,,4.320473670959473,,4.3196868896484375,4.3196868896484375,,,,
146,1028,,,5.671451568603516,,5.670664310455322,5.670664310455322,,,,
,146,,,,,,,,,8.946735382080078,8.946735382080078
146,1028,,,,,,,8.946735382080078,8.946735382080078,,
146,1028,4.554914951324463,4.55570125579834,,4.554914951324463,,,,,,
147,1029,,,6.024406433105469,,6.023619174957275,6.023619174957275,,,,
147,1030,,,4.990851879119873,,4.99006462097168,4.99006462097168,,,,
147,1031,,,3.6048552989959717,,3.604067802429199,3.604067802429199,,,,
147,1032,,,4.899114608764648,,4.898326873779297,4.898326873779297,,,,
147,1033,,,4.31857967376709,,4.317791938781738,4.317791938781738,,,,
147,1034,,,3.15537166595459,,3.15458345413208,3.15458345413208,,,,
147,1035,,,4.88106107711792,,4.88027286529541,4.88027286529541,,,,
,147,,,,,,,,,8.929360389709473,8.929360389709473
147,1035,,,,,,,8.929360389709473,8.929360389709473,,
147,1035,4.520557880401611,4.521346092224121,,4.520557880401611,,,,,,
148,1036,,,4.110597133636475,,4.109808444976807,4.109808444976807,,,,
148,1037,,,5.441537380218506,,5.440748691558838,5.440748691558838,,,,
148,1038,,,4.503115177154541,,4.502326488494873,4.502326488494873,,,,
148,1039,,,3.5212912559509277,,3.5205023288726807,3.5205023288726807,,,,
148,1040,,,4.759397029876709,,4.758607864379883,4.758607864379883,,,,
148,1041,,,4.52852201461792,,4.527732849121094,4.527732849121094,,,,
148,1042,,,4.573233127593994,,4.57244348526001,4.57244348526001,,,,
,148,,,,,,,,,8.931426048278809,8.931426048278809
148,1042,,,,,,,8.931426048278809,8.931426048278809,,
148,1042,4.482257843017578,4.483047008514404,,4.482257843017578,,,,,,
149,1043,,,4.370206832885742,,4.369417190551758,4.369417190551758,,,,
149,1044,,,4.406876087188721,,4.406085968017578,4.406085968017578,,,,
149,1045,,,3.8632237911224365,,3.862433671951294,3.862433671951294,,,,
149,1046,,,5.74066686630249,,5.739876747131348,5.739876747131348,,,,
149,1047,,,4.3310866355896,,4.330296039581299,4.330296039581299,,,,
149,1048,,,4.6178297996521,,4.617039203643799,4.617039203643799,,,,
149,1049,,,2.7985780239105225,,2.7977871894836426,2.7977871894836426,,,,
,149,,,,,,,,,8.783156394958496,8.783156394958496
149,1049,,,,,,,8.783156394958496,8.783156394958496,,
149,1049,4.450873374938965,4.451663970947266,,4.450873374938965,,,,,,
150,1050,,,5.45643424987793,,5.455643177032471,5.455643177032471,,,,
150,1051,,,4.30922269821167,,4.308431625366211,4.308431625366211,,,,
150,1052,,,4.865736961364746,,4.864945411682129,4.864945411682129,,,,
150,1053,,,4.615957736968994,,4.615166187286377,4.615166187286377,,,,
150,1054,,,3.2859089374542236,,3.2851171493530273,3.2851171493530273,,,,
150,1055,,,4.369530200958252,,4.368738174438477,4.368738174438477,,,,
150,1056,,,3.3332011699676514,,3.332408905029297,3.332408905029297,,,,
,150,,,,,,,,,8.659706115722656,8.659706115722656
150,1056,,,,,,,8.659706115722656,8.659706115722656,,
150,1056,4.415324687957764,4.416116237640381,,4.415324687957764,,,,,,
151,1057,,,4.5149922370910645,,4.514199733734131,4.514199733734131,,,,
151,1058,,,4.390663146972656,,4.389870643615723,4.389870643615723,,,,
151,1059,,,2.5607008934020996,,2.559908151626587,2.559908151626587,,,,
151,1060,,,5.321560859680176,,5.320767879486084,5.320767879486084,,,,
151,1061,,,5.225483417510986,,5.2246904373168945,5.2246904373168945,,,,
151,1062,,,4.324402809143066,,4.323609352111816,4.323609352111816,,,,
151,1063,,,4.11087703704834,,4.11008358001709,4.11008358001709,,,,
,151,,,,,,,,,8.530618667602539,8.530618667602539
151,1063,,,,,,,8.530618667602539,8.530618667602539,,
151,1063,4.372443199157715,4.373236179351807,,4.372443199157715,,,,,,
152,1064,,,4.430403709411621,,4.429610252380371,4.429610252380371,,,,
152,1065,,,3.429229974746704,,3.428436279296875,3.428436279296875,,,,
152,1066,,,5.518871307373047,,5.518077373504639,5.518077373504639,,,,
152,1067,,,4.408529758453369,,4.407735824584961,4.407735824584961,,,,
152,1068,,,4.42763090133667,,4.4268364906311035,4.4268364906311035,,,,
152,1069,,,4.198625087738037,,4.197830677032471,4.197830677032471,,,,
152,1070,,,3.258405923843384,,3.2576112747192383,3.2576112747192383,,,,
,152,,,,,,,,,8.485530853271484,8.485530853271484
152,1070,,,,,,,8.485530853271484,8.485530853271484,,
152,1070,4.334137916564941,4.334932327270508,,4.334137916564941,,,,,,
153,1071,,,3.847717523574829,,3.8469226360321045,3.8469226360321045,,,,
153,1072,,,4.96147346496582,,4.9606781005859375,4.9606781005859375,,,,
153,1073,,,3.406245231628418,,3.405449867248535,3.405449867248535,,,,
153,1074,,,4.388134002685547,,4.387338638305664,4.387338638305664,,,,
153,1075,,,5.629457950592041,,5.628662109375,5.628662109375,,,,
153,1076,,,4.536840438842773,,4.536044597625732,4.536044597625732,,,,
153,1077,,,1.7020622491836548,,1.7012660503387451,1.7012660503387451,,,,
,153,,,,,,,,,8.378271102905273,8.378271102905273
153,1077,,,,,,,8.378271102905273,8.378271102905273,,
153,1077,4.298521041870117,4.299315929412842,,4.298521041870117,,,,,,
154,1078,,,4.439721584320068,,4.438925266265869,4.438925266265869,,,,
154,1079,,,2.813783645629883,,2.8129870891571045,2.8129870891571045,,,,
154,1080,,,4.787695407867432,,4.786898612976074,4.786898612976074,,,,
154,1081,,,4.6588239669799805,,4.658027172088623,4.658027172088623,,,,
154,1082,,,5.875091552734375,,5.874294281005859,5.874294281005859,,,,
154,1083,,,3.7617998123168945,,3.761002540588379,3.761002540588379,,,,
154,1084,,,2.276766538619995,,2.2759690284729004,2.2759690284729004,,,,
,154,,,,,,,,,8.254011154174805,8.254011154174805
154,1084,,,,,,,8.254011154174805,8.254011154174805,,
154,1084,4.264411449432373,4.265207767486572,,4.264411449432373,,,,,,
155,1085,,,4.101992607116699,,4.101194858551025,4.101194858551025,,,,
155,1086,,,4.475887298583984,,4.4750895500183105,4.4750895500183105,,,,
155,1087,,,2.968240737915039,,2.967442750930786,2.967442750930786,,,,
155,1088,,,3.6858322620391846,,3.6850340366363525,3.6850340366363525,,,,
155,1089,,,3.351074695587158,,3.350276231765747,3.350276231765747,,,,
155,1090,,,5.9991912841796875,,5.998392581939697,5.998392581939697,,,,
155,1091,,,6.519872665405273,,6.519073963165283,6.519073963165283,,,,
,155,,,,,,,,,8.24464225769043,8.24464225769043
155,1091,,,,,,,8.24464225769043,8.24464225769043,,
155,1091,4.238758087158203,4.239556312561035,,4.238758087158203,,,,,,
156,1092,,,3.8936352729797363,,3.892836332321167,3.892836332321167,,,,
156,1093,,,4.350711822509766,,4.349912643432617,4.349912643432617,,,,
156,1094,,,4.03868293762207,,4.037883758544922,4.037883758544922,,,,
156,1095,,,4.3396382331848145,,4.338838577270508,4.338838577270508,,,,
156,1096,,,4.626543998718262,,4.625744342803955,4.625744342803955,,,,
156,1097,,,3.9193708896636963,,3.9185709953308105,3.9185709953308105,,,,
156,1098,,,4.344461441040039,,4.343661308288574,4.343661308288574,,,,
,156,,,,,,,,,8.146990776062012,8.146990776062012
156,1098,,,,,,,8.146990776062012,8.146990776062012,,
156,1098,4.202770233154297,4.203569412231445,,4.202770233154297,,,,,,
157,1099,,,3.879049301147461,,3.878248929977417,3.878248929977417,,,,
157,1100,,,4.441623687744141,,4.440823078155518,4.440823078155518,,,,
157,1101,,,3.5026662349700928,,3.5018653869628906,3.5018653869628906,,,,
157,1102,,,4.827203750610352,,4.82640266418457,4.82640266418457,,,,
157,1103,,,4.845420837402344,,4.8446197509765625,4.8446197509765625,,,,
157,1104,,,3.948878526687622,,3.9480772018432617,3.9480772018432617,,,,
157,1105,,,3.0159249305725098,,3.0151233673095703,3.0151233673095703,,,,
,157,,,,,,,,,8.135788917541504,8.135788917541504
157,1105,,,,,,,8.135788917541504,8.135788917541504,,
157,1105,4.167953968048096,4.168755531311035,,4.167953968048096,,,,,,
158,1106,,,4.1709089279174805,,4.170107364654541,4.170107364654541,,,,
158,1107,,,4.052988529205322,,4.052186965942383,4.052186965942383,,,,
158,1108,,,4.336181163787842,,4.335379123687744,4.335379123687744,,,,
158,1109,,,2.9994382858276367,,2.998636245727539,2.998636245727539,,,,
158,1110,,,4.591963291168213,,4.591161251068115,4.591161251068115,,,,
158,1111,,,4.375441551208496,,4.37463903427124,4.37463903427124,,,,
158,1112,,,4.839020252227783,,4.838217735290527,4.838217735290527,,,,
,158,,,,,,,,,8.107538223266602,8.107538223266602
158,1112,,,,,,,8.107538223266602,8.107538223266602,,
158,1112,4.131206512451172,4.132009029388428,,4.131206512451172,,,,,,
159,1113,,,3.602764368057251,,3.601961612701416,3.601961612701416,,,,
159,1114,,,4.784232139587402,,4.783429145812988,4.783429145812988,,,,
159,1115,,,3.0052642822265625,,3.0044610500335693,3.0044610500335693,,,,
159,1116,,,3.1738336086273193,,3.173030376434326,3.173030376434326,,,,
159,1117,,,5.208593845367432,,5.207790374755859,5.207790374755859,,,,
159,1118,,,4.494560241699219,,4.493756294250488,4.493756294250488,,,,
159,1119,,,4.970152854919434,,4.969348907470703,4.969348907470703,,,,
,159,,,,,,,,,7.958781719207764,7.958781719207764
159,1119,,,,,,,7.958781719207764,7.958781719207764,,
159,1119,4.098499774932861,4.099302768707275,,4.098499774932861,,,,,,
160,1120,,,4.95878791809082,,4.957983493804932,4.957983493804932,,,,
160,1121,,,4.555903434753418,,4.555099010467529,4.555099010467529,,,,
160,1122,,,4.740189552307129,,4.73938512802124,4.73938512802124,,,,
160,1123,,,3.3203039169311523,,3.3194990158081055,3.3194990158081055,,,,
160,1124,,,3.8150486946105957,,3.8142435550689697,3.8142435550689697,,,,
160,1125,,,3.66768479347229,,3.666879415512085,3.666879415512085,,,,
160,1126,,,2.3369383811950684,,2.3361330032348633,2.3361330032348633,,,,
,160,,,,,,,,,7.795594692230225,7.795594692230225
160,1126,,,,,,,7.795594692230225,7.795594692230225,,
160,1126,4.067316055297852,4.06812047958374,,4.067316055297852,,,,,,
161,1127,,,4.500161647796631,,4.499355792999268,4.499355792999268,,,,
161,1128,,,4.4108781814575195,,4.410072326660156,4.410072326660156,,,,
161,1129,,,4.347696781158447,,4.346890926361084,4.346890926361084,,,,
161,1130,,,3.33494234085083,,3.3341362476348877,3.3341362476348877,,,,
161,1131,,,3.6530368328094482,,3.6522305011749268,3.6522305011749268,,,,
161,1132,,,3.5143942832946777,,3.513587713241577,3.513587713241577,,,,
161,1133,,,5.291423797607422,,5.290616989135742,5.290616989135742,,,,
,161,,,,,,,,,7.792609691619873,7.792609691619873
161,1133,,,,,,,7.792609691619873,7.792609691619873,,
161,1133,4.037687301635742,4.038492679595947,,4.037687301635742,,,,,,
162,1134,,,2.2183187007904053,,2.2175116539001465,2.2175116539001465,,,,
162,1135,,,4.849345684051514,,4.848538398742676,4.848538398742676,,,,
162,1136,,,4.412651062011719,,4.411843776702881,4.411843776702881,,,,
162,1137,,,4.280911445617676,,4.28010368347168,4.28010368347168,,,,
162,1138,,,1.9772578477859497,,1.9764500856399536,1.9764500856399536,,,,
162,1139,,,5.808890342712402,,5.808082580566406,5.808082580566406,,,,
162,1140,,,5.459188461303711,,5.458380222320557,5.458380222320557,,,,
,162,,,,,,,,,7.609287261962891,7.609287261962891
162,1140,,,,,,,7.609287261962891,7.609287261962891,,
162,1140,4.014027118682861,4.014834403991699,,4.014027118682861,,,,,,
163,1141,,,2.928345203399658,,2.927536725997925,2.927536725997925,,,,
163,1142,,,4.411247253417969,,4.410438537597656,4.410438537597656,,,,
163,1143,,,3.1094517707824707,,3.108643054962158,3.108643054962158,,,,
163,1144,,,3.6366167068481445,,3.635807752609253,3.635807752609253,,,,
163,1145,,,4.7050628662109375,,4.704253673553467,4.704253673553467,,,,
163,1146,,,5.303825855255127,,5.303016662597656,5.303016662597656,,,,
163,1147,,,3.4150192737579346,,3.4142096042633057,3.4142096042633057,,,,
,163,,,,,,,,,7.568637371063232,7.568637371063232
163,1147,,,,,,,7.568637371063232,7.568637371063232,,
163,1147,3.979611873626709,3.9804205894470215,,3.979611873626709,,,,,,
164,1148,,,4.256150245666504,,4.255340576171875,4.255340576171875,,,,
164,1149,,,3.9002106189727783,,3.8994007110595703,3.8994007110595703,,,,
164,1150,,,3.474128007888794,,3.473317861557007,3.473317861557007,,,,
164,1151,,,3.4174387454986572,,3.41662859916687,3.41662859916687,,,,
164,1152,,,3.870659828186035,,3.869849443435669,3.869849443435669,,,,
164,1153,,,5.191601753234863,,5.190791130065918,5.190791130065918,,,,
164,1154,,,2.9364964962005615,,2.935685634613037,2.935685634613037,,,,
,164,,,,,,,,,7.563122272491455,7.563122272491455
164,1154,,,,,,,7.563122272491455,7.563122272491455,,
164,1154,3.9539151191711426,3.9547252655029297,,3.9539151191711426,,,,,,
165,1155,,,3.6193439960479736,,3.618533134460449,3.618533134460449,,,,
165,1156,,,3.5391428470611572,,3.5383317470550537,3.5383317470550537,,,,
165,1157,,,3.922351598739624,,3.9215402603149414,3.9215402603149414,,,,
165,1158,,,5.516919136047363,,5.516107559204102,5.516107559204102,,,,
165,1159,,,3.130737543106079,,3.1299259662628174,3.1299259662628174,,,,
165,1160,,,4.22037410736084,,4.21956205368042,4.21956205368042,,,,
165,1161,,,2.8906168937683105,,2.8898048400878906,2.8898048400878906,,,,
,165,,,,,,,,,7.482272148132324,7.482272148132324
165,1161,,,,,,,7.482272148132324,7.482272148132324,,
165,1161,3.925910472869873,3.9267213344573975,,3.925910472869873,,,,,,
166,1162,,,2.0635037422180176,,2.0626914501190186,2.0626914501190186,,,,
166,1163,,,2.5467259883880615,,2.5459136962890625,2.5459136962890625,,,,
166,1164,,,3.7868993282318115,,3.7860867977142334,3.7860867977142334,,,,
166,1165,,,5.227375030517578,,5.2265625,5.2265625,,,,
166,1166,,,5.0097246170043945,,5.008911609649658,5.008911609649658,,,,
166,1167,,,4.750847816467285,,4.750034809112549,4.750034809112549,,,,
166,1168,,,3.909691333770752,,3.9088780879974365,3.9088780879974365,,,,
,166,,,,,,,,,7.406188488006592,7.406188488006592
166,1168,,,,,,,7.406188488006592,7.406188488006592,,
166,1168,3.897416591644287,3.898228883743286,,3.897416591644287,,,,,,
167,1169,,,3.2961676120758057,,3.295354127883911,3.295354127883911,,,,
167,1170,,,4.214844226837158,,4.214030742645264,4.214030742645264,,,,
167,1171,,,4.19315242767334,,4.192338466644287,4.192338466644287,,,,
167,1172,,,3.6027519702911377,,3.601938009262085,3.601938009262085,,,,
167,1173,,,3.2627696990966797,,3.261955499649048,3.261955499649048,,,,
167,1174,,,5.298133373260498,,5.297318935394287,5.297318935394287,,,,
167,1175,,,2.22367787361145,,2.22286319732666,2.22286319732666,,,,
,167,,,,,,,,,7.322917938232422,7.322917938232422
167,1175,,,,,,,7.322917938232422,7.322917938232422,,
167,1175,3.87396240234375,3.874776601791382,,3.87396240234375,,,,,,
168,1176,,,3.944209575653076,,3.943394899368286,3.943394899368286,,,,
168,1177,,,3.4918036460876465,,3.4909887313842773,3.4909887313842773,,,,
168,1178,,,3.6087446212768555,,3.6079294681549072,3.6079294681549072,,,,
168,1179,,,4.248882293701172,,4.2480669021606445,4.2480669021606445,,,,
168,1180,,,4.136660099029541,,4.135844707489014,4.135844707489014,,,,
168,1181,,,3.980928897857666,,3.9801132678985596,3.9801132678985596,,,,
168,1182,,,2.9753663539886475,,2.974550485610962,2.974550485610962,,,,
,168,,,,,,,,,7.236438751220703,7.236438751220703
168,1182,,,,,,,7.236438751220703,7.236438751220703,,
168,1182,3.846555709838867,3.8473711013793945,,3.846555709838867,,,,,,
169,1183,,,4.380430698394775,,4.37961483001709,4.37961483001709,,,,
169,1184,,,4.953378200531006,,4.952561855316162,4.952561855316162,,,,
169,1185,,,5.089568614959717,,5.088752269744873,5.088752269744873,,,,
169,1186,,,2.2585535049438477,,2.257736921310425,2.257736921310425,,,,
169,1187,,,2.444857358932495,,2.4440407752990723,2.4440407752990723,,,,
169,1188,,,4.280855655670166,,4.280038833618164,4.280038833618164,,,,
169,1189,,,2.5292809009552,,2.528463840484619,2.528463840484619,,,,
,169,,,,,,,,,7.245415687561035,7.245415687561035
169,1189,,,,,,,7.245415687561035,7.245415687561035,,
169,1189,3.819751739501953,3.820568323135376,,3.819751739501953,,,,,,
170,1190,,,3.183551073074341,,3.1827337741851807,3.1827337741851807,,,,
170,1191,,,4.92814302444458,,4.92732572555542,4.92732572555542,,,,
170,1192,,,3.2599945068359375,,3.2591769695281982,3.2591769695281982,,,,
170,1193,,,4.756655216217041,,4.755837440490723,4.755837440490723,,,,
170,1194,,,3.649129867553711,,3.6483118534088135,3.6483118534088135,,,,
170,1195,,,3.570827007293701,,3.5700089931488037,3.5700089931488037,,,,
170,1196,,,2.096980094909668,,2.0961618423461914,2.0961618423461914,,,,
,170,,,,,,,,,7.141550064086914,7.141550064086914
170,1196,,,,,,,7.141550540924072,7.141550540924072,,
170,1196,3.785012722015381,3.78583025932312,,3.785012722015381,,,,,,
171,1197,,,4.5311431884765625,,4.530324459075928,4.530324459075928,,,,
171,1198,,,3.0804128646850586,,3.079594135284424,3.079594135284424,,,,
171,1199,,,3.19014310836792,,3.189324378967285,3.189324378967285,,,,
171,1200,,,4.436298370361328,,4.435479640960693,4.435479640960693,,,,
171,1201,,,2.884756088256836,,2.883936882019043,2.883936882019043,,,,
171,1202,,,5.012990951538086,,5.012171745300293,5.012171745300293,,,,
171,1203,,,2.1060867309570312,,2.10526704788208,2.10526704788208,,,,
,171,,,,,,,,,7.031642436981201,7.031642436981201
171,1203,,,,,,,7.031642436981201,7.031642436981201,,
171,1203,3.7522051334381104,3.753023624420166,,3.7522051334381104,,,,,,
172,1204,,,4.075836658477783,,4.075016975402832,4.075016975402832,,,,
172,1205,,,3.643281936645508,,3.6424620151519775,3.6424620151519775,,,,
172,1206,,,3.1815388202667236,,3.1807186603546143,3.1807186603546143,,,,
172,1207,,,4.286020278930664,,4.285200119018555,4.285200119018555,,,,
172,1208,,,4.250357627868652,,4.249536991119385,4.249536991119385,,,,
172,1209,,,3.0915439128875732,,3.0907232761383057,3.0907232761383057,,,,
172,1210,,,3.206897020339966,,3.206076145172119,3.206076145172119,,,,
,172,,,,,,,,,6.809241771697998,6.809241771697998
172,1210,,,,,,,6.809241771697998,6.809241771697998,,
172,1210,3.721715211868286,3.7225356101989746,,3.721715211868286,,,,,,
173,1211,,,3.544668436050415,,3.5438473224639893,3.5438473224639893,,,,
173,1212,,,4.724987030029297,,4.724165439605713,4.724165439605713,,,,
173,1213,,,4.454761505126953,,4.453939914703369,4.453939914703369,,,,
173,1214,,,2.533338785171509,,2.5325169563293457,2.5325169563293457,,,,
173,1215,,,4.13378381729126,,4.132961750030518,4.132961750030518,,,,
173,1216,,,2.485121726989746,,2.484299659729004,2.484299659729004,,,,
173,1217,,,4.453794002532959,,4.452971935272217,4.452971935272217,,,,
,173,,,,,,,,,6.586205005645752,6.586205005645752
173,1217,,,,,,,6.586205005645752,6.586205005645752,,
173,1217,3.6927993297576904,3.6936209201812744,,3.6927993297576904,,,,,,
174,1218,,,3.794701099395752,,3.7938785552978516,3.7938785552978516,,,,
174,1219,,,2.8587183952331543,,2.857895612716675,2.857895612716675,,,,
174,1220,,,4.442770004272461,,4.441946983337402,4.441946983337402,,,,
174,1221,,,3.2555131912231445,,3.254690170288086,3.254690170288086,,,,
174,1222,,,3.4174110889434814,,3.4165878295898438,3.4165878295898438,,,,
174,1223,,,4.517999649047852,,4.517176151275635,4.517176151275635,,,,
174,1224,,,2.9467179775238037,,2.945894241333008,2.945894241333008,,,,
,174,,,,,,,,,6.4603271484375,6.4603271484375
174,1224,,,,,,,6.4603271484375,6.4603271484375,,
174,1224,3.6685309410095215,3.66935396194458,,3.6685309410095215,,,,,,
175,1225,,,4.239616394042969,,4.238792419433594,4.238792419433594,,,,
175,1226,,,3.2535526752471924,,3.2527284622192383,3.2527284622192383,,,,
175,1227,,,3.634575366973877,,3.6337509155273438,3.6337509155273438,,,,
175,1228,,,3.322423219680786,,3.321598529815674,3.321598529815674,,,,
175,1229,,,4.5379180908203125,,4.537093162536621,4.537093162536621,,,,
175,1230,,,3.8925838470458984,,3.891758918762207,3.891758918762207,,,,
175,1231,,,0.8652427792549133,,0.8644176721572876,0.8644176721572876,,,,
,175,,,,,,,,,6.429523468017578,6.429523468017578
175,1231,,,,,,,6.429523468017578,6.429523468017578,,
175,1231,3.6391963958740234,3.640021562576294,,3.6391963958740234,,,,,,
176,1232,,,3.6772541999816895,,3.676429033279419,3.676429033279419,,,,
176,1233,,,2.3682820796966553,,2.3674566745758057,2.3674566745758057,,,,
176,1234,,,3.8277885913848877,,3.826962947845459,3.826962947845459,,,,
176,1235,,,3.923365831375122,,3.9225401878356934,3.9225401878356934,,,,
176,1236,,,3.317701816558838,,3.31687593460083,3.31687593460083,,,,
176,1237,,,4.632729530334473,,4.631903648376465,4.631903648376465,,,,
176,1238,,,3.4394631385803223,,3.4386370182037354,3.4386370182037354,,,,
,176,,,,,,,,,6.400735855102539,6.400735855102539
176,1238,,,,,,,6.400736331939697,6.400736331939697,,
176,1238,3.612809181213379,3.6136343479156494,,3.612809181213379,,,,,,
177,1239,,,3.9834280014038086,,3.9826016426086426,3.9826016426086426,,,,
177,1240,,,3.580186128616333,,3.579359531402588,3.579359531402588,,,,
177,1241,,,3.7788684368133545,,3.7780416011810303,3.7780416011810303,,,,
177,1242,,,3.4173941612243652,,3.416567325592041,3.416567325592041,,,,
177,1243,,,3.2517893314361572,,3.250962257385254,3.250962257385254,,,,
177,1244,,,4.057304382324219,,4.056477069854736,4.056477069854736,,,,
177,1245,,,2.022885322570801,,2.0220577716827393,2.0220577716827393,,,,
,177,,,,,,,,,6.429525852203369,6.429525852203369
177,1245,,,,,,,6.429525852203369,6.429525852203369,,
177,1245,3.579965829849243,3.580792188644409,,3.579965829849243,,,,,,
178,1246,,,4.090222358703613,,4.089394569396973,4.089394569396973,,,,
178,1247,,,3.37296462059021,,3.3721368312835693,3.3721368312835693,,,,
178,1248,,,2.587887763977051,,2.587059736251831,2.587059736251831,,,,
178,1249,,,3.680659532546997,,3.6798315048217773,3.6798315048217773,,,,
178,1250,,,4.006454944610596,,4.005626678466797,4.005626678466797,,,,
178,1251,,,3.2325284481048584,,3.2316999435424805,3.2316999435424805,,,,
178,1252,,,4.344431400299072,,4.343602657318115,4.343602657318115,,,,
,178,,,,,,,,,6.514050483703613,6.514050483703613
178,1252,,,,,,,6.514050483703613,6.514050483703613,,
178,1252,3.5442514419555664,3.545079231262207,,3.5442514419555664,,,,,,
179,1253,,,2.9498302936553955,,2.9490015506744385,2.9490015506744385,,,,
179,1254,,,2.9716014862060547,,2.9707725048065186,2.9707725048065186,,,,
179,1255,,,3.2596988677978516,,3.2588698863983154,3.2588698863983154,,,,
179,1256,,,3.8259520530700684,,3.825122833251953,3.825122833251953,,,,
179,1257,,,2.8654873371124268,,2.8646578788757324,2.8646578788757324,,,,
179,1258,,,4.657001495361328,,4.656171798706055,4.656171798706055,,,,
179,1259,,,4.71054744720459,,4.709717750549316,4.709717750549316,,,,
,179,,,,,,,,,6.535747528076172,6.535747528076172
179,1259,,,,,,,6.535747528076172,6.535747528076172,,
179,1259,3.496586799621582,3.497415781021118,,3.496586799621582,,,,,,
180,1260,,,3.1111509799957275,,3.110321044921875,3.110321044921875,,,,
180,1261,,,2.9311821460723877,,2.930351972579956,2.930351972579956,,,,
180,1262,,,3.8864874839782715,,3.88565731048584,3.88565731048584,,,,
180,1263,,,3.1534974575042725,,3.1526670455932617,3.1526670455932617,,,,
180,1264,,,3.0604755878448486,,3.059644937515259,3.059644937515259,,,,
180,1265,,,4.602222442626953,,4.601391792297363,4.601391792297363,,,,
180,1266,,,3.322736978530884,,3.3219058513641357,3.3219058513641357,,,,
,180,,,,,,,,,6.468714714050293,6.468714714050293
180,1266,,,,,,,6.468714714050293,6.468714714050293,,
180,1266,3.448745012283325,3.449575424194336,,3.448745012283325,,,,,,
181,1267,,,3.4218742847442627,,3.4210429191589355,3.4210429191589355,,,,
181,1268,,,2.1165754795074463,,2.11574387550354,2.11574387550354,,,,
181,1269,,,3.1529006958007812,,3.152068853378296,3.152068853378296,,,,
181,1270,,,3.706188678741455,,3.7053568363189697,3.7053568363189697,,,,
181,1271,,,3.2784485816955566,,3.277616262435913,3.277616262435913,,,,
181,1272,,,3.5306599140167236,,3.529827356338501,3.529827356338501,,,,
181,1273,,,6.765775203704834,,6.764942646026611,6.764942646026611,,,,
,181,,,,,,,,,6.515538692474365,6.515538692474365
181,1273,,,,,,,6.515538692474365,6.515538692474365,,
181,1273,3.4099624156951904,3.4107940196990967,,3.4099624156951904,,,,,,
182,1274,,,3.0796165466308594,,3.0787837505340576,3.0787837505340576,,,,
182,1275,,,3.2516183853149414,,3.2507853507995605,3.2507853507995605,,,,
182,1276,,,3.97794771194458,,3.97711443901062,3.97711443901062,,,,
182,1277,,,4.386428356170654,,4.385594844818115,4.385594844818115,,,,
182,1278,,,2.838409900665283,,2.837576150894165,2.837576150894165,,,,
182,1279,,,3.3924343585968018,,3.3916006088256836,3.3916006088256836,,,,
182,1280,,,1.3382025957107544,,1.3373684883117676,1.3373684883117676,,,,
,182,,,,,,,,,6.477321147918701,6.477321147918701
182,1280,,,,,,,6.477321147918701,6.477321147918701,,
182,1280,3.3604655265808105,3.3612990379333496,,3.3604655265808105,,,,,,
183,1281,,,2.3615684509277344,,2.360734224319458,2.360734224319458,,,,
183,1282,,,3.35896635055542,,3.3581318855285645,3.3581318855285645,,,,
183,1283,,,4.149853706359863,,4.149019241333008,4.149019241333008,,,,
183,1284,,,3.576946973800659,,3.5761120319366455,3.5761120319366455,,,,
183,1285,,,3.8048853874206543,,3.8040504455566406,3.8040504455566406,,,,
183,1286,,,3.027092456817627,,3.026257038116455,3.026257038116455,,,,
183,1287,,,2.4811110496520996,,2.4802756309509277,2.4802756309509277,,,,
,183,,,,,,,,,6.408170700073242,6.408170700073242
183,1287,,,,,,,6.408170223236084,6.408170223236084,,
183,1287,3.326181411743164,3.3270161151885986,,3.326181411743164,,,,,,
184,1288,,,2.5877206325531006,,2.5868849754333496,2.5868849754333496,,,,
184,1289,,,3.643115997314453,,3.642280101776123,3.642280101776123,,,,
184,1290,,,2.462038040161133,,2.4612019062042236,2.4612019062042236,,,,
184,1291,,,3.406670570373535,,3.405834197998047,3.405834197998047,,,,
184,1292,,,4.192052364349365,,4.191215991973877,4.191215991973877,,,,
184,1293,,,3.8069207668304443,,3.806083917617798,3.806083917617798,,,,
184,1294,,,2.4788246154785156,,2.47798752784729,2.47798752784729,,,,
,184,,,,,,,,,6.283558368682861,6.283558368682861
184,1294,,,,,,,6.283558368682861,6.283558368682861,,
184,1294,3.2976856231689453,3.2985219955444336,,3.2976856231689453,,,,,,
185,1295,,,3.953704595565796,,3.9528675079345703,3.9528675079345703,,,,
185,1296,,,3.562056541442871,,3.5612192153930664,3.5612192153930664,,,,
185,1297,,,2.887848138809204,,2.8870105743408203,2.8870105743408203,,,,
185,1298,,,3.87551212310791,,3.8746743202209473,3.8746743202209473,,,,
185,1299,,,3.1898694038391113,,3.1890313625335693,3.1890313625335693,,,,
185,1300,,,2.4640090465545654,,2.4631707668304443,2.4631707668304443,,,,
185,1301,,,2.4126222133636475,,2.4117836952209473,2.4117836952209473,,,,
,185,,,,,,,,,6.150453090667725,6.150453090667725
185,1301,,,,,,,6.150453090667725,6.150453090667725,,
185,1301,3.267826557159424,3.2686638832092285,,3.267826557159424,,,,,,
186,1302,,,3.499800682067871,,3.498962163925171,3.498962163925171,,,,
186,1303,,,2.91479754447937,,2.913958787918091,2.913958787918091,,,,
186,1304,,,4.217378616333008,,4.21653938293457,4.21653938293457,,,,
186,1305,,,2.970179796218872,,2.9693405628204346,2.9693405628204346,,,,
186,1306,,,2.9671685695648193,,2.9663290977478027,2.9663290977478027,,,,
186,1307,,,2.830195665359497,,2.8293559551239014,2.8293559551239014,,,,
186,1308,,,3.3985347747802734,,3.3976948261260986,3.3976948261260986,,,,
,186,,,,,,,,,6.125304222106934,6.125304222106934
186,1308,,,,,,,6.125304222106934,6.125304222106934,,
186,1308,3.2421367168426514,3.242975950241089,,3.2421367168426514,,,,,,
187,1309,,,3.410370111465454,,3.4095301628112793,3.4095301628112793,,,,
187,1310,,,2.505235195159912,,2.504395008087158,2.504395008087158,,,,
187,1311,,,3.233262300491333,,3.232422113418579,3.232422113418579,,,,
187,1312,,,3.087601661682129,,3.086761236190796,3.086761236190796,,,,
187,1313,,,4.180191516876221,,4.179350852966309,4.179350852966309,,,,
187,1314,,,2.5089094638824463,,2.508068561553955,2.508068561553955,,,,
187,1315,,,4.22678804397583,,4.22594690322876,4.22594690322876,,,,
,187,,,,,,,,,6.069331169128418,6.069331169128418
187,1315,,,,,,,6.069331169128418,6.069331169128418,,
187,1315,3.2165112495422363,3.217351198196411,,3.2165112495422363,,,,,,
188,1316,,,2.9849801063537598,,2.9841387271881104,2.9841387271881104,,,,
188,1317,,,3.9935529232025146,,3.992711305618286,3.992711305618286,,,,
188,1318,,,3.1522603034973145,,3.151418447494507,3.151418447494507,,,,
188,1319,,,2.818788766860962,,2.817946672439575,2.817946672439575,,,,
188,1320,,,3.7115585803985596,,3.7107162475585938,3.7107162475585938,,,,
188,1321,,,2.151538372039795,,2.150696039199829,2.150696039199829,,,,
188,1322,,,4.13332462310791,,4.132482051849365,4.132482051849365,,,,
,188,,,,,,,,,5.99591588973999,5.99591588973999
188,1322,,,,,,,5.99591588973999,5.99591588973999,,
188,1322,3.193303108215332,3.194145441055298,,3.193303108215332,,,,,,
189,1323,,,2.720982313156128,,2.720139503479004,2.720139503479004,,,,
189,1324,,,3.443856716156006,,3.4430136680603027,3.4430136680603027,,,,
189,1325,,,2.646104574203491,,2.645261287689209,2.645261287689209,,,,
189,1326,,,3.311051845550537,,3.310208320617676,3.310208320617676,,,,
189,1327,,,4.504377365112305,,4.503533840179443,4.503533840179443,,,,
189,1328,,,2.483412981033325,,2.4825689792633057,2.4825689792633057,,,,
189,1329,,,2.88177227973938,,2.8809280395507812,2.8809280395507812,,,,
,189,,,,,,,,,6.020518779754639,6.020518779754639
189,1329,,,,,,,6.020518779754639,6.020518779754639,,
189,1329,3.166285991668701,3.1671297550201416,,3.166285991668701,,,,,,
190,1330,,,2.903303861618042,,2.9024596214294434,2.9024596214294434,,,,
190,1331,,,3.476242780685425,,3.475398302078247,3.475398302078247,,,,
190,1332,,,3.6589770317077637,,3.658132314682007,3.658132314682007,,,,
190,1333,,,3.274280548095703,,3.2734358310699463,3.2734358310699463,,,,
190,1334,,,3.230801582336426,,3.22995662689209,3.22995662689209,,,,
190,1335,,,2.259230613708496,,2.258385419845581,2.258385419845581,,,,
190,1336,,,3.254112720489502,,3.253267288208008,3.253267288208008,,,,
,190,,,,,,,,,6.02110481262207,6.02110481262207
190,1336,,,,,,,6.0211052894592285,6.0211052894592285,,
190,1336,3.140038013458252,3.140883207321167,,3.140038013458252,,,,,,
191,1337,,,2.318575859069824,,2.317730188369751,2.317730188369751,,,,
191,1338,,,2.9920177459716797,,2.9911718368530273,2.9911718368530273,,,,
191,1339,,,3.5546376705169678,,3.5537917613983154,3.5537917613983154,,,,
191,1340,,,3.9890801906585693,,3.988234043121338,3.988234043121338,,,,
191,1341,,,3.191567897796631,,3.1907215118408203,3.1907215118408203,,,,
191,1342,,,2.561249017715454,,2.5604023933410645,2.5604023933410645,,,,
191,1343,,,3.3959832191467285,,3.3951363563537598,3.3951363563537598,,,,
,191,,,,,,,,,5.949712753295898,5.949712753295898
191,1343,,,,,,,5.94971227645874,5.94971227645874,,
191,1343,3.117682695388794,3.1185290813446045,,3.117682695388794,,,,,,
192,1344,,,2.7973732948303223,,2.7965261936187744,2.7965261936187744,,,,
192,1345,,,2.4572415351867676,,2.4563941955566406,2.4563941955566406,,,,
192,1346,,,3.1051220893859863,,3.1042745113372803,3.1042745113372803,,,,
192,1347,,,2.9202535152435303,,2.919405698776245,2.919405698776245,,,,
192,1348,,,2.3349616527557373,,2.334113597869873,2.334113597869873,,,,
192,1349,,,4.717477798461914,,4.716629505157471,4.716629505157471,,,,
192,1350,,,3.7927188873291016,,3.791870594024658,3.791870594024658,,,,
,192,,,,,,,,,5.782310962677002,5.782310962677002
192,1350,,,,,,,5.782310962677002,5.782310962677002,,
192,1350,3.097928524017334,3.0987768173217773,,3.097928524017334,,,,,,
193,1351,,,2.0376949310302734,,2.036846399307251,2.036846399307251,,,,
193,1352,,,2.8576457500457764,,2.856796979904175,2.856796979904175,,,,
193,1353,,,3.7821719646453857,,3.781322956085205,3.781322956085205,,,,
193,1354,,,2.6860673427581787,,2.685218095779419,2.685218095779419,,,,
193,1355,,,2.485025405883789,,2.48417592048645,2.48417592048645,,,,
193,1356,,,4.087474346160889,,4.086624622344971,4.086624622344971,,,,
193,1357,,,4.426871299743652,,4.426021575927734,4.426021575927734,,,,
,193,,,,,,,,,5.743926525115967,5.743926525115967
193,1357,,,,,,,5.743926525115967,5.743926525115967,,
193,1357,3.0730576515197754,3.073906898498535,,3.0730576515197754,,,,,,
194,1358,,,3.3541250228881836,,3.3532750606536865,3.3532750606536865,,,,
194,1359,,,4.0441060066223145,,4.043255805969238,4.043255805969238,,,,
194,1360,,,3.6995973587036133,,3.698746919631958,3.698746919631958,,,,
194,1361,,,2.223512649536133,,2.2226619720458984,2.2226619720458984,,,,
194,1362,,,2.18418288230896,,2.1833319664001465,2.1833319664001465,,,,
194,1363,,,3.084369659423828,,3.0835185050964355,3.0835185050964355,,,,
194,1364,,,2.270404100418091,,2.269552707672119,2.269552707672119,,,,
,194,,,,,,,,,5.7470903396606445,5.7470903396606445
194,1364,,,,,,,5.7470903396606445,5.7470903396606445,,
194,1364,3.04876446723938,3.049614906311035,,3.04876446723938,,,,,,
195,1365,,,2.390291690826416,,2.3894402980804443,2.3894402980804443,,,,
195,1366,,,3.3073673248291016,,3.306515693664551,3.306515693664551,,,,
195,1367,,,4.042566299438477,,4.041714668273926,4.041714668273926,,,,
195,1368,,,2.75760817527771,,2.756756067276001,2.756756067276001,,,,
195,1369,,,2.9942739009857178,,2.993421792984009,2.993421792984009,,,,
195,1370,,,2.7436985969543457,,2.7428462505340576,2.7428462505340576,,,,
195,1371,,,2.7757649421691895,,2.7749123573303223,2.7749123573303223,,,,
,195,,,,,,,,,5.631082057952881,5.631082057952881
195,1371,,,,,,,5.631082057952881,5.631082057952881,,
195,1371,3.022946834564209,3.023798942565918,,3.022946834564209,,,,,,
196,1372,,,2.949964761734009,,2.9491119384765625,2.9491119384765625,,,,
196,1373,,,2.8661794662475586,,2.865326404571533,2.865326404571533,,,,
196,1374,,,2.350494623184204,,2.3496413230895996,2.3496413230895996,,,,
196,1375,,,3.130070924758911,,3.1292173862457275,3.1292173862457275,,,,
196,1376,,,2.9202475547790527,,2.91939377784729,2.91939377784729,,,,
196,1377,,,3.962985038757324,,3.9621310234069824,3.9621310234069824,,,,
196,1378,,,2.4910387992858887,,2.490184783935547,2.490184783935547,,,,
,196,,,,,,,,,5.459900379180908,5.459900379180908
196,1378,,,,,,,5.459900379180908,5.459900379180908,,
196,1378,2.99743390083313,2.9982874393463135,,2.99743390083313,,,,,,
197,1379,,,2.7083494663238525,,2.7074952125549316,2.7074952125549316,,,,
197,1380,,,2.6927309036254883,,2.6918764114379883,2.6918764114379883,,,,
197,1381,,,3.8366498947143555,,3.8357951641082764,3.8357951641082764,,,,
197,1382,,,2.5570991039276123,,2.556244134902954,2.556244134902954,,,,
197,1383,,,3.9444992542266846,,3.9436440467834473,3.9436440467834473,,,,
197,1384,,,2.3001768589019775,,2.299321413040161,2.299321413040161,,,,
197,1385,,,2.555763006210327,,2.5549075603485107,2.5549075603485107,,,,
,197,,,,,,,,,5.296292781829834,5.296292781829834
197,1385,,,,,,,5.296292781829834,5.296292781829834,,
197,1385,2.979210376739502,2.980065107345581,,2.979210376739502,,,,,,
198,1386,,,3.26894211769104,,3.2680861949920654,3.2680861949920654,,,,
198,1387,,,2.974268913269043,,2.9734127521514893,2.9734127521514893,,,,
198,1388,,,4.210567474365234,,4.209711074829102,4.209711074829102,,,,
198,1389,,,2.43009352684021,,2.429237127304077,2.429237127304077,,,,
198,1390,,,2.8532681465148926,,2.8524115085601807,2.8524115085601807,,,,
198,1391,,,2.1508162021636963,,2.1499593257904053,2.1499593257904053,,,,
198,1392,,,2.5626609325408936,,2.5618038177490234,2.5618038177490234,,,,
,198,,,,,,,,,5.237205982208252,5.237205982208252
198,1392,,,,,,,5.237205982208252,5.237205982208252,,
198,1392,2.9558422565460205,2.9566988945007324,,2.9558422565460205,,,,,,
199,1393,,,3.3582024574279785,,3.3573451042175293,3.3573451042175293,,,,
199,1394,,,2.1466262340545654,,2.145768642425537,2.145768642425537,,,,
199,1395,,,3.7682361602783203,,3.767378330230713,3.767378330230713,,,,
199,1396,,,3.952730655670166,,3.9518728256225586,3.9518728256225586,,,,
199,1397,,,1.6027752161026,,1.6019171476364136,1.6019171476364136,,,,
199,1398,,,2.868062973022461,,2.8672046661376953,2.8672046661376953,,,,
199,1399,,,2.6955995559692383,,2.6947410106658936,2.6947410106658936,,,,
,199,,,,,,,,,5.2244977951049805,5.2244977951049805
199,1399,,,,,,,5.2244977951049805,5.2244977951049805,,
199,1399,2.9336493015289307,2.934507131576538,,2.9336493015289307,,,,,,
200,1400,,,2.9546871185302734,,2.9538283348083496,2.9538283348083496,,,,
200,1401,,,3.0977911949157715,,3.0969321727752686,3.0969321727752686,,,,
200,1402,,,1.7148686647415161,,1.7140095233917236,1.7140095233917236,,,,
200,1403,,,3.277432441711426,,3.2765731811523438,3.2765731811523438,,,,
200,1404,,,3.6357827186584473,,3.634923219680786,3.634923219680786,,,,
200,1405,,,2.8709142208099365,,2.8700544834136963,2.8700544834136963,,,,
200,1406,,,2.6520068645477295,,2.65114688873291,2.65114688873291,,,,
,200,,,,,,,,,5.192680358886719,5.192680358886719
200,1406,,,,,,,5.192680358886719,5.192680358886719,,
200,1406,2.908313751220703,2.909173011779785,,2.908313751220703,,,,,,
201,1407,,,2.6544735431671143,,2.653613328933716,2.653613328933716,,,,
201,1408,,,2.8094940185546875,,2.80863356590271,2.80863356590271,,,,
201,1409,,,3.2514278888702393,,3.2505674362182617,3.2505674362182617,,,,
201,1410,,,2.5533599853515625,,2.552499294281006,2.552499294281006,,,,
201,1411,,,2.9650816917419434,,2.9642207622528076,2.9642207622528076,,,,
201,1412,,,2.7755374908447266,,2.7746763229370117,2.7746763229370117,,,,
201,1413,,,3.7094550132751465,,3.7085936069488525,3.7085936069488525,,,,
,201,,,,,,,,,5.305276870727539,5.305276870727539
201,1413,,,,,,,5.305277347564697,5.305277347564697,,
201,1413,2.885479688644409,2.886340618133545,,2.885479688644409,,,,,,
202,1414,,,2.457371950149536,,2.456510543823242,2.456510543823242,,,,
202,1415,,,3.3858482837677,,3.384986639022827,3.384986639022827,,,,
202,1416,,,2.953895092010498,,2.953033208847046,2.953033208847046,,,,
202,1417,,,2.7780263423919678,,2.7771642208099365,2.7771642208099365,,,,
202,1418,,,3.2875733375549316,,3.2867109775543213,3.2867109775543213,,,,
202,1419,,,2.2864301204681396,,2.2855677604675293,2.2855677604675293,,,,
202,1420,,,2.9700050354003906,,2.969142436981201,2.969142436981201,,,,
,202,,,,,,,,,5.424546718597412,5.424546718597412
202,1420,,,,,,,5.424546718597412,5.424546718597412,,
202,1420,2.863906145095825,2.8647682666778564,,2.863906145095825,,,,,,
203,1421,,,2.569003105163574,,2.5681402683258057,2.5681402683258057,,,,
203,1422,,,2.513429880142212,,2.5125670433044434,2.5125670433044434,,,,
203,1423,,,2.624610185623169,,2.6237471103668213,2.6237471103668213,,,,
203,1424,,,2.4449074268341064,,2.4440441131591797,2.4440441131591797,,,,
203,1425,,,3.566004991531372,,3.565141439437866,3.565141439437866,,,,
203,1426,,,3.3350613117218018,,3.334197759628296,3.334197759628296,,,,
203,1427,,,2.92034912109375,,2.919485330581665,2.919485330581665,,,,
,203,,,,,,,,,5.446009635925293,5.446009635925293
203,1427,,,,,,,5.446009635925293,5.446009635925293,,
203,1427,2.845905065536499,2.8467681407928467,,2.845905065536499,,,,,,
204,1428,,,3.416809558868408,,3.415945529937744,3.415945529937744,,,,
204,1429,,,2.3385889530181885,,2.3377246856689453,2.3377246856689453,,,,
204,1430,,,3.745986223220825,,3.745121717453003,3.745121717453003,,,,
204,1431,,,2.763849973678589,,2.7629852294921875,2.7629852294921875,,,,
204,1432,,,2.550511121749878,,2.5496463775634766,2.5496463775634766,,,,
204,1433,,,2.5071463584899902,,2.5062813758850098,2.5062813758850098,,,,
204,1434,,,1.8592323064804077,,1.8583670854568481,1.8583670854568481,,,,
,204,,,,,,,,,5.339084148406982,5.339084148406982
204,1434,,,,,,,5.339084148406982,5.339084148406982,,
204,1434,2.8258185386657715,2.826683282852173,,2.8258185386657715,,,,,,
205,1435,,,2.0164968967437744,,2.0156314373016357,2.0156314373016357,,,,
205,1436,,,2.6908862590789795,,2.6900205612182617,2.6900205612182617,,,,
205,1437,,,3.170686960220337,,3.169821262359619,3.169821262359619,,,,
205,1438,,,3.594662666320801,,3.593796730041504,3.593796730041504,,,,
205,1439,,,3.1587324142456055,,3.1578662395477295,3.1578662395477295,,,,
205,1440,,,2.40854811668396,,2.407681703567505,2.407681703567505,,,,
205,1441,,,2.2892160415649414,,2.2883493900299072,2.2883493900299072,,,,
,205,,,,,,,,,5.1853508949279785,5.1853508949279785
205,1441,,,,,,,5.1853508949279785,5.1853508949279785,,
205,1441,2.806737184524536,2.807602882385254,,2.806737184524536,,,,,,
206,1442,,,2.699648141860962,,2.6987812519073486,2.6987812519073486,,,,
206,1443,,,3.0135037899017334,,3.012636661529541,3.012636661529541,,,,
206,1444,,,2.4160244464874268,,2.4151573181152344,2.4151573181152344,,,,
206,1445,,,1.9077703952789307,,1.9069029092788696,1.9069029092788696,,,,
206,1446,,,3.814234733581543,,3.8133671283721924,3.8133671283721924,,,,
206,1447,,,2.1000173091888428,,2.099149465560913,2.099149465560913,,,,
206,1448,,,4.911427974700928,,4.910560131072998,4.910560131072998,,,,
,206,,,,,,,,,5.0860209465026855,5.0860209465026855
206,1448,,,,,,,5.0860209465026855,5.0860209465026855,,
206,1448,2.790189027786255,2.7910563945770264,,2.790189027786255,,,,,,
207,1449,,,2.4937334060668945,,2.4928650856018066,2.4928650856018066,,,,
207,1450,,,2.5828962326049805,,2.5820276737213135,2.5820276737213135,,,,
207,1451,,,3.2931675910949707,,3.2922990322113037,3.2922990322113037,,,,
207,1452,,,1.766592025756836,,1.7657232284545898,1.7657232284545898,,,,
207,1453,,,3.3124210834503174,,3.311552047729492,3.311552047729492,,,,
207,1454,,,3.5371432304382324,,3.536273956298828,3.536273956298828,,,,
207,1455,,,1.7815591096878052,,1.7806897163391113,1.7806897163391113,,,,
,207,,,,,,,,,5.054204940795898,5.054204940795898
207,1455,,,,,,,5.05420446395874,5.05420446395874,,
207,1455,2.768392324447632,2.769260883331299,,2.768392324447632,,,,,,
208,1456,,,3.609647750854492,,3.608778238296509,3.608778238296509,,,,
208,1457,,,3.895033121109009,,3.8941633701324463,3.8941633701324463,,,,
208,1458,,,1.686234951019287,,1.6853649616241455,1.6853649616241455,,,,
208,1459,,,2.2850594520568848,,2.284189224243164,2.284189224243164,,,,
208,1460,,,2.6098601818084717,,2.608989953994751,2.608989953994751,,,,
208,1461,,,3.1235923767089844,,3.1227219104766846,3.1227219104766846,,,,
208,1462,,,0.8853495717048645,,0.8844788074493408,0.8844788074493408,,,,
,208,,,,,,,,,5.064958572387695,5.064958572387695
208,1462,,,,,,,5.0649590492248535,5.0649590492248535,,
208,1462,2.750727653503418,2.7515974044799805,,2.750727653503418,,,,,,
209,1463,,,2.3424558639526367,,2.3415849208831787,2.3415849208831787,,,,
209,1464,,,2.1115760803222656,,2.1107051372528076,2.1107051372528076,,,,
209,1465,,,3.037538766860962,,3.036667585372925,3.036667585372925,,,,
209,1466,,,2.2666261196136475,,2.2657546997070312,2.2657546997070312,,,,
209,1467,,,2.8877317905426025,,2.8868601322174072,2.8868601322174072,,,,
209,1468,,,3.6668035984039307,,3.6659319400787354,3.6659319400787354,,,,
209,1469,,,2.8383841514587402,,2.837512254714966,2.837512254714966,,,,
,209,,,,,,,,,5.086828708648682,5.086828708648682
209,1469,,,,,,,5.086828708648682,5.086828708648682,,
209,1469,2.724952459335327,2.7258238792419434,,2.724952459335327,,,,,,
210,1470,,,3.102487087249756,,3.1016149520874023,3.1016149520874023,,,,
210,1471,,,2.9044029712677,,2.9035305976867676,2.9035305976867676,,,,
210,1472,,,2.190122127532959,,2.1892497539520264,2.1892497539520264,,,,
210,1473,,,3.3412888050079346,,3.340416193008423,3.340416193008423,,,,
210,1474,,,1.9268925189971924,,1.9260196685791016,1.9260196685791016,,,,
210,1475,,,2.3404557704925537,,2.339582681655884,2.339582681655884,,,,
210,1476,,,3.8348634243011475,,3.8339900970458984,3.8339900970458984,,,,
,210,,,,,,,,,5.119137287139893,5.119137287139893
210,1476,,,,,,,5.119137287139893,5.119137287139893,,
210,1476,2.7040250301361084,2.70489764213562,,2.7040250301361084,,,,,,
211,1477,,,2.263413906097412,,2.262540578842163,2.262540578842163,,,,
211,1478,,,3.125267505645752,,3.124393939971924,3.124393939971924,,,,
211,1479,,,2.9203484058380127,,2.9194746017456055,2.9194746017456055,,,,
211,1480,,,2.8905177116394043,,2.889643669128418,2.889643669128418,,,,
211,1481,,,2.690845251083374,,2.6899712085723877,2.6899712085723877,,,,
211,1482,,,2.3992433547973633,,2.398369073867798,2.398369073867798,,,,
211,1483,,,2.20302152633667,,2.2021470069885254,2.2021470069885254,,,,
,211,,,,,,,,,5.186585903167725,5.186585903167725
211,1483,,,,,,,5.186585903167725,5.186585903167725,,
211,1483,2.683952808380127,2.684826374053955,,2.683952808380127,,,,,,
212,1484,,,2.3157119750976562,,2.3148372173309326,2.3148372173309326,,,,
212,1485,,,3.0420339107513428,,3.041159152984619,3.041159152984619,,,,
212,1486,,,3.488476037979126,,3.4876010417938232,3.4876010417938232,,,,
212,1487,,,2.097367525100708,,2.096492290496826,2.096492290496826,,,,
212,1488,,,2.403162717819214,,2.402287483215332,2.402287483215332,,,,
212,1489,,,2.7341907024383545,,2.7333152294158936,2.7333152294158936,,,,
212,1490,,,2.490118980407715,,2.489243268966675,2.489243268966675,,,,
,212,,,,,,,,,5.118582725524902,5.118582725524902
212,1490,,,,,,,5.118582725524902,5.118582725524902,,
212,1490,2.6681034564971924,2.668978214263916,,2.6681034564971924,,,,,,
213,1491,,,2.2204151153564453,,2.219539165496826,2.219539165496826,,,,
213,1492,,,2.9010932445526123,,2.900217056274414,2.900217056274414,,,,
213,1493,,,2.3853530883789062,,2.384476661682129,2.384476661682129,,,,
213,1494,,,3.392831802368164,,3.3919551372528076,3.3919551372528076,,,,
213,1495,,,3.100177764892578,,3.0993010997772217,3.0993010997772217,,,,
213,1496,,,1.7120301723480225,,1.711153268814087,1.711153268814087,,,,
213,1497,,,3.110589027404785,,3.1097118854522705,3.1097118854522705,,,,
,213,,,,,,,,,5.020135879516602,5.020135879516602
213,1497,,,,,,,5.02013635635376,5.02013635635376,,
213,1497,2.6467111110687256,2.647587776184082,,2.6467111110687256,,,,,,
214,1498,,,2.0584728717803955,,2.0575954914093018,2.0575954914093018,,,,
214,1499,,,1.8971223831176758,,1.896244764328003,1.896244764328003,,,,
214,1500,,,2.373145341873169,,2.372267484664917,2.372267484664917,,,,
214,1501,,,3.0503313541412354,,3.0494534969329834,3.0494534969329834,,,,
214,1502,,,3.218933582305908,,3.218055486679077,3.218055486679077,,,,
214,1503,,,3.4455738067626953,,3.444695472717285,3.444695472717285,,,,
214,1504,,,1.8284311294555664,,1.8275525569915771,1.8275525569915771,,,,
,214,,,,,,,,,4.919375896453857,4.919375896453857
214,1504,,,,,,,4.919375896453857,4.919375896453857,,
214,1504,2.623316764831543,2.624194622039795,,2.623316764831543,,,,,,
215,1505,,,2.510183572769165,,2.5093047618865967,2.5093047618865967,,,,
215,1506,,,2.5036232471466064,,2.502744197845459,2.502744197845459,,,,
215,1507,,,1.960116982460022,,1.959237813949585,1.959237813949585,,,,
215,1508,,,3.8046579360961914,,3.803778648376465,3.803778648376465,,,,
215,1509,,,1.8782933950424194,,1.8774138689041138,1.8774138689041138,,,,
215,1510,,,2.460986852645874,,2.4601070880889893,2.4601070880889893,,,,
215,1511,,,4.00259256362915,,4.001712799072266,4.001712799072266,,,,
,215,,,,,,,,,4.839116096496582,4.839116096496582
215,1511,,,,,,,4.839116096496582,4.839116096496582,,
215,1511,2.605996608734131,2.6068758964538574,,2.605996608734131,,,,,,
216,1512,,,3.1718039512634277,,3.1709237098693848,3.1709237098693848,,,,
216,1513,,,2.708918571472168,,2.708038091659546,2.708038091659546,,,,
216,1514,,,1.7433475255966187,,1.742466926574707,1.742466926574707,,,,
216,1515,,,2.763005495071411,,2.76212477684021,2.76212477684021,,,,
216,1516,,,2.406705379486084,,2.4058244228363037,2.4058244228363037,,,,
216,1517,,,2.8764429092407227,,2.8755619525909424,2.8755619525909424,,,,
216,1518,,,2.2223219871520996,,2.221440553665161,2.221440553665161,,,,
,216,,,,,,,,,4.769057750701904,4.769057750701904
216,1518,,,,,,,4.769057750701904,4.769057750701904,,
216,1518,2.587918519973755,2.588799238204956,,2.587918519973755,,,,,,
217,1519,,,2.3298497200012207,,2.3289682865142822,2.3289682865142822,,,,
217,1520,,,3.152869939804077,,3.1519882678985596,3.1519882678985596,,,,
217,1521,,,2.429971933364868,,2.4290900230407715,2.4290900230407715,,,,
217,1522,,,2.56607723236084,,2.565195083618164,2.565195083618164,,,,
217,1523,,,3.021677255630493,,3.0207948684692383,3.0207948684692383,,,,
217,1524,,,1.9975569248199463,,1.9966744184494019,1.9966744184494019,,,,
217,1525,,,2.3776967525482178,,2.376814126968384,2.376814126968384,,,,
,217,,,,,,,,,4.744261741638184,4.744261741638184
217,1525,,,,,,,4.744261741638184,4.744261741638184,,
217,1525,2.5700416564941406,2.5709238052368164,,2.5700416564941406,,,,,,
218,1526,,,2.561542510986328,,2.560659646987915,2.560659646987915,,,,
218,1527,,,2.131218433380127,,2.1303353309631348,2.1303353309631348,,,,
218,1528,,,2.61897611618042,,2.6180927753448486,2.6180927753448486,,,,
218,1529,,,2.8599960803985596,,2.8591127395629883,2.8591127395629883,,,,
218,1530,,,2.748215436935425,,2.7473318576812744,2.7473318576812744,,,,
218,1531,,,1.6776621341705322,,1.6767783164978027,1.6767783164978027,,,,
218,1532,,,4.491249084472656,,4.490365028381348,4.490365028381348,,,,
,218,,,,,,,,,4.691193103790283,4.691193103790283
218,1532,,,,,,,4.691193103790283,4.691193103790283,,
218,1532,2.553128957748413,2.5540125370025635,,2.553128957748413,,,,,,
219,1533,,,1.6801947355270386,,1.6793104410171509,1.6793104410171509,,,,
219,1534,,,2.5923235416412354,,2.5914390087127686,2.5914390087127686,,,,
219,1535,,,3.7886109352111816,,3.787726402282715,3.787726402282715,,,,
219,1536,,,3.739657163619995,,3.738772392272949,3.738772392272949,,,,
219,1537,,,2.2045936584472656,,2.2037086486816406,2.2037086486816406,,,,
219,1538,,,1.341636300086975,,1.340751051902771,1.340751051902771,,,,
219,1539,,,2.2120797634124756,,2.2111942768096924,2.2111942768096924,,,,
,219,,,,,,,,,4.574726104736328,4.574726104736328
219,1539,,,,,,,4.574726104736328,4.574726104736328,,
219,1539,2.5366127490997314,2.5374975204467773,,2.5366127490997314,,,,,,
220,1540,,,1.4999079704284668,,1.4990222454071045,1.4990222454071045,,,,
220,1541,,,3.051548719406128,,3.0506627559661865,3.0506627559661865,,,,
220,1542,,,2.9595212936401367,,2.9586353302001953,2.9586353302001953,,,,
220,1543,,,2.305746555328369,,2.3048603534698486,2.3048603534698486,,,,
220,1544,,,2.446507692337036,,2.4456212520599365,2.4456212520599365,,,,
220,1545,,,2.8083691596984863,,2.8074824810028076,2.8074824810028076,,,,
220,1546,,,2.6283934116363525,,2.6275064945220947,2.6275064945220947,,,,
,220,,,,,,,,,4.502052307128906,4.502052307128906
220,1546,,,,,,,4.502052307128906,4.502052307128906,,
220,1546,2.517897844314575,2.518784284591675,,2.517897844314575,,,,,,
221,1547,,,3.494434356689453,,3.493547201156616,3.493547201156616,,,,
221,1548,,,2.7629263401031494,,2.7620389461517334,2.7620389461517334,,,,
221,1549,,,2.388721466064453,,2.387834072113037,2.387834072113037,,,,
221,1550,,,2.2924723625183105,,2.2915847301483154,2.2915847301483154,,,,
221,1551,,,3.0927040576934814,,3.0918161869049072,3.0918161869049072,,,,
221,1552,,,1.4870195388793945,,1.4861314296722412,1.4861314296722412,,,,
221,1553,,,1.2308261394500732,,1.2299379110336304,1.2299379110336304,,,,
,221,,,,,,,,,4.46834659576416,4.46834659576416
221,1553,,,,,,,4.46834659576416,4.46834659576416,,
221,1553,2.505753517150879,2.506641387939453,,2.505753517150879,,,,,,
222,1554,,,2.250034809112549,,2.2491464614868164,2.2491464614868164,,,,
222,1555,,,2.368358850479126,,2.3674702644348145,2.3674702644348145,,,,
222,1556,,,3.4149603843688965,,3.414071559906006,3.414071559906006,,,,
222,1557,,,2.9014675617218018,,2.900578498840332,2.900578498840332,,,,
222,1558,,,2.440823793411255,,2.439934492111206,2.439934492111206,,,,
222,1559,,,1.9971702098846436,,1.9962809085845947,1.9962809085845947,,,,
222,1560,,,1.306994915008545,,1.306105375289917,1.306105375289917,,,,
,222,,,,,,,,,4.479847431182861,4.479847431182861
222,1560,,,,,,,4.479847431182861,4.479847431182861,,
222,1560,2.487415313720703,2.4883038997650146,,2.487415313720703,,,,,,
223,1561,,,2.3270516395568848,,2.326162099838257,2.326162099838257,,,,
223,1562,,,3.7015669345855713,,3.7006771564483643,3.7006771564483643,,,,
223,1563,,,2.1051080226898193,,2.104218006134033,2.104218006134033,,,,
223,1564,,,2.014099359512329,,2.013209342956543,2.013209342956543,,,,
223,1565,,,2.5329341888427734,,2.532043933868408,2.532043933868408,,,,
223,1566,,,1.994299292564392,,1.9934087991714478,1.9934087991714478,,,,
223,1567,,,2.896899700164795,,2.8960089683532715,2.8960089683532715,,,,
,223,,,,,,,,,4.521747589111328,4.521747589111328
223,1567,,,,,,,4.521747589111328,4.521747589111328,,
223,1567,2.4714860916137695,2.4723758697509766,,2.4714860916137695,,,,,,
224,1568,,,2.629122257232666,,2.6282315254211426,2.6282315254211426,,,,
224,1569,,,2.8980624675750732,,2.8971714973449707,2.8971714973449707,,,,
224,1570,,,2.293975353240967,,2.293084144592285,2.293084144592285,,,,
224,1571,,,2.265984535217285,,2.2650930881500244,2.2650930881500244,,,,
224,1572,,,2.2087223529815674,,2.2078309059143066,2.2078309059143066,,,,
224,1573,,,2.7691755294799805,,2.7682838439941406,2.7682838439941406,,,,
224,1574,,,1.5696208477020264,,1.5687289237976074,1.5687289237976074,,,,
,224,,,,,,,,,4.541767597198486,4.541767597198486
224,1574,,,,,,,4.541767597198486,4.541767597198486,,
224,1574,2.454583168029785,2.455474615097046,,2.454583168029785,,,,,,
225,1575,,,2.0765304565429688,,2.07563853263855,2.07563853263855,,,,
225,1576,,,2.450747013092041,,2.449854850769043,2.449854850769043,,,,
225,1577,,,2.5445826053619385,,2.5436902046203613,2.5436902046203613,,,,
225,1578,,,2.66983699798584,,2.6689445972442627,2.6689445972442627,,,,
225,1579,,,2.177248954772949,,2.176356315612793,2.176356315612793,,,,
225,1580,,,2.5727498531341553,,2.57185697555542,2.57185697555542,,,,
225,1581,,,2.8402161598205566,,2.839323043823242,2.839323043823242,,,,
,225,,,,,,,,,4.524369716644287,4.524369716644287
225,1581,,,,,,,4.524369716644287,4.524369716644287,,
225,1581,2.4393863677978516,2.440279006958008,,2.4393863677978516,,,,,,
226,1582,,,3.042492389678955,,3.0415992736816406,3.0415992736816406,,,,
226,1583,,,2.494992971420288,,2.4940996170043945,2.4940996170043945,,,,
226,1584,,,2.739499807357788,,2.7386062145233154,2.7386062145233154,,,,
226,1585,,,1.8000801801681519,,1.7991864681243896,1.7991864681243896,,,,
226,1586,,,2.068019390106201,,2.0671255588531494,2.0671255588531494,,,,
226,1587,,,2.368468999862671,,2.36757493019104,2.36757493019104,,,,
226,1588,,,2.572554588317871,,2.571660280227661,2.571660280227661,,,,
,226,,,,,,,,,4.522262096405029,4.522262096405029
226,1588,,,,,,,4.522262096405029,4.522262096405029,,
226,1588,2.4270689487457275,2.4279625415802,,2.4270689487457275,,,,,,
227,1589,,,3.578813076019287,,3.577918767929077,3.577918767929077,,,,
227,1590,,,1.9915375709533691,,1.99064302444458,1.99064302444458,,,,
227,1591,,,2.2783687114715576,,2.2774739265441895,2.2774739265441895,,,,
227,1592,,,2.668287754058838,,2.6673927307128906,2.6673927307128906,,,,
227,1593,,,1.6415733098983765,,1.6406781673431396,1.6406781673431396,,,,
227,1594,,,2.1290407180786133,,2.128145456314087,2.128145456314087,,,,
227,1595,,,2.901048421859741,,2.9001529216766357,2.9001529216766357,,,,
,227,,,,,,,,,4.473930835723877,4.473930835723877
227,1595,,,,,,,4.473930835723877,4.473930835723877,,
227,1595,2.4109504222869873,2.4118454456329346,,2.4109504222869873,,,,,,
228,1596,,,2.925938129425049,,2.9250423908233643,2.9250423908233643,,,,
228,1597,,,1.4571678638458252,,1.4562718868255615,1.4562718868255615,,,,
228,1598,,,2.672260046005249,,2.6713638305664062,2.6713638305664062,,,,
228,1599,,,2.5948688983917236,,2.593972682952881,2.593972682952881,,,,
228,1600,,,2.377627372741699,,2.3767309188842773,2.3767309188842773,,,,
228,1601,,,2.23872447013855,,2.237827777862549,2.237827777862549,,,,
228,1602,,,2.718573570251465,,2.717676877975464,2.717676877975464,,,,
,228,,,,,,,,,4.411959171295166,4.411959171295166
228,1602,,,,,,,4.411959171295166,4.411959171295166,,
228,1602,2.396915912628174,2.3978121280670166,,2.396915912628174,,,,,,
229,1603,,,2.7946255207061768,,2.7937285900115967,2.7937285900115967,,,,
229,1604,,,2.153470039367676,,2.1525728702545166,2.1525728702545166,,,,
229,1605,,,2.6758947372436523,,2.674997329711914,2.674997329711914,,,,
229,1606,,,1.9556435346603394,,1.9547460079193115,1.9547460079193115,,,,
229,1607,,,3.6329801082611084,,3.632082462310791,3.632082462310791,,,,
229,1608,,,1.533889889717102,,1.532991886138916,1.532991886138916,,,,
229,1609,,,1.175748586654663,,1.1748504638671875,1.1748504638671875,,,,
,229,,,,,,,,,4.360642910003662,4.360642910003662
229,1609,,,,,,,4.360642910003662,4.360642910003662,,
229,1609,2.381441354751587,2.382338762283325,,2.381441354751587,,,,,,
230,1610,,,2.2352492809295654,,2.23435115814209,2.23435115814209,,,,
230,1611,,,2.2249393463134766,,2.224040985107422,2.224040985107422,,,,
230,1612,,,1.71824312210083,,1.7173446416854858,1.7173446416854858,,,,
230,1613,,,2.462503433227539,,2.461604595184326,2.461604595184326,,,,
230,1614,,,2.239835739135742,,2.2389369010925293,2.2389369010925293,,,,
230,1615,,,2.4928972721099854,,2.4919981956481934,2.4919981956481934,,,,
230,1616,,,4.636378765106201,,4.63547945022583,4.63547945022583,,,,
,230,,,,,,,,,4.309451580047607,4.309451580047607
230,1616,,,,,,,4.309451580047607,4.309451580047607,,
230,1616,2.369659900665283,2.370558500289917,,2.369659900665283,,,,,,
231,1617,,,2.1747384071350098,,2.1738388538360596,2.1738388538360596,,,,
231,1618,,,2.4677789211273193,,2.466879367828369,2.466879367828369,,,,
231,1619,,,2.6116323471069336,,2.6107325553894043,2.6107325553894043,,,,
231,1620,,,2.691044807434082,,2.6901447772979736,2.6901447772979736,,,,
231,1621,,,1.5549548864364624,,1.5540547370910645,1.5540547370910645,,,,
231,1622,,,2.2149930000305176,,2.21409273147583,2.21409273147583,,,,
231,1623,,,3.4396069049835205,,3.438706398010254,3.438706398010254,,,,
,231,,,,,,,,,4.272747039794922,4.272747039794922
231,1623,,,,,,,4.272747039794922,4.272747039794922,,
231,1623,2.3528246879577637,2.353724479675293,,2.3528246879577637,,,,,,
232,1624,,,1.7445545196533203,,1.7436537742614746,1.7436537742614746,,,,
232,1625,,,2.2746989727020264,,2.2737982273101807,2.2737982273101807,,,,
232,1626,,,2.4399092197418213,,2.4390082359313965,2.4390082359313965,,,,
232,1627,,,2.369004011154175,,2.368102788925171,2.368102788925171,,,,
232,1628,,,2.022301197052002,,2.021399736404419,2.021399736404419,,,,
232,1629,,,2.5299761295318604,,2.5290746688842773,2.5290746688842773,,,,
232,1630,,,4.061100006103516,,4.0601983070373535,4.0601983070373535,,,,
,232,,,,,,,,,4.251318454742432,4.251318454742432
232,1630,,,,,,,4.251318454742432,4.251318454742432,,
232,1630,2.3368802070617676,2.3377814292907715,,2.3368802070617676,,,,,,
233,1631,,,1.8410396575927734,,1.8401377201080322,1.8401377201080322,,,,
233,1632,,,2.0873022079467773,,2.086400032043457,2.086400032043457,,,,
233,1633,,,2.36126446723938,,2.3603622913360596,2.3603622913360596,,,,
233,1634,,,2.7257516384124756,,2.724849224090576,2.724849224090576,,,,
233,1635,,,2.7085647583007812,,2.7076621055603027,2.7076621055603027,,,,
233,1636,,,2.1994433403015137,,2.198540449142456,2.198540449142456,,,,
233,1637,,,2.361846923828125,,2.3609437942504883,2.3609437942504883,,,,
,233,,,,,,,,,4.242273330688477,4.242273330688477
233,1637,,,,,,,4.242273330688477,4.242273330688477,,
233,1637,2.322087287902832,2.3229897022247314,,2.322087287902832,,,,,,
234,1638,,,1.9347156286239624,,1.9338124990463257,1.9338124990463257,,,,
234,1639,,,2.639169692993164,,2.6382663249969482,2.6382663249969482,,,,
234,1640,,,2.3805594444274902,,2.3796558380126953,2.3796558380126953,,,,
234,1641,,,3.0690770149230957,,3.068173408508301,3.068173408508301,,,,
234,1642,,,2.02180552482605,,2.020901679992676,2.020901679992676,,,,
234,1643,,,1.9715604782104492,,1.9706565141677856,1.9706565141677856,,,,
234,1644,,,1.7821892499923706,,1.781285047531128,1.781285047531128,,,,
,234,,,,,,,,,4.249206066131592,4.249206066131592
234,1644,,,,,,,4.249206066131592,4.249206066131592,,
234,1644,2.3026585578918457,2.3035621643066406,,2.3026585578918457,,,,,,
235,1645,,,2.307342052459717,,2.3064377307891846,2.3064377307891846,,,,
235,1646,,,2.1349008083343506,,2.1339962482452393,2.1339962482452393,,,,
235,1647,,,2.948934555053711,,2.9480299949645996,2.9480299949645996,,,,
235,1648,,,1.9948244094848633,,1.9939197301864624,1.9939197301864624,,,,
235,1649,,,1.9805599451065063,,1.9796550273895264,1.9796550273895264,,,,
235,1650,,,2.3073902130126953,,2.306485176086426,2.306485176086426,,,,
235,1651,,,2.4468512535095215,,2.445945978164673,2.445945978164673,,,,
,235,,,,,,,,,4.15330696105957,4.15330696105957
235,1651,,,,,,,4.15330696105957,4.15330696105957,,
235,1651,2.28796124458313,2.2888660430908203,,2.28796124458313,,,,,,
236,1652,,,3.5222384929656982,,3.5213329792022705,3.5213329792022705,,,,
236,1653,,,1.8053960800170898,,1.8044904470443726,1.8044904470443726,,,,
236,1654,,,1.762715458869934,,1.7618094682693481,1.7618094682693481,,,,
236,1655,,,2.4364311695098877,,2.4355251789093018,2.4355251789093018,,,,
236,1656,,,2.135885000228882,,2.134978771209717,2.134978771209717,,,,
236,1657,,,2.059375762939453,,2.058469295501709,2.058469295501709,,,,
236,1658,,,2.0906360149383545,,2.0897293090820312,2.0897293090820312,,,,
,236,,,,,,,,,4.0903472900390625,4.0903472900390625
236,1658,,,,,,,4.0903472900390625,4.0903472900390625,,
236,1658,2.274549722671509,2.275455951690674,,2.274549722671509,,,,,,
237,1659,,,3.1511850357055664,,3.150278091430664,3.150278091430664,,,,
237,1660,,,2.3903157711029053,,2.389408826828003,2.389408826828003,,,,
237,1661,,,2.088203191757202,,2.0872960090637207,2.0872960090637207,,,,
237,1662,,,2.2787506580352783,,2.2778432369232178,2.2778432369232178,,,,
237,1663,,,2.3214776515960693,,2.3205699920654297,2.3205699920654297,,,,
237,1664,,,1.5915107727050781,,1.590602993965149,1.590602993965149,,,,
237,1665,,,1.4366286993026733,,1.4357208013534546,1.4357208013534546,,,,
,237,,,,,,,,,4.028481960296631,4.028481960296631
237,1665,,,,,,,4.028481960296631,4.028481960296631,,
237,1665,2.2516696453094482,2.252577066421509,,2.2516696453094482,,,,,,
238,1666,,,2.2407796382904053,,2.2398715019226074,2.2398715019226074,,,,
238,1667,,,1.718716025352478,,1.717807650566101,1.717807650566101,,,,
238,1668,,,1.662540078163147,,1.6616315841674805,1.6616315841674805,,,,
238,1669,,,2.1980926990509033,,2.1971840858459473,2.1971840858459473,,,,
238,1670,,,2.862198829650879,,2.8612899780273438,2.8612899780273438,,,,
238,1671,,,2.2878715991973877,,2.2869625091552734,2.2869625091552734,,,,
238,1672,,,3.4691162109375,,3.4682071208953857,3.4682071208953857,,,,
,238,,,,,,,,,4.00298547744751,4.00298547744751
238,1672,,,,,,,4.00298547744751,4.00298547744751,,
238,1672,2.2376980781555176,2.2386066913604736,,2.2376980781555176,,,,,,
239,1673,,,2.3151817321777344,,2.314272403717041,2.314272403717041,,,,
239,1674,,,2.3961803913116455,,2.395270824432373,2.395270824432373,,,,
239,1675,,,2.528474807739258,,2.5275652408599854,2.5275652408599854,,,,
239,1676,,,2.031273365020752,,2.0303635597229004,2.0303635597229004,,,,
239,1677,,,2.687276840209961,,2.6863667964935303,2.6863667964935303,,,,
239,1678,,,1.6108858585357666,,1.6099756956100464,1.6099756956100464,,,,
239,1679,,,1.6120750904083252,,1.6111646890640259,1.6111646890640259,,,,
,239,,,,,,,,,3.9919321537017822,3.9919321537017822
239,1679,,,,,,,3.9919321537017822,3.9919321537017822,,
239,1679,2.2224316596984863,2.223341464996338,,2.2224316596984863,,,,,,
240,1680,,,2.117710828781128,,2.116800308227539,2.116800308227539,,,,
240,1681,,,2.4148008823394775,,2.4138901233673096,2.4138901233673096,,,,
240,1682,,,2.3733291625976562,,2.3724184036254883,2.3724184036254883,,,,
240,1683,,,2.744508981704712,,2.743597984313965,2.743597984313965,,,,
240,1684,,,1.6611372232437134,,1.6602259874343872,1.6602259874343872,,,,
240,1685,,,1.5083577632904053,,1.5074462890625,1.5074462890625,,,,
240,1686,,,3.341367244720459,,3.3404557704925537,3.3404557704925537,,,,
,240,,,,,,,,,4.017534255981445,4.017534255981445
240,1686,,,,,,,4.017534255981445,4.017534255981445,,
240,1686,2.2065961360931396,2.2075071334838867,,2.2065961360931396,,,,,,
241,1687,,,1.9170693159103394,,1.916157603263855,1.916157603263855,,,,
241,1688,,,1.518900990486145,,1.517989158630371,1.517989158630371,,,,
241,1689,,,2.1064517498016357,,2.1055397987365723,2.1055397987365723,,,,
241,1690,,,2.4664101600646973,,2.4654979705810547,2.4654979705810547,,,,
241,1691,,,2.2763168811798096,,2.275404453277588,2.275404453277588,,,,
241,1692,,,2.6230976581573486,,2.622184991836548,2.622184991836548,,,,
241,1693,,,2.847703218460083,,2.8467905521392822,2.8467905521392822,,,,
,241,,,,,,,,,4.045213222503662,4.045213222503662
241,1693,,,,,,,4.045213222503662,4.045213222503662,,
241,1693,2.191422700881958,2.1923348903656006,,2.191422700881958,,,,,,
242,1694,,,2.74385142326355,,2.74293851852417,2.74293851852417,,,,
242,1695,,,2.3566205501556396,,2.3557076454162598,2.3557076454162598,,,,
242,1696,,,1.616760015487671,,1.615846872329712,1.615846872329712,,,,
242,1697,,,2.040107250213623,,2.039193868637085,2.039193868637085,,,,
242,1698,,,2.0110254287719727,,2.0101118087768555,2.0101118087768555,,,,
242,1699,,,2.2499754428863525,,2.2490618228912354,2.2490618228912354,,,,
242,1700,,,2.334826707839966,,2.3339128494262695,2.3339128494262695,,,,
,242,,,,,,,,,4.053504467010498,4.053504467010498
242,1700,,,,,,,4.053504467010498,4.053504467010498,,
242,1700,2.1785221099853516,2.1794352531433105,,2.1785221099853516,,,,,,
243,1701,,,1.8307172060012817,,1.829803228378296,1.829803228378296,,,,
243,1702,,,2.809788227081299,,2.8088741302490234,2.8088741302490234,,,,
243,1703,,,2.695281744003296,,2.6943674087524414,2.6943674087524414,,,,
243,1704,,,1.8351799249649048,,1.8342653512954712,1.8342653512954712,,,,
243,1705,,,2.0531938076019287,,2.052278995513916,2.052278995513916,,,,
243,1706,,,1.930164098739624,,1.9292492866516113,1.9292492866516113,,,,
243,1707,,,1.718380093574524,,1.7174650430679321,1.7174650430679321,,,,
,243,,,,,,,,,4.031240463256836,4.031240463256836
243,1707,,,,,,,4.031240463256836,4.031240463256836,,
243,1707,2.1635901927948,2.1645047664642334,,2.1635901927948,,,,,,
244,1708,,,1.5072588920593262,,1.5063437223434448,1.5063437223434448,,,,
244,1709,,,2.216560125350952,,2.2156448364257812,2.2156448364257812,,,,
244,1710,,,2.4577057361602783,,2.4567902088165283,2.4567902088165283,,,,
244,1711,,,2.342348575592041,,2.341432809829712,2.341432809829712,,,,
244,1712,,,1.7350398302078247,,1.7341238260269165,1.7341238260269165,,,,
244,1713,,,2.9781012535095215,,2.9771852493286133,2.9771852493286133,,,,
244,1714,,,1.204986810684204,,1.2040705680847168,1.2040705680847168,,,,
,244,,,,,,,,,4.0074076652526855,4.0074076652526855
244,1714,,,,,,,4.0074076652526855,4.0074076652526855,,
244,1714,2.146360397338867,2.147275924682617,,2.146360397338867,,,,,,
245,1715,,,2.7018091678619385,,2.700892925262451,2.700892925262451,,,,
245,1716,,,2.2039034366607666,,2.2029869556427,2.2029869556427,,,,
245,1717,,,1.841727375984192,,1.8408106565475464,1.8408106565475464,,,,
245,1718,,,2.0625758171081543,,2.0616588592529297,2.0616588592529297,,,,
245,1719,,,2.0908994674682617,,2.089982509613037,2.089982509613037,,,,
245,1720,,,2.3312113285064697,,2.330294132232666,2.330294132232666,,,,
245,1721,,,0.8991422653198242,,0.8982248902320862,0.8982248902320862,,,,
,245,,,,,,,,,3.9589951038360596,3.9589951038360596
245,1721,,,,,,,3.9589951038360596,3.9589951038360596,,
245,1721,2.127601385116577,2.1285183429718018,,2.127601385116577,,,,,,
246,1722,,,2.485044479370117,,2.4841268062591553,2.4841268062591553,,,,
246,1723,,,2.351897954940796,,2.350980281829834,2.350980281829834,,,,
246,1724,,,1.9403789043426514,,1.9394609928131104,1.9394609928131104,,,,
246,1725,,,1.6486632823944092,,1.6477452516555786,1.6477452516555786,,,,
246,1726,,,2.6194679737091064,,2.6185498237609863,2.6185498237609863,,,,
246,1727,,,2.033360004425049,,2.0324416160583496,2.0324416160583496,,,,
246,1728,,,1.020332932472229,,1.0194143056869507,1.0194143056869507,,,,
,246,,,,,,,,,3.9107954502105713,3.9107954502105713
246,1728,,,,,,,3.9107954502105713,3.9107954502105713,,
246,1728,2.110680103302002,2.111598253250122,,2.110680103302002,,,,,,
247,1729,,,1.8655447959899902,,1.8646260499954224,1.8646260499954224,,,,
247,1730,,,2.1870579719543457,,2.1861391067504883,2.1861391067504883,,,,
247,1731,,,1.7630342245101929,,1.7621151208877563,1.7621151208877563,,,,
247,1732,,,2.4468302726745605,,2.445910930633545,2.445910930633545,,,,
247,1733,,,1.6316823959350586,,1.6307628154754639,1.6307628154754639,,,,
247,1734,,,2.1193079948425293,,2.1183884143829346,2.1183884143829346,,,,
247,1735,,,3.6328823566436768,,3.631962537765503,3.631962537765503,,,,
,247,,,,,,,,,3.911383867263794,3.911383867263794
247,1735,,,,,,,3.911383867263794,3.911383867263794,,
247,1735,2.097243547439575,2.09816312789917,,2.097243547439575,,,,,,
248,1736,,,1.6857073307037354,,1.684787392616272,1.684787392616272,,,,
248,1737,,,2.5194106101989746,,2.5184905529022217,2.5184905529022217,,,,
248,1738,,,2.258352279663086,,2.257431983947754,2.257431983947754,,,,
248,1739,,,2.927577257156372,,2.92665696144104,2.92665696144104,,,,
248,1740,,,1.835476279258728,,1.834555745124817,1.834555745124817,,,,
248,1741,,,1.4601826667785645,,1.4592618942260742,1.4592618942260742,,,,
248,1742,,,1.6263504028320312,,1.6254295110702515,1.6254295110702515,,,,
,248,,,,,,,,,3.8354291915893555,3.8354291915893555
248,1742,,,,,,,3.8354289531707764,3.8354289531707764,,
248,1742,2.0848190784454346,2.0857393741607666,,2.0848190784454346,,,,,,
249,1743,,,1.6281479597091675,,1.6272268295288086,1.6272268295288086,,,,
249,1744,,,1.628637433052063,,1.627716064453125,1.627716064453125,,,,
249,1745,,,2.014572858810425,,2.0136513710021973,2.0136513710021973,,,,
249,1746,,,1.744466781616211,,1.7435451745986938,1.7435451745986938,,,,
249,1747,,,1.9159088134765625,,1.9149870872497559,1.9149870872497559,,,,
249,1748,,,3.3675296306610107,,3.366607666015625,3.366607666015625,,,,
249,1749,,,2.378075361251831,,2.377153158187866,2.377153158187866,,,,
,249,,,,,,,,,3.738049030303955,3.738049030303955
249,1749,,,,,,,3.738049030303955,3.738049030303955,,
249,1749,2.0682613849639893,2.069183111190796,,2.0682613849639893,,,,,,
250,1750,,,2.3229551315307617,,2.3220326900482178,2.3220326900482178,,,,
250,1751,,,1.5115853548049927,,1.5106627941131592,1.5106627941131592,,,,
250,1752,,,2.427197217941284,,2.426274538040161,2.426274538040161,,,,
250,1753,,,2.4492897987365723,,2.44836688041687,2.44836688041687,,,,
250,1754,,,2.1301863193511963,,2.129263401031494,2.129263401031494,,,,
250,1755,,,2.1225993633270264,,2.121676206588745,2.121676206588745,,,,
250,1756,,,0.39850303530693054,,0.3975796103477478,0.3975796103477478,,,,
,250,,,,,,,,,3.6746935844421387,3.6746935844421387
250,1756,,,,,,,3.6746935844421387,3.6746935844421387,,
250,1756,2.056058168411255,2.056980609893799,,2.056058168411255,,,,,,
251,1757,,,1.5350972414016724,,1.5341737270355225,1.5341737270355225,,,,
251,1758,,,2.2715649604797363,,2.270641326904297,2.270641326904297,,,,
251,1759,,,2.107490062713623,,2.1065661907196045,2.1065661907196045,,,,
251,1760,,,2.070326805114746,,2.0694026947021484,2.0694026947021484,,,,
251,1761,,,1.4284192323684692,,1.427495002746582,1.427495002746582,,,,
251,1762,,,2.890648365020752,,2.889724016189575,2.889724016189575,,,,
251,1763,,,1.9887489080429077,,1.9878244400024414,1.9878244400024414,,,,
,251,,,,,,,,,3.605086088180542,3.605086088180542
251,1763,,,,,,,3.605086088180542,3.605086088180542,,
251,1763,2.0460293292999268,2.0469534397125244,,2.0460293292999268,,,,,,
252,1764,,,2.444227695465088,,2.443303108215332,2.443303108215332,,,,
252,1765,,,2.44500994682312,,2.444085121154785,2.444085121154785,,,,
252,1766,,,2.100532054901123,,2.099606990814209,2.099606990814209,,,,
252,1767,,,1.1193212270736694,,1.1183960437774658,1.1183960437774658,,,,
252,1768,,,2.4051566123962402,,2.404231309890747,2.404231309890747,,,,
252,1769,,,1.6532484292984009,,1.6523228883743286,1.6523228883743286,,,,
252,1770,,,2.0875532627105713,,2.08662748336792,2.08662748336792,,,,
,252,,,,,,,,,3.548255681991577,3.548255681991577
252,1770,,,,,,,3.548255681991577,3.548255681991577,,
252,1770,2.03049898147583,2.031424045562744,,2.03049898147583,,,,,,
253,1771,,,2.7724809646606445,,2.771554946899414,2.771554946899414,,,,
253,1772,,,1.8161206245422363,,1.8151946067810059,1.8151946067810059,,,,
253,1773,,,1.918386697769165,,1.9174604415893555,1.9174604415893555,,,,
253,1774,,,2.0194060802459717,,2.018479585647583,2.018479585647583,,,,
253,1775,,,2.118819236755371,,2.1178927421569824,2.1178927421569824,,,,
253,1776,,,1.5641156435012817,,1.563188910484314,1.563188910484314,,,,
253,1777,,,1.7352226972579956,,1.7342957258224487,1.7342957258224487,,,,
,253,,,,,,,,,3.5384202003479004,3.5384202003479004
253,1777,,,,,,,3.5384202003479004,3.5384202003479004,,
253,1777,2.0163345336914062,2.017260789871216,,2.0163345336914062,,,,,,
254,1778,,,2.8763227462768555,,2.8753957748413086,2.8753957748413086,,,,
254,1779,,,1.4858906269073486,,1.4849634170532227,1.4849634170532227,,,,
254,1780,,,3.115504026412964,,3.114576578140259,3.114576578140259,,,,
254,1781,,,1.513460636138916,,1.5125330686569214,1.5125330686569214,,,,
254,1782,,,1.6511613130569458,,1.6502336263656616,1.6502336263656616,,,,
254,1783,,,1.6826387643814087,,1.681710958480835,1.681710958480835,,,,
254,1784,,,1.2127491235733032,,1.2118210792541504,1.2118210792541504,,,,
,254,,,,,,,,,3.5098118782043457,3.5098118782043457
254,1784,,,,,,,3.5098118782043457,3.5098118782043457,,
254,1784,2.0037405490875244,2.0046682357788086,,2.0037405490875244,,,,,,
255,1785,,,1.902215838432312,,1.9012876749038696,1.9012876749038696,,,,
255,1786,,,2.462327480316162,,2.4613990783691406,2.4613990783691406,,,,
255,1787,,,1.8800876140594482,,1.8791590929031372,1.8791590929031372,,,,
255,1788,,,1.6704286336898804,,1.6694999933242798,1.6694999933242798,,,,
255,1789,,,2.2757654190063477,,2.274836540222168,2.274836540222168,,,,
255,1790,,,2.050189256668091,,2.049260139465332,2.049260139465332,,,,
255,1791,,,1.2097805738449097,,1.2088513374328613,1.2088513374328613,,,,
,255,,,,,,,,,3.5037314891815186,3.5037314891815186
255,1791,,,,,,,3.5037314891815186,3.5037314891815186,,
255,1791,1.9903939962387085,1.9913225173950195,,1.9903939962387085,,,,,,
256,1792,,,1.9208669662475586,,1.9199376106262207,1.9199376106262207,,,,
256,1793,,,2.225665330886841,,2.224735736846924,2.224735736846924,,,,
256,1794,,,1.6593153476715088,,1.6583856344223022,1.6583856344223022,,,,
256,1795,,,1.3000564575195312,,1.2991266250610352,1.2991266250610352,,,,
256,1796,,,2.4508368968963623,,2.449906826019287,2.449906826019287,,,,
256,1797,,,2.2873117923736572,,2.286381483078003,2.286381483078003,,,,
256,1798,,,1.985453486442566,,1.984523057937622,1.984523057937622,,,,
,256,,,,,,,,,3.5456442832946777,3.5456442832946777
256,1798,,,,,,,3.5456442832946777,3.5456442832946777,,
256,1798,1.9737521409988403,1.9746819734573364,,1.9737521409988403,,,,,,
257,1799,,,1.8390042781829834,,1.83807373046875,1.83807373046875,,,,
257,1800,,,1.8070306777954102,,1.8061000108718872,1.8061000108718872,,,,
257,1801,,,2.037849187850952,,2.0369184017181396,2.0369184017181396,,,,
257,1802,,,2.172287702560425,,2.171356678009033,2.171356678009033,,,,
257,1803,,,2.307319402694702,,2.3063881397247314,2.3063881397247314,,,,
257,1804,,,1.8080711364746094,,1.8071397542953491,1.8071397542953491,,,,
257,1805,,,1.4376612901687622,,1.4367297887802124,1.4367297887802124,,,,
,257,,,,,,,,,3.5543861389160156,3.5543861389160156
257,1805,,,,,,,3.5543861389160156,3.5543861389160156,,
257,1805,1.9615294933319092,1.9624603986740112,,1.9615294933319092,,,,,,
258,1806,,,1.6624165773391724,,1.661484956741333,1.661484956741333,,,,
258,1807,,,1.5967649221420288,,1.5958331823349,1.5958331823349,,,,
258,1808,,,1.7274137735366821,,1.7264817953109741,1.7264817953109741,,,,
258,1809,,,1.775152325630188,,1.7742202281951904,1.7742202281951904,,,,
258,1810,,,3.143012285232544,,3.142080068588257,3.142080068588257,,,,
258,1811,,,2.118093252182007,,2.1171607971191406,2.1171607971191406,,,,
258,1812,,,1.0731868743896484,,1.0722543001174927,1.0722543001174927,,,,
,258,,,,,,,,,3.517895221710205,3.517895221710205
258,1812,,,,,,,3.517895221710205,3.517895221710205,,
258,1812,1.948134422302246,1.9490662813186646,,1.948134422302246,,,,,,
259,1813,,,1.134692907333374,,1.1337600946426392,1.1337600946426392,,,,
259,1814,,,2.247141122817993,,2.2462081909179688,2.2462081909179688,,,,
259,1815,,,2.6412553787231445,,2.640322208404541,2.640322208404541,,,,
259,1816,,,1.7490735054016113,,1.7481403350830078,1.7481403350830078,,,,
259,1817,,,1.6304457187652588,,1.6295123100280762,1.6295123100280762,,,,
259,1818,,,1.9136145114898682,,1.912680983543396,1.912680983543396,,,,
259,1819,,,2.677440643310547,,2.676506996154785,2.676506996154785,,,,
,259,,,,,,,,,3.49419903755188,3.49419903755188
259,1819,,,,,,,3.49419903755188,3.49419903755188,,
259,1819,1.931657075881958,1.9325902462005615,,1.931657075881958,,,,,,
260,1820,,,2.4108188152313232,,2.4098849296569824,2.4098849296569824,,,,
260,1821,,,1.7816658020019531,,1.7807316780090332,1.7807316780090332,,,,
260,1822,,,1.700973629951477,,1.7000393867492676,1.7000393867492676,,,,
260,1823,,,1.4249870777130127,,1.4240525960922241,1.4240525960922241,,,,
260,1824,,,2.360833168029785,,2.359898567199707,2.359898567199707,,,,
260,1825,,,1.8726606369018555,,1.8717257976531982,1.8717257976531982,,,,
260,1826,,,1.8149163722991943,,1.8139814138412476,1.8139814138412476,,,,
,260,,,,,,,,,3.4617769718170166,3.4617769718170166
260,1826,,,,,,,3.4617769718170166,3.4617769718170166,,
260,1826,1.9178942441940308,1.9188286066055298,,1.9178942441940308,,,,,,
261,1827,,,0.9343153238296509,,0.933380126953125,0.933380126953125,,,,
261,1828,,,2.3688948154449463,,2.367959499359131,2.367959499359131,,,,
261,1829,,,2.199253797531128,,2.1983182430267334,2.1983182430267334,,,,
261,1830,,,1.3669320344924927,,1.3659963607788086,1.3659963607788086,,,,
261,1831,,,2.636113405227661,,2.6351776123046875,2.6351776123046875,,,,
261,1832,,,1.9897507429122925,,1.9888147115707397,1.9888147115707397,,,,
261,1833,,,1.6681815385818481,,1.6672453880310059,1.6672453880310059,,,,
,261,,,,,,,,,3.413201332092285,3.413201332092285
261,1833,,,,,,,3.4132015705108643,3.4132015705108643,,
261,1833,1.900370717048645,1.9013065099716187,,1.900370717048645,,,,,,
262,1834,,,1.8030916452407837,,1.8021552562713623,1.8021552562713623,,,,
262,1835,,,1.0751265287399292,,1.0741899013519287,1.0741899013519287,,,,
262,1836,,,2.282618999481201,,2.281682252883911,2.281682252883911,,,,
262,1837,,,2.4946610927581787,,2.4937241077423096,2.4937241077423096,,,,
262,1838,,,1.7886673212051392,,1.7877302169799805,1.7877302169799805,,,,
262,1839,,,2.006523609161377,,2.0055863857269287,2.0055863857269287,,,,
262,1840,,,1.5070630311965942,,1.506125569343567,1.506125569343567,,,,
,262,,,,,,,,,3.3857622146606445,3.3857622146606445
262,1840,,,,,,,3.3857624530792236,3.3857624530792236,,
262,1840,1.88390052318573,1.88483726978302,,1.88390052318573,,,,,,
263,1841,,,2.273815631866455,,2.2728779315948486,2.2728779315948486,,,,
263,1842,,,1.4686143398284912,,1.4676765203475952,1.4676765203475952,,,,
263,1843,,,1.9937816858291626,,1.992843747138977,1.992843747138977,,,,
263,1844,,,2.2705488204956055,,2.269610643386841,2.269610643386841,,,,
263,1845,,,2.007347583770752,,2.006409168243408,2.006409168243408,,,,
263,1846,,,1.5719043016433716,,1.5709657669067383,1.5709657669067383,,,,
263,1847,,,0.9258847832679749,,0.924946129322052,0.924946129322052,,,,
,263,,,,,,,,,3.355916976928711,3.355916976928711
263,1847,,,,,,,3.355916976928711,3.355916976928711,,
263,1847,1.8709394931793213,1.871877670288086,,1.8709394931793213,,,,,,
264,1848,,,1.1923881769180298,,1.1914494037628174,1.1914494037628174,,,,
264,1849,,,2.780395746231079,,2.779456853866577,2.779456853866577,,,,
264,1850,,,1.9227499961853027,,1.9218108654022217,1.9218108654022217,,,,
264,1851,,,1.2414979934692383,,1.2405586242675781,1.2405586242675781,,,,
264,1852,,,1.4851253032684326,,1.484185814857483,1.484185814857483,,,,
264,1853,,,2.9246928691864014,,2.923753261566162,2.923753261566162,,,,
264,1854,,,0.7948993444442749,,0.7939595580101013,0.7939595580101013,,,,
,264,,,,,,,,,3.3092126846313477,3.3092126846313477
264,1854,,,,,,,3.3092129230499268,3.3092129230499268,,
264,1854,1.8570903539657593,1.8580293655395508,,1.8570903539657593,,,,,,
265,1855,,,1.9365378618240356,,1.9355978965759277,1.9355978965759277,,,,
265,1856,,,2.600806474685669,,2.5998663902282715,2.5998663902282715,,,,
265,1857,,,1.8784120082855225,,1.877471685409546,1.877471685409546,,,,
265,1858,,,1.5847148895263672,,1.5837743282318115,1.5837743282318115,,,,
265,1859,,,1.785269856452942,,1.7843291759490967,1.7843291759490967,,,,
265,1860,,,1.2516108751296997,,1.250670075416565,1.250670075416565,,,,
265,1861,,,1.9317089319229126,,1.9307678937911987,1.9307678937911987,,,,
,265,,,,,,,,,3.3151354789733887,3.3151354789733887
265,1861,,,,,,,3.3151354789733887,3.3151354789733887,,
265,1861,1.844038963317871,1.8449792861938477,,1.844038963317871,,,,,,
266,1862,,,1.7873692512512207,,1.7864280939102173,1.7864280939102173,,,,
266,1863,,,1.6230604648590088,,1.6221191883087158,1.6221191883087158,,,,
266,1864,,,2.350642442703247,,2.349700927734375,2.349700927734375,,,,
266,1865,,,1.5369375944137573,,1.5359959602355957,1.5359959602355957,,,,
266,1866,,,1.8071385622024536,,1.806196689605713,1.806196689605713,,,,
266,1867,,,1.7704423666000366,,1.7695003747940063,1.7695003747940063,,,,
266,1868,,,2.1331546306610107,,2.1322124004364014,2.1322124004364014,,,,
,266,,,,,,,,,3.3514721393585205,3.3514721393585205
266,1868,,,,,,,3.3514721393585205,3.3514721393585205,,
266,1868,1.8305131196975708,1.8314547538757324,,1.8305131196975708,,,,,,
267,1869,,,2.1179380416870117,,2.1169958114624023,2.1169958114624023,,,,
267,1870,,,1.6758456230163574,,1.674903154373169,1.674903154373169,,,,
267,1871,,,2.1518731117248535,,2.150930404663086,2.150930404663086,,,,
267,1872,,,1.5761030912399292,,1.575160264968872,1.575160264968872,,,,
267,1873,,,1.9873294830322266,,1.9863865375518799,1.9863865375518799,,,,
267,1874,,,1.4515187740325928,,1.4505757093429565,1.4505757093429565,,,,
267,1875,,,1.7633987665176392,,1.7624554634094238,1.7624554634094238,,,,
,267,,,,,,,,,3.3287622928619385,3.3287622928619385
267,1875,,,,,,,3.3287622928619385,3.3287622928619385,,
267,1875,1.822097659111023,1.82304048538208,,1.822097659111023,,,,,,
268,1876,,,1.6512905359268188,,1.650347113609314,1.650347113609314,,,,
268,1877,,,2.2296149730682373,,2.2286713123321533,2.2286713123321533,,,,
268,1878,,,1.2943509817123413,,1.2934072017669678,1.2934072017669678,,,,
268,1879,,,2.029534339904785,,2.028590202331543,2.028590202331543,,,,
268,1880,,,1.2386060953140259,,1.2376619577407837,1.2376619577407837,,,,
268,1881,,,2.0591399669647217,,2.0581955909729004,2.0581955909729004,,,,
268,1882,,,2.7852280139923096,,2.784283399581909,2.784283399581909,,,,
,268,,,,,,,,,3.2454283237457275,3.2454283237457275
268,1882,,,,,,,3.2454283237457275,3.2454283237457275,,
268,1882,1.8103498220443726,1.8112938404083252,,1.8103498220443726,,,,,,
269,1883,,,2.25113844871521,,2.2501938343048096,2.2501938343048096,,,,
269,1884,,,2.0850658416748047,,2.084120988845825,2.084120988845825,,,,
269,1885,,,1.2252039909362793,,1.2242590188980103,1.2242590188980103,,,,
269,1886,,,2.164344310760498,,2.1633992195129395,2.1633992195129395,,,,
269,1887,,,0.8914843797683716,,0.8905390501022339,0.8905390501022339,,,,
269,1888,,,2.09796404838562,,2.0970184803009033,2.0970184803009033,,,,
269,1889,,,2.0051209926605225,,2.0041754245758057,2.0041754245758057,,,,
,269,,,,,,,,,3.218205451965332,3.218205451965332
269,1889,,,,,,,3.218205690383911,3.218205690383911,,
269,1889,1.797818899154663,1.7987642288208008,,1.797818899154663,,,,,,
270,1890,,,1.2422780990600586,,1.2413322925567627,1.2413322925567627,,,,
270,1891,,,2.1798596382141113,,2.1789135932922363,2.1789135932922363,,,,
270,1892,,,1.3783241510391235,,1.377377986907959,1.377377986907959,,,,
270,1893,,,2.170433282852173,,2.1694869995117188,2.1694869995117188,,,,
270,1894,,,1.9651415348052979,,1.9641951322555542,1.9641951322555542,,,,
270,1895,,,1.9354407787322998,,1.934494137763977,1.934494137763977,,,,
270,1896,,,1.4164875745773315,,1.4155406951904297,1.4155406951904297,,,,
,270,,,,,,,,,3.1477749347686768,3.1477749347686768
270,1896,,,,,,,3.1477749347686768,3.1477749347686768,,
270,1896,1.7877062559127808,1.7886526584625244,,1.7877062559127808,,,,,,
271,1897,,,2.694913387298584,,2.6939663887023926,2.6939663887023926,,,,
271,1898,,,1.581656813621521,,1.5807095766067505,1.5807095766067505,,,,
271,1899,,,1.771411657333374,,1.770464301109314,1.770464301109314,,,,
271,1900,,,1.5488295555114746,,1.5478819608688354,1.5478819608688354,,,,
271,1901,,,1.7109766006469727,,1.710028886795044,1.710028886795044,,,,
271,1902,,,1.1894724369049072,,1.1885244846343994,1.1885244846343994,,,,
271,1903,,,2.2293589115142822,,2.2284109592437744,2.2284109592437744,,,,
,271,,,,,,,,,3.1004161834716797,3.1004161834716797
271,1903,,,,,,,3.1004161834716797,3.1004161834716797,,
271,1903,1.7768203020095825,1.7777680158615112,,1.7768203020095825,,,,,,
272,1904,,,2.7085976600646973,,2.7076494693756104,2.7076494693756104,,,,
272,1905,,,1.7646592855453491,,1.763710856437683,1.763710856437683,,,,
272,1906,,,2.1860287189483643,,2.185080051422119,2.185080051422119,,,,
272,1907,,,1.61411714553833,,1.6131683588027954,1.6131683588027954,,,,
272,1908,,,0.9574716091156006,,0.9565227031707764,0.9565227031707764,,,,
272,1909,,,1.567097783088684,,1.5661487579345703,1.5661487579345703,,,,
272,1910,,,1.2766705751419067,,1.2757214307785034,1.2757214307785034,,,,
,272,,,,,,,,,3.0312061309814453,3.0312061309814453
272,1910,,,,,,,3.0312061309814453,3.0312061309814453,,
272,1910,1.767949104309082,1.7688978910446167,,1.767949104309082,,,,,,
273,1911,,,1.3116341829299927,,1.3106848001480103,1.3106848001480103,,,,
273,1912,,,1.7944470643997192,,1.7934974431991577,1.7934974431991577,,,,
273,1913,,,2.0522451400756836,,2.051295518875122,2.051295518875122,,,,
273,1914,,,1.7764543294906616,,1.775504469871521,1.775504469871521,,,,
273,1915,,,1.5101902484893799,,1.5092401504516602,1.5092401504516602,,,,
273,1916,,,2.159255027770996,,2.1583049297332764,2.1583049297332764,,,,
273,1917,,,1.641362190246582,,1.6404118537902832,1.6404118537902832,,,,
,273,,,,,,,,,2.9786031246185303,2.9786031246185303
273,1917,,,,,,,2.9786031246185303,2.9786031246185303,,
273,1917,1.759008765220642,1.7599587440490723,,1.759008765220642,,,,,,
274,1918,,,1.9818111658096313,,1.9808605909347534,1.9808605909347534,,,,
274,1919,,,1.867974877357483,,1.8670241832733154,1.8670241832733154,,,,
274,1920,,,2.2698709964752197,,2.2689201831817627,2.2689201831817627,,,,
274,1921,,,1.009977102279663,,1.009026050567627,1.009026050567627,,,,
274,1922,,,2.089114189147949,,2.088162899017334,2.088162899017334,,,,
274,1923,,,1.5096174478530884,,1.5086660385131836,1.5086660385131836,,,,
274,1924,,,1.1222503185272217,,1.1212987899780273,1.1212987899780273,,,,
,274,,,,,,,,,2.964111089706421,2.964111089706421
274,1924,,,,,,,2.964111089706421,2.964111089706421,,
274,1924,1.747944712638855,1.7488956451416016,,1.747944712638855,,,,,,
275,1925,,,1.7694764137268066,,1.7685247659683228,1.7685247659683228,,,,
275,1926,,,2.538424253463745,,2.5374724864959717,2.5374724864959717,,,,
275,1927,,,1.364866852760315,,1.3639148473739624,1.3639148473739624,,,,
275,1928,,,2.11570143699646,,2.1147491931915283,2.1147491931915283,,,,
275,1929,,,1.1977766752243042,,1.196824312210083,1.196824312210083,,,,
275,1930,,,1.7302942276000977,,1.729341745376587,1.729341745376587,,,,
275,1931,,,0.9930169582366943,,0.992064356803894,0.992064356803894,,,,
,275,,,,,,,,,2.9368300437927246,2.9368300437927246
275,1931,,,,,,,2.9368300437927246,2.9368300437927246,,
275,1931,1.7384865283966064,1.739438533782959,,1.7384865283966064,,,,,,
276,1932,,,1.7038975954055786,,1.7029447555541992,1.7029447555541992,,,,
276,1933,,,1.6173079013824463,,1.6163549423217773,1.6163549423217773,,,,
276,1934,,,1.5524996519088745,,1.551546573638916,1.551546573638916,,,,
276,1935,,,1.753879189491272,,1.752925992012024,1.752925992012024,,,,
276,1936,,,2.4383199214935303,,2.437366485595703,2.437366485595703,,,,
276,1937,,,1.4709994792938232,,1.4700459241867065,1.4700459241867065,,,,
276,1938,,,1.2917460203170776,,1.2907923460006714,1.2907923460006714,,,,
,276,,,,,,,,,2.8826982975006104,2.8826982975006104
276,1938,,,,,,,2.8826982975006104,2.8826982975006104,,
276,1938,1.7278794050216675,1.728832721710205,,1.7278794050216675,,,,,,
277,1939,,,1.3001959323883057,,1.2992420196533203,1.2992420196533203,,,,
277,1940,,,1.3306639194488525,,1.3297098875045776,1.3297098875045776,,,,
277,1941,,,2.1278533935546875,,2.126899242401123,2.126899242401123,,,,
277,1942,,,1.5878599882125854,,1.586905598640442,1.586905598640442,,,,
277,1943,,,1.3966683149337769,,1.3957138061523438,1.3957138061523438,,,,
277,1944,,,2.496532917022705,,2.4955782890319824,2.4955782890319824,,,,
277,1945,,,1.9517163038253784,,1.9507614374160767,1.9507614374160767,,,,
,277,,,,,,,,,2.863551616668701,2.863551616668701
277,1945,,,,,,,2.863551616668701,2.863551616668701,,
277,1945,1.720091700553894,1.721045970916748,,1.720091700553894,,,,,,
278,1946,,,1.4850484132766724,,1.484093427658081,1.484093427658081,,,,
278,1947,,,1.3938466310501099,,1.3928914070129395,1.3928914070129395,,,,
278,1948,,,1.5890313386917114,,1.5880759954452515,1.5880759954452515,,,,
278,1949,,,1.9304955005645752,,1.9295400381088257,1.9295400381088257,,,,
278,1950,,,2.1471951007843018,,2.1462395191192627,2.1462395191192627,,,,
278,1951,,,1.6909136772155762,,1.6899579763412476,1.6899579763412476,,,,
278,1952,,,1.7612766027450562,,1.7603206634521484,1.7603206634521484,,,,
,278,,,,,,,,,2.871084213256836,2.871084213256836
278,1952,,,,,,,2.871084213256836,2.871084213256836,,
278,1952,1.7083792686462402,1.7093347311019897,,1.7083792686462402,,,,,,
279,1953,,,2.110819101333618,,2.109863042831421,2.109863042831421,,,,
279,1954,,,1.5265532732009888,,1.525597095489502,1.525597095489502,,,,
279,1955,,,1.0272451639175415,,1.0262888669967651,1.0262888669967651,,,,
279,1956,,,1.79989492893219,,1.7989383935928345,1.7989383935928345,,,,
279,1957,,,1.9758723974227905,,1.9749157428741455,1.9749157428741455,,,,
279,1958,,,1.8458081483840942,,1.8448513746261597,1.8448513746261597,,,,
279,1959,,,1.470881700515747,,1.4699246883392334,1.4699246883392334,,,,
,279,,,,,,,,,2.854442834854126,2.854442834854126
279,1959,,,,,,,2.854442834854126,2.854442834854126,,
279,1959,1.6990865468978882,1.7000428438186646,,1.6990865468978882,,,,,,
280,1960,,,1.0514557361602783,,1.050498604774475,1.050498604774475,,,,
280,1961,,,1.4236993789672852,,1.4227421283721924,1.4227421283721924,,,,
280,1962,,,1.6110044717788696,,1.6100469827651978,1.6100469827651978,,,,
280,1963,,,2.332514524459839,,2.331557035446167,2.331557035446167,,,,
280,1964,,,2.0441365242004395,,2.0431787967681885,2.0431787967681885,,,,
280,1965,,,1.655774712562561,,1.6548168659210205,1.6548168659210205,,,,
280,1966,,,1.7365849018096924,,1.7356268167495728,1.7356268167495728,,,,
,280,,,,,,,,,2.828874349594116,2.828874349594116
280,1966,,,,,,,2.828874349594116,2.828874349594116,,
280,1966,1.68842351436615,1.6893811225891113,,1.68842351436615,,,,,,
281,1967,,,1.810226321220398,,1.8092681169509888,1.8092681169509888,,,,
281,1968,,,2.086235284805298,,2.0852770805358887,2.0852770805358887,,,,
281,1969,,,1.2698347568511963,,1.2688761949539185,1.2688761949539185,,,,
281,1970,,,1.6248923540115356,,1.6239336729049683,1.6239336729049683,,,,
281,1971,,,1.8679479360580444,,1.8669891357421875,1.8669891357421875,,,,
281,1972,,,1.1098296642303467,,1.1088707447052002,1.1088707447052002,,,,
281,1973,,,2.4727773666381836,,2.471818208694458,2.471818208694458,,,,
,281,,,,,,,,,2.8288166522979736,2.8288166522979736
281,1973,,,,,,,2.8288166522979736,2.8288166522979736,,
281,1973,1.6768858432769775,1.6778442859649658,,1.6768858432769775,,,,,,
282,1974,,,0.9961839318275452,,0.9952247142791748,0.9952247142791748,,,,
282,1975,,,2.3914153575897217,,2.390455961227417,2.390455961227417,,,,
282,1976,,,1.7056721448898315,,1.7047126293182373,1.7047126293182373,,,,
282,1977,,,1.5086445808410645,,1.5076849460601807,1.5076849460601807,,,,
282,1978,,,1.698787808418274,,1.697827935218811,1.697827935218811,,,,
282,1979,,,1.833491325378418,,1.8325313329696655,1.8325313329696655,,,,
282,1980,,,1.241454839706421,,1.240494728088379,1.240494728088379,,,,
,282,,,,,,,,,2.8310024738311768,2.8310024738311768
282,1980,,,,,,,2.8310024738311768,2.8310024738311768,,
282,1980,1.6617447137832642,1.6627044677734375,,1.6617447137832642,,,,,,
283,1981,,,1.1461890935897827,,1.1452287435531616,1.1452287435531616,,,,
283,1982,,,2.0357117652893066,,2.0347514152526855,2.0347514152526855,,,,
283,1983,,,1.6443277597427368,,1.6433671712875366,1.6433671712875366,,,,
283,1984,,,1.297046422958374,,1.2960857152938843,1.2960857152938843,,,,
283,1985,,,1.8539341688156128,,1.852973222732544,1.852973222732544,,,,
283,1986,,,1.9880070686340332,,1.9870460033416748,1.9870460033416748,,,,
283,1987,,,1.4756165742874146,,1.4746553897857666,1.4746553897857666,,,,
,283,,,,,,,,,2.7931039333343506,2.7931039333343506
283,1987,,,,,,,2.7931039333343506,2.7931039333343506,,
283,1987,1.649011492729187,1.6499720811843872,,1.649011492729187,,,,,,
284,1988,,,1.6694390773773193,,1.6684776544570923,1.6684776544570923,,,,
284,1989,,,2.0596764087677,,2.0587148666381836,2.0587148666381836,,,,
284,1990,,,1.7108718156814575,,1.7099100351333618,1.7099100351333618,,,,
284,1991,,,1.373335361480713,,1.372373342514038,1.372373342514038,,,,
284,1992,,,1.6940734386444092,,1.6931113004684448,1.6931113004684448,,,,
284,1993,,,1.5023775100708008,,1.5014152526855469,1.5014152526855469,,,,
284,1994,,,1.1371791362762451,,1.136216640472412,1.136216640472412,,,,
,284,,,,,,,,,2.793426036834717,2.793426036834717
284,1994,,,,,,,2.793426036834717,2.793426036834717,,
284,1994,1.6360915899276733,1.637053370475769,,1.6360915899276733,,,,,,
285,1995,,,1.3673145771026611,,1.3663520812988281,1.3663520812988281,,,,
285,1996,,,1.1480950117111206,,1.1471322774887085,1.1471322774887085,,,,
285,1997,,,1.7031958103179932,,1.7022329568862915,1.7022329568862915,,,,
285,1998,,,2.0303189754486084,,2.029356002807617,2.029356002807617,,,,
285,1999,,,1.446853518486023,,1.4458903074264526,1.4458903074264526,,,,
285,2000,,,1.4045203924179077,,1.4035570621490479,1.4035570621490479,,,,
285,2001,,,3.401233434677124,,3.4002699851989746,3.4002699851989746,,,,
,285,,,,,,,,,2.827834129333496,2.827834129333496
285,2001,,,,,,,2.827833890914917,2.827833890914917,,
285,2001,1.6266072988510132,1.6275701522827148,,1.6266072988510132,,,,,,
286,2002,,,1.6480023860931396,,1.6470388174057007,1.6470388174057007,,,,
286,2003,,,2.021512508392334,,2.0205488204956055,2.0205488204956055,,,,
286,2004,,,1.0282766819000244,,1.0273127555847168,1.0273127555847168,,,,
286,2005,,,1.3461214303970337,,1.3451573848724365,1.3451573848724365,,,,
286,2006,,,1.5553596019744873,,1.5543954372406006,1.5543954372406006,,,,
286,2007,,,1.9381968975067139,,1.9372326135635376,1.9372326135635376,,,,
286,2008,,,2.081834316253662,,2.0808699131011963,2.0808699131011963,,,,
,286,,,,,,,,,2.858834981918335,2.858834981918335
286,2008,,,,,,,2.858834981918335,2.858834981918335,,
286,2008,1.6175706386566162,1.6185345649719238,,1.6175706386566162,,,,,,
287,2009,,,2.0196316242218018,,2.018666982650757,2.018666982650757,,,,
287,2010,,,1.5808825492858887,,1.5799177885055542,1.5799177885055542,,,,
287,2011,,,2.308314561843872,,2.307349681854248,2.307349681854248,,,,
287,2012,,,1.6608822345733643,,1.6599171161651611,1.6599171161651611,,,,
287,2013,,,1.3487427234649658,,1.3477773666381836,1.3477773666381836,,,,
287,2014,,,1.1745835542678833,,1.1736180782318115,1.1736180782318115,,,,
287,2015,,,0.43313708901405334,,0.43217143416404724,0.43217143416404724,,,,
,287,,,,,,,,,2.8513331413269043,2.8513331413269043
287,2015,,,,,,,2.8513331413269043,2.8513331413269043,,
287,2015,1.6077351570129395,1.6087000370025635,,1.6077351570129395,,,,,,
288,2016,,,1.5288324356079102,,1.5278667211532593,1.5278667211532593,,,,
288,2017,,,1.5880093574523926,,1.5870434045791626,1.5870434045791626,,,,
288,2018,,,1.097095012664795,,1.0961289405822754,1.0961289405822754,,,,
288,2019,,,1.6018624305725098,,1.6008962392807007,1.6008962392807007,,,,
288,2020,,,1.9130544662475586,,1.91208815574646,1.91208815574646,,,,
288,2021,,,1.455588698387146,,1.4546222686767578,1.4546222686767578,,,,
288,2022,,,2.676374912261963,,2.675408363342285,2.675408363342285,,,,
,288,,,,,,,,,2.8023149967193604,2.8023149967193604
288,2022,,,,,,,2.8023149967193604,2.8023149967193604,,
288,2022,1.597164511680603,1.5981308221817017,,1.597164511680603,,,,,,
289,2023,,,1.5395429134368896,,1.5385760068893433,1.5385760068893433,,,,
289,2024,,,2.031027317047119,,2.030060291290283,2.030060291290283,,,,
289,2025,,,1.2542921304702759,,1.2533249855041504,1.2533249855041504,,,,
289,2026,,,2.1531524658203125,,2.1521852016448975,2.1521852016448975,,,,
289,2027,,,1.245440125465393,,1.244472622871399,1.244472622871399,,,,
289,2028,,,1.0036081075668335,,1.0026403665542603,1.0026403665542603,,,,
289,2029,,,2.3823914527893066,,2.3814237117767334,2.3814237117767334,,,,
,289,,,,,,,,,2.771510601043701,2.771510601043701
289,2029,,,,,,,2.771510601043701,2.771510601043701,,
289,2029,1.5865559577941895,1.587523102760315,,1.5865559577941895,,,,,,
290,2030,,,1.6978754997253418,,1.6969075202941895,1.6969075202941895,,,,
290,2031,,,1.427577018737793,,1.426608920097351,1.426608920097351,,,,
290,2032,,,1.7311877012252808,,1.7302194833755493,1.7302194833755493,,,,
290,2033,,,1.4649379253387451,,1.4639694690704346,1.4639694690704346,,,,
290,2034,,,1.150158166885376,,1.1491895914077759,1.1491895914077759,,,,
290,2035,,,2.059925079345703,,2.0589563846588135,2.0589563846588135,,,,
290,2036,,,1.4144911766052246,,1.4135222434997559,1.4135222434997559,,,,
,290,,,,,,,,,2.759963274002075,2.759963274002075
290,2036,,,,,,,2.759963274002075,2.759963274002075,,
290,2036,1.5773996114730835,1.5783679485321045,,1.5773996114730835,,,,,,
291,2037,,,1.8387889862060547,,1.8378199338912964,1.8378199338912964,,,,
291,2038,,,2.1364831924438477,,2.1355140209198,2.1355140209198,,,,
291,2039,,,1.448858380317688,,1.4478890895843506,1.4478890895843506,,,,
291,2040,,,0.9349111914634705,,0.933941662311554,0.933941662311554,,,,
291,2041,,,1.1078972816467285,,1.1069276332855225,1.1069276332855225,,,,
291,2042,,,1.812931776046753,,1.8119620084762573,1.8119620084762573,,,,
291,2043,,,1.9553427696228027,,1.954372763633728,1.954372763633728,,,,
,291,,,,,,,,,2.7619102001190186,2.7619102001190186
291,2043,,,,,,,2.7619102001190186,2.7619102001190186,,
291,2043,1.5697168111801147,1.5706862211227417,,1.5697168111801147,,,,,,
292,2044,,,1.2326844930648804,,1.2317143678665161,1.2317143678665161,,,,
292,2045,,,1.6354777812957764,,1.634507417678833,1.634507417678833,,,,
292,2046,,,1.9285919666290283,,1.9276214838027954,1.9276214838027954,,,,
292,2047,,,1.764894723892212,,1.7639240026474,1.7639240026474,,,,
292,2048,,,1.1996577978134155,,1.198686957359314,1.198686957359314,,,,
292,2049,,,2.0016932487487793,,2.0007221698760986,2.0007221698760986,,,,
292,2050,,,0.529271125793457,,0.5282999873161316,0.5282999873161316,,,,
,292,,,,,,,,,2.722801923751831,2.722801923751831
292,2050,,,,,,,2.722801923751831,2.722801923751831,,
292,2050,1.561613917350769,1.5625845193862915,,1.561613917350769,,,,,,
293,2051,,,1.7595348358154297,,1.7585636377334595,1.7585636377334595,,,,
293,2052,,,1.5067260265350342,,1.5057547092437744,1.5057547092437744,,,,
293,2053,,,1.6397241353988647,,1.6387525796890259,1.6387525796890259,,,,
293,2054,,,1.3441736698150635,,1.343201994895935,1.343201994895935,,,,
293,2055,,,1.3220893144607544,,1.3211174011230469,1.3211174011230469,,,,
293,2056,,,1.8519972562789917,,1.8510252237319946,1.8510252237319946,,,,
293,2057,,,1.2617766857147217,,1.260804533958435,1.260804533958435,,,,
,293,,,,,,,,,2.6614933013916016,2.6614933013916016
293,2057,,,,,,,2.6614933013916016,2.6614933013916016,,
293,2057,1.5515636205673218,1.552535057067871,,1.5515636205673218,,,,,,
294,2058,,,1.5130256414413452,,1.5120532512664795,1.5120532512664795,,,,
294,2059,,,1.7415004968643188,,1.7405279874801636,1.7405279874801636,,,,
294,2060,,,1.3536643981933594,,1.3526917695999146,1.3526917695999146,,,,
294,2061,,,0.8678871393203735,,0.8669143319129944,0.8669143319129944,,,,
294,2062,,,1.7011016607284546,,1.7001287937164307,1.7001287937164307,,,,
294,2063,,,2.094667673110962,,2.0936946868896484,2.0936946868896484,,,,
294,2064,,,1.5284278392791748,,1.5274546146392822,1.5274546146392822,,,,
,294,,,,,,,,,2.5696187019348145,2.5696187019348145
294,2064,,,,,,,2.5696187019348145,2.5696187019348145,,
294,2064,1.543342113494873,1.5443148612976074,,1.543342113494873,,,,,,
295,2065,,,1.2783652544021606,,1.277391791343689,1.277391791343689,,,,
295,2066,,,1.554727554321289,,1.5537538528442383,1.5537538528442383,,,,
295,2067,,,1.9102747440338135,,1.9093009233474731,1.9093009233474731,,,,
295,2068,,,1.3663684129714966,,1.3653943538665771,1.3653943538665771,,,,
295,2069,,,1.5174320936203003,,1.5164579153060913,1.5164579153060913,,,,
295,2070,,,1.8599374294281006,,1.858963131904602,1.858963131904602,,,,
295,2071,,,0.7934146523475647,,0.7924401760101318,0.7924401760101318,,,,
,295,,,,,,,,,2.5181241035461426,2.5181241035461426
295,2071,,,,,,,2.5181241035461426,2.5181241035461426,,
295,2071,1.5338709354400635,1.5348447561264038,,1.5338709354400635,,,,,,
296,2072,,,1.1644257307052612,,1.1634511947631836,1.1634511947631836,,,,
296,2073,,,2.144421339035034,,2.143446683883667,2.143446683883667,,,,
296,2074,,,1.33342707157135,,1.3324521780014038,1.3324521780014038,,,,
296,2075,,,1.5633327960968018,,1.562357783317566,1.562357783317566,,,,
296,2076,,,0.8854809999465942,,0.8845058083534241,0.8845058083534241,,,,
296,2077,,,1.9733282327651978,,1.9723528623580933,1.9723528623580933,,,,
296,2078,,,1.7762962579727173,,1.7753207683563232,1.7753207683563232,,,,
,296,,,,,,,,,2.5003764629364014,2.5003764629364014
296,2078,,,,,,,2.5003764629364014,2.5003764629364014,,
296,2078,1.5253822803497314,1.5263571739196777,,1.5253822803497314,,,,,,
297,2079,,,1.794050693511963,,1.7930750846862793,1.7930750846862793,,,,
297,2080,,,1.5747922658920288,,1.5738165378570557,1.5738165378570557,,,,
297,2081,,,1.567081093788147,,1.5661052465438843,1.5661052465438843,,,,
297,2082,,,1.5051714181900024,,1.5041953325271606,1.5041953325271606,,,,
297,2083,,,1.5664185285568237,,1.5654423236846924,1.5654423236846924,,,,
297,2084,,,1.1881072521209717,,1.1871309280395508,1.1871309280395508,,,,
297,2085,,,1.2956117391586304,,1.29463529586792,1.29463529586792,,,,
,297,,,,,,,,,2.482145309448242,2.482145309448242
297,2085,,,,,,,2.482145309448242,2.482145309448242,,
297,2085,1.5176867246627808,1.5186628103256226,,1.5176867246627808,,,,,,
298,2086,,,1.3903460502624512,,1.3893693685531616,1.3893693685531616,,,,
298,2087,,,1.3221867084503174,,1.3212099075317383,1.3212099075317383,,,,
298,2088,,,1.6814197301864624,,1.6804426908493042,1.6804426908493042,,,,
298,2089,,,1.1249507665634155,,1.1239736080169678,1.1239736080169678,,,,
298,2090,,,1.6730791330337524,,1.6721018552780151,1.6721018552780151,,,,
298,2091,,,2.1075899600982666,,2.10661244392395,2.10661244392395,,,,
298,2092,,,0.8833356499671936,,0.8823580145835876,0.8823580145835876,,,,
,298,,,,,,,,,2.4493556022644043,2.4493556022644043
298,2092,,,,,,,2.4493556022644043,2.4493556022644043,,
298,2092,1.5097402334213257,1.5107173919677734,,1.5097402334213257,,,,,,
299,2093,,,1.625986933708191,,1.6250091791152954,1.6250091791152954,,,,
299,2094,,,2.0071146488189697,,2.006136655807495,2.006136655807495,,,,
299,2095,,,1.209043025970459,,1.2080650329589844,1.2080650329589844,,,,
299,2096,,,1.7359282970428467,,1.734950065612793,1.734950065612793,,,,
299,2097,,,1.0925027132034302,,1.091524362564087,1.091524362564087,,,,
299,2098,,,1.5631282329559326,,1.5621497631072998,1.5621497631072998,,,,
299,2099,,,0.8920450806617737,,0.8910664916038513,0.8910664916038513,,,,
,299,,,,,,,,,2.4320180416107178,2.4320180416107178
299,2099,,,,,,,2.4320180416107178,2.4320180416107178,,
299,2099,1.4999194145202637,1.5008972883224487,,1.4999194145202637,,,,,,
300,2100,,,1.451223373413086,,1.450244665145874,1.450244665145874,,,,
300,2101,,,2.0441465377807617,,2.0431675910949707,2.0431675910949707,,,,
300,2102,,,1.3554714918136597,,1.354492425918579,1.354492425918579,,,,
300,2103,,,1.1561825275421143,,1.1552033424377441,1.1552033424377441,,,,
300,2104,,,1.243990182876587,,1.2430108785629272,1.2430108785629272,,,,
300,2105,,,1.6057651042938232,,1.6047855615615845,1.6047855615615845,,,,
300,2106,,,1.6968820095062256,,1.6959023475646973,1.6959023475646973,,,,
,300,,,,,,,,,2.4328064918518066,2.4328064918518066
300,2106,,,,,,,2.4328064918518066,2.4328064918518066,,
300,2106,1.4881361722946167,1.4891152381896973,,1.4881361722946167,,,,,,
301,2107,,,1.4389433860778809,,1.437963604927063,1.437963604927063,,,,
301,2108,,,1.667576789855957,,1.6665968894958496,1.6665968894958496,,,,
301,2109,,,1.3459980487823486,,1.345017910003662,1.345017910003662,,,,
301,2110,,,1.632901668548584,,1.631921410560608,1.631921410560608,,,,
301,2111,,,1.784798264503479,,1.7838178873062134,1.7838178873062134,,,,
301,2112,,,1.1811376810073853,,1.18015718460083,1.18015718460083,,,,
301,2113,,,1.0217399597167969,,1.0207592248916626,1.0207592248916626,,,,
,301,,,,,,,,,2.405792474746704,2.405792474746704
301,2113,,,,,,,2.405792474746704,2.405792474746704,,
301,2113,1.4789427518844604,1.4799230098724365,,1.4789427518844604,,,,,,
302,2114,,,1.468786597251892,,1.4678057432174683,1.4678057432174683,,,,
302,2115,,,0.918041467666626,,0.9170604348182678,0.9170604348182678,,,,
302,2116,,,1.2999579906463623,,1.2989768981933594,1.2989768981933594,,,,
302,2117,,,1.4250555038452148,,1.4240741729736328,1.4240741729736328,,,,
302,2118,,,2.2168047428131104,,2.2158234119415283,2.2158234119415283,,,,
302,2119,,,1.5799027681350708,,1.5789211988449097,1.5789211988449097,,,,
302,2120,,,1.2274540662765503,,1.22647225856781,1.22647225856781,,,,
,302,,,,,,,,,2.3801302909851074,2.3801302909851074
302,2120,,,,,,,2.3801302909851074,2.3801302909851074,,
302,2120,1.4686414003372192,1.4696226119995117,,1.4686414003372192,,,,,,
303,2121,,,0.9214983582496643,,0.9205164313316345,0.9205164313316345,,,,
303,2122,,,1.0983909368515015,,1.0974088907241821,1.0974088907241821,,,,
303,2123,,,1.3835816383361816,,1.3825994729995728,1.3825994729995728,,,,
303,2124,,,1.8849084377288818,,1.8839261531829834,1.8839261531829834,,,,
303,2125,,,1.3173810243606567,,1.3163985013961792,1.3163985013961792,,,,
303,2126,,,1.7530031204223633,,1.7520204782485962,1.7520204782485962,,,,
303,2127,,,2.550065517425537,,2.5490827560424805,2.5490827560424805,,,,
,303,,,,,,,,,2.337279796600342,2.337279796600342
303,2127,,,,,,,2.337279796600342,2.337279796600342,,
303,2127,1.4602001905441284,1.4611825942993164,,1.4602001905441284,,,,,,
304,2128,,,1.6502677202224731,,1.6492847204208374,1.6492847204208374,,,,
304,2129,,,1.9202146530151367,,1.9192315340042114,1.9192315340042114,,,,
304,2130,,,0.8125739097595215,,0.8115906715393066,0.8115906715393066,,,,
304,2131,,,1.1771644353866577,,1.1761810779571533,1.1761810779571533,,,,
304,2132,,,1.5283540487289429,,1.5273704528808594,1.5273704528808594,,,,
304,2133,,,1.8527911901474,,1.8518074750900269,1.8518074750900269,,,,
304,2134,,,0.8861777186393738,,0.8851938247680664,0.8851938247680664,,,,
,304,,,,,,,,,2.3166277408599854,2.3166277408599854
304,2134,,,,,,,2.3166277408599854,2.3166277408599854,,
304,2134,1.4537118673324585,1.4546953439712524,,1.4537118673324585,,,,,,
305,2135,,,0.9370372295379639,,0.9360532760620117,0.9360532760620117,,,,
305,2136,,,1.711600661277771,,1.7106165885925293,1.7106165885925293,,,,
305,2137,,,1.2927947044372559,,1.291810393333435,1.291810393333435,,,,
305,2138,,,2.1428942680358887,,2.1419098377227783,2.1419098377227783,,,,
305,2139,,,1.039846658706665,,1.0388619899749756,1.0388619899749756,,,,
305,2140,,,1.6106046438217163,,1.6096198558807373,1.6096198558807373,,,,
305,2141,,,1.2885096073150635,,1.287524700164795,1.287524700164795,,,,
,305,,,,,,,,,2.289811611175537,2.289811611175537
305,2141,,,,,,,2.289811611175537,2.289811611175537,,
305,2141,1.4449715614318848,1.4459558725357056,,1.4449715614318848,,,,,,
306,2142,,,1.6257935762405396,,1.624808669090271,1.624808669090271,,,,
306,2143,,,1.6798080205917358,,1.6788229942321777,1.6788229942321777,,,,
306,2144,,,1.0584508180618286,,1.057465672492981,1.057465672492981,,,,
306,2145,,,1.2953052520751953,,1.2943198680877686,1.2943198680877686,,,,
306,2146,,,1.4801362752914429,,1.4791507720947266,1.4791507720947266,,,,
306,2147,,,1.2583060264587402,,1.2573204040527344,1.2573204040527344,,,,
306,2148,,,2.066046953201294,,2.065061092376709,2.065061092376709,,,,
,306,,,,,,,,,2.283128023147583,2.283128023147583
306,2148,,,,,,,2.283128023147583,2.283128023147583,,
306,2148,1.4378488063812256,1.4388341903686523,,1.4378488063812256,,,,,,
307,2149,,,2.1077451705932617,,2.1067593097686768,2.1067593097686768,,,,
307,2150,,,1.4370851516723633,,1.4360990524291992,1.4360990524291992,,,,
307,2151,,,1.4614224433898926,,1.460436224937439,1.460436224937439,,,,
307,2152,,,1.1534277200698853,,1.152441382408142,1.152441382408142,,,,
307,2153,,,1.3860715627670288,,1.3850849866867065,1.3850849866867065,,,,
307,2154,,,1.0604249238967896,,1.0594382286071777,1.0594382286071777,,,,
307,2155,,,1.3338544368743896,,1.3328676223754883,1.3328676223754883,,,,
,307,,,,,,,,,2.2540340423583984,2.2540340423583984
307,2155,,,,,,,2.2540340423583984,2.2540340423583984,,
307,2155,1.4274643659591675,1.428450584411621,,1.4274643659591675,,,,,,
308,2156,,,1.6659046411514282,,1.6649175882339478,1.6649175882339478,,,,
308,2157,,,2.092744827270508,,2.0917577743530273,2.0917577743530273,,,,
308,2158,,,0.8818756341934204,,0.8808883428573608,0.8808883428573608,,,,
308,2159,,,1.2817480564117432,,1.280760645866394,1.280760645866394,,,,
308,2160,,,1.030829906463623,,1.0298423767089844,1.0298423767089844,,,,
308,2161,,,1.6098933219909668,,1.6089056730270386,1.6089056730270386,,,,
308,2162,,,1.321536660194397,,1.3205487728118896,1.3205487728118896,,,,
,308,,,,,,,,,2.192113161087036,2.192113161087036
308,2162,,,,,,,2.192113161087036,2.192113161087036,,
308,2162,1.4199652671813965,1.4209524393081665,,1.4199652671813965,,,,,,
309,2163,,,1.4754853248596191,,1.4744971990585327,1.4744971990585327,,,,
309,2164,,,1.3604798316955566,,1.3594915866851807,1.3594915866851807,,,,
309,2165,,,1.7384229898452759,,1.7374346256256104,1.7374346256256104,,,,
309,2166,,,1.4567679166793823,,1.4557794332504272,1.4557794332504272,,,,
309,2167,,,1.4273875951766968,,1.4263988733291626,1.4263988733291626,,,,
309,2168,,,1.2865400314331055,,1.2855511903762817,1.2855511903762817,,,,
309,2169,,,0.6884646415710449,,0.6874756217002869,0.6874756217002869,,,,
,309,,,,,,,,,2.1525652408599854,2.1525652408599854
309,2169,,,,,,,2.1525652408599854,2.1525652408599854,,
309,2169,1.4112871885299683,1.4122756719589233,,1.4112871885299683,,,,,,
310,2170,,,1.0016788244247437,,1.0006897449493408,1.0006897449493408,,,,
310,2171,,,1.424033522605896,,1.4230443239212036,1.4230443239212036,,,,
310,2172,,,1.2246230840682983,,1.2236336469650269,1.2236336469650269,,,,
310,2173,,,1.4096221923828125,,1.4086326360702515,1.4086326360702515,,,,
310,2174,,,1.3695979118347168,,1.3686082363128662,1.3686082363128662,,,,
310,2175,,,1.9711418151855469,,1.9701520204544067,1.9701520204544067,,,,
310,2176,,,1.5022776126861572,,1.501287579536438,1.501287579536438,,,,
,310,,,,,,,,,2.14105486869812,2.14105486869812
310,2176,,,,,,,2.14105486869812,2.14105486869812,,
310,2176,1.405136227607727,1.406125783920288,,1.405136227607727,,,,,,
311,2177,,,1.3298442363739014,,1.3288540840148926,1.3288540840148926,,,,
311,2178,,,1.5771132707595825,,1.5761228799819946,1.5761228799819946,,,,
311,2179,,,0.9323288798332214,,0.9313384294509888,0.9313384294509888,,,,
311,2180,,,1.2240583896636963,,1.2230677604675293,1.2230677604675293,,,,
311,2181,,,1.4418888092041016,,1.440898060798645,1.440898060798645,,,,
311,2182,,,1.6000630855560303,,1.5990722179412842,1.5990722179412842,,,,
311,2183,,,2.123945713043213,,2.1229546070098877,2.1229546070098877,,,,
,311,,,,,,,,,2.1837306022644043,2.1837306022644043
311,2183,,,,,,,2.1837306022644043,2.1837306022644043,,
311,2183,1.3953664302825928,1.3963570594787598,,1.3953664302825928,,,,,,
312,2184,,,1.9017966985702515,,1.9008054733276367,1.9008054733276367,,,,
312,2185,,,1.368542194366455,,1.3675508499145508,1.3675508499145508,,,,
312,2186,,,1.2969735860824585,,1.2959821224212646,1.2959821224212646,,,,
312,2187,,,1.1406919956207275,,1.1397004127502441,1.1397004127502441,,,,
312,2188,,,1.159212589263916,,1.158220887184143,1.158220887184143,,,,
312,2189,,,1.2067022323608398,,1.2057102918624878,1.2057102918624878,,,,
312,2190,,,2.00500750541687,,2.0040154457092285,2.0040154457092285,,,,
,312,,,,,,,,,2.238313913345337,2.238313913345337
312,2190,,,,,,,2.238313913345337,2.238313913345337,,
312,2190,1.383447289466858,1.3844387531280518,,1.383447289466858,,,,,,
313,2191,,,0.9647308588027954,,0.9637386202812195,0.9637386202812195,,,,
313,2192,,,1.775238275527954,,1.7742458581924438,1.7742458581924438,,,,
313,2193,,,1.2185814380645752,,1.2175889015197754,1.2175889015197754,,,,
313,2194,,,1.5095632076263428,,1.5085705518722534,1.5085705518722534,,,,
313,2195,,,1.46512770652771,,1.464134931564331,1.464134931564331,,,,
313,2196,,,1.6118746995925903,,1.6108816862106323,1.6108816862106323,,,,
313,2197,,,0.5738526582717896,,0.572859525680542,0.572859525680542,,,,
,313,,,,,,,,,2.234189748764038,2.234189748764038
313,2197,,,,,,,2.234189748764038,2.234189748764038,,
313,2197,1.3731738328933716,1.374166488647461,,1.3731738328933716,,,,,,
314,2198,,,1.0852042436599731,,1.084210991859436,1.084210991859436,,,,
314,2199,,,1.3801289796829224,,1.3791356086730957,1.3791356086730957,,,,
314,2200,,,1.1183985471725464,,1.1174050569534302,1.1174050569534302,,,,
314,2201,,,1.5691468715667725,,1.5681531429290771,1.5681531429290771,,,,
314,2202,,,1.9191758632659912,,1.9181820154190063,1.9181820154190063,,,,
314,2203,,,1.3157694339752197,,1.3147753477096558,1.3147753477096558,,,,
314,2204,,,0.8545272350311279,,0.8535330891609192,0.8535330891609192,,,,
,314,,,,,,,,,2.2252814769744873,2.2252814769744873
314,2204,,,,,,,2.2252814769744873,2.2252814769744873,,
314,2204,1.3650096654891968,1.366003394126892,,1.3650096654891968,,,,,,
315,2205,,,1.062479019165039,,1.061484694480896,1.061484694480896,,,,
315,2206,,,2.116175889968872,,2.1151814460754395,2.1151814460754395,,,,
315,2207,,,1.125017523765564,,1.1240229606628418,1.1240229606628418,,,,
315,2208,,,1.4438239336013794,,1.4428292512893677,1.4428292512893677,,,,
315,2209,,,1.1613304615020752,,1.1603355407714844,1.1603355407714844,,,,
315,2210,,,1.4408642053604126,,1.4398691654205322,1.4398691654205322,,,,
315,2211,,,0.8464157581329346,,0.8454205393791199,0.8454205393791199,,,,
,315,,,,,,,,,2.2149205207824707,2.2149205207824707
315,2211,,,,,,,2.2149205207824707,2.2149205207824707,,
315,2211,1.358549952507019,1.3595446348190308,,1.358549952507019,,,,,,
316,2212,,,1.250862956047058,,1.2498676776885986,1.2498676776885986,,,,
316,2213,,,1.6209585666656494,,1.6199631690979004,1.6199631690979004,,,,
316,2214,,,1.0196709632873535,,1.018675446510315,1.018675446510315,,,,
316,2215,,,0.749508261680603,,0.7485126256942749,0.7485126256942749,,,,
316,2216,,,1.4223235845565796,,1.421327829360962,1.421327829360962,,,,
316,2217,,,2.111217498779297,,2.1102216243743896,2.1102216243743896,,,,
316,2218,,,1.163763165473938,,1.1627670526504517,1.1627670526504517,,,,
,316,,,,,,,,,2.1885950565338135,2.1885950565338135
316,2218,,,,,,,2.1885950565338135,2.1885950565338135,,
316,2218,1.3497421741485596,1.3507375717163086,,1.3497421741485596,,,,,,
317,2219,,,1.1925668716430664,,1.1915706396102905,1.1915706396102905,,,,
317,2220,,,1.1593210697174072,,1.1583245992660522,1.1583245992660522,,,,
317,2221,,,1.4300949573516846,,1.4290984869003296,1.4290984869003296,,,,
317,2222,,,0.8566142320632935,,0.8556175231933594,0.8556175231933594,,,,
317,2223,,,1.9576715230941772,,1.9566746950149536,1.9566746950149536,,,,
317,2224,,,1.0478063821792603,,1.046809434890747,1.046809434890747,,,,
317,2225,,,2.484076738357544,,2.483079671859741,2.483079671859741,,,,
,317,,,,,,,,,2.193788766860962,2.193788766860962
317,2225,,,,,,,2.193788766860962,2.193788766860962,,
317,2225,1.344196081161499,1.3451926708221436,,1.344196081161499,,,,,,
318,2226,,,1.0210498571395874,,1.0200525522232056,1.0200525522232056,,,,
318,2227,,,0.9961020350456238,,0.9951046109199524,0.9951046109199524,,,,
318,2228,,,2.1914875507354736,,2.1904900074005127,2.1904900074005127,,,,
318,2229,,,1.1607741117477417,,1.1597764492034912,1.1597764492034912,,,,
318,2230,,,0.9520801901817322,,0.9510824084281921,0.9510824084281921,,,,
318,2231,,,1.6410183906555176,,1.640020489692688,1.640020489692688,,,,
318,2232,,,1.5067667961120605,,1.5057686567306519,1.5057686567306519,,,,
,318,,,,,,,,,2.1880929470062256,2.1880929470062256
318,2232,,,,,,,2.1880929470062256,2.1880929470062256,,
318,2232,1.336657166481018,1.3376548290252686,,1.336657166481018,,,,,,
319,2233,,,1.4981685876846313,,1.497170329093933,1.497170329093933,,,,
319,2234,,,1.283164381980896,,1.2821660041809082,1.2821660041809082,,,,
319,2235,,,1.2298697233200073,,1.2288711071014404,1.2288711071014404,,,,
319,2236,,,0.9486411213874817,,0.9476423859596252,0.9476423859596252,,,,
319,2237,,,1.7773774862289429,,1.7763786315917969,1.7763786315917969,,,,
319,2238,,,1.4081521034240723,,1.4071531295776367,1.4071531295776367,,,,
319,2239,,,0.9151098132133484,,0.9141106605529785,0.9141106605529785,,,,
,319,,,,,,,,,2.145113468170166,2.145113468170166
319,2239,,,,,,,2.145113468170166,2.145113468170166,,
319,2239,1.330536961555481,1.331535816192627,,1.330536961555481,,,,,,
320,2240,,,1.636400818824768,,1.6354014873504639,1.6354014873504639,,,,
320,2241,,,0.7730720043182373,,0.7720724940299988,0.7720724940299988,,,,
320,2242,,,0.9536799192428589,,0.9526802897453308,0.9526802897453308,,,,
320,2243,,,1.4651648998260498,,1.4641650915145874,1.4641650915145874,,,,
320,2244,,,1.6686731576919556,,1.6676732301712036,1.6676732301712036,,,,
320,2245,,,1.3676152229309082,,1.3666151762008667,1.3666151762008667,,,,
320,2246,,,1.55955171585083,,1.558551549911499,1.558551549911499,,,,
,320,,,,,,,,,2.082915782928467,2.082915782928467
320,2246,,,,,,,2.082915782928467,2.082915782928467,,
320,2246,1.3244023323059082,1.325402021408081,,1.3244023323059082,,,,,,
321,2247,,,1.004111647605896,,1.0031112432479858,1.0031112432479858,,,,
321,2248,,,1.2607295513153076,,1.259729027748108,1.259729027748108,,,,
321,2249,,,1.599920630455017,,1.5989198684692383,1.5989198684692383,,,,
321,2250,,,1.7272768020629883,,1.72627592086792,1.72627592086792,,,,
321,2251,,,1.612451434135437,,1.611450433731079,1.611450433731079,,,,
321,2252,,,0.7833755016326904,,0.7823743224143982,0.7823743224143982,,,,
321,2253,,,1.0942468643188477,,1.093245506286621,1.093245506286621,,,,
,321,,,,,,,,,2.0565967559814453,2.0565967559814453
321,2253,,,,,,,2.0565967559814453,2.0565967559814453,,
321,2253,1.3163652420043945,1.3173658847808838,,1.3163652420043945,,,,,,
322,2254,,,1.2845873832702637,,1.2835859060287476,1.2835859060287476,,,,
322,2255,,,2.1044468879699707,,2.103445291519165,2.103445291519165,,,,
322,2256,,,1.0162367820739746,,1.0152349472045898,1.0152349472045898,,,,
322,2257,,,1.3364617824554443,,1.33545982837677,1.33545982837677,,,,
322,2258,,,1.1796066761016846,,1.1786046028137207,1.1786046028137207,,,,
322,2259,,,0.9587220549583435,,0.9577198624610901,0.9577198624610901,,,,
322,2260,,,1.2543385028839111,,1.2533360719680786,1.2533360719680786,,,,
,322,,,,,,,,,2.053206205368042,2.053206205368042
322,2260,,,,,,,2.053206205368042,2.053206205368042,,
322,2260,1.308870792388916,1.3098726272583008,,1.308870792388916,,,,,,
323,2261,,,1.4945155382156372,,1.4935129880905151,1.4935129880905151,,,,
323,2262,,,1.3179042339324951,,1.3169015645980835,1.3169015645980835,,,,
323,2263,,,0.8554871082305908,,0.8544843196868896,0.8544843196868896,,,,
323,2264,,,1.1601812839508057,,1.159178376197815,1.159178376197815,,,,
323,2265,,,1.3141827583312988,,1.3131797313690186,1.3131797313690186,,,,
323,2266,,,1.291077971458435,,1.2900747060775757,1.2900747060775757,,,,
323,2267,,,2.303621768951416,,2.3026185035705566,2.3026185035705566,,,,
,323,,,,,,,,,2.075286865234375,2.075286865234375
323,2267,,,,,,,2.075286865234375,2.075286865234375,,
323,2267,1.3005197048187256,1.3015226125717163,,1.3005197048187256,,,,,,
324,2268,,,0.8228944540023804,,0.8218909502029419,0.8218909502029419,,,,
324,2269,,,1.4280966520309448,,1.4270930290222168,1.4270930290222168,,,,
324,2270,,,1.3296849727630615,,1.328681230545044,1.328681230545044,,,,
324,2271,,,1.3988428115844727,,1.3978389501571655,1.3978389501571655,,,,
324,2272,,,1.2971338033676147,,1.296129822731018,1.296129822731018,,,,
324,2273,,,1.738025188446045,,1.7370209693908691,1.7370209693908691,,,,
324,2274,,,0.6931578516960144,,0.6921535134315491,0.6921535134315491,,,,
,324,,,,,,,,,2.088459014892578,2.088459014892578
324,2274,,,,,,,2.088459014892578,2.088459014892578,,
324,2274,1.296974539756775,1.297978401184082,,1.296974539756775,,,,,,
325,2275,,,1.3489550352096558,,1.3479505777359009,1.3479505777359009,,,,
325,2276,,,1.4855233430862427,,1.4845187664031982,1.4845187664031982,,,,
325,2277,,,1.4822607040405273,,1.4812558889389038,1.4812558889389038,,,,
325,2278,,,0.8311585187911987,,0.8301535844802856,0.8301535844802856,,,,
325,2279,,,1.420932650566101,,1.4199275970458984,1.4199275970458984,,,,
325,2280,,,1.1753997802734375,,1.1743946075439453,1.1743946075439453,,,,
325,2281,,,1.2468394041061401,,1.2458341121673584,1.2458341121673584,,,,
,325,,,,,,,,,2.047837734222412,2.047837734222412
325,2281,,,,,,,2.047837734222412,2.047837734222412,,
325,2281,1.2871198654174805,1.288124680519104,,1.2871198654174805,,,,,,
326,2282,,,0.7446362376213074,,0.7436307072639465,0.7436307072639465,,,,
326,2283,,,1.1788156032562256,,1.1778099536895752,1.1778099536895752,,,,
326,2284,,,1.2605650424957275,,1.2595592737197876,1.2595592737197876,,,,
326,2285,,,1.5632898807525635,,1.562283992767334,1.562283992767334,,,,
326,2286,,,1.8366953134536743,,1.8356893062591553,1.8356893062591553,,,,
326,2287,,,1.0980194807052612,,1.097013235092163,1.097013235092163,,,,
326,2288,,,1.296067476272583,,1.2950611114501953,1.2950611114501953,,,,
,326,,,,,,,,,1.9983259439468384,1.9983259439468384
326,2288,,,,,,,1.9983259439468384,1.9983259439468384,,
326,2288,1.2802563905715942,1.2812622785568237,,1.2802563905715942,,,,,,
327,2289,,,2.0038368701934814,,2.0028302669525146,2.0028302669525146,,,,
327,2290,,,1.278930902481079,,1.2779241800308228,1.2779241800308228,,,,
327,2291,,,0.6648834943771362,,0.6638766527175903,0.6638766527175903,,,,
327,2292,,,0.7884913086891174,,0.787484347820282,0.787484347820282,,,,
327,2293,,,1.0874491930007935,,1.0864421129226685,1.0864421129226685,,,,
327,2294,,,1.6818408966064453,,1.6808336973190308,1.6808336973190308,,,,
327,2295,,,1.6748193502426147,,1.673811912536621,1.673811912536621,,,,
,327,,,,,,,,,1.9671753644943237,1.9671753644943237
327,2295,,,,,,,1.9671753644943237,1.9671753644943237,,
327,2295,1.2748346328735352,1.275841474533081,,1.2748346328735352,,,,,,
328,2296,,,1.9352037906646729,,1.9341962337493896,1.9341962337493896,,,,
328,2297,,,1.225727915763855,,1.2247202396392822,1.2247202396392822,,,,
328,2298,,,0.9044861793518066,,0.9034783244132996,0.9034783244132996,,,,
328,2299,,,1.355496883392334,,1.3544889688491821,1.3544889688491821,,,,
328,2300,,,0.9979973435401917,,0.9969892501831055,0.9969892501831055,,,,
328,2301,,,1.4503085613250732,,1.4493002891540527,1.4493002891540527,,,,
328,2302,,,0.5954667925834656,,0.5944583415985107,0.5944583415985107,,,,
,328,,,,,,,,,1.9489459991455078,1.9489459991455078
328,2302,,,,,,,1.9489459991455078,1.9489459991455078,,
328,2302,1.2684069871902466,1.269415020942688,,1.2684069871902466,,,,,,
329,2303,,,1.2029883861541748,,1.2019798755645752,1.2019798755645752,,,,
329,2304,,,0.8647157549858093,,0.8637070655822754,0.8637070655822754,,,,
329,2305,,,1.3212772607803345,,1.3202683925628662,1.3202683925628662,,,,
329,2306,,,1.9976110458374023,,1.9966020584106445,1.9966020584106445,,,,
329,2307,,,1.2076269388198853,,1.206617832183838,1.206617832183838,,,,
329,2308,,,1.1747729778289795,,1.1737637519836426,1.1737637519836426,,,,
329,2309,,,0.7603797316551208,,0.7593703269958496,0.7593703269958496,,,,
,329,,,,,,,,,1.9025431871414185,1.9025431871414185
329,2309,,,,,,,1.9025431871414185,1.9025431871414185,,
329,2309,1.2623847723007202,1.2633936405181885,,1.2623847723007202,,,,,,
330,2310,,,1.1741324663162231,,1.1731228828430176,1.1731228828430176,,,,
330,2311,,,1.1071960926055908,,1.1061863899230957,1.1061863899230957,,,,
330,2312,,,0.8754018545150757,,0.874392032623291,0.874392032623291,,,,
330,2313,,,1.189927101135254,,1.1889171600341797,1.1889171600341797,,,,
330,2314,,,1.4600600004196167,,1.459049940109253,1.459049940109253,,,,
330,2315,,,1.728033423423767,,1.7270231246948242,1.7270231246948242,,,,
330,2316,,,1.2825920581817627,,1.2815816402435303,1.2815816402435303,,,,
,330,,,,,,,,,1.8873189687728882,1.8873189687728882
330,2316,,,,,,,1.8873189687728882,1.8873189687728882,,
330,2316,1.25635826587677,1.2573683261871338,,1.25635826587677,,,,,,
331,2317,,,1.2453364133834839,,1.244325876235962,1.244325876235962,,,,
331,2318,,,1.5650274753570557,,1.5640168190002441,1.5640168190002441,,,,
331,2319,,,1.327854871749878,,1.3268439769744873,1.3268439769744873,,,,
331,2320,,,1.2088772058486938,,1.2078661918640137,1.2078661918640137,,,,
331,2321,,,1.6525025367736816,,1.651491403579712,1.651491403579712,,,,
331,2322,,,0.7688188552856445,,0.7678076028823853,0.7678076028823853,,,,
331,2323,,,0.5701340436935425,,0.5691227316856384,0.5691227316856384,,,,
,331,,,,,,,,,1.863684058189392,1.863684058189392
331,2323,,,,,,,1.863684058189392,1.863684058189392,,
331,2323,1.2511014938354492,1.252112627029419,,1.2511014938354492,,,,,,
332,2324,,,1.5986214876174927,,1.5976099967956543,1.5976099967956543,,,,
332,2325,,,1.87357497215271,,1.872563362121582,1.872563362121582,,,,
332,2326,,,0.6284981369972229,,0.6274863481521606,0.6274863481521606,,,,
332,2327,,,1.0644091367721558,,1.0633972883224487,1.0633972883224487,,,,
332,2328,,,1.1289973258972168,,1.1279853582382202,1.1279853582382202,,,,
332,2329,,,1.138241171836853,,1.137229084968567,1.137229084968567,,,,
332,2330,,,1.3531736135482788,,1.3521612882614136,1.3521612882614136,,,,
,332,,,,,,,,,1.8604241609573364,1.8604241609573364
332,2330,,,,,,,1.8604241609573364,1.8604241609573364,,
332,2330,1.2444442510604858,1.2454560995101929,,1.2444442510604858,,,,,,
333,2331,,,1.8323420286178589,,1.831329584121704,1.831329584121704,,,,
333,2332,,,1.5010312795639038,,1.5000187158584595,1.5000187158584595,,,,
333,2333,,,1.0523380041122437,,1.0513253211975098,1.0513253211975098,,,,
333,2334,,,0.7923263311386108,,0.7913135290145874,0.7913135290145874,,,,
333,2335,,,1.1312886476516724,,1.1302757263183594,1.1302757263183594,,,,
333,2336,,,1.0468947887420654,,1.045881748199463,1.045881748199463,,,,
333,2337,,,1.479383945465088,,1.4783707857131958,1.4783707857131958,,,,
,333,,,,,,,,,1.8656429052352905,1.8656429052352905
333,2337,,,,,,,1.8656429052352905,1.8656429052352905,,
333,2337,1.2399269342422485,1.2409396171569824,,1.2399269342422485,,,,,,
334,2338,,,1.074386715888977,,1.0733734369277954,1.0733734369277954,,,,
334,2339,,,1.2641832828521729,,1.2631698846817017,1.2631698846817017,,,,
334,2340,,,0.9496648907661438,,0.9486513733863831,0.9486513733863831,,,,
334,2341,,,0.9621046185493469,,0.9610909819602966,0.9610909819602966,,,,
334,2342,,,1.5638725757598877,,1.5628588199615479,1.5628588199615479,,,,
334,2343,,,1.3434561491012573,,1.342442274093628,1.342442274093628,,,,
334,2344,,,1.8868619203567505,,1.885847806930542,1.885847806930542,,,,
,334,,,,,,,,,1.872170090675354,1.872170090675354
334,2344,,,,,,,1.872170090675354,1.872170090675354,,
334,2344,1.2327497005462646,1.233763337135315,,1.2327497005462646,,,,,,
335,2345,,,1.227969765663147,,1.226955533027649,1.226955533027649,,,,
335,2346,,,1.3933042287826538,,1.3922898769378662,1.3922898769378662,,,,
335,2347,,,0.9451348781585693,,0.944120466709137,0.944120466709137,,,,
335,2348,,,1.045386791229248,,1.0443722009658813,1.0443722009658813,,,,
335,2349,,,0.8343864679336548,,0.8333717584609985,0.8333717584609985,,,,
335,2350,,,1.84126615524292,,1.8402513265609741,1.8402513265609741,,,,
335,2351,,,1.4385970830917358,,1.4375821352005005,1.4375821352005005,,,,
,335,,,,,,,,,1.8611620664596558,1.8611620664596558
335,2351,,,,,,,1.8611620664596558,1.8611620664596558,,
335,2351,1.2267379760742188,1.227752447128296,,1.2267379760742188,,,,,,
336,2352,,,1.3192847967147827,,1.3182697296142578,1.3182697296142578,,,,
336,2353,,,0.8442195653915405,,0.8432043194770813,0.8432043194770813,,,,
336,2354,,,1.3243852853775024,,1.3233698606491089,1.3233698606491089,,,,
336,2355,,,1.4248826503753662,,1.423867106437683,1.423867106437683,,,,
336,2356,,,1.2048914432525635,,1.2038757801055908,1.2038757801055908,,,,
336,2357,,,1.4328616857528687,,1.4318459033966064,1.4318459033966064,,,,
336,2358,,,0.6177352070808411,,0.6167193055152893,0.6167193055152893,,,,
,336,,,,,,,,,1.8326025009155273,1.8326025009155273
336,2358,,,,,,,1.8326025009155273,1.8326025009155273,,
336,2358,1.2197179794311523,1.2207335233688354,,1.2197179794311523,,,,,,
337,2359,,,1.1207928657531738,,1.1197768449783325,1.1197768449783325,,,,
337,2360,,,1.1560395956039429,,1.1550233364105225,1.1550233364105225,,,,
337,2361,,,1.0599671602249146,,1.0589509010314941,1.0589509010314941,,,,
337,2362,,,2.0174131393432617,,2.0163967609405518,2.0163967609405518,,,,
337,2363,,,1.0208407640457153,,1.0198241472244263,1.0198241472244263,,,,
337,2364,,,0.9996355175971985,,0.9986187815666199,0.9986187815666199,,,,
337,2365,,,0.9627776741981506,,0.9617608189582825,0.9617608189582825,,,,
,337,,,,,,,,,1.786239743232727,1.786239743232727
337,2365,,,,,,,1.786239743232727,1.786239743232727,,
337,2365,1.21243155002594,1.21344792842865,,1.21243155002594,,,,,,
338,2366,,,1.6820472478866577,,1.6810301542282104,1.6810301542282104,,,,
338,2367,,,0.78449946641922,,0.7834822535514832,0.7834822535514832,,,,
338,2368,,,0.8856989145278931,,0.8846815824508667,0.8846815824508667,,,,
338,2369,,,1.3795393705368042,,1.3785219192504883,1.3785219192504883,,,,
338,2370,,,1.1331043243408203,,1.1320867538452148,1.1320867538452148,,,,
338,2371,,,1.1883885860443115,,1.1873708963394165,1.1873708963394165,,,,
338,2372,,,1.6874536275863647,,1.6864358186721802,1.6864358186721802,,,,
,338,,,,,,,,,1.764317274093628,1.764317274093628
338,2372,,,,,,,1.764317274093628,1.764317274093628,,
338,2372,1.2046411037445068,1.2056585550308228,,1.2046411037445068,,,,,,
339,2373,,,0.987309455871582,,0.9862914681434631,0.9862914681434631,,,,
339,2374,,,1.1158066987991333,,1.11478853225708,1.11478853225708,,,,
339,2375,,,1.6224392652511597,,1.621420979499817,1.621420979499817,,,,
339,2376,,,0.7627501487731934,,0.7617316842079163,0.7617316842079163,,,,
339,2377,,,1.0658600330352783,,1.0648415088653564,1.0648415088653564,,,,
339,2378,,,1.5042932033538818,,1.5032744407653809,1.5032744407653809,,,,
339,2379,,,1.5674549341201782,,1.5664360523223877,1.5664360523223877,,,,
,339,,,,,,,,,1.7590339183807373,1.7590339183807373
339,2379,,,,,,,1.7590339183807373,1.7590339183807373,,
339,2379,1.1983940601348877,1.1994125843048096,,1.1983940601348877,,,,,,
340,2380,,,1.3586236238479614,,1.3576046228408813,1.3576046228408813,,,,
340,2381,,,1.2915902137756348,,1.2905710935592651,1.2905710935592651,,,,
340,2382,,,0.6712203025817871,,0.6702010631561279,0.6702010631561279,,,,
340,2383,,,1.3504400253295898,,1.3494206666946411,1.3494206666946411,,,,
340,2384,,,1.3541147708892822,,1.353095293045044,1.353095293045044,,,,
340,2385,,,1.179534912109375,,1.1785153150558472,1.1785153150558472,,,,
340,2386,,,1.0331099033355713,,1.032090187072754,1.032090187072754,,,,
,340,,,,,,,,,1.7601360082626343,1.7601360082626343
340,2386,,,,,,,1.7601360082626343,1.7601360082626343,,
340,2386,1.1900302171707153,1.191049337387085,,1.1900302171707153,,,,,,
341,2387,,,0.8043450713157654,,0.8033251762390137,0.8033251762390137,,,,
341,2388,,,1.630642056465149,,1.629621982574463,1.629621982574463,,,,
341,2389,,,1.0533617734909058,,1.0523415803909302,1.0523415803909302,,,,
341,2390,,,1.015723705291748,,1.014703392982483,1.014703392982483,,,,
341,2391,,,1.1881221532821655,,1.1871017217636108,1.1871017217636108,,,,
341,2392,,,1.6514402627944946,,1.6504195928573608,1.6504195928573608,,,,
341,2393,,,0.5526628494262695,,0.551642119884491,0.551642119884491,,,,
,341,,,,,,,,,1.7550959587097168,1.7550959587097168
341,2393,,,,,,,1.7550958395004272,1.7550958395004272,,
341,2393,1.1834319829940796,1.1844524145126343,,1.1834319829940796,,,,,,
342,2394,,,0.8127217292785645,,0.8117008805274963,0.8117008805274963,,,,
342,2395,,,1.4509755373001099,,1.4499545097351074,1.4499545097351074,,,,
342,2396,,,1.2305030822753906,,1.2294819355010986,1.2294819355010986,,,,
342,2397,,,1.3045071363449097,,1.3034858703613281,1.3034858703613281,,,,
342,2398,,,0.7462078332901001,,0.7451865077018738,0.7451865077018738,,,,
342,2399,,,1.5562200546264648,,1.5551985502243042,1.5551985502243042,,,,
342,2400,,,1.1018576622009277,,1.1008360385894775,1.1008360385894775,,,,
,342,,,,,,,,,1.7292749881744385,1.7292749881744385
342,2400,,,,,,,1.7292749881744385,1.7292749881744385,,
342,2400,1.1776975393295288,1.1787186861038208,,1.1776975393295288,,,,,,
343,2401,,,1.3559976816177368,,1.354975938796997,1.354975938796997,,,,
343,2402,,,1.3480911254882812,,1.347069263458252,1.347069263458252,,,,
343,2403,,,0.7265493273735046,,0.725527286529541,0.725527286529541,,,,
343,2404,,,1.378434181213379,,1.3774120807647705,1.3774120807647705,,,,
343,2405,,,1.0923025608062744,,1.0912803411483765,1.0912803411483765,,,,
343,2406,,,1.1468685865402222,,1.1458462476730347,1.1458462476730347,,,,
343,2407,,,1.1261409521102905,,1.125118374824524,1.125118374824524,,,,
,343,,,,,,,,,1.7048978805541992,1.7048978805541992
343,2407,,,,,,,1.7048978805541992,1.7048978805541992,,
343,2407,1.1708283424377441,1.1718504428863525,,1.1708283424377441,,,,,,
344,2408,,,1.0267744064331055,,1.0257517099380493,1.0257517099380493,,,,
344,2409,,,0.7687726020812988,,0.7677496671676636,0.7677496671676636,,,,
344,2410,,,1.1154271364212036,,1.1144040822982788,1.1144040822982788,,,,
344,2411,,,1.2803771495819092,,1.2793539762496948,1.2793539762496948,,,,
344,2412,,,1.1894009113311768,,1.1883776187896729,1.1883776187896729,,,,
344,2413,,,1.457283616065979,,1.456260085105896,1.456260085105896,,,,
344,2414,,,1.5796995162963867,,1.5786758661270142,1.5786758661270142,,,,
,344,,,,,,,,,1.6971157789230347,1.6971157789230347
344,2414,,,,,,,1.6971157789230347,1.6971157789230347,,
344,2414,1.1645333766937256,1.1655564308166504,,1.1645333766937256,,,,,,
345,2415,,,1.2911983728408813,,1.2901747226715088,1.2901747226715088,,,,
345,2416,,,1.4958827495574951,,1.4948588609695435,1.4948588609695435,,,,
345,2417,,,0.8463519215583801,,0.8453279733657837,0.8453279733657837,,,,
345,2418,,,1.2166815996170044,,1.2156574726104736,1.2156574726104736,,,,
345,2419,,,1.1962134838104248,,1.195189356803894,1.195189356803894,,,,
345,2420,,,1.0005604028701782,,0.9995360374450684,0.9995360374450684,,,,
345,2421,,,0.8997856974601746,,0.8987612128257751,0.8987612128257751,,,,
,345,,,,,,,,,1.6965491771697998,1.6965491771697998
345,2421,,,,,,,1.6965491771697998,1.6965491771697998,,
345,2421,1.1572988033294678,1.1583229303359985,,1.1572988033294678,,,,,,
346,2422,,,0.9723749756813049,,0.9713503122329712,0.9713503122329712,,,,
346,2423,,,1.0545340776443481,,1.0535093545913696,1.0535093545913696,,,,
346,2424,,,0.7745798826217651,,0.7735549211502075,0.7735549211502075,,,,
346,2425,,,1.065794587135315,,1.0647695064544678,1.0647695064544678,,,,
346,2426,,,1.6096770763397217,,1.608651876449585,1.608651876449585,,,,
346,2427,,,1.4926557540893555,,1.4916304349899292,1.4916304349899292,,,,
346,2428,,,0.9405372142791748,,0.939511775970459,0.939511775970459,,,,
,346,,,,,,,,,1.671306848526001,1.671306848526001
346,2428,,,,,,,1.671306848526001,1.671306848526001,,
346,2428,1.1475738286972046,1.1485987901687622,,1.1475738286972046,,,,,,
347,2429,,,1.3055378198623657,,1.3045122623443604,1.3045122623443604,,,,
347,2430,,,1.0807307958602905,,1.079704999923706,1.079704999923706,,,,
347,2431,,,1.284251093864441,,1.283225178718567,1.283225178718567,,,,
347,2432,,,1.1749799251556396,,1.173953890800476,1.173953890800476,,,,
347,2433,,,1.4847334623336792,,1.483707308769226,1.483707308769226,,,,
347,2434,,,0.5495244264602661,,0.5484980940818787,0.5484980940818787,,,,
347,2435,,,1.0590885877609253,,1.0580620765686035,1.0580620765686035,,,,
,347,,,,,,,,,1.6747114658355713,1.6747114658355713
347,2435,,,,,,,1.6747114658355713,1.6747114658355713,,
347,2435,1.1404510736465454,1.1414769887924194,,1.1404510736465454,,,,,,
348,2436,,,1.8233321905136108,,1.822305679321289,1.822305679321289,,,,
348,2437,,,0.7555131316184998,,0.7544865012168884,0.7544865012168884,,,,
348,2438,,,0.9301192760467529,,0.929092526435852,0.929092526435852,,,,
348,2439,,,1.1973553895950317,,1.1963285207748413,1.1963285207748413,,,,
348,2440,,,1.1008942127227783,,1.0998672246932983,1.0998672246932983,,,,
348,2441,,,1.015020489692688,,1.0139933824539185,1.0139933824539185,,,,
348,2442,,,1.1092402935028076,,1.108212947845459,1.108212947845459,,,,
,348,,,,,,,,,1.6757458448410034,1.6757458448410034
348,2442,,,,,,,1.6757458448410034,1.6757458448410034,,
348,2442,1.1343770027160645,1.1354037523269653,,1.1343770027160645,,,,,,
349,2443,,,1.0208802223205566,,1.0198527574539185,1.0198527574539185,,,,
349,2444,,,0.7016827464103699,,0.7006551623344421,0.7006551623344421,,,,
349,2445,,,1.4367464780807495,,1.4357187747955322,1.4357187747955322,,,,
349,2446,,,1.405022382736206,,1.4039945602416992,1.4039945602416992,,,,
349,2447,,,1.143530249595642,,1.1425023078918457,1.1425023078918457,,,,
349,2448,,,1.146618366241455,,1.1455903053283691,1.1455903053283691,,,,
349,2449,,,0.9354766607284546,,0.9344484806060791,0.9344484806060791,,,,
,349,,,,,,,,,1.6605230569839478,1.6605230569839478
349,2449,,,,,,,1.6605230569839478,1.6605230569839478,,
349,2449,1.1292128562927246,1.1302406787872314,,1.1292128562927246,,,,,,
350,2450,,,1.3407703638076782,,1.3397420644760132,1.3397420644760132,,,,
350,2451,,,0.44841626286506653,,0.4473877549171448,0.4473877549171448,,,,
350,2452,,,1.8785102367401123,,1.8774815797805786,1.8774815797805786,,,,
350,2453,,,0.9340654611587524,,0.9330366849899292,0.9330366849899292,,,,
350,2454,,,0.8658061623573303,,0.8647773265838623,0.8647773265838623,,,,
350,2455,,,1.4104483127593994,,1.409419298171997,1.409419298171997,,,,
350,2456,,,0.7924015522003174,,0.7913724184036255,0.7913724184036255,,,,
,350,,,,,,,,,1.623404622077942,1.623404622077942
350,2456,,,,,,,1.623404622077942,1.623404622077942,,
350,2456,1.1244877576828003,1.125516414642334,,1.1244877576828003,,,,,,
351,2457,,,0.7722775340080261,,0.7712482213973999,0.7712482213973999,,,,
351,2458,,,1.638161063194275,,1.6371315717697144,1.6371315717697144,,,,
351,2459,,,1.1512404680252075,,1.1502108573913574,1.1502108573913574,,,,
351,2460,,,1.2226613759994507,,1.2216315269470215,1.2216315269470215,,,,
351,2461,,,0.8201857209205627,,0.8191558122634888,0.8191558122634888,,,,
351,2462,,,1.047768235206604,,1.0467382669448853,1.0467382669448853,,,,
351,2463,,,1.3236749172210693,,1.3226447105407715,1.3226447105407715,,,,
,351,,,,,,,,,1.6046688556671143,1.6046688556671143
351,2463,,,,,,,1.6046688556671143,1.6046688556671143,,
351,2463,1.120330572128296,1.1213603019714355,,1.120330572128296,,,,,,
352,2464,,,1.266257643699646,,1.2652274370193481,1.2652274370193481,,,,
352,2465,,,1.5312153100967407,,1.5301848649978638,1.5301848649978638,,,,
352,2466,,,1.3643232583999634,,1.3632926940917969,1.3632926940917969,,,,
352,2467,,,0.5522840619087219,,0.5512533187866211,0.5512533187866211,,,,
352,2468,,,0.9673566222190857,,0.9663258194923401,0.9663258194923401,,,,
352,2469,,,1.065323829650879,,1.0642929077148438,1.0642929077148438,,,,
352,2470,,,0.970341682434082,,0.9693106412887573,0.9693106412887573,,,,
,352,,,,,,,,,1.5938832759857178,1.5938832759857178
352,2470,,,,,,,1.5938832759857178,1.5938832759857178,,
352,2470,1.114363670349121,1.1153943538665771,,1.114363670349121,,,,,,
353,2471,,,0.6751854419708252,,0.6741542220115662,0.6741542220115662,,,,
353,2472,,,1.0024460554122925,,1.0014147758483887,1.0014147758483887,,,,
353,2473,,,1.312679648399353,,1.3116482496261597,1.3116482496261597,,,,
353,2474,,,0.8615666627883911,,0.8605350852012634,0.8605350852012634,,,,
353,2475,,,1.0414175987243652,,1.0403859615325928,1.0403859615325928,,,,
353,2476,,,1.4547810554504395,,1.453749179840088,1.453749179840088,,,,
353,2477,,,1.9573357105255127,,1.9563037157058716,1.9563037157058716,,,,
,353,,,,,,,,,1.6024208068847656,1.6024208068847656
353,2477,,,,,,,1.6024208068847656,1.6024208068847656,,
353,2477,1.1098827123641968,1.1109139919281006,,1.1098827123641968,,,,,,
354,2478,,,0.6811628341674805,,0.6801307201385498,0.6801307201385498,,,,
354,2479,,,1.2460623979568481,,1.245030164718628,1.245030164718628,,,,
354,2480,,,0.9459571838378906,,0.9449248313903809,0.9449248313903809,,,,
354,2481,,,1.1210054159164429,,1.1199729442596436,1.1199729442596436,,,,
354,2482,,,1.1141180992126465,,1.1130855083465576,1.1130855083465576,,,,
354,2483,,,1.5942630767822266,,1.5932302474975586,1.5932302474975586,,,,
354,2484,,,0.9168791174888611,,0.9158462285995483,0.9158462285995483,,,,
,354,,,,,,,,,1.605323076248169,1.605323076248169
354,2484,,,,,,,1.605323076248169,1.605323076248169,,
354,2484,1.1042850017547607,1.10531747341156,,1.1042850017547607,,,,,,
355,2485,,,0.7561312317848206,,0.7550982236862183,0.7550982236862183,,,,
355,2486,,,1.0508582592010498,,1.0498251914978027,1.0498251914978027,,,,
355,2487,,,1.1892671585083008,,1.1882339715957642,1.1882339715957642,,,,
355,2488,,,1.0094754695892334,,1.0084421634674072,1.0084421634674072,,,,
355,2489,,,1.6641477346420288,,1.6631141901016235,1.6631141901016235,,,,
355,2490,,,1.0976841449737549,,1.09665048122406,1.09665048122406,,,,
355,2491,,,0.6688618063926697,,0.6678280234336853,0.6678280234336853,,,,
,355,,,,,,,,,1.5944414138793945,1.5944414138793945
355,2491,,,,,,,1.5944414138793945,1.5944414138793945,,
355,2491,1.099890112876892,1.1009234189987183,,1.099890112876892,,,,,,
356,2492,,,1.0325825214385986,,1.0315486192703247,1.0315486192703247,,,,
356,2493,,,0.9613812565803528,,0.9603472352027893,0.9603472352027893,,,,
356,2494,,,0.6734612584114075,,0.6724271178245544,0.6724271178245544,,,,
356,2495,,,1.488817572593689,,1.4877833127975464,1.4877833127975464,,,,
356,2496,,,1.0833901166915894,,1.0823557376861572,1.0823557376861572,,,,
356,2497,,,1.0112149715423584,,1.0101804733276367,1.0101804733276367,,,,
356,2498,,,1.9583008289337158,,1.9572662115097046,1.9572662115097046,,,,
,356,,,,,,,,,1.5778676271438599,1.5778676271438599
356,2498,,,,,,,1.5778676271438599,1.5778676271438599,,
356,2498,1.0946850776672363,1.095719337463379,,1.0946850776672363,,,,,,
357,2499,,,1.2623920440673828,,1.261357307434082,1.261357307434082,,,,
357,2500,,,0.8669750690460205,,0.8659402132034302,0.8659402132034302,,,,
357,2501,,,1.1558493375778198,,1.15481436252594,1.15481436252594,,,,
357,2502,,,0.8300504684448242,,0.8290153741836548,0.8290153741836548,,,,
357,2503,,,1.0961594581604004,,1.0951241254806519,1.0951241254806519,,,,
357,2504,,,1.1937404870986938,,1.1927050352096558,1.1927050352096558,,,,
357,2505,,,1.4822025299072266,,1.481166958808899,1.481166958808899,,,,
,357,,,,,,,,,1.5626412630081177,1.5626412630081177
357,2505,,,,,,,1.5626412630081177,1.5626412630081177,,
357,2505,1.0908852815628052,1.0919204950332642,,1.0908852815628052,,,,,,
358,2506,,,1.2663793563842773,,1.2653436660766602,1.2653436660766602,,,,
358,2507,,,1.1344903707504272,,1.1334545612335205,1.1334545612335205,,,,
358,2508,,,1.2749534845352173,,1.273917555809021,1.273917555809021,,,,
358,2509,,,0.997707188129425,,0.9966711401939392,0.9966711401939392,,,,
358,2510,,,0.9803361892700195,,0.9793000221252441,0.9793000221252441,,,,
358,2511,,,1.1427024602890015,,1.1416661739349365,1.1416661739349365,,,,
358,2512,,,0.3507217466831207,,0.34968531131744385,0.34968531131744385,,,,
,358,,,,,,,,,1.5456674098968506,1.5456674098968506
358,2512,,,,,,,1.5456674098968506,1.5456674098968506,,
358,2512,1.0857231616973877,1.0867592096328735,,1.0857231616973877,,,,,,
359,2513,,,1.212601900100708,,1.211565375328064,1.211565375328064,,,,
359,2514,,,0.8078567385673523,,0.8068200945854187,0.8068200945854187,,,,
359,2515,,,1.6913416385650635,,1.6903048753738403,1.6903048753738403,,,,
359,2516,,,0.8318314552307129,,0.8307945132255554,0.8307945132255554,,,,
359,2517,,,0.7712928652763367,,0.7702558636665344,0.7702558636665344,,,,
359,2518,,,0.9377655386924744,,0.9367284178733826,0.9367284178733826,,,,
359,2519,,,1.7271227836608887,,1.7260855436325073,1.7260855436325073,,,,
,359,,,,,,,,,1.5259490013122559,1.5259490013122559
359,2519,,,,,,,1.5259488821029663,1.5259488821029663,,
359,2519,1.0813727378845215,1.0824096202850342,,1.0813727378845215,,,,,,
360,2520,,,0.7167131900787354,,0.7156757712364197,0.7156757712364197,,,,
360,2521,,,0.7419120669364929,,0.7408744692802429,0.7408744692802429,,,,
360,2522,,,1.240097999572754,,1.2390602827072144,1.2390602827072144,,,,
360,2523,,,1.8068426847457886,,1.8058048486709595,1.8058048486709595,,,,
360,2524,,,1.1104532480239868,,1.1094152927398682,1.1094152927398682,,,,
360,2525,,,1.0445963144302368,,1.0435582399368286,1.0435582399368286,,,,
360,2526,,,0.5615997314453125,,0.56056147813797,0.56056147813797,,,,
,360,,,,,,,,,1.4981905221939087,1.4981905221939087
360,2526,,,,,,,1.4981905221939087,1.4981905221939087,,
360,2526,1.0767998695373535,1.0778377056121826,,1.0767998695373535,,,,,,
361,2527,,,0.9704760313034058,,0.9694376587867737,0.9694376587867737,,,,
361,2528,,,1.1031681299209595,,1.102129578590393,1.102129578590393,,,,
361,2529,,,1.0888950824737549,,1.087856411933899,1.087856411933899,,,,
361,2530,,,1.4119945764541626,,1.410955786705017,1.410955786705017,,,,
361,2531,,,0.716945469379425,,0.71590656042099,0.71590656042099,,,,
361,2532,,,1.0165988206863403,,1.0155597925186157,1.0155597925186157,,,,
361,2533,,,1.4241602420806885,,1.4231210947036743,1.4231210947036743,,,,
,361,,,,,,,,,1.4961563348770142,1.4961563348770142
361,2533,,,,,,,1.4961563348770142,1.4961563348770142,,
361,2533,1.0722378492355347,1.0732766389846802,,1.0722378492355347,,,,,,
362,2534,,,0.7590177059173584,,0.7579784393310547,0.7579784393310547,,,,
362,2535,,,1.5436855554580688,,1.5426461696624756,1.5426461696624756,,,,
362,2536,,,0.9393839836120605,,0.9383444786071777,0.9383444786071777,,,,
362,2537,,,0.785010814666748,,0.7839711308479309,0.7839711308479309,,,,
362,2538,,,1.1570605039596558,,1.1560206413269043,1.1560206413269043,,,,
362,2539,,,0.7068734765052795,,0.7058335542678833,0.7058335542678833,,,,
362,2540,,,2.4608075618743896,,2.4597675800323486,2.4597675800323486,,,,
,362,,,,,,,,,1.465342402458191,1.465342402458191
362,2540,,,,,,,1.465342402458191,1.465342402458191,,
362,2540,1.0677971839904785,1.0688369274139404,,1.0677971839904785,,,,,,
363,2541,,,1.690834403038025,,1.6897941827774048,1.6897941827774048,,,,
363,2542,,,0.8209730982780457,,0.8199328184127808,0.8199328184127808,,,,
363,2543,,,0.7862387895584106,,0.7851983904838562,0.7851983904838562,,,,
363,2544,,,0.9734834432601929,,0.9724429249763489,0.9724429249763489,,,,
363,2545,,,0.9138123989105225,,0.9127717614173889,0.9127717614173889,,,,
363,2546,,,1.4329854249954224,,1.4319446086883545,1.4319446086883545,,,,
363,2547,,,0.44040924310684204,,0.43936827778816223,0.43936827778816223,,,,
,363,,,,,,,,,1.4427658319473267,1.4427658319473267
363,2547,,,,,,,1.4427658319473267,1.4427658319473267,,
363,2547,1.0630348920822144,1.0640753507614136,,1.0630348920822144,,,,,,
364,2548,,,1.3502572774887085,,1.3492162227630615,1.3492162227630615,,,,
364,2549,,,0.6774348616600037,,0.6763936877250671,0.6763936877250671,,,,
364,2550,,,0.8653206825256348,,0.8642793297767639,0.8642793297767639,,,,
364,2551,,,1.2988146543502808,,1.2977732419967651,1.2977732419967651,,,,
364,2552,,,1.330991506576538,,1.329949975013733,1.329949975013733,,,,
364,2553,,,0.9829195141792297,,0.9818778038024902,0.9818778038024902,,,,
364,2554,,,0.6824889183044434,,0.6814470887184143,0.6814470887184143,,,,
,364,,,,,,,,,1.4371519088745117,1.4371519088745117
364,2554,,,,,,,1.4371519088745117,1.4371519088745117,,
364,2554,1.0596129894256592,1.0606544017791748,,1.0596129894256592,,,,,,
365,2555,,,0.6905160546302795,,0.6894741058349609,0.6894741058349609,,,,
365,2556,,,1.5523958206176758,,1.5513538122177124,1.5513538122177124,,,,
365,2557,,,1.0611495971679688,,1.0601074695587158,1.0601074695587158,,,,
365,2558,,,0.8924885392189026,,0.8914462327957153,0.8914462327957153,,,,
365,2559,,,0.7158875465393066,,0.7148451209068298,0.7148451209068298,,,,
365,2560,,,1.5110664367675781,,1.510023832321167,1.510023832321167,,,,
365,2561,,,0.8394546508789062,,0.8384119868278503,0.8384119868278503,,,,
,365,,,,,,,,,1.415314793586731,1.415314793586731
365,2561,,,,,,,1.415314793586731,1.415314793586731,,
365,2561,1.055945873260498,1.0569881200790405,,1.055945873260498,,,,,,
366,2562,,,0.8145734667778015,,0.8135306239128113,0.8135306239128113,,,,
366,2563,,,1.370112419128418,,1.3690694570541382,1.3690694570541382,,,,
366,2564,,,1.710629940032959,,1.7095868587493896,1.7095868587493896,,,,
366,2565,,,1.1843150854110718,,1.183271884918213,1.183271884918213,,,,
366,2566,,,0.7806951999664307,,0.7796518802642822,0.7796518802642822,,,,
366,2567,,,0.6502149105072021,,0.6491714119911194,0.6491714119911194,,,,
366,2568,,,0.5288787484169006,,0.5278351306915283,0.5278351306915283,,,,
,366,,,,,,,,,1.4070286750793457,1.4070286750793457
366,2568,,,,,,,1.4070287942886353,1.4070287942886353,,
366,2568,1.0513285398483276,1.052371859550476,,1.0513285398483276,,,,,,
367,2569,,,0.919729471206665,,0.9186857342720032,0.9186857342720032,,,,
367,2570,,,1.2093117237091064,,1.2082679271697998,1.2082679271697998,,,,
367,2571,,,0.8726707100868225,,0.8716267347335815,0.8716267347335815,,,,
367,2572,,,1.0890798568725586,,1.0880357027053833,1.0880357027053833,,,,
367,2573,,,1.1115808486938477,,1.1105365753173828,1.1105365753173828,,,,
367,2574,,,0.7302387356758118,,0.7291944026947021,0.7291944026947021,,,,
367,2575,,,1.999562382698059,,1.9985178709030151,1.9985178709030151,,,,
,367,,,,,,,,,1.401859164237976,1.401859164237976
367,2575,,,,,,,1.401859164237976,1.401859164237976,,
367,2575,1.0471829175949097,1.048227071762085,,1.0471829175949097,,,,,,
368,2576,,,1.415001392364502,,1.4139567613601685,1.4139567613601685,,,,
368,2577,,,0.7888939380645752,,0.7878491878509521,0.7878491878509521,,,,
368,2578,,,0.8525868058204651,,0.8515418767929077,0.8515418767929077,,,,
368,2579,,,1.188693881034851,,1.187648892402649,1.187648892402649,,,,
368,2580,,,0.7818498015403748,,0.7808046340942383,0.7808046340942383,,,,
368,2581,,,1.2262351512908936,,1.2251899242401123,1.2251899242401123,,,,
368,2582,,,1.0650122165679932,,1.0639668703079224,1.0639668703079224,,,,
,368,,,,,,,,,1.4135522842407227,1.4135522842407227
368,2582,,,,,,,1.4135522842407227,1.4135522842407227,,
368,2582,1.042506456375122,1.0435514450073242,,1.042506456375122,,,,,,
369,2583,,,0.6302078366279602,,0.6291623115539551,0.6291623115539551,,,,
369,2584,,,1.282735824584961,,1.281690239906311,1.281690239906311,,,,
369,2585,,,1.3816572427749634,,1.380611538887024,1.380611538887024,,,,
369,2586,,,1.0077378749847412,,1.0066919326782227,1.0066919326782227,,,,
369,2587,,,1.2002930641174316,,1.1992470026016235,1.1992470026016235,,,,
369,2588,,,0.6481473445892334,,0.6471011638641357,0.6471011638641357,,,,
369,2589,,,1.2546452283859253,,1.253598928451538,1.253598928451538,,,,
,369,,,,,,,,,1.4191019535064697,1.4191019535064697
369,2589,,,,,,,1.4191019535064697,1.4191019535064697,,
369,2589,1.0375847816467285,1.038630723953247,,1.0375847816467285,,,,,,
370,2590,,,0.8129099011421204,,0.8118634819984436,0.8118634819984436,,,,
370,2591,,,0.90094393491745,,0.8998973369598389,0.8998973369598389,,,,
370,2592,,,0.6700359582901001,,0.6689892411231995,0.6689892411231995,,,,
370,2593,,,1.0246080160140991,,1.0235611200332642,1.0235611200332642,,,,
370,2594,,,1.5476807355880737,,1.5466337203979492,1.5466337203979492,,,,
370,2595,,,0.7537719011306763,,0.752724826335907,0.752724826335907,,,,
370,2596,,,2.361176013946533,,2.360128879547119,2.360128879547119,,,,
,370,,,,,,,,,1.4135867357254028,1.4135867357254028
370,2596,,,,,,,1.4135867357254028,1.4135867357254028,,
370,2596,1.0335243940353394,1.0345711708068848,,1.0335243940353394,,,,,,
371,2597,,,0.9832465052604675,,0.9821991920471191,0.9821991920471191,,,,
371,2598,,,0.863054096698761,,0.862006664276123,0.862006664276123,,,,
371,2599,,,1.0156060457229614,,1.0145584344863892,1.0145584344863892,,,,
371,2600,,,0.9369053840637207,,0.9358576536178589,0.9358576536178589,,,,
371,2601,,,1.2035865783691406,,1.2025387287139893,1.2025387287139893,,,,
371,2602,,,1.0812278985977173,,1.0801799297332764,1.0801799297332764,,,,
371,2603,,,1.294337511062622,,1.2932894229888916,1.2932894229888916,,,,
,371,,,,,,,,,1.3946987390518188,1.3946987390518188
371,2603,,,,,,,1.3946987390518188,1.3946987390518188,,
371,2603,1.0293842554092407,1.0304317474365234,,1.0293842554092407,,,,,,
372,2604,,,1.0144071578979492,,1.0133589506149292,1.0133589506149292,,,,
372,2605,,,0.8932926654815674,,0.892244279384613,0.892244279384613,,,,
372,2606,,,1.1215636730194092,,1.1205151081085205,1.1205151081085205,,,,
372,2607,,,1.1705260276794434,,1.1694773435592651,1.1694773435592651,,,,
372,2608,,,0.7573801279067993,,0.7563313841819763,0.7563313841819763,,,,
372,2609,,,1.2021998167037964,,1.201150894165039,1.201150894165039,,,,
372,2610,,,1.0109190940856934,,1.0098700523376465,1.0098700523376465,,,,
,372,,,,,,,,,1.3952412605285645,1.3952412605285645
372,2610,,,,,,,1.395241379737854,1.395241379737854,,
372,2610,1.0245928764343262,1.0256414413452148,,1.0245928764343262,,,,,,
373,2611,,,1.3408310413360596,,1.3397818803787231,1.3397818803787231,,,,
373,2612,,,0.7667928338050842,,0.7657435536384583,0.7657435536384583,,,,
373,2613,,,1.6997082233428955,,1.69865882396698,1.69865882396698,,,,
373,2614,,,0.8392159938812256,,0.8381664752960205,0.8381664752960205,,,,
373,2615,,,0.6987814903259277,,0.6977318525314331,0.6977318525314331,,,,
373,2616,,,0.9739841222763062,,0.972934365272522,0.972934365272522,,,,
373,2617,,,0.5155118703842163,,0.5144619941711426,0.5144619941711426,,,,
,373,,,,,,,,,1.379501223564148,1.379501223564148
373,2617,,,,,,,1.379501223564148,1.379501223564148,,
373,2617,1.02053964138031,1.0215891599655151,,1.02053964138031,,,,,,
374,2618,,,0.7842925190925598,,0.7832425236701965,0.7832425236701965,,,,
374,2619,,,0.6488614678382874,,0.6478112936019897,0.6478112936019897,,,,
374,2620,,,1.1261101961135864,,1.125059962272644,1.125059962272644,,,,
374,2621,,,1.3735545873641968,,1.3725042343139648,1.3725042343139648,,,,
374,2622,,,0.8972465395927429,,0.8961960077285767,0.8961960077285767,,,,
374,2623,,,0.9684680104255676,,0.9674173593521118,0.9674173593521118,,,,
374,2624,,,1.8282272815704346,,1.8271764516830444,1.8271764516830444,,,,
,374,,,,,,,,,1.3663491010665894,1.3663491010665894
374,2624,,,,,,,1.3663491010665894,1.3663491010665894,,
374,2624,1.0160661935806274,1.017116665840149,,1.0160661935806274,,,,,,
375,2625,,,1.487815260887146,,1.4867644309997559,1.4867644309997559,,,,
375,2626,,,1.1239813566207886,,1.1229304075241089,1.1229304075241089,,,,
375,2627,,,1.1424391269683838,,1.141387939453125,1.141387939453125,,,,
375,2628,,,0.6065859198570251,,0.6055346727371216,0.6055346727371216,,,,
375,2629,,,0.9433940649032593,,0.9423426985740662,0.9423426985740662,,,,
375,2630,,,0.9242825508117676,,0.9232310652732849,0.9232310652732849,,,,
375,2631,,,0.6256705522537231,,0.6246190071105957,0.6246190071105957,,,,
,375,,,,,,,,,1.34412682056427,1.34412682056427
375,2631,,,,,,,1.34412682056427,1.34412682056427,,
375,2631,1.0127723217010498,1.0138235092163086,,1.0127723217010498,,,,,,
376,2632,,,1.104683756828308,,1.1036320924758911,1.1036320924758911,,,,
376,2633,,,1.1863020658493042,,1.1852502822875977,1.1852502822875977,,,,
376,2634,,,1.0607391595840454,,1.0596872568130493,1.0596872568130493,,,,
376,2635,,,1.2075356245040894,,1.2064834833145142,1.2064834833145142,,,,
376,2636,,,0.6587015986442566,,0.6576493978500366,0.6576493978500366,,,,
376,2637,,,0.8583685159683228,,0.857316255569458,0.857316255569458,,,,
376,2638,,,0.9518557190895081,,0.950803279876709,0.950803279876709,,,,
,376,,,,,,,,,1.3326424360275269,1.3326424360275269
376,2638,,,,,,,1.3326424360275269,1.3326424360275269,,
376,2638,1.0080894231796265,1.009141445159912,,1.0080894231796265,,,,,,
377,2639,,,0.8160713315010071,,0.8150187730789185,0.8150187730789185,,,,
377,2640,,,1.2334357500076294,,1.232383131980896,1.232383131980896,,,,
377,2641,,,0.9744912981987,,0.973438560962677,0.973438560962677,,,,
377,2642,,,0.9112041592597961,,0.9101512432098389,0.9101512432098389,,,,
377,2643,,,1.0182089805603027,,1.0171560049057007,1.0171560049057007,,,,
377,2644,,,1.2054147720336914,,1.2043616771697998,1.2043616771697998,,,,
377,2645,,,0.6565997004508972,,0.6555464267730713,0.6555464267730713,,,,
,377,,,,,,,,,1.332831859588623,1.332831859588623
377,2645,,,,,,,1.3328317403793335,1.3328317403793335,,
377,2645,1.0036611557006836,1.0047138929367065,,1.0036611557006836,,,,,,
378,2646,,,0.624144434928894,,0.6230911016464233,0.6230911016464233,,,,
378,2647,,,0.9738202095031738,,0.9727667570114136,0.9727667570114136,,,,
378,2648,,,1.0401524305343628,,1.039098858833313,1.039098858833313,,,,
378,2649,,,1.2193987369537354,,1.218345046043396,1.218345046043396,,,,
378,2650,,,0.8233862519264221,,0.8223324418067932,0.8223324418067932,,,,
378,2651,,,1.511521577835083,,1.5104676485061646,1.5104676485061646,,,,
378,2652,,,0.5008683800697327,,0.49981430172920227,0.49981430172920227,,,,
,378,,,,,,,,,1.340768575668335,1.340768575668335
378,2652,,,,,,,1.340768575668335,1.340768575668335,,
378,2652,0.9997697472572327,1.0008234977722168,,0.9997697472572327,,,,,,
379,2653,,,1.4094229936599731,,1.4083688259124756,1.4083688259124756,,,,
379,2654,,,1.6313927173614502,,1.630338430404663,1.630338430404663,,,,
379,2655,,,0.9293997883796692,,0.9283453226089478,0.9283453226089478,,,,
379,2656,,,1.0482486486434937,,1.047194004058838,1.047194004058838,,,,
379,2657,,,0.5325673222541809,,0.5315126180648804,0.5315126180648804,,,,
379,2658,,,0.6426953077316284,,0.6416404843330383,0.6416404843330383,,,,
379,2659,,,0.4434501826763153,,0.44239526987075806,0.44239526987075806,,,,
,379,,,,,,,,,1.3399901390075684,1.3399901390075684
379,2659,,,,,,,1.3399900197982788,1.3399900197982788,,
379,2659,0.9965957999229431,0.9976503252983093,,0.9965957999229431,,,,,,
380,2660,,,0.8395354151725769,,0.8384804129600525,0.8384804129600525,,,,
380,2661,,,0.8608850240707397,,0.8598299026489258,0.8598299026489258,,,,
380,2662,,,0.9892743825912476,,0.988219141960144,0.988219141960144,,,,
380,2663,,,1.2177854776382446,,1.2167301177978516,1.2167301177978516,,,,
380,2664,,,0.5641946792602539,,0.5631392002105713,0.5631392002105713,,,,
380,2665,,,1.6572343111038208,,1.6561787128448486,1.6561787128448486,,,,
380,2666,,,0.5262424945831299,,0.5251867771148682,0.5251867771148682,,,,
,380,,,,,,,,,1.3273019790649414,1.3273019790649414
380,2666,,,,,,,1.3273019790649414,1.3273019790649414,,
380,2666,0.991297721862793,0.9923529624938965,,0.991297721862793,,,,,,
381,2667,,,0.8105108737945557,,0.8094550371170044,0.8094550371170044,,,,
381,2668,,,1.559067726135254,,1.558011770248413,1.558011770248413,,,,
381,2669,,,0.9371957778930664,,0.936139702796936,0.936139702796936,,,,
381,2670,,,0.9194901585578918,,0.9184339046478271,0.9184339046478271,,,,
381,2671,,,1.2105164527893066,,1.2094601392745972,1.2094601392745972,,,,
381,2672,,,0.5243816375732422,,0.5233252048492432,0.5233252048492432,,,,
381,2673,,,0.9011260867118835,,0.900069534778595,0.900069534778595,,,,
,381,,,,,,,,,1.297208547592163,1.297208547592163
381,2673,,,,,,,1.297208547592163,1.297208547592163,,
381,2673,0.9870355725288391,0.9880917072296143,,0.9870355725288391,,,,,,
382,2674,,,1.2366819381713867,,1.2356252670288086,1.2356252670288086,,,,
382,2675,,,1.0601726770401,,1.0591158866882324,1.0591158866882324,,,,
382,2676,,,0.7560024261474609,,0.7549455165863037,0.7549455165863037,,,,
382,2677,,,0.8046748638153076,,0.8036178350448608,0.8036178350448608,,,,
382,2678,,,0.9262349605560303,,0.925177812576294,0.925177812576294,,,,
382,2679,,,1.1587759256362915,,1.1577186584472656,1.1577186584472656,,,,
382,2680,,,0.8871026039123535,,0.8860451579093933,0.8860451579093933,,,,
,382,,,,,,,,,1.2933956384658813,1.2933956384658813
382,2680,,,,,,,1.2933956384658813,1.2933956384658813,,
382,2680,0.9832890629768372,0.9843460321426392,,0.9832890629768372,,,,,,
383,2681,,,0.9856318831443787,,0.9845743775367737,0.9845743775367737,,,,
383,2682,,,1.5828427076339722,,1.5817850828170776,1.5817850828170776,,,,
383,2683,,,0.6742592453956604,,0.6732014417648315,0.6732014417648315,,,,
383,2684,,,0.562218189239502,,0.5611603260040283,0.5611603260040283,,,,
383,2685,,,0.9701202511787415,,0.9690622687339783,0.9690622687339783,,,,
383,2686,,,1.1933164596557617,,1.192258358001709,1.192258358001709,,,,
383,2687,,,0.7406127452850342,,0.7395545244216919,0.7395545244216919,,,,
,383,,,,,,,,,1.2895318269729614,1.2895318269729614
383,2687,,,,,,,1.2895318269729614,1.2895318269729614,,
383,2687,0.9787254333496094,0.979783296585083,,0.9787254333496094,,,,,,
384,2688,,,0.9542286396026611,,0.9531702995300293,0.9531702995300293,,,,
384,2689,,,1.0120997428894043,,1.011041283607483,1.011041283607483,,,,
384,2690,,,1.1892304420471191,,1.1881718635559082,1.1881718635559082,,,,
384,2691,,,1.0839263200759888,,1.0828676223754883,1.0828676223754883,,,,
384,2692,,,0.7374628186225891,,0.7364040017127991,0.7364040017127991,,,,
384,2693,,,0.9546086192131042,,0.9535496830940247,0.9535496830940247,,,,
384,2694,,,0.7857731580734253,,0.7847141623497009,0.7847141623497009,,,,
,384,,,,,,,,,1.2703070640563965,1.2703070640563965
384,2694,,,,,,,1.270306944847107,1.270306944847107,,
384,2694,0.9756035208702087,0.9766622185707092,,0.9756035208702087,,,,,,
385,2695,,,1.1744481325149536,,1.173388957977295,1.173388957977295,,,,
385,2696,,,0.6234961748123169,,0.6224368810653687,0.6224368810653687,,,,
385,2697,,,1.6518816947937012,,1.6508222818374634,1.6508222818374634,,,,
385,2698,,,0.7106868624687195,,0.7096273303031921,0.7096273303031921,,,,
385,2699,,,0.8838617205619812,,0.8828020691871643,0.8828020691871643,,,,
385,2700,,,0.8081009387969971,,0.8070411682128906,0.8070411682128906,,,,
385,2701,,,0.9058436751365662,,0.9047837853431702,0.9047837853431702,,,,
,385,,,,,,,,,1.2554696798324585,1.2554696798324585
385,2701,,,,,,,1.2554696798324585,1.2554696798324585,,
385,2701,0.9702607989311218,0.9713202118873596,,0.9702607989311218,,,,,,
386,2702,,,1.1112233400344849,,1.1101633310317993,1.1101633310317993,,,,
386,2703,,,0.7894176840782166,,0.7883575558662415,0.7883575558662415,,,,
386,2704,,,0.5904107689857483,,0.5893505215644836,0.5893505215644836,,,,
386,2705,,,0.9232116341590881,,0.9221513271331787,0.9221513271331787,,,,
386,2706,,,1.1549139022827148,,1.153853416442871,1.153853416442871,,,,
386,2707,,,0.9833490252494812,,0.9822884798049927,0.9822884798049927,,,,
386,2708,,,1.6419806480407715,,1.6409199237823486,1.6409199237823486,,,,
,386,,,,,,,,,1.2449924945831299,1.2449924945831299
386,2708,,,,,,,1.2449924945831299,1.2449924945831299,,
386,2708,0.9665113091468811,0.9675715565681458,,0.9665113091468811,,,,,,
387,2709,,,0.6414099335670471,,0.6403491497039795,0.6403491497039795,,,,
387,2710,,,1.2112857103347778,,1.2102247476577759,1.2102247476577759,,,,
387,2711,,,1.0373858213424683,,1.0363247394561768,1.0363247394561768,,,,
387,2712,,,0.7080209255218506,,0.7069597840309143,0.7069597840309143,,,,
387,2713,,,1.2677686214447021,,1.266707420349121,1.266707420349121,,,,
387,2714,,,1.0761264562606812,,1.0750651359558105,1.0750651359558105,,,,
387,2715,,,0.5275188684463501,,0.5264573693275452,0.5264573693275452,,,,
,387,,,,,,,,,1.2269139289855957,1.2269139289855957
387,2715,,,,,,,1.2269140481948853,1.2269140481948853,,
387,2715,0.9620473980903625,0.9631085991859436,,0.9620473980903625,,,,,,
388,2716,,,1.2387008666992188,,1.237639307975769,1.237639307975769,,,,
388,2717,,,1.059602975845337,,1.0585412979125977,1.0585412979125977,,,,
388,2718,,,0.8114529252052307,,0.8103911280632019,0.8103911280632019,,,,
388,2719,,,0.7757323384284973,,0.774670422077179,0.774670422077179,,,,
388,2720,,,0.9089290499687195,,0.9078670144081116,0.9078670144081116,,,,
388,2721,,,1.0529863834381104,,1.051924228668213,1.051924228668213,,,,
388,2722,,,0.7062215209007263,,0.7051592469215393,0.7051592469215393,,,,
,388,,,,,,,,,1.2098875045776367,1.2098875045776367
388,2722,,,,,,,1.2098875045776367,1.2098875045776367,,
388,2722,0.9577205181121826,0.9587823748588562,,0.9577205181121826,,,,,,
389,2723,,,0.7740325927734375,,0.7729701399803162,0.7729701399803162,,,,
389,2724,,,1.2302128076553345,,1.2291502952575684,1.2291502952575684,,,,
389,2725,,,0.9060851335525513,,0.9050225019454956,0.9050225019454956,,,,
389,2726,,,0.8365654945373535,,0.8355026841163635,0.8355026841163635,,,,
389,2727,,,0.7599005103111267,,0.7588376402854919,0.7588376402854919,,,,
389,2728,,,1.3744343519210815,,1.3733713626861572,1.3733713626861572,,,,
389,2729,,,0.5537706613540649,,0.5527075529098511,0.5527075529098511,,,,
,389,,,,,,,,,1.189854383468628,1.189854383468628
389,2729,,,,,,,1.189854383468628,1.189854383468628,,
389,2729,0.9540581107139587,0.9551207423210144,,0.9540581107139587,,,,,,
390,2730,,,0.7378509640693665,,0.7367876768112183,0.7367876768112183,,,,
390,2731,,,0.8184109926223755,,0.8173475861549377,0.8173475861549377,,,,
390,2732,,,0.8665164709091187,,0.8654529452323914,0.8654529452323914,,,,
390,2733,,,0.6481929421424866,,0.6471292972564697,0.6471292972564697,,,,
390,2734,,,0.8429967164993286,,0.8419329524040222,0.8419329524040222,,,,
390,2735,,,1.8769969940185547,,1.875933051109314,1.875933051109314,,,,
390,2736,,,0.720386803150177,,0.7193228006362915,0.7193228006362915,,,,
,390,,,,,,,,,1.1798006296157837,1.1798006296157837
390,2736,,,,,,,1.1798006296157837,1.1798006296157837,,
390,2736,0.949698805809021,0.9507623314857483,,0.949698805809021,,,,,,
391,2737,,,0.9792019128799438,,0.9781377911567688,0.9781377911567688,,,,
391,2738,,,0.9105390906333923,,0.9094748497009277,0.9094748497009277,,,,
391,2739,,,0.8034630417823792,,0.802398681640625,0.802398681640625,,,,
391,2740,,,0.9628141522407532,,0.9617496728897095,0.9617496728897095,,,,
391,2741,,,1.0245684385299683,,1.0235037803649902,1.0235037803649902,,,,
391,2742,,,1.2563880681991577,,1.2553232908248901,1.2553232908248901,,,,
391,2743,,,0.2693250775337219,,0.26826024055480957,0.26826024055480957,,,,
,391,,,,,,,,,1.1807459592819214,1.1807459592819214
391,2743,,,,,,,1.1807459592819214,1.1807459592819214,,
391,2743,0.9460683465003967,0.9471327662467957,,0.9460683465003967,,,,,,
392,2744,,,0.9424523115158081,,0.941387414932251,0.941387414932251,,,,
392,2745,,,0.8701969385147095,,0.869131863117218,0.869131863117218,,,,
392,2746,,,1.188650369644165,,1.1875852346420288,1.1875852346420288,,,,
392,2747,,,0.9422953128814697,,0.941230058670044,0.941230058670044,,,,
392,2748,,,0.45480936765670776,,0.45374399423599243,0.45374399423599243,,,,
392,2749,,,1.448634147644043,,1.447568655014038,1.447568655014038,,,,
392,2750,,,0.4362260401248932,,0.43516042828559875,0.43516042828559875,,,,
,392,,,,,,,,,1.1685937643051147,1.1685937643051147
392,2750,,,,,,,1.1685937643051147,1.1685937643051147,,
392,2750,0.9417777061462402,0.9428428411483765,,0.9417777061462402,,,,,,
393,2751,,,0.7733608484268188,,0.7722951173782349,0.7722951173782349,,,,
393,2752,,,0.6740952134132385,,0.673029363155365,0.673029363155365,,,,
393,2753,,,0.9445189833641052,,0.9434530138969421,0.9434530138969421,,,,
393,2754,,,0.7442346811294556,,0.7431686520576477,0.7431686520576477,,,,
393,2755,,,1.0133200883865356,,1.0122538805007935,1.0122538805007935,,,,
393,2756,,,1.5815165042877197,,1.5804502964019775,1.5804502964019775,,,,
393,2757,,,0.690701425075531,,0.6896350383758545,0.6896350383758545,,,,
,393,,,,,,,,,1.168398380279541,1.168398380279541
393,2757,,,,,,,1.1683984994888306,1.1683984994888306,,
393,2757,0.938551127910614,0.9396172165870667,,0.938551127910614,,,,,,
394,2758,,,0.8929080963134766,,0.8918415904045105,0.8918415904045105,,,,
394,2759,,,0.7934617400169373,,0.7923951148986816,0.7923951148986816,,,,
394,2760,,,0.780812680721283,,0.7797459363937378,0.7797459363937378,,,,
394,2761,,,0.7819306254386902,,0.7808637619018555,0.7808637619018555,,,,
394,2762,,,1.3478354215621948,,1.3467683792114258,1.3467683792114258,,,,
394,2763,,,0.9071122407913208,,0.906045138835907,0.906045138835907,,,,
394,2764,,,1.2252240180969238,,1.2241567373275757,1.2241567373275757,,,,
,394,,,,,,,,,1.1687796115875244,1.1687796115875244
394,2764,,,,,,,1.1687796115875244,1.1687796115875244,,
394,2764,0.93438720703125,0.9354540705680847,,0.93438720703125,,,,,,
395,2765,,,0.9915890693664551,,0.9905217289924622,0.9905217289924622,,,,
395,2766,,,0.8102507591247559,,0.8091832995414734,0.8091832995414734,,,,
395,2767,,,1.1404255628585815,,1.1393580436706543,1.1393580436706543,,,,
395,2768,,,0.6003709435462952,,0.5993032455444336,0.5993032455444336,,,,
395,2769,,,1.0813398361206055,,1.0802720785140991,1.0802720785140991,,,,
395,2770,,,1.0669453144073486,,1.0658774375915527,1.0658774375915527,,,,
395,2771,,,0.6643049716949463,,0.6632369160652161,0.6632369160652161,,,,
,395,,,,,,,,,1.1605809926986694,1.1605809926986694
395,2771,,,,,,,1.1605809926986694,1.1605809926986694,,
395,2771,0.9307027459144592,0.931770384311676,,0.9307027459144592,,,,,,
396,2772,,,1.205467700958252,,1.204399585723877,1.204399585723877,,,,
396,2773,,,0.8320021033287048,,0.8309338092803955,0.8309338092803955,,,,
396,2774,,,0.9275806546211243,,0.9265123009681702,0.9265123009681702,,,,
396,2775,,,1.0331014394760132,,1.0320329666137695,1.0320329666137695,,,,
396,2776,,,0.805372953414917,,0.8043043613433838,0.8043043613433838,,,,
396,2777,,,0.8520979881286621,,0.8510292768478394,0.8510292768478394,,,,
396,2778,,,0.6990395188331604,,0.6979706883430481,0.6979706883430481,,,,
,396,,,,,,,,,1.151584267616272,1.151584267616272
396,2778,,,,,,,1.151584267616272,1.151584267616272,,
396,2778,0.9272081255912781,0.928276538848877,,0.9272081255912781,,,,,,
397,2779,,,1.33450448513031,,1.3334355354309082,1.3334355354309082,,,,
397,2780,,,1.0818281173706055,,1.080759048461914,1.080759048461914,,,,
397,2781,,,0.7720309495925903,,0.7709617614746094,0.7709617614746094,,,,
397,2782,,,0.7063263058662415,,0.705256998538971,0.705256998538971,,,,
397,2783,,,0.7302556037902832,,0.7291861176490784,0.7291861176490784,,,,
397,2784,,,1.0679839849472046,,1.066914439201355,1.066914439201355,,,,
397,2785,,,0.5359034538269043,,0.5348337888717651,0.5348337888717651,,,,
,397,,,,,,,,,1.1371448040008545,1.1371448040008545
397,2785,,,,,,,1.1371448040008545,1.1371448040008545,,
397,2785,0.923462986946106,0.9245323538780212,,0.923462986946106,,,,,,
398,2786,,,1.2559821605682373,,1.2549123764038086,1.2549123764038086,,,,
398,2787,,,0.6669116020202637,,0.6658416986465454,0.6658416986465454,,,,
398,2788,,,0.8063191771507263,,0.8052490949630737,0.8052490949630737,,,,
398,2789,,,0.979275107383728,,0.9782049655914307,0.9782049655914307,,,,
398,2790,,,0.9617516994476318,,0.9606814384460449,0.9606814384460449,,,,
398,2791,,,0.652392566204071,,0.6513221859931946,0.6513221859931946,,,,
398,2792,,,1.4691745042800903,,1.4681040048599243,1.4681040048599243,,,,
,398,,,,,,,,,1.1267948150634766,1.1267948150634766
398,2792,,,,,,,1.1267948150634766,1.1267948150634766,,
398,2792,0.9202746152877808,0.9213446974754333,,0.9202746152877808,,,,,,
399,2793,,,0.8425163626670837,,0.8414457440376282,0.8414457440376282,,,,
399,2794,,,0.9723817110061646,,0.9713109135627747,0.9713109135627747,,,,
399,2795,,,0.9278356432914734,,0.926764726638794,0.926764726638794,,,,
399,2796,,,0.7086732983589172,,0.7076022624969482,0.7076022624969482,,,,
399,2797,,,1.1926697492599487,,1.191598653793335,1.191598653793335,,,,
399,2798,,,0.7214374542236328,,0.7203662395477295,0.7203662395477295,,,,
399,2799,,,1.2916836738586426,,1.2906123399734497,1.2906123399734497,,,,
,399,,,,,,,,,1.1098263263702393,1.1098263263702393
399,2799,,,,,,,1.1098263263702393,1.1098263263702393,,
399,2799,0.9165597558021545,0.917630672454834,,0.9165597558021545,,,,,,
400,2800,,,1.4595123529434204,,1.458440899848938,1.458440899848938,,,,
400,2801,,,0.5512247085571289,,0.5501530766487122,0.5501530766487122,,,,
400,2802,,,0.8145942091941833,,0.813522458076477,0.813522458076477,,,,
400,2803,,,0.7621387243270874,,0.7610668540000916,0.7610668540000916,,,,
400,2804,,,0.7223312258720398,,0.7212592363357544,0.7212592363357544,,,,
400,2805,,,0.5516610145568848,,0.5505889058113098,0.5505889058113098,,,,
400,2806,,,2.5751962661743164,,2.5741240978240967,2.5741240978240967,,,,
,400,,,,,,,,,1.096757173538208,1.096757173538208
400,2806,,,,,,,1.096757173538208,1.096757173538208,,
400,2806,0.9129925966262817,0.9140644669532776,,0.9129925966262817,,,,,,
401,2807,,,1.4333351850509644,,1.432262897491455,1.432262897491455,,,,
401,2808,,,0.6935632228851318,,0.692490816116333,0.692490816116333,,,,
401,2809,,,0.8270798921585083,,0.8260073661804199,0.8260073661804199,,,,
401,2810,,,0.7003104090690613,,0.6992377638816833,0.6992377638816833,,,,
401,2811,,,0.8734062910079956,,0.8723335266113281,0.8723335266113281,,,,
401,2812,,,0.9639873504638672,,0.9629144668579102,0.9629144668579102,,,,
401,2813,,,0.8312405943870544,,0.8301675915718079,0.8301675915718079,,,,
,401,,,,,,,,,1.0904033184051514,1.0904033184051514
401,2813,,,,,,,1.0904033184051514,1.0904033184051514,,
401,2813,0.9092642068862915,0.9103367924690247,,0.9092642068862915,,,,,,
402,2814,,,0.6775593161582947,,0.6764861941337585,0.6764861941337585,,,,
402,2815,,,1.026992678642273,,1.0259194374084473,1.0259194374084473,,,,
402,2816,,,0.6780984401702881,,0.6770250797271729,0.6770250797271729,,,,
402,2817,,,0.9947360754013062,,0.9936625957489014,0.9936625957489014,,,,
402,2818,,,1.520056962966919,,1.5189833641052246,1.5189833641052246,,,,
402,2819,,,0.8044043779373169,,0.803330659866333,0.803330659866333,,,,
402,2820,,,0.21073180437088013,,0.20965798199176788,0.20965798199176788,,,,
,402,,,,,,,,,1.0928093194961548,1.0928093194961548
402,2820,,,,,,,1.0928093194961548,1.0928093194961548,,
402,2820,0.9057300090789795,0.9068034887313843,,0.9057300090789795,,,,,,
403,2821,,,1.0810390710830688,,1.0799652338027954,1.0799652338027954,,,,
403,2822,,,0.8072600364685059,,0.8061860203742981,0.8061860203742981,,,,
403,2823,,,0.5067881345748901,,0.5057139992713928,0.5057139992713928,,,,
403,2824,,,0.9661300182342529,,0.9650557637214661,0.9650557637214661,,,,
403,2825,,,1.230627179145813,,1.2295528650283813,1.2295528650283813,,,,
403,2826,,,0.9006552696228027,,0.8995808362960815,0.8995808362960815,,,,
403,2827,,,0.7137700319290161,,0.7126954793930054,0.7126954793930054,,,,
,403,,,,,,,,,1.092613697052002,1.092613697052002
403,2827,,,,,,,1.092613697052002,1.092613697052002,,
403,2827,0.9024809002876282,0.9035550951957703,,0.9024809002876282,,,,,,
404,2828,,,0.784334123134613,,0.7832594513893127,0.7832594513893127,,,,
404,2829,,,0.6984300017356873,,0.6973552107810974,0.6973552107810974,,,,
404,2830,,,0.6333816051483154,,0.632306694984436,0.632306694984436,,,,
404,2831,,,0.9814825057983398,,0.9804074764251709,0.9804074764251709,,,,
404,2832,,,0.7401677966117859,,0.7390926480293274,0.7390926480293274,,,,
404,2833,,,1.0245301723480225,,1.0234549045562744,1.0234549045562744,,,,
404,2834,,,2.3184762001037598,,2.3174009323120117,2.3174009323120117,,,,
,404,,,,,,,,,1.0905390977859497,1.0905390977859497
404,2834,,,,,,,1.0905390977859497,1.0905390977859497,,
404,2834,0.8980237245559692,0.899098813533783,,0.8980237245559692,,,,,,
405,2835,,,0.7430033683776855,,0.7419279217720032,0.7419279217720032,,,,
405,2836,,,0.595160186290741,,0.594084620475769,0.594084620475769,,,,
405,2837,,,0.8670024275779724,,0.8659267425537109,0.8659267425537109,,,,
405,2838,,,1.214532494544983,,1.2134567499160767,1.2134567499160767,,,,
405,2839,,,0.7522775530815125,,0.7512016296386719,0.7512016296386719,,,,
405,2840,,,0.6876645088195801,,0.68658846616745,0.68658846616745,,,,
405,2841,,,2.230515718460083,,2.2294394969940186,2.2294394969940186,,,,
,405,,,,,,,,,1.0853135585784912,1.0853135585784912
405,2841,,,,,,,1.0853135585784912,1.0853135585784912,,
405,2841,0.8924276232719421,0.8935033679008484,,0.8924276232719421,,,,,,
406,2842,,,1.2229384183883667,,1.2218621969223022,1.2218621969223022,,,,
406,2843,,,0.6531909108161926,,0.6521145701408386,0.6521145701408386,,,,
406,2844,,,0.9711251258850098,,0.9700486660003662,0.9700486660003662,,,,
406,2845,,,0.9061750769615173,,0.9050984978675842,0.9050984978675842,,,,
406,2846,,,0.8783206343650818,,0.8772439360618591,0.8772439360618591,,,,
406,2847,,,0.8588380813598633,,0.8577612638473511,0.8577612638473511,,,,
406,2848,,,0.4797053635120392,,0.4786284565925598,0.4786284565925598,,,,
,406,,,,,,,,,1.0785000324249268,1.0785000324249268
406,2848,,,,,,,1.0785000324249268,1.0785000324249268,,
406,2848,0.8884101510047913,0.8894867300987244,,0.8884101510047913,,,,,,
407,2849,,,1.3466389179229736,,1.3455618619918823,1.3455618619918823,,,,
407,2850,,,0.8221704959869385,,0.8210933804512024,0.8210933804512024,,,,
407,2851,,,0.46063414216041565,,0.4595568776130676,0.4595568776130676,,,,
407,2852,,,0.8599556684494019,,0.8588783144950867,0.8588783144950867,,,,
407,2853,,,0.989006757736206,,0.9879292845726013,0.9879292845726013,,,,
407,2854,,,0.8802995681762695,,0.8792219758033752,0.8792219758033752,,,,
407,2855,,,0.7703933715820312,,0.7693156599998474,0.7693156599998474,,,,
,407,,,,,,,,,1.0782238245010376,1.0782238245010376
407,2855,,,,,,,1.0782238245010376,1.0782238245010376,,
407,2855,0.8848211169242859,0.8858985304832458,,0.8848211169242859,,,,,,
408,2856,,,1.3615367412567139,,1.3604589700698853,1.3604589700698853,,,,
408,2857,,,0.6529247164726257,,0.6518468260765076,0.6518468260765076,,,,
408,2858,,,1.1113415956497192,,1.1102635860443115,1.1102635860443115,,,,
408,2859,,,0.664754331111908,,0.6636762022972107,0.6636762022972107,,,,
408,2860,,,0.5845516324043274,,0.5834733247756958,0.5834733247756958,,,,
408,2861,,,0.8904326558113098,,0.8893542885780334,0.8893542885780334,,,,
408,2862,,,0.9720126986503601,,0.9709342122077942,0.9709342122077942,,,,
,408,,,,,,,,,1.073211908340454,1.073211908340454
408,2862,,,,,,,1.073211908340454,1.073211908340454,,
408,2862,0.8820664882659912,0.8831446170806885,,0.8820664882659912,,,,,,
409,2863,,,1.1777399778366089,,1.1766613721847534,1.1766613721847534,,,,
409,2864,,,1.326969861984253,,1.325891137123108,1.325891137123108,,,,
409,2865,,,0.5084384083747864,,0.5073595643043518,0.5073595643043518,,,,
409,2866,,,0.8104463815689087,,0.8093674182891846,0.8093674182891846,,,,
409,2867,,,0.562244176864624,,0.5611650943756104,0.5611650943756104,,,,
409,2868,,,0.9214931130409241,,0.9204139113426208,0.9204139113426208,,,,
409,2869,,,0.7946987152099609,,0.7936193943023682,0.7936193943023682,,,,
,409,,,,,,,,,1.072977900505066,1.072977900505066
409,2869,,,,,,,1.072977900505066,1.072977900505066,,
409,2869,0.8781907558441162,0.8792695999145508,,0.8781907558441162,,,,,,
410,2870,,,0.8570017218589783,,0.855922281742096,0.855922281742096,,,,
410,2871,,,0.7406430840492249,,0.7395635843276978,0.7395635843276978,,,,
410,2872,,,0.6274176836013794,,0.626338005065918,0.626338005065918,,,,
410,2873,,,0.9813040494918823,,0.9802243113517761,0.9802243113517761,,,,
410,2874,,,1.6945381164550781,,1.6934581995010376,1.6934581995010376,,,,
410,2875,,,0.4147244989871979,,0.4136444926261902,0.4136444926261902,,,,
410,2876,,,0.7122308611869812,,0.7111507654190063,0.7111507654190063,,,,
,410,,,,,,,,,1.0765503644943237,1.0765503644943237
410,2876,,,,,,,1.0765503644943237,1.0765503644943237,,
410,2876,0.8746403455734253,0.8757200837135315,,0.8746403455734253,,,,,,
411,2877,,,0.4846269488334656,,0.4835467040538788,0.4835467040538788,,,,
411,2878,,,0.8700873255729675,,0.8690069913864136,0.8690069913864136,,,,
411,2879,,,1.3298629522323608,,1.3287824392318726,1.3287824392318726,,,,
411,2880,,,0.6144610643386841,,0.6133804321289062,0.6133804321289062,,,,
411,2881,,,1.0433731079101562,,1.0422923564910889,1.0422923564910889,,,,
411,2882,,,0.8948473334312439,,0.893766462802887,0.893766462802887,,,,
411,2883,,,0.8585997223854065,,0.8575187921524048,0.8575187921524048,,,,
,411,,,,,,,,,1.0724915266036987,1.0724915266036987
411,2883,,,,,,,1.0724915266036987,1.0724915266036987,,
411,2883,0.8709560632705688,0.8720366358757019,,0.8709560632705688,,,,,,
412,2884,,,0.7082310318946838,,0.7071499824523926,0.7071499824523926,,,,
412,2885,,,1.056612491607666,,1.05553138256073,1.05553138256073,,,,
412,2886,,,0.5645775198936462,,0.5634962320327759,0.5634962320327759,,,,
412,2887,,,0.5459040403366089,,0.544822633266449,0.544822633266449,,,,
412,2888,,,1.4960850477218628,,1.495003581047058,1.495003581047058,,,,
412,2889,,,0.8618302941322327,,0.8607486486434937,0.8607486486434937,,,,
412,2890,,,0.8138331174850464,,0.8127513527870178,0.8127513527870178,,,,
,412,,,,,,,,,1.073319911956787,1.073319911956787
412,2890,,,,,,,1.073319911956787,1.073319911956787,,
412,2890,0.867691695690155,0.8687729835510254,,0.867691695690155,,,,,,
413,2891,,,1.3211770057678223,,1.320095181465149,1.320095181465149,,,,
413,2892,,,0.785417914390564,,0.7843359112739563,0.7843359112739563,,,,
413,2893,,,0.6498355865478516,,0.6487534642219543,0.6487534642219543,,,,
413,2894,,,0.38381218910217285,,0.38272997736930847,0.38272997736930847,,,,
413,2895,,,0.773239254951477,,0.7721569538116455,0.7721569538116455,,,,
413,2896,,,1.4582449197769165,,1.4571624994277954,1.4571624994277954,,,,
413,2897,,,0.40341079235076904,,0.402328222990036,0.402328222990036,,,,
,413,,,,,,,,,1.0717322826385498,1.0717322826385498
413,2897,,,,,,,1.0717322826385498,1.0717322826385498,,
413,2897,0.8652716875076294,0.8663538694381714,,0.8652716875076294,,,,,,
414,2898,,,0.6611661314964294,,0.6600834727287292,0.6600834727287292,,,,
414,2899,,,0.9650923609733582,,0.9640096426010132,0.9640096426010132,,,,
414,2900,,,0.4566763937473297,,0.4555935263633728,0.4555935263633728,,,,
414,2901,,,0.8426221013069153,,0.8415391445159912,0.8415391445159912,,,,
414,2902,,,1.3097189664840698,,1.3086358308792114,1.3086358308792114,,,,
414,2903,,,0.8663277626037598,,0.8652445673942566,0.8652445673942566,,,,
414,2904,,,1.0471484661102295,,1.0460652112960815,1.0460652112960815,,,,
,414,,,,,,,,,1.0516961812973022,1.0516961812973022
414,2904,,,,,,,1.0516961812973022,1.0516961812973022,,
414,2904,0.8607655763626099,0.8618484735488892,,0.8607655763626099,,,,,,
415,2905,,,0.6410373449325562,,0.6399539113044739,0.6399539113044739,,,,
415,2906,,,1.047896146774292,,1.0468125343322754,1.0468125343322754,,,,
415,2907,,,0.7795827984809875,,0.7784991264343262,0.7784991264343262,,,,
415,2908,,,0.5055034756660461,,0.5044196844100952,0.5044196844100952,,,,
415,2909,,,1.2356749773025513,,1.2345911264419556,1.2345911264419556,,,,
415,2910,,,0.8440885543823242,,0.8430045247077942,0.8430045247077942,,,,
415,2911,,,1.116033673286438,,1.1149495840072632,1.1149495840072632,,,,
,415,,,,,,,,,1.0286682844161987,1.0286682844161987
415,2911,,,,,,,1.0286682844161987,1.0286682844161987,,
415,2911,0.8573155999183655,0.8583993911743164,,0.8573155999183655,,,,,,
416,2912,,,0.49639028310775757,,0.49530601501464844,0.49530601501464844,,,,
416,2913,,,0.9123105406761169,,0.9112261533737183,0.9112261533737183,,,,
416,2914,,,1.389426350593567,,1.3883419036865234,1.3883419036865234,,,,
416,2915,,,0.8192324042320251,,0.8181478381156921,0.8181478381156921,,,,
416,2916,,,1.2030448913574219,,1.2019602060317993,1.2019602060317993,,,,
416,2917,,,0.5054095387458801,,0.504324734210968,0.504324734210968,,,,
416,2918,,,0.34328243136405945,,0.3421974778175354,0.3421974778175354,,,,
,416,,,,,,,,,1.0164844989776611,1.0164844989776611
416,2918,,,,,,,1.0164844989776611,1.0164844989776611,,
416,2918,0.854530394077301,0.8556149005889893,,0.854530394077301,,,,,,
417,2919,,,0.5351161360740662,,0.534031093120575,0.534031093120575,,,,
417,2920,,,0.9988374710083008,,0.99775230884552,0.99775230884552,,,,
417,2921,,,0.6434159278869629,,0.6423306465148926,0.6423306465148926,,,,
417,2922,,,1.175297498703003,,1.174212098121643,1.174212098121643,,,,
417,2923,,,0.717372715473175,,0.7162872552871704,0.7162872552871704,,,,
417,2924,,,1.1039410829544067,,1.1028555631637573,1.1028555631637573,,,,
417,2925,,,0.6908676624298096,,0.6897819638252258,0.6897819638252258,,,,
,417,,,,,,,,,1.0008344650268555,1.0008344650268555
417,2925,,,,,,,1.0008344650268555,1.0008344650268555,,
417,2925,0.8511587977409363,0.8522440791130066,,0.8511587977409363,,,,,,
418,2926,,,0.6289256811141968,,0.6278398036956787,0.6278398036956787,,,,
418,2927,,,0.8207994699478149,,0.8197134733200073,0.8197134733200073,,,,
418,2928,,,0.9077935218811035,,0.9067074656486511,0.9067074656486511,,,,
418,2929,,,0.47032085061073303,,0.4692346453666687,0.4692346453666687,,,,
418,2930,,,1.3475022315979004,,1.3464158773422241,1.3464158773422241,,,,
418,2931,,,0.7424931526184082,,0.7414067387580872,0.7414067387580872,,,,
418,2932,,,1.3239879608154297,,1.3229013681411743,1.3229013681411743,,,,
,418,,,,,,,,,0.9918761253356934,0.9918761253356934
418,2932,,,,,,,0.9918761253356934,0.9918761253356934,,
418,2932,0.8482205867767334,0.8493067622184753,,0.8482205867767334,,,,,,
419,2933,,,0.6387012600898743,,0.6376146078109741,0.6376146078109741,,,,
419,2934,,,0.909255862236023,,0.9081690907478333,0.9081690907478333,,,,
419,2935,,,1.1521755456924438,,1.1510885953903198,1.1510885953903198,,,,
419,2936,,,1.2174056768417358,,1.2163186073303223,1.2163186073303223,,,,
419,2937,,,0.6132326126098633,,0.6121454834938049,0.6121454834938049,,,,
419,2938,,,0.7632619142532349,,0.762174665927887,0.762174665927887,,,,
419,2939,,,0.2774852514266968,,0.2763978838920593,0.2763978838920593,,,,
,419,,,,,,,,,0.9890684485435486,0.9890684485435486
419,2939,,,,,,,0.9890684485435486,0.9890684485435486,,
419,2939,0.8456721305847168,0.8467592000961304,,0.8456721305847168,,,,,,
420,2940,,,0.7100553512573242,,0.708967924118042,0.708967924118042,,,,
420,2941,,,0.7028219699859619,,0.7017344236373901,0.7017344236373901,,,,
420,2942,,,1.2103469371795654,,1.209259271621704,1.209259271621704,,,,
420,2943,,,0.5827099680900574,,0.5816221833229065,0.5816221833229065,,,,
420,2944,,,0.35759419202804565,,0.3565063178539276,0.3565063178539276,,,,
420,2945,,,1.2273259162902832,,1.2262378931045532,1.2262378931045532,,,,
420,2946,,,1.5656893253326416,,1.564601182937622,1.564601182937622,,,,
,420,,,,,,,,,0.9888940453529358,0.9888940453529358
420,2946,,,,,,,0.9888940453529358,0.9888940453529358,,
420,2946,0.8425182104110718,0.8436059355735779,,0.8425182104110718,,,,,,
421,2947,,,0.6360707879066467,,0.6349825859069824,0.6349825859069824,,,,
421,2948,,,1.0904881954193115,,1.0893999338150024,1.0893999338150024,,,,
421,2949,,,0.6827318668365479,,0.6816434264183044,0.6816434264183044,,,,
421,2950,,,0.6785397529602051,,0.6774512529373169,0.6774512529373169,,,,
421,2951,,,1.3975826501846313,,1.3964940309524536,1.3964940309524536,,,,
421,2952,,,0.6672810912132263,,0.666192352771759,0.666192352771759,,,,
421,2953,,,0.542691707611084,,0.5416028499603271,0.5416028499603271,,,,
,421,,,,,,,,,0.9956541657447815,0.9956541657447815
421,2953,,,,,,,0.9956541657447815,0.9956541657447815,,
421,2953,0.8391003608703613,0.8401888012886047,,0.8391003608703613,,,,,,
422,2954,,,1.1701009273529053,,1.1690119504928589,1.1690119504928589,,,,
422,2955,,,0.5114156603813171,,0.510326623916626,0.510326623916626,,,,
422,2956,,,1.406643033027649,,1.405553936958313,1.405553936958313,,,,
422,2957,,,0.5408281087875366,,0.5397388935089111,0.5397388935089111,,,,
422,2958,,,0.7302607893943787,,0.7291714549064636,0.7291714549064636,,,,
422,2959,,,0.5895733833312988,,0.5884839296340942,0.5884839296340942,,,,
422,2960,,,1.0353106260299683,,1.0342210531234741,1.0342210531234741,,,,
,422,,,,,,,,,0.9941991567611694,0.9941991567611694
422,2960,,,,,,,0.9941991567611694,0.9941991567611694,,
422,2960,0.8360971212387085,0.8371863961219788,,0.8360971212387085,,,,,,
423,2961,,,0.8910360932350159,,0.8899464011192322,0.8899464011192322,,,,
423,2962,,,0.7390305399894714,,0.7379407286643982,0.7379407286643982,,,,
423,2963,,,0.9635442495346069,,0.9624543786048889,0.9624543786048889,,,,
423,2964,,,1.0659637451171875,,1.0648736953735352,1.0648736953735352,,,,
423,2965,,,0.4218634068965912,,0.4207732677459717,0.4207732677459717,,,,
423,2966,,,0.94828861951828,,0.9471983909606934,0.9471983909606934,,,,
423,2967,,,0.775093138217926,,0.7740027904510498,0.7740027904510498,,,,
,423,,,,,,,,,0.9956191182136536,0.9956191182136536
423,2967,,,,,,,0.9956191182136536,0.9956191182136536,,
423,2967,0.8334805369377136,0.8345704078674316,,0.8334805369377136,,,,,,
424,2968,,,0.6062374114990234,,0.6051469445228577,0.6051469445228577,,,,
424,2969,,,0.5866316556930542,,0.5855410695075989,0.5855410695075989,,,,
424,2970,,,0.5067022442817688,,0.5056115388870239,0.5056115388870239,,,,
424,2971,,,1.0764652490615845,,1.0753743648529053,1.0753743648529053,,,,
424,2972,,,0.4885372519493103,,0.48744630813598633,0.48744630813598633,,,,
424,2973,,,1.2558830976486206,,1.2547920942306519,1.2547920942306519,,,,
424,2974,,,2.0810203552246094,,2.0799291133880615,2.0799291133880615,,,,
,424,,,,,,,,,0.9817517995834351,0.9817517995834351
424,2974,,,,,,,0.9817517995834351,0.9817517995834351,,
424,2974,0.8304134607315063,0.8315042853355408,,0.8304134607315063,,,,,,
425,2975,,,0.7673846483230591,,0.7662934064865112,0.7662934064865112,,,,
425,2976,,,0.8853657245635986,,0.8842743635177612,0.8842743635177612,,,,
425,2977,,,0.6060250997543335,,0.6049336194992065,0.6049336194992065,,,,
425,2978,,,1.3138481378555298,,1.3127565383911133,1.3127565383911133,,,,
425,2979,,,0.6298733949661255,,0.6287816762924194,0.6287816762924194,,,,
425,2980,,,0.7642225623130798,,0.7631307244300842,0.7631307244300842,,,,
425,2981,,,0.8511040806770325,,0.8500121831893921,0.8500121831893921,,,,
,425,,,,,,,,,0.9803168177604675,0.9803168177604675
425,2981,,,,,,,0.9803168177604675,0.9803168177604675,,
425,2981,0.8280666470527649,0.8291582465171814,,0.8280666470527649,,,,,,
426,2982,,,1.4156688451766968,,1.4145768880844116,1.4145768880844116,,,,
426,2983,,,0.623735249042511,,0.6226431727409363,0.6226431727409363,,,,
426,2984,,,0.6853402256965637,,0.6842480301856995,0.6842480301856995,,,,
426,2985,,,0.788534939289093,,0.7874426245689392,0.7874426245689392,,,,
426,2986,,,0.8373221755027771,,0.8362298011779785,0.8362298011779785,,,,
426,2987,,,0.7134490609169006,,0.7123565673828125,0.7123565673828125,,,,
426,2988,,,0.5249804258346558,,0.5238878130912781,0.5238878130912781,,,,
,426,,,,,,,,,0.9884097576141357,0.9884097576141357
426,2988,,,,,,,0.988409698009491,0.988409698009491,,
426,2988,0.8241497874259949,0.8252419829368591,,0.8241497874259949,,,,,,
427,2989,,,0.7917540669441223,,0.7906613349914551,0.7906613349914551,,,,
427,2990,,,0.5338636040687561,,0.5327707529067993,0.5327707529067993,,,,
427,2991,,,0.7846811413764954,,0.7835882306098938,0.7835882306098938,,,,
427,2992,,,0.5401743054389954,,0.5390812754631042,0.5390812754631042,,,,
427,2993,,,1.3936564922332764,,1.3925633430480957,1.3925633430480957,,,,
427,2994,,,0.7791643142700195,,0.7780710458755493,0.7780710458755493,,,,
427,2995,,,1.1179001331329346,,1.1168067455291748,1.1168067455291748,,,,
,427,,,,,,,,,0.9850366711616516,0.9850366711616516
427,2995,,,,,,,0.9850366711616516,0.9850366711616516,,
427,2995,0.821260929107666,0.8223538994789124,,0.821260929107666,,,,,,
428,2996,,,0.8495858311653137,,0.8484923243522644,0.8484923243522644,,,,
428,2997,,,0.569847047328949,,0.5687534213066101,0.5687534213066101,,,,
428,2998,,,0.9769419431686401,,0.9758481979370117,0.9758481979370117,,,,
428,2999,,,0.9246550798416138,,0.9235612154006958,0.9235612154006958,,,,
428,3000,,,0.506456732749939,,0.5053627490997314,0.5053627490997314,,,,
428,3001,,,1.128377914428711,,1.1272838115692139,1.1272838115692139,,,,
428,3002,,,0.7196828722953796,,0.7185887098312378,0.7185887098312378,,,,
,428,,,,,,,,,0.9790596961975098,0.9790596961975098
428,3002,,,,,,,0.9790596961975098,0.9790596961975098,,
428,3002,0.8186309933662415,0.8197247982025146,,0.8186309933662415,,,,,,
429,3003,,,0.6016706824302673,,0.6005764007568359,0.6005764007568359,,,,
429,3004,,,0.6161475777626038,,0.6150531768798828,0.6150531768798828,,,,
429,3005,,,0.7854429483413696,,0.7843484282493591,0.7843484282493591,,,,
429,3006,,,0.9281478524208069,,0.9270532131195068,0.9270532131195068,,,,
429,3007,,,0.4645736515522003,,0.4634789228439331,0.4634789228439331,,,,
429,3008,,,1.6534961462020874,,1.652401328086853,1.652401328086853,,,,
429,3009,,,0.4185190498828888,,0.41742411255836487,0.41742411255836487,,,,
,429,,,,,,,,,0.9752341508865356,0.9752341508865356
429,3009,,,,,,,0.9752341508865356,0.9752341508865356,,
429,3009,0.8155993223190308,0.8166938424110413,,0.8155993223190308,,,,,,
430,3010,,,0.8398516774177551,,0.8387566804885864,0.8387566804885864,,,,
430,3011,,,0.49671459197998047,,0.49561944603919983,0.49561944603919983,,,,
430,3012,,,1.2406903505325317,,1.2395950555801392,1.2395950555801392,,,,
430,3013,,,0.4589794874191284,,0.45788416266441345,0.45788416266441345,,,,
430,3014,,,0.7109236717224121,,0.70982825756073,0.70982825756073,,,,
430,3015,,,0.693548858165741,,0.6924533247947693,0.6924533247947693,,,,
430,3016,,,1.9905513525009155,,1.9894556999206543,1.9894556999206543,,,,
,430,,,,,,,,,0.97547847032547,0.97547847032547
430,3016,,,,,,,0.97547847032547,0.97547847032547,,
430,3016,0.8125777244567871,0.8136729598045349,,0.8125777244567871,,,,,,
431,3017,,,0.4960689842700958,,0.49497321248054504,0.49497321248054504,,,,
431,3018,,,0.9050738215446472,,0.9039779305458069,0.9039779305458069,,,,
431,3019,,,1.476210355758667,,1.475114345550537,1.475114345550537,,,,
431,3020,,,0.6824468970298767,,0.681350827217102,0.681350827217102,,,,
431,3021,,,0.5914654731750488,,0.5903692841529846,0.5903692841529846,,,,
431,3022,,,0.8343901038169861,,0.8332937955856323,0.8332937955856323,,,,
431,3023,,,0.47989675402641296,,0.47880032658576965,0.47880032658576965,,,,
,431,,,,,,,,,0.9754365086555481,0.9754365086555481
431,3023,,,,,,,0.9754365086555481,0.9754365086555481,,
431,3023,0.8091967701911926,0.8102928400039673,,0.8091967701911926,,,,,,
432,3024,,,0.717735230922699,,0.7166386842727661,0.7166386842727661,,,,
432,3025,,,0.5758770704269409,,0.5747804045677185,0.5747804045677185,,,,
432,3026,,,0.9725250005722046,,0.9714282751083374,0.9714282751083374,,,,
432,3027,,,0.8883544206619263,,0.8872575759887695,0.8872575759887695,,,,
432,3028,,,0.9438796043395996,,0.9427827000617981,0.9427827000617981,,,,
432,3029,,,0.8337278962135315,,0.8326308727264404,0.8326308727264404,,,,
432,3030,,,0.5588088035583496,,0.557711660861969,0.557711660861969,,,,
,432,,,,,,,,,0.9675838947296143,0.9675838947296143
432,3030,,,,,,,0.967583954334259,0.967583954334259,,
432,3030,0.8054369688034058,0.8065336346626282,,0.8054369688034058,,,,,,
433,3031,,,0.4021455645561218,,0.40104830265045166,0.40104830265045166,,,,
433,3032,,,0.9023314714431763,,0.9012340903282166,0.9012340903282166,,,,
433,3033,,,0.7952979803085327,,0.7942005395889282,0.7942005395889282,,,,
433,3034,,,0.7201119065284729,,0.7190143465995789,0.7190143465995789,,,,
433,3035,,,1.0882394313812256,,1.087141752243042,1.087141752243042,,,,
433,3036,,,0.9054757952690125,,0.9043779969215393,0.9043779969215393,,,,
433,3037,,,0.8135903477668762,,0.8124924302101135,0.8124924302101135,,,,
,433,,,,,,,,,0.9630835056304932,0.9630835056304932
433,3037,,,,,,,0.9630835652351379,0.9630835652351379,,
433,3037,0.8018355369567871,0.8029330372810364,,0.8018355369567871,,,,,,
434,3038,,,0.6520501375198364,,0.6509521007537842,0.6509521007537842,,,,
434,3039,,,1.4130425453186035,,1.4119443893432617,1.4119443893432617,,,,
434,3040,,,0.5682733654975891,,0.5671750903129578,0.5671750903129578,,,,
434,3041,,,0.6413908004760742,,0.6402924656867981,0.6402924656867981,,,,
434,3042,,,0.5764508843421936,,0.5753524303436279,0.5753524303436279,,,,
434,3043,,,1.0286742448806763,,1.0275756120681763,1.0275756120681763,,,,
434,3044,,,0.5819515585899353,,0.5808528661727905,0.5808528661727905,,,,
,434,,,,,,,,,0.9603554010391235,0.9603554010391235
434,3044,,,,,,,0.9603554010391235,0.9603554010391235,,
434,3044,0.798605740070343,0.7997040748596191,,0.798605740070343,,,,,,
435,3045,,,0.5258796215057373,,0.5247808694839478,0.5247808694839478,,,,
435,3046,,,0.6913236975669861,,0.690224826335907,0.690224826335907,,,,
435,3047,,,0.6283591985702515,,0.6272602081298828,0.6272602081298828,,,,
435,3048,,,0.5977008938789368,,0.5966017842292786,0.5966017842292786,,,,
435,3049,,,1.0265443325042725,,1.0254451036453247,1.0254451036453247,,,,
435,3050,,,1.2247991561889648,,1.2236998081207275,1.2236998081207275,,,,
435,3051,,,1.0303696393966675,,1.0292701721191406,1.0292701721191406,,,,
,435,,,,,,,,,0.9429218769073486,0.9429218769073486
435,3051,,,,,,,0.9429219365119934,0.9429219365119934,,
435,3051,0.7959197759628296,0.7970188856124878,,0.7959197759628296,,,,,,
436,3052,,,0.6066962480545044,,0.6055967211723328,0.6055967211723328,,,,
436,3053,,,0.7220215201377869,,0.7209218740463257,0.7209218740463257,,,,
436,3054,,,0.7161224484443665,,0.7150227427482605,0.7150227427482605,,,,
436,3055,,,0.5742831826210022,,0.5731833577156067,0.5731833577156067,,,,
436,3056,,,1.0883747339248657,,1.0872747898101807,1.0872747898101807,,,,
436,3057,,,0.8684950470924377,,0.8673950433731079,0.8673950433731079,,,,
436,3058,,,1.2871090173721313,,1.2860089540481567,1.2860089540481567,,,,
,436,,,,,,,,,0.9278014898300171,0.9278014898300171
436,3058,,,,,,,0.9278014898300171,0.9278014898300171,,
436,3058,0.7924153804779053,0.793515145778656,,0.7924153804779053,,,,,,
437,3059,,,0.4829840362071991,,0.4818837642669678,0.4818837642669678,,,,
437,3060,,,1.37557053565979,,1.3744701147079468,1.3744701147079468,,,,
437,3061,,,0.7189890146255493,,0.7178885340690613,0.7178885340690613,,,,
437,3062,,,0.7566531300544739,,0.7555525302886963,0.7555525302886963,,,,
437,3063,,,0.5971105098724365,,0.5960097908973694,0.5960097908973694,,,,
437,3064,,,0.6302688717842102,,0.6291680335998535,0.6291680335998535,,,,
437,3065,,,1.2670494318008423,,1.2659485340118408,1.2659485340118408,,,,
,437,,,,,,,,,0.929443359375,0.929443359375
437,3065,,,,,,,0.929443359375,0.929443359375,,
437,3065,0.7889730334281921,0.7900736927986145,,0.7889730334281921,,,,,,
438,3066,,,0.9471033811569214,,0.9460023641586304,0.9460023641586304,,,,
438,3067,,,0.5081939101219177,,0.5070927739143372,0.5070927739143372,,,,
438,3068,,,0.7058506608009338,,0.7047494649887085,0.7047494649887085,,,,
438,3069,,,0.8853338360786438,,0.8842325210571289,0.8842325210571289,,,,
438,3070,,,0.639702320098877,,0.6386008858680725,0.6386008858680725,,,,
438,3071,,,1.2015929222106934,,1.2004913091659546,1.2004913091659546,,,,
438,3072,,,0.3194414973258972,,0.31833982467651367,0.31833982467651367,,,,
,438,,,,,,,,,0.9234089255332947,0.9234089255332947
438,3072,,,,,,,0.9234089255332947,0.9234089255332947,,
438,3072,0.7843995094299316,0.7855007648468018,,0.7843995094299316,,,,,,
439,3073,,,0.8190280199050903,,0.8179262280464172,0.8179262280464172,,,,
439,3074,,,1.2630581855773926,,1.2619563341140747,1.2619563341140747,,,,
439,3075,,,0.44244319200515747,,0.44134119153022766,0.44134119153022766,,,,
439,3076,,,0.8289437294006348,,0.8278416395187378,0.8278416395187378,,,,
439,3077,,,0.6510075330734253,,0.649905264377594,0.649905264377594,,,,
439,3078,,,0.6787095069885254,,0.6776071786880493,0.6776071786880493,,,,
439,3079,,,0.8092873096466064,,0.8081848621368408,0.8081848621368408,,,,
,439,,,,,,,,,0.9108409285545349,0.9108409285545349
439,3079,,,,,,,0.9108409285545349,0.9108409285545349,,
439,3079,0.7811210751533508,0.782223105430603,,0.7811210751533508,,,,,,
440,3080,,,0.7521757483482361,,0.7510731816291809,0.7510731816291809,,,,
440,3081,,,1.1395585536956787,,1.138455867767334,1.138455867767334,,,,
440,3082,,,0.2659805119037628,,0.2648777663707733,0.2648777663707733,,,,
440,3083,,,0.6761208772659302,,0.6750180721282959,0.6750180721282959,,,,
440,3084,,,1.1235395669937134,,1.1224366426467896,1.1224366426467896,,,,
440,3085,,,0.5803396701812744,,0.579236626625061,0.579236626625061,,,,
440,3086,,,1.1446110010147095,,1.1435078382492065,1.1435078382492065,,,,
,440,,,,,,,,,0.8950143456459045,0.8950143456459045
440,3086,,,,,,,0.8950143456459045,0.8950143456459045,,
440,3086,0.7780256271362305,0.7791284918785095,,0.7780256271362305,,,,,,
441,3087,,,0.7667003273963928,,0.7655970454216003,0.7655970454216003,,,,
441,3088,,,0.47758159041404724,,0.4764781594276428,0.4764781594276428,,,,
441,3089,,,1.1199413537979126,,1.118837833404541,1.118837833404541,,,,
441,3090,,,0.8104572296142578,,0.8093536496162415,0.8093536496162415,,,,
441,3091,,,0.7807999849319458,,0.7796962857246399,0.7796962857246399,,,,
441,3092,,,0.6643633842468262,,0.6632595062255859,0.6632595062255859,,,,
441,3093,,,0.8623895645141602,,0.8612856268882751,0.8612856268882751,,,,
,441,,,,,,,,,0.8831863403320312,0.8831863403320312
441,3093,,,,,,,0.8831863403320312,0.8831863403320312,,
441,3093,0.77430659532547,0.7754102349281311,,0.77430659532547,,,,,,
442,3094,,,0.4479048252105713,,0.44680076837539673,0.44680076837539673,,,,
442,3095,,,0.6031987071037292,,0.6020945310592651,0.6020945310592651,,,,
442,3096,,,0.6701802015304565,,0.6690759658813477,0.6690759658813477,,,,
442,3097,,,1.6152094602584839,,1.6141051054000854,1.6141051054000854,,,,
442,3098,,,0.5038712024688721,,0.5027667284011841,0.5027667284011841,,,,
442,3099,,,0.8645839095115662,,0.8634793162345886,0.8634793162345886,,,,
442,3100,,,0.5867896676063538,,0.5856849551200867,0.5856849551200867,,,,
,442,,,,,,,,,0.8822423219680786,0.8822423219680786
442,3100,,,,,,,0.8822423219680786,0.8822423219680786,,
442,3100,0.771443784236908,0.7725481390953064,,0.771443784236908,,,,,,
443,3101,,,0.5819268822669983,,0.5808221101760864,0.5808221101760864,,,,
443,3102,,,0.6156004071235657,,0.6144955158233643,0.6144955158233643,,,,
443,3103,,,0.4635319709777832,,0.46242696046829224,0.46242696046829224,,,,
443,3104,,,0.6610067486763,,0.6599016189575195,0.6599016189575195,,,,
443,3105,,,1.0398377180099487,,1.0387325286865234,1.0387325286865234,,,,
443,3106,,,1.1915030479431152,,1.1903977394104004,1.1903977394104004,,,,
443,3107,,,0.9362493753433228,,0.9351439476013184,0.9351439476013184,,,,
,443,,,,,,,,,0.8910993933677673,0.8910993933677673
443,3107,,,,,,,0.8910993933677673,0.8910993933677673,,
443,3107,0.7682283520698547,0.7693333625793457,,0.7682283520698547,,,,,,
444,3108,,,0.4710835814476013,,0.4699780344963074,0.4699780344963074,,,,
444,3109,,,0.4324099123477936,,0.4313042461872101,0.4313042461872101,,,,
444,3110,,,0.5723267793655396,,0.5712210536003113,0.5712210536003113,,,,
444,3111,,,0.6703780293464661,,0.6692721843719482,0.6692721843719482,,,,
444,3112,,,0.7268539071083069,,0.7257479429244995,0.7257479429244995,,,,
444,3113,,,1.2658309936523438,,1.2647249698638916,1.2647249698638916,,,,
444,3114,,,1.9965879917144775,,1.9954818487167358,1.9954818487167358,,,,
,444,,,,,,,,,0.8934551477432251,0.8934551477432251
444,3114,,,,,,,0.8934551477432251,0.8934551477432251,,
444,3114,0.7655771970748901,0.7666829228401184,,0.7655771970748901,,,,,,
445,3115,,,0.47352874279022217,,0.47242245078086853,0.47242245078086853,,,,
445,3116,,,0.7348058223724365,,0.733699381351471,0.733699381351471,,,,
445,3117,,,0.5664775967597961,,0.5653710961341858,0.5653710961341858,,,,
445,3118,,,0.9597082138061523,,0.9586015343666077,0.9586015343666077,,,,
445,3119,,,1.124993085861206,,1.1238863468170166,1.1238863468170166,,,,
445,3120,,,0.5876303911209106,,0.5865235328674316,0.5865235328674316,,,,
445,3121,,,1.1235034465789795,,1.122396469116211,1.122396469116211,,,,
,445,,,,,,,,,0.8957993388175964,0.8957993388175964
445,3121,,,,,,,0.8957993388175964,0.8957993388175964,,
445,3121,0.7625729441642761,0.7636796832084656,,0.7625729441642761,,,,,,
446,3122,,,0.8198978900909424,,0.818790853023529,0.818790853023529,,,,
446,3123,,,0.4172344207763672,,0.4161272644996643,0.4161272644996643,,,,
446,3124,,,0.6837448477745056,,0.6826375722885132,0.6826375722885132,,,,
446,3125,,,0.9173762202262878,,0.9162688255310059,0.9162688255310059,,,,
446,3126,,,1.0915900468826294,,1.0904825925827026,1.0904825925827026,,,,
446,3127,,,0.7643691897392273,,0.7632615566253662,0.7632615566253662,,,,
446,3128,,,0.41711363196372986,,0.416005939245224,0.416005939245224,,,,
,446,,,,,,,,,0.8923335075378418,0.8923335075378418
446,3128,,,,,,,0.8923335075378418,0.8923335075378418,,
446,3128,0.7597758173942566,0.760883092880249,,0.7597758173942566,,,,,,
447,3129,,,0.9156883955001831,,0.9145805835723877,0.9145805835723877,,,,
447,3130,,,0.9505455493927002,,0.9494376182556152,0.9494376182556152,,,,
447,3131,,,0.5933322310447693,,0.5922241806983948,0.5922241806983948,,,,
447,3132,,,0.5718593597412109,,0.5707511901855469,0.5707511901855469,,,,
447,3133,,,1.3241500854492188,,1.3230417966842651,1.3230417966842651,,,,
447,3134,,,0.31676700711250305,,0.31565865874290466,0.31565865874290466,,,,
447,3135,,,0.42999351024627686,,0.4288850426673889,0.4288850426673889,,,,
,447,,,,,,,,,0.8853250741958618,0.8853250741958618
447,3135,,,,,,,0.8853250741958618,0.8853250741958618,,
447,3135,0.7571020722389221,0.758210301399231,,0.7571020722389221,,,,,,
448,3136,,,0.5755683779716492,,0.5744598507881165,0.5744598507881165,,,,
448,3137,,,0.5184829831123352,,0.5173743367195129,0.5173743367195129,,,,
448,3138,,,0.36466142535209656,,0.36355265974998474,0.36355265974998474,,,,
448,3139,,,0.42700207233428955,,0.4258931875228882,0.4258931875228882,,,,
448,3140,,,1.235267996788025,,1.234158992767334,1.234158992767334,,,,
448,3141,,,1.321020483970642,,1.3199113607406616,1.3199113607406616,,,,
448,3142,,,1.0081511735916138,,1.0070419311523438,1.0070419311523438,,,,
,448,,,,,,,,,0.8796445727348328,0.8796445727348328
448,3142,,,,,,,0.8796445727348328,0.8796445727348328,,
448,3142,0.7549790143966675,0.7560877799987793,,0.7549790143966675,,,,,,
449,3143,,,0.3102666437625885,,0.3091573715209961,0.3091573715209961,,,,
449,3144,,,0.6857855916023254,,0.6846762299537659,0.6846762299537659,,,,
449,3145,,,0.6894592046737671,,0.688349723815918,0.688349723815918,,,,
449,3146,,,0.871554434299469,,0.8704448342323303,0.8704448342323303,,,,
449,3147,,,0.6771150827407837,,0.6760053634643555,0.6760053634643555,,,,
449,3148,,,1.170235514640808,,1.1691256761550903,1.1691256761550903,,,,
449,3149,,,1.0511572360992432,,1.0500472784042358,1.0500472784042358,,,,
,449,,,,,,,,,0.8826825022697449,0.8826825022697449
449,3149,,,,,,,0.8826825022697449,0.8826825022697449,,
449,3149,0.7516120672225952,0.7527216672897339,,0.7516120672225952,,,,,,
450,3150,,,0.47004568576812744,,0.46893566846847534,0.46893566846847534,,,,
450,3151,,,0.9667344689369202,,0.9656243324279785,0.9656243324279785,,,,
450,3152,,,0.5044877529144287,,0.5033775568008423,0.5033775568008423,,,,
450,3153,,,0.8777153491973877,,0.8766050338745117,0.8766050338745117,,,,
450,3154,,,1.047513723373413,,1.0464032888412476,1.0464032888412476,,,,
450,3155,,,0.6784771084785461,,0.6773666143417358,0.6773666143417358,,,,
450,3156,,,0.6320860981941223,,0.6309754848480225,0.6309754848480225,,,,
,450,,,,,,,,,0.8765116333961487,0.8765116333961487
450,3156,,,,,,,0.8765116333961487,0.8765116333961487,,
450,3156,0.7490084171295166,0.7501187324523926,,0.7490084171295166,,,,,,
451,3157,,,0.5120837688446045,,0.5109730362892151,0.5109730362892151,,,,
451,3158,,,0.8429344296455383,,0.8418235778808594,0.8418235778808594,,,,
451,3159,,,0.9532120823860168,,0.9521011114120483,0.9521011114120483,,,,
451,3160,,,0.5410364866256714,,0.5399254560470581,0.5399254560470581,,,,
451,3161,,,0.741706371307373,,0.7405952215194702,0.7405952215194702,,,,
451,3162,,,0.9296837449073792,,0.9285724759101868,0.9285724759101868,,,,
451,3163,,,0.6484572291374207,,0.6473458409309387,0.6473458409309387,,,,
,451,,,,,,,,,0.8599340915679932,0.8599340915679932
451,3163,,,,,,,0.8599341511726379,0.8599341511726379,,
451,3163,0.7461562752723694,0.7472671866416931,,0.7461562752723694,,,,,,
452,3164,,,0.43044817447662354,,0.42933666706085205,0.42933666706085205,,,,
452,3165,,,0.692669153213501,,0.6915575265884399,0.6915575265884399,,,,
452,3166,,,1.1445211172103882,,1.1434093713760376,1.1434093713760376,,,,
452,3167,,,0.5734344720840454,,0.57232266664505,0.57232266664505,,,,
452,3168,,,0.9560800790786743,,0.9549681544303894,0.9549681544303894,,,,
452,3169,,,0.44989681243896484,,0.4487847685813904,0.4487847685813904,,,,
452,3170,,,1.3301589488983154,,1.3290468454360962,1.3290468454360962,,,,
,452,,,,,,,,,0.8415682315826416,0.8415682315826416
452,3170,,,,,,,0.8415682911872864,0.8415682911872864,,
452,3170,0.7433367967605591,0.7444485425949097,,0.7433367967605591,,,,,,
453,3171,,,0.8718698620796204,,0.8707576394081116,0.8707576394081116,,,,
453,3172,,,0.6898452639579773,,0.688732922077179,0.688732922077179,,,,
453,3173,,,0.26089510321617126,,0.259782612323761,0.259782612323761,,,,
453,3174,,,0.8299576044082642,,0.8288450241088867,0.8288450241088867,,,,
453,3175,,,0.6289716958999634,,0.6278589963912964,0.6278589963912964,,,,
453,3176,,,0.973528265953064,,0.9724154472351074,0.9724154472351074,,,,
453,3177,,,1.263784408569336,,1.2626715898513794,1.2626715898513794,,,,
,453,,,,,,,,,0.8277493119239807,0.8277493119239807
453,3177,,,,,,,0.8277493119239807,0.8277493119239807,,
453,3177,0.7406892776489258,0.7418018579483032,,0.7406892776489258,,,,,,
454,3178,,,0.40456318855285645,,0.4034501612186432,0.4034501612186432,,,,
454,3179,,,0.8625442385673523,,0.8614311218261719,0.8614311218261719,,,,
454,3180,,,1.0178083181381226,,1.0166950225830078,1.0166950225830078,,,,
454,3181,,,1.2208789587020874,,1.219765543937683,1.219765543937683,,,,
454,3182,,,0.36552348732948303,,0.36441004276275635,0.36441004276275635,,,,
454,3183,,,0.6651034951210022,,0.6639899611473083,0.6639899611473083,,,,
454,3184,,,0.481449156999588,,0.4803355038166046,0.4803355038166046,,,,
,454,,,,,,,,,0.8117697238922119,0.8117697238922119
454,3184,,,,,,,0.8117697834968567,0.8117697834968567,,
454,3184,0.7388027310371399,0.739916205406189,,0.7388027310371399,,,,,,
455,3185,,,0.649993896484375,,0.648880124092102,0.648880124092102,,,,
455,3186,,,0.6371883153915405,,0.636074423789978,0.636074423789978,,,,
455,3187,,,0.45417994260787964,,0.4530659317970276,0.4530659317970276,,,,
455,3188,,,1.1921145915985107,,1.1910004615783691,1.1910004615783691,,,,
455,3189,,,0.9711265563964844,,0.970012366771698,0.970012366771698,,,,
455,3190,,,0.3468061685562134,,0.34569185972213745,0.34569185972213745,,,,
455,3191,,,1.1740285158157349,,1.1729141473770142,1.1729141473770142,,,,
,455,,,,,,,,,0.7960840463638306,0.7960840463638306
455,3191,,,,,,,0.7960840463638306,0.7960840463638306,,
455,3191,0.7348341941833496,0.7359483242034912,,0.7348341941833496,,,,,,
456,3192,,,0.6643511056900024,,0.6632365584373474,0.6632365584373474,,,,
456,3193,,,0.8450007438659668,,0.8438860774040222,0.8438860774040222,,,,
456,3194,,,0.39453643560409546,,0.39342164993286133,0.39342164993286133,,,,
456,3195,,,0.678942084312439,,0.6778271794319153,0.6778271794319153,,,,
456,3196,,,1.3150345087051392,,1.3139195442199707,1.3139195442199707,,,,
456,3197,,,0.47056782245635986,,0.46945273876190186,0.46945273876190186,,,,
456,3198,,,0.8227347731590271,,0.8216195702552795,0.8216195702552795,,,,
,456,,,,,,,,,0.7892193794250488,0.7892193794250488
456,3198,,,,,,,0.7892193794250488,0.7892193794250488,,
456,3198,0.7325257062911987,0.7336404919624329,,0.7325257062911987,,,,,,
457,3199,,,0.5289660096168518,,0.5278506875038147,0.5278506875038147,,,,
457,3200,,,0.953937292098999,,0.9528218507766724,0.9528218507766724,,,,
457,3201,,,1.0307621955871582,,1.029646635055542,1.029646635055542,,,,
457,3202,,,0.6509597897529602,,0.6498441696166992,0.6498441696166992,,,,
457,3203,,,0.5913131237030029,,0.5901973843574524,0.5901973843574524,,,,
457,3204,,,0.7941067814826965,,0.7929909229278564,0.7929909229278564,,,,
457,3205,,,0.28103694319725037,,0.2799209952354431,0.2799209952354431,,,,
,457,,,,,,,,,0.7775014042854309,0.7775014042854309
457,3205,,,,,,,0.7775014042854309,0.7775014042854309,,
457,3205,0.7291485667228699,0.7302641272544861,,0.7291485667228699,,,,,,
458,3206,,,0.4173569977283478,,0.41624096035957336,0.41624096035957336,,,,
458,3207,,,0.5039103031158447,,0.5027941465377808,0.5027941465377808,,,,
458,3208,,,0.6806533932685852,,0.6795371174812317,0.6795371174812317,,,,
458,3209,,,0.5845798254013062,,0.5834634304046631,0.5834634304046631,,,,
458,3210,,,1.0140677690505981,,1.0129512548446655,1.0129512548446655,,,,
458,3211,,,0.9169284105300903,,0.9158118367195129,0.9158118367195129,,,,
458,3212,,,1.3946212530136108,,1.3935046195983887,1.3935046195983887,,,,
,458,,,,,,,,,0.7689089775085449,0.7689089775085449
458,3212,,,,,,,0.7689089775085449,0.7689089775085449,,
458,3212,0.7268020510673523,0.7279183864593506,,0.7268020510673523,,,,,,
459,3213,,,0.8451013565063477,,0.8439845442771912,0.8439845442771912,,,,
459,3214,,,0.36017218232154846,,0.3590552806854248,0.3590552806854248,,,,
459,3215,,,1.0261650085449219,,1.025048017501831,1.025048017501831,,,,
459,3216,,,0.7760149240493774,,0.7748978137969971,0.7748978137969971,,,,
459,3217,,,0.640546977519989,,0.6394297480583191,0.6394297480583191,,,,
459,3218,,,0.8239529728889465,,0.8228356242179871,0.8228356242179871,,,,
459,3219,,,0.3972349166870117,,0.3961174786090851,0.3961174786090851,,,,
,459,,,,,,,,,0.7667588591575623,0.7667588591575623
459,3219,,,,,,,0.7667588591575623,0.7667588591575623,,
459,3219,0.7237325310707092,0.7248496413230896,,0.7237325310707092,,,,,,
460,3220,,,1.0934303998947144,,1.0923129320144653,1.0923129320144653,,,,
460,3221,,,0.6509456634521484,,0.6498280167579651,0.6498280167579651,,,,
460,3222,,,0.44099435210227966,,0.43987661600112915,0.43987661600112915,,,,
460,3223,,,1.128645420074463,,1.1275275945663452,1.1275275945663452,,,,
460,3224,,,0.48745399713516235,,0.4863360524177551,0.4863360524177551,,,,
460,3225,,,0.681023120880127,,0.6799050569534302,0.6799050569534302,,,,
460,3226,,,0.3167991638183594,,0.3156810402870178,0.3156810402870178,,,,
,460,,,,,,,,,0.7667022347450256,0.7667022347450256
460,3226,,,,,,,0.7667022347450256,0.7667022347450256,,
460,3226,0.7206535935401917,0.7217714190483093,,0.7206535935401917,,,,,,
461,3227,,,0.8937781453132629,,0.8926599025726318,0.8926599025726318,,,,
461,3228,,,0.3787528872489929,,0.37763455510139465,0.37763455510139465,,,,
461,3229,,,0.6497886776924133,,0.6486701965332031,0.6486701965332031,,,,
461,3230,,,0.418633371591568,,0.417514830827713,0.417514830827713,,,,
461,3231,,,0.62220698595047,,0.6210883259773254,0.6210883259773254,,,,
461,3232,,,1.3104863166809082,,1.3093675374984741,1.3093675374984741,,,,
461,3233,,,0.8099792003631592,,0.8088603615760803,0.8088603615760803,,,,
,461,,,,,,,,,0.7669625282287598,0.7669625282287598
461,3233,,,,,,,0.7669625282287598,0.7669625282287598,,
461,3233,0.7169032096862793,0.7180217504501343,,0.7169032096862793,,,,,,
462,3234,,,0.3523573577404022,,0.3512384295463562,0.3512384295463562,,,,
462,3235,,,0.43568456172943115,,0.4345655143260956,0.4345655143260956,,,,
462,3236,,,0.6662976145744324,,0.6651784777641296,0.6651784777641296,,,,
462,3237,,,0.9216246008872986,,0.9205053448677063,0.9205053448677063,,,,
462,3238,,,0.5803364515304565,,0.5792171359062195,0.5792171359062195,,,,
462,3239,,,1.3265266418457031,,1.3254071474075317,1.3254071474075317,,,,
462,3240,,,0.7228170037269592,,0.7216974496841431,0.7216974496841431,,,,
,462,,,,,,,,,0.7634056210517883,0.7634056210517883
462,3240,,,,,,,0.7634056210517883,0.7634056210517883,,
462,3240,0.7132154703140259,0.7143346667289734,,0.7132154703140259,,,,,,
463,3241,,,0.6496830582618713,,0.6485633850097656,0.6485633850097656,,,,
463,3242,,,0.6279836297035217,,0.6268638372421265,0.6268638372421265,,,,
463,3243,,,0.5894784331321716,,0.5883585214614868,0.5883585214614868,,,,
463,3244,,,0.713122546672821,,0.7120025753974915,0.7120025753974915,,,,
463,3245,,,0.9783362746238708,,0.9772161841392517,0.9772161841392517,,,,
463,3246,,,0.8302221894264221,,0.8291019797325134,0.8291019797325134,,,,
463,3247,,,0.396358847618103,,0.3952385485172272,0.3952385485172272,,,,
,463,,,,,,,,,0.7534610033035278,0.7534610033035278
463,3247,,,,,,,0.7534610033035278,0.7534610033035278,,
463,3247,0.7106385231018066,0.711758553981781,,0.7106385231018066,,,,,,
464,3248,,,0.33098429441452026,,0.32986390590667725,0.32986390590667725,,,,
464,3249,,,0.8370009064674377,,0.8358803987503052,0.8358803987503052,,,,
464,3250,,,0.6664113402366638,,0.6652907729148865,0.6652907729148865,,,,
464,3251,,,1.0347495079040527,,1.0336288213729858,1.0336288213729858,,,,
464,3252,,,0.5368893146514893,,0.5357685089111328,0.5357685089111328,,,,
464,3253,,,0.4410141408443451,,0.4398932158946991,0.4398932158946991,,,,
464,3254,,,1.787636637687683,,1.7865155935287476,1.7865155935287476,,,,
,464,,,,,,,,,0.7381488084793091,0.7381488084793091
464,3254,,,,,,,0.7381488084793091,0.7381488084793091,,
464,3254,0.7074931859970093,0.7086138129234314,,0.7074931859970093,,,,,,
465,3255,,,0.4310665726661682,,0.4299454987049103,0.4299454987049103,,,,
465,3256,,,0.6331198215484619,,0.6319986581802368,0.6319986581802368,,,,
465,3257,,,1.3562679290771484,,1.3551466464996338,1.3551466464996338,,,,
465,3258,,,0.4221368134021759,,0.4210154414176941,0.4210154414176941,,,,
465,3259,,,1.0642234086990356,,1.063101887702942,1.063101887702942,,,,
465,3260,,,0.31835609674453735,,0.31723451614379883,0.31723451614379883,,,,
465,3261,,,0.7244624495506287,,0.7233408093452454,0.7233408093452454,,,,
,465,,,,,,,,,0.7257715463638306,0.7257715463638306
465,3261,,,,,,,0.7257715463638306,0.7257715463638306,,
465,3261,0.7042659521102905,0.70538729429245,,0.7042659521102905,,,,,,
466,3262,,,0.695895791053772,,0.6947740316390991,0.6947740316390991,,,,
466,3263,,,0.990405797958374,,0.9892839193344116,0.9892839193344116,,,,
466,3264,,,1.2000958919525146,,1.1989738941192627,1.1989738941192627,,,,
466,3265,,,0.36753153800964355,,0.36640945076942444,0.36640945076942444,,,,
466,3266,,,0.4914856255054474,,0.4903634190559387,0.4903634190559387,,,,
466,3267,,,0.5796495079994202,,0.5785272121429443,0.5785272121429443,,,,
466,3268,,,0.4146330654621124,,0.41351068019866943,0.41351068019866943,,,,
,466,,,,,,,,,0.724260687828064,0.724260687828064
466,3268,,,,,,,0.724260687828064,0.724260687828064,,
466,3268,0.701709508895874,0.7028316259384155,,0.701709508895874,,,,,,
467,3269,,,1.1825523376464844,,1.1814298629760742,1.1814298629760742,,,,
467,3270,,,0.6605671048164368,,0.6594445109367371,0.6594445109367371,,,,
467,3271,,,0.5872432589530945,,0.5861205458641052,0.5861205458641052,,,,
467,3272,,,0.4155452251434326,,0.4144224226474762,0.4144224226474762,,,,
467,3273,,,0.6309509873390198,,0.6298280954360962,0.6298280954360962,,,,
467,3274,,,0.5617124438285828,,0.5605894327163696,0.5605894327163696,,,,
467,3275,,,1.1217124462127686,,1.1205893754959106,1.1205893754959106,,,,
,467,,,,,,,,,0.7228444218635559,0.7228444218635559
467,3275,,,,,,,0.7228444218635559,0.7228444218635559,,
467,3275,0.6983616948127747,0.6994845271110535,,0.6983616948127747,,,,,,
468,3276,,,0.6251583695411682,,0.624035120010376,0.624035120010376,,,,
468,3277,,,0.8823713064193726,,0.8812479376792908,0.8812479376792908,,,,
468,3278,,,0.5959131717681885,,0.5947896838188171,0.5947896838188171,,,,
468,3279,,,1.2880715131759644,,1.2869479656219482,1.2869479656219482,,,,
468,3280,,,0.43918177485466003,,0.43805813789367676,0.43805813789367676,,,,
468,3281,,,0.5271590948104858,,0.5260353684425354,0.5260353684425354,,,,
468,3282,,,0.22198405861854553,,0.22086019814014435,0.22086019814014435,,,,
,468,,,,,,,,,0.7225227355957031,0.7225227355957031
468,3282,,,,,,,0.7225227355957031,0.7225227355957031,,
468,3282,0.6955195665359497,0.6966429948806763,,0.6955195665359497,,,,,,
469,3283,,,0.3748587369918823,,0.3737347722053528,0.3737347722053528,,,,
469,3284,,,0.5804086327552795,,0.5792846083641052,0.5792846083641052,,,,
469,3285,,,0.648942232131958,,0.6478180885314941,0.6478180885314941,,,,
469,3286,,,0.47381922602653503,,0.472694993019104,0.472694993019104,,,,
469,3287,,,0.9701255559921265,,0.9690011739730835,0.9690011739730835,,,,
469,3288,,,1.1809954643249512,,1.1798709630966187,1.1798709630966187,,,,
469,3289,,,0.5227228403091431,,0.5215982794761658,0.5215982794761658,,,,
,469,,,,,,,,,0.721242368221283,0.721242368221283
469,3289,,,,,,,0.721242368221283,0.721242368221283,,
469,3289,0.6930203437805176,0.6941444277763367,,0.6930203437805176,,,,,,
470,3290,,,0.7242761254310608,,0.723151445388794,0.723151445388794,,,,
470,3291,,,0.8427035808563232,,0.8415787816047668,0.8415787816047668,,,,
470,3292,,,0.7483987212181091,,0.747273862361908,0.747273862361908,,,,
470,3293,,,0.590013861656189,,0.5888888835906982,0.5888888835906982,,,,
470,3294,,,0.9225525259971619,,0.9214273691177368,0.9214273691177368,,,,
470,3295,,,0.30885061621665955,,0.3077253997325897,0.3077253997325897,,,,
470,3296,,,0.7158978581428528,,0.7147725820541382,0.7147725820541382,,,,
,470,,,,,,,,,0.7241073250770569,0.7241073250770569
470,3296,,,,,,,0.7241073250770569,0.7241073250770569,,
470,3296,0.6898958086967468,0.6910207271575928,,0.6898958086967468,,,,,,
471,3297,,,1.2172861099243164,,1.216160774230957,1.216160774230957,,,,
471,3298,,,0.43324458599090576,,0.43211907148361206,0.43211907148361206,,,,
471,3299,,,0.3099900186061859,,0.30886438488960266,0.30886438488960266,,,,
471,3300,,,0.334445059299469,,0.3333193361759186,0.3333193361759186,,,,
471,3301,,,0.671336829662323,,0.6702110171318054,0.6702110171318054,,,,
471,3302,,,1.0127965211868286,,1.0116705894470215,1.0116705894470215,,,,
471,3303,,,1.1011608839035034,,1.1000348329544067,1.1000348329544067,,,,
,471,,,,,,,,,0.7248848676681519,0.7248848676681519
471,3303,,,,,,,0.7248848676681519,0.7248848676681519,,
471,3303,0.6878209710121155,0.6889466047286987,,0.6878209710121155,,,,,,
472,3304,,,0.9981259107589722,,0.9969998002052307,0.9969998002052307,,,,
472,3305,,,0.5688213109970093,,0.567695140838623,0.567695140838623,,,,
472,3306,,,0.7116380333900452,,0.7105117440223694,0.7105117440223694,,,,
472,3307,,,0.9561513662338257,,0.9550250172615051,0.9550250172615051,,,,
472,3308,,,0.2951483130455017,,0.2940218150615692,0.2940218150615692,,,,
472,3309,,,0.46730703115463257,,0.4661804437637329,0.4661804437637329,,,,
472,3310,,,1.0024627447128296,,1.0013360977172852,1.0013360977172852,,,,
,472,,,,,,,,,0.7227842807769775,0.7227842807769775
472,3310,,,,,,,0.7227843403816223,0.7227843403816223,,
472,3310,0.6848525404930115,0.685978889465332,,0.6848525404930115,,,,,,
473,3311,,,0.7804799675941467,,0.7793532013893127,0.7793532013893127,,,,
473,3312,,,0.9325592517852783,,0.9314324259757996,0.9314324259757996,,,,
473,3313,,,0.4587746858596802,,0.4576477110385895,0.4576477110385895,,,,
473,3314,,,0.6185106635093689,,0.617383599281311,0.617383599281311,,,,
473,3315,,,0.9990812540054321,,0.9979540705680847,0.9979540705680847,,,,
473,3316,,,0.4040519893169403,,0.40292471647262573,0.40292471647262573,,,,
473,3317,,,0.433276504278183,,0.43214911222457886,0.43214911222457886,,,,
,473,,,,,,,,,0.7166869044303894,0.7166869044303894
473,3317,,,,,,,0.7166869044303894,0.7166869044303894,,
473,3317,0.6821571588516235,0.6832841038703918,,0.6821571588516235,,,,,,
474,3318,,,0.7364572882652283,,0.735329806804657,0.735329806804657,,,,
474,3319,,,0.6633601784706116,,0.6622326374053955,0.6622326374053955,,,,
474,3320,,,0.7497147917747498,,0.7485871315002441,0.7485871315002441,,,,
474,3321,,,0.462462455034256,,0.4613346755504608,0.4613346755504608,,,,
474,3322,,,1.1051889657974243,,1.1040610074996948,1.1040610074996948,,,,
474,3323,,,0.3613223433494568,,0.3601943850517273,0.3601943850517273,,,,
474,3324,,,0.7179989814758301,,0.716870903968811,0.716870903968811,,,,
,474,,,,,,,,,0.7134405970573425,0.7134405970573425
474,3324,,,,,,,0.7134405970573425,0.7134405970573425,,
474,3324,0.6808730959892273,0.6820008754730225,,0.6808730959892273,,,,,,
475,3325,,,0.5562912225723267,,0.5551630258560181,0.5551630258560181,,,,
475,3326,,,1.309212565422058,,1.30808424949646,1.30808424949646,,,,
475,3327,,,0.6675494909286499,,0.666421115398407,0.666421115398407,,,,
475,3328,,,0.5617988705635071,,0.5606703758239746,0.5606703758239746,,,,
475,3329,,,0.5138698816299438,,0.5127413272857666,0.5127413272857666,,,,
475,3330,,,0.4701113998889923,,0.4689827263355255,0.4689827263355255,,,,
475,3331,,,0.6545204520225525,,0.6533916592597961,0.6533916592597961,,,,
,475,,,,,,,,,0.6975929737091064,0.6975929737091064
475,3331,,,,,,,0.6975930333137512,0.6975930333137512,,
475,3331,0.6771897673606873,0.6783182621002197,,0.6771897673606873,,,,,,
476,3332,,,0.5246395468711853,,0.5235106348991394,0.5235106348991394,,,,
476,3333,,,0.9332337379455566,,0.9321047067642212,0.9321047067642212,,,,
476,3334,,,0.5068458914756775,,0.5057168006896973,0.5057168006896973,,,,
476,3335,,,0.6198124289512634,,0.6186832189559937,0.6186832189559937,,,,
476,3336,,,0.459884375333786,,0.4587550461292267,0.4587550461292267,,,,
476,3337,,,1.17039155960083,,1.1692620515823364,1.1692620515823364,,,,
476,3338,,,0.2511957585811615,,0.25006622076034546,0.25006622076034546,,,,
,476,,,,,,,,,0.6822957992553711,0.6822957992553711
476,3338,,,,,,,0.6822957992553711,0.6822957992553711,,
476,3338,0.6747932434082031,0.6759224534034729,,0.6747932434082031,,,,,,
477,3339,,,0.40208810567855835,,0.40095844864845276,0.40095844864845276,,,,
477,3340,,,0.3424929976463318,,0.34136325120925903,0.34136325120925903,,,,
477,3341,,,0.5700891017913818,,0.5689592361450195,0.5689592361450195,,,,
477,3342,,,1.2743279933929443,,1.2731980085372925,1.2731980085372925,,,,
477,3343,,,0.48607000708580017,,0.48493993282318115,0.48493993282318115,,,,
477,3344,,,1.13764226436615,,1.136512041091919,1.136512041091919,,,,
477,3345,,,0.21759264171123505,,0.2164623737335205,0.2164623737335205,,,,
,477,,,,,,,,,0.6655732989311218,0.6655732989311218
477,3345,,,,,,,0.6655732989311218,0.6655732989311218,,
477,3345,0.6724869012832642,0.673616886138916,,0.6724869012832642,,,,,,
478,3346,,,0.4208754599094391,,0.4197451174259186,0.4197451174259186,,,,
478,3347,,,0.6838171482086182,,0.6826866865158081,0.6826866865158081,,,,
478,3348,,,0.7291214466094971,,0.7279909253120422,0.7279909253120422,,,,
478,3349,,,0.7454977035522461,,0.7443670630455017,0.7443670630455017,,,,
478,3350,,,0.9904446005821228,,0.9893138408660889,0.9893138408660889,,,,
478,3351,,,0.2794211804866791,,0.278290331363678,0.278290331363678,,,,
478,3352,,,1.1418510675430298,,1.1407201290130615,1.1407201290130615,,,,
,478,,,,,,,,,0.6605625152587891,0.6605625152587891
478,3352,,,,,,,0.6605625152587891,0.6605625152587891,,
478,3352,0.6698296666145325,0.6709603071212769,,0.6698296666145325,,,,,,
479,3353,,,0.9538198709487915,,0.9526888132095337,0.9526888132095337,,,,
479,3354,,,0.4764692783355713,,0.4753381609916687,0.4753381609916687,,,,
479,3355,,,0.7878865599632263,,0.7867553234100342,0.7867553234100342,,,,
479,3356,,,0.501719057559967,,0.5005877614021301,0.5005877614021301,,,,
479,3357,,,0.7863974571228027,,0.7852660417556763,0.7852660417556763,,,,
479,3358,,,0.6521249413490295,,0.6509934067726135,0.6509934067726135,,,,
479,3359,,,0.269096702337265,,0.26796507835388184,0.26796507835388184,,,,
,479,,,,,,,,,0.6509749889373779,0.6509749889373779
479,3359,,,,,,,0.6509749293327332,0.6509749293327332,,
479,3359,0.6669986248016357,0.6681299209594727,,0.6669986248016357,,,,,,
480,3360,,,0.2936371862888336,,0.2925054430961609,0.2925054430961609,,,,
480,3361,,,0.7412365674972534,,0.7401047348976135,0.7401047348976135,,,,
480,3362,,,0.5672534108161926,,0.5661214590072632,0.5661214590072632,,,,
480,3363,,,0.7131755352020264,,0.7120434641838074,0.7120434641838074,,,,
480,3364,,,0.5210508704185486,,0.5199187397956848,0.5199187397956848,,,,
480,3365,,,1.1585896015167236,,1.1574573516845703,1.1574573516845703,,,,
480,3366,,,0.6590740084648132,,0.6579416990280151,0.6579416990280151,,,,
,480,,,,,,,,,0.6448007225990295,0.6448007225990295
480,3366,,,,,,,0.6448007225990295,0.6448007225990295,,
480,3366,0.6642947196960449,0.6654267907142639,,0.6642947196960449,,,,,,
481,3367,,,0.6526240706443787,,0.651491641998291,0.651491641998291,,,,
481,3368,,,0.6673147082328796,,0.6661821603775024,0.6661821603775024,,,,
481,3369,,,0.5769177079200745,,0.5757850408554077,0.5757850408554077,,,,
481,3370,,,0.4519798755645752,,0.4508471190929413,0.4508471190929413,,,,
481,3371,,,0.7217450141906738,,0.7206121683120728,0.7206121683120728,,,,
481,3372,,,1.1152617931365967,,1.114128828048706,1.114128828048706,,,,
481,3373,,,0.0963178500533104,,0.0951847955584526,0.0951847955584526,,,,
,481,,,,,,,,,0.6451061964035034,0.6451061964035034
481,3373,,,,,,,0.6451061964035034,0.6451061964035034,,
481,3373,0.6611357927322388,0.6622686386108398,,0.6611357927322388,,,,,,
482,3374,,,0.675103485584259,,0.6739703416824341,0.6739703416824341,,,,
482,3375,,,0.8470152616500854,,0.8458820581436157,0.8458820581436157,,,,
482,3376,,,0.6419649124145508,,0.6408316493034363,0.6408316493034363,,,,
482,3377,,,0.6710298657417297,,0.6698964834213257,0.6698964834213257,,,,
482,3378,,,0.7629684805870056,,0.761834979057312,0.761834979057312,,,,
482,3379,,,0.24971450865268707,,0.24858088791370392,0.24858088791370392,,,,
482,3380,,,0.9454305768013,,0.9442968964576721,0.9442968964576721,,,,
,482,,,,,,,,,0.6434236764907837,0.6434236764907837
482,3380,,,,,,,0.6434236764907837,0.6434236764907837,,
482,3380,0.6580561399459839,0.6591894626617432,,0.6580561399459839,,,,,,
483,3381,,,0.5560680031776428,,0.5549342036247253,0.5549342036247253,,,,
483,3382,,,1.0228182077407837,,1.0216842889785767,1.0216842889785767,,,,
483,3383,,,0.38283365964889526,,0.38169965147972107,0.38169965147972107,,,,
483,3384,,,0.6431918144226074,,0.6420577168464661,0.6420577168464661,,,,
483,3385,,,0.8594527840614319,,0.858318567276001,0.858318567276001,,,,
483,3386,,,0.5572697520256042,,0.5561354756355286,0.5561354756355286,,,,
483,3387,,,0.43530288338661194,,0.4341684579849243,0.4341684579849243,,,,
,483,,,,,,,,,0.6495247483253479,0.6495247483253479
483,3387,,,,,,,0.6495247483253479,0.6495247483253479,,
483,3387,0.6553165912628174,0.656450629234314,,0.6553165912628174,,,,,,
484,3388,,,0.4604068100452423,,0.4592723250389099,0.4592723250389099,,,,
484,3389,,,0.46886393427848816,,0.4677293300628662,0.4677293300628662,,,,
484,3390,,,0.5902730822563171,,0.5891383290290833,0.5891383290290833,,,,
484,3391,,,1.150866985321045,,1.1497321128845215,1.1497321128845215,,,,
484,3392,,,1.0409380197525024,,1.039803147315979,1.039803147315979,,,,
484,3393,,,0.3675047755241394,,0.3663697838783264,0.3663697838783264,,,,
484,3394,,,0.2495085895061493,,0.24837349355220795,0.24837349355220795,,,,
,484,,,,,,,,,0.6469396948814392,0.6469396948814392
484,3394,,,,,,,0.6469396948814392,0.6469396948814392,,
484,3394,0.6533623337745667,0.6544972062110901,,0.6533623337745667,,,,,,
485,3395,,,1.2521946430206299,,1.2510594129562378,1.2510594129562378,,,,
485,3396,,,0.5575546622276306,,0.5564193725585938,0.5564193725585938,,,,
485,3397,,,0.8156034350395203,,0.8144680857658386,0.8144680857658386,,,,
485,3398,,,0.6365744471549988,,0.6354389786720276,0.6354389786720276,,,,
485,3399,,,0.3844323456287384,,0.38329675793647766,0.38329675793647766,,,,
485,3400,,,0.43185344338417053,,0.4307177662849426,0.4307177662849426,,,,
485,3401,,,0.2033156454563141,,0.20217984914779663,0.20217984914779663,,,,
,485,,,,,,,,,0.6444217562675476,0.6444217562675476
485,3401,,,,,,,0.6444217562675476,0.6444217562675476,,
485,3401,0.6505439877510071,0.6516794562339783,,0.6505439877510071,,,,,,
486,3402,,,0.8568433523178101,,0.8557074666023254,0.8557074666023254,,,,
486,3403,,,0.420616090297699,,0.4194801151752472,0.4194801151752472,,,,
486,3404,,,0.8190473318099976,,0.8179112672805786,0.8179112672805786,,,,
486,3405,,,0.40500932931900024,,0.40387314558029175,0.40387314558029175,,,,
486,3406,,,0.30072423815727234,,0.2995879352092743,0.2995879352092743,,,,
486,3407,,,1.135718584060669,,1.1345821619033813,1.1345821619033813,,,,
486,3408,,,0.5345535278320312,,0.5334170460700989,0.5334170460700989,,,,
,486,,,,,,,,,0.6382526755332947,0.6382526755332947
486,3408,,,,,,,0.6382526755332947,0.6382526755332947,,
486,3408,0.648027241230011,0.6491633653640747,,0.648027241230011,,,,,,
487,3409,,,0.7512915730476379,,0.750154972076416,0.750154972076416,,,,
487,3410,,,0.4967498481273651,,0.495613157749176,0.495613157749176,,,,
487,3411,,,0.40032246708869934,,0.3991856575012207,0.3991856575012207,,,,
487,3412,,,0.47455963492393494,,0.47342270612716675,0.47342270612716675,,,,
487,3413,,,1.0424871444702148,,1.0413501262664795,1.0413501262664795,,,,
487,3414,,,0.5427932739257812,,0.5416561961174011,0.5416561961174011,,,,
487,3415,,,1.1139706373214722,,1.1128334999084473,1.1128334999084473,,,,
,487,,,,,,,,,0.6280002593994141,0.6280002593994141
487,3415,,,,,,,0.6280002593994141,0.6280002593994141,,
487,3415,0.6460698246955872,0.647206723690033,,0.6460698246955872,,,,,,
488,3416,,,0.733975350856781,,0.7328380942344666,0.7328380942344666,,,,
488,3417,,,0.9635683298110962,,0.9624309539794922,0.9624309539794922,,,,
488,3418,,,0.3088435232639313,,0.3077060580253601,0.3077060580253601,,,,
488,3419,,,0.36161699891090393,,0.3604794144630432,0.3604794144630432,,,,
488,3420,,,0.8741017580032349,,0.872964084148407,0.872964084148407,,,,
488,3421,,,0.7422068119049072,,0.7410690784454346,0.7410690784454346,,,,
488,3422,,,0.3411390781402588,,0.3400012254714966,0.3400012254714966,,,,
,488,,,,,,,,,0.6271724700927734,0.6271724700927734
488,3422,,,,,,,0.6271724700927734,0.6271724700927734,,
488,3422,0.6439197063446045,0.645057201385498,,0.6439197063446045,,,,,,
489,3423,,,0.555973470211029,,0.5548355579376221,0.5548355579376221,,,,
489,3424,,,0.6255795955657959,,0.6244415640830994,0.6244415640830994,,,,
489,3425,,,0.5137461423873901,,0.512607991695404,0.512607991695404,,,,
489,3426,,,0.37909311056137085,,0.37795490026474,0.37795490026474,,,,
489,3427,,,1.167792558670044,,1.1666542291641235,1.1666542291641235,,,,
489,3428,,,0.7279380559921265,,0.7267996668815613,0.7267996668815613,,,,
489,3429,,,0.33304181694984436,,0.3319033086299896,0.3319033086299896,,,,
,489,,,,,,,,,0.6242077350616455,0.6242077350616455
489,3429,,,,,,,0.6242077946662903,0.6242077946662903,,
489,3429,0.6412169337272644,0.6423550844192505,,0.6412169337272644,,,,,,
490,3430,,,0.34298011660575867,,0.34184151887893677,0.34184151887893677,,,,
490,3431,,,0.820346474647522,,0.8192077875137329,0.8192077875137329,,,,
490,3432,,,0.4186314344406128,,0.4174926280975342,0.4174926280975342,,,,
490,3433,,,0.7849847078323364,,0.7838457822799683,0.7838457822799683,,,,
490,3434,,,1.3206467628479004,,1.3195077180862427,1.3195077180862427,,,,
490,3435,,,0.19811807572841644,,0.19697897136211395,0.19697897136211395,,,,
490,3436,,,0.524086058139801,,0.5229468941688538,0.5229468941688538,,,,
,490,,,,,,,,,0.6154052019119263,0.6154052019119263
490,3436,,,,,,,0.6154052019119263,0.6154052019119263,,
490,3436,0.639212429523468,0.640351414680481,,0.639212429523468,,,,,,
491,3437,,,0.6394252777099609,,0.6382859945297241,0.6382859945297241,,,,
491,3438,,,0.5692665576934814,,0.5681271553039551,0.5681271553039551,,,,
491,3439,,,0.7809727191925049,,0.779833197593689,0.779833197593689,,,,
491,3440,,,0.38134410977363586,,0.38020452857017517,0.38020452857017517,,,,
491,3441,,,0.9885918498039246,,0.9874521493911743,0.9874521493911743,,,,
491,3442,,,0.5526497960090637,,0.5515100359916687,0.5515100359916687,,,,
491,3443,,,0.4121948778629303,,0.4110549986362457,0.4110549986362457,,,,
,491,,,,,,,,,0.6104015111923218,0.6104015111923218
491,3443,,,,,,,0.6104015111923218,0.6104015111923218,,
491,3443,0.6367934942245483,0.637933075428009,,0.6367934942245483,,,,,,
492,3444,,,0.4288896918296814,,0.4277496933937073,0.4277496933937073,,,,
492,3445,,,0.7733315229415894,,0.7721914052963257,0.7721914052963257,,,,
492,3446,,,0.8259551525115967,,0.8248149156570435,0.8248149156570435,,,,
492,3447,,,0.6169343590736389,,0.6157940626144409,0.6157940626144409,,,,
492,3448,,,0.7012849450111389,,0.7001445889472961,0.7001445889472961,,,,
492,3449,,,0.5330685973167419,,0.5319281220436096,0.5319281220436096,,,,
492,3450,,,0.46986937522888184,,0.46872881054878235,0.46872881054878235,,,,
,492,,,,,,,,,0.6040105223655701,0.6040105223655701
492,3450,,,,,,,0.6040105223655701,0.6040105223655701,,
492,3450,0.6350425481796265,0.6361827254295349,,0.6350425481796265,,,,,,
493,3451,,,0.6524359583854675,,0.6512952446937561,0.6512952446937561,,,,
493,3452,,,0.9467431902885437,,0.9456024169921875,0.9456024169921875,,,,
493,3453,,,0.59308922290802,,0.5919483304023743,0.5919483304023743,,,,
493,3454,,,0.4284423291683197,,0.4273013174533844,0.4273013174533844,,,,
493,3455,,,0.30341145396232605,,0.3022703528404236,0.3022703528404236,,,,
493,3456,,,0.9674274325370789,,0.9662862420082092,0.9662862420082092,,,,
493,3457,,,0.39425814151763916,,0.39311686158180237,0.39311686158180237,,,,
,493,,,,,,,,,0.6057372689247131,0.6057372689247131
493,3457,,,,,,,0.6057372689247131,0.6057372689247131,,
493,3457,0.632489800453186,0.6336308121681213,,0.632489800453186,,,,,,
494,3458,,,0.5930376648902893,,0.5918962955474854,0.5918962955474854,,,,
494,3459,,,0.30709055066108704,,0.30594906210899353,0.30594906210899353,,,,
494,3460,,,0.3758181929588318,,0.3746766149997711,0.3746766149997711,,,,
494,3461,,,1.5158426761627197,,1.514701008796692,1.514701008796692,,,,
494,3462,,,0.5650326609611511,,0.5638908743858337,0.5638908743858337,,,,
494,3463,,,0.4784669280052185,,0.47732505202293396,0.47732505202293396,,,,
494,3464,,,0.5002735257148743,,0.49913153052330017,0.49913153052330017,,,,
,494,,,,,,,,,0.6047223210334778,0.6047223210334778
494,3464,,,,,,,0.6047223210334778,0.6047223210334778,,
494,3464,0.6299000978469849,0.6310418248176575,,0.6299000978469849,,,,,,
495,3465,,,0.6158344745635986,,0.6146924495697021,0.6146924495697021,,,,
495,3466,,,0.3775712847709656,,0.37642911076545715,0.37642911076545715,,,,
495,3467,,,0.56333327293396,,0.5621910095214844,0.5621910095214844,,,,
495,3468,,,1.2514594793319702,,1.250317096710205,1.250317096710205,,,,
495,3469,,,0.47150877118110657,,0.47036635875701904,0.47036635875701904,,,,
495,3470,,,0.5384171605110168,,0.5372746586799622,0.5372746586799622,,,,
495,3471,,,0.5030232667922974,,0.5018806457519531,0.5018806457519531,,,,
,495,,,,,,,,,0.6041988134384155,0.6041988134384155
495,3471,,,,,,,0.6041988134384155,0.6041988134384155,,
495,3471,0.6273687481880188,0.6285110712051392,,0.6273687481880188,,,,,,
496,3472,,,0.4775160551071167,,0.4763733446598053,0.4763733446598053,,,,
496,3473,,,0.25988489389419556,,0.2587420642375946,0.2587420642375946,,,,
496,3474,,,1.1457866430282593,,1.1446436643600464,1.1446436643600464,,,,
496,3475,,,0.6591097116470337,,0.6579667329788208,0.6579667329788208,,,,
496,3476,,,0.4470413625240326,,0.44589826464653015,0.44589826464653015,,,,
496,3477,,,0.5541799068450928,,0.5530366897583008,0.5530366897583008,,,,
496,3478,,,1.194955587387085,,1.1938122510910034,1.1938122510910034,,,,
,496,,,,,,,,,0.6027438640594482,0.6027438640594482
496,3478,,,,,,,0.6027438044548035,0.6027438044548035,,
496,3478,0.6249945759773254,0.6261375546455383,,0.6249945759773254,,,,,,
497,3479,,,0.585388720035553,,0.5842453241348267,0.5842453241348267,,,,
497,3480,,,0.4111238121986389,,0.4099803566932678,0.4099803566932678,,,,
497,3481,,,0.5687199234962463,,0.5675763487815857,0.5675763487815857,,,,
497,3482,,,0.3186854124069214,,0.3175417482852936,0.3175417482852936,,,,
497,3483,,,0.45537281036376953,,0.45422905683517456,0.45422905683517456,,,,
497,3484,,,0.9860385656356812,,0.9848946928977966,0.9848946928977966,,,,
497,3485,,,1.7394510507583618,,1.7383071184158325,1.7383071184158325,,,,
,497,,,,,,,,,0.5940285325050354,0.5940285325050354
497,3485,,,,,,,0.5940285325050354,0.5940285325050354,,
497,3485,0.6227973103523254,0.6239409446716309,,0.6227973103523254,,,,,,
498,3486,,,0.38549819588661194,,0.38435420393943787,0.38435420393943787,,,,
498,3487,,,0.2966054081916809,,0.2954612970352173,0.2954612970352173,,,,
498,3488,,,0.5511220693588257,,0.5499778985977173,0.5499778985977173,,,,
498,3489,,,0.6222037076950073,,0.6210594177246094,0.6210594177246094,,,,
498,3490,,,1.148146390914917,,1.1470019817352295,1.1470019817352295,,,,
498,3491,,,0.8704617023468018,,0.8693172335624695,0.8693172335624695,,,,
498,3492,,,0.24353797733783722,,0.24239341914653778,0.24239341914653778,,,,
,498,,,,,,,,,0.5860705375671387,0.5860705375671387
498,3492,,,,,,,0.5860705375671387,0.5860705375671387,,
498,3492,0.6208736300468445,0.6220179200172424,,0.6208736300468445,,,,,,
499,3493,,,0.7384846210479736,,0.737339973449707,0.737339973449707,,,,
499,3494,,,0.42641744017601013,,0.42527270317077637,0.42527270317077637,,,,
499,3495,,,0.28095388412475586,,0.27980905771255493,0.27980905771255493,,,,
499,3496,,,1.109723448753357,,1.1085785627365112,1.1085785627365112,,,,
499,3497,,,0.3544667065143585,,0.35332170128822327,0.35332170128822327,,,,
499,3498,,,0.6945898532867432,,0.6934447288513184,0.6934447288513184,,,,
499,3499,,,0.9338984489440918,,0.9327532649040222,0.9327532649040222,,,,
,499,,,,,,,,,0.5867863893508911,0.5867863893508911
499,3499,,,,,,,0.5867863893508911,0.5867863893508911,,
499,3499,0.619223415851593,0.6203683018684387,,0.619223415851593,,,,,,
