epoch,step,train_loss_epoch,train_loss_regularized_epoch,train_loss_regularized_step,train_loss_scaled (x10^0)_epoch,train_loss_scaled (x10^0)_step,train_loss_step,val_loss_epoch,val_loss_scaled (x10^0)_epoch,val_loss_scaled (x10^0)_step,val_loss_step
0,0,,,16.442609786987305,,16.431011199951172,16.431011199951172,,,,
0,1,,,40.045562744140625,,40.03397750854492,40.03397750854492,,,,
0,2,,,48.372703552246094,,48.36112976074219,48.36112976074219,,,,
0,3,,,46.156131744384766,,46.144569396972656,46.144569396972656,,,,
0,4,,,28.513765335083008,,28.502214431762695,28.502214431762695,,,,
0,5,,,37.384681701660156,,37.37314224243164,37.37314224243164,,,,
0,6,,,50.926631927490234,,50.91510009765625,50.91510009765625,,,,
,0,,,,,,,,,3.570280075073242,3.570280075073242
0,6,,,,,,,3.570280075073242,3.570280075073242,,
0,6,37.01007080078125,37.02164077758789,,37.01007080078125,,,,,,
1,7,,,62.56695556640625,,62.55543518066406,62.55543518066406,,,,
1,8,,,40.26420211791992,,40.2526969909668,40.2526969909668,,,,
1,9,,,14.189369201660156,,14.177874565124512,14.177874565124512,,,,
1,10,,,41.30672836303711,,41.29524612426758,41.29524612426758,,,,
1,11,,,26.07938003540039,,26.067909240722656,26.067909240722656,,,,
1,12,,,43.85015106201172,,43.83869171142578,43.83869171142578,,,,
1,13,,,19.789310455322266,,19.777860641479492,19.777860641479492,,,,
,1,,,,,,,,,3.5486953258514404,3.5486953258514404
1,13,,,,,,,3.5486953258514404,3.5486953258514404,,
1,13,36.95757293701172,36.96906280517578,,36.95757293701172,,,,,,
2,14,,,43.86301803588867,,43.85158157348633,43.85158157348633,,,,
2,15,,,16.951251983642578,,16.93982696533203,16.93982696533203,,,,
2,16,,,35.34136962890625,,35.329959869384766,35.329959869384766,,,,
2,17,,,51.3585090637207,,51.34711456298828,51.34711456298828,,,,
2,18,,,68.42461395263672,,68.4132308959961,68.4132308959961,,,,
2,19,,,18.380468368530273,,18.369096755981445,18.369096755981445,,,,
2,20,,,2.6437880992889404,,2.6324291229248047,2.6324291229248047,,,,
,2,,,,,,,,,3.525297164916992,3.525297164916992
2,20,,,,,,,3.525297164916992,3.525297164916992,,
2,20,36.90007400512695,36.91147232055664,,36.90007400512695,,,,,,
3,21,,,51.627037048339844,,51.61568832397461,51.61568832397461,,,,
3,22,,,38.797122955322266,,38.78578567504883,38.78578567504883,,,,
3,23,,,43.22562026977539,,43.214298248291016,43.214298248291016,,,,
3,24,,,27.60420799255371,,27.59290313720703,27.59290313720703,,,,
3,25,,,40.05447769165039,,40.04318618774414,40.04318618774414,,,,
3,26,,,25.286157608032227,,25.274877548217773,25.274877548217773,,,,
3,27,,,22.21915626525879,,22.207889556884766,22.207889556884766,,,,
,3,,,,,,,,,3.5004401206970215,3.5004401206970215
3,27,,,,,,,3.5004401206970215,3.5004401206970215,,
3,27,36.83995056152344,36.85126495361328,,36.83995056152344,,,,,,
4,28,,,50.74925231933594,,50.737998962402344,50.737998962402344,,,,
4,29,,,58.21699142456055,,58.205753326416016,58.205753326416016,,,,
4,30,,,29.23977279663086,,29.228544235229492,29.228544235229492,,,,
4,31,,,21.96070671081543,,21.949493408203125,21.949493408203125,,,,
4,32,,,28.43833351135254,,28.427133560180664,28.427133560180664,,,,
4,33,,,39.06608581542969,,39.054901123046875,39.054901123046875,,,,
4,34,,,18.264888763427734,,18.25371742248535,18.25371742248535,,,,
,4,,,,,,,,,3.4749233722686768,3.4749233722686768
4,34,,,,,,,3.4749233722686768,3.4749233722686768,,
4,34,36.776309967041016,36.78752899169922,,36.776309967041016,,,,,,
5,35,,,51.27666473388672,,51.2655029296875,51.2655029296875,,,,
5,36,,,29.511703491210938,,29.50055503845215,29.50055503845215,,,,
5,37,,,43.22241973876953,,43.21128845214844,43.21128845214844,,,,
5,38,,,51.374263763427734,,51.36314392089844,51.36314392089844,,,,
5,39,,,28.895069122314453,,28.88396453857422,28.88396453857422,,,,
5,40,,,17.73043441772461,,17.719345092773438,17.719345092773438,,,,
5,41,,,32.246803283691406,,32.2357292175293,32.2357292175293,,,,
,5,,,,,,,,,3.448700189590454,3.448700189590454
5,41,,,,,,,3.448700189590454,3.448700189590454,,
5,41,36.710933685302734,36.7220573425293,,36.710933685302734,,,,,,
6,42,,,24.460174560546875,,24.44911003112793,24.44911003112793,,,,
6,43,,,29.087020874023438,,29.07596778869629,29.07596778869629,,,,
6,44,,,53.30876159667969,,53.29772186279297,53.29772186279297,,,,
6,45,,,37.10248947143555,,37.09146499633789,37.09146499633789,,,,
6,46,,,40.420440673828125,,40.409427642822266,40.409427642822266,,,,
6,47,,,42.61750793457031,,42.60651397705078,42.60651397705078,,,,
6,48,,,17.78400421142578,,17.773025512695312,17.773025512695312,,,,
,6,,,,,,,,,3.422318458557129,3.422318458557129
6,48,,,,,,,3.422318696975708,3.422318696975708,,
6,48,36.64236831665039,36.65339660644531,,36.64236831665039,,,,,,
7,49,,,52.243019104003906,,52.232051849365234,52.232051849365234,,,,
7,50,,,35.938167572021484,,35.92721176147461,35.92721176147461,,,,
7,51,,,30.120431900024414,,30.1094913482666,30.1094913482666,,,,
7,52,,,32.74222946166992,,32.73130416870117,32.73130416870117,,,,
7,53,,,25.456729888916016,,25.445819854736328,25.445819854736328,,,,
7,54,,,38.17610168457031,,38.16520690917969,38.16520690917969,,,,
7,55,,,49.49209213256836,,49.4812126159668,49.4812126159668,,,,
,7,,,,,,,,,3.394613742828369,3.394613742828369
7,55,,,,,,,3.394613742828369,3.394613742828369,,
7,55,36.57514190673828,36.5860710144043,,36.57514190673828,,,,,,
8,56,,,48.572288513183594,,48.56142044067383,48.56142044067383,,,,
8,57,,,43.37092971801758,,43.360076904296875,43.360076904296875,,,,
8,58,,,37.266380310058594,,37.25554275512695,37.25554275512695,,,,
8,59,,,24.07916831970215,,24.068344116210938,24.068344116210938,,,,
8,60,,,9.995111465454102,,9.984304428100586,9.984304428100586,,,,
8,61,,,50.99782943725586,,50.98703384399414,50.98703384399414,,,,
8,62,,,49.33655548095703,,49.325775146484375,49.325775146484375,,,,
,8,,,,,,,,,3.3662683963775635,3.3662683963775635
8,62,,,,,,,3.3662683963775635,3.3662683963775635,,
8,62,36.50413513183594,36.51496505737305,,36.50413513183594,,,,,,
9,63,,,20.999624252319336,,20.988861083984375,20.988861083984375,,,,
9,64,,,38.22461700439453,,38.2138671875,38.2138671875,,,,
9,65,,,38.92800521850586,,38.917274475097656,38.917274475097656,,,,
9,66,,,29.502653121948242,,29.49193572998047,29.49193572998047,,,,
9,67,,,54.20183563232422,,54.191131591796875,54.191131591796875,,,,
9,68,,,33.35466766357422,,33.34397888183594,33.34397888183594,,,,
9,69,,,45.60234832763672,,45.5916748046875,45.5916748046875,,,,
,9,,,,,,,,,3.337751865386963,3.337751865386963
9,69,,,,,,,3.337751865386963,3.337751865386963,,
9,69,36.430419921875,36.44114685058594,,36.430419921875,,,,,,
10,70,,,31.755496978759766,,31.744840621948242,31.744840621948242,,,,
10,71,,,37.449859619140625,,37.4392204284668,37.4392204284668,,,,
10,72,,,29.570476531982422,,29.559850692749023,29.559850692749023,,,,
10,73,,,30.08001708984375,,30.069408416748047,30.069408416748047,,,,
10,74,,,59.4014778137207,,59.39088821411133,59.39088821411133,,,,
10,75,,,28.245901107788086,,28.235326766967773,28.235326766967773,,,,
10,76,,,40.910560607910156,,40.89999771118164,40.89999771118164,,,,
,10,,,,,,,,,3.308314800262451,3.308314800262451
10,76,,,,,,,3.308314800262451,3.308314800262451,,
10,76,36.357181549072266,36.367794036865234,,36.357181549072266,,,,,,
11,77,,,20.161270141601562,,20.15072250366211,20.15072250366211,,,,
11,78,,,41.552894592285156,,41.542362213134766,41.542362213134766,,,,
11,79,,,51.37895202636719,,51.36843490600586,51.36843490600586,,,,
11,80,,,33.67719268798828,,33.666690826416016,33.666690826416016,,,,
11,81,,,37.074649810791016,,37.06416702270508,37.06416702270508,,,,
11,82,,,32.69124221801758,,32.68077850341797,32.68077850341797,,,,
11,83,,,39.53755569458008,,39.527103424072266,39.527103424072266,,,,
,11,,,,,,,,,3.2780559062957764,3.2780559062957764
11,83,,,,,,,3.2780559062957764,3.2780559062957764,,
11,83,36.28169631958008,36.29220199584961,,36.28169631958008,,,,,,
12,84,,,52.86414337158203,,52.85370635986328,52.85370635986328,,,,
12,85,,,37.81364059448242,,37.803218841552734,37.803218841552734,,,,
12,86,,,37.37287902832031,,37.36247253417969,37.36247253417969,,,,
12,87,,,44.8438835144043,,44.833492279052734,44.833492279052734,,,,
12,88,,,26.848485946655273,,26.838111877441406,26.838111877441406,,,,
12,89,,,30.628477096557617,,30.618120193481445,30.618120193481445,,,,
12,90,,,1.3516106605529785,,1.341270923614502,1.341270923614502,,,,
,12,,,,,,,,,3.247529983520508,3.247529983520508
12,90,,,,,,,3.247529983520508,3.247529983520508,,
12,90,36.2058219909668,36.21621322631836,,36.2058219909668,,,,,,
13,91,,,47.392520904541016,,47.38219451904297,47.38219451904297,,,,
13,92,,,48.961280822753906,,48.95096969604492,48.95096969604492,,,,
13,93,,,22.55243682861328,,22.542144775390625,22.542144775390625,,,,
13,94,,,28.27056884765625,,28.260292053222656,28.260292053222656,,,,
13,95,,,40.296058654785156,,40.28579330444336,40.28579330444336,,,,
13,96,,,36.201141357421875,,36.190895080566406,36.190895080566406,,,,
13,97,,,17.892230987548828,,17.881999969482422,17.881999969482422,,,,
,13,,,,,,,,,3.2153797149658203,3.2153797149658203
13,97,,,,,,,3.2153797149658203,3.2153797149658203,,
13,97,36.128318786621094,36.13860321044922,,36.128318786621094,,,,,,
14,98,,,43.87481689453125,,43.86460494995117,43.86460494995117,,,,
14,99,,,18.483129501342773,,18.472938537597656,18.472938537597656,,,,
14,100,,,40.888694763183594,,40.87852478027344,40.87852478027344,,,,
14,101,,,60.35520935058594,,60.345054626464844,60.345054626464844,,,,
14,102,,,43.02853012084961,,43.01839065551758,43.01839065551758,,,,
14,103,,,22.652631759643555,,22.64250946044922,22.64250946044922,,,,
14,104,,,1.567215085029602,,1.55710768699646,1.55710768699646,,,,
,14,,,,,,,,,3.181870222091675,3.181870222091675
14,104,,,,,,,3.181870222091675,3.181870222091675,,
14,104,36.04798889160156,36.05815505981445,,36.04798889160156,,,,,,
15,105,,,32.10655975341797,,32.096466064453125,32.096466064453125,,,,
15,106,,,15.218856811523438,,15.20877456665039,15.20877456665039,,,,
15,107,,,29.452795028686523,,29.442729949951172,29.442729949951172,,,,
15,108,,,54.58479690551758,,54.57474899291992,54.57474899291992,,,,
15,109,,,34.417293548583984,,34.40726852416992,34.40726852416992,,,,
15,110,,,44.54578399658203,,44.53577423095703,44.53577423095703,,,,
15,111,,,50.6658821105957,,50.655887603759766,50.655887603759766,,,,
,15,,,,,,,,,3.144949197769165,3.144949197769165
15,111,,,,,,,3.144949197769165,3.144949197769165,,
15,111,35.962623596191406,35.97267150878906,,35.962623596191406,,,,,,
16,112,,,52.81221008300781,,52.8022346496582,52.8022346496582,,,,
16,113,,,37.58943176269531,,37.579471588134766,37.579471588134766,,,,
16,114,,,33.893760681152344,,33.88381576538086,33.88381576538086,,,,
16,115,,,11.309404373168945,,11.299478530883789,11.299478530883789,,,,
16,116,,,39.67050552368164,,39.66060256958008,39.66060256958008,,,,
16,117,,,36.76156234741211,,36.751678466796875,36.751678466796875,,,,
16,118,,,44.572654724121094,,44.56278610229492,44.56278610229492,,,,
,16,,,,,,,,,3.104469060897827,3.104469060897827
16,118,,,,,,,3.104469060897827,3.104469060897827,,
16,118,35.872676849365234,35.882606506347656,,35.872676849365234,,,,,,
17,119,,,30.029104232788086,,30.01924705505371,30.01924705505371,,,,
17,120,,,57.144535064697266,,57.13469696044922,57.13469696044922,,,,
17,121,,,16.767169952392578,,16.757349014282227,16.757349014282227,,,,
17,122,,,47.7352294921875,,47.72542190551758,47.72542190551758,,,,
17,123,,,25.351747512817383,,25.341960906982422,25.341960906982422,,,,
17,124,,,31.43296241760254,,31.42319107055664,31.42319107055664,,,,
17,125,,,52.4386100769043,,52.42885971069336,52.42885971069336,,,,
,17,,,,,,,,,3.059314250946045,3.059314250946045
17,125,,,,,,,3.059314250946045,3.059314250946045,,
17,125,35.774539947509766,35.78435134887695,,35.774539947509766,,,,,,
18,126,,,31.853097915649414,,31.84336280822754,31.84336280822754,,,,
18,127,,,34.11956024169922,,34.109840393066406,34.109840393066406,,,,
18,128,,,17.75880241394043,,17.74909782409668,17.74909782409668,,,,
18,129,,,56.151145935058594,,56.141456604003906,56.141456604003906,,,,
18,130,,,26.028545379638672,,26.018878936767578,26.018878936767578,,,,
18,131,,,45.743778228759766,,45.734130859375,45.734130859375,,,,
18,132,,,42.071563720703125,,42.06193542480469,42.06193542480469,,,,
,18,,,,,,,,,3.0080225467681885,3.0080225467681885
18,132,,,,,,,3.0080225467681885,3.0080225467681885,,
18,132,35.66587829589844,35.67557144165039,,35.66587829589844,,,,,,
19,133,,,43.85942459106445,,43.84981155395508,43.84981155395508,,,,
19,134,,,25.523387908935547,,25.513797760009766,25.513797760009766,,,,
19,135,,,31.53790283203125,,31.528329849243164,31.528329849243164,,,,
19,136,,,28.314468383789062,,28.304914474487305,28.304914474487305,,,,
19,137,,,51.05915451049805,,51.04962158203125,51.04962158203125,,,,
19,138,,,40.12705612182617,,40.11753845214844,40.11753845214844,,,,
19,139,,,16.659101486206055,,16.64960289001465,16.64960289001465,,,,
,19,,,,,,,,,2.949796199798584,2.949796199798584
19,139,,,,,,,2.949796199798584,2.949796199798584,,
19,139,35.546295166015625,35.55585479736328,,35.546295166015625,,,,,,
20,140,,,38.37379455566406,,38.36431121826172,38.36431121826172,,,,
20,141,,,14.471641540527344,,14.462177276611328,14.462177276611328,,,,
20,142,,,46.922332763671875,,46.91288375854492,46.91288375854492,,,,
20,143,,,41.62559127807617,,41.61616134643555,41.61616134643555,,,,
20,144,,,35.99890899658203,,35.989498138427734,35.989498138427734,,,,
20,145,,,41.95502853393555,,41.945640563964844,41.945640563964844,,,,
20,146,,,17.165019989013672,,17.155649185180664,17.155649185180664,,,,
,20,,,,,,,,,2.8816723823547363,2.8816723823547363
20,146,,,,,,,2.8816723823547363,2.8816723823547363,,
20,146,35.407691955566406,35.41712951660156,,35.407691955566406,,,,,,
21,147,,,44.645416259765625,,44.636070251464844,44.636070251464844,,,,
21,148,,,34.430545806884766,,34.42121887207031,34.42121887207031,,,,
21,149,,,40.922630310058594,,40.9133186340332,40.9133186340332,,,,
21,150,,,43.961483001708984,,43.95219421386719,43.95219421386719,,,,
21,151,,,18.333227157592773,,18.323957443237305,18.323957443237305,,,,
21,152,,,40.7778434753418,,40.768592834472656,40.768592834472656,,,,
21,153,,,4.473978519439697,,4.464750289916992,4.464750289916992,,,,
,21,,,,,,,,,2.802410840988159,2.802410840988159
21,153,,,,,,,2.802410840988159,2.802410840988159,,
21,153,35.24543380737305,35.25472640991211,,35.24543380737305,,,,,,
22,154,,,46.54460144042969,,46.535396575927734,46.535396575927734,,,,
22,155,,,23.28053855895996,,23.2713565826416,23.2713565826416,,,,
22,156,,,16.379545211791992,,16.37038230895996,16.37038230895996,,,,
22,157,,,44.686195373535156,,44.67705154418945,44.67705154418945,,,,
22,158,,,30.680782318115234,,30.671659469604492,30.671659469604492,,,,
22,159,,,53.9417724609375,,53.93267059326172,53.93267059326172,,,,
22,160,,,21.314905166625977,,21.305824279785156,21.305824279785156,,,,
,22,,,,,,,,,2.704944133758545,2.704944133758545
22,160,,,,,,,2.704944133758545,2.704944133758545,,
22,160,35.05070114135742,35.05984878540039,,35.05070114135742,,,,,,
23,161,,,29.983299255371094,,29.974231719970703,29.974231719970703,,,,
23,162,,,56.312435150146484,,56.30339050292969,56.30339050292969,,,,
23,163,,,5.6318678855896,,5.6228437423706055,5.6228437423706055,,,,
23,164,,,45.127532958984375,,45.1185302734375,45.1185302734375,,,,
23,165,,,50.247108459472656,,50.23812484741211,50.23812484741211,,,,
23,166,,,33.56752014160156,,33.558563232421875,33.558563232421875,,,,
23,167,,,3.130648136138916,,3.121706247329712,3.121706247329712,,,,
,23,,,,,,,,,2.5850942134857178,2.5850942134857178
23,167,,,,,,,2.5850942134857178,2.5850942134857178,,
23,167,34.821380615234375,34.83039474487305,,34.821380615234375,,,,,,
24,168,,,18.2288761138916,,18.219951629638672,18.219951629638672,,,,
24,169,,,65.87718963623047,,65.8682861328125,65.8682861328125,,,,
24,170,,,47.693359375,,47.68448257446289,47.68448257446289,,,,
24,171,,,41.260650634765625,,41.25178909301758,41.25178909301758,,,,
24,172,,,19.352394104003906,,19.343557357788086,19.343557357788086,,,,
24,173,,,27.572900772094727,,27.564085006713867,27.564085006713867,,,,
24,174,,,0.8474704027175903,,0.8386766314506531,0.8386766314506531,,,,
,24,,,,,,,,,2.4353764057159424,2.4353764057159424
24,174,,,,,,,2.4353764057159424,2.4353764057159424,,
24,174,34.548492431640625,34.5573616027832,,34.548492431640625,,,,,,
25,175,,,33.36652755737305,,33.35774612426758,33.35774612426758,,,,
25,176,,,13.375356674194336,,13.366597175598145,13.366597175598145,,,,
25,177,,,72.2204818725586,,72.21173858642578,72.21173858642578,,,,
25,178,,,24.512609481811523,,24.503890991210938,24.503890991210938,,,,
25,179,,,24.48847770690918,,24.47977638244629,24.47977638244629,,,,
25,180,,,37.64419174194336,,37.63551330566406,37.63551330566406,,,,
25,181,,,33.27045440673828,,33.26179885864258,33.26179885864258,,,,
,25,,,,,,,,,2.2369980812072754,2.2369980812072754
25,181,,,,,,,2.2369980812072754,2.2369980812072754,,
25,181,34.200538635253906,34.209266662597656,,34.200538635253906,,,,,,
26,182,,,19.385690689086914,,19.377063751220703,19.377063751220703,,,,
26,183,,,34.899662017822266,,34.891056060791016,34.891056060791016,,,,
26,184,,,40.3880729675293,,40.379493713378906,40.379493713378906,,,,
26,185,,,48.327693939208984,,48.31914138793945,48.31914138793945,,,,
26,186,,,20.88996696472168,,20.881433486938477,20.881433486938477,,,,
26,187,,,38.479244232177734,,38.47072982788086,38.47072982788086,,,,
26,188,,,33.893795013427734,,33.88530349731445,33.88530349731445,,,,
,26,,,,,,,,,1.989092230796814,1.989092230796814
26,188,,,,,,,1.989092230796814,1.989092230796814,,
26,188,33.72955322265625,33.738121032714844,,33.72955322265625,,,,,,
27,189,,,29.720130920410156,,29.711660385131836,29.711660385131836,,,,
27,190,,,44.09634780883789,,44.08789825439453,44.08789825439453,,,,
27,191,,,23.90222930908203,,23.893800735473633,23.893800735473633,,,,
27,192,,,33.97972869873047,,33.9713249206543,33.9713249206543,,,,
27,193,,,28.710603713989258,,28.70222282409668,28.70222282409668,,,,
27,194,,,32.93806457519531,,32.92970657348633,32.92970657348633,,,,
27,195,,,46.76363754272461,,46.755306243896484,46.755306243896484,,,,
,27,,,,,,,,,1.6806461811065674,1.6806461811065674
27,195,,,,,,,1.6806461811065674,1.6806461811065674,,
27,195,33.07135009765625,33.07976150512695,,33.07135009765625,,,,,,
28,196,,,36.70764923095703,,36.6993408203125,36.6993408203125,,,,
28,197,,,39.48884201049805,,39.480560302734375,39.480560302734375,,,,
28,198,,,59.092628479003906,,59.084373474121094,59.084373474121094,,,,
28,199,,,23.92085838317871,,23.912626266479492,23.912626266479492,,,,
28,200,,,15.862188339233398,,15.853979110717773,15.853979110717773,,,,
28,201,,,13.013510704040527,,13.00532054901123,13.00532054901123,,,,
28,202,,,45.914573669433594,,45.90639877319336,45.90639877319336,,,,
,28,,,,,,,,,1.355948805809021,1.355948805809021
28,202,,,,,,,1.355948805809021,1.355948805809021,,
28,202,32.19625473022461,32.204490661621094,,32.19625473022461,,,,,,
29,203,,,45.95539093017578,,45.94724655151367,45.94724655151367,,,,
29,204,,,26.510345458984375,,26.502227783203125,26.502227783203125,,,,
29,205,,,26.365745544433594,,26.357648849487305,26.357648849487305,,,,
29,206,,,36.14445495605469,,36.13637924194336,36.13637924194336,,,,
29,207,,,20.34669303894043,,20.338640213012695,20.338640213012695,,,,
29,208,,,33.2567138671875,,33.24868392944336,33.24868392944336,,,,
29,209,,,24.70935821533203,,24.701353073120117,24.701353073120117,,,,
,29,,,,,,,,,1.0671495199203491,1.0671495199203491
29,209,,,,,,,1.0671495199203491,1.0671495199203491,,
29,209,31.0264835357666,31.034564971923828,,31.0264835357666,,,,,,
30,210,,,10.808660507202148,,10.80066967010498,10.80066967010498,,,,
30,211,,,50.44352722167969,,50.43555450439453,50.43555450439453,,,,
30,212,,,46.98372268676758,,46.975772857666016,46.975772857666016,,,,
30,213,,,8.757235527038574,,8.749313354492188,8.749313354492188,,,,
30,214,,,26.99260902404785,,26.984703063964844,26.984703063964844,,,,
30,215,,,35.58749771118164,,35.57961654663086,35.57961654663086,,,,
30,216,,,24.839279174804688,,24.8314208984375,24.8314208984375,,,,
,30,,,,,,,,,0.8745072484016418,0.8745072484016418
30,216,,,,,,,0.8745072484016418,0.8745072484016418,,
30,216,29.62155532836914,29.629487991333008,,29.62155532836914,,,,,,
31,217,,,12.471333503723145,,12.463492393493652,12.463492393493652,,,,
31,218,,,36.55862808227539,,36.550804138183594,36.550804138183594,,,,
31,219,,,34.40730285644531,,34.39950180053711,34.39950180053711,,,,
31,220,,,36.2857551574707,,36.27798080444336,36.27798080444336,,,,
31,221,,,31.82239532470703,,31.81464195251465,31.81464195251465,,,,
31,222,,,26.471158981323242,,26.46342658996582,26.46342658996582,,,,
31,223,,,0.8336101174354553,,0.8259004950523376,0.8259004950523376,,,,
,31,,,,,,,,,0.8417930006980896,0.8417930006980896
31,223,,,,,,,0.8417930006980896,0.8417930006980896,,
31,223,27.96541976928711,27.973203659057617,,27.96541976928711,,,,,,
32,224,,,16.363306045532227,,16.355606079101562,16.355606079101562,,,,
32,225,,,38.35996627807617,,38.3522834777832,38.3522834777832,,,,
32,226,,,29.198383331298828,,29.19072151184082,29.19072151184082,,,,
32,227,,,24.971506118774414,,24.963865280151367,24.963865280151367,,,,
32,228,,,13.440814971923828,,13.433196067810059,13.433196067810059,,,,
32,229,,,32.69565200805664,,32.68804931640625,32.68804931640625,,,,
32,230,,,31.3939208984375,,31.38633918762207,31.38633918762207,,,,
,32,,,,,,,,,1.0641462802886963,1.0641462802886963
32,230,,,,,,,1.0641462802886963,1.0641462802886963,,
32,230,26.15743064880371,26.165075302124023,,26.15743064880371,,,,,,
33,231,,,34.561363220214844,,34.55379867553711,34.55379867553711,,,,
33,232,,,21.298118591308594,,21.290576934814453,21.290576934814453,,,,
33,233,,,21.204238891601562,,21.196714401245117,21.196714401245117,,,,
33,234,,,24.45924949645996,,24.451745986938477,24.451745986938477,,,,
33,235,,,26.160709381103516,,26.153228759765625,26.153228759765625,,,,
33,236,,,21.08156967163086,,21.07410430908203,21.07410430908203,,,,
33,237,,,13.753843307495117,,13.746392250061035,13.746392250061035,,,,
,33,,,,,,,,,1.5977448225021362,1.5977448225021362
33,237,,,,,,,1.5977448225021362,1.5977448225021362,,
33,237,24.137264251708984,24.144775390625,,24.137264251708984,,,,,,
34,238,,,34.50945281982422,,34.50201416015625,34.50201416015625,,,,
34,239,,,3.6608831882476807,,3.6534628868103027,3.6534628868103027,,,,
34,240,,,44.131839752197266,,44.124427795410156,44.124427795410156,,,,
34,241,,,15.501042366027832,,15.49365234375,15.49365234375,,,,
34,242,,,11.427668571472168,,11.420291900634766,11.420291900634766,,,,
34,243,,,16.947391510009766,,16.940025329589844,16.940025329589844,,,,
34,244,,,40.469139099121094,,40.461788177490234,40.461788177490234,,,,
,34,,,,,,,,,2.535182476043701,2.535182476043701
34,244,,,,,,,2.535182476043701,2.535182476043701,,
34,244,22.165809631347656,22.17321014404297,,22.165809631347656,,,,,,
35,245,,,27.736692428588867,,27.729366302490234,27.729366302490234,,,,
35,246,,,17.092493057250977,,17.085182189941406,17.085182189941406,,,,
35,247,,,21.910921096801758,,21.90362548828125,21.90362548828125,,,,
35,248,,,17.03506088256836,,17.02777862548828,17.02777862548828,,,,
35,249,,,24.40052032470703,,24.393247604370117,24.393247604370117,,,,
35,250,,,10.669734001159668,,10.662476539611816,10.662476539611816,,,,
35,251,,,26.71245002746582,,26.705204010009766,26.705204010009766,,,,
,35,,,,,,,,,3.8222506046295166,3.8222506046295166
35,251,,,,,,,3.8222506046295166,3.8222506046295166,,
35,251,20.206451416015625,20.21373748779297,,20.206451416015625,,,,,,
36,252,,,24.881532669067383,,24.874303817749023,24.874303817749023,,,,
36,253,,,13.157347679138184,,13.150134086608887,13.150134086608887,,,,
36,254,,,13.913778305053711,,13.906573295593262,13.906573295593262,,,,
36,255,,,10.634425163269043,,10.627228736877441,10.627228736877441,,,,
36,256,,,30.65796661376953,,30.65077781677246,30.65077781677246,,,,
36,257,,,13.992142677307129,,13.984969139099121,13.984969139099121,,,,
36,258,,,27.406063079833984,,27.39889907836914,27.39889907836914,,,,
,36,,,,,,,,,5.444222927093506,5.444222927093506
36,258,,,,,,,5.444222927093506,5.444222927093506,,
36,258,18.426443099975586,18.433643341064453,,18.426443099975586,,,,,,
37,259,,,23.840938568115234,,23.83378791809082,23.83378791809082,,,,
37,260,,,17.893091201782227,,17.885953903198242,17.885953903198242,,,,
37,261,,,14.698884963989258,,14.691756248474121,14.691756248474121,,,,
37,262,,,17.79972267150879,,17.792604446411133,17.792604446411133,,,,
37,263,,,9.085683822631836,,9.078574180603027,9.078574180603027,,,,
37,264,,,17.253610610961914,,17.24650764465332,17.24650764465332,,,,
37,265,,,18.509294509887695,,18.502199172973633,18.502199172973633,,,,
,37,,,,,,,,,7.191967010498047,7.191967010498047
37,265,,,,,,,7.191967010498047,7.191967010498047,,
37,265,16.857648849487305,16.864770889282227,,16.857648849487305,,,,,,
38,266,,,19.023311614990234,,19.01622200012207,19.01622200012207,,,,
38,267,,,10.337096214294434,,10.330015182495117,10.330015182495117,,,,
38,268,,,20.1216983795166,,20.114620208740234,20.114620208740234,,,,
38,269,,,10.354043006896973,,10.346972465515137,10.346972465515137,,,,
38,270,,,15.160388946533203,,15.153322219848633,15.153322219848633,,,,
38,271,,,16.762813568115234,,16.755754470825195,16.755754470825195,,,,
38,272,,,18.81285858154297,,18.805809020996094,18.805809020996094,,,,
,38,,,,,,,,,8.933290481567383,8.933290481567383
38,272,,,,,,,8.933290481567383,8.933290481567383,,
38,272,15.493188858032227,15.500263214111328,,15.493188858032227,,,,,,
39,273,,,15.820258140563965,,15.813218116760254,15.813218116760254,,,,
39,274,,,6.499011516571045,,6.4919753074646,6.4919753074646,,,,
39,275,,,25.654417037963867,,25.647382736206055,25.647382736206055,,,,
39,276,,,11.578107833862305,,11.571083068847656,11.571083068847656,,,,
39,277,,,13.322890281677246,,13.315873146057129,13.315873146057129,,,,
39,278,,,13.802996635437012,,13.795985221862793,13.795985221862793,,,,
39,279,,,14.316980361938477,,14.30997371673584,14.30997371673584,,,,
,39,,,,,,,,,10.517472267150879,10.517472267150879
39,279,,,,,,,10.517472267150879,10.517472267150879,,
39,279,14.431648254394531,14.438673973083496,,14.431648254394531,,,,,,
40,280,,,19.0748348236084,,19.067832946777344,19.067832946777344,,,,
40,281,,,19.507719039916992,,19.50072479248047,19.50072479248047,,,,
40,282,,,10.312939643859863,,10.305951118469238,10.305951118469238,,,,
40,283,,,13.945457458496094,,13.93847370147705,13.93847370147705,,,,
40,284,,,12.317229270935059,,12.310249328613281,12.310249328613281,,,,
40,285,,,6.062900066375732,,6.055923938751221,6.055923938751221,,,,
40,286,,,14.535897254943848,,14.528922080993652,14.528922080993652,,,,
,40,,,,,,,,,12.001794815063477,12.001794815063477
40,286,,,,,,,12.001794815063477,12.001794815063477,,
40,286,13.588627815246582,13.595613479614258,,13.588627815246582,,,,,,
41,287,,,14.24025821685791,,14.233285903930664,14.233285903930664,,,,
41,288,,,12.678234100341797,,12.671265602111816,12.671265602111816,,,,
41,289,,,7.368959426879883,,7.361993312835693,7.361993312835693,,,,
41,290,,,12.951926231384277,,12.944961547851562,12.944961547851562,,,,
41,291,,,10.585484504699707,,10.578523635864258,10.578523635864258,,,,
41,292,,,15.57583236694336,,15.56887149810791,15.56887149810791,,,,
41,293,,,21.636659622192383,,21.629703521728516,21.629703521728516,,,,
,41,,,,,,,,,13.388533592224121,13.388533592224121
41,293,,,,,,,13.388533592224121,13.388533592224121,,
41,293,12.779614448547363,12.786579132080078,,12.779614448547363,,,,,,
42,294,,,13.519869804382324,,13.512919425964355,13.512919425964355,,,,
42,295,,,7.619195461273193,,7.61224889755249,7.61224889755249,,,,
42,296,,,12.677521705627441,,12.670575141906738,12.670575141906738,,,,
42,297,,,10.590630531311035,,10.583686828613281,10.583686828613281,,,,
42,298,,,12.22675609588623,,12.219813346862793,12.219813346862793,,,,
42,299,,,10.034341812133789,,10.0274019241333,10.0274019241333,,,,
42,300,,,28.886884689331055,,28.879947662353516,28.879947662353516,,,,
,42,,,,,,,,,14.770780563354492,14.770780563354492
42,300,,,,,,,14.770780563354492,14.770780563354492,,
42,300,12.15005874633789,12.157002449035645,,12.15005874633789,,,,,,
43,301,,,4.889895915985107,,4.88296365737915,4.88296365737915,,,,
43,302,,,7.558657646179199,,7.5517258644104,7.5517258644104,,,,
43,303,,,19.34910011291504,,19.3421688079834,19.3421688079834,,,,
43,304,,,11.433638572692871,,11.426709175109863,11.426709175109863,,,,
43,305,,,10.153214454650879,,10.146286964416504,10.146286964416504,,,,
43,306,,,13.844010353088379,,13.837082862854004,13.837082862854004,,,,
43,307,,,18.902559280395508,,18.8956356048584,18.8956356048584,,,,
,43,,,,,,,,,15.86247730255127,15.86247730255127
43,307,,,,,,,15.86247730255127,15.86247730255127,,
43,307,11.650634765625,11.657565116882324,,11.650634765625,,,,,,
44,308,,,14.140741348266602,,14.133822441101074,14.133822441101074,,,,
44,309,,,9.022553443908691,,9.01563835144043,9.01563835144043,,,,
44,310,,,9.204615592956543,,9.197699546813965,9.197699546813965,,,,
44,311,,,9.322549819946289,,9.315635681152344,9.315635681152344,,,,
44,312,,,18.45464324951172,,18.44772720336914,18.44772720336914,,,,
44,313,,,9.694196701049805,,9.687284469604492,9.687284469604492,,,,
44,314,,,5.780117511749268,,5.773207187652588,5.773207187652588,,,,
,44,,,,,,,,,16.391469955444336,16.391469955444336
44,314,,,,,,,16.391469955444336,16.391469955444336,,
44,314,11.288276672363281,11.295190811157227,,11.288276672363281,,,,,,
45,315,,,15.939189910888672,,15.932278633117676,15.932278633117676,,,,
45,316,,,8.464092254638672,,8.457184791564941,8.457184791564941,,,,
45,317,,,8.07804012298584,,8.07113265991211,8.07113265991211,,,,
45,318,,,12.93086051940918,,12.923952102661133,12.923952102661133,,,,
45,319,,,12.993351936340332,,12.986446380615234,12.986446380615234,,,,
45,320,,,10.07632064819336,,10.069416999816895,10.069416999816895,,,,
45,321,,,4.347550392150879,,4.340645790100098,4.340645790100098,,,,
,45,,,,,,,,,16.78858757019043,16.78858757019043
45,321,,,,,,,16.78858757019043,16.78858757019043,,
45,321,10.991081237792969,10.997990608215332,,10.991081237792969,,,,,,
46,322,,,11.67162036895752,,11.664715766906738,11.664715766906738,,,,
46,323,,,12.95781421661377,,12.950910568237305,12.950910568237305,,,,
46,324,,,10.84934139251709,,10.842437744140625,10.842437744140625,,,,
46,325,,,10.047554016113281,,10.040653228759766,10.040653228759766,,,,
46,326,,,10.009840965270996,,10.00294017791748,10.00294017791748,,,,
46,327,,,9.09561824798584,,9.08871841430664,9.08871841430664,,,,
46,328,,,10.3486967086792,,10.341795921325684,10.341795921325684,,,,
,46,,,,,,,,,17.13751220703125,17.13751220703125
46,328,,,,,,,17.13751220703125,17.13751220703125,,
46,328,10.740164756774902,10.747066497802734,,10.740164756774902,,,,,,
47,329,,,14.957966804504395,,14.951067924499512,14.951067924499512,,,,
47,330,,,12.920945167541504,,12.91404914855957,12.91404914855957,,,,
47,331,,,11.710188865661621,,11.703292846679688,11.703292846679688,,,,
47,332,,,5.124056339263916,,5.117160320281982,5.117160320281982,,,,
47,333,,,9.841794967651367,,9.834898948669434,9.834898948669434,,,,
47,334,,,10.39415168762207,,10.387255668640137,10.387255668640137,,,,
47,335,,,5.682229518890381,,5.675334453582764,5.675334453582764,,,,
,47,,,,,,,,,17.355241775512695,17.355241775512695
47,335,,,,,,,17.355241775512695,17.355241775512695,,
47,335,10.515446662902832,10.522343635559082,,10.515446662902832,,,,,,
48,336,,,10.020537376403809,,10.013641357421875,10.013641357421875,,,,
48,337,,,6.95552921295166,,6.94863224029541,6.94863224029541,,,,
48,338,,,12.044143676757812,,12.037246704101562,12.037246704101562,,,,
48,339,,,13.538689613342285,,13.531793594360352,13.531793594360352,,,,
48,340,,,10.75795841217041,,10.75106430053711,10.75106430053711,,,,
48,341,,,8.882201194763184,,8.875307083129883,8.875307083129883,,,,
48,342,,,9.45750904083252,,9.450615882873535,9.450615882873535,,,,
,48,,,,,,,,,17.602853775024414,17.602853775024414
48,342,,,,,,,17.602853775024414,17.602853775024414,,
48,342,10.306143760681152,10.31303882598877,,10.306143760681152,,,,,,
49,343,,,8.42704963684082,,8.420156478881836,8.420156478881836,,,,
49,344,,,9.116429328918457,,9.109535217285156,9.109535217285156,,,,
49,345,,,8.828262329101562,,8.821368217468262,8.821368217468262,,,,
49,346,,,9.77198600769043,,9.765092849731445,9.765092849731445,,,,
49,347,,,11.648487091064453,,11.641594886779785,11.641594886779785,,,,
49,348,,,10.982510566711426,,10.975619316101074,10.975619316101074,,,,
49,349,,,15.26920223236084,,15.262311935424805,15.262311935424805,,,,
,49,,,,,,,,,17.791860580444336,17.791860580444336
49,349,,,,,,,17.791860580444336,17.791860580444336,,
49,349,10.110859870910645,10.117753982543945,,10.110859870910645,,,,,,
50,350,,,9.130118370056152,,9.1232271194458,9.1232271194458,,,,
50,351,,,9.374079704284668,,9.367188453674316,9.367188453674316,,,,
50,352,,,12.63013744354248,,12.623247146606445,12.623247146606445,,,,
50,353,,,8.183856010437012,,8.176963806152344,8.176963806152344,,,,
50,354,,,10.453930854797363,,10.447039604187012,10.447039604187012,,,,
50,355,,,8.475082397460938,,8.468191146850586,8.468191146850586,,,,
50,356,,,13.764264106750488,,13.757372856140137,13.757372856140137,,,,
,50,,,,,,,,,18.1328125,18.1328125
50,356,,,,,,,18.1328125,18.1328125,,
50,356,9.939587593078613,9.946478843688965,,9.939587593078613,,,,,,
51,357,,,9.449386596679688,,9.442498207092285,9.442498207092285,,,,
51,358,,,9.639719009399414,,9.632831573486328,9.632831573486328,,,,
51,359,,,9.792977333068848,,9.786091804504395,9.786091804504395,,,,
51,360,,,7.18043327331543,,7.1735453605651855,7.1735453605651855,,,,
51,361,,,9.224655151367188,,9.217768669128418,9.217768669128418,,,,
51,362,,,11.742975234985352,,11.736088752746582,11.736088752746582,,,,
51,363,,,14.280064582824707,,14.273177146911621,14.273177146911621,,,,
,51,,,,,,,,,18.594074249267578,18.594074249267578
51,363,,,,,,,18.594074249267578,18.594074249267578,,
51,363,9.779021263122559,9.785908699035645,,9.779021263122559,,,,,,
52,364,,,10.873305320739746,,10.866418838500977,10.866418838500977,,,,
52,365,,,8.932703971862793,,8.92581844329834,8.92581844329834,,,,
52,366,,,7.160266399383545,,7.153380393981934,7.153380393981934,,,,
52,367,,,8.599234580993652,,8.592350006103516,8.592350006103516,,,,
52,368,,,11.320128440856934,,11.313243865966797,11.313243865966797,,,,
52,369,,,10.690291404724121,,10.683404922485352,10.683404922485352,,,,
52,370,,,10.216797828674316,,10.209912300109863,10.209912300109863,,,,
,52,,,,,,,,,18.81774139404297,18.81774139404297
52,370,,,,,,,18.817739486694336,18.817739486694336,,
52,370,9.62562084197998,9.632506370544434,,9.62562084197998,,,,,,
53,371,,,12.048028945922852,,12.041142463684082,12.041142463684082,,,,
53,372,,,9.685237884521484,,9.678351402282715,9.678351402282715,,,,
53,373,,,7.061645984649658,,7.054757595062256,7.054757595062256,,,,
53,374,,,11.203454971313477,,11.196566581726074,11.196566581726074,,,,
53,375,,,9.734702110290527,,9.727815628051758,9.727815628051758,,,,
53,376,,,8.738914489746094,,8.732028007507324,8.732028007507324,,,,
53,377,,,5.532236576080322,,5.52534818649292,5.52534818649292,,,,
,53,,,,,,,,,18.82610511779785,18.82610511779785
53,377,,,,,,,18.82610511779785,18.82610511779785,,
53,377,9.49061393737793,9.497501373291016,,9.49061393737793,,,,,,
54,378,,,8.266446113586426,,8.25955867767334,8.25955867767334,,,,
54,379,,,7.197622776031494,,7.19073486328125,7.19073486328125,,,,
54,380,,,9.051468849182129,,9.04458236694336,9.04458236694336,,,,
54,381,,,11.313525199890137,,11.30663776397705,11.30663776397705,,,,
54,382,,,10.29852294921875,,10.291638374328613,10.291638374328613,,,,
54,383,,,7.5538859367370605,,7.546999454498291,7.546999454498291,,,,
54,384,,,15.969188690185547,,15.962301254272461,15.962301254272461,,,,
,54,,,,,,,,,18.724096298217773,18.724096298217773
54,384,,,,,,,18.724096298217773,18.724096298217773,,
54,384,9.353100776672363,9.359987258911133,,9.353100776672363,,,,,,
55,385,,,11.48940658569336,,11.482518196105957,11.482518196105957,,,,
55,386,,,9.011808395385742,,9.00492000579834,9.00492000579834,,,,
55,387,,,8.668810844421387,,8.661920547485352,8.661920547485352,,,,
55,388,,,7.981748580932617,,7.974858283996582,7.974858283996582,,,,
55,389,,,9.781562805175781,,9.774672508239746,9.774672508239746,,,,
55,390,,,7.272920608520508,,7.266027927398682,7.266027927398682,,,,
55,391,,,12.529155731201172,,12.522263526916504,12.522263526916504,,,,
,55,,,,,,,,,18.853187561035156,18.853187561035156
55,391,,,,,,,18.85318946838379,18.85318946838379,,
55,391,9.233061790466309,9.239951133728027,,9.233061790466309,,,,,,
56,392,,,7.621094226837158,,7.614205837249756,7.614205837249756,,,,
56,393,,,8.415098190307617,,8.408210754394531,8.408210754394531,,,,
56,394,,,9.165983200073242,,9.159095764160156,9.159095764160156,,,,
56,395,,,10.109390258789062,,10.10250186920166,10.10250186920166,,,,
56,396,,,9.576299667358398,,9.569409370422363,9.569409370422363,,,,
56,397,,,9.062655448913574,,9.055765151977539,9.055765151977539,,,,
56,398,,,11.124809265136719,,11.117919921875,11.117919921875,,,,
,56,,,,,,,,,18.821197509765625,18.821197509765625
56,398,,,,,,,18.821197509765625,18.821197509765625,,
56,398,9.11033821105957,9.117226600646973,,9.11033821105957,,,,,,
57,399,,,10.532557487487793,,10.525667190551758,10.525667190551758,,,,
57,400,,,8.377985000610352,,8.371094703674316,8.371094703674316,,,,
57,401,,,7.6708984375,,7.664008140563965,7.664008140563965,,,,
57,402,,,10.487104415893555,,10.480213165283203,10.480213165283203,,,,
57,403,,,7.6913628578186035,,7.68447208404541,7.68447208404541,,,,
57,404,,,10.791425704956055,,10.784534454345703,10.784534454345703,,,,
57,405,,,5.1419453620910645,,5.135052680969238,5.135052680969238,,,,
,57,,,,,,,,,18.835525512695312,18.835525512695312
57,405,,,,,,,18.835525512695312,18.835525512695312,,
57,405,9.00951099395752,9.016401290893555,,9.00951099395752,,,,,,
58,406,,,9.365368843078613,,9.358476638793945,9.358476638793945,,,,
58,407,,,7.9469475746154785,,7.940054893493652,7.940054893493652,,,,
58,408,,,10.425846099853516,,10.418951988220215,10.418951988220215,,,,
58,409,,,8.995112419128418,,8.9882173538208,8.9882173538208,,,,
58,410,,,8.206696510314941,,8.199801445007324,8.199801445007324,,,,
58,411,,,8.042597770690918,,8.0357027053833,8.0357027053833,,,,
58,412,,,10.342970848083496,,10.336076736450195,10.336076736450195,,,,
,58,,,,,,,,,18.53987693786621,18.53987693786621
58,412,,,,,,,18.53987693786621,18.53987693786621,,
58,412,8.912507057189941,8.919401168823242,,8.912507057189941,,,,,,
59,413,,,8.815585136413574,,8.80868911743164,8.80868911743164,,,,
59,414,,,11.208291053771973,,11.201394081115723,11.201394081115723,,,,
59,415,,,10.11548137664795,,10.108585357666016,10.108585357666016,,,,
59,416,,,6.305720329284668,,6.298823356628418,6.298823356628418,,,,
59,417,,,8.686692237854004,,8.679795265197754,8.679795265197754,,,,
59,418,,,6.778949737548828,,6.772052764892578,6.772052764892578,,,,
59,419,,,11.661078453063965,,11.654179573059082,11.654179573059082,,,,
,59,,,,,,,,,18.301008224487305,18.301008224487305
59,419,,,,,,,18.301008224487305,18.301008224487305,,
59,419,8.821907043457031,8.828804016113281,,8.821907043457031,,,,,,
60,420,,,9.831686973571777,,9.824786186218262,9.824786186218262,,,,
60,421,,,9.020134925842285,,9.01323413848877,9.01323413848877,,,,
60,422,,,8.536177635192871,,8.529276847839355,8.529276847839355,,,,
60,423,,,8.878785133361816,,8.8718843460083,8.8718843460083,,,,
60,424,,,6.956943511962891,,6.950042724609375,6.950042724609375,,,,
60,425,,,8.71016788482666,,8.703266143798828,8.703266143798828,,,,
60,426,,,10.070561408996582,,10.063658714294434,10.063658714294434,,,,
,60,,,,,,,,,18.085227966308594,18.085227966308594
60,426,,,,,,,18.085227966308594,18.085227966308594,,
60,426,8.731978416442871,8.738879203796387,,8.731978416442871,,,,,,
61,427,,,9.031137466430664,,9.024232864379883,9.024232864379883,,,,
61,428,,,7.042389869689941,,7.0354838371276855,7.0354838371276855,,,,
61,429,,,9.489943504333496,,9.483036994934082,9.483036994934082,,,,
61,430,,,8.090570449829102,,8.083663940429688,8.083663940429688,,,,
61,431,,,9.091649055480957,,9.084741592407227,9.084741592407227,,,,
61,432,,,9.334007263183594,,9.32710075378418,9.32710075378418,,,,
61,433,,,8.18400764465332,,8.177099227905273,8.177099227905273,,,,
,61,,,,,,,,,17.969789505004883,17.969789505004883
61,433,,,,,,,17.969789505004883,17.969789505004883,,
61,433,8.64387035369873,8.650776863098145,,8.64387035369873,,,,,,
62,434,,,7.305495262145996,,7.298586368560791,7.298586368560791,,,,
62,435,,,9.68532943725586,,9.678421020507812,9.678421020507812,,,,
62,436,,,7.124607086181641,,7.11769962310791,7.11769962310791,,,,
62,437,,,8.246370315551758,,8.239460945129395,8.239460945129395,,,,
62,438,,,7.20272159576416,,7.195811748504639,7.195811748504639,,,,
62,439,,,11.17540454864502,,11.168493270874023,11.168493270874023,,,,
62,440,,,10.439204216003418,,10.432291984558105,10.432291984558105,,,,
,62,,,,,,,,,17.982398986816406,17.982398986816406
62,440,,,,,,,17.982398986816406,17.982398986816406,,
62,440,8.566365242004395,8.573274612426758,,8.566365242004395,,,,,,
63,441,,,7.719248294830322,,7.712335586547852,7.712335586547852,,,,
63,442,,,6.913681507110596,,6.906766414642334,6.906766414642334,,,,
63,443,,,3.6217777729034424,,3.614863157272339,3.614863157272339,,,,
63,444,,,9.264808654785156,,9.257893562316895,9.257893562316895,,,,
63,445,,,10.836292266845703,,10.829376220703125,10.829376220703125,,,,
63,446,,,11.286687850952148,,11.279770851135254,11.279770851135254,,,,
63,447,,,11.913558959960938,,11.906641960144043,11.906641960144043,,,,
,63,,,,,,,,,17.980127334594727,17.980127334594727
63,447,,,,,,,17.980127334594727,17.980127334594727,,
63,447,8.480939865112305,8.487854957580566,,8.480939865112305,,,,,,
64,448,,,6.815476894378662,,6.808560848236084,6.808560848236084,,,,
64,449,,,6.7036943435668945,,6.696778297424316,6.696778297424316,,,,
64,450,,,7.978763580322266,,7.971848011016846,7.971848011016846,,,,
64,451,,,8.55646800994873,,8.549551010131836,8.549551010131836,,,,
64,452,,,8.961793899536133,,8.954875946044922,8.954875946044922,,,,
64,453,,,9.341692924499512,,9.334775924682617,9.334775924682617,,,,
64,454,,,13.989498138427734,,13.982580184936523,13.982580184936523,,,,
,64,,,,,,,,,17.866010665893555,17.866010665893555
64,454,,,,,,,17.866010665893555,17.866010665893555,,
64,454,8.401546478271484,8.408463478088379,,8.401546478271484,,,,,,
65,455,,,7.422664642333984,,7.415744304656982,7.415744304656982,,,,
65,456,,,8.646677017211914,,8.63975715637207,8.63975715637207,,,,
65,457,,,6.577846050262451,,6.570926189422607,6.570926189422607,,,,
65,458,,,5.953423023223877,,5.9465012550354,5.9465012550354,,,,
65,459,,,10.664917945861816,,10.657995223999023,10.657995223999023,,,,
65,460,,,9.048684120178223,,9.041760444641113,9.041760444641113,,,,
65,461,,,12.946173667907715,,12.939249038696289,12.939249038696289,,,,
,65,,,,,,,,,17.877933502197266,17.877933502197266
65,461,,,,,,,17.877933502197266,17.877933502197266,,
65,461,8.333318710327148,8.340239524841309,,8.333318710327148,,,,,,
66,462,,,7.433432579040527,,7.426507472991943,7.426507472991943,,,,
66,463,,,7.4759697914123535,,7.4690446853637695,7.4690446853637695,,,,
66,464,,,7.265202522277832,,7.258277893066406,7.258277893066406,,,,
66,465,,,7.082032203674316,,7.075105667114258,7.075105667114258,,,,
66,466,,,10.90856647491455,,10.901639938354492,10.901639938354492,,,,
66,467,,,6.960073947906494,,6.953145980834961,6.953145980834961,,,,
66,468,,,14.900614738464355,,14.893685340881348,14.893685340881348,,,,
,66,,,,,,,,,18.03061294555664,18.03061294555664
66,468,,,,,,,18.03061294555664,18.03061294555664,,
66,468,8.261781692504883,8.268707275390625,,8.261781692504883,,,,,,
67,469,,,8.91079330444336,,8.903863906860352,8.903863906860352,,,,
67,470,,,8.057053565979004,,8.05012321472168,8.05012321472168,,,,
67,471,,,7.045242786407471,,7.038311958312988,7.038311958312988,,,,
67,472,,,8.919668197631836,,8.912736892700195,8.912736892700195,,,,
67,473,,,8.492533683776855,,8.485601425170898,8.485601425170898,,,,
67,474,,,7.753701210021973,,7.746767997741699,7.746767997741699,,,,
67,475,,,8.230645179748535,,8.223711013793945,8.223711013793945,,,,
,67,,,,,,,,,18.053953170776367,18.053953170776367
67,475,,,,,,,18.053953170776367,18.053953170776367,,
67,475,8.191576957702637,8.198506355285645,,8.191576957702637,,,,,,
68,476,,,10.422544479370117,,10.415610313415527,10.415610313415527,,,,
68,477,,,4.863395690917969,,4.8564605712890625,4.8564605712890625,,,,
68,478,,,10.029939651489258,,10.023004531860352,10.023004531860352,,,,
68,479,,,8.230683326721191,,8.223747253417969,8.223747253417969,,,,
68,480,,,7.41057014465332,,7.403632640838623,7.403632640838623,,,,
68,481,,,8.603522300720215,,8.59658432006836,8.59658432006836,,,,
68,482,,,6.121561050415039,,6.114622116088867,6.114622116088867,,,,
,68,,,,,,,,,17.88753318786621,17.88753318786621
68,482,,,,,,,17.88753318786621,17.88753318786621,,
68,482,8.127376556396484,8.13431167602539,,8.127376556396484,,,,,,
69,483,,,8.338061332702637,,8.331121444702148,8.331121444702148,,,,
69,484,,,9.019042015075684,,9.012102127075195,9.012102127075195,,,,
69,485,,,7.921967506408691,,7.915028095245361,7.915028095245361,,,,
69,486,,,6.072230815887451,,6.065289497375488,6.065289497375488,,,,
69,487,,,8.947259902954102,,8.94031810760498,8.94031810760498,,,,
69,488,,,8.083198547363281,,8.076254844665527,8.076254844665527,,,,
69,489,,,8.252852439880371,,8.245908737182617,8.245908737182617,,,,
,69,,,,,,,,,17.63256072998047,17.63256072998047
69,489,,,,,,,17.63256072998047,17.63256072998047,,
69,489,8.067816734313965,8.07475757598877,,8.067816734313965,,,,,,
70,490,,,9.031048774719238,,9.024102210998535,9.024102210998535,,,,
70,491,,,7.780276298522949,,7.773329257965088,7.773329257965088,,,,
70,492,,,8.059788703918457,,8.052840232849121,8.052840232849121,,,,
70,493,,,7.356378555297852,,7.349428176879883,7.349428176879883,,,,
70,494,,,7.563776969909668,,7.556826114654541,7.556826114654541,,,,
70,495,,,8.980161666870117,,8.973209381103516,8.973209381103516,,,,
70,496,,,6.091506481170654,,6.084554195404053,6.084554195404053,,,,
,70,,,,,,,,,17.475601196289062,17.475601196289062
70,496,,,,,,,17.475601196289062,17.475601196289062,,
70,496,8.001794815063477,8.008744239807129,,8.001794815063477,,,,,,
71,497,,,10.013806343078613,,10.006853103637695,10.006853103637695,,,,
71,498,,,9.162923812866211,,9.15596866607666,9.15596866607666,,,,
71,499,,,6.623969554901123,,6.617014408111572,6.617014408111572,,,,
71,500,,,5.13712215423584,,5.130166053771973,5.130166053771973,,,,
71,501,,,9.104145050048828,,9.097187042236328,9.097187042236328,,,,
71,502,,,8.253175735473633,,8.246216773986816,8.246216773986816,,,,
71,503,,,6.308943271636963,,6.301983833312988,6.301983833312988,,,,
,71,,,,,,,,,17.245153427124023,17.245153427124023
71,503,,,,,,,17.245153427124023,17.245153427124023,,
71,503,7.939866542816162,7.946822643280029,,7.939866542816162,,,,,,
72,504,,,8.95674991607666,,8.949790000915527,8.949790000915527,,,,
72,505,,,9.276832580566406,,9.269872665405273,9.269872665405273,,,,
72,506,,,8.152437210083008,,8.145476341247559,8.145476341247559,,,,
72,507,,,7.901278495788574,,7.89431619644165,7.89431619644165,,,,
72,508,,,6.71997594833374,,6.7130126953125,6.7130126953125,,,,
72,509,,,5.453768730163574,,5.446804523468018,5.446804523468018,,,,
72,510,,,10.164798736572266,,10.157833099365234,10.157833099365234,,,,
,72,,,,,,,,,17.176036834716797,17.176036834716797
72,510,,,,,,,17.176036834716797,17.176036834716797,,
72,510,7.878974437713623,7.885935306549072,,7.878974437713623,,,,,,
73,511,,,5.359087944030762,,5.352122783660889,5.352122783660889,,,,
73,512,,,9.293060302734375,,9.286093711853027,9.286093711853027,,,,
73,513,,,11.250067710876465,,11.243102073669434,11.243102073669434,,,,
73,514,,,5.469125270843506,,5.462157726287842,5.462157726287842,,,,
73,515,,,7.6842145919799805,,7.67724609375,7.67724609375,,,,
73,516,,,9.472844123840332,,9.465874671936035,9.465874671936035,,,,
73,517,,,3.6796936988830566,,3.6727235317230225,3.6727235317230225,,,,
,73,,,,,,,,,16.92324447631836,16.92324447631836
73,517,,,,,,,16.92324447631836,16.92324447631836,,
73,517,7.82178258895874,7.828751087188721,,7.82178258895874,,,,,,
74,518,,,8.602264404296875,,8.595292091369629,8.595292091369629,,,,
74,519,,,3.6167984008789062,,3.6098251342773438,3.6098251342773438,,,,
74,520,,,7.464303970336914,,7.457330703735352,7.457330703735352,,,,
74,521,,,7.926023006439209,,7.919047832489014,7.919047832489014,,,,
74,522,,,7.239816188812256,,7.232840061187744,7.232840061187744,,,,
74,523,,,11.118621826171875,,11.111645698547363,11.111645698547363,,,,
74,524,,,9.541406631469727,,9.534428596496582,9.534428596496582,,,,
,74,,,,,,,,,16.486370086669922,16.486370086669922
74,524,,,,,,,16.486370086669922,16.486370086669922,,
74,524,7.764925003051758,7.77189826965332,,7.764925003051758,,,,,,
75,525,,,9.340578079223633,,9.333597183227539,9.333597183227539,,,,
75,526,,,6.631686687469482,,6.624704837799072,6.624704837799072,,,,
75,527,,,6.605656147003174,,6.598673343658447,6.598673343658447,,,,
75,528,,,9.791419982910156,,9.784436225891113,9.784436225891113,,,,
75,529,,,7.668001651763916,,7.661016464233398,7.661016464233398,,,,
75,530,,,6.382758140563965,,6.3757710456848145,6.3757710456848145,,,,
75,531,,,7.427192211151123,,7.420204162597656,7.420204162597656,,,,
,75,,,,,,,,,16.24383544921875,16.24383544921875
75,531,,,,,,,16.24383544921875,16.24383544921875,,
75,531,7.711493968963623,7.718478202819824,,7.711493968963623,,,,,,
76,532,,,9.57780647277832,,9.570819854736328,9.570819854736328,,,,
76,533,,,7.855930805206299,,7.84894323348999,7.84894323348999,,,,
76,534,,,7.716804504394531,,7.709815979003906,7.709815979003906,,,,
76,535,,,7.531185150146484,,7.524195194244385,7.524195194244385,,,,
76,536,,,6.044718265533447,,6.037727355957031,6.037727355957031,,,,
76,537,,,6.3524017333984375,,6.345410346984863,6.345410346984863,,,,
76,538,,,10.100796699523926,,10.093803405761719,10.093803405761719,,,,
,76,,,,,,,,,16.15481185913086,16.15481185913086
76,538,,,,,,,16.15481185913086,16.15481185913086,,
76,538,7.658366680145264,7.665356159210205,,7.658366680145264,,,,,,
77,539,,,7.637171745300293,,7.630178928375244,7.630178928375244,,,,
77,540,,,7.328693389892578,,7.321700096130371,7.321700096130371,,,,
77,541,,,10.582925796508789,,10.575931549072266,10.575931549072266,,,,
77,542,,,8.01063346862793,,8.00363826751709,8.00363826751709,,,,
77,543,,,5.378490924835205,,5.371494770050049,5.371494770050049,,,,
77,544,,,6.259215354919434,,6.252218246459961,6.252218246459961,,,,
77,545,,,8.754759788513184,,8.747760772705078,8.747760772705078,,,,
,77,,,,,,,,,16.221689224243164,16.221689224243164
77,545,,,,,,,16.221689224243164,16.221689224243164,,
77,545,7.597736358642578,7.604732036590576,,7.597736358642578,,,,,,
78,546,,,5.023530960083008,,5.016531944274902,5.016531944274902,,,,
78,547,,,9.770852088928223,,9.763853073120117,9.763853073120117,,,,
78,548,,,9.819597244262695,,9.812597274780273,9.812597274780273,,,,
78,549,,,6.447007179260254,,6.440006732940674,6.440006732940674,,,,
78,550,,,6.951282978057861,,6.944280624389648,6.944280624389648,,,,
78,551,,,6.631779193878174,,6.624776363372803,6.624776363372803,,,,
78,552,,,9.281126022338867,,9.274121284484863,9.274121284484863,,,,
,78,,,,,,,,,16.156579971313477,16.156579971313477
78,552,,,,,,,16.156579971313477,16.156579971313477,,
78,552,7.541935920715332,7.548936367034912,,7.541935920715332,,,,,,
79,553,,,2.5118088722229004,,2.5048024654388428,2.5048024654388428,,,,
79,554,,,6.906020164489746,,6.899012565612793,6.899012565612793,,,,
79,555,,,9.444148063659668,,9.437139511108398,9.437139511108398,,,,
79,556,,,7.871279239654541,,7.864268779754639,7.864268779754639,,,,
79,557,,,8.102255821228027,,8.095244407653809,8.095244407653809,,,,
79,558,,,9.627734184265137,,9.620721817016602,9.620721817016602,,,,
79,559,,,8.544075965881348,,8.537062644958496,8.537062644958496,,,,
,79,,,,,,,,,16.07058334350586,16.07058334350586
79,559,,,,,,,16.07058334350586,16.07058334350586,,
79,559,7.47020959854126,7.477219581604004,,7.47020959854126,,,,,,
80,560,,,8.188541412353516,,8.181527137756348,8.181527137756348,,,,
80,561,,,8.2901029586792,,8.283087730407715,8.283087730407715,,,,
80,562,,,7.441174030303955,,7.434159278869629,7.434159278869629,,,,
80,563,,,6.962294101715088,,6.955277919769287,6.955277919769287,,,,
80,564,,,5.424874305725098,,5.417855262756348,5.417855262756348,,,,
80,565,,,8.65362548828125,,8.646604537963867,8.646604537963867,,,,
80,566,,,6.50264835357666,,6.495626926422119,6.495626926422119,,,,
,80,,,,,,,,,15.910411834716797,15.910411834716797
80,566,,,,,,,15.91041088104248,15.91041088104248,,
80,566,7.428136348724365,7.435153961181641,,7.428136348724365,,,,,,
81,567,,,8.767203330993652,,8.760180473327637,8.760180473327637,,,,
81,568,,,9.563027381896973,,9.556002616882324,9.556002616882324,,,,
81,569,,,5.505887985229492,,5.498863220214844,5.498863220214844,,,,
81,570,,,8.495935440063477,,8.488908767700195,8.488908767700195,,,,
81,571,,,5.565174579620361,,5.558145999908447,5.558145999908447,,,,
81,572,,,6.098611831665039,,6.09158182144165,6.09158182144165,,,,
81,573,,,7.971487045288086,,7.964455604553223,7.964455604553223,,,,
,81,,,,,,,,,15.787348747253418,15.787348747253418
81,573,,,,,,,15.787348747253418,15.787348747253418,,
81,573,7.363193511962891,7.370219707489014,,7.363193511962891,,,,,,
82,574,,,8.138508796691895,,8.131478309631348,8.131478309631348,,,,
82,575,,,10.105478286743164,,10.0984468460083,10.0984468460083,,,,
82,576,,,6.970554351806641,,6.963521480560303,6.963521480560303,,,,
82,577,,,7.066357612609863,,7.059322834014893,7.059322834014893,,,,
82,578,,,5.490890979766846,,5.483855247497559,5.483855247497559,,,,
82,579,,,4.85773229598999,,4.850694179534912,4.850694179534912,,,,
82,580,,,10.497299194335938,,10.49026107788086,10.49026107788086,,,,
,82,,,,,,,,,15.709443092346191,15.709443092346191
82,580,,,,,,,15.709443092346191,15.709443092346191,,
82,580,7.297438144683838,7.304471969604492,,7.297438144683838,,,,,,
83,581,,,8.343143463134766,,8.336104393005371,8.336104393005371,,,,
83,582,,,7.003818035125732,,6.996777534484863,6.996777534484863,,,,
83,583,,,8.530238151550293,,8.523195266723633,8.523195266723633,,,,
83,584,,,6.117534160614014,,6.110489368438721,6.110489368438721,,,,
83,585,,,4.899703025817871,,4.892657279968262,4.892657279968262,,,,
83,586,,,8.411306381225586,,8.404260635375977,8.404260635375977,,,,
83,587,,,7.66488790512085,,7.657840728759766,7.657840728759766,,,,
,83,,,,,,,,,15.607209205627441,15.607209205627441
83,587,,,,,,,15.607209205627441,15.607209205627441,,
83,587,7.236889362335205,7.243934154510498,,7.236889362335205,,,,,,
84,588,,,7.505592346191406,,7.498544692993164,7.498544692993164,,,,
84,589,,,5.758743762969971,,5.751694202423096,5.751694202423096,,,,
84,590,,,6.42309045791626,,6.41603946685791,6.41603946685791,,,,
84,591,,,6.722409248352051,,6.715357780456543,6.715357780456543,,,,
84,592,,,8.894416809082031,,8.88736343383789,8.88736343383789,,,,
84,593,,,7.392545700073242,,7.385491847991943,7.385491847991943,,,,
84,594,,,8.181002616882324,,8.17394733428955,8.17394733428955,,,,
,84,,,,,,,,,15.500356674194336,15.500356674194336
84,594,,,,,,,15.500356674194336,15.500356674194336,,
84,594,7.1717209815979,7.178772449493408,,7.1717209815979,,,,,,
85,595,,,6.117456912994385,,6.1103997230529785,6.1103997230529785,,,,
85,596,,,8.301959037780762,,8.294899940490723,8.294899940490723,,,,
85,597,,,6.999878883361816,,6.9928178787231445,6.9928178787231445,,,,
85,598,,,8.518403053283691,,8.511340141296387,8.511340141296387,,,,
85,599,,,7.895482063293457,,7.888417720794678,7.888417720794678,,,,
85,600,,,3.836155891418457,,3.8290903568267822,3.8290903568267822,,,,
85,601,,,9.811960220336914,,9.80489444732666,9.80489444732666,,,,
,85,,,,,,,,,15.281271934509277,15.281271934509277
85,601,,,,,,,15.281271934509277,15.281271934509277,,
85,601,7.106478214263916,7.113540172576904,,7.106478214263916,,,,,,
86,602,,,9.534090042114258,,9.527021408081055,9.527021408081055,,,,
86,603,,,6.997166156768799,,6.990096569061279,6.990096569061279,,,,
86,604,,,6.421865940093994,,6.414794921875,6.414794921875,,,,
86,605,,,6.810629367828369,,6.8035569190979,6.8035569190979,,,,
86,606,,,5.808709621429443,,5.801636219024658,5.801636219024658,,,,
86,607,,,6.273197650909424,,6.266122817993164,6.266122817993164,,,,
86,608,,,8.313982009887695,,8.306904792785645,8.306904792785645,,,,
,86,,,,,,,,,15.14146900177002,15.14146900177002
86,608,,,,,,,15.14146900177002,15.14146900177002,,
86,608,7.046010971069336,7.053082466125488,,7.046010971069336,,,,,,
87,609,,,6.998264789581299,,6.991186141967773,6.991186141967773,,,,
87,610,,,8.725488662719727,,8.71840763092041,8.71840763092041,,,,
87,611,,,9.420920372009277,,9.413837432861328,9.413837432861328,,,,
87,612,,,6.586667537689209,,6.579582691192627,6.579582691192627,,,,
87,613,,,3.8371171951293945,,3.830030679702759,3.830030679702759,,,,
87,614,,,8.060700416564941,,8.053613662719727,8.053613662719727,,,,
87,615,,,2.5755908489227295,,2.5685031414031982,2.5685031414031982,,,,
,87,,,,,,,,,14.899407386779785,14.899407386779785
87,615,,,,,,,14.899407386779785,14.899407386779785,,
87,615,6.988211631774902,6.99529504776001,,6.988211631774902,,,,,,
88,616,,,7.842689514160156,,7.83560037612915,7.83560037612915,,,,
88,617,,,7.7256293296813965,,7.718538284301758,7.718538284301758,,,,
88,618,,,7.401180267333984,,7.394087791442871,7.394087791442871,,,,
88,619,,,6.609229564666748,,6.602135181427002,6.602135181427002,,,,
88,620,,,6.267395973205566,,6.260301113128662,6.260301113128662,,,,
88,621,,,6.555286407470703,,6.548191070556641,6.548191070556641,,,,
88,622,,,4.9739789962768555,,4.96688175201416,4.96688175201416,,,,
,88,,,,,,,,,14.57663345336914,14.57663345336914
88,622,,,,,,,14.576634407043457,14.576634407043457,,
88,622,6.936695098876953,6.943789005279541,,6.936695098876953,,,,,,
89,623,,,6.217462539672852,,6.210361957550049,6.210361957550049,,,,
89,624,,,7.307987213134766,,7.300884246826172,7.300884246826172,,,,
89,625,,,9.99553394317627,,9.98843002319336,9.98843002319336,,,,
89,626,,,5.9781107902526855,,5.971004962921143,5.971004962921143,,,,
89,627,,,7.035693168640137,,7.028585433959961,7.028585433959961,,,,
89,628,,,6.422665119171143,,6.41555643081665,6.41555643081665,,,,
89,629,,,2.7043375968933105,,2.6972274780273438,2.6972274780273438,,,,
,89,,,,,,,,,14.284875869750977,14.284875869750977
89,629,,,,,,,14.284875869750977,14.284875869750977,,
89,629,6.890397548675537,6.897502899169922,,6.890397548675537,,,,,,
90,630,,,5.676780700683594,,5.669669151306152,5.669669151306152,,,,
90,631,,,7.364223957061768,,7.357112407684326,7.357112407684326,,,,
90,632,,,6.875150203704834,,6.868037223815918,6.868037223815918,,,,
90,633,,,7.599127769470215,,7.592012882232666,7.592012882232666,,,,
90,634,,,7.339042663574219,,7.331925868988037,7.331925868988037,,,,
90,635,,,6.828018665313721,,6.820899963378906,6.820899963378906,,,,
90,636,,,5.231348037719727,,5.224228382110596,5.224228382110596,,,,
,90,,,,,,,,,14.16130256652832,14.16130256652832
90,636,,,,,,,14.16130256652832,14.16130256652832,,
90,636,6.83901834487915,6.846132755279541,,6.83901834487915,,,,,,
91,637,,,4.8246870040893555,,4.817565441131592,4.817565441131592,,,,
91,638,,,7.213547706604004,,7.206424236297607,7.206424236297607,,,,
91,639,,,10.307356834411621,,10.30023193359375,10.30023193359375,,,,
91,640,,,6.525089263916016,,6.517963409423828,6.517963409423828,,,,
91,641,,,6.128381252288818,,6.121254920959473,6.121254920959473,,,,
91,642,,,6.906743049621582,,6.8996148109436035,6.8996148109436035,,,,
91,643,,,3.9199678897857666,,3.912837505340576,3.912837505340576,,,,
,91,,,,,,,,,14.015423774719238,14.015423774719238
91,643,,,,,,,14.015423774719238,14.015423774719238,,
91,643,6.796921253204346,6.804046154022217,,6.796921253204346,,,,,,
92,644,,,4.708507537841797,,4.701375484466553,4.701375484466553,,,,
92,645,,,7.171341896057129,,7.16420841217041,7.16420841217041,,,,
92,646,,,9.492512702941895,,9.48537826538086,9.48537826538086,,,,
92,647,,,6.638585090637207,,6.631449222564697,6.631449222564697,,,,
92,648,,,4.632845878601074,,4.62570858001709,4.62570858001709,,,,
92,649,,,6.553499698638916,,6.546361446380615,6.546361446380615,,,,
92,650,,,10.315925598144531,,10.308784484863281,10.308784484863281,,,,
,92,,,,,,,,,14.053184509277344,14.053184509277344
92,650,,,,,,,14.053184509277344,14.053184509277344,,
92,650,6.748278617858887,6.755414962768555,,6.748278617858887,,,,,,
93,651,,,6.121678829193115,,6.114536285400391,6.114536285400391,,,,
93,652,,,10.309619903564453,,10.30247688293457,10.30247688293457,,,,
93,653,,,8.537108421325684,,8.529963493347168,8.529963493347168,,,,
93,654,,,4.566677570343018,,4.559530735015869,4.559530735015869,,,,
93,655,,,4.896930694580078,,4.889782905578613,4.889782905578613,,,,
93,656,,,5.76132869720459,,5.75417947769165,5.75417947769165,,,,
93,657,,,6.823665618896484,,6.816514492034912,6.816514492034912,,,,
,93,,,,,,,,,14.067483901977539,14.067483901977539
93,657,,,,,,,14.067483901977539,14.067483901977539,,
93,657,6.699084758758545,6.706230640411377,,6.699084758758545,,,,,,
94,658,,,8.388941764831543,,8.38178825378418,8.38178825378418,,,,
94,659,,,7.7356672286987305,,7.728511810302734,7.728511810302734,,,,
94,660,,,5.822458744049072,,5.815300464630127,5.815300464630127,,,,
94,661,,,5.8120436668396,,5.804884433746338,5.804884433746338,,,,
94,662,,,8.077552795410156,,8.070392608642578,8.070392608642578,,,,
94,663,,,5.27197790145874,,5.2648162841796875,5.2648162841796875,,,,
94,664,,,3.5663764476776123,,3.559213399887085,3.559213399887085,,,,
,94,,,,,,,,,14.017531394958496,14.017531394958496
94,664,,,,,,,14.017531394958496,14.017531394958496,,
94,664,6.651042938232422,6.658200740814209,,6.651042938232422,,,,,,
95,665,,,6.745323657989502,,6.738160133361816,6.738160133361816,,,,
95,666,,,6.755340099334717,,6.748174667358398,6.748174667358398,,,,
95,667,,,5.093919277191162,,5.0867533683776855,5.0867533683776855,,,,
95,668,,,7.725095748901367,,7.7179274559021,7.7179274559021,,,,
95,669,,,5.785126209259033,,5.777956008911133,5.777956008911133,,,,
95,670,,,7.6094536781311035,,7.602283954620361,7.602283954620361,,,,
95,671,,,6.554065227508545,,6.54689359664917,6.54689359664917,,,,
,95,,,,,,,,,13.68722915649414,13.68722915649414
95,671,,,,,,,13.687230110168457,13.687230110168457,,
95,671,6.608053207397461,6.61522102355957,,6.608053207397461,,,,,,
96,672,,,5.550784587860107,,5.543609142303467,5.543609142303467,,,,
96,673,,,9.083318710327148,,9.076142311096191,9.076142311096191,,,,
96,674,,,5.872317314147949,,5.865139961242676,5.865139961242676,,,,
96,675,,,5.404835224151611,,5.397656440734863,5.397656440734863,,,,
96,676,,,7.365571022033691,,7.3583903312683105,7.3583903312683105,,,,
96,677,,,6.937587261199951,,6.9304046630859375,6.9304046630859375,,,,
96,678,,,4.378203868865967,,4.371018886566162,4.371018886566162,,,,
,96,,,,,,,,,13.506213188171387,13.506213188171387
96,678,,,,,,,13.506213188171387,13.506213188171387,,
96,678,6.558506011962891,6.565684795379639,,6.558506011962891,,,,,,
97,679,,,7.909936904907227,,7.9027509689331055,7.9027509689331055,,,,
97,680,,,5.351512432098389,,5.344323635101318,5.344323635101318,,,,
97,681,,,7.30018424987793,,7.292994499206543,7.292994499206543,,,,
97,682,,,4.996379375457764,,4.989187240600586,4.989187240600586,,,,
97,683,,,5.937867164611816,,5.930673599243164,5.930673599243164,,,,
97,684,,,5.951165676116943,,5.943970680236816,5.943970680236816,,,,
97,685,,,11.002593994140625,,10.995397567749023,10.995397567749023,,,,
,97,,,,,,,,,13.555293083190918,13.555293083190918
97,685,,,,,,,13.555293083190918,13.555293083190918,,
97,685,6.514066696166992,6.521257400512695,,6.514066696166992,,,,,,
98,686,,,7.667854309082031,,7.660658359527588,7.660658359527588,,,,
98,687,,,4.421632289886475,,4.414434909820557,4.414434909820557,,,,
98,688,,,7.657514572143555,,7.6503167152404785,7.6503167152404785,,,,
98,689,,,8.489212989807129,,8.482013702392578,8.482013702392578,,,,
98,690,,,5.9745683670043945,,5.967367172241211,5.967367172241211,,,,
98,691,,,5.203472137451172,,5.196268558502197,5.196268558502197,,,,
98,692,,,5.0331525802612305,,5.025948524475098,5.025948524475098,,,,
,98,,,,,,,,,13.516046524047852,13.516046524047852
98,692,,,,,,,13.516046524047852,13.516046524047852,,
98,692,6.47149658203125,6.478695869445801,,6.47149658203125,,,,,,
99,693,,,6.759660720825195,,6.75245475769043,6.75245475769043,,,,
99,694,,,6.106095790863037,,6.098888397216797,6.098888397216797,,,,
99,695,,,6.031614303588867,,6.024405479431152,6.024405479431152,,,,
99,696,,,6.663764476776123,,6.656553745269775,6.656553745269775,,,,
99,697,,,8.809748649597168,,8.802536010742188,8.802536010742188,,,,
99,698,,,4.8068528175354,,4.7996392250061035,4.7996392250061035,,,,
99,699,,,4.897490978240967,,4.890276908874512,4.890276908874512,,,,
,99,,,,,,,,,13.243508338928223,13.243508338928223
99,699,,,,,,,13.243508338928223,13.243508338928223,,
99,699,6.426405429840088,6.433615207672119,,6.426405429840088,,,,,,
100,700,,,7.464869499206543,,7.457652568817139,7.457652568817139,,,,
100,701,,,6.224452495574951,,6.217231750488281,6.217231750488281,,,,
100,702,,,4.160444259643555,,4.153222560882568,4.153222560882568,,,,
100,703,,,6.09552526473999,,6.0883026123046875,6.0883026123046875,,,,
100,704,,,6.088893890380859,,6.081669807434082,6.081669807434082,,,,
100,705,,,8.92661190032959,,8.91938591003418,8.91938591003418,,,,
100,706,,,4.896052837371826,,4.888825416564941,4.888825416564941,,,,
,100,,,,,,,,,13.138981819152832,13.138981819152832
100,706,,,,,,,13.138981819152832,13.138981819152832,,
100,706,6.39227819442749,6.399500846862793,,6.39227819442749,,,,,,
101,707,,,4.207395076751709,,4.200168132781982,4.200168132781982,,,,
101,708,,,7.761661529541016,,7.7544331550598145,7.7544331550598145,,,,
101,709,,,5.371160984039307,,5.363931179046631,5.363931179046631,,,,
101,710,,,8.832594871520996,,8.825362205505371,8.825362205505371,,,,
101,711,,,5.312222003936768,,5.304988384246826,5.304988384246826,,,,
101,712,,,6.293335437774658,,6.286101341247559,6.286101341247559,,,,
101,713,,,7.129997730255127,,7.1227617263793945,7.1227617263793945,,,,
,101,,,,,,,,,13.129109382629395,13.129109382629395
101,713,,,,,,,13.129109382629395,13.129109382629395,,
101,713,6.338199615478516,6.345430374145508,,6.338199615478516,,,,,,
102,714,,,6.411322116851807,,6.4040846824646,6.4040846824646,,,,
102,715,,,5.3037309646606445,,5.2964935302734375,5.2964935302734375,,,,
102,716,,,5.526991367340088,,5.5197529792785645,5.5197529792785645,,,,
102,717,,,8.763724327087402,,8.756484031677246,8.756484031677246,,,,
102,718,,,5.86214017868042,,5.854897975921631,5.854897975921631,,,,
102,719,,,5.515707969665527,,5.5084638595581055,5.5084638595581055,,,,
102,720,,,7.3404622077941895,,7.333216667175293,7.333216667175293,,,,
,102,,,,,,,,,12.881868362426758,12.881868362426758
102,720,,,,,,,12.881868362426758,12.881868362426758,,
102,720,6.28864860534668,6.295888900756836,,6.28864860534668,,,,,,
103,721,,,4.911194801330566,,4.9039459228515625,4.9039459228515625,,,,
103,722,,,8.179896354675293,,8.172646522521973,8.172646522521973,,,,
103,723,,,3.1499674320220947,,3.1427159309387207,3.1427159309387207,,,,
103,724,,,6.130067348480225,,6.122813701629639,6.122813701629639,,,,
103,725,,,9.930645942687988,,9.92339038848877,9.92339038848877,,,,
103,726,,,6.1263933181762695,,6.119136333465576,6.119136333465576,,,,
103,727,,,3.8202054500579834,,3.8129467964172363,3.8129467964172363,,,,
,103,,,,,,,,,12.574687004089355,12.574687004089355
103,727,,,,,,,12.574687004089355,12.574687004089355,,
103,727,6.245412826538086,6.252665042877197,,6.245412826538086,,,,,,
104,728,,,6.835289001464844,,6.828028202056885,6.828028202056885,,,,
104,729,,,6.59816837310791,,6.590906143188477,6.590906143188477,,,,
104,730,,,7.58008337020874,,7.572819232940674,7.572819232940674,,,,
104,731,,,5.238643646240234,,5.231377601623535,5.231377601623535,,,,
104,732,,,4.936058044433594,,4.928790092468262,4.928790092468262,,,,
104,733,,,5.4585747718811035,,5.451305866241455,5.451305866241455,,,,
104,734,,,7.648571491241455,,7.641300678253174,7.641300678253174,,,,
,104,,,,,,,,,12.477415084838867,12.477415084838867
104,734,,,,,,,12.477415084838867,12.477415084838867,,
104,734,6.191170692443848,6.198436260223389,,6.191170692443848,,,,,,
105,735,,,4.725284099578857,,4.718011856079102,4.718011856079102,,,,
105,736,,,5.7614665031433105,,5.75419282913208,5.75419282913208,,,,
105,737,,,9.199409484863281,,9.192132949829102,9.192132949829102,,,,
105,738,,,7.162984371185303,,7.15570592880249,7.15570592880249,,,,
105,739,,,3.4419212341308594,,3.434640645980835,3.434640645980835,,,,
105,740,,,6.128755569458008,,6.121474266052246,6.121474266052246,,,,
105,741,,,7.502643585205078,,7.495360851287842,7.495360851287842,,,,
,105,,,,,,,,,12.474849700927734,12.474849700927734
105,741,,,,,,,12.474848747253418,12.474848747253418,,
105,741,6.146967887878418,6.154245376586914,,6.146967887878418,,,,,,
106,742,,,6.912598609924316,,6.905315399169922,6.905315399169922,,,,
106,743,,,4.148151874542236,,4.140867710113525,4.140867710113525,,,,
106,744,,,8.044288635253906,,8.037002563476562,8.037002563476562,,,,
106,745,,,5.0251898765563965,,5.017902374267578,5.017902374267578,,,,
106,746,,,6.735574245452881,,6.728283882141113,6.728283882141113,,,,
106,747,,,5.046628952026367,,5.039337158203125,5.039337158203125,,,,
106,748,,,8.083873748779297,,8.076581001281738,8.076581001281738,,,,
,106,,,,,,,,,12.577240943908691,12.577240943908691
106,748,,,,,,,12.577240943908691,12.577240943908691,,
106,748,6.10155725479126,6.108844757080078,,6.10155725479126,,,,,,
107,749,,,4.21811056137085,,4.210816383361816,4.210816383361816,,,,
107,750,,,5.950622081756592,,5.9433274269104,5.9433274269104,,,,
107,751,,,7.827826499938965,,7.820529937744141,7.820529937744141,,,,
107,752,,,4.999143600463867,,4.991845607757568,4.991845607757568,,,,
107,753,,,6.828726768493652,,6.821426868438721,6.821426868438721,,,,
107,754,,,6.4888505935668945,,6.481547832489014,6.481547832489014,,,,
107,755,,,6.098286151885986,,6.090982437133789,6.090982437133789,,,,
,107,,,,,,,,,12.500304222106934,12.500304222106934
107,755,,,,,,,12.500304222106934,12.500304222106934,,
107,755,6.047625541687012,6.054923057556152,,6.047625541687012,,,,,,
108,756,,,6.489395618438721,,6.482090473175049,6.482090473175049,,,,
108,757,,,6.000559329986572,,5.993250846862793,5.993250846862793,,,,
108,758,,,4.498988151550293,,4.491678237915039,4.491678237915039,,,,
108,759,,,7.84748649597168,,7.840175628662109,7.840175628662109,,,,
108,760,,,4.358355522155762,,4.351043701171875,4.351043701171875,,,,
108,761,,,5.91393518447876,,5.90662145614624,5.90662145614624,,,,
108,762,,,8.610513687133789,,8.603198051452637,8.603198051452637,,,,
,108,,,,,,,,,12.454431533813477,12.454431533813477
108,762,,,,,,,12.454431533813477,12.454431533813477,,
108,762,6.006441116333008,6.01375150680542,,6.006441116333008,,,,,,
109,763,,,4.227447509765625,,4.220130920410156,4.220130920410156,,,,
109,764,,,6.3637471199035645,,6.356428146362305,6.356428146362305,,,,
109,765,,,7.558399677276611,,7.5510783195495605,7.5510783195495605,,,,
109,766,,,5.160259246826172,,5.152936935424805,5.152936935424805,,,,
109,767,,,4.906980991363525,,4.899656772613525,4.899656772613525,,,,
109,768,,,8.005386352539062,,7.99806022644043,7.99806022644043,,,,
109,769,,,4.922980308532715,,4.915652751922607,4.915652751922607,,,,
,109,,,,,,,,,12.405904769897461,12.405904769897461
109,769,,,,,,,12.405904769897461,12.405904769897461,,
109,769,5.964181900024414,5.971504211425781,,5.964181900024414,,,,,,
110,770,,,7.965117931365967,,7.957789897918701,7.957789897918701,,,,
110,771,,,5.988040924072266,,5.980711460113525,5.980711460113525,,,,
110,772,,,5.932383060455322,,5.925052165985107,5.925052165985107,,,,
110,773,,,4.8897624015808105,,4.882430553436279,4.882430553436279,,,,
110,774,,,4.76698112487793,,4.759647369384766,4.759647369384766,,,,
110,775,,,6.822797775268555,,6.815462112426758,6.815462112426758,,,,
110,776,,,3.7763569355010986,,3.7690188884735107,3.7690188884735107,,,,
,110,,,,,,,,,12.36146354675293,12.36146354675293
110,776,,,,,,,12.36146354675293,12.36146354675293,,
110,776,5.91913366317749,5.926465034484863,,5.91913366317749,,,,,,
111,777,,,5.060362815856934,,5.0530242919921875,5.0530242919921875,,,,
111,778,,,5.906407833099365,,5.899069309234619,5.899069309234619,,,,
111,779,,,5.921374797821045,,5.914033889770508,5.914033889770508,,,,
111,780,,,6.81667947769165,,6.809337139129639,6.809337139129639,,,,
111,781,,,6.154565334320068,,6.147220134735107,6.147220134735107,,,,
111,782,,,6.394850254058838,,6.387503147125244,6.387503147125244,,,,
111,783,,,3.279165506362915,,3.271817207336426,3.271817207336426,,,,
,111,,,,,,,,,12.16598129272461,12.16598129272461
111,783,,,,,,,12.165980339050293,12.165980339050293,,
111,783,5.872489929199219,5.879831790924072,,5.872489929199219,,,,,,
112,784,,,5.573451519012451,,5.566101551055908,5.566101551055908,,,,
112,785,,,7.487701416015625,,7.480350017547607,7.480350017547607,,,,
112,786,,,5.818872928619385,,5.811519622802734,5.811519622802734,,,,
112,787,,,5.672505855560303,,5.665150165557861,5.665150165557861,,,,
112,788,,,4.845254898071289,,4.837897300720215,4.837897300720215,,,,
112,789,,,6.646908283233643,,6.639549255371094,6.639549255371094,,,,
112,790,,,3.011082649230957,,3.0037219524383545,3.0037219524383545,,,,
,112,,,,,,,,,11.963037490844727,11.963037490844727
112,790,,,,,,,11.963037490844727,11.963037490844727,,
112,790,5.823837757110596,5.831192493438721,,5.823837757110596,,,,,,
113,791,,,6.700262069702148,,6.692900657653809,6.692900657653809,,,,
113,792,,,5.662790298461914,,5.655426979064941,5.655426979064941,,,,
113,793,,,4.023008346557617,,4.015643119812012,4.015643119812012,,,,
113,794,,,5.586482524871826,,5.57911491394043,5.57911491394043,,,,
113,795,,,7.198423862457275,,7.191054344177246,7.191054344177246,,,,
113,796,,,5.788880348205566,,5.781510353088379,5.781510353088379,,,,
113,797,,,5.257596969604492,,5.25022554397583,5.25022554397583,,,,
,113,,,,,,,,,11.737324714660645,11.737324714660645
113,797,,,,,,,11.737324714660645,11.737324714660645,,
113,797,5.785801410675049,5.793168067932129,,5.785801410675049,,,,,,
114,798,,,3.7717223167419434,,3.764348030090332,3.764348030090332,,,,
114,799,,,5.692792892456055,,5.6854166984558105,5.6854166984558105,,,,
114,800,,,6.556550025939941,,6.549172401428223,6.549172401428223,,,,
114,801,,,5.706666469573975,,5.699287414550781,5.699287414550781,,,,
114,802,,,5.479034900665283,,5.471654415130615,5.471654415130615,,,,
114,803,,,6.582366466522217,,6.574983596801758,6.574983596801758,,,,
114,804,,,7.631160259246826,,7.623775482177734,7.623775482177734,,,,
,114,,,,,,,,,11.62536334991455,11.62536334991455
114,804,,,,,,,11.62536334991455,11.62536334991455,,
114,804,5.741769313812256,5.749147891998291,,5.741769313812256,,,,,,
115,805,,,6.953431606292725,,6.946044921875,6.946044921875,,,,
115,806,,,4.932446002960205,,4.9250569343566895,4.9250569343566895,,,,
115,807,,,5.930341720581055,,5.922951698303223,5.922951698303223,,,,
115,808,,,6.367178916931152,,6.3597869873046875,6.3597869873046875,,,,
115,809,,,5.046985149383545,,5.039591312408447,5.039591312408447,,,,
115,810,,,5.653541088104248,,5.646145343780518,5.646145343780518,,,,
115,811,,,3.9302079677581787,,3.9228100776672363,3.9228100776672363,,,,
,115,,,,,,,,,11.603873252868652,11.603873252868652
115,811,,,,,,,11.603873252868652,11.603873252868652,,
115,811,5.695785045623779,5.703176975250244,,5.695785045623779,,,,,,
116,812,,,6.767284393310547,,6.759886264801025,6.759886264801025,,,,
116,813,,,5.590906620025635,,5.583507061004639,5.583507061004639,,,,
116,814,,,4.999536037445068,,4.992135047912598,4.992135047912598,,,,
116,815,,,5.123537540435791,,5.1161346435546875,5.1161346435546875,,,,
116,816,,,6.597039699554443,,6.589634418487549,6.589634418487549,,,,
116,817,,,5.852836608886719,,5.845430374145508,5.845430374145508,,,,
116,818,,,2.9972872734069824,,2.9898781776428223,2.9898781776428223,,,,
,116,,,,,,,,,11.52448844909668,11.52448844909668
116,818,,,,,,,11.52448844909668,11.52448844909668,,
116,818,5.648303031921387,5.655705451965332,,5.648303031921387,,,,,,
117,819,,,4.645699501037598,,4.638290882110596,4.638290882110596,,,,
117,820,,,5.916073322296143,,5.908662796020508,5.908662796020508,,,,
117,821,,,5.954991817474365,,5.947580337524414,5.947580337524414,,,,
117,822,,,6.900730133056641,,6.893316268920898,6.893316268920898,,,,
117,823,,,4.675017356872559,,4.667602062225342,4.667602062225342,,,,
117,824,,,5.8716206550598145,,5.864204406738281,5.864204406738281,,,,
117,825,,,4.807677268981934,,4.800258636474609,4.800258636474609,,,,
,117,,,,,,,,,11.415923118591309,11.415923118591309
117,825,,,,,,,11.415923118591309,11.415923118591309,,
117,825,5.603098392486572,5.610511779785156,,5.603098392486572,,,,,,
118,826,,,5.60855770111084,,5.601137161254883,5.601137161254883,,,,
118,827,,,6.99781608581543,,6.99039363861084,6.99039363861084,,,,
118,828,,,4.458439826965332,,4.451016426086426,4.451016426086426,,,,
118,829,,,3.7763051986694336,,3.7688796520233154,3.7688796520233154,,,,
118,830,,,5.425479412078857,,5.418053150177002,5.418053150177002,,,,
118,831,,,5.924366474151611,,5.916937828063965,5.916937828063965,,,,
118,832,,,8.605484962463379,,8.598053932189941,8.598053932189941,,,,
,118,,,,,,,,,11.484164237976074,11.484164237976074
118,832,,,,,,,11.484164237976074,11.484164237976074,,
118,832,5.548342704772949,5.555768013000488,,5.548342704772949,,,,,,
119,833,,,4.313262939453125,,4.305830001831055,4.305830001831055,,,,
119,834,,,5.098439693450928,,5.091006278991699,5.091006278991699,,,,
119,835,,,6.129883289337158,,6.122447490692139,6.122447490692139,,,,
119,836,,,5.409886360168457,,5.402448654174805,5.402448654174805,,,,
119,837,,,4.37002420425415,,4.362584114074707,4.362584114074707,,,,
119,838,,,7.369256973266602,,7.361815452575684,7.361815452575684,,,,
119,839,,,6.470673084259033,,6.463229179382324,6.463229179382324,,,,
,119,,,,,,,,,11.470041275024414,11.470041275024414
119,839,,,,,,,11.470041275024414,11.470041275024414,,
119,839,5.501152038574219,5.508589267730713,,5.501152038574219,,,,,,
120,840,,,4.466738700866699,,4.459293365478516,4.459293365478516,,,,
120,841,,,5.475517272949219,,5.468069553375244,5.468069553375244,,,,
120,842,,,6.204622268676758,,6.197171688079834,6.197171688079834,,,,
120,843,,,7.452418804168701,,7.444967269897461,7.444967269897461,,,,
120,844,,,4.012329578399658,,4.004876136779785,4.004876136779785,,,,
120,845,,,5.96299409866333,,5.955538749694824,5.955538749694824,,,,
120,846,,,3.4350883960723877,,3.427631378173828,3.427631378173828,,,,
,120,,,,,,,,,11.412019729614258,11.412019729614258
120,846,,,,,,,11.412019729614258,11.412019729614258,,
120,846,5.461220741271973,5.468670845031738,,5.461220741271973,,,,,,
121,847,,,6.956631660461426,,6.949173927307129,6.949173927307129,,,,
121,848,,,3.8571345806121826,,3.849675178527832,3.849675178527832,,,,
121,849,,,7.01124906539917,,7.003787517547607,7.003787517547607,,,,
121,850,,,6.601078510284424,,6.59361457824707,6.59361457824707,,,,
121,851,,,4.196262359619141,,4.1887969970703125,4.1887969970703125,,,,
121,852,,,5.011198043823242,,5.003730773925781,5.003730773925781,,,,
121,853,,,2.55916166305542,,2.5516929626464844,2.5516929626464844,,,,
,121,,,,,,,,,11.377644538879395,11.377644538879395
121,853,,,,,,,11.377644538879395,11.377644538879395,,
121,853,5.418928146362305,5.426390171051025,,5.418928146362305,,,,,,
122,854,,,5.496411323547363,,5.488941192626953,5.488941192626953,,,,
122,855,,,4.6684088706970215,,4.660937309265137,4.660937309265137,,,,
122,856,,,6.505056858062744,,6.497584342956543,6.497584342956543,,,,
122,857,,,4.916120529174805,,4.9086456298828125,4.9086456298828125,,,,
122,858,,,5.726690292358398,,5.719213485717773,5.719213485717773,,,,
122,859,,,5.518720626831055,,5.511241436004639,5.511241436004639,,,,
122,860,,,4.0349860191345215,,4.027504920959473,4.027504920959473,,,,
,122,,,,,,,,,11.300227165222168,11.300227165222168
122,860,,,,,,,11.300227165222168,11.300227165222168,,
122,860,5.379902362823486,5.387376308441162,,5.379902362823486,,,,,,
123,861,,,5.471763610839844,,5.4642815589904785,5.4642815589904785,,,,
123,862,,,5.852759838104248,,5.84527587890625,5.84527587890625,,,,
123,863,,,4.100689888000488,,4.093204021453857,4.093204021453857,,,,
123,864,,,4.676398754119873,,4.668910980224609,4.668910980224609,,,,
123,865,,,6.329270362854004,,6.321780681610107,6.321780681610107,,,,
123,866,,,5.417579650878906,,5.410088539123535,5.410088539123535,,,,
123,867,,,5.956002235412598,,5.948509216308594,5.948509216308594,,,,
,123,,,,,,,,,11.221830368041992,11.221830368041992
123,867,,,,,,,11.221830368041992,11.221830368041992,,
123,867,5.338703155517578,5.346189975738525,,5.338703155517578,,,,,,
124,868,,,5.345183372497559,,5.33768892288208,5.33768892288208,,,,
124,869,,,5.443596839904785,,5.436100959777832,5.436100959777832,,,,
124,870,,,4.381904125213623,,4.374406337738037,4.374406337738037,,,,
124,871,,,3.448812484741211,,3.4413130283355713,3.4413130283355713,,,,
124,872,,,7.842739582061768,,7.835238933563232,7.835238933563232,,,,
124,873,,,4.586509704589844,,4.579006671905518,4.579006671905518,,,,
124,874,,,7.47075080871582,,7.463245391845703,7.463245391845703,,,,
,124,,,,,,,,,11.105157852172852,11.105157852172852
124,874,,,,,,,11.105157852172852,11.105157852172852,,
124,874,5.302348613739014,5.309847354888916,,5.302348613739014,,,,,,
125,875,,,6.014743328094482,,6.007236480712891,6.007236480712891,,,,
125,876,,,3.790846347808838,,3.783337116241455,3.783337116241455,,,,
125,877,,,4.264742851257324,,4.257232189178467,4.257232189178467,,,,
125,878,,,5.197329998016357,,5.189817428588867,5.189817428588867,,,,
125,879,,,5.038687229156494,,5.031171798706055,5.031171798706055,,,,
125,880,,,6.629384994506836,,6.621868133544922,6.621868133544922,,,,
125,881,,,7.209277153015137,,7.201758861541748,7.201758861541748,,,,
,125,,,,,,,,,10.995269775390625,10.995269775390625
125,881,,,,,,,10.995269775390625,10.995269775390625,,
125,881,5.269227504730225,5.276739597320557,,5.269227504730225,,,,,,
126,882,,,6.512715816497803,,6.505195617675781,6.505195617675781,,,,
126,883,,,4.638539791107178,,4.631018161773682,4.631018161773682,,,,
126,884,,,4.270739555358887,,4.263216018676758,4.263216018676758,,,,
126,885,,,4.352591514587402,,4.345066547393799,4.345066547393799,,,,
126,886,,,6.486713886260986,,6.479186534881592,6.479186534881592,,,,
126,887,,,5.728973388671875,,5.721444129943848,5.721444129943848,,,,
126,888,,,3.5996174812316895,,3.5920863151550293,3.5920863151550293,,,,
,126,,,,,,,,,10.854058265686035,10.854058265686035
126,888,,,,,,,10.854058265686035,10.854058265686035,,
126,888,5.222299098968506,5.229824066162109,,5.222299098968506,,,,,,
127,889,,,6.338805675506592,,6.331272125244141,6.331272125244141,,,,
127,890,,,4.760475158691406,,4.752940654754639,4.752940654754639,,,,
127,891,,,4.603700160980225,,4.596163272857666,4.596163272857666,,,,
127,892,,,4.022447109222412,,4.014908313751221,4.014908313751221,,,,
127,893,,,5.171359062194824,,5.163817882537842,5.163817882537842,,,,
127,894,,,5.9716410636901855,,5.964097499847412,5.964097499847412,,,,
127,895,,,5.9776811599731445,,5.9701361656188965,5.9701361656188965,,,,
,127,,,,,,,,,10.796488761901855,10.796488761901855
127,895,,,,,,,10.796488761901855,10.796488761901855,,
127,895,5.186196327209473,5.193735122680664,,5.186196327209473,,,,,,
128,896,,,4.968454837799072,,4.96090841293335,4.96090841293335,,,,
128,897,,,4.100625991821289,,4.093077182769775,4.093077182769775,,,,
128,898,,,7.365728378295898,,7.35817813873291,7.35817813873291,,,,
128,899,,,7.048239231109619,,7.04068660736084,7.04068660736084,,,,
128,900,,,2.268383264541626,,2.260829210281372,2.260829210281372,,,,
128,901,,,5.186789512634277,,5.179233551025391,5.179233551025391,,,,
128,902,,,5.01561975479126,,5.008061408996582,5.008061408996582,,,,
,128,,,,,,,,,10.767438888549805,10.767438888549805
128,902,,,,,,,10.767438888549805,10.767438888549805,,
128,902,5.140538692474365,5.148090362548828,,5.140538692474365,,,,,,
129,903,,,6.157759666442871,,6.150200366973877,6.150200366973877,,,,
129,904,,,3.6475725173950195,,3.640010356903076,3.640010356903076,,,,
129,905,,,4.991163730621338,,4.98360013961792,4.98360013961792,,,,
129,906,,,4.5766706466674805,,4.56910514831543,4.56910514831543,,,,
129,907,,,5.255002975463867,,5.247436046600342,5.247436046600342,,,,
129,908,,,4.90281867980957,,4.895249843597412,4.895249843597412,,,,
129,909,,,8.044079780578613,,8.036508560180664,8.036508560180664,,,,
,129,,,,,,,,,10.83100700378418,10.83100700378418
129,909,,,,,,,10.83100700378418,10.83100700378418,,
129,909,5.097928524017334,5.10549259185791,,5.097928524017334,,,,,,
130,910,,,5.745239734649658,,5.737667560577393,5.737667560577393,,,,
130,911,,,5.1027960777282715,,5.095222473144531,5.095222473144531,,,,
130,912,,,4.862241268157959,,4.854665756225586,4.854665756225586,,,,
130,913,,,4.680661678314209,,4.673084735870361,4.673084735870361,,,,
130,914,,,5.432860374450684,,5.425282001495361,5.425282001495361,,,,
130,915,,,4.159600734710693,,4.15201997756958,4.15201997756958,,,,
130,916,,,6.269257068634033,,6.261674404144287,6.261674404144287,,,,
,130,,,,,,,,,10.777297973632812,10.777297973632812
130,916,,,,,,,10.777297973632812,10.777297973632812,,
130,916,5.064481258392334,5.07205867767334,,5.064481258392334,,,,,,
131,917,,,5.456330299377441,,5.448744297027588,5.448744297027588,,,,
131,918,,,6.373995780944824,,6.366407871246338,6.366407871246338,,,,
131,919,,,4.985358715057373,,4.977768421173096,4.977768421173096,,,,
131,920,,,6.293893814086914,,6.286301136016846,6.286301136016846,,,,
131,921,,,3.535512924194336,,3.5279178619384766,3.5279178619384766,,,,
131,922,,,3.1506834030151367,,3.1430869102478027,3.1430869102478027,,,,
131,923,,,6.007418632507324,,5.999820709228516,5.999820709228516,,,,
,131,,,,,,,,,10.609112739562988,10.609112739562988
131,923,,,,,,,10.609112739562988,10.609112739562988,,
131,923,5.019632816314697,5.027224540710449,,5.019632816314697,,,,,,
132,924,,,4.726271152496338,,4.718671798706055,4.718671798706055,,,,
132,925,,,4.978619575500488,,4.971018314361572,4.971018314361572,,,,
132,926,,,5.492950439453125,,5.485347747802734,5.485347747802734,,,,
132,927,,,5.316305637359619,,5.3087005615234375,5.3087005615234375,,,,
132,928,,,4.220731735229492,,4.213125228881836,4.213125228881836,,,,
132,929,,,5.2801513671875,,5.272542953491211,5.272542953491211,,,,
132,930,,,4.754000663757324,,4.7463908195495605,4.7463908195495605,,,,
,132,,,,,,,,,10.330571174621582,10.330571174621582
132,930,,,,,,,10.330571174621582,10.330571174621582,,
132,930,4.980282783508301,4.987887382507324,,4.980282783508301,,,,,,
133,931,,,5.075401782989502,,5.067788600921631,5.067788600921631,,,,
133,932,,,4.593177795410156,,4.585561752319336,4.585561752319336,,,,
133,933,,,6.0449604988098145,,6.037343978881836,6.037343978881836,,,,
133,934,,,5.06845235824585,,5.06083345413208,5.06083345413208,,,,
133,935,,,5.022323131561279,,5.014702320098877,5.014702320098877,,,,
133,936,,,3.7366344928741455,,3.7290117740631104,3.7290117740631104,,,,
133,937,,,5.343801498413086,,5.33617639541626,5.33617639541626,,,,
,133,,,,,,,,,10.130258560180664,10.130258560180664
133,937,,,,,,,10.130258560180664,10.130258560180664,,
133,937,4.940597057342529,4.948215961456299,,4.940597057342529,,,,,,
134,938,,,4.4862589836120605,,4.478631973266602,4.478631973266602,,,,
134,939,,,5.883627414703369,,5.8759989738464355,5.8759989738464355,,,,
134,940,,,3.7829222679138184,,3.7752914428710938,3.7752914428710938,,,,
134,941,,,5.096345901489258,,5.088713645935059,5.088713645935059,,,,
134,942,,,3.3384294509887695,,3.3307957649230957,3.3307957649230957,,,,
134,943,,,6.626506328582764,,6.618869781494141,6.618869781494141,,,,
134,944,,,5.611595153808594,,5.603956699371338,5.603956699371338,,,,
,134,,,,,,,,,10.05297565460205,10.05297565460205
134,944,,,,,,,10.05297565460205,10.05297565460205,,
134,944,4.905064105987549,4.912696361541748,,4.905064105987549,,,,,,
135,945,,,3.5933585166931152,,3.5857181549072266,3.5857181549072266,,,,
135,946,,,5.143743515014648,,5.1361002922058105,5.1361002922058105,,,,
135,947,,,4.857115268707275,,4.849470138549805,4.849470138549805,,,,
135,948,,,5.6639084815979,,5.656261920928955,5.656261920928955,,,,
135,949,,,4.970740795135498,,4.963091850280762,4.963091850280762,,,,
135,950,,,5.297749996185303,,5.290099620819092,5.290099620819092,,,,
135,951,,,4.068188190460205,,4.060535907745361,4.060535907745361,,,,
,135,,,,,,,,,9.889802932739258,9.889802932739258
135,951,,,,,,,9.889802932739258,9.889802932739258,,
135,951,4.863285541534424,4.870931148529053,,4.863285541534424,,,,,,
136,952,,,5.728133201599121,,5.7204790115356445,5.7204790115356445,,,,
136,953,,,4.381255626678467,,4.373599529266357,4.373599529266357,,,,
136,954,,,4.3723955154418945,,4.364737033843994,4.364737033843994,,,,
136,955,,,5.674688816070557,,5.667028427124023,5.667028427124023,,,,
136,956,,,3.8874459266662598,,3.8797833919525146,3.8797833919525146,,,,
136,957,,,4.9498515129089355,,4.942187309265137,4.942187309265137,,,,
136,958,,,4.774186611175537,,4.766520977020264,4.766520977020264,,,,
,136,,,,,,,,,9.816904067993164,9.816904067993164
136,958,,,,,,,9.816904067993164,9.816904067993164,,
136,958,4.821217060089111,4.828876972198486,,4.821217060089111,,,,,,
137,959,,,5.114147186279297,,5.106479167938232,5.106479167938232,,,,
137,960,,,4.034655570983887,,4.026986122131348,4.026986122131348,,,,
137,961,,,5.0929341316223145,,5.085262775421143,5.085262775421143,,,,
137,962,,,4.077254772186279,,4.069581985473633,4.069581985473633,,,,
137,963,,,5.1637139320373535,,5.156039237976074,5.156039237976074,,,,
137,964,,,3.8535845279693604,,3.845907211303711,3.845907211303711,,,,
137,965,,,8.63287353515625,,8.62519359588623,8.62519359588623,,,,
,137,,,,,,,,,9.782499313354492,9.782499313354492
137,965,,,,,,,9.782499313354492,9.782499313354492,,
137,965,4.788188457489014,4.795861721038818,,4.788188457489014,,,,,,
138,966,,,4.064128398895264,,4.0564470291137695,4.0564470291137695,,,,
138,967,,,4.0392560958862305,,4.0315728187561035,4.0315728187561035,,,,
138,968,,,4.582582950592041,,4.574897766113281,4.574897766113281,,,,
138,969,,,6.038139820098877,,6.030452728271484,6.030452728271484,,,,
138,970,,,5.1945719718933105,,5.186882972717285,5.186882972717285,,,,
138,971,,,4.955479145050049,,4.947788238525391,4.947788238525391,,,,
138,972,,,3.8168625831604004,,3.8091695308685303,3.8091695308685303,,,,
,138,,,,,,,,,9.662262916564941,9.662262916564941
138,972,,,,,,,9.662262916564941,9.662262916564941,,
138,972,4.746114253997803,4.753800868988037,,4.746114253997803,,,,,,
139,973,,,5.959790229797363,,5.952095031738281,5.952095031738281,,,,
139,974,,,4.955316066741943,,4.94761848449707,4.94761848449707,,,,
139,975,,,6.0117573738098145,,6.004057884216309,6.004057884216309,,,,
139,976,,,1.7379225492477417,,1.7302212715148926,1.7302212715148926,,,,
139,977,,,5.945328235626221,,5.937625408172607,5.937625408172607,,,,
139,978,,,4.304727077484131,,4.297021865844727,4.297021865844727,,,,
139,979,,,3.1821563243865967,,3.1744494438171387,3.1744494438171387,,,,
,139,,,,,,,,,9.52787971496582,9.52787971496582
139,979,,,,,,,9.52787971496582,9.52787971496582,,
139,979,4.715146064758301,4.722846984863281,,4.715146064758301,,,,,,
140,980,,,6.232059478759766,,6.224350452423096,6.224350452423096,,,,
140,981,,,3.502525568008423,,3.494814395904541,3.494814395904541,,,,
140,982,,,5.764469623565674,,5.75675630569458,5.75675630569458,,,,
140,983,,,2.955831289291382,,2.9481165409088135,2.9481165409088135,,,,
140,984,,,4.999532699584961,,4.991816520690918,4.991816520690918,,,,
140,985,,,5.134361743927002,,5.126643657684326,5.126643657684326,,,,
140,986,,,3.362708806991577,,3.3549883365631104,3.3549883365631104,,,,
,140,,,,,,,,,9.328303337097168,9.328303337097168
140,986,,,,,,,9.328303337097168,9.328303337097168,,
140,986,4.674607276916504,4.682320594787598,,4.674607276916504,,,,,,
141,987,,,4.476100444793701,,4.468377590179443,4.468377590179443,,,,
141,988,,,4.678071022033691,,4.670345306396484,4.670345306396484,,,,
141,989,,,4.291719913482666,,4.283992290496826,4.283992290496826,,,,
141,990,,,4.673399448394775,,4.665669918060303,4.665669918060303,,,,
141,991,,,4.2924933433532715,,4.284761428833008,4.284761428833008,,,,
141,992,,,4.68519926071167,,4.677465915679932,4.677465915679932,,,,
141,993,,,6.779849529266357,,6.7721147537231445,6.7721147537231445,,,,
,141,,,,,,,,,9.15868091583252,9.15868091583252
141,993,,,,,,,9.15868091583252,9.15868091583252,,
141,993,4.641592979431152,4.649322032928467,,4.641592979431152,,,,,,
142,994,,,4.304239273071289,,4.296502113342285,4.296502113342285,,,,
142,995,,,5.733738422393799,,5.72599983215332,5.72599983215332,,,,
142,996,,,4.27885103225708,,4.2711100578308105,4.2711100578308105,,,,
142,997,,,4.329431533813477,,4.321687698364258,4.321687698364258,,,,
142,998,,,4.754214286804199,,4.746468544006348,4.746468544006348,,,,
142,999,,,3.4709441661834717,,3.4631969928741455,3.4631969928741455,,,,
142,1000,,,6.807806015014648,,6.8000569343566895,6.8000569343566895,,,,
,142,,,,,,,,,9.222745895385742,9.222745895385742
142,1000,,,,,,,9.222745895385742,9.222745895385742,,
142,1000,4.6078410148620605,4.615583419799805,,4.6078410148620605,,,,,,
143,1001,,,5.519742488861084,,5.51199197769165,5.51199197769165,,,,
143,1002,,,3.855623245239258,,3.8478713035583496,3.8478713035583496,,,,
143,1003,,,4.946538925170898,,4.938784599304199,4.938784599304199,,,,
143,1004,,,4.754085540771484,,4.746328830718994,4.746328830718994,,,,
143,1005,,,5.47038459777832,,5.462625980377197,5.462625980377197,,,,
143,1006,,,3.8344860076904297,,3.8267250061035156,3.8267250061035156,,,,
143,1007,,,2.1974105834960938,,2.189647674560547,2.189647674560547,,,,
,143,,,,,,,,,9.274205207824707,9.274205207824707
143,1007,,,,,,,9.274205207824707,9.274205207824707,,
143,1007,4.573403358459473,4.581159591674805,,4.573403358459473,,,,,,
144,1008,,,4.374300479888916,,4.366537570953369,4.366537570953369,,,,
144,1009,,,4.835136413574219,,4.827371120452881,4.827371120452881,,,,
144,1010,,,3.9272072315216064,,3.919440269470215,3.919440269470215,,,,
144,1011,,,5.1549882888793945,,5.147219181060791,5.147219181060791,,,,
144,1012,,,3.7572994232177734,,3.749528646469116,3.749528646469116,,,,
144,1013,,,4.6236395835876465,,4.615866184234619,4.615866184234619,,,,
144,1014,,,6.078678607940674,,6.07090425491333,6.07090425491333,,,,
,144,,,,,,,,,9.133687019348145,9.133687019348145
144,1014,,,,,,,9.133687019348145,9.133687019348145,,
144,1014,4.533733367919922,4.541501998901367,,4.533733367919922,,,,,,
145,1015,,,4.524418830871582,,4.516642093658447,4.516642093658447,,,,
145,1016,,,3.135465145111084,,3.1276867389678955,3.1276867389678955,,,,
145,1017,,,4.829726219177246,,4.821945667266846,4.821945667266846,,,,
145,1018,,,4.8916754722595215,,4.88389253616333,4.88389253616333,,,,
145,1019,,,4.408571720123291,,4.40078592300415,4.40078592300415,,,,
145,1020,,,6.291897296905518,,6.284109592437744,6.284109592437744,,,,
145,1021,,,1.6154752969741821,,1.6076862812042236,1.6076862812042236,,,,
,145,,,,,,,,,8.937176704406738,8.937176704406738
145,1021,,,,,,,8.937176704406738,8.937176704406738,,
145,1021,4.492226600646973,4.500009059906006,,4.492226600646973,,,,,,
146,1022,,,3.854280948638916,,3.8464903831481934,3.8464903831481934,,,,
146,1023,,,3.7951407432556152,,3.7873482704162598,3.7873482704162598,,,,
146,1024,,,6.433862686157227,,6.4260687828063965,6.4260687828063965,,,,
146,1025,,,4.406037330627441,,4.3982415199279785,4.3982415199279785,,,,
146,1026,,,3.310117244720459,,3.302319049835205,3.302319049835205,,,,
146,1027,,,5.14414119720459,,5.136341094970703,5.136341094970703,,,,
146,1028,,,3.94181227684021,,3.9340100288391113,3.9340100288391113,,,,
,146,,,,,,,,,8.844646453857422,8.844646453857422
146,1028,,,,,,,8.844646453857422,8.844646453857422,,
146,1028,4.450519561767578,4.458315372467041,,4.450519561767578,,,,,,
147,1029,,,4.269059658050537,,4.261255264282227,4.261255264282227,,,,
147,1030,,,5.725759983062744,,5.717953205108643,5.717953205108643,,,,
147,1031,,,4.068732738494873,,4.060924053192139,4.060924053192139,,,,
147,1032,,,4.769498348236084,,4.761687278747559,4.761687278747559,,,,
147,1033,,,3.7063257694244385,,3.698512554168701,3.698512554168701,,,,
147,1034,,,4.7522358894348145,,4.744421005249023,4.744421005249023,,,,
147,1035,,,2.3664231300354004,,2.3586058616638184,2.3586058616638184,,,,
,147,,,,,,,,,8.787703514099121,8.787703514099121
147,1035,,,,,,,8.787703514099121,8.787703514099121,,
147,1035,4.412428379058838,4.420238494873047,,4.412428379058838,,,,,,
148,1036,,,5.422563552856445,,5.414745330810547,5.414745330810547,,,,
148,1037,,,4.937289237976074,,4.929469108581543,4.929469108581543,,,,
148,1038,,,4.383195877075195,,4.375373840332031,4.375373840332031,,,,
148,1039,,,4.070670127868652,,4.062845706939697,4.062845706939697,,,,
148,1040,,,3.576446771621704,,3.568620443344116,3.568620443344116,,,,
148,1041,,,4.51088285446167,,4.503054618835449,4.503054618835449,,,,
148,1042,,,2.8885576725006104,,2.880727767944336,2.880727767944336,,,,
,148,,,,,,,,,8.636590957641602,8.636590957641602
148,1042,,,,,,,8.636590957641602,8.636590957641602,,
148,1042,4.381864070892334,4.389687538146973,,4.381864070892334,,,,,,
149,1043,,,5.365839958190918,,5.358007907867432,5.358007907867432,,,,
149,1044,,,3.3388519287109375,,3.3310177326202393,3.3310177326202393,,,,
149,1045,,,4.544956207275391,,4.537120342254639,4.537120342254639,,,,
149,1046,,,3.8361854553222656,,3.8283469676971436,3.8283469676971436,,,,
149,1047,,,4.960327625274658,,4.952487945556641,4.952487945556641,,,,
149,1048,,,4.44879150390625,,4.440949440002441,4.440949440002441,,,,
149,1049,,,3.3655829429626465,,3.357739210128784,3.357739210128784,,,,
,149,,,,,,,,,8.47326374053955,8.47326374053955
149,1049,,,,,,,8.47326374053955,8.47326374053955,,
149,1049,4.346208572387695,4.35404634475708,,4.346208572387695,,,,,,
150,1050,,,3.7331326007843018,,3.7252862453460693,3.7252862453460693,,,,
150,1051,,,4.9353437423706055,,4.92749547958374,4.92749547958374,,,,
150,1052,,,3.9757471084594727,,3.9678966999053955,3.9678966999053955,,,,
150,1053,,,4.181447505950928,,4.173594951629639,4.173594951629639,,,,
150,1054,,,3.6916425228118896,,3.683788299560547,3.683788299560547,,,,
150,1055,,,5.637020111083984,,5.629164218902588,5.629164218902588,,,,
150,1056,,,3.81915545463562,,3.8112971782684326,3.8112971782684326,,,,
,150,,,,,,,,,8.302528381347656,8.302528381347656
150,1056,,,,,,,8.302528381347656,8.302528381347656,,
150,1056,4.31944465637207,4.327296733856201,,4.31944465637207,,,,,,
151,1057,,,2.7171638011932373,,2.709303379058838,2.709303379058838,,,,
151,1058,,,5.799304485321045,,5.79144287109375,5.79144287109375,,,,
151,1059,,,4.236086845397949,,4.228222370147705,4.228222370147705,,,,
151,1060,,,3.6055469512939453,,3.597679853439331,3.597679853439331,,,,
151,1061,,,5.033247947692871,,5.025379657745361,5.025379657745361,,,,
151,1062,,,4.158143043518066,,4.150271892547607,4.150271892547607,,,,
151,1063,,,5.016566276550293,,5.008693695068359,5.008693695068359,,,,
,151,,,,,,,,,8.261224746704102,8.261224746704102
151,1063,,,,,,,8.261224746704102,8.261224746704102,,
151,1063,4.294989585876465,4.302855491638184,,4.294989585876465,,,,,,
152,1064,,,3.7837536334991455,,3.7758800983428955,3.7758800983428955,,,,
152,1065,,,3.455789566040039,,3.4479143619537354,3.4479143619537354,,,,
152,1066,,,5.197469711303711,,5.1895928382873535,5.1895928382873535,,,,
152,1067,,,4.626917362213135,,4.619039058685303,4.619039058685303,,,,
152,1068,,,5.334330081939697,,5.326449871063232,5.326449871063232,,,,
152,1069,,,4.022834300994873,,4.014951229095459,4.014951229095459,,,,
152,1070,,,2.1220622062683105,,2.1141774654388428,2.1141774654388428,,,,
,152,,,,,,,,,8.176936149597168,8.176936149597168
152,1070,,,,,,,8.176936149597168,8.176936149597168,,
152,1070,4.261434555053711,4.269312381744385,,4.261434555053711,,,,,,
153,1071,,,4.888221740722656,,4.880335330963135,4.880335330963135,,,,
153,1072,,,4.774763584136963,,4.766875267028809,4.766875267028809,,,,
153,1073,,,2.735015630722046,,2.727125644683838,2.727125644683838,,,,
153,1074,,,3.715050220489502,,3.707158088684082,3.707158088684082,,,,
153,1075,,,3.808300495147705,,3.8004071712493896,3.8004071712493896,,,,
153,1076,,,4.953470230102539,,4.945574760437012,4.945574760437012,,,,
153,1077,,,5.828644752502441,,5.820747375488281,5.820747375488281,,,,
,153,,,,,,,,,8.076541900634766,8.076541900634766
153,1077,,,,,,,8.076541900634766,8.076541900634766,,
153,1077,4.236903190612793,4.244793891906738,,4.236903190612793,,,,,,
154,1078,,,4.47916841506958,,4.471269130706787,4.471269130706787,,,,
154,1079,,,3.1841542720794678,,3.176252603530884,3.176252603530884,,,,
154,1080,,,4.263439178466797,,4.25553560256958,4.25553560256958,,,,
154,1081,,,6.112763404846191,,6.1048583984375,6.1048583984375,,,,
154,1082,,,3.7403597831726074,,3.732452869415283,3.732452869415283,,,,
154,1083,,,3.1076648235321045,,3.0997567176818848,3.0997567176818848,,,,
154,1084,,,5.28525972366333,,5.27734899520874,5.27734899520874,,,,
,154,,,,,,,,,8.076495170593262,8.076495170593262
154,1084,,,,,,,8.076495170593262,8.076495170593262,,
154,1084,4.20692253112793,4.214826583862305,,4.20692253112793,,,,,,
155,1085,,,3.714585304260254,,3.7066729068756104,3.7066729068756104,,,,
155,1086,,,4.414834976196289,,4.406920909881592,4.406920909881592,,,,
155,1087,,,4.740567207336426,,4.732652187347412,4.732652187347412,,,,
155,1088,,,4.150144577026367,,4.142227649688721,4.142227649688721,,,,
155,1089,,,3.926466226577759,,3.9185469150543213,3.9185469150543213,,,,
155,1090,,,4.51913595199585,,4.511214733123779,4.511214733123779,,,,
155,1091,,,3.2080435752868652,,3.200120449066162,3.200120449066162,,,,
,155,,,,,,,,,7.924356460571289,7.924356460571289
155,1091,,,,,,,7.924356937408447,7.924356937408447,,
155,1091,4.175416469573975,4.183333396911621,,4.175416469573975,,,,,,
156,1092,,,3.3359642028808594,,3.328037977218628,3.328037977218628,,,,
156,1093,,,4.306960582733154,,4.299032688140869,4.299032688140869,,,,
156,1094,,,4.120499610900879,,4.112569808959961,4.112569808959961,,,,
156,1095,,,3.371673107147217,,3.3637406826019287,3.3637406826019287,,,,
156,1096,,,5.0634002685546875,,5.055466175079346,5.055466175079346,,,,
156,1097,,,5.520389556884766,,5.512453556060791,5.512453556060791,,,,
156,1098,,,1.8953588008880615,,1.887420654296875,1.887420654296875,,,,
,156,,,,,,,,,7.805854320526123,7.805854320526123
156,1098,,,,,,,7.805854320526123,7.805854320526123,,
156,1098,4.137895584106445,4.145826816558838,,4.137895584106445,,,,,,
157,1099,,,2.9394781589508057,,2.9315383434295654,2.9315383434295654,,,,
157,1100,,,4.924129962921143,,4.916188716888428,4.916188716888428,,,,
157,1101,,,4.139699935913086,,4.13175630569458,4.13175630569458,,,,
157,1102,,,3.14253568649292,,3.134589672088623,3.134589672088623,,,,
157,1103,,,4.803155899047852,,4.795208930969238,4.795208930969238,,,,
157,1104,,,3.9130759239196777,,3.9051270484924316,3.9051270484924316,,,,
157,1105,,,6.2885026931762695,,6.280550956726074,6.280550956726074,,,,
,157,,,,,,,,,7.819155693054199,7.819155693054199
157,1105,,,,,,,7.819155693054199,7.819155693054199,,
157,1105,4.105037689208984,4.112982749938965,,4.105037689208984,,,,,,
158,1106,,,4.383205890655518,,4.375253200531006,4.375253200531006,,,,
158,1107,,,3.6591737270355225,,3.651219129562378,3.651219129562378,,,,
158,1108,,,4.184447765350342,,4.1764912605285645,4.1764912605285645,,,,
158,1109,,,5.054353713989258,,5.046395301818848,5.046395301818848,,,,
158,1110,,,3.699061632156372,,3.691101312637329,3.691101312637329,,,,
158,1111,,,3.9679043292999268,,3.9599416255950928,3.9599416255950928,,,,
158,1112,,,2.872857093811035,,2.8648927211761475,2.8648927211761475,,,,
,158,,,,,,,,,7.7791666984558105,7.7791666984558105
158,1112,,,,,,,7.7791666984558105,7.7791666984558105,,
158,1112,4.074468612670898,4.08242654800415,,4.074468612670898,,,,,,
159,1113,,,4.271130561828613,,4.263164043426514,4.263164043426514,,,,
159,1114,,,3.0909276008605957,,3.0829591751098633,3.0829591751098633,,,,
159,1115,,,4.3573431968688965,,4.349372863769531,4.349372863769531,,,,
159,1116,,,4.170542240142822,,4.162570476531982,4.162570476531982,,,,
159,1117,,,3.958813190460205,,3.9508397579193115,3.9508397579193115,,,,
159,1118,,,4.7409892082214355,,4.73301362991333,4.73301362991333,,,,
159,1119,,,3.322242259979248,,3.3142642974853516,3.3142642974853516,,,,
,159,,,,,,,,,7.716447353363037,7.716447353363037
159,1119,,,,,,,7.716447353363037,7.716447353363037,,
159,1119,4.0446696281433105,4.052640914916992,,4.0446696281433105,,,,,,
160,1120,,,4.053709983825684,,4.0457305908203125,4.0457305908203125,,,,
160,1121,,,6.909548759460449,,6.901566505432129,6.901566505432129,,,,
160,1122,,,2.4579970836639404,,2.4500131607055664,2.4500131607055664,,,,
160,1123,,,3.174253463745117,,3.1662681102752686,3.1662681102752686,,,,
160,1124,,,4.845100402832031,,4.837113857269287,4.837113857269287,,,,
160,1125,,,2.929729700088501,,2.921740770339966,2.921740770339966,,,,
160,1126,,,3.4892024993896484,,3.4812116622924805,3.4812116622924805,,,,
,160,,,,,,,,,7.626193046569824,7.626193046569824
160,1126,,,,,,,7.626193046569824,7.626193046569824,,
160,1126,4.020061016082764,4.028045177459717,,4.020061016082764,,,,,,
161,1127,,,4.253147602081299,,4.24515438079834,4.24515438079834,,,,
161,1128,,,3.227152109146118,,3.2191567420959473,3.2191567420959473,,,,
161,1129,,,4.880928039550781,,4.87293004989624,4.87293004989624,,,,
161,1130,,,4.10205602645874,,4.094056129455566,4.094056129455566,,,,
161,1131,,,4.545543670654297,,4.537542343139648,4.537542343139648,,,,
161,1132,,,3.1828672885894775,,3.174863815307617,3.174863815307617,,,,
161,1133,,,3.429442882537842,,3.4214375019073486,3.4214375019073486,,,,
,161,,,,,,,,,7.528721809387207,7.528721809387207
161,1133,,,,,,,7.528721809387207,7.528721809387207,,
161,1133,3.988508701324463,3.9965076446533203,,3.988508701324463,,,,,,
162,1134,,,4.276233673095703,,4.268226623535156,4.268226623535156,,,,
162,1135,,,4.599950313568115,,4.591942310333252,4.591942310333252,,,,
162,1136,,,2.913440704345703,,2.905431032180786,2.905431032180786,,,,
162,1137,,,3.7209343910217285,,3.7129225730895996,3.7129225730895996,,,,
162,1138,,,3.939007043838501,,3.930992841720581,3.930992841720581,,,,
162,1139,,,4.135004997253418,,4.126989364624023,4.126989364624023,,,,
162,1140,,,4.581362724304199,,4.573345184326172,4.573345184326172,,,,
,162,,,,,,,,,7.347301959991455,7.347301959991455
162,1140,,,,,,,7.347301959991455,7.347301959991455,,
162,1140,3.9610207080841064,3.9690327644348145,,3.9610207080841064,,,,,,
163,1141,,,5.162230491638184,,5.154209613800049,5.154209613800049,,,,
163,1142,,,4.051526069641113,,4.043503284454346,4.043503284454346,,,,
163,1143,,,3.535120964050293,,3.5270960330963135,3.5270960330963135,,,,
163,1144,,,4.059063911437988,,4.051037311553955,4.051037311553955,,,,
163,1145,,,3.504411220550537,,3.496382474899292,3.496382474899292,,,,
163,1146,,,3.199246406555176,,3.1912152767181396,3.1912152767181396,,,,
163,1147,,,4.157434940338135,,4.149402141571045,4.149402141571045,,,,
,163,,,,,,,,,7.2520833015441895,7.2520833015441895
163,1147,,,,,,,7.2520833015441895,7.2520833015441895,,
163,1147,3.9246227741241455,3.9326491355895996,,3.9246227741241455,,,,,,
164,1148,,,3.6069834232330322,,3.5989491939544678,3.5989491939544678,,,,
164,1149,,,2.680022954940796,,2.6719868183135986,2.6719868183135986,,,,
164,1150,,,3.492624521255493,,3.4845869541168213,3.4845869541168213,,,,
164,1151,,,3.790602207183838,,3.7825632095336914,3.7825632095336914,,,,
164,1152,,,3.3784401416778564,,3.370399236679077,3.370399236679077,,,,
164,1153,,,6.148265838623047,,6.140223026275635,6.140223026275635,,,,
164,1154,,,4.662424087524414,,4.654378414154053,4.654378414154053,,,,
,164,,,,,,,,,7.206933498382568,7.206933498382568
164,1154,,,,,,,7.206933498382568,7.206933498382568,,
164,1154,3.889270544052124,3.8973095417022705,,3.889270544052124,,,,,,
165,1155,,,3.9484832286834717,,3.9404354095458984,3.9404354095458984,,,,
165,1156,,,3.9654457569122314,,3.957395553588867,3.957395553588867,,,,
165,1157,,,4.154019355773926,,4.145967483520508,4.145967483520508,,,,
165,1158,,,4.78468656539917,,4.776632308959961,4.776632308959961,,,,
165,1159,,,3.2931861877441406,,3.2851295471191406,3.2851295471191406,,,,
165,1160,,,3.3498897552490234,,3.341832160949707,3.341832160949707,,,,
165,1161,,,3.0515120029449463,,3.043452262878418,3.043452262878418,,,,
,165,,,,,,,,,7.098565101623535,7.098565101623535
165,1161,,,,,,,7.098565101623535,7.098565101623535,,
165,1161,3.857048749923706,3.865102529525757,,3.857048749923706,,,,,,
166,1162,,,3.3466334342956543,,3.338571310043335,3.338571310043335,,,,
166,1163,,,4.147136211395264,,4.139072895050049,4.139072895050049,,,,
166,1164,,,3.194004535675049,,3.185939311981201,3.185939311981201,,,,
166,1165,,,4.619930267333984,,4.611862659454346,4.611862659454346,,,,
166,1166,,,2.6958670616149902,,2.6877975463867188,2.6877975463867188,,,,
166,1167,,,4.607880115509033,,4.599809169769287,4.599809169769287,,,,
166,1168,,,4.966383457183838,,4.958309650421143,4.958309650421143,,,,
,166,,,,,,,,,7.108005046844482,7.108005046844482
166,1168,,,,,,,7.108005046844482,7.108005046844482,,
166,1168,3.830967664718628,3.8390347957611084,,3.830967664718628,,,,,,
167,1169,,,4.165402889251709,,4.157326698303223,4.157326698303223,,,,
167,1170,,,3.363659143447876,,3.3555805683135986,3.3555805683135986,,,,
167,1171,,,4.595746040344238,,4.587665557861328,4.587665557861328,,,,
167,1172,,,4.090988636016846,,4.082906246185303,4.082906246185303,,,,
167,1173,,,3.805608034133911,,3.797523260116577,3.797523260116577,,,,
167,1174,,,2.9187872409820557,,2.910700798034668,2.910700798034668,,,,
167,1175,,,3.5415849685668945,,3.533496618270874,3.533496618270874,,,,
,167,,,,,,,,,7.082150936126709,7.082150936126709
167,1175,,,,,,,7.082150936126709,7.082150936126709,,
167,1175,3.798708438873291,3.8067901134490967,,3.798708438873291,,,,,,
168,1176,,,3.042097806930542,,3.0340073108673096,3.0340073108673096,,,,
168,1177,,,2.299988269805908,,2.2918951511383057,2.2918951511383057,,,,
168,1178,,,4.883492469787598,,4.875397682189941,4.875397682189941,,,,
168,1179,,,3.4401445388793945,,3.4320478439331055,3.4320478439331055,,,,
168,1180,,,4.178673267364502,,4.17057466506958,4.17057466506958,,,,
168,1181,,,5.656925678253174,,5.648825168609619,5.648825168609619,,,,
168,1182,,,1.7247217893600464,,1.7166188955307007,1.7166188955307007,,,,
,168,,,,,,,,,7.03116512298584,7.03116512298584
168,1182,,,,,,,7.03116512298584,7.03116512298584,,
168,1182,3.7798399925231934,3.787935972213745,,3.7798399925231934,,,,,,
169,1183,,,4.1100172996521,,4.1019134521484375,4.1019134521484375,,,,
169,1184,,,4.767538070678711,,4.759432792663574,4.759432792663574,,,,
169,1185,,,3.1033976078033447,,3.095289945602417,3.095289945602417,,,,
169,1186,,,3.337064743041992,,3.3289551734924316,3.3289551734924316,,,,
169,1187,,,4.491869926452637,,4.483758449554443,4.483758449554443,,,,
169,1188,,,3.2261970043182373,,3.218083381652832,3.218083381652832,,,,
169,1189,,,2.4611170291900635,,2.4530014991760254,2.4530014991760254,,,,
,169,,,,,,,,,7.042217254638672,7.042217254638672
169,1189,,,,,,,7.042217254638672,7.042217254638672,,
169,1189,3.750166416168213,3.758274793624878,,3.750166416168213,,,,,,
170,1190,,,3.3409745693206787,,3.332857847213745,3.332857847213745,,,,
170,1191,,,3.7249486446380615,,3.716830015182495,3.716830015182495,,,,
170,1192,,,3.5735104084014893,,3.565389633178711,3.565389633178711,,,,
170,1193,,,3.5054354667663574,,3.4973137378692627,3.4973137378692627,,,,
170,1194,,,4.422900676727295,,4.414777755737305,4.414777755737305,,,,
170,1195,,,3.450350046157837,,3.4422247409820557,3.4422247409820557,,,,
170,1196,,,4.7465596199035645,,4.738431930541992,4.738431930541992,,,,
,170,,,,,,,,,6.986026287078857,6.986026287078857
170,1196,,,,,,,6.986026287078857,6.986026287078857,,
170,1196,3.7249107360839844,3.7330322265625,,3.7249107360839844,,,,,,
171,1197,,,4.236476421356201,,4.228346347808838,4.228346347808838,,,,
171,1198,,,3.240509033203125,,3.232377052307129,3.232377052307129,,,,
171,1199,,,3.7634706497192383,,3.755336046218872,3.755336046218872,,,,
171,1200,,,3.0439062118530273,,3.035768985748291,3.035768985748291,,,,
171,1201,,,4.885115146636963,,4.876976490020752,4.876976490020752,,,,
171,1202,,,2.9802253246307373,,2.9720842838287354,2.9720842838287354,,,,
171,1203,,,3.9780118465423584,,3.969869375228882,3.969869375228882,,,,
,171,,,,,,,,,6.929492950439453,6.929492950439453
171,1203,,,,,,,6.929492950439453,6.929492950439453,,
171,1203,3.7003278732299805,3.708463668823242,,3.7003278732299805,,,,,,
172,1204,,,4.130475044250488,,4.122331142425537,4.122331142425537,,,,
172,1205,,,3.8073947429656982,,3.799248695373535,3.799248695373535,,,,
172,1206,,,3.755704402923584,,3.747556686401367,3.747556686401367,,,,
172,1207,,,4.341426849365234,,4.333277225494385,4.333277225494385,,,,
172,1208,,,2.9429728984832764,,2.934821128845215,2.934821128845215,,,,
172,1209,,,3.347788095474243,,3.339634656906128,3.339634656906128,,,,
172,1210,,,3.074521064758301,,3.0663657188415527,3.0663657188415527,,,,
,172,,,,,,,,,6.879467010498047,6.879467010498047
172,1210,,,,,,,6.879467010498047,6.879467010498047,,
172,1210,3.6747848987579346,3.682934284210205,,3.6747848987579346,,,,,,
173,1211,,,3.8722147941589355,,3.864057779312134,3.864057779312134,,,,
173,1212,,,3.457425594329834,,3.4492664337158203,3.4492664337158203,,,,
173,1213,,,3.221940040588379,,3.2137789726257324,3.2137789726257324,,,,
173,1214,,,3.3602261543273926,,3.3520636558532715,3.3520636558532715,,,,
173,1215,,,4.246882915496826,,4.238718032836914,4.238718032836914,,,,
173,1216,,,3.7857441902160645,,3.7775769233703613,3.7775769233703613,,,,
173,1217,,,3.7153806686401367,,3.707211971282959,3.707211971282959,,,,
,173,,,,,,,,,6.892528533935547,6.892528533935547
173,1217,,,,,,,6.892528533935547,6.892528533935547,,
173,1217,3.652653694152832,3.660815954208374,,3.652653694152832,,,,,,
174,1218,,,4.038514137268066,,4.030344486236572,4.030344486236572,,,,
174,1219,,,2.7242050170898438,,2.716033697128296,2.716033697128296,,,,
174,1220,,,3.901867389678955,,3.8936941623687744,3.8936941623687744,,,,
174,1221,,,3.687748432159424,,3.6795732975006104,3.6795732975006104,,,,
174,1222,,,3.8147873878479004,,3.806610345840454,3.806610345840454,,,,
174,1223,,,3.743161916732788,,3.734983205795288,3.734983205795288,,,,
174,1224,,,3.3910436630249023,,3.3828630447387695,3.3828630447387695,,,,
,174,,,,,,,,,6.885647773742676,6.885647773742676
174,1224,,,,,,,6.885647773742676,6.885647773742676,,
174,1224,3.6282057762145996,3.636380434036255,,3.6282057762145996,,,,,,
175,1225,,,2.1892361640930176,,2.181053876876831,2.181053876876831,,,,
175,1226,,,3.100283622741699,,3.092099666595459,3.092099666595459,,,,
175,1227,,,4.367675304412842,,4.359490394592285,4.359490394592285,,,,
175,1228,,,3.450289487838745,,3.4421029090881348,3.4421029090881348,,,,
175,1229,,,4.024518013000488,,4.016329765319824,4.016329765319824,,,,
175,1230,,,4.226080417633057,,4.217889785766602,4.217889785766602,,,,
175,1231,,,4.5296430587768555,,4.521449565887451,4.521449565887451,,,,
,175,,,,,,,,,6.876522064208984,6.876522064208984
175,1231,,,,,,,6.876522064208984,6.876522064208984,,
175,1231,3.6085503101348877,3.616737127304077,,3.6085503101348877,,,,,,
176,1232,,,3.628040075302124,,3.619845151901245,3.619845151901245,,,,
176,1233,,,3.957097291946411,,3.9489009380340576,3.9489009380340576,,,,
176,1234,,,3.585841655731201,,3.577643394470215,3.577643394470215,,,,
176,1235,,,3.6354634761810303,,3.627263307571411,3.627263307571411,,,,
176,1236,,,3.666386604309082,,3.6581838130950928,3.6581838130950928,,,,
176,1237,,,2.649895429611206,,2.6416914463043213,2.6416914463043213,,,,
176,1238,,,4.726866245269775,,4.7186598777771,4.7186598777771,,,,
,176,,,,,,,,,6.859621047973633,6.859621047973633
176,1238,,,,,,,6.859621524810791,6.859621524810791,,
176,1238,3.583219289779663,3.591419219970703,,3.583219289779663,,,,,,
177,1239,,,4.277828693389893,,4.269620418548584,4.269620418548584,,,,
177,1240,,,4.72611141204834,,4.717901229858398,4.717901229858398,,,,
177,1241,,,2.9065659046173096,,2.8983540534973145,2.8983540534973145,,,,
177,1242,,,2.7360007762908936,,2.727787494659424,2.727787494659424,,,,
177,1243,,,3.578228712081909,,3.5700132846832275,3.5700132846832275,,,,
177,1244,,,2.690499782562256,,2.6822829246520996,2.6822829246520996,,,,
177,1245,,,4.9623494148254395,,4.954129695892334,4.954129695892334,,,,
,177,,,,,,,,,6.7592010498046875,6.7592010498046875
177,1245,,,,,,,6.7592010498046875,6.7592010498046875,,
177,1245,3.5645110607147217,3.5727243423461914,,3.5645110607147217,,,,,,
178,1246,,,2.6448116302490234,,2.636589288711548,2.636589288711548,,,,
178,1247,,,3.657193422317505,,3.6489691734313965,3.6489691734313965,,,,
178,1248,,,2.2425107955932617,,2.2342851161956787,2.2342851161956787,,,,
178,1249,,,4.4472455978393555,,4.439018726348877,4.439018726348877,,,,
178,1250,,,3.5779285430908203,,3.569699287414551,3.569699287414551,,,,
178,1251,,,4.575932025909424,,4.567700386047363,4.567700386047363,,,,
178,1252,,,3.8536875247955322,,3.845454216003418,3.845454216003418,,,,
,178,,,,,,,,,6.455697536468506,6.455697536468506
178,1252,,,,,,,6.455697536468506,6.455697536468506,,
178,1252,3.5354204177856445,3.5436480045318604,,3.5354204177856445,,,,,,
179,1253,,,4.020040512084961,,4.011803150177002,4.011803150177002,,,,
179,1254,,,3.7056026458740234,,3.6973633766174316,3.6973633766174316,,,,
179,1255,,,3.457165002822876,,3.4489235877990723,3.4489235877990723,,,,
179,1256,,,3.8359405994415283,,3.8276970386505127,3.8276970386505127,,,,
179,1257,,,3.442037582397461,,3.4337925910949707,3.4337925910949707,,,,
179,1258,,,3.5641872882843018,,3.5559401512145996,3.5559401512145996,,,,
179,1259,,,1.106408715248108,,1.0981590747833252,1.0981590747833252,,,,
,179,,,,,,,,,6.2765116691589355,6.2765116691589355
179,1259,,,,,,,6.2765116691589355,6.2765116691589355,,
179,1259,3.5117383003234863,3.5199806690216064,,3.5117383003234863,,,,,,
180,1260,,,3.0773558616638184,,3.0691051483154297,3.0691051483154297,,,,
180,1261,,,3.0369136333465576,,3.028661012649536,3.028661012649536,,,,
180,1262,,,4.1278462409973145,,4.119592189788818,4.119592189788818,,,,
180,1263,,,4.375293731689453,,4.367037296295166,4.367037296295166,,,,
180,1264,,,2.7158772945404053,,2.7076189517974854,2.7076189517974854,,,,
180,1265,,,4.1009345054626465,,4.092674732208252,4.092674732208252,,,,
180,1266,,,2.321089267730713,,2.3128275871276855,2.3128275871276855,,,,
,180,,,,,,,,,6.104453086853027,6.104453086853027
180,1266,,,,,,,6.104453086853027,6.104453086853027,,
180,1266,3.490509271621704,3.498765468597412,,3.490509271621704,,,,,,
181,1267,,,2.8203506469726562,,2.8120861053466797,2.8120861053466797,,,,
181,1268,,,3.89487361907959,,3.8866069316864014,3.8866069316864014,,,,
181,1269,,,3.32094669342041,,3.3126778602600098,3.3126778602600098,,,,
181,1270,,,2.441445827484131,,2.433175563812256,2.433175563812256,,,,
181,1271,,,3.7606093883514404,,3.7523374557495117,3.7523374557495117,,,,
181,1272,,,4.269639015197754,,4.26136589050293,4.26136589050293,,,,
181,1273,,,4.467619895935059,,4.459343910217285,4.459343910217285,,,,
,181,,,,,,,,,6.080600261688232,6.080600261688232
181,1273,,,,,,,6.080600261688232,6.080600261688232,,
181,1273,3.471451759338379,3.4797213077545166,,3.471451759338379,,,,,,
182,1274,,,3.475799322128296,,3.4675216674804688,3.4675216674804688,,,,
182,1275,,,4.081375598907471,,4.073095798492432,4.073095798492432,,,,
182,1276,,,2.435246706008911,,2.42696475982666,2.42696475982666,,,,
182,1277,,,4.376631259918213,,4.36834716796875,4.36834716796875,,,,
182,1278,,,4.579262733459473,,4.570976734161377,4.570976734161377,,,,
182,1279,,,2.668431282043457,,2.6601436138153076,2.6601436138153076,,,,
182,1280,,,1.1200193166732788,,1.1117300987243652,1.1117300987243652,,,,
,182,,,,,,,,,6.086981773376465,6.086981773376465
182,1280,,,,,,,6.086981773376465,6.086981773376465,,
182,1280,3.44846248626709,3.4567456245422363,,3.44846248626709,,,,,,
183,1281,,,4.646880149841309,,4.638590335845947,4.638590335845947,,,,
183,1282,,,3.7269904613494873,,3.7186994552612305,3.7186994552612305,,,,
183,1283,,,2.1534295082092285,,2.145137071609497,2.145137071609497,,,,
183,1284,,,3.4257707595825195,,3.4174768924713135,3.4174768924713135,,,,
183,1285,,,3.7125985622406006,,3.7043025493621826,3.7043025493621826,,,,
183,1286,,,2.758807897567749,,2.7505099773406982,2.7505099773406982,,,,
183,1287,,,3.9506101608276367,,3.942310333251953,3.942310333251953,,,,
,183,,,,,,,,,6.089212417602539,6.089212417602539
183,1287,,,,,,,6.089212894439697,6.089212894439697,,
183,1287,3.4279346466064453,3.4362285137176514,,3.4279346466064453,,,,,,
184,1288,,,3.586397647857666,,3.5780959129333496,3.5780959129333496,,,,
184,1289,,,4.7547430992126465,,4.746439456939697,4.746439456939697,,,,
184,1290,,,2.1912386417388916,,2.1829326152801514,2.1829326152801514,,,,
184,1291,,,2.8992180824279785,,2.8909108638763428,2.8909108638763428,,,,
184,1292,,,4.500111103057861,,4.491801738739014,4.491801738739014,,,,
184,1293,,,3.2707254886627197,,3.2624142169952393,3.2624142169952393,,,,
184,1294,,,1.4315179586410522,,1.4232051372528076,1.4232051372528076,,,,
,184,,,,,,,,,6.083441734313965,6.083441734313965
184,1294,,,,,,,6.083441734313965,6.083441734313965,,
184,1294,3.4017722606658936,3.410078763961792,,3.4017722606658936,,,,,,
185,1295,,,3.194805383682251,,3.1864912509918213,3.1864912509918213,,,,
185,1296,,,3.266913652420044,,3.2585983276367188,3.2585983276367188,,,,
185,1297,,,2.4137911796569824,,2.4054739475250244,2.4054739475250244,,,,
185,1298,,,2.3858611583709717,,2.377542495727539,2.377542495727539,,,,
185,1299,,,4.3941826820373535,,4.385862827301025,4.385862827301025,,,,
185,1300,,,3.4143948554992676,,3.4060723781585693,3.4060723781585693,,,,
185,1301,,,6.726291179656982,,6.717966556549072,6.717966556549072,,,,
,185,,,,,,,,,6.230011463165283,6.230011463165283
185,1301,,,,,,,6.230011463165283,6.230011463165283,,
185,1301,3.3787102699279785,3.387028694152832,,3.3787102699279785,,,,,,
186,1302,,,3.4659011363983154,,3.4575750827789307,3.4575750827789307,,,,
186,1303,,,2.555556535720825,,2.5472288131713867,2.5472288131713867,,,,
186,1304,,,4.340141773223877,,4.331811904907227,4.331811904907227,,,,
186,1305,,,3.2696166038513184,,3.261284828186035,3.261284828186035,,,,
186,1306,,,3.3051135540008545,,3.2967801094055176,3.2967801094055176,,,,
186,1307,,,3.2845571041107178,,3.276221990585327,3.276221990585327,,,,
186,1308,,,3.273437023162842,,3.2650997638702393,3.2650997638702393,,,,
,186,,,,,,,,,6.271923065185547,6.271923065185547
186,1308,,,,,,,6.271923065185547,6.271923065185547,,
186,1308,3.356127977371216,3.3644587993621826,,3.356127977371216,,,,,,
187,1309,,,2.7771060466766357,,2.7687673568725586,2.7687673568725586,,,,
187,1310,,,2.969217300415039,,2.960876703262329,2.960876703262329,,,,
187,1311,,,3.6170294284820557,,3.608686685562134,3.608686685562134,,,,
187,1312,,,3.554743528366089,,3.546398639678955,3.546398639678955,,,,
187,1313,,,4.229903221130371,,4.221556663513184,4.221556663513184,,,,
187,1314,,,3.162400245666504,,3.1540515422821045,3.1540515422821045,,,,
187,1315,,,2.6287829875946045,,2.6204330921173096,2.6204330921173096,,,,
,187,,,,,,,,,6.257999897003174,6.257999897003174
187,1315,,,,,,,6.257999897003174,6.257999897003174,,
187,1315,3.332235097885132,3.3405792713165283,,3.332235097885132,,,,,,
188,1316,,,4.847207546234131,,4.838856220245361,4.838856220245361,,,,
188,1317,,,2.6822264194488525,,2.673872709274292,2.673872709274292,,,,
188,1318,,,2.1730453968048096,,2.164689302444458,2.164689302444458,,,,
188,1319,,,3.309800148010254,,3.3014423847198486,3.3014423847198486,,,,
188,1320,,,4.246265888214111,,4.2379069328308105,4.2379069328308105,,,,
188,1321,,,3.268385887145996,,3.2600250244140625,3.2600250244140625,,,,
188,1322,,,1.6623033285140991,,1.6539407968521118,1.6539407968521118,,,,
,188,,,,,,,,,6.168313026428223,6.168313026428223
188,1322,,,,,,,6.168313026428223,6.168313026428223,,
188,1322,3.3093364238739014,3.3176934719085693,,3.3093364238739014,,,,,,
189,1323,,,3.170137882232666,,3.161773443222046,3.161773443222046,,,,
189,1324,,,3.84647798538208,,3.838111639022827,3.838111639022827,,,,
189,1325,,,3.133324384689331,,3.124955892562866,3.124955892562866,,,,
189,1326,,,3.2126357555389404,,3.2042653560638428,3.2042653560638428,,,,
189,1327,,,3.4688191413879395,,3.460447072982788,3.460447072982788,,,,
189,1328,,,3.5585122108459473,,3.550138235092163,3.550138235092163,,,,
189,1329,,,1.5931814908981323,,1.584805965423584,1.584805965423584,,,,
,189,,,,,,,,,6.031103610992432,6.031103610992432
189,1329,,,,,,,6.031103610992432,6.031103610992432,,
189,1329,3.283763885498047,3.292133331298828,,3.283763885498047,,,,,,
190,1330,,,2.4364869594573975,,2.4281091690063477,2.4281091690063477,,,,
190,1331,,,2.749401092529297,,2.7410216331481934,2.7410216331481934,,,,
190,1332,,,4.463325500488281,,4.454944610595703,4.454944610595703,,,,
190,1333,,,3.6072537899017334,,3.5988705158233643,3.5988705158233643,,,,
190,1334,,,2.7249271869659424,,2.7165420055389404,2.7165420055389404,,,,
190,1335,,,3.3716609477996826,,3.363273859024048,3.363273859024048,,,,
190,1336,,,3.9147701263427734,,3.906381368637085,3.906381368637085,,,,
,190,,,,,,,,,5.856605052947998,5.856605052947998
190,1336,,,,,,,5.856605052947998,5.856605052947998,,
190,1336,3.257671356201172,3.266054153442383,,3.257671356201172,,,,,,
191,1337,,,3.9887192249298096,,3.98032808303833,3.98032808303833,,,,
191,1338,,,3.5418362617492676,,3.533442735671997,3.533442735671997,,,,
191,1339,,,2.4648120403289795,,2.4564168453216553,2.4564168453216553,,,,
191,1340,,,2.8468992710113525,,2.8385024070739746,2.8385024070739746,,,,
191,1341,,,2.6625008583068848,,2.654102325439453,2.654102325439453,,,,
191,1342,,,3.0540053844451904,,3.045605182647705,3.045605182647705,,,,
191,1343,,,5.65767240524292,,5.649270057678223,5.649270057678223,,,,
,191,,,,,,,,,5.812506198883057,5.812506198883057
191,1343,,,,,,,5.812506198883057,5.812506198883057,,
191,1343,3.235588312149048,3.2439844608306885,,3.235588312149048,,,,,,
192,1344,,,4.631750106811523,,4.623345375061035,4.623345375061035,,,,
192,1345,,,3.544879198074341,,3.5364723205566406,3.5364723205566406,,,,
192,1346,,,2.5808424949645996,,2.572434186935425,2.572434186935425,,,,
192,1347,,,2.7825260162353516,,2.774115562438965,2.774115562438965,,,,
192,1348,,,3.4765446186065674,,3.468132257461548,3.468132257461548,,,,
192,1349,,,2.502450704574585,,2.494036912918091,2.494036912918091,,,,
192,1350,,,2.7434170246124268,,2.735001564025879,2.735001564025879,,,,
,192,,,,,,,,,5.676928520202637,5.676928520202637
192,1350,,,,,,,5.676928520202637,5.676928520202637,,
192,1350,3.214770793914795,3.2231805324554443,,3.214770793914795,,,,,,
193,1351,,,2.8744983673095703,,2.8660800457000732,2.8660800457000732,,,,
193,1352,,,3.572399377822876,,3.563979387283325,3.563979387283325,,,,
193,1353,,,2.949411153793335,,2.9409890174865723,2.9409890174865723,,,,
193,1354,,,2.479586601257324,,2.471163034439087,2.471163034439087,,,,
193,1355,,,3.1189537048339844,,3.1105284690856934,3.1105284690856934,,,,
193,1356,,,3.556727170944214,,3.5482993125915527,3.5482993125915527,,,,
193,1357,,,4.957180976867676,,4.948751449584961,4.948751449584961,,,,
,193,,,,,,,,,5.607151031494141,5.607151031494141
193,1357,,,,,,,5.607151031494141,5.607151031494141,,
193,1357,3.1932268142700195,3.2016499042510986,,3.1932268142700195,,,,,,
194,1358,,,3.2802579402923584,,3.2718262672424316,3.2718262672424316,,,,
194,1359,,,2.5764005184173584,,2.567967176437378,2.567967176437378,,,,
194,1360,,,3.5091795921325684,,3.500744104385376,3.500744104385376,,,,
194,1361,,,3.674844264984131,,3.6664066314697266,3.6664066314697266,,,,
194,1362,,,2.932295322418213,,2.923855781555176,2.923855781555176,,,,
194,1363,,,3.2325692176818848,,3.224128246307373,3.224128246307373,,,,
194,1364,,,2.848234176635742,,2.8397915363311768,2.8397915363311768,,,,
,194,,,,,,,,,5.546372890472412,5.546372890472412
194,1364,,,,,,,5.546372890472412,5.546372890472412,,
194,1364,3.171741247177124,3.180177927017212,,3.171741247177124,,,,,,
195,1365,,,3.9076406955718994,,3.899195909500122,3.899195909500122,,,,
195,1366,,,3.4579076766967773,,3.449460983276367,3.449460983276367,,,,
195,1367,,,3.007465124130249,,2.999016761779785,2.999016761779785,,,,
195,1368,,,2.1531589031219482,,2.1447083950042725,2.1447083950042725,,,,
195,1369,,,3.196082830429077,,3.1876304149627686,3.1876304149627686,,,,
195,1370,,,3.4784090518951416,,3.4699547290802,3.4699547290802,,,,
195,1371,,,2.514350175857544,,2.505894184112549,2.505894184112549,,,,
,195,,,,,,,,,5.539046287536621,5.539046287536621
195,1371,,,,,,,5.539046287536621,5.539046287536621,,
195,1371,3.15132212638855,3.159771680831909,,3.15132212638855,,,,,,
196,1372,,,2.4016547203063965,,2.393197536468506,2.393197536468506,,,,
196,1373,,,4.408726215362549,,4.400267601013184,4.400267601013184,,,,
196,1374,,,2.5411713123321533,,2.5327107906341553,2.5327107906341553,,,,
196,1375,,,3.606072425842285,,3.5976099967956543,3.5976099967956543,,,,
196,1376,,,3.3828680515289307,,3.374403715133667,3.374403715133667,,,,
196,1377,,,3.2418580055236816,,3.233391523361206,3.233391523361206,,,,
196,1378,,,1.128928303718567,,1.1204603910446167,1.1204603910446167,,,,
,196,,,,,,,,,5.5091729164123535,5.5091729164123535
196,1378,,,,,,,5.5091729164123535,5.5091729164123535,,
196,1378,3.1296865940093994,3.138148546218872,,3.1296865940093994,,,,,,
197,1379,,,3.491668939590454,,3.4831998348236084,3.4831998348236084,,,,
197,1380,,,2.6077077388763428,,2.5992369651794434,2.5992369651794434,,,,
197,1381,,,2.7310726642608643,,2.722600221633911,2.722600221633911,,,,
197,1382,,,2.434393882751465,,2.425920009613037,2.425920009613037,,,,
197,1383,,,3.951761484146118,,3.9432859420776367,3.9432859420776367,,,,
197,1384,,,4.158023357391357,,4.149546146392822,4.149546146392822,,,,
197,1385,,,1.3425853252410889,,1.3341056108474731,1.3341056108474731,,,,
,197,,,,,,,,,5.464715957641602,5.464715957641602
197,1385,,,,,,,5.46471643447876,5.46471643447876,,
197,1385,3.109659433364868,3.1181328296661377,,3.109659433364868,,,,,,
198,1386,,,2.378919839859009,,2.370439052581787,2.370439052581787,,,,
198,1387,,,3.980560302734375,,3.9720778465270996,3.9720778465270996,,,,
198,1388,,,3.207407236099243,,3.198923110961914,3.198923110961914,,,,
198,1389,,,2.5801217555999756,,2.5716352462768555,2.5716352462768555,,,,
198,1390,,,2.9495198726654053,,2.9410312175750732,2.9410312175750732,,,,
198,1391,,,3.6594791412353516,,3.6509883403778076,3.6509883403778076,,,,
198,1392,,,2.725140333175659,,2.7166483402252197,2.7166483402252197,,,,
,198,,,,,,,,,5.469919204711914,5.469919204711914
198,1392,,,,,,,5.469919681549072,5.469919681549072,,
198,1392,3.093935489654541,3.102421283721924,,3.093935489654541,,,,,,
199,1393,,,3.576206684112549,,3.5677144527435303,3.5677144527435303,,,,
199,1394,,,3.73587965965271,,3.7273855209350586,3.7273855209350586,,,,
199,1395,,,2.700636386871338,,2.692140817642212,2.692140817642212,,,,
199,1396,,,3.677879810333252,,3.6693828105926514,3.6693828105926514,,,,
199,1397,,,2.5691797733306885,,2.5606815814971924,2.5606815814971924,,,,
199,1398,,,2.8419289588928223,,2.8334288597106934,2.8334288597106934,,,,
199,1399,,,1.4408328533172607,,1.432330846786499,1.432330846786499,,,,
,199,,,,,,,,,5.440864086151123,5.440864086151123
199,1399,,,,,,,5.440864086151123,5.440864086151123,,
199,1399,3.072605609893799,3.081101417541504,,3.072605609893799,,,,,,
200,1400,,,3.1784770488739014,,3.1699726581573486,3.1699726581573486,,,,
200,1401,,,2.5555176734924316,,2.547011137008667,2.547011137008667,,,,
200,1402,,,3.3441426753997803,,3.335634708404541,3.335634708404541,,,,
200,1403,,,3.0597236156463623,,3.051213264465332,3.051213264465332,,,,
200,1404,,,2.764524221420288,,2.756011724472046,2.756011724472046,,,,
200,1405,,,3.163282632827759,,3.154768705368042,3.154768705368042,,,,
200,1406,,,3.797605514526367,,3.789090394973755,3.789090394973755,,,,
,200,,,,,,,,,5.4235382080078125,5.4235382080078125
200,1406,,,,,,,5.4235382080078125,5.4235382080078125,,
200,1406,3.0487091541290283,3.0572190284729004,,3.0487091541290283,,,,,,
201,1407,,,2.3594791889190674,,2.3509621620178223,2.3509621620178223,,,,
201,1408,,,2.0510852336883545,,2.0425665378570557,2.0425665378570557,,,,
201,1409,,,3.5400166511535645,,3.531496524810791,3.531496524810791,,,,
201,1410,,,3.8718032836914062,,3.86328125,3.86328125,,,,
201,1411,,,3.572611093521118,,3.5640869140625,3.5640869140625,,,,
201,1412,,,2.9579696655273438,,2.9494435787200928,2.9494435787200928,,,,
201,1413,,,2.6229748725891113,,2.6144473552703857,2.6144473552703857,,,,
,201,,,,,,,,,5.385549068450928,5.385549068450928
201,1413,,,,,,,5.385549068450928,5.385549068450928,,
201,1413,3.024667501449585,3.033189058303833,,3.024667501449585,,,,,,
202,1414,,,1.999714970588684,,1.991185188293457,1.991185188293457,,,,
202,1415,,,4.129556179046631,,4.1210246086120605,4.1210246086120605,,,,
202,1416,,,2.3386759757995605,,2.3301424980163574,2.3301424980163574,,,,
202,1417,,,2.8213860988616943,,2.8128507137298584,2.8128507137298584,,,,
202,1418,,,2.4541854858398438,,2.445648670196533,2.445648670196533,,,,
202,1419,,,3.7107954025268555,,3.702256917953491,3.702256917953491,,,,
202,1420,,,4.577048301696777,,4.568507671356201,4.568507671356201,,,,
,202,,,,,,,,,5.363476753234863,5.363476753234863
202,1420,,,,,,,5.363476753234863,5.363476753234863,,
202,1420,2.9986350536346436,3.007169723510742,,2.9986350536346436,,,,,,
203,1421,,,1.9724160432815552,,1.9638729095458984,1.9638729095458984,,,,
203,1422,,,3.0399892330169678,,3.031444549560547,3.031444549560547,,,,
203,1423,,,3.22361159324646,,3.215064764022827,3.215064764022827,,,,
203,1424,,,4.344475746154785,,4.3359270095825195,4.3359270095825195,,,,
203,1425,,,2.7073025703430176,,2.69875168800354,2.69875168800354,,,,
203,1426,,,3.0058226585388184,,2.997270107269287,2.997270107269287,,,,
203,1427,,,1.972357988357544,,1.9638034105300903,1.9638034105300903,,,,
,203,,,,,,,,,5.3099045753479,5.3099045753479
203,1427,,,,,,,5.3099045753479,5.3099045753479,,
203,1427,2.977059841156006,2.9856083393096924,,2.977059841156006,,,,,,
204,1428,,,2.6605145931243896,,2.6519582271575928,2.6519582271575928,,,,
204,1429,,,3.2481207847595215,,3.2395617961883545,3.2395617961883545,,,,
204,1430,,,3.211158275604248,,3.202597141265869,3.202597141265869,,,,
204,1431,,,2.566873550415039,,2.5583105087280273,2.5583105087280273,,,,
204,1432,,,2.701406478881836,,2.6928417682647705,2.6928417682647705,,,,
204,1433,,,3.124962091445923,,3.1163957118988037,3.1163957118988037,,,,
204,1434,,,3.783306121826172,,3.774738073348999,3.774738073348999,,,,
,204,,,,,,,,,5.306201457977295,5.306201457977295
204,1434,,,,,,,5.306201457977295,5.306201457977295,,
204,1434,2.961127996444702,2.9696900844573975,,2.961127996444702,,,,,,
205,1435,,,3.3770527839660645,,3.368483781814575,3.368483781814575,,,,
205,1436,,,2.891378402709961,,2.882807731628418,2.882807731628418,,,,
205,1437,,,3.546640634536743,,3.5380680561065674,3.5380680561065674,,,,
205,1438,,,3.2473032474517822,,3.238729238510132,3.238729238510132,,,,
205,1439,,,2.3656961917877197,,2.3571205139160156,2.3571205139160156,,,,
205,1440,,,1.8078712224960327,,1.7992939949035645,1.7992939949035645,,,,
205,1441,,,4.135968208312988,,4.127388954162598,4.127388954162598,,,,
,205,,,,,,,,,5.266946315765381,5.266946315765381
205,1441,,,,,,,5.266946315765381,5.266946315765381,,
205,1441,2.9383959770202637,2.946969509124756,,2.9383959770202637,,,,,,
206,1442,,,2.007842779159546,,1.9992605447769165,1.9992605447769165,,,,
206,1443,,,1.9464387893676758,,1.937854528427124,1.937854528427124,,,,
206,1444,,,3.8457953929901123,,3.8372092247009277,3.8372092247009277,,,,
206,1445,,,3.855221748352051,,3.846633195877075,3.846633195877075,,,,
206,1446,,,3.6614832878112793,,3.65289306640625,3.65289306640625,,,,
206,1447,,,2.467301368713379,,2.458709716796875,2.458709716796875,,,,
206,1448,,,2.3067173957824707,,2.298124074935913,2.298124074935913,,,,
,206,,,,,,,,,5.168707370758057,5.168707370758057
206,1448,,,,,,,5.168707370758057,5.168707370758057,,
206,1448,2.916761875152588,2.925349473953247,,2.916761875152588,,,,,,
207,1449,,,3.2810075283050537,,3.272411823272705,3.272411823272705,,,,
207,1450,,,3.16158390045166,,3.1529860496520996,3.1529860496520996,,,,
207,1451,,,3.072582721710205,,3.06398344039917,3.06398344039917,,,,
207,1452,,,3.188408136367798,,3.1798062324523926,3.1798062324523926,,,,
207,1453,,,2.2267167568206787,,2.218113422393799,2.218113422393799,,,,
207,1454,,,2.5558619499206543,,2.5472571849823,2.5472571849823,,,,
207,1455,,,2.720637559890747,,2.712031364440918,2.712031364440918,,,,
,207,,,,,,,,,5.029319763183594,5.029319763183594
207,1455,,,,,,,5.029319763183594,5.029319763183594,,
207,1455,2.8943636417388916,2.9029648303985596,,2.8943636417388916,,,,,,
208,1456,,,1.8822437524795532,,1.8736340999603271,1.8736340999603271,,,,
208,1457,,,2.8362770080566406,,2.8276655673980713,2.8276655673980713,,,,
208,1458,,,2.8010175228118896,,2.792404890060425,2.792404890060425,,,,
208,1459,,,4.09923791885376,,4.090622901916504,4.090622901916504,,,,
208,1460,,,2.850501537322998,,2.8418848514556885,2.8418848514556885,,,,
208,1461,,,3.279108762741089,,3.2704896926879883,3.2704896926879883,,,,
208,1462,,,1.6068010330200195,,1.598179817199707,1.598179817199707,,,,
,208,,,,,,,,,4.965910911560059,4.965910911560059
208,1462,,,,,,,4.965910911560059,4.965910911560059,,
208,1462,2.8699636459350586,2.8785784244537354,,2.8699636459350586,,,,,,
209,1463,,,2.9039337635040283,,2.895311117172241,2.895311117172241,,,,
209,1464,,,2.8769381046295166,,2.8683133125305176,2.8683133125305176,,,,
209,1465,,,2.9368462562561035,,2.928219795227051,2.928219795227051,,,,
209,1466,,,3.037976026535034,,3.0293469429016113,3.0293469429016113,,,,
209,1467,,,3.1279449462890625,,3.119314432144165,3.119314432144165,,,,
209,1468,,,2.023146867752075,,2.014514446258545,2.014514446258545,,,,
209,1469,,,3.573040008544922,,3.564406156539917,3.564406156539917,,,,
,209,,,,,,,,,4.9494123458862305,4.9494123458862305
209,1469,,,,,,,4.9494123458862305,4.9494123458862305,,
209,1469,2.853595733642578,2.8622236251831055,,2.853595733642578,,,,,,
210,1470,,,2.4808666706085205,,2.472231149673462,2.472231149673462,,,,
210,1471,,,3.4141697883605957,,3.4055325984954834,3.4055325984954834,,,,
210,1472,,,3.5650393962860107,,3.5564002990722656,3.5564002990722656,,,,
210,1473,,,2.0517990589141846,,2.0431575775146484,2.0431575775146484,,,,
210,1474,,,2.8527517318725586,,2.844108819961548,2.844108819961548,,,,
210,1475,,,2.370166063308716,,2.3615212440490723,2.3615212440490723,,,,
210,1476,,,3.683647632598877,,3.6750009059906006,3.6750009059906006,,,,
,210,,,,,,,,,4.999103546142578,4.999103546142578
210,1476,,,,,,,4.999103546142578,4.999103546142578,,
210,1476,2.8331100940704346,2.8417508602142334,,2.8331100940704346,,,,,,
211,1477,,,2.236579179763794,,2.227931499481201,2.227931499481201,,,,
211,1478,,,2.715059280395508,,2.7064099311828613,2.7064099311828613,,,,
211,1479,,,2.094322919845581,,2.0856716632843018,2.0856716632843018,,,,
211,1480,,,3.5001351833343506,,3.4914824962615967,3.4914824962615967,,,,
211,1481,,,2.6786882877349854,,2.670034170150757,2.670034170150757,,,,
211,1482,,,3.414907217025757,,3.4062514305114746,3.4062514305114746,,,,
211,1483,,,3.6627376079559326,,3.6540801525115967,3.6540801525115967,,,,
,211,,,,,,,,,4.891318321228027,4.891318321228027
211,1483,,,,,,,4.891318321228027,4.891318321228027,,
211,1483,2.816950798034668,2.8256027698516846,,2.816950798034668,,,,,,
212,1484,,,3.0178027153015137,,3.0091419219970703,3.0091419219970703,,,,
212,1485,,,3.2066967487335205,,3.1980342864990234,3.1980342864990234,,,,
212,1486,,,2.670835018157959,,2.662170886993408,2.662170886993408,,,,
212,1487,,,3.5262551307678223,,3.5175888538360596,3.5175888538360596,,,,
212,1488,,,2.17695951461792,,2.1682910919189453,2.1682910919189453,,,,
212,1489,,,2.331529378890991,,2.322859048843384,2.322859048843384,,,,
212,1490,,,2.560732126235962,,2.55206036567688,2.55206036567688,,,,
,212,,,,,,,,,4.8759942054748535,4.8759942054748535
212,1490,,,,,,,4.8759942054748535,4.8759942054748535,,
212,1490,2.797664165496826,2.8063297271728516,,2.797664165496826,,,,,,
213,1491,,,3.043743848800659,,3.0350701808929443,3.0350701808929443,,,,
213,1492,,,2.780020236968994,,2.7713441848754883,2.7713441848754883,,,,
213,1493,,,1.9917008876800537,,1.9830225706100464,1.9830225706100464,,,,
213,1494,,,2.831618309020996,,2.822939395904541,2.822939395904541,,,,
213,1495,,,2.8774991035461426,,2.8688182830810547,2.8688182830810547,,,,
213,1496,,,2.8832459449768066,,2.874563694000244,2.874563694000244,,,,
213,1497,,,3.6599528789520264,,3.651268482208252,3.651268482208252,,,,
,213,,,,,,,,,4.895190715789795,4.895190715789795
213,1497,,,,,,,4.895190715789795,4.895190715789795,,
213,1497,2.7803897857666016,2.7890682220458984,,2.7803897857666016,,,,,,
214,1498,,,1.5372081995010376,,1.5285217761993408,1.5285217761993408,,,,
214,1499,,,2.396937847137451,,2.388249397277832,2.388249397277832,,,,
214,1500,,,3.2200605869293213,,3.2113709449768066,3.2113709449768066,,,,
214,1501,,,3.23573637008667,,3.2270445823669434,3.2270445823669434,,,,
214,1502,,,3.0824360847473145,,3.073741912841797,3.073741912841797,,,,
214,1503,,,3.075505018234253,,3.0668091773986816,3.0668091773986816,,,,
214,1504,,,3.0259692668914795,,3.0172719955444336,3.0172719955444336,,,,
,214,,,,,,,,,4.914246559143066,4.914246559143066
214,1504,,,,,,,4.914246559143066,4.914246559143066,,
214,1504,2.7650532722473145,2.773744583129883,,2.7650532722473145,,,,,,
215,1505,,,3.1650164127349854,,3.156317710876465,3.156317710876465,,,,
215,1506,,,3.5181593894958496,,3.509458541870117,3.509458541870117,,,,
215,1507,,,2.3902809619903564,,2.381577968597412,2.381577968597412,,,,
215,1508,,,2.345761775970459,,2.337057590484619,2.337057590484619,,,,
215,1509,,,2.859790086746216,,2.8510849475860596,2.8510849475860596,,,,
215,1510,,,2.8004937171936035,,2.7917864322662354,2.7917864322662354,,,,
215,1511,,,1.2542455196380615,,1.2455365657806396,1.2455365657806396,,,,
,215,,,,,,,,,4.872468948364258,4.872468948364258
215,1511,,,,,,,4.872469425201416,4.872469425201416,,
215,1511,2.744213104248047,2.7529168128967285,,2.744213104248047,,,,,,
216,1512,,,2.881885290145874,,2.8731744289398193,2.8731744289398193,,,,
216,1513,,,2.736828565597534,,2.7281155586242676,2.7281155586242676,,,,
216,1514,,,2.175575017929077,,2.166860818862915,2.166860818862915,,,,
216,1515,,,1.7754080295562744,,1.7666927576065063,1.7666927576065063,,,,
216,1516,,,4.6261982917785645,,4.617481231689453,4.617481231689453,,,,
216,1517,,,2.318389892578125,,2.309670925140381,2.309670925140381,,,,
216,1518,,,2.570911169052124,,2.5621895790100098,2.5621895790100098,,,,
,216,,,,,,,,,4.877536773681641,4.877536773681641
216,1518,,,,,,,4.877536773681641,4.877536773681641,,
216,1518,2.7329909801483154,2.741706132888794,,2.7329909801483154,,,,,,
217,1519,,,3.859501838684082,,3.8507792949676514,3.8507792949676514,,,,
217,1520,,,2.4176599979400635,,2.408935546875,2.408935546875,,,,
217,1521,,,2.6004183292388916,,2.5916922092437744,2.5916922092437744,,,,
217,1522,,,2.654906988143921,,2.64617919921875,2.64617919921875,,,,
217,1523,,,2.6090919971466064,,2.6003623008728027,2.6003623008728027,,,,
217,1524,,,2.308263063430786,,2.299532175064087,2.299532175064087,,,,
217,1525,,,2.249314069747925,,2.240581512451172,2.240581512451172,,,,
,217,,,,,,,,,4.820701599121094,4.820701599121094
217,1525,,,,,,,4.820701599121094,4.820701599121094,,
217,1525,2.7039525508880615,2.7126801013946533,,2.7039525508880615,,,,,,
218,1526,,,3.0145115852355957,,3.0057766437530518,3.0057766437530518,,,,
218,1527,,,3.5294408798217773,,3.5207042694091797,3.5207042694091797,,,,
218,1528,,,3.4297499656677246,,3.421011447906494,3.421011447906494,,,,
218,1529,,,1.7348520755767822,,1.7261111736297607,1.7261111736297607,,,,
218,1530,,,2.5507264137268066,,2.5419836044311523,2.5419836044311523,,,,
218,1531,,,2.0277576446533203,,2.0190131664276123,2.0190131664276123,,,,
218,1532,,,2.291905164718628,,2.283158779144287,2.283158779144287,,,,
,218,,,,,,,,,4.797555923461914,4.797555923461914
218,1532,,,,,,,4.797556400299072,4.797556400299072,,
218,1532,2.6809072494506836,2.689647674560547,,2.6809072494506836,,,,,,
219,1533,,,2.4086475372314453,,2.399900197982788,2.399900197982788,,,,
219,1534,,,1.9088021516799927,,1.9000531435012817,1.9000531435012817,,,,
219,1535,,,2.424846887588501,,2.4160962104797363,2.4160962104797363,,,,
219,1536,,,3.1805877685546875,,3.17183518409729,3.17183518409729,,,,
219,1537,,,2.7855865955352783,,2.776832342147827,2.776832342147827,,,,
219,1538,,,3.1071784496307373,,3.0984225273132324,3.0984225273132324,,,,
219,1539,,,3.1803009510040283,,3.1715431213378906,3.1715431213378906,,,,
,219,,,,,,,,,4.795816898345947,4.795816898345947
219,1539,,,,,,,4.795816898345947,4.795816898345947,,
219,1539,2.6592109203338623,2.6679627895355225,,2.6592109203338623,,,,,,
220,1540,,,3.239382266998291,,3.2306227684020996,3.2306227684020996,,,,
220,1541,,,1.9685859680175781,,1.9598252773284912,1.9598252773284912,,,,
220,1542,,,3.680990219116211,,3.6722280979156494,3.6722280979156494,,,,
220,1543,,,2.2492775917053223,,2.240513563156128,2.240513563156128,,,,
220,1544,,,2.5866997241973877,,2.5779333114624023,2.5779333114624023,,,,
220,1545,,,2.389106273651123,,2.380338430404663,2.380338430404663,,,,
220,1546,,,2.2027931213378906,,2.194023370742798,2.194023370742798,,,,
,220,,,,,,,,,4.690037250518799,4.690037250518799
220,1546,,,,,,,4.690037250518799,4.690037250518799,,
220,1546,2.648505210876465,2.657268762588501,,2.648505210876465,,,,,,
221,1547,,,2.3871283531188965,,2.3783559799194336,2.3783559799194336,,,,
221,1548,,,2.774231433868408,,2.7654569149017334,2.7654569149017334,,,,
221,1549,,,2.1667418479919434,,2.157965660095215,2.157965660095215,,,,
221,1550,,,3.2945237159729004,,3.285745620727539,3.285745620727539,,,,
221,1551,,,2.256545305252075,,2.247765302658081,2.247765302658081,,,,
221,1552,,,2.7191355228424072,,2.7103543281555176,2.7103543281555176,,,,
221,1553,,,3.1004858016967773,,3.091702699661255,3.091702699661255,,,,
,221,,,,,,,,,4.534892559051514,4.534892559051514
221,1553,,,,,,,4.534892559051514,4.534892559051514,,
221,1553,2.6203973293304443,2.6291747093200684,,2.6203973293304443,,,,,,
222,1554,,,2.538208246231079,,2.5294222831726074,2.5294222831726074,,,,
222,1555,,,2.9645752906799316,,2.955787420272827,2.955787420272827,,,,
222,1556,,,1.5987340211868286,,1.5899444818496704,1.5899444818496704,,,,
222,1557,,,2.728517532348633,,2.7197265625,2.7197265625,,,,
222,1558,,,2.6462597846984863,,2.6374669075012207,2.6374669075012207,,,,
222,1559,,,2.983612537384033,,2.9748177528381348,2.9748177528381348,,,,
222,1560,,,3.1644177436828613,,3.155621290206909,3.155621290206909,,,,
,222,,,,,,,,,4.357544422149658,4.357544422149658
222,1560,,,,,,,4.357544422149658,4.357544422149658,,
222,1560,2.6024346351623535,2.6112258434295654,,2.6024346351623535,,,,,,
223,1561,,,3.0146825313568115,,3.005882978439331,3.005882978439331,,,,
223,1562,,,2.3053066730499268,,2.2965056896209717,2.2965056896209717,,,,
223,1563,,,3.269939422607422,,3.261136054992676,3.261136054992676,,,,
223,1564,,,2.236557722091675,,2.227752447128296,2.227752447128296,,,,
223,1565,,,2.4318315982818604,,2.4230244159698486,2.4230244159698486,,,,
223,1566,,,2.688392162322998,,2.6795833110809326,2.6795833110809326,,,,
223,1567,,,1.600432276725769,,1.5916213989257812,1.5916213989257812,,,,
,223,,,,,,,,,4.254678249359131,4.254678249359131
223,1567,,,,,,,4.254678249359131,4.254678249359131,,
223,1567,2.586782932281494,2.595587968826294,,2.586782932281494,,,,,,
224,1568,,,3.0566697120666504,,3.0478570461273193,3.0478570461273193,,,,
224,1569,,,2.2997968196868896,,2.290982246398926,2.290982246398926,,,,
224,1570,,,2.9685399532318115,,2.959723472595215,2.959723472595215,,,,
224,1571,,,2.3694276809692383,,2.360609292984009,2.360609292984009,,,,
224,1572,,,1.9569284915924072,,1.948108434677124,1.948108434677124,,,,
224,1573,,,2.4995927810668945,,2.4907705783843994,2.4907705783843994,,,,
224,1574,,,3.425271511077881,,3.4164481163024902,3.4164481163024902,,,,
,224,,,,,,,,,4.214797019958496,4.214797019958496
224,1574,,,,,,,4.214797019958496,4.214797019958496,,
224,1574,2.569289207458496,2.5781071186065674,,2.569289207458496,,,,,,
225,1575,,,3.5147013664245605,,3.505875587463379,3.505875587463379,,,,
225,1576,,,2.548698663711548,,2.5398709774017334,2.5398709774017334,,,,
225,1577,,,1.780030369758606,,1.7712002992630005,1.7712002992630005,,,,
225,1578,,,2.8635706901550293,,2.854739189147949,2.854739189147949,,,,
225,1579,,,2.3023667335510254,,2.2935330867767334,2.2935330867767334,,,,
225,1580,,,2.7393369674682617,,2.730501890182495,2.730501890182495,,,,
225,1581,,,1.5621092319488525,,1.5532726049423218,1.5532726049423218,,,,
,225,,,,,,,,,4.199339866638184,4.199339866638184
225,1581,,,,,,,4.199339866638184,4.199339866638184,,
225,1581,2.55344295501709,2.5622737407684326,,2.55344295501709,,,,,,
226,1582,,,3.293497085571289,,3.284658432006836,3.284658432006836,,,,
226,1583,,,1.8150787353515625,,1.8062387704849243,1.8062387704849243,,,,
226,1584,,,2.5139331817626953,,2.5050911903381348,2.5050911903381348,,,,
226,1585,,,1.6196844577789307,,1.6108403205871582,1.6108403205871582,,,,
226,1586,,,3.6030290126800537,,3.5941832065582275,3.5941832065582275,,,,
226,1587,,,2.6798288822174072,,2.6709814071655273,2.6709814071655273,,,,
226,1588,,,1.992335319519043,,1.9834861755371094,1.9834861755371094,,,,
,226,,,,,,,,,4.1943678855896,4.1943678855896
226,1588,,,,,,,4.1943678855896,4.1943678855896,,
226,1588,2.5436551570892334,2.5524983406066895,,2.5436551570892334,,,,,,
227,1589,,,2.6576056480407715,,2.648754835128784,2.648754835128784,,,,
227,1590,,,2.9560370445251465,,2.9471848011016846,2.9471848011016846,,,,
227,1591,,,3.5750064849853516,,3.566152334213257,3.566152334213257,,,,
227,1592,,,2.2771108150482178,,2.268254518508911,2.268254518508911,,,,
227,1593,,,2.03654408454895,,2.027686357498169,2.027686357498169,,,,
227,1594,,,2.2879090309143066,,2.279049873352051,2.279049873352051,,,,
227,1595,,,0.9500114321708679,,0.9411500692367554,0.9411500692367554,,,,
,227,,,,,,,,,4.192945957183838,4.192945957183838
227,1595,,,,,,,4.192945957183838,4.192945957183838,,
227,1595,2.523923635482788,2.5327792167663574,,2.523923635482788,,,,,,
228,1596,,,3.070030450820923,,3.0611677169799805,3.0611677169799805,,,,
228,1597,,,1.6505608558654785,,1.6416966915130615,1.6416966915130615,,,,
228,1598,,,2.334733009338379,,2.32586669921875,2.32586669921875,,,,
228,1599,,,2.786534309387207,,2.777665853500366,2.777665853500366,,,,
228,1600,,,2.551332473754883,,2.5424623489379883,2.5424623489379883,,,,
228,1601,,,1.9631283283233643,,1.9542570114135742,1.9542570114135742,,,,
228,1602,,,4.519748687744141,,4.510875701904297,4.510875701904297,,,,
,228,,,,,,,,,4.186241149902344,4.186241149902344
228,1602,,,,,,,4.186241149902344,4.186241149902344,,
228,1602,2.508971929550171,2.5178394317626953,,2.508971929550171,,,,,,
229,1603,,,2.0144245624542236,,2.005549669265747,2.005549669265747,,,,
229,1604,,,3.3322434425354004,,3.323366641998291,3.323366641998291,,,,
229,1605,,,2.578422784805298,,2.5695443153381348,2.5695443153381348,,,,
229,1606,,,2.420039653778076,,2.4111595153808594,2.4111595153808594,,,,
229,1607,,,2.2527365684509277,,2.2438547611236572,2.2438547611236572,,,,
229,1608,,,3.046113967895508,,3.0372304916381836,3.0372304916381836,,,,
229,1609,,,0.7511572241783142,,0.7422718405723572,0.7422718405723572,,,,
,229,,,,,,,,,4.1842451095581055,4.1842451095581055
229,1609,,,,,,,4.1842451095581055,4.1842451095581055,,
229,1609,2.4892637729644775,2.4981436729431152,,2.4892637729644775,,,,,,
230,1610,,,2.7944753170013428,,2.7855889797210693,2.7855889797210693,,,,
230,1611,,,2.7941346168518066,,2.7852461338043213,2.7852461338043213,,,,
230,1612,,,2.0506582260131836,,2.0417683124542236,2.0417683124542236,,,,
230,1613,,,2.2025742530822754,,2.1936826705932617,2.1936826705932617,,,,
230,1614,,,2.942115306854248,,2.9332220554351807,2.9332220554351807,,,,
230,1615,,,1.9607733488082886,,1.9518787860870361,1.9518787860870361,,,,
230,1616,,,2.8937292098999023,,2.8848328590393066,2.8848328590393066,,,,
,230,,,,,,,,,4.184128284454346,4.184128284454346
230,1616,,,,,,,4.184128284454346,4.184128284454346,,
230,1616,2.4742271900177,2.4831185340881348,,2.4742271900177,,,,,,
231,1617,,,2.5277156829833984,,2.51881742477417,2.51881742477417,,,,
231,1618,,,2.1449360847473145,,2.1360361576080322,2.1360361576080322,,,,
231,1619,,,2.3635847568511963,,2.3546829223632812,2.3546829223632812,,,,
231,1620,,,2.4154438972473145,,2.4065403938293457,2.4065403938293457,,,,
231,1621,,,2.53389573097229,,2.5249905586242676,2.5249905586242676,,,,
231,1622,,,2.9021096229553223,,2.893203020095825,2.893203020095825,,,,
231,1623,,,2.1691935062408447,,2.1602847576141357,2.1602847576141357,,,,
,231,,,,,,,,,4.1980462074279785,4.1980462074279785
231,1623,,,,,,,4.1980462074279785,4.1980462074279785,,
231,1623,2.454019784927368,2.462923049926758,,2.454019784927368,,,,,,
232,1624,,,2.0214602947235107,,2.0125503540039062,2.0125503540039062,,,,
232,1625,,,2.7671124935150146,,2.7582004070281982,2.7582004070281982,,,,
232,1626,,,2.34678316116333,,2.337869167327881,2.337869167327881,,,,
232,1627,,,2.335367441177368,,2.3264520168304443,2.3264520168304443,,,,
232,1628,,,2.9245007038116455,,2.915583610534668,2.915583610534668,,,,
232,1629,,,2.7523913383483887,,2.74347186088562,2.74347186088562,,,,
232,1630,,,1.1764830350875854,,1.167562484741211,1.167562484741211,,,,
,232,,,,,,,,,4.199127674102783,4.199127674102783
232,1630,,,,,,,4.199127674102783,4.199127674102783,,
232,1630,2.4363863468170166,2.4453015327453613,,2.4363863468170166,,,,,,
233,1631,,,1.7945125102996826,,1.7855911254882812,1.7855911254882812,,,,
233,1632,,,2.7537477016448975,,2.744824171066284,2.744824171066284,,,,
233,1633,,,3.031676769256592,,3.022751808166504,3.022751808166504,,,,
233,1634,,,1.8662199974060059,,1.8572934865951538,1.8572934865951538,,,,
233,1635,,,2.1254491806030273,,2.116521120071411,2.116521120071411,,,,
233,1636,,,2.6208598613739014,,2.6119303703308105,2.6119303703308105,,,,
233,1637,,,3.406832456588745,,3.3979010581970215,3.3979010581970215,,,,
,233,,,,,,,,,4.184231758117676,4.184231758117676
233,1637,,,,,,,4.184231758117676,4.184231758117676,,
233,1637,2.4177451133728027,2.426671266555786,,2.4177451133728027,,,,,,
234,1638,,,2.0884807109832764,,2.07954740524292,2.07954740524292,,,,
234,1639,,,2.178663969039917,,2.169728994369507,2.169728994369507,,,,
234,1640,,,3.2756145000457764,,3.2666778564453125,3.2666778564453125,,,,
234,1641,,,2.408511161804199,,2.3995726108551025,2.3995726108551025,,,,
234,1642,,,2.0237176418304443,,2.014777660369873,2.014777660369873,,,,
234,1643,,,2.630171298980713,,2.621229648590088,2.621229648590088,,,,
234,1644,,,1.9946197271347046,,1.9856762886047363,1.9856762886047363,,,,
,234,,,,,,,,,4.09253454208374,4.09253454208374
234,1644,,,,,,,4.09253454208374,4.09253454208374,,
234,1644,2.399397850036621,2.4083359241485596,,2.399397850036621,,,,,,
235,1645,,,2.8867979049682617,,2.877851724624634,2.877851724624634,,,,
235,1646,,,1.0499353408813477,,1.0409873723983765,1.0409873723983765,,,,
235,1647,,,3.1830015182495117,,3.1740524768829346,3.1740524768829346,,,,
235,1648,,,3.076977252960205,,3.068026065826416,3.068026065826416,,,,
235,1649,,,2.6686294078826904,,2.6596760749816895,2.6596760749816895,,,,
235,1650,,,2.136059045791626,,2.127103567123413,2.127103567123413,,,,
235,1651,,,0.650731086730957,,0.6417737007141113,0.6417737007141113,,,,
,235,,,,,,,,,4.031849384307861,4.031849384307861
235,1651,,,,,,,4.031849384307861,4.031849384307861,,
235,1651,2.382488250732422,2.391439199447632,,2.382488250732422,,,,,,
236,1652,,,2.5551939010620117,,2.5462355613708496,2.5462355613708496,,,,
236,1653,,,1.7572423219680786,,1.7482819557189941,1.7482819557189941,,,,
236,1654,,,2.3436107635498047,,2.334649085998535,2.334649085998535,,,,
236,1655,,,2.536560535430908,,2.527596950531006,2.527596950531006,,,,
236,1656,,,1.737962245941162,,1.7289962768554688,1.7289962768554688,,,,
236,1657,,,3.1567671298980713,,3.1477999687194824,3.1477999687194824,,,,
236,1658,,,2.862900733947754,,2.8539319038391113,2.8539319038391113,,,,
,236,,,,,,,,,3.9962315559387207,3.9962315559387207
236,1658,,,,,,,3.9962315559387207,3.9962315559387207,,
236,1658,2.3692212104797363,2.3781843185424805,,2.3692212104797363,,,,,,
237,1659,,,2.3191144466400146,,2.3101437091827393,2.3101437091827393,,,,
237,1660,,,2.8741025924682617,,2.8651301860809326,2.8651301860809326,,,,
237,1661,,,2.4607813358306885,,2.4518065452575684,2.4518065452575684,,,,
237,1662,,,2.8284733295440674,,2.8194966316223145,2.8194966316223145,,,,
237,1663,,,1.8348844051361084,,1.8259063959121704,1.8259063959121704,,,,
237,1664,,,2.1070940494537354,,2.098114013671875,2.098114013671875,,,,
237,1665,,,1.7182167768478394,,1.7092350721359253,1.7092350721359253,,,,
,237,,,,,,,,,4.0015740394592285,4.0015740394592285
237,1665,,,,,,,4.0015740394592285,4.0015740394592285,,
237,1665,2.354754686355591,2.3637304306030273,,2.354754686355591,,,,,,
238,1666,,,1.8916014432907104,,1.8826185464859009,1.8826185464859009,,,,
238,1667,,,1.361349105834961,,1.3523646593093872,1.3523646593093872,,,,
238,1668,,,3.591508150100708,,3.58252215385437,3.58252215385437,,,,
238,1669,,,2.642426013946533,,2.6334381103515625,2.6334381103515625,,,,
238,1670,,,2.6713716983795166,,2.662381887435913,2.662381887435913,,,,
238,1671,,,2.0534169673919678,,2.0444254875183105,2.0444254875183105,,,,
238,1672,,,2.0321779251098633,,2.0231845378875732,2.0231845378875732,,,,
,238,,,,,,,,,3.996782064437866,3.996782064437866
238,1672,,,,,,,3.996782064437866,3.996782064437866,,
238,1672,2.339834451675415,2.3488221168518066,,2.339834451675415,,,,,,
239,1673,,,2.0762505531311035,,2.067255973815918,2.067255973815918,,,,
239,1674,,,1.6873239278793335,,1.678328037261963,1.678328037261963,,,,
239,1675,,,2.7316460609436035,,2.7226483821868896,2.7226483821868896,,,,
239,1676,,,1.9563419818878174,,1.9473423957824707,1.9473423957824707,,,,
239,1677,,,3.4273369312286377,,3.418335199356079,3.418335199356079,,,,
239,1678,,,1.7637864351272583,,1.7547833919525146,1.7547833919525146,,,,
239,1679,,,3.3097715377807617,,3.300766944885254,3.300766944885254,,,,
,239,,,,,,,,,4.000251770019531,4.000251770019531
239,1679,,,,,,,4.000251770019531,4.000251770019531,,
239,1679,2.3257224559783936,2.334721565246582,,2.3257224559783936,,,,,,
240,1680,,,1.4691743850708008,,1.4601677656173706,1.4601677656173706,,,,
240,1681,,,3.7223520278930664,,3.713344097137451,3.713344097137451,,,,
240,1682,,,1.6870014667510986,,1.677991509437561,1.677991509437561,,,,
240,1683,,,3.0212502479553223,,3.0122385025024414,3.0122385025024414,,,,
240,1684,,,2.2739546298980713,,2.2649412155151367,2.2649412155151367,,,,
240,1685,,,1.7583717107772827,,1.7493562698364258,1.7493562698364258,,,,
240,1686,,,2.313847064971924,,2.3048300743103027,2.3048300743103027,,,,
,240,,,,,,,,,3.9657068252563477,3.9657068252563477
240,1686,,,,,,,3.9657070636749268,3.9657070636749268,,
240,1686,2.312525510787964,2.3215367794036865,,2.312525510787964,,,,,,
241,1687,,,1.7688167095184326,,1.7597979307174683,1.7597979307174683,,,,
241,1688,,,2.16257905960083,,2.1535587310791016,2.1535587310791016,,,,
241,1689,,,2.896538734436035,,2.887516736984253,2.887516736984253,,,,
241,1690,,,1.929916501045227,,1.9208929538726807,1.9208929538726807,,,,
241,1691,,,2.1809000968933105,,2.171875,2.171875,,,,
241,1692,,,2.955505132675171,,2.9464781284332275,2.9464781284332275,,,,
241,1693,,,2.159600019454956,,2.15057110786438,2.15057110786438,,,,
,241,,,,,,,,,3.8838133811950684,3.8838133811950684
241,1693,,,,,,,3.8838133811950684,3.8838133811950684,,
241,1693,2.2975032329559326,2.3065264225006104,,2.2975032329559326,,,,,,
242,1694,,,1.9711322784423828,,1.9621013402938843,1.9621013402938843,,,,
242,1695,,,1.8638328313827515,,1.854799747467041,1.854799747467041,,,,
242,1696,,,2.5674707889556885,,2.5584356784820557,2.5584356784820557,,,,
242,1697,,,3.020716667175293,,3.0116796493530273,3.0116796493530273,,,,
242,1698,,,2.8352365493774414,,2.826197862625122,2.826197862625122,,,,
242,1699,,,1.6136889457702637,,1.604648470878601,1.604648470878601,,,,
242,1700,,,2.1040499210357666,,2.095008134841919,2.095008134841919,,,,
,242,,,,,,,,,3.833306312561035,3.833306312561035
242,1700,,,,,,,3.8333065509796143,3.8333065509796143,,
242,1700,2.290743589401245,2.2997798919677734,,2.290743589401245,,,,,,
243,1701,,,2.281904697418213,,2.2728614807128906,2.2728614807128906,,,,
243,1702,,,2.7430713176727295,,2.7340259552001953,2.7340259552001953,,,,
243,1703,,,3.71122407913208,,3.702176809310913,3.702176809310913,,,,
243,1704,,,1.871841311454773,,1.8627920150756836,1.8627920150756836,,,,
243,1705,,,1.1725372076034546,,1.1634860038757324,1.1634860038757324,,,,
243,1706,,,2.054532527923584,,2.0454800128936768,2.0454800128936768,,,,
243,1707,,,1.8856854438781738,,1.876631736755371,1.876631736755371,,,,
,243,,,,,,,,,3.8370273113250732,3.8370273113250732
243,1707,,,,,,,3.8370273113250732,3.8370273113250732,,
243,1707,2.272087812423706,2.2811362743377686,,2.272087812423706,,,,,,
244,1708,,,1.913739562034607,,1.9046841859817505,1.9046841859817505,,,,
244,1709,,,2.537173271179199,,2.528116226196289,2.528116226196289,,,,
244,1710,,,3.40065336227417,,3.391594886779785,3.391594886779785,,,,
244,1711,,,2.2929394245147705,,2.283879280090332,2.283879280090332,,,,
244,1712,,,1.6068934202194214,,1.59783136844635,1.59783136844635,,,,
244,1713,,,2.0585052967071533,,2.0494418144226074,2.0494418144226074,,,,
244,1714,,,1.7327195405960083,,1.7236542701721191,1.7236542701721191,,,,
,244,,,,,,,,,3.8077893257141113,3.8077893257141113
244,1714,,,,,,,3.8077893257141113,3.8077893257141113,,
244,1714,2.259124517440796,2.268184185028076,,2.259124517440796,,,,,,
245,1715,,,2.028818368911743,,2.0197510719299316,2.0197510719299316,,,,
245,1716,,,2.8330078125,,2.8239388465881348,2.8239388465881348,,,,
245,1717,,,2.6175215244293213,,2.608450412750244,2.608450412750244,,,,
245,1718,,,2.2054214477539062,,2.1963484287261963,2.1963484287261963,,,,
245,1719,,,2.063631534576416,,2.0545568466186523,2.0545568466186523,,,,
245,1720,,,2.1566555500030518,,2.1475794315338135,2.1475794315338135,,,,
245,1721,,,1.2626092433929443,,1.2535316944122314,1.2535316944122314,,,,
,245,,,,,,,,,3.7368552684783936,3.7368552684783936
245,1721,,,,,,,3.7368552684783936,3.7368552684783936,,
245,1721,2.246384382247925,2.2554562091827393,,2.246384382247925,,,,,,
246,1722,,,2.2899022102355957,,2.28082275390625,2.28082275390625,,,,
246,1723,,,1.4542418718338013,,1.4451607465744019,1.4451607465744019,,,,
246,1724,,,2.6297998428344727,,2.6207165718078613,2.6207165718078613,,,,
246,1725,,,2.534696102142334,,2.525611162185669,2.525611162185669,,,,
246,1726,,,2.0992188453674316,,2.090132236480713,2.090132236480713,,,,
246,1727,,,2.5890965461730957,,2.580008029937744,2.580008029937744,,,,
246,1728,,,1.9257659912109375,,1.9166760444641113,1.9166760444641113,,,,
,246,,,,,,,,,3.7193620204925537,3.7193620204925537
246,1728,,,,,,,3.7193620204925537,3.7193620204925537,,
246,1728,2.2370519638061523,2.246135950088501,,2.2370519638061523,,,,,,
247,1729,,,2.098442554473877,,2.0893516540527344,2.0893516540527344,,,,
247,1730,,,2.508147954940796,,2.4990551471710205,2.4990551471710205,,,,
247,1731,,,2.4770171642303467,,2.467923164367676,2.467923164367676,,,,
247,1732,,,1.9394899606704712,,1.9303936958312988,1.9303936958312988,,,,
247,1733,,,2.1851918697357178,,2.1760942935943604,2.1760942935943604,,,,
247,1734,,,2.496356964111328,,2.487257480621338,2.487257480621338,,,,
247,1735,,,1.4138617515563965,,1.4047610759735107,1.4047610759735107,,,,
,247,,,,,,,,,3.6782469749450684,3.6782469749450684
247,1735,,,,,,,3.6782469749450684,3.6782469749450684,,
247,1735,2.223820924758911,2.232916831970215,,2.223820924758911,,,,,,
248,1736,,,2.8468739986419678,,2.837771415710449,2.837771415710449,,,,
248,1737,,,2.5595808029174805,,2.550476312637329,2.550476312637329,,,,
248,1738,,,1.8742772340774536,,1.865171194076538,1.865171194076538,,,,
248,1739,,,1.9791797399520874,,1.9700719118118286,1.9700719118118286,,,,
248,1740,,,1.3307324647903442,,1.3216229677200317,1.3216229677200317,,,,
248,1741,,,2.789346933364868,,2.78023624420166,2.78023624420166,,,,
248,1742,,,2.0624098777770996,,2.053297281265259,2.053297281265259,,,,
,248,,,,,,,,,3.6685869693756104,3.6685869693756104
248,1742,,,,,,,3.6685869693756104,3.6685869693756104,,
248,1742,2.2110331058502197,2.2201404571533203,,2.2110331058502197,,,,,,
249,1743,,,2.2467591762542725,,2.237645149230957,2.237645149230957,,,,
249,1744,,,2.581167221069336,,2.572052001953125,2.572052001953125,,,,
249,1745,,,2.4741930961608887,,2.465075969696045,2.465075969696045,,,,
249,1746,,,1.7140554189682007,,1.7049363851547241,1.7049363851547241,,,,
249,1747,,,1.8400490283966064,,1.8309282064437866,1.8309282064437866,,,,
249,1748,,,2.098339796066284,,2.089217185974121,2.089217185974121,,,,
249,1749,,,3.0381438732147217,,3.029019832611084,3.029019832611084,,,,
,249,,,,,,,,,3.715162992477417,3.715162992477417
249,1749,,,,,,,3.715162992477417,3.715162992477417,,
249,1749,2.2016842365264893,2.2108027935028076,,2.2016842365264893,,,,,,
250,1750,,,3.1038460731506348,,3.0947208404541016,3.0947208404541016,,,,
250,1751,,,2.303889036178589,,2.294762134552002,2.294762134552002,,,,
250,1752,,,2.107895851135254,,2.098767042160034,2.098767042160034,,,,
250,1753,,,1.314671277999878,,1.3055410385131836,1.3055410385131836,,,,
250,1754,,,2.2293589115142822,,2.2202272415161133,2.2202272415161133,,,,
250,1755,,,1.817054271697998,,1.8079211711883545,1.8079211711883545,,,,
250,1756,,,3.0044548511505127,,2.9953200817108154,2.9953200817108154,,,,
,250,,,,,,,,,3.736502170562744,3.736502170562744
250,1756,,,,,,,3.736502170562744,3.736502170562744,,
250,1756,2.1874799728393555,2.1966094970703125,,2.1874799728393555,,,,,,
251,1757,,,1.3259001970291138,,1.3167632818222046,1.3167632818222046,,,,
251,1758,,,1.930686593055725,,1.9215480089187622,1.9215480089187622,,,,
251,1759,,,2.4592251777648926,,2.450084686279297,2.450084686279297,,,,
251,1760,,,2.5755438804626465,,2.566401481628418,2.566401481628418,,,,
251,1761,,,1.9631993770599365,,1.9540555477142334,1.9540555477142334,,,,
251,1762,,,2.912245988845825,,2.9031002521514893,2.9031002521514893,,,,
251,1763,,,2.037508726119995,,2.0283615589141846,2.0283615589141846,,,,
,251,,,,,,,,,3.7064595222473145,3.7064595222473145
251,1763,,,,,,,3.7064595222473145,3.7064595222473145,,
251,1763,2.1760921478271484,2.1852338314056396,,2.1760921478271484,,,,,,
252,1764,,,2.8464949131011963,,2.837346315383911,2.837346315383911,,,,
252,1765,,,2.1388742923736572,,2.1297240257263184,2.1297240257263184,,,,
252,1766,,,2.4543020725250244,,2.445150136947632,2.445150136947632,,,,
252,1767,,,1.4112385511398315,,1.4020850658416748,1.4020850658416748,,,,
252,1768,,,2.4228456020355225,,2.4136905670166016,2.4136905670166016,,,,
252,1769,,,1.7639508247375488,,1.7547940015792847,1.7547940015792847,,,,
252,1770,,,2.174207925796509,,2.1650495529174805,2.1650495529174805,,,,
,252,,,,,,,,,3.6508002281188965,3.6508002281188965
252,1770,,,,,,,3.6508002281188965,3.6508002281188965,,
252,1770,2.163872003555298,2.173024892807007,,2.163872003555298,,,,,,
253,1771,,,2.6401078701019287,,2.6309473514556885,2.6309473514556885,,,,
253,1772,,,2.3163766860961914,,2.3072144985198975,2.3072144985198975,,,,
253,1773,,,2.8925092220306396,,2.883344888687134,2.883344888687134,,,,
253,1774,,,2.0816376209259033,,2.0724711418151855,2.0724711418151855,,,,
253,1775,,,1.9023690223693848,,1.8932011127471924,1.8932011127471924,,,,
253,1776,,,1.5120738744735718,,1.5029044151306152,1.5029044151306152,,,,
253,1777,,,1.1499260663986206,,1.1407551765441895,1.1407551765441895,,,,
,253,,,,,,,,,3.5544517040252686,3.5544517040252686
253,1777,,,,,,,3.5544517040252686,3.5544517040252686,,
253,1777,2.151822090148926,2.160987615585327,,2.151822090148926,,,,,,
254,1778,,,2.16571044921875,,2.1565380096435547,2.1565380096435547,,,,
254,1779,,,2.521057605743408,,2.511883497238159,2.511883497238159,,,,
254,1780,,,1.75742769241333,,1.748252034187317,1.748252034187317,,,,
254,1781,,,2.4852378368377686,,2.476060628890991,2.476060628890991,,,,
254,1782,,,2.189908027648926,,2.1807291507720947,2.1807291507720947,,,,
254,1783,,,1.8553849458694458,,1.8462046384811401,1.8462046384811401,,,,
254,1784,,,1.9186142683029175,,1.909432291984558,1.909432291984558,,,,
,254,,,,,,,,,3.4976980686187744,3.4976980686187744
254,1784,,,,,,,3.4976980686187744,3.4976980686187744,,
254,1784,2.1389341354370117,2.148110866546631,,2.1389341354370117,,,,,,
255,1785,,,2.4088220596313477,,2.3996384143829346,2.3996384143829346,,,,
255,1786,,,1.7440812587738037,,1.734895944595337,1.734895944595337,,,,
255,1787,,,2.537619113922119,,2.5284318923950195,2.5284318923950195,,,,
255,1788,,,1.8641334772109985,,1.8549448251724243,1.8549448251724243,,,,
255,1789,,,1.7439582347869873,,1.734768271446228,1.734768271446228,,,,
255,1790,,,2.2539947032928467,,2.2448034286499023,2.2448034286499023,,,,
255,1791,,,2.8515071868896484,,2.8423142433166504,2.8423142433166504,,,,
,255,,,,,,,,,3.4234752655029297,3.4234752655029297
255,1791,,,,,,,3.4234752655029297,3.4234752655029297,,
255,1791,2.127584457397461,2.136772394180298,,2.127584457397461,,,,,,
256,1792,,,2.430385112762451,,2.421189785003662,2.421189785003662,,,,
256,1793,,,2.169628620147705,,2.1604321002960205,2.1604321002960205,,,,
256,1794,,,1.8578099012374878,,1.84861159324646,1.84861159324646,,,,
256,1795,,,1.9571573734283447,,1.9479573965072632,1.9479573965072632,,,,
256,1796,,,1.7855660915374756,,1.7763639688491821,1.7763639688491821,,,,
256,1797,,,2.8779492378234863,,2.8687455654144287,2.8687455654144287,,,,
256,1798,,,1.2358802556991577,,1.2266751527786255,1.2266751527786255,,,,
,256,,,,,,,,,3.3648290634155273,3.3648290634155273
256,1798,,,,,,,3.3648288249969482,3.3648288249969482,,
256,1798,2.115028142929077,2.12422776222229,,2.115028142929077,,,,,,
257,1799,,,1.4263226985931396,,1.4171156883239746,1.4171156883239746,,,,
257,1800,,,2.3918297290802,,2.3826212882995605,2.3826212882995605,,,,
257,1801,,,2.3978312015533447,,2.3886208534240723,2.3886208534240723,,,,
257,1802,,,1.690670371055603,,1.6814581155776978,1.6814581155776978,,,,
257,1803,,,1.8603631258010864,,1.8511494398117065,1.8511494398117065,,,,
257,1804,,,2.774289608001709,,2.7650744915008545,2.7650744915008545,,,,
257,1805,,,2.4193482398986816,,2.4101314544677734,2.4101314544677734,,,,
,257,,,,,,,,,3.313988447189331,3.313988447189331
257,1805,,,,,,,3.313988447189331,3.313988447189331,,
257,1805,2.1003668308258057,2.1095783710479736,,2.1003668308258057,,,,,,
258,1806,,,1.9821587800979614,,1.9729400873184204,1.9729400873184204,,,,
258,1807,,,2.1260859966278076,,2.116865873336792,2.116865873336792,,,,
258,1808,,,2.5386486053466797,,2.5294268131256104,2.5294268131256104,,,,
258,1809,,,1.5227102041244507,,1.5134871006011963,1.5134871006011963,,,,
258,1810,,,2.555363893508911,,2.5461390018463135,2.5461390018463135,,,,
258,1811,,,1.721989393234253,,1.7127628326416016,1.7127628326416016,,,,
258,1812,,,2.5073845386505127,,2.4981558322906494,2.4981558322906494,,,,
,258,,,,,,,,,3.342912435531616,3.342912435531616
258,1812,,,,,,,3.342912435531616,3.342912435531616,,
258,1812,2.0907342433929443,2.09995698928833,,2.0907342433929443,,,,,,
259,1813,,,1.4475539922714233,,1.4383244514465332,1.4383244514465332,,,,
259,1814,,,3.148238182067871,,3.139007329940796,3.139007329940796,,,,
259,1815,,,1.6914210319519043,,1.6821883916854858,1.6821883916854858,,,,
259,1816,,,1.7688651084899902,,1.759630799293518,1.759630799293518,,,,
259,1817,,,1.9002918004989624,,1.8910555839538574,1.8910555839538574,,,,
259,1818,,,2.560004234313965,,2.5507664680480957,2.5507664680480957,,,,
259,1819,,,2.0848615169525146,,2.075622320175171,2.075622320175171,,,,
,259,,,,,,,,,3.3607680797576904,3.3607680797576904
259,1819,,,,,,,3.3607680797576904,3.3607680797576904,,
259,1819,2.0767576694488525,2.085991621017456,,2.0767576694488525,,,,,,
260,1820,,,1.98989999294281,,1.9806597232818604,1.9806597232818604,,,,
260,1821,,,3.2440781593322754,,3.2348365783691406,3.2348365783691406,,,,
260,1822,,,1.1763553619384766,,1.1671122312545776,1.1671122312545776,,,,
260,1823,,,1.5151722431182861,,1.5059279203414917,1.5059279203414917,,,,
260,1824,,,2.874612808227539,,2.8653664588928223,2.8653664588928223,,,,
260,1825,,,2.011644124984741,,2.0023961067199707,2.0023961067199707,,,,
260,1826,,,1.146478533744812,,1.1372289657592773,1.1372289657592773,,,,
,260,,,,,,,,,3.3488504886627197,3.3488504886627197
260,1826,,,,,,,3.3488504886627197,3.3488504886627197,,
260,1826,2.0678837299346924,2.0771281719207764,,2.0678837299346924,,,,,,
261,1827,,,2.54945969581604,,2.5402088165283203,2.5402088165283203,,,,
261,1828,,,2.6715564727783203,,2.662304639816284,2.662304639816284,,,,
261,1829,,,1.8111014366149902,,1.8018478155136108,1.8018478155136108,,,,
261,1830,,,1.961684226989746,,1.9524288177490234,1.9524288177490234,,,,
261,1831,,,1.9614461660385132,,1.9521892070770264,1.9521892070770264,,,,
261,1832,,,1.5908032655715942,,1.5815447568893433,1.5815447568893433,,,,
261,1833,,,1.6592085361480713,,1.6499484777450562,1.6499484777450562,,,,
,261,,,,,,,,,3.314030408859253,3.314030408859253
261,1833,,,,,,,3.314030408859253,3.314030408859253,,
261,1833,2.056353807449341,2.065608263015747,,2.056353807449341,,,,,,
262,1834,,,1.8842118978500366,,1.8749501705169678,1.8749501705169678,,,,
262,1835,,,1.7053581476211548,,1.6960947513580322,1.6960947513580322,,,,
262,1836,,,2.4846816062927246,,2.475416421890259,2.475416421890259,,,,
262,1837,,,2.078561544418335,,2.0692951679229736,2.0692951679229736,,,,
262,1838,,,2.246203660964966,,2.2369353771209717,2.2369353771209717,,,,
262,1839,,,1.9654364585876465,,1.9561667442321777,1.9561667442321777,,,,
262,1840,,,1.9481920003890991,,1.9389206171035767,1.9389206171035767,,,,
,262,,,,,,,,,3.3149468898773193,3.3149468898773193
262,1840,,,,,,,3.3149468898773193,3.3149468898773193,,
262,1840,2.0448555946350098,2.054121494293213,,2.0448555946350098,,,,,,
263,1841,,,1.8342981338500977,,1.8250256776809692,1.8250256776809692,,,,
263,1842,,,1.8140764236450195,,1.8048022985458374,1.8048022985458374,,,,
263,1843,,,2.761747360229492,,2.752471685409546,2.752471685409546,,,,
263,1844,,,2.0178229808807373,,2.008545160293579,2.008545160293579,,,,
263,1845,,,2.3470115661621094,,2.3377325534820557,2.3377325534820557,,,,
263,1846,,,1.8184970617294312,,1.8092164993286133,1.8092164993286133,,,,
263,1847,,,1.0841823816299438,,1.0749003887176514,1.0749003887176514,,,,
,263,,,,,,,,,3.289370536804199,3.289370536804199
263,1847,,,,,,,3.28937029838562,3.28937029838562,,
263,1847,2.029942035675049,2.0392191410064697,,2.029942035675049,,,,,,
264,1848,,,1.6338255405426025,,1.624542236328125,1.624542236328125,,,,
264,1849,,,1.9695731401443481,,1.960288166999817,1.960288166999817,,,,
264,1850,,,1.7717905044555664,,1.7625043392181396,1.7625043392181396,,,,
264,1851,,,2.231945276260376,,2.2226576805114746,2.2226576805114746,,,,
264,1852,,,1.467564582824707,,1.458275556564331,1.458275556564331,,,,
264,1853,,,3.4026145935058594,,3.393324136734009,3.393324136734009,,,,
264,1854,,,1.1827242374420166,,1.1734318733215332,1.1734318733215332,,,,
,264,,,,,,,,,3.2285232543945312,3.2285232543945312
264,1854,,,,,,,3.2285232543945312,3.2285232543945312,,
264,1854,2.017510414123535,2.0267977714538574,,2.017510414123535,,,,,,
265,1855,,,1.9521428346633911,,1.9428486824035645,1.9428486824035645,,,,
265,1856,,,2.6987366676330566,,2.6894407272338867,2.6894407272338867,,,,
265,1857,,,1.8537341356277466,,1.8444368839263916,1.8444368839263916,,,,
265,1858,,,2.2812540531158447,,2.2719554901123047,2.2719554901123047,,,,
265,1859,,,2.2707135677337646,,2.261413335800171,2.261413335800171,,,,
265,1860,,,1.1002293825149536,,1.0909273624420166,1.0909273624420166,,,,
265,1861,,,1.8939110040664673,,1.8846073150634766,1.8846073150634766,,,,
,265,,,,,,,,,3.2142302989959717,3.2142302989959717
265,1861,,,,,,,3.2142302989959717,3.2142302989959717,,
265,1861,2.009058952331543,2.018357276916504,,2.009058952331543,,,,,,
266,1862,,,1.9222441911697388,,1.9129390716552734,1.9129390716552734,,,,
266,1863,,,1.9004956483840942,,1.8911890983581543,1.8911890983581543,,,,
266,1864,,,1.8876320123672485,,1.8783239126205444,1.8783239126205444,,,,
266,1865,,,2.2400283813476562,,2.2307188510894775,2.2307188510894775,,,,
266,1866,,,2.5224435329437256,,2.513132095336914,2.513132095336914,,,,
266,1867,,,1.407496452331543,,1.3981833457946777,1.3981833457946777,,,,
266,1868,,,2.413165330886841,,2.403850793838501,2.403850793838501,,,,
,266,,,,,,,,,3.2197301387786865,3.2197301387786865
266,1868,,,,,,,3.2197301387786865,3.2197301387786865,,
266,1868,1.9962244033813477,2.0055336952209473,,1.9962244033813477,,,,,,
267,1869,,,1.8801089525222778,,1.8707932233810425,1.8707932233810425,,,,
267,1870,,,1.2272670269012451,,1.217949390411377,1.217949390411377,,,,
267,1871,,,1.8037588596343994,,1.7944402694702148,1.7944402694702148,,,,
267,1872,,,3.6640071868896484,,3.6546871662139893,3.6546871662139893,,,,
267,1873,,,2.1232542991638184,,2.1139326095581055,2.1139326095581055,,,,
267,1874,,,1.3522142171859741,,1.3428908586502075,1.3428908586502075,,,,
267,1875,,,1.7768524885177612,,1.7675275802612305,1.7675275802612305,,,,
,267,,,,,,,,,3.210838794708252,3.210838794708252
267,1875,,,,,,,3.210838794708252,3.210838794708252,,
267,1875,1.9854928255081177,1.9948126077651978,,1.9854928255081177,,,,,,
268,1876,,,1.9055508375167847,,1.8962244987487793,1.8962244987487793,,,,
268,1877,,,1.7384573221206665,,1.7291293144226074,1.7291293144226074,,,,
268,1878,,,2.1105949878692627,,2.1012651920318604,2.1012651920318604,,,,
268,1879,,,1.4773125648498535,,1.4679813385009766,1.4679813385009766,,,,
268,1880,,,2.1737523078918457,,2.164419412612915,2.164419412612915,,,,
268,1881,,,1.9391838312149048,,1.92984938621521,1.92984938621521,,,,
268,1882,,,3.507814645767212,,3.498478889465332,3.498478889465332,,,,
,268,,,,,,,,,3.252730131149292,3.252730131149292
268,1882,,,,,,,3.252730131149292,3.252730131149292,,
268,1882,1.9765958786010742,1.9859267473220825,,1.9765958786010742,,,,,,
269,1883,,,1.9985864162445068,,1.9892494678497314,1.9892494678497314,,,,
269,1884,,,2.1837384700775146,,2.174400568008423,2.174400568008423,,,,
269,1885,,,1.9512667655944824,,1.9419273138046265,1.9419273138046265,,,,
269,1886,,,1.530527949333191,,1.5211868286132812,1.5211868286132812,,,,
269,1887,,,2.8593499660491943,,2.8500070571899414,2.8500070571899414,,,,
269,1888,,,1.693040370941162,,1.6836962699890137,1.6836962699890137,,,,
269,1889,,,1.0294873714447021,,1.0201416015625,1.0201416015625,,,,
,269,,,,,,,,,3.238029956817627,3.238029956817627
269,1889,,,,,,,3.238029956817627,3.238029956817627,,
269,1889,1.9675326347351074,1.976873517036438,,1.9675326347351074,,,,,,
270,1890,,,1.5634756088256836,,1.5541280508041382,1.5541280508041382,,,,
270,1891,,,1.6922587156295776,,1.6829099655151367,1.6829099655151367,,,,
270,1892,,,1.7885217666625977,,1.7791717052459717,1.7791717052459717,,,,
270,1893,,,2.6860861778259277,,2.676734209060669,2.676734209060669,,,,
270,1894,,,1.8181798458099365,,1.8088260889053345,1.8088260889053345,,,,
270,1895,,,1.772513508796692,,1.7631584405899048,1.7631584405899048,,,,
270,1896,,,3.2017641067504883,,3.1924073696136475,3.1924073696136475,,,,
,270,,,,,,,,,3.1553955078125,3.1553955078125
270,1896,,,,,,,3.1553955078125,3.1553955078125,,
270,1896,1.954836368560791,1.964187741279602,,1.954836368560791,,,,,,
271,1897,,,1.590073823928833,,1.580715298652649,1.580715298652649,,,,
271,1898,,,1.7339576482772827,,1.7245978116989136,1.7245978116989136,,,,
271,1899,,,1.741096019744873,,1.7317346334457397,1.7317346334457397,,,,
271,1900,,,2.284797430038452,,2.2754344940185547,2.2754344940185547,,,,
271,1901,,,2.4622585773468018,,2.4528942108154297,2.4528942108154297,,,,
271,1902,,,2.226821184158325,,2.2174551486968994,2.2174551486968994,,,,
271,1903,,,1.1343082189559937,,1.1249408721923828,1.1249408721923828,,,,
,271,,,,,,,,,3.053508996963501,3.053508996963501
271,1903,,,,,,,3.053508996963501,3.053508996963501,,
271,1903,1.9458329677581787,1.9551953077316284,,1.9458329677581787,,,,,,
272,1904,,,1.8551653623580933,,1.8457958698272705,1.8457958698272705,,,,
272,1905,,,1.6688199043273926,,1.6594492197036743,1.6594492197036743,,,,
272,1906,,,1.7827545404434204,,1.7733821868896484,1.7733821868896484,,,,
272,1907,,,1.9660931825637817,,1.9567192792892456,1.9567192792892456,,,,
272,1908,,,2.799264430999756,,2.789889097213745,2.789889097213745,,,,
272,1909,,,1.530941367149353,,1.5215643644332886,1.5215643644332886,,,,
272,1910,,,2.105661153793335,,2.096282482147217,2.096282482147217,,,,
,272,,,,,,,,,3.0284366607666016,3.0284366607666016
272,1910,,,,,,,3.0284366607666016,3.0284366607666016,,
272,1910,1.9345736503601074,1.9439469575881958,,1.9345736503601074,,,,,,
273,1911,,,2.254714250564575,,2.2453339099884033,2.2453339099884033,,,,
273,1912,,,1.7569555044174194,,1.747573971748352,1.747573971748352,,,,
273,1913,,,2.1180734634399414,,2.1086905002593994,2.1086905002593994,,,,
273,1914,,,1.9263731241226196,,1.916988730430603,1.916988730430603,,,,
273,1915,,,1.3714008331298828,,1.362014651298523,1.362014651298523,,,,
273,1916,,,1.9743438959121704,,1.9649559259414673,1.9649559259414673,,,,
273,1917,,,2.4369611740112305,,2.427572011947632,2.427572011947632,,,,
,273,,,,,,,,,3.0324792861938477,3.0324792861938477
273,1917,,,,,,,3.0324795246124268,3.0324795246124268,,
273,1917,1.9224936962127686,1.931877851486206,,1.9224936962127686,,,,,,
274,1918,,,1.7765693664550781,,1.7671782970428467,1.7671782970428467,,,,
274,1919,,,1.7684787511825562,,1.7590858936309814,1.7590858936309814,,,,
274,1920,,,1.656562089920044,,1.6471675634384155,1.6471675634384155,,,,
274,1921,,,2.475947141647339,,2.466550827026367,2.466550827026367,,,,
274,1922,,,2.0569252967834473,,2.047527551651001,2.047527551651001,,,,
274,1923,,,1.873826503753662,,1.8644275665283203,1.8644275665283203,,,,
274,1924,,,1.6117993593215942,,1.6023988723754883,1.6023988723754883,,,,
,274,,,,,,,,,3.048877477645874,3.048877477645874
274,1924,,,,,,,3.048877477645874,3.048877477645874,,
274,1924,1.906327486038208,1.915723204612732,,1.906327486038208,,,,,,
275,1925,,,1.8795266151428223,,1.8701248168945312,1.8701248168945312,,,,
275,1926,,,2.630080461502075,,2.6206767559051514,2.6206767559051514,,,,
275,1927,,,1.8574316501617432,,1.8480263948440552,1.8480263948440552,,,,
275,1928,,,2.326761484146118,,2.317354679107666,2.317354679107666,,,,
275,1929,,,1.2052979469299316,,1.1958894729614258,1.1958894729614258,,,,
275,1930,,,1.0026401281356812,,0.9932301640510559,0.9932301640510559,,,,
275,1931,,,3.2811951637268066,,3.2717838287353516,3.2717838287353516,,,,
,275,,,,,,,,,3.0736403465270996,3.0736403465270996
275,1931,,,,,,,3.0736403465270996,3.0736403465270996,,
275,1931,1.8936818838119507,1.903087854385376,,1.8936818838119507,,,,,,
276,1932,,,2.7027270793914795,,2.693314552307129,2.693314552307129,,,,
276,1933,,,1.1965914964675903,,1.1871768236160278,1.1871768236160278,,,,
276,1934,,,1.5753308534622192,,1.5659148693084717,1.5659148693084717,,,,
276,1935,,,2.1738951206207275,,2.164477825164795,2.164477825164795,,,,
276,1936,,,1.7817732095718384,,1.7723536491394043,1.7723536491394043,,,,
276,1937,,,1.8652592897415161,,1.8558385372161865,1.8558385372161865,,,,
276,1938,,,2.008429765701294,,1.9990078210830688,1.9990078210830688,,,,
,276,,,,,,,,,3.0587158203125,3.0587158203125
276,1938,,,,,,,3.0587158203125,3.0587158203125,,
276,1938,1.8805811405181885,1.889998197555542,,1.8805811405181885,,,,,,
277,1939,,,1.4566693305969238,,1.4472463130950928,1.4472463130950928,,,,
277,1940,,,2.146392583847046,,2.1369681358337402,2.1369681358337402,,,,
277,1941,,,2.0885894298553467,,2.0791635513305664,2.0791635513305664,,,,
277,1942,,,1.8830757141113281,,1.873648762702942,1.873648762702942,,,,
277,1943,,,1.5132999420166016,,1.503871202468872,1.503871202468872,,,,
277,1944,,,2.233593463897705,,2.224163293838501,2.224163293838501,,,,
277,1945,,,1.724704384803772,,1.7152726650238037,1.7152726650238037,,,,
,277,,,,,,,,,3.007099151611328,3.007099151611328
277,1945,,,,,,,3.007099151611328,3.007099151611328,,
277,1945,1.8679667711257935,1.8773937225341797,,1.8679667711257935,,,,,,
278,1946,,,1.9600911140441895,,1.9506572484970093,1.9506572484970093,,,,
278,1947,,,1.5426597595214844,,1.533224105834961,1.533224105834961,,,,
278,1948,,,1.5785200595855713,,1.569082498550415,1.569082498550415,,,,
278,1949,,,2.641305923461914,,2.631866693496704,2.631866693496704,,,,
278,1950,,,1.805077314376831,,1.7956364154815674,1.7956364154815674,,,,
278,1951,,,1.9834465980529785,,1.9740043878555298,1.9740043878555298,,,,
278,1952,,,1.0120970010757446,,1.0026535987854004,1.0026535987854004,,,,
,278,,,,,,,,,2.9246041774749756,2.9246041774749756
278,1952,,,,,,,2.9246041774749756,2.9246041774749756,,
278,1952,1.8557593822479248,1.865198016166687,,1.8557593822479248,,,,,,
279,1953,,,2.5198700428009033,,2.510424852371216,2.510424852371216,,,,
279,1954,,,1.3711433410644531,,1.3616962432861328,1.3616962432861328,,,,
279,1955,,,1.1348611116409302,,1.125412940979004,1.125412940979004,,,,
279,1956,,,1.2592352628707886,,1.2497854232788086,1.2497854232788086,,,,
279,1957,,,2.4419469833374023,,2.4324960708618164,2.4324960708618164,,,,
279,1958,,,2.252171039581299,,2.2427186965942383,2.2427186965942383,,,,
279,1959,,,2.2200875282287598,,2.2106330394744873,2.2106330394744873,,,,
,279,,,,,,,,,2.9101014137268066,2.9101014137268066
279,1959,,,,,,,2.9101014137268066,2.9101014137268066,,
279,1959,1.8433758020401,1.8528250455856323,,1.8433758020401,,,,,,
280,1960,,,2.547541856765747,,2.5380859375,2.5380859375,,,,
280,1961,,,1.677125334739685,,1.6676677465438843,1.6676677465438843,,,,
280,1962,,,1.5786725282669067,,1.5692132711410522,1.5692132711410522,,,,
280,1963,,,1.3948527574539185,,1.3853919506072998,1.3853919506072998,,,,
280,1964,,,2.0567400455474854,,2.0472774505615234,2.0472774505615234,,,,
280,1965,,,1.7072757482528687,,1.6978118419647217,1.6978118419647217,,,,
280,1966,,,2.056715965270996,,2.047250509262085,2.047250509262085,,,,
,280,,,,,,,,,2.922895908355713,2.922895908355713
280,1966,,,,,,,2.922895908355713,2.922895908355713,,
280,1966,1.831085205078125,1.8405452966690063,,1.831085205078125,,,,,,
281,1967,,,1.9640531539916992,,1.9545867443084717,1.9545867443084717,,,,
281,1968,,,2.8267438411712646,,2.8172757625579834,2.8172757625579834,,,,
281,1969,,,1.3054066896438599,,1.2959370613098145,1.2959370613098145,,,,
281,1970,,,2.3742151260375977,,2.364743709564209,2.364743709564209,,,,
281,1971,,,1.2574743032455444,,1.2480014562606812,1.2480014562606812,,,,
281,1972,,,1.1854933500289917,,1.1760194301605225,1.1760194301605225,,,,
281,1973,,,2.038975715637207,,2.0295002460479736,2.0295002460479736,,,,
,281,,,,,,,,,2.94197678565979,2.94197678565979
281,1973,,,,,,,2.94197678565979,2.94197678565979,,
281,1973,1.8223727941513062,1.8318434953689575,,1.8223727941513062,,,,,,
282,1974,,,1.6434072256088257,,1.6339300870895386,1.6339300870895386,,,,
282,1975,,,1.6148645877838135,,1.605385661125183,1.605385661125183,,,,
282,1976,,,1.4157196283340454,,1.40623939037323,1.40623939037323,,,,
282,1977,,,1.6463369131088257,,1.636854887008667,1.636854887008667,,,,
282,1978,,,1.5423275232315063,,1.532843828201294,1.532843828201294,,,,
282,1979,,,2.327247381210327,,2.3177623748779297,2.3177623748779297,,,,
282,1980,,,3.7577435970306396,,3.7482573986053467,3.7482573986053467,,,,
,282,,,,,,,,,2.9376184940338135,2.9376184940338135
282,1980,,,,,,,2.9376184940338135,2.9376184940338135,,
282,1980,1.8099783658981323,1.8194599151611328,,1.8099783658981323,,,,,,
283,1981,,,1.2401554584503174,,1.230667233467102,1.230667233467102,,,,
283,1982,,,2.239473342895508,,2.22998309135437,2.22998309135437,,,,
283,1983,,,2.294888496398926,,2.2853968143463135,2.2853968143463135,,,,
283,1984,,,1.7899612188339233,,1.7804679870605469,1.7804679870605469,,,,
283,1985,,,1.348031759262085,,1.3385368585586548,1.3385368585586548,,,,
283,1986,,,1.7529854774475098,,1.7434895038604736,1.7434895038604736,,,,
283,1987,,,2.339444875717163,,2.3299474716186523,2.3299474716186523,,,,
,283,,,,,,,,,2.9245247840881348,2.9245247840881348
283,1987,,,,,,,2.9245247840881348,2.9245247840881348,,
283,1987,1.8011407852172852,1.8106331825256348,,1.8011407852172852,,,,,,
284,1988,,,1.7818031311035156,,1.772303819656372,1.772303819656372,,,,
284,1989,,,1.961220145225525,,1.9517196416854858,1.9517196416854858,,,,
284,1990,,,1.4079803228378296,,1.3984782695770264,1.3984782695770264,,,,
284,1991,,,2.1113932132720947,,2.1018900871276855,2.1018900871276855,,,,
284,1992,,,1.6418626308441162,,1.6323577165603638,1.6323577165603638,,,,
284,1993,,,1.9045859575271606,,1.895079493522644,1.895079493522644,,,,
284,1994,,,1.762679100036621,,1.7531708478927612,1.7531708478927612,,,,
,284,,,,,,,,,2.901926279067993,2.901926279067993
284,1994,,,,,,,2.901926279067993,2.901926279067993,,
284,1994,1.7896891832351685,1.799192190170288,,1.7896891832351685,,,,,,
285,1995,,,1.9751875400543213,,1.9656773805618286,1.9656773805618286,,,,
285,1996,,,1.864111065864563,,1.8545992374420166,1.8545992374420166,,,,
285,1997,,,1.1108430624008179,,1.1013293266296387,1.1013293266296387,,,,
285,1998,,,1.3904277086257935,,1.3809126615524292,1.3809126615524292,,,,
285,1999,,,2.1547343730926514,,2.1452176570892334,2.1452176570892334,,,,
285,2000,,,1.931126594543457,,1.9216084480285645,1.9216084480285645,,,,
285,2001,,,2.6117169857025146,,2.6021974086761475,2.6021974086761475,,,,
,285,,,,,,,,,2.862854480743408,2.862854480743408
285,2001,,,,,,,2.862854480743408,2.862854480743408,,
285,2001,1.7796343564987183,1.7891489267349243,,1.7796343564987183,,,,,,
286,2002,,,1.1848007440567017,,1.1752796173095703,1.1752796173095703,,,,
286,2003,,,1.8331031799316406,,1.8235806226730347,1.8235806226730347,,,,
286,2004,,,1.277612328529358,,1.2680879831314087,1.2680879831314087,,,,
286,2005,,,2.1438114643096924,,2.1342859268188477,2.1342859268188477,,,,
286,2006,,,1.8711235523223877,,1.8615965843200684,1.8615965843200684,,,,
286,2007,,,2.222931385040283,,2.21340274810791,2.21340274810791,,,,
286,2008,,,2.1643967628479004,,2.1548666954040527,2.1548666954040527,,,,
,286,,,,,,,,,2.8187386989593506,2.8187386989593506
286,2008,,,,,,,2.8187386989593506,2.8187386989593506,,
286,2008,1.7700875997543335,1.77961266040802,,1.7700875997543335,,,,,,
287,2009,,,1.6948133707046509,,1.6852813959121704,1.6852813959121704,,,,
287,2010,,,1.5416887998580933,,1.53215491771698,1.53215491771698,,,,
287,2011,,,1.6780911684036255,,1.668555498123169,1.668555498123169,,,,
287,2012,,,1.624308466911316,,1.6147711277008057,1.6147711277008057,,,,
287,2013,,,2.7843518257141113,,2.774812936782837,2.774812936782837,,,,
287,2014,,,1.5054148435592651,,1.4958746433258057,1.4958746433258057,,,,
287,2015,,,1.254772424697876,,1.2452309131622314,1.2452309131622314,,,,
,287,,,,,,,,,2.766746759414673,2.766746759414673
287,2015,,,,,,,2.766746759414673,2.766746759414673,,
287,2015,1.7628881931304932,1.7724249362945557,,1.7628881931304932,,,,,,
288,2016,,,1.866754412651062,,1.8572115898132324,1.8572115898132324,,,,
288,2017,,,1.9112532138824463,,1.9017088413238525,1.9017088413238525,,,,
288,2018,,,1.7871392965316772,,1.7775936126708984,1.7775936126708984,,,,
288,2019,,,1.6869267225265503,,1.6773797273635864,1.6773797273635864,,,,
288,2020,,,1.8598164319992065,,1.850268006324768,1.850268006324768,,,,
288,2021,,,1.4718812704086304,,1.4623308181762695,1.4623308181762695,,,,
288,2022,,,1.7434115409851074,,1.7338594198226929,1.7338594198226929,,,,
,288,,,,,,,,,2.7675511837005615,2.7675511837005615
288,2022,,,,,,,2.7675511837005615,2.7675511837005615,,
288,2022,1.7532062530517578,1.762752890586853,,1.7532062530517578,,,,,,
289,2023,,,1.8027979135513306,,1.7932450771331787,1.7932450771331787,,,,
289,2024,,,1.0911887884140015,,1.081634759902954,1.081634759902954,,,,
289,2025,,,2.1878011226654053,,2.1782455444335938,2.1782455444335938,,,,
289,2026,,,1.6694376468658447,,1.6598806381225586,1.6598806381225586,,,,
289,2027,,,1.9741275310516357,,1.9645687341690063,1.9645687341690063,,,,
289,2028,,,1.696706771850586,,1.687146544456482,1.687146544456482,,,,
289,2029,,,1.9769259691238403,,1.9673644304275513,1.9673644304275513,,,,
,289,,,,,,,,,2.7226643562316895,2.7226643562316895
289,2029,,,,,,,2.7226643562316895,2.7226643562316895,,
289,2029,1.7415659427642822,1.7511227130889893,,1.7415659427642822,,,,,,
290,2030,,,1.6177712678909302,,1.608208179473877,1.608208179473877,,,,
290,2031,,,1.8965638875961304,,1.8869991302490234,1.8869991302490234,,,,
290,2032,,,1.6919571161270142,,1.6823906898498535,1.6823906898498535,,,,
290,2033,,,2.236207962036133,,2.226640224456787,2.226640224456787,,,,
290,2034,,,1.8157020807266235,,1.8061330318450928,1.8061330318450928,,,,
290,2035,,,1.4833738803863525,,1.473803162574768,1.473803162574768,,,,
290,2036,,,0.9622876048088074,,0.9527156949043274,0.9527156949043274,,,,
,290,,,,,,,,,2.6595582962036133,2.6595582962036133
290,2036,,,,,,,2.6595585346221924,2.6595585346221924,,
290,2036,1.7319910526275635,1.741558313369751,,1.7319910526275635,,,,,,
291,2037,,,2.0703561305999756,,2.0607824325561523,2.0607824325561523,,,,
291,2038,,,1.4993011951446533,,1.489725947380066,1.489725947380066,,,,
291,2039,,,1.1953907012939453,,1.1858139038085938,1.1858139038085938,,,,
291,2040,,,2.0457329750061035,,2.0361547470092773,2.0361547470092773,,,,
291,2041,,,1.6740628480911255,,1.6644830703735352,1.6644830703735352,,,,
291,2042,,,1.3537384271621704,,1.344157338142395,1.344157338142395,,,,
291,2043,,,3.2178938388824463,,3.2083113193511963,3.2083113193511963,,,,
,291,,,,,,,,,2.661311626434326,2.661311626434326
291,2043,,,,,,,2.661311626434326,2.661311626434326,,
291,2043,1.7230170965194702,1.7325949668884277,,1.7230170965194702,,,,,,
292,2044,,,1.8083657026290894,,1.7987818717956543,1.7987818717956543,,,,
292,2045,,,1.9663915634155273,,1.9568063020706177,1.9568063020706177,,,,
292,2046,,,1.4567855596542358,,1.4471989870071411,1.4471989870071411,,,,
292,2047,,,1.900877594947815,,1.8912893533706665,1.8912893533706665,,,,
292,2048,,,1.239598274230957,,1.2300082445144653,1.2300082445144653,,,,
292,2049,,,1.9420191049575806,,1.9324277639389038,1.9324277639389038,,,,
292,2050,,,1.7878291606903076,,1.7782363891601562,1.7782363891601562,,,,
,292,,,,,,,,,2.6779909133911133,2.6779909133911133
292,2050,,,,,,,2.6779911518096924,2.6779911518096924,,
292,2050,1.713466763496399,1.7230547666549683,,1.713466763496399,,,,,,
293,2051,,,1.9344927072525024,,1.9248987436294556,1.9248987436294556,,,,
293,2052,,,2.0095107555389404,,1.9999152421951294,1.9999152421951294,,,,
293,2053,,,2.0655691623687744,,2.0559725761413574,2.0559725761413574,,,,
293,2054,,,1.3414909839630127,,1.331892490386963,1.331892490386963,,,,
293,2055,,,1.4446462392807007,,1.435045838356018,1.435045838356018,,,,
293,2056,,,1.3080240488052368,,1.2984224557876587,1.2984224557876587,,,,
293,2057,,,2.197120189666748,,2.1875174045562744,2.1875174045562744,,,,
,293,,,,,,,,,2.6913540363311768,2.6913540363311768
293,2057,,,,,,,2.6913540363311768,2.6913540363311768,,
293,2057,1.7045437097549438,1.714141845703125,,1.7045437097549438,,,,,,
294,2058,,,2.3084356784820557,,2.2988317012786865,2.2988317012786865,,,,
294,2059,,,2.1858084201812744,,2.1762027740478516,2.1762027740478516,,,,
294,2060,,,1.5816272497177124,,1.5720199346542358,1.5720199346542358,,,,
294,2061,,,1.3756699562072754,,1.3660610914230347,1.3660610914230347,,,,
294,2062,,,1.5319411754608154,,1.5223309993743896,1.5223309993743896,,,,
294,2063,,,1.198765754699707,,1.1891541481018066,1.1891541481018066,,,,
294,2064,,,1.8333534002304077,,1.8237406015396118,1.8237406015396118,,,,
,294,,,,,,,,,2.6825692653656006,2.6825692653656006
294,2064,,,,,,,2.6825692653656006,2.6825692653656006,,
294,2064,1.6954516172409058,1.7050597667694092,,1.6954516172409058,,,,,,
295,2065,,,0.8770465850830078,,0.8674323558807373,0.8674323558807373,,,,
295,2066,,,1.990233063697815,,1.9806174039840698,1.9806174039840698,,,,
295,2067,,,2.0511128902435303,,2.0414953231811523,2.0414953231811523,,,,
295,2068,,,1.5192539691925049,,1.509635090827942,1.509635090827942,,,,
295,2069,,,1.8653805255889893,,1.8557599782943726,1.8557599782943726,,,,
295,2070,,,2.1117169857025146,,2.102095603942871,2.102095603942871,,,,
295,2071,,,1.1116548776626587,,1.10203218460083,1.10203218460083,,,,
,295,,,,,,,,,2.6123569011688232,2.6123569011688232
295,2071,,,,,,,2.6123569011688232,2.6123569011688232,,
295,2071,1.6894584894180298,1.6990766525268555,,1.6894584894180298,,,,,,
296,2072,,,1.5573939085006714,,1.5477690696716309,1.5477690696716309,,,,
296,2073,,,1.4771398305892944,,1.467513084411621,1.467513084411621,,,,
296,2074,,,1.9302679300308228,,1.9206401109695435,1.9206401109695435,,,,
296,2075,,,1.169858694076538,,1.1602290868759155,1.1602290868759155,,,,
296,2076,,,1.9407354593276978,,1.931104302406311,1.931104302406311,,,,
296,2077,,,1.7887122631072998,,1.779079794883728,1.779079794883728,,,,
296,2078,,,2.3988757133483887,,2.389241933822632,2.389241933822632,,,,
,296,,,,,,,,,2.5727550983428955,2.5727550983428955
296,2078,,,,,,,2.5727550983428955,2.5727550983428955,,
296,2078,1.6787923574447632,1.6884214878082275,,1.6787923574447632,,,,,,
297,2079,,,2.0283117294311523,,2.018676519393921,2.018676519393921,,,,
297,2080,,,2.3232901096343994,,2.3136537075042725,2.3136537075042725,,,,
297,2081,,,1.5588618516921997,,1.5492238998413086,1.5492238998413086,,,,
297,2082,,,1.2765663862228394,,1.2669267654418945,1.2669267654418945,,,,
297,2083,,,1.5135244131088257,,1.5038832426071167,1.5038832426071167,,,,
297,2084,,,1.6618537902832031,,1.6522114276885986,1.6522114276885986,,,,
297,2085,,,0.8999461531639099,,0.890302300453186,0.890302300453186,,,,
,297,,,,,,,,,2.5441830158233643,2.5441830158233643
297,2085,,,,,,,2.5441830158233643,2.5441830158233643,,
297,2085,1.6687746047973633,1.67841374874115,,1.6687746047973633,,,,,,
298,2086,,,2.0316076278686523,,2.0219621658325195,2.0219621658325195,,,,
298,2087,,,1.580126166343689,,1.5704795122146606,1.5704795122146606,,,,
298,2088,,,1.6486166715621948,,1.638968825340271,1.638968825340271,,,,
298,2089,,,1.8765020370483398,,1.866852879524231,1.866852879524231,,,,
298,2090,,,1.6874128580093384,,1.6777621507644653,1.6777621507644653,,,,
298,2091,,,1.0665879249572754,,1.0569355487823486,1.0569355487823486,,,,
298,2092,,,1.9889225959777832,,1.9792689085006714,1.9792689085006714,,,,
,298,,,,,,,,,2.5139613151550293,2.5139613151550293
298,2092,,,,,,,2.5139613151550293,2.5139613151550293,,
298,2092,1.6588528156280518,1.668501853942871,,1.6588528156280518,,,,,,
299,2093,,,1.2731977701187134,,1.2635419368743896,1.2635419368743896,,,,
299,2094,,,1.4229027032852173,,1.413245439529419,1.413245439529419,,,,
299,2095,,,1.4221065044403076,,1.4124479293823242,1.4124479293823242,,,,
299,2096,,,1.826916217803955,,1.817256212234497,1.817256212234497,,,,
299,2097,,,1.677634596824646,,1.6679729223251343,1.6679729223251343,,,,
299,2098,,,2.4131476879119873,,2.403485059738159,2.403485059738159,,,,
299,2099,,,1.4588947296142578,,1.4492305517196655,1.4492305517196655,,,,
,299,,,,,,,,,2.457643508911133,2.457643508911133
299,2099,,,,,,,2.457643508911133,2.457643508911133,,
299,2099,1.650417447090149,1.6600770950317383,,1.650417447090149,,,,,,
300,2100,,,1.7572563886642456,,1.7475899457931519,1.7475899457931519,,,,
300,2101,,,1.5695765018463135,,1.5599088668823242,1.5599088668823242,,,,
300,2102,,,1.9438985586166382,,1.9342294931411743,1.9342294931411743,,,,
300,2103,,,1.3917843103408813,,1.3821135759353638,1.3821135759353638,,,,
300,2104,,,1.7593215703964233,,1.749649167060852,1.749649167060852,,,,
300,2105,,,1.602608323097229,,1.592934489250183,1.592934489250183,,,,
300,2106,,,1.3415189981460571,,1.3318440914154053,1.3318440914154053,,,,
,300,,,,,,,,,2.3852009773254395,2.3852009773254395
300,2106,,,,,,,2.3852009773254395,2.3852009773254395,,
300,2106,1.6417046785354614,1.6513749361038208,,1.6417046785354614,,,,,,
301,2107,,,1.3575725555419922,,1.3478952646255493,1.3478952646255493,,,,
301,2108,,,2.0123326778411865,,2.0026540756225586,2.0026540756225586,,,,
301,2109,,,1.4255119562149048,,1.4158319234848022,1.4158319234848022,,,,
301,2110,,,1.3489935398101807,,1.3393118381500244,1.3393118381500244,,,,
301,2111,,,2.015984296798706,,2.006300926208496,2.006300926208496,,,,
301,2112,,,1.9029085636138916,,1.893223762512207,1.893223762512207,,,,
301,2113,,,1.0863667726516724,,1.0766805410385132,1.0766805410385132,,,,
,301,,,,,,,,,2.3472893238067627,2.3472893238067627
301,2113,,,,,,,2.3472893238067627,2.3472893238067627,,
301,2113,1.6327800750732422,1.6424614191055298,,1.6327800750732422,,,,,,
302,2114,,,1.9524316787719727,,1.9427446126937866,1.9427446126937866,,,,
302,2115,,,1.5353436470031738,,1.5256551504135132,1.5256551504135132,,,,
302,2116,,,1.8018649816513062,,1.7921749353408813,1.7921749353408813,,,,
302,2117,,,0.9817469716072083,,0.9720552563667297,0.9720552563667297,,,,
302,2118,,,1.726422667503357,,1.7167295217514038,1.7167295217514038,,,,
302,2119,,,2.0042409896850586,,1.994546890258789,1.994546890258789,,,,
302,2120,,,1.1069608926773071,,1.0972654819488525,1.0972654819488525,,,,
,302,,,,,,,,,2.3523573875427246,2.3523573875427246
302,2120,,,,,,,2.3523573875427246,2.3523573875427246,,
302,2120,1.624373435974121,1.6340646743774414,,1.624373435974121,,,,,,
303,2121,,,1.5554362535476685,,1.545739769935608,1.545739769935608,,,,
303,2122,,,1.3882273435592651,,1.3785297870635986,1.3785297870635986,,,,
303,2123,,,1.4726760387420654,,1.4629770517349243,1.4629770517349243,,,,
303,2124,,,1.9085016250610352,,1.898801565170288,1.898801565170288,,,,
303,2125,,,1.81340491771698,,1.8037036657333374,1.8037036657333374,,,,
303,2126,,,1.61729896068573,,1.6075961589813232,1.6075961589813232,,,,
303,2127,,,1.5589587688446045,,1.5492546558380127,1.5492546558380127,,,,
,303,,,,,,,,,2.3824076652526855,2.3824076652526855
303,2127,,,,,,,2.3824076652526855,2.3824076652526855,,
303,2127,1.6122852563858032,1.6219850778579712,,1.6122852563858032,,,,,,
304,2128,,,1.533982276916504,,1.524276852607727,1.524276852607727,,,,
304,2129,,,2.0213918685913086,,2.0116851329803467,2.0116851329803467,,,,
304,2130,,,1.1018081903457642,,1.0921006202697754,1.0921006202697754,,,,
304,2131,,,2.4504995346069336,,2.440791130065918,2.440791130065918,,,,
304,2132,,,1.2804715633392334,,1.2707611322402954,1.2707611322402954,,,,
304,2133,,,1.4510763883590698,,1.4413648843765259,1.4413648843765259,,,,
304,2134,,,1.1381614208221436,,1.1284483671188354,1.1284483671188354,,,,
,304,,,,,,,,,2.3985555171966553,2.3985555171966553
304,2134,,,,,,,2.3985555171966553,2.3985555171966553,,
304,2134,1.600650668144226,1.6103591918945312,,1.600650668144226,,,,,,
305,2135,,,1.1774708032608032,,1.16775643825531,1.16775643825531,,,,
305,2136,,,1.1477999687194824,,1.1380844116210938,1.1380844116210938,,,,
305,2137,,,1.5030702352523804,,1.4933536052703857,1.4933536052703857,,,,
305,2138,,,1.9471197128295898,,1.9374017715454102,1.9374017715454102,,,,
305,2139,,,1.5755481719970703,,1.565828561782837,1.565828561782837,,,,
305,2140,,,2.00734281539917,,1.9976216554641724,1.9976216554641724,,,,
305,2141,,,2.12837290763855,,2.118650436401367,2.118650436401367,,,,
,305,,,,,,,,,2.3799614906311035,2.3799614906311035
305,2141,,,,,,,2.3799614906311035,2.3799614906311035,,
305,2141,1.5834572315216064,1.5931750535964966,,1.5834572315216064,,,,,,
306,2142,,,1.2539491653442383,,1.2442253828048706,1.2442253828048706,,,,
306,2143,,,2.3050878047943115,,2.2953624725341797,2.2953624725341797,,,,
306,2144,,,1.9910719394683838,,1.9813450574874878,1.9813450574874878,,,,
306,2145,,,1.020769476890564,,1.011041283607483,1.011041283607483,,,,
306,2146,,,1.542913556098938,,1.5331839323043823,1.5331839323043823,,,,
306,2147,,,1.3337563276290894,,1.3240253925323486,1.3240253925323486,,,,
306,2148,,,1.5656455755233765,,1.5559133291244507,1.5559133291244507,,,,
,306,,,,,,,,,2.3735456466674805,2.3735456466674805
306,2148,,,,,,,2.3735454082489014,2.3735454082489014,,
306,2148,1.5643373727798462,1.5740652084350586,,1.5643373727798462,,,,,,
307,2149,,,1.5204503536224365,,1.5107166767120361,1.5107166767120361,,,,
307,2150,,,1.6002668142318726,,1.590531826019287,1.590531826019287,,,,
307,2151,,,1.6062930822372437,,1.5965567827224731,1.5965567827224731,,,,
307,2152,,,1.5201486349105835,,1.510411024093628,1.510411024093628,,,,
307,2153,,,1.349690556526184,,1.3399510383605957,1.3399510383605957,,,,
307,2154,,,1.46726655960083,,1.4575257301330566,1.4575257301330566,,,,
307,2155,,,2.3175337314605713,,2.307791233062744,2.307791233062744,,,,
,307,,,,,,,,,2.417357921600342,2.417357921600342
307,2155,,,,,,,2.417357921600342,2.417357921600342,,
307,2155,1.548410177230835,1.5581475496292114,,1.548410177230835,,,,,,
308,2156,,,1.2968987226486206,,1.287155032157898,1.287155032157898,,,,
308,2157,,,1.4271365404129028,,1.417391061782837,1.417391061782837,,,,
308,2158,,,1.4509594440460205,,1.4412128925323486,1.4412128925323486,,,,
308,2159,,,1.632407784461975,,1.6226599216461182,1.6226599216461182,,,,
308,2160,,,1.6302423477172852,,1.6204932928085327,1.6204932928085327,,,,
308,2161,,,1.5092805624008179,,1.4995297193527222,1.4995297193527222,,,,
308,2162,,,2.3898065090179443,,2.380054235458374,2.380054235458374,,,,
,308,,,,,,,,,2.4273667335510254,2.4273667335510254
308,2162,,,,,,,2.4273667335510254,2.4273667335510254,,
308,2162,1.5342683792114258,1.5440161228179932,,1.5342683792114258,,,,,,
309,2163,,,1.5798985958099365,,1.5701442956924438,1.5701442956924438,,,,
309,2164,,,1.2530300617218018,,1.243274211883545,1.243274211883545,,,,
309,2165,,,1.2816170454025269,,1.2718596458435059,1.2718596458435059,,,,
309,2166,,,1.732283592224121,,1.7225247621536255,1.7225247621536255,,,,
309,2167,,,1.8853771686553955,,1.8756170272827148,1.8756170272827148,,,,
309,2168,,,1.5740242004394531,,1.5642623901367188,1.5642623901367188,,,,
309,2169,,,1.194905161857605,,1.1851420402526855,1.1851420402526855,,,,
,309,,,,,,,,,2.4003663063049316,2.4003663063049316
309,2169,,,,,,,2.4003663063049316,2.4003663063049316,,
309,2169,1.5203311443328857,1.5300893783569336,,1.5203311443328857,,,,,,
310,2170,,,1.5048778057098389,,1.495112657546997,1.495112657546997,,,,
310,2171,,,1.0898115634918213,,1.0800447463989258,1.0800447463989258,,,,
310,2172,,,1.6917760372161865,,1.682007908821106,1.682007908821106,,,,
310,2173,,,2.0359818935394287,,2.026212215423584,2.026212215423584,,,,
310,2174,,,1.7943707704544067,,1.7845996618270874,1.7845996618270874,,,,
310,2175,,,1.1222553253173828,,1.1124824285507202,1.1124824285507202,,,,
310,2176,,,1.159740686416626,,1.1499663591384888,1.1499663591384888,,,,
,310,,,,,,,,,2.369346857070923,2.369346857070923
310,2176,,,,,,,2.369346857070923,2.369346857070923,,
310,2176,1.5077170133590698,1.517486572265625,,1.5077170133590698,,,,,,
311,2177,,,1.355172038078308,,1.3453961610794067,1.3453961610794067,,,,
311,2178,,,0.9608113169670105,,0.9510337710380554,0.9510337710380554,,,,
311,2179,,,1.8746179342269897,,1.8648390769958496,1.8648390769958496,,,,
311,2180,,,1.493075966835022,,1.4832955598831177,1.4832955598831177,,,,
311,2181,,,1.698236346244812,,1.688454508781433,1.688454508781433,,,,
311,2182,,,1.6755231618881226,,1.6657394170761108,1.6657394170761108,,,,
311,2183,,,1.4694265127182007,,1.459641695022583,1.459641695022583,,,,
,311,,,,,,,,,2.3291313648223877,2.3291313648223877
311,2183,,,,,,,2.3291313648223877,2.3291313648223877,,
311,2183,1.4974311590194702,1.5072113275527954,,1.4974311590194702,,,,,,
312,2184,,,1.2483983039855957,,1.2386119365692139,1.2386119365692139,,,,
312,2185,,,1.7447571754455566,,1.7349696159362793,1.7349696159362793,,,,
312,2186,,,1.7605128288269043,,1.7507236003875732,1.7507236003875732,,,,
312,2187,,,1.6836645603179932,,1.6738739013671875,1.6738739013671875,,,,
312,2188,,,1.2511050701141357,,1.241312861442566,1.241312861442566,,,,
312,2189,,,1.3108184337615967,,1.3010247945785522,1.3010247945785522,,,,
312,2190,,,1.4701789617538452,,1.4603840112686157,1.4603840112686157,,,,
,312,,,,,,,,,2.3029513359069824,2.3029513359069824
312,2190,,,,,,,2.3029513359069824,2.3029513359069824,,
312,2190,1.488338828086853,1.4981292486190796,,1.488338828086853,,,,,,
313,2191,,,1.3609704971313477,,1.3511738777160645,1.3511738777160645,,,,
313,2192,,,2.0010201930999756,,1.9912221431732178,1.9912221431732178,,,,
313,2193,,,1.5115571022033691,,1.5017575025558472,1.5017575025558472,,,,
313,2194,,,1.226691722869873,,1.216890811920166,1.216890811920166,,,,
313,2195,,,2.009690999984741,,1.9998886585235596,1.9998886585235596,,,,
313,2196,,,0.932551383972168,,0.9227473139762878,0.9227473139762878,,,,
313,2197,,,1.1584644317626953,,1.148659348487854,1.148659348487854,,,,
,313,,,,,,,,,2.2370033264160156,2.2370033264160156
313,2197,,,,,,,2.2370033264160156,2.2370033264160156,,
313,2197,1.4767730236053467,1.4865734577178955,,1.4767730236053467,,,,,,
314,2198,,,1.0432922840118408,,1.0334850549697876,1.0334850549697876,,,,
314,2199,,,1.7826406955718994,,1.7728322744369507,1.7728322744369507,,,,
314,2200,,,0.84986412525177,,0.8400540947914124,0.8400540947914124,,,,
314,2201,,,1.3663939237594604,,1.356582522392273,1.356582522392273,,,,
314,2202,,,1.6008338928222656,,1.591020941734314,1.591020941734314,,,,
314,2203,,,2.523699998855591,,2.513885498046875,2.513885498046875,,,,
314,2204,,,0.5904993414878845,,0.5806832313537598,0.5806832313537598,,,,
,314,,,,,,,,,2.1832330226898193,2.1832330226898193
314,2204,,,,,,,2.1832330226898193,2.1832330226898193,,
314,2204,1.4628418684005737,1.4726529121398926,,1.4628418684005737,,,,,,
315,2205,,,1.0018291473388672,,0.9920119047164917,0.9920119047164917,,,,
315,2206,,,1.127327799797058,,1.1175090074539185,1.1175090074539185,,,,
315,2207,,,1.4641534090042114,,1.4543331861495972,1.4543331861495972,,,,
315,2208,,,1.4547334909439087,,1.4449117183685303,1.4449117183685303,,,,
315,2209,,,1.293621301651001,,1.2837984561920166,1.2837984561920166,,,,
315,2210,,,2.368227005004883,,2.358402967453003,2.358402967453003,,,,
315,2211,,,1.607862949371338,,1.5980373620986938,1.5980373620986938,,,,
,315,,,,,,,,,2.1407852172851562,2.1407852172851562
315,2211,,,,,,,2.1407852172851562,2.1407852172851562,,
315,2211,1.4510167837142944,1.460837721824646,,1.4510167837142944,,,,,,
316,2212,,,1.4823709726333618,,1.4725432395935059,1.4725432395935059,,,,
316,2213,,,0.8157932162284851,,0.8059644103050232,0.8059644103050232,,,,
316,2214,,,1.7760438919067383,,1.7662137746810913,1.7662137746810913,,,,
316,2215,,,1.4527654647827148,,1.4429335594177246,1.4429335594177246,,,,
316,2216,,,1.6068356037139893,,1.5970020294189453,1.5970020294189453,,,,
316,2217,,,1.1478562355041504,,1.1380211114883423,1.1380211114883423,,,,
316,2218,,,2.5420429706573486,,2.5322062969207764,2.5322062969207764,,,,
,316,,,,,,,,,2.1256089210510254,2.1256089210510254
316,2218,,,,,,,2.1256089210510254,2.1256089210510254,,
316,2218,1.438785195350647,1.4486167430877686,,1.438785195350647,,,,,,
317,2219,,,1.1637277603149414,,1.1538896560668945,1.1538896560668945,,,,
317,2220,,,1.7868809700012207,,1.7770413160324097,1.7770413160324097,,,,
317,2221,,,1.2305070161819458,,1.2206661701202393,1.2206661701202393,,,,
317,2222,,,1.173201560974121,,1.1633594036102295,1.1633594036102295,,,,
317,2223,,,1.569421410560608,,1.5595779418945312,1.5595779418945312,,,,
317,2224,,,1.7602269649505615,,1.7503819465637207,1.7503819465637207,,,,
317,2225,,,1.29515540599823,,1.285308599472046,1.285308599472046,,,,
,317,,,,,,,,,2.119436740875244,2.119436740875244
317,2225,,,,,,,2.119436740875244,2.119436740875244,,
317,2225,1.4285343885421753,1.4383763074874878,,1.4285343885421753,,,,,,
318,2226,,,1.005007266998291,,0.9951587319374084,0.9951587319374084,,,,
318,2227,,,0.8998446464538574,,0.8899945616722107,0.8899945616722107,,,,
318,2228,,,1.1257065534591675,,1.115855097770691,1.115855097770691,,,,
318,2229,,,1.9124983549118042,,1.902645230293274,1.902645230293274,,,,
318,2230,,,2.366487741470337,,2.356632709503174,2.356632709503174,,,,
318,2231,,,1.3416216373443604,,1.3317656517028809,1.3317656517028809,,,,
318,2232,,,1.2669050693511963,,1.257047414779663,1.257047414779663,,,,
,318,,,,,,,,,2.1279983520507812,2.1279983520507812
318,2232,,,,,,,2.1279983520507812,2.1279983520507812,,
318,2232,1.4217169284820557,1.4315694570541382,,1.4217169284820557,,,,,,
319,2233,,,1.3082234859466553,,1.2983646392822266,1.2983646392822266,,,,
319,2234,,,1.587633490562439,,1.5777732133865356,1.5777732133865356,,,,
319,2235,,,1.6172549724578857,,1.6073931455612183,1.6073931455612183,,,,
319,2236,,,1.2845537662506104,,1.2746903896331787,1.2746903896331787,,,,
319,2237,,,1.30466628074646,,1.2948014736175537,1.2948014736175537,,,,
319,2238,,,1.1221107244491577,,1.1122444868087769,1.1122444868087769,,,,
319,2239,,,2.2432949542999268,,2.2334272861480713,2.2334272861480713,,,,
,319,,,,,,,,,2.1634488105773926,2.1634488105773926
319,2239,,,,,,,2.1634488105773926,2.1634488105773926,,
319,2239,1.412204384803772,1.4220670461654663,,1.412204384803772,,,,,,
320,2240,,,1.8511492013931274,,1.8412803411483765,1.8412803411483765,,,,
320,2241,,,1.2491562366485596,,1.239286184310913,1.239286184310913,,,,
320,2242,,,1.4572556018829346,,1.447383999824524,1.447383999824524,,,,
320,2243,,,1.5558927059173584,,1.5460201501846313,1.5460201501846313,,,,
320,2244,,,1.2161719799041748,,1.2062978744506836,1.2062978744506836,,,,
320,2245,,,1.1819099187850952,,1.172034502029419,1.172034502029419,,,,
320,2246,,,1.3701509237289429,,1.3602735996246338,1.3602735996246338,,,,
,320,,,,,,,,,2.21256422996521,2.21256422996521
320,2246,,,,,,,2.21256422996521,2.21256422996521,,
320,2246,1.4058674573898315,1.415739893913269,,1.4058674573898315,,,,,,
321,2247,,,1.5479910373687744,,1.5381125211715698,1.5381125211715698,,,,
321,2248,,,1.3944425582885742,,1.384562611579895,1.384562611579895,,,,
321,2249,,,1.115298867225647,,1.1054173707962036,1.1054173707962036,,,,
321,2250,,,1.301254153251648,,1.2913713455200195,1.2913713455200195,,,,
321,2251,,,1.3482398986816406,,1.3383556604385376,1.3383556604385376,,,,
321,2252,,,1.6007636785507202,,1.5908780097961426,1.5908780097961426,,,,
321,2253,,,1.7597500085830688,,1.7498629093170166,1.7498629093170166,,,,
,321,,,,,,,,,2.216312885284424,2.216312885284424
321,2253,,,,,,,2.216312885284424,2.216312885284424,,
321,2253,1.3968464136123657,1.4067288637161255,,1.3968464136123657,,,,,,
322,2254,,,1.5542635917663574,,1.544374942779541,1.544374942779541,,,,
322,2255,,,1.679274320602417,,1.6693841218948364,1.6693841218948364,,,,
322,2256,,,1.162663459777832,,1.1527717113494873,1.1527717113494873,,,,
322,2257,,,1.4974071979522705,,1.4875143766403198,1.4875143766403198,,,,
322,2258,,,1.5668021440505981,,1.5569076538085938,1.5569076538085938,,,,
322,2259,,,0.9583488702774048,,0.9484530091285706,0.9484530091285706,,,,
322,2260,,,1.3393421173095703,,1.3294450044631958,1.3294450044631958,,,,
,322,,,,,,,,,2.161025047302246,2.161025047302246
322,2260,,,,,,,2.161025047302246,2.161025047302246,,
322,2260,1.3894819021224976,1.3993746042251587,,1.3894819021224976,,,,,,
323,2261,,,2.0770344734191895,,2.0671353340148926,2.0671353340148926,,,,
323,2262,,,1.6731714010238647,,1.6632704734802246,1.6632704734802246,,,,
323,2263,,,0.9033366441726685,,0.8934344053268433,0.8934344053268433,,,,
323,2264,,,1.354138731956482,,1.3442355394363403,1.3442355394363403,,,,
323,2265,,,0.8405719995498657,,0.8306671380996704,0.8306671380996704,,,,
323,2266,,,1.22739839553833,,1.2174919843673706,1.2174919843673706,,,,
323,2267,,,2.1158077716827393,,2.1058995723724365,2.1058995723724365,,,,
,323,,,,,,,,,2.115450143814087,2.115450143814087
323,2267,,,,,,,2.115450143814087,2.115450143814087,,
323,2267,1.3813248872756958,1.391228199005127,,1.3813248872756958,,,,,,
324,2268,,,1.3035255670547485,,1.2936164140701294,1.2936164140701294,,,,
324,2269,,,1.426021695137024,,1.416110873222351,1.416110873222351,,,,
324,2270,,,0.9534125328063965,,0.9435001015663147,0.9435001015663147,,,,
324,2271,,,1.9790098667144775,,1.9690961837768555,1.9690961837768555,,,,
324,2272,,,1.3303760290145874,,1.3204611539840698,1.3204611539840698,,,,
324,2273,,,1.531122088432312,,1.5212057828903198,1.5212057828903198,,,,
324,2274,,,0.8004911541938782,,0.7905734181404114,0.7905734181404114,,,,
,324,,,,,,,,,2.0815083980560303,2.0815083980560303
324,2274,,,,,,,2.0815083980560303,2.0815083980560303,,
324,2274,1.374189019203186,1.3841023445129395,,1.374189019203186,,,,,,
325,2275,,,0.8998849391937256,,0.8899661898612976,0.8899661898612976,,,,
325,2276,,,1.5374832153320312,,1.527563214302063,1.527563214302063,,,,
325,2277,,,1.3268084526062012,,1.3168872594833374,1.3168872594833374,,,,
325,2278,,,1.3388794660568237,,1.3289568424224854,1.3289568424224854,,,,
325,2279,,,1.5008022785186768,,1.4908782243728638,1.4908782243728638,,,,
325,2280,,,1.6352465152740479,,1.6253212690353394,1.6253212690353394,,,,
325,2281,,,1.406074047088623,,1.3961471319198608,1.3961471319198608,,,,
,325,,,,,,,,,2.0777416229248047,2.0777416229248047
325,2281,,,,,,,2.0777416229248047,2.0777416229248047,,
325,2281,1.3651965856552124,1.3751187324523926,,1.3651965856552124,,,,,,
326,2282,,,0.656111478805542,,0.6461832523345947,0.6461832523345947,,,,
326,2283,,,1.4268852472305298,,1.4169559478759766,1.4169559478759766,,,,
326,2284,,,1.5003081560134888,,1.4903775453567505,1.4903775453567505,,,,
326,2285,,,1.9525198936462402,,1.9425880908966064,1.9425880908966064,,,,
326,2286,,,0.7141836881637573,,0.7042502760887146,0.7042502760887146,,,,
326,2287,,,1.8811357021331787,,1.871200680732727,1.871200680732727,,,,
326,2288,,,1.4867794513702393,,1.4768427610397339,1.4768427610397339,,,,
,326,,,,,,,,,2.0706825256347656,2.0706825256347656
326,2288,,,,,,,2.0706825256347656,2.0706825256347656,,
326,2288,1.3529995679855347,1.362931251525879,,1.3529995679855347,,,,,,
327,2289,,,1.1646122932434082,,1.1546742916107178,1.1546742916107178,,,,
327,2290,,,1.2158482074737549,,1.2059087753295898,1.2059087753295898,,,,
327,2291,,,1.7772539854049683,,1.7673131227493286,1.7673131227493286,,,,
327,2292,,,1.5506470203399658,,1.540704369544983,1.540704369544983,,,,
327,2293,,,1.4325809478759766,,1.4226369857788086,1.4226369857788086,,,,
327,2294,,,0.9032083749771118,,0.8932629227638245,0.8932629227638245,,,,
327,2295,,,1.5291489362716675,,1.5192019939422607,1.5192019939422607,,,,
,327,,,,,,,,,2.0641868114471436,2.0641868114471436
327,2295,,,,,,,2.0641868114471436,2.0641868114471436,,
327,2295,1.3418354988098145,1.3517776727676392,,1.3418354988098145,,,,,,
328,2296,,,1.4685226678848267,,1.458574891090393,1.458574891090393,,,,
328,2297,,,1.607474446296692,,1.5975253582000732,1.5975253582000732,,,,
328,2298,,,1.5121111869812012,,1.5021607875823975,1.5021607875823975,,,,
328,2299,,,0.8469350934028625,,0.8369832634925842,0.8369832634925842,,,,
328,2300,,,1.5441066026687622,,1.5341533422470093,1.5341533422470093,,,,
328,2301,,,1.0570268630981445,,1.047071933746338,1.047071933746338,,,,
328,2302,,,1.401238203048706,,1.391282081604004,1.391282081604004,,,,
,328,,,,,,,,,2.0726327896118164,2.0726327896118164
328,2302,,,,,,,2.0726327896118164,2.0726327896118164,,
328,2302,1.333051085472107,1.343002438545227,,1.333051085472107,,,,,,
329,2303,,,1.1205757856369019,,1.110617995262146,1.110617995262146,,,,
329,2304,,,0.9362274408340454,,0.9262682199478149,0.9262682199478149,,,,
329,2305,,,1.4999245405197144,,1.489964246749878,1.489964246749878,,,,
329,2306,,,1.1730067729949951,,1.1630451679229736,1.1630451679229736,,,,
329,2307,,,1.1648082733154297,,1.1548455953598022,1.1548455953598022,,,,
329,2308,,,1.8808616399765015,,1.8708972930908203,1.8708972930908203,,,,
329,2309,,,1.9768539667129517,,1.9668878316879272,1.9668878316879272,,,,
,329,,,,,,,,,2.0703465938568115,2.0703465938568115
329,2309,,,,,,,2.0703465938568115,2.0703465938568115,,
329,2309,1.3259954452514648,1.3359568119049072,,1.3259954452514648,,,,,,
330,2310,,,1.4014796018600464,,1.3915117979049683,1.3915117979049683,,,,
330,2311,,,1.7916239500045776,,1.7816548347473145,1.7816548347473145,,,,
330,2312,,,1.2527302503585815,,1.2427597045898438,1.2427597045898438,,,,
330,2313,,,1.3044531345367432,,1.2944810390472412,1.2944810390472412,,,,
330,2314,,,1.5813510417938232,,1.5713772773742676,1.5713772773742676,,,,
330,2315,,,1.0739521980285645,,1.0639768838882446,1.0639768838882446,,,,
330,2316,,,0.18612851202487946,,0.17615164816379547,0.17615164816379547,,,,
,330,,,,,,,,,2.0545132160186768,2.0545132160186768
330,2316,,,,,,,2.0545132160186768,2.0545132160186768,,
330,2316,1.3195009231567383,1.3294726610183716,,1.3195009231567383,,,,,,
331,2317,,,1.691055417060852,,1.6810777187347412,1.6810777187347412,,,,
331,2318,,,1.619888186454773,,1.609909176826477,1.609909176826477,,,,
331,2319,,,1.179612636566162,,1.1696319580078125,1.1696319580078125,,,,
331,2320,,,1.362525224685669,,1.3525429964065552,1.3525429964065552,,,,
331,2321,,,1.318962574005127,,1.3089790344238281,1.3089790344238281,,,,
331,2322,,,1.0746797323226929,,1.0646946430206299,1.0646946430206299,,,,
331,2323,,,0.4646475613117218,,0.4546612799167633,0.4546612799167633,,,,
,331,,,,,,,,,2.0109801292419434,2.0109801292419434
331,2323,,,,,,,2.0109801292419434,2.0109801292419434,,
331,2323,1.310954213142395,1.3209359645843506,,1.310954213142395,,,,,,
332,2324,,,1.6653836965560913,,1.6553961038589478,1.6553961038589478,,,,
332,2325,,,1.1555200815200806,,1.145531177520752,1.145531177520752,,,,
332,2326,,,1.6315404176712036,,1.6215503215789795,1.6215503215789795,,,,
332,2327,,,1.2849475145339966,,1.2749559879302979,1.2749559879302979,,,,
332,2328,,,0.9244370460510254,,0.9144439697265625,0.9144439697265625,,,,
332,2329,,,1.1702741384506226,,1.1602799892425537,1.1602799892425537,,,,
332,2330,,,1.4269967079162598,,1.4170008897781372,1.4170008897781372,,,,
,332,,,,,,,,,1.970443844795227,1.970443844795227
332,2330,,,,,,,1.970443844795227,1.970443844795227,,
332,2330,1.302514910697937,1.312506079673767,,1.302514910697937,,,,,,
333,2331,,,1.676508903503418,,1.6665114164352417,1.6665114164352417,,,,
333,2332,,,1.4005247354507446,,1.3905258178710938,1.3905258178710938,,,,
333,2333,,,1.301159143447876,,1.291158676147461,1.291158676147461,,,,
333,2334,,,1.1783559322357178,,1.1683540344238281,1.1683540344238281,,,,
333,2335,,,1.1467841863632202,,1.1367806196212769,1.1367806196212769,,,,
333,2336,,,1.221484661102295,,1.211479663848877,1.211479663848877,,,,
333,2337,,,1.0278822183609009,,1.0178757905960083,1.0178757905960083,,,,
,333,,,,,,,,,1.9441255331039429,1.9441255331039429
333,2337,,,,,,,1.9441255331039429,1.9441255331039429,,
333,2337,1.293570876121521,1.303572416305542,,1.293570876121521,,,,,,
334,2338,,,1.4628750085830688,,1.4528675079345703,1.4528675079345703,,,,
334,2339,,,1.5262185335159302,,1.516209363937378,1.516209363937378,,,,
334,2340,,,1.3880932331085205,,1.3780828714370728,1.3780828714370728,,,,
334,2341,,,0.8926762938499451,,0.8826644420623779,0.8826644420623779,,,,
334,2342,,,1.0625224113464355,,1.052509069442749,1.052509069442749,,,,
334,2343,,,1.3434672355651855,,1.333452582359314,1.333452582359314,,,,
334,2344,,,1.5566562414169312,,1.546640157699585,1.546640157699585,,,,
,334,,,,,,,,,1.9194966554641724,1.9194966554641724
334,2344,,,,,,,1.9194966554641724,1.9194966554641724,,
334,2344,1.285611867904663,1.2956233024597168,,1.285611867904663,,,,,,
335,2345,,,1.6555743217468262,,1.645557165145874,1.645557165145874,,,,
335,2346,,,1.3220853805541992,,1.312066674232483,1.312066674232483,,,,
335,2347,,,0.7918286919593811,,0.781808614730835,0.781808614730835,,,,
335,2348,,,1.66861093044281,,1.6585896015167236,1.6585896015167236,,,,
335,2349,,,0.5153884291648865,,0.5053654313087463,0.5053654313087463,,,,
335,2350,,,1.5585594177246094,,1.5485353469848633,1.5485353469848633,,,,
335,2351,,,1.8764939308166504,,1.8664684295654297,1.8664684295654297,,,,
,335,,,,,,,,,1.9113399982452393,1.9113399982452393
335,2351,,,,,,,1.9113399982452393,1.9113399982452393,,
335,2351,1.2787213325500488,1.2887424230575562,,1.2787213325500488,,,,,,
336,2352,,,0.9291152954101562,,0.9190882444381714,0.9190882444381714,,,,
336,2353,,,0.989111602306366,,0.9790828824043274,0.9790828824043274,,,,
336,2354,,,1.3085757493972778,,1.2985455989837646,1.2985455989837646,,,,
336,2355,,,1.2138980627059937,,1.203866720199585,1.203866720199585,,,,
336,2356,,,1.103078842163086,,1.0930458307266235,1.0930458307266235,,,,
336,2357,,,2.268205165863037,,2.2581710815429688,2.2581710815429688,,,,
336,2358,,,0.9764226675033569,,0.9663872718811035,0.9663872718811035,,,,
,336,,,,,,,,,1.8648117780685425,1.8648117780685425
336,2358,,,,,,,1.8648117780685425,1.8648117780685425,,
336,2358,1.2728148698806763,1.2828460931777954,,1.2728148698806763,,,,,,
337,2359,,,1.3346844911575317,,1.324647307395935,1.324647307395935,,,,
337,2360,,,0.833514928817749,,0.8234764337539673,0.8234764337539673,,,,
337,2361,,,1.6091111898422241,,1.5990715026855469,1.5990715026855469,,,,
337,2362,,,1.3283133506774902,,1.3182722330093384,1.3182722330093384,,,,
337,2363,,,1.5626742839813232,,1.5526316165924072,1.5526316165924072,,,,
337,2364,,,1.0202218294143677,,1.0101776123046875,1.0101776123046875,,,,
337,2365,,,1.1693469285964966,,1.1593014001846313,1.1593014001846313,,,,
,337,,,,,,,,,1.8343818187713623,1.8343818187713623
337,2365,,,,,,,1.8343818187713623,1.8343818187713623,,
337,2365,1.264786720275879,1.2748275995254517,,1.264786720275879,,,,,,
338,2366,,,0.7888120412826538,,0.7787649035453796,0.7787649035453796,,,,
338,2367,,,1.0298850536346436,,1.0198363065719604,1.0198363065719604,,,,
338,2368,,,1.672614336013794,,1.6625642776489258,1.6625642776489258,,,,
338,2369,,,1.3430683612823486,,1.333017110824585,1.333017110824585,,,,
338,2370,,,1.3665791749954224,,1.3565266132354736,1.3565266132354736,,,,
338,2371,,,1.3640592098236084,,1.3540050983428955,1.3540050983428955,,,,
338,2372,,,1.4066388607025146,,1.396583080291748,1.396583080291748,,,,
,338,,,,,,,,,1.8437726497650146,1.8437726497650146
338,2372,,,,,,,1.8437726497650146,1.8437726497650146,,
338,2372,1.259361982345581,1.2694131135940552,,1.259361982345581,,,,,,
339,2373,,,0.9142004251480103,,0.9041436910629272,0.9041436910629272,,,,
339,2374,,,1.5066636800765991,,1.496605634689331,1.496605634689331,,,,
339,2375,,,1.750441551208496,,1.7403818368911743,1.7403818368911743,,,,
339,2376,,,1.2683048248291016,,1.2582439184188843,1.2582439184188843,,,,
339,2377,,,1.0556386709213257,,1.0455764532089233,1.0455764532089233,,,,
339,2378,,,1.0018916130065918,,0.991828441619873,0.991828441619873,,,,
339,2379,,,1.4680088758468628,,1.4579440355300903,1.4579440355300903,,,,
,339,,,,,,,,,1.8412611484527588,1.8412611484527588
339,2379,,,,,,,1.8412611484527588,1.8412611484527588,,
339,2379,1.2523151636123657,1.2623755931854248,,1.2523151636123657,,,,,,
340,2380,,,1.0964809656143188,,1.0864143371582031,1.0864143371582031,,,,
340,2381,,,0.9409199953079224,,0.9308520555496216,0.9308520555496216,,,,
340,2382,,,1.3113667964935303,,1.3012973070144653,1.3012973070144653,,,,
340,2383,,,1.796162724494934,,1.7860921621322632,1.7860921621322632,,,,
340,2384,,,1.0548207759857178,,1.0447489023208618,1.0447489023208618,,,,
340,2385,,,1.3774216175079346,,1.367348551750183,1.367348551750183,,,,
340,2386,,,1.113028645515442,,1.1029539108276367,1.1029539108276367,,,,
,340,,,,,,,,,1.8201979398727417,1.8201979398727417
340,2386,,,,,,,1.8201979398727417,1.8201979398727417,,
340,2386,1.2439781427383423,1.2540483474731445,,1.2439781427383423,,,,,,
341,2387,,,0.8834445476531982,,0.873367965221405,0.873367965221405,,,,
341,2388,,,1.9332787990570068,,1.9232007265090942,1.9232007265090942,,,,
341,2389,,,1.2899450063705444,,1.2798655033111572,1.2798655033111572,,,,
341,2390,,,1.021560549736023,,1.0114796161651611,1.0114796161651611,,,,
341,2391,,,1.0916043519973755,,1.0815221071243286,1.0815221071243286,,,,
341,2392,,,1.129234790802002,,1.1191513538360596,1.1191513538360596,,,,
341,2393,,,1.5838452577590942,,1.5737605094909668,1.5737605094909668,,,,
,341,,,,,,,,,1.7780468463897705,1.7780468463897705
341,2393,,,,,,,1.7780468463897705,1.7780468463897705,,
341,2393,1.2358819246292114,1.245962381362915,,1.2358819246292114,,,,,,
342,2394,,,1.1967562437057495,,1.1866692304611206,1.1866692304611206,,,,
342,2395,,,1.8295377492904663,,1.8194489479064941,1.8194489479064941,,,,
342,2396,,,0.7551507949829102,,0.7450608015060425,0.7450608015060425,,,,
342,2397,,,1.213868260383606,,1.2037768363952637,1.2037768363952637,,,,
342,2398,,,1.2018887996673584,,1.191795825958252,1.191795825958252,,,,
342,2399,,,1.077966570854187,,1.067872166633606,1.067872166633606,,,,
342,2400,,,1.6206786632537842,,1.6105828285217285,1.6105828285217285,,,,
,342,,,,,,,,,1.769451379776001,1.769451379776001
342,2400,,,,,,,1.769451379776001,1.769451379776001,,
342,2400,1.2264459133148193,1.236536979675293,,1.2264459133148193,,,,,,
343,2401,,,1.8280856609344482,,1.817988634109497,1.817988634109497,,,,
343,2402,,,1.3720344305038452,,1.3619358539581299,1.3619358539581299,,,,
343,2403,,,1.1515190601348877,,1.1414190530776978,1.1414190530776978,,,,
343,2404,,,0.9257657527923584,,0.9156641960144043,0.9156641960144043,,,,
343,2405,,,1.278297781944275,,1.2681946754455566,1.2681946754455566,,,,
343,2406,,,0.8247503638267517,,0.8146461844444275,0.8146461844444275,,,,
343,2407,,,1.1868726015090942,,1.176767110824585,1.176767110824585,,,,
,343,,,,,,,,,1.770206332206726,1.770206332206726
343,2407,,,,,,,1.770206332206726,1.770206332206726,,
343,2407,1.2174330949783325,1.2275341749191284,,1.2174330949783325,,,,,,
344,2408,,,1.6430158615112305,,1.6329087018966675,1.6329087018966675,,,,
344,2409,,,1.0503603219985962,,1.0402519702911377,1.0402519702911377,,,,
344,2410,,,1.4914546012878418,,1.48134446144104,1.48134446144104,,,,
344,2411,,,1.1557272672653198,,1.145615816116333,1.145615816116333,,,,
344,2412,,,0.920044481754303,,0.9099313020706177,0.9099313020706177,,,,
344,2413,,,1.3240419626235962,,1.3139275312423706,1.3139275312423706,,,,
344,2414,,,0.5375689268112183,,0.5274531245231628,0.5274531245231628,,,,
,344,,,,,,,,,1.7510137557983398,1.7510137557983398
344,2414,,,,,,,1.7510137557983398,1.7510137557983398,,
344,2414,1.2112586498260498,1.221369743347168,,1.2112586498260498,,,,,,
345,2415,,,0.9049872159957886,,0.8948701024055481,0.8948701024055481,,,,
345,2416,,,0.8555591106414795,,0.8454405665397644,0.8454405665397644,,,,
345,2417,,,1.1681138277053833,,1.1579939126968384,1.1579939126968384,,,,
345,2418,,,0.8966858386993408,,0.8865644931793213,0.8865644931793213,,,,
345,2419,,,1.6109346151351929,,1.6008121967315674,1.6008121967315674,,,,
345,2420,,,1.7167762517929077,,1.7066526412963867,1.7066526412963867,,,,
345,2421,,,1.5670123100280762,,1.556886911392212,1.556886911392212,,,,
,345,,,,,,,,,1.7448968887329102,1.7448968887329102
345,2421,,,,,,,1.7448968887329102,1.7448968887329102,,
345,2421,1.2041045427322388,1.2142254114151,,1.2041045427322388,,,,,,
346,2422,,,1.3218889236450195,,1.3117620944976807,1.3117620944976807,,,,
346,2423,,,1.0004407167434692,,0.9903122186660767,0.9903122186660767,,,,
346,2424,,,0.8498674035072327,,0.8397375345230103,0.8397375345230103,,,,
346,2425,,,0.8193161487579346,,0.8091849088668823,0.8091849088668823,,,,
346,2426,,,1.010987639427185,,1.0008553266525269,1.0008553266525269,,,,
346,2427,,,2.062021255493164,,2.0518877506256104,2.0518877506256104,,,,
346,2428,,,1.690405011177063,,1.6802699565887451,1.6802699565887451,,,,
,346,,,,,,,,,1.745149850845337,1.745149850845337
346,2428,,,,,,,1.745149850845337,1.745149850845337,,
346,2428,1.1974653005599976,1.207595944404602,,1.1974653005599976,,,,,,
347,2429,,,1.185672640800476,,1.1755359172821045,1.1755359172821045,,,,
347,2430,,,1.1843087673187256,,1.1741708517074585,1.1741708517074585,,,,
347,2431,,,1.5266355276107788,,1.5164964199066162,1.5164964199066162,,,,
347,2432,,,1.232154369354248,,1.2220138311386108,1.2220138311386108,,,,
347,2433,,,1.0289217233657837,,1.0187798738479614,1.0187798738479614,,,,
347,2434,,,1.0416563749313354,,1.0315130949020386,1.0315130949020386,,,,
347,2435,,,1.2429417371749878,,1.2327967882156372,1.2327967882156372,,,,
,347,,,,,,,,,1.7422914505004883,1.7422914505004883
347,2435,,,,,,,1.7422914505004883,1.7422914505004883,,
347,2435,1.1922837495803833,1.2024239301681519,,1.1922837495803833,,,,,,
348,2436,,,1.4775521755218506,,1.4674055576324463,1.4674055576324463,,,,
348,2437,,,1.0019819736480713,,0.9918336868286133,0.9918336868286133,,,,
348,2438,,,1.284170389175415,,1.2740204334259033,1.2740204334259033,,,,
348,2439,,,1.1094952821731567,,1.0993438959121704,1.0993438959121704,,,,
348,2440,,,1.1623375415802002,,1.1521848440170288,1.1521848440170288,,,,
348,2441,,,0.8662827014923096,,0.8561288714408875,0.8561288714408875,,,,
348,2442,,,1.931849718093872,,1.9216945171356201,1.9216945171356201,,,,
,348,,,,,,,,,1.702950119972229,1.702950119972229
348,2442,,,,,,,1.702950119972229,1.702950119972229,,
348,2442,1.1861258745193481,1.1962766647338867,,1.1861258745193481,,,,,,
349,2443,,,1.8467284440994263,,1.8365718126296997,1.8365718126296997,,,,
349,2444,,,0.9952626824378967,,0.9851045608520508,0.9851045608520508,,,,
349,2445,,,0.7195282578468323,,0.7093687057495117,0.7093687057495117,,,,
349,2446,,,0.9898751974105835,,0.9797142744064331,0.9797142744064331,,,,
349,2447,,,1.3739773035049438,,1.3638147115707397,1.3638147115707397,,,,
349,2448,,,1.4847781658172607,,1.474614143371582,1.474614143371582,,,,
349,2449,,,0.4809291362762451,,0.4707639217376709,0.4707639217376709,,,,
,349,,,,,,,,,1.6840053796768188,1.6840053796768188
349,2449,,,,,,,1.6840053796768188,1.6840053796768188,,
349,2449,1.1805058717727661,1.1906663179397583,,1.1805058717727661,,,,,,
350,2450,,,1.1980935335159302,,1.187927484512329,1.187927484512329,,,,
350,2451,,,1.0637388229370117,,1.0535714626312256,1.0535714626312256,,,,
350,2452,,,1.1835949420928955,,1.1734265089035034,1.1734265089035034,,,,
350,2453,,,1.179142713546753,,1.1689727306365967,1.1689727306365967,,,,
350,2454,,,1.2711881399154663,,1.261016845703125,1.261016845703125,,,,
350,2455,,,1.352018117904663,,1.341845154762268,1.341845154762268,,,,
350,2456,,,0.808391273021698,,0.7982171177864075,0.7982171177864075,,,,
,350,,,,,,,,,1.676505446434021,1.676505446434021
350,2456,,,,,,,1.676505446434021,1.676505446434021,,
350,2456,1.1742888689041138,1.1844584941864014,,1.1742888689041138,,,,,,
351,2457,,,0.814372181892395,,0.8041970133781433,0.8041970133781433,,,,
351,2458,,,1.0112643241882324,,1.00108802318573,1.00108802318573,,,,
351,2459,,,1.5115673542022705,,1.501389741897583,1.501389741897583,,,,
351,2460,,,0.7719250917434692,,0.7617462277412415,0.7617462277412415,,,,
351,2461,,,1.232776403427124,,1.2225964069366455,1.2225964069366455,,,,
351,2462,,,1.299184799194336,,1.2890033721923828,1.2890033721923828,,,,
351,2463,,,2.325852394104004,,2.315669536590576,2.315669536590576,,,,
,351,,,,,,,,,1.6757653951644897,1.6757653951644897
351,2463,,,,,,,1.6757653951644897,1.6757653951644897,,
351,2463,1.1683759689331055,1.1785545349121094,,1.1683759689331055,,,,,,
352,2464,,,0.895504355430603,,0.8853198885917664,0.8853198885917664,,,,
352,2465,,,0.954794704914093,,0.9446090459823608,0.9446090459823608,,,,
352,2466,,,1.0627026557922363,,1.0525158643722534,1.0525158643722534,,,,
352,2467,,,0.9016945958137512,,0.8915063142776489,0.8915063142776489,,,,
352,2468,,,1.533371925354004,,1.5231820344924927,1.5231820344924927,,,,
352,2469,,,1.8371280431747437,,1.8269368410110474,1.8269368410110474,,,,
352,2470,,,0.7928684949874878,,0.782676100730896,0.782676100730896,,,,
,352,,,,,,,,,1.65680992603302,1.65680992603302
352,2470,,,,,,,1.65680992603302,1.65680992603302,,
352,2470,1.1635408401489258,1.1737289428710938,,1.1635408401489258,,,,,,
353,2471,,,1.090614914894104,,1.0804208517074585,1.0804208517074585,,,,
353,2472,,,0.9401689767837524,,0.929973304271698,0.929973304271698,,,,
353,2473,,,1.8583475351333618,,1.8481502532958984,1.8481502532958984,,,,
353,2474,,,0.9894161224365234,,0.9792176485061646,0.9792176485061646,,,,
353,2475,,,0.8920175433158875,,0.8818178176879883,0.8818178176879883,,,,
353,2476,,,1.0172617435455322,,1.0070610046386719,1.0070610046386719,,,,
353,2477,,,1.7365244626998901,,1.7263222932815552,1.7263222932815552,,,,
,353,,,,,,,,,1.6445330381393433,1.6445330381393433
353,2477,,,,,,,1.6445330381393433,1.6445330381393433,,
353,2477,1.1567076444625854,1.1669055223464966,,1.1567076444625854,,,,,,
354,2478,,,0.5910810232162476,,0.5808771848678589,0.5808771848678589,,,,
354,2479,,,1.2862211465835571,,1.276016354560852,1.276016354560852,,,,
354,2480,,,1.3171371221542358,,1.306930661201477,1.306930661201477,,,,
354,2481,,,1.338028907775879,,1.3278210163116455,1.3278210163116455,,,,
354,2482,,,1.4833574295043945,,1.4731484651565552,1.4731484651565552,,,,
354,2483,,,0.8977524638175964,,0.8875419497489929,0.8875419497489929,,,,
354,2484,,,1.2980365753173828,,1.2878248691558838,1.2878248691558838,,,,
,354,,,,,,,,,1.6277905702590942,1.6277905702590942
354,2484,,,,,,,1.6277905702590942,1.6277905702590942,,
354,2484,1.1506304740905762,1.160838007926941,,1.1506304740905762,,,,,,
355,2485,,,1.1326868534088135,,1.122473120689392,1.122473120689392,,,,
355,2486,,,0.9808048009872437,,0.970589816570282,0.970589816570282,,,,
355,2487,,,1.4402002096176147,,1.4299838542938232,1.4299838542938232,,,,
355,2488,,,1.1334187984466553,,1.12320077419281,1.12320077419281,,,,
355,2489,,,1.1107230186462402,,1.1005035638809204,1.1005035638809204,,,,
355,2490,,,0.9221643209457397,,0.9119436144828796,0.9119436144828796,,,,
355,2491,,,1.696135401725769,,1.6859130859375,1.6859130859375,,,,
,355,,,,,,,,,1.6115453243255615,1.6115453243255615
355,2491,,,,,,,1.6115453243255615,1.6115453243255615,,
355,2491,1.1436724662780762,1.1538900136947632,,1.1436724662780762,,,,,,
356,2492,,,1.1164268255233765,,1.1062036752700806,1.1062036752700806,,,,
356,2493,,,1.3941210508346558,,1.3838963508605957,1.3838963508605957,,,,
356,2494,,,0.6849845051765442,,0.6747586131095886,0.6747586131095886,,,,
356,2495,,,0.9235602617263794,,0.9133332371711731,0.9133332371711731,,,,
356,2496,,,1.3414051532745361,,1.3311767578125,1.3311767578125,,,,
356,2497,,,1.398898959159851,,1.3886692523956299,1.3886692523956299,,,,
356,2498,,,1.227744698524475,,1.2175137996673584,1.2175137996673584,,,,
,356,,,,,,,,,1.5900946855545044,1.5900946855545044
356,2498,,,,,,,1.5900946855545044,1.5900946855545044,,
356,2498,1.1379772424697876,1.1482040882110596,,1.1379772424697876,,,,,,
357,2499,,,1.1666871309280396,,1.1564544439315796,1.1564544439315796,,,,
357,2500,,,1.3003816604614258,,1.2901476621627808,1.2901476621627808,,,,
357,2501,,,1.380506992340088,,1.3702715635299683,1.3702715635299683,,,,
357,2502,,,1.23098886013031,,1.2207518815994263,1.2207518815994263,,,,
357,2503,,,1.3161498308181763,,1.3059115409851074,1.3059115409851074,,,,
357,2504,,,0.5495821833610535,,0.5393425822257996,0.5393425822257996,,,,
357,2505,,,0.9166083335876465,,0.9063675403594971,0.9063675403594971,,,,
,357,,,,,,,,,1.5808154344558716,1.5808154344558716
357,2505,,,,,,,1.5808154344558716,1.5808154344558716,,
357,2505,1.1329830884933472,1.1432194709777832,,1.1329830884933472,,,,,,
358,2506,,,1.1223646402359009,,1.1121222972869873,1.1121222972869873,,,,
358,2507,,,0.6107860207557678,,0.6005423665046692,0.6005423665046692,,,,
358,2508,,,1.9154943227767944,,1.9052492380142212,1.9052492380142212,,,,
358,2509,,,1.135477900505066,,1.1252315044403076,1.1252315044403076,,,,
358,2510,,,1.0384958982467651,,1.0282481908798218,1.0282481908798218,,,,
358,2511,,,0.9370827078819275,,0.9268336296081543,0.9268336296081543,,,,
358,2512,,,1.2957985401153564,,1.2855480909347534,1.2855480909347534,,,,
,358,,,,,,,,,1.5539354085922241,1.5539354085922241
358,2512,,,,,,,1.5539354085922241,1.5539354085922241,,
358,2512,1.1263227462768555,1.1365687847137451,,1.1263227462768555,,,,,,
359,2513,,,0.8303301930427551,,0.8200785517692566,0.8200785517692566,,,,
359,2514,,,1.0561836957931519,,1.0459307432174683,1.0459307432174683,,,,
359,2515,,,1.288021206855774,,1.2777667045593262,1.2777667045593262,,,,
359,2516,,,1.242122769355774,,1.2318670749664307,1.2318670749664307,,,,
359,2517,,,1.2262121438980103,,1.2159550189971924,1.2159550189971924,,,,
359,2518,,,1.2356599569320679,,1.2254016399383545,1.2254016399383545,,,,
359,2519,,,0.8512680530548096,,0.8410083055496216,0.8410083055496216,,,,
,359,,,,,,,,,1.5550868511199951,1.5550868511199951
359,2519,,,,,,,1.5550868511199951,1.5550868511199951,,
359,2519,1.1188043355941772,1.1290596723556519,,1.1188043355941772,,,,,,
360,2520,,,0.9957911968231201,,0.9855304956436157,0.9855304956436157,,,,
360,2521,,,1.3648616075515747,,1.3545994758605957,1.3545994758605957,,,,
360,2522,,,1.082384467124939,,1.0721211433410645,1.0721211433410645,,,,
360,2523,,,1.12189519405365,,1.1116305589675903,1.1116305589675903,,,,
360,2524,,,1.0550436973571777,,1.044777750968933,1.044777750968933,,,,
360,2525,,,0.9253544807434082,,0.915087103843689,0.915087103843689,,,,
360,2526,,,1.5972177982330322,,1.5869494676589966,1.5869494676589966,,,,
,360,,,,,,,,,1.5497583150863647,1.5497583150863647
360,2526,,,,,,,1.5497583150863647,1.5497583150863647,,
360,2526,1.1104083061218262,1.120672583580017,,1.1104083061218262,,,,,,
361,2527,,,1.8930556774139404,,1.8827855587005615,1.8827855587005615,,,,
361,2528,,,0.9723594188690186,,0.9620881080627441,0.9620881080627441,,,,
361,2529,,,1.0996124744415283,,1.0893397331237793,1.0893397331237793,,,,
361,2530,,,0.724469780921936,,0.7141959071159363,0.7141959071159363,,,,
361,2531,,,1.2230985164642334,,1.212823510169983,1.212823510169983,,,,
361,2532,,,0.7794822454452515,,0.7692058086395264,0.7692058086395264,,,,
361,2533,,,1.1033129692077637,,1.0930349826812744,1.0930349826812744,,,,
,361,,,,,,,,,1.554772973060608,1.554772973060608
361,2533,,,,,,,1.554772973060608,1.554772973060608,,
361,2533,1.1043649911880493,1.1146385669708252,,1.1043649911880493,,,,,,
362,2534,,,0.6710339784622192,,0.6607545614242554,0.6607545614242554,,,,
362,2535,,,0.7428325414657593,,0.7325519323348999,0.7325519323348999,,,,
362,2536,,,1.4723342657089233,,1.4620527029037476,1.4620527029037476,,,,
362,2537,,,0.8005475997924805,,0.7902647852897644,0.7902647852897644,,,,
362,2538,,,1.5595685243606567,,1.5492841005325317,1.5492841005325317,,,,
362,2539,,,1.382245421409607,,1.3719600439071655,1.3719600439071655,,,,
362,2540,,,1.1955645084381104,,1.1852773427963257,1.1852773427963257,,,,
,362,,,,,,,,,1.5641028881072998,1.5641028881072998
362,2540,,,,,,,1.5641028881072998,1.5641028881072998,,
362,2540,1.0998191833496094,1.1101018190383911,,1.0998191833496094,,,,,,
363,2541,,,0.7406731247901917,,0.7303842902183533,0.7303842902183533,,,,
363,2542,,,0.8607696294784546,,0.8504794239997864,0.8504794239997864,,,,
363,2543,,,1.7948142290115356,,1.7845227718353271,1.7845227718353271,,,,
363,2544,,,1.0345096588134766,,1.0242167711257935,1.0242167711257935,,,,
363,2545,,,1.0434292554855347,,1.033134937286377,1.033134937286377,,,,
363,2546,,,1.282850742340088,,1.2725549936294556,1.2725549936294556,,,,
363,2547,,,0.7532793879508972,,0.7429823279380798,0.7429823279380798,,,,
,363,,,,,,,,,1.5647087097167969,1.5647087097167969
363,2547,,,,,,,1.5647087097167969,1.5647087097167969,,
363,2547,1.0939468145370483,1.1042394638061523,,1.0939468145370483,,,,,,
364,2548,,,1.1985623836517334,,1.188264012336731,1.188264012336731,,,,
364,2549,,,0.8858444690704346,,0.8755449056625366,0.8755449056625366,,,,
364,2550,,,1.475050687789917,,1.4647494554519653,1.4647494554519653,,,,
364,2551,,,1.2420040369033813,,1.2317012548446655,1.2317012548446655,,,,
364,2552,,,0.6737194061279297,,0.6634153723716736,0.6634153723716736,,,,
364,2553,,,0.8858729004859924,,0.8755676746368408,0.8755676746368408,,,,
364,2554,,,1.7376058101654053,,1.7272992134094238,1.7272992134094238,,,,
,364,,,,,,,,,1.545406699180603,1.545406699180603
364,2554,,,,,,,1.545406699180603,1.545406699180603,,
364,2554,1.0897223949432373,1.1000244617462158,,1.0897223949432373,,,,,,
365,2555,,,1.098035454750061,,1.0877277851104736,1.0877277851104736,,,,
365,2556,,,1.1047096252441406,,1.0944005250930786,1.0944005250930786,,,,
365,2557,,,0.8809908628463745,,0.8706805109977722,0.8706805109977722,,,,
365,2558,,,0.9267801642417908,,0.9164686799049377,0.9164686799049377,,,,
365,2559,,,0.9616222381591797,,0.9513092041015625,0.9513092041015625,,,,
365,2560,,,1.6033235788345337,,1.593009114265442,1.593009114265442,,,,
365,2561,,,1.0862011909484863,,1.075885534286499,1.075885534286499,,,,
,365,,,,,,,,,1.5276466608047485,1.5276466608047485
365,2561,,,,,,,1.5276466608047485,1.5276466608047485,,
365,2561,1.0850279331207275,1.0953391790390015,,1.0850279331207275,,,,,,
366,2562,,,1.0644876956939697,,1.054170846939087,1.054170846939087,,,,
366,2563,,,1.9794402122497559,,1.9691221714019775,1.9691221714019775,,,,
366,2564,,,0.9191999435424805,,0.9088805913925171,0.9088805913925171,,,,
366,2565,,,0.9151456356048584,,0.9048247933387756,0.9048247933387756,,,,
366,2566,,,0.8198138475418091,,0.8094918727874756,0.8094918727874756,,,,
366,2567,,,0.9449813365936279,,0.9346579313278198,0.9346579313278198,,,,
366,2568,,,0.8123483061790466,,0.8020234704017639,0.8020234704017639,,,,
,366,,,,,,,,,1.5363942384719849,1.5363942384719849
366,2568,,,,,,,1.5363942384719849,1.5363942384719849,,
366,2568,1.0795148611068726,1.0898351669311523,,1.0795148611068726,,,,,,
367,2569,,,0.9110370874404907,,0.9007114768028259,0.9007114768028259,,,,
367,2570,,,0.7882292866706848,,0.7779022455215454,0.7779022455215454,,,,
367,2571,,,1.5101090669631958,,1.4997807741165161,1.4997807741165161,,,,
367,2572,,,1.3308148384094238,,1.3204854726791382,1.3204854726791382,,,,
367,2573,,,1.0029447078704834,,0.9926141500473022,0.9926141500473022,,,,
367,2574,,,1.247657299041748,,1.2373251914978027,1.2373251914978027,,,,
367,2575,,,0.330594927072525,,0.3202615976333618,0.3202615976333618,,,,
,367,,,,,,,,,1.5258049964904785,1.5258049964904785
367,2575,,,,,,,1.525805115699768,1.525805115699768,,
367,2575,1.0743399858474731,1.0846689939498901,,1.0743399858474731,,,,,,
368,2576,,,0.9020668268203735,,0.8917323350906372,0.8917323350906372,,,,
368,2577,,,1.4039957523345947,,1.393660068511963,1.393660068511963,,,,
368,2578,,,0.9959036707878113,,0.9855666756629944,0.9855666756629944,,,,
368,2579,,,0.8917151093482971,,0.8813768029212952,0.8813768029212952,,,,
368,2580,,,0.7617289423942566,,0.7513894438743591,0.7513894438743591,,,,
368,2581,,,1.2375329732894897,,1.2271921634674072,1.2271921634674072,,,,
368,2582,,,1.8486478328704834,,1.8383055925369263,1.8383055925369263,,,,
,368,,,,,,,,,1.5385487079620361,1.5385487079620361
368,2582,,,,,,,1.5385487079620361,1.5385487079620361,,
368,2582,1.0698481798171997,1.080186128616333,,1.0698481798171997,,,,,,
369,2583,,,1.5852035284042358,,1.5748602151870728,1.5748602151870728,,,,
369,2584,,,0.7915524840354919,,0.7812075614929199,0.7812075614929199,,,,
369,2585,,,1.8310208320617676,,1.8206747770309448,1.8206747770309448,,,,
369,2586,,,1.2475870847702026,,1.2372395992279053,1.2372395992279053,,,,
369,2587,,,0.3918652832508087,,0.3815164268016815,0.3815164268016815,,,,
369,2588,,,0.741532564163208,,0.7311827540397644,0.7311827540397644,,,,
369,2589,,,0.7134069204330444,,0.7030557990074158,0.7030557990074158,,,,
,369,,,,,,,,,1.526604413986206,1.526604413986206
369,2589,,,,,,,1.526604413986206,1.526604413986206,,
369,2589,1.0651494264602661,1.0754964351654053,,1.0651494264602661,,,,,,
370,2590,,,1.5728367567062378,,1.5624841451644897,1.5624841451644897,,,,
370,2591,,,0.8011279106140137,,0.790773868560791,0.790773868560791,,,,
370,2592,,,0.7722899913787842,,0.7619343996047974,0.7619343996047974,,,,
370,2593,,,0.9170028567314148,,0.9066462516784668,0.9066462516784668,,,,
370,2594,,,1.2254891395568848,,1.2151310443878174,1.2151310443878174,,,,
370,2595,,,1.0582934617996216,,1.0479340553283691,1.0479340553283691,,,,
370,2596,,,1.2643967866897583,,1.2540361881256104,1.2540361881256104,,,,
,370,,,,,,,,,1.4978152513504028,1.4978152513504028
370,2596,,,,,,,1.4978152513504028,1.4978152513504028,,
370,2596,1.0596340894699097,1.0699903964996338,,1.0596340894699097,,,,,,
371,2597,,,0.9761483073234558,,0.9657862186431885,0.9657862186431885,,,,
371,2598,,,0.7773187160491943,,0.7669551968574524,0.7669551968574524,,,,
371,2599,,,0.8875486850738525,,0.8771837949752808,0.8771837949752808,,,,
371,2600,,,0.9577134847640991,,0.9473473429679871,0.9473473429679871,,,,
371,2601,,,1.23921799659729,,1.2288506031036377,1.2288506031036377,,,,
371,2602,,,1.466601014137268,,1.4562321901321411,1.4562321901321411,,,,
371,2603,,,1.2790019512176514,,1.268631935119629,1.268631935119629,,,,
,371,,,,,,,,,1.4740737676620483,1.4740737676620483
371,2603,,,,,,,1.4740737676620483,1.4740737676620483,,
371,2603,1.0538184642791748,1.0641840696334839,,1.0538184642791748,,,,,,
372,2604,,,0.7260550856590271,,0.7156835198402405,0.7156835198402405,,,,
372,2605,,,1.2410763502120972,,1.2307034730911255,1.2307034730911255,,,,
372,2606,,,1.2247925996780396,,1.2144182920455933,1.2144182920455933,,,,
372,2607,,,0.8456577658653259,,0.835282564163208,0.835282564163208,,,,
372,2608,,,1.4823976755142212,,1.4720209836959839,1.4720209836959839,,,,
372,2609,,,1.0354974269866943,,1.025119423866272,1.025119423866272,,,,
372,2610,,,0.5274858474731445,,0.517106294631958,0.517106294631958,,,,
,372,,,,,,,,,1.4393686056137085,1.4393686056137085
372,2610,,,,,,,1.4393686056137085,1.4393686056137085,,
372,2610,1.0489635467529297,1.0593386888504028,,1.0489635467529297,,,,,,
373,2611,,,1.0346678495407104,,1.0242869853973389,1.0242869853973389,,,,
373,2612,,,1.2970187664031982,,1.2866363525390625,1.2866363525390625,,,,
373,2613,,,0.9668622612953186,,0.9564785361289978,0.9564785361289978,,,,
373,2614,,,1.0431737899780273,,1.032788872718811,1.032788872718811,,,,
373,2615,,,1.010030746459961,,0.9996445178985596,0.9996445178985596,,,,
373,2616,,,0.7738695740699768,,0.7634822726249695,0.7634822726249695,,,,
373,2617,,,1.612802267074585,,1.6024137735366821,1.6024137735366821,,,,
,373,,,,,,,,,1.3998929262161255,1.3998929262161255
373,2617,,,,,,,1.3998929262161255,1.3998929262161255,,
373,2617,1.0453683137893677,1.0557527542114258,,1.0453683137893677,,,,,,
374,2618,,,1.4885393381118774,,1.4781489372253418,1.4781489372253418,,,,
374,2619,,,0.6799919009208679,,0.669600248336792,0.669600248336792,,,,
374,2620,,,1.3243929147720337,,1.3140000104904175,1.3140000104904175,,,,
374,2621,,,1.1746116876602173,,1.1642173528671265,1.1642173528671265,,,,
374,2622,,,0.7950667142868042,,0.7846711277961731,0.7846711277961731,,,,
374,2623,,,0.7683426141738892,,0.757945716381073,0.757945716381073,,,,
374,2624,,,1.2466367483139038,,1.2362384796142578,1.2362384796142578,,,,
,374,,,,,,,,,1.3794517517089844,1.3794517517089844
374,2624,,,,,,,1.3794517517089844,1.3794517517089844,,
374,2624,1.040340781211853,1.0507347583770752,,1.040340781211853,,,,,,
375,2625,,,0.6154914498329163,,0.6050914525985718,0.6050914525985718,,,,
375,2626,,,1.2821587324142456,,1.2717574834823608,1.2717574834823608,,,,
375,2627,,,1.4438570737838745,,1.4334547519683838,1.4334547519683838,,,,
375,2628,,,0.7923221588134766,,0.7819183468818665,0.7819183468818665,,,,
375,2629,,,1.1078985929489136,,1.0974934101104736,1.0974934101104736,,,,
375,2630,,,1.1097731590270996,,1.099366545677185,1.099366545677185,,,,
375,2631,,,0.8355459570884705,,0.8251379132270813,0.8251379132270813,,,,
,375,,,,,,,,,1.38691246509552,1.38691246509552
375,2631,,,,,,,1.38691246509552,1.38691246509552,,
375,2631,1.035060167312622,1.0454636812210083,,1.035060167312622,,,,,,
376,2632,,,0.5593838095664978,,0.5489744544029236,0.5489744544029236,,,,
376,2633,,,1.0304410457611084,,1.0200306177139282,1.0200306177139282,,,,
376,2634,,,1.127191424369812,,1.1167796850204468,1.1167796850204468,,,,
376,2635,,,1.20313560962677,,1.1927226781845093,1.1927226781845093,,,,
376,2636,,,0.953712522983551,,0.9432981610298157,0.9432981610298157,,,,
376,2637,,,1.0152535438537598,,1.0048377513885498,1.0048377513885498,,,,
376,2638,,,1.9975178241729736,,1.9871004819869995,1.9871004819869995,,,,
,376,,,,,,,,,1.3929893970489502,1.3929893970489502
376,2638,,,,,,,1.3929893970489502,1.3929893970489502,,
376,2638,1.0308716297149658,1.041284203529358,,1.0308716297149658,,,,,,
377,2639,,,0.8320521116256714,,0.8216338157653809,0.8216338157653809,,,,
377,2640,,,1.1640568971633911,,1.153637170791626,1.153637170791626,,,,
377,2641,,,0.893175482749939,,0.8827548027038574,0.8827548027038574,,,,
377,2642,,,1.249078392982483,,1.2386562824249268,1.2386562824249268,,,,
377,2643,,,0.9203102588653564,,0.9098867177963257,0.9098867177963257,,,,
377,2644,,,0.6621872186660767,,0.6517624855041504,0.6517624855041504,,,,
377,2645,,,2.3616721630096436,,2.3512463569641113,2.3512463569641113,,,,
,377,,,,,,,,,1.3990222215652466,1.3990222215652466
377,2645,,,,,,,1.3990222215652466,1.3990222215652466,,
377,2645,1.0258899927139282,1.0363117456436157,,1.0258899927139282,,,,,,
378,2646,,,1.0901960134506226,,1.079768419265747,1.079768419265747,,,,
378,2647,,,1.3020826578140259,,1.2916537523269653,1.2916537523269653,,,,
378,2648,,,1.3495351076126099,,1.3391050100326538,1.3391050100326538,,,,
378,2649,,,0.7850198745727539,,0.7745882272720337,0.7745882272720337,,,,
378,2650,,,0.8543283939361572,,0.8438956141471863,0.8438956141471863,,,,
378,2651,,,1.1404718160629272,,1.1300376653671265,1.1300376653671265,,,,
378,2652,,,0.15405409038066864,,0.1436184048652649,0.1436184048652649,,,,
,378,,,,,,,,,1.4023452997207642,1.4023452997207642
378,2652,,,,,,,1.4023452997207642,1.4023452997207642,,
378,2652,1.021632194519043,1.032063364982605,,1.021632194519043,,,,,,
379,2653,,,1.0777615308761597,,1.0673249959945679,1.0673249959945679,,,,
379,2654,,,0.7936127781867981,,0.7831748723983765,0.7831748723983765,,,,
379,2655,,,1.3147127628326416,,1.3042739629745483,1.3042739629745483,,,,
379,2656,,,0.8614695072174072,,0.8510295152664185,0.8510295152664185,,,,
379,2657,,,1.0969407558441162,,1.0864993333816528,1.0864993333816528,,,,
379,2658,,,1.1201021671295166,,1.1096594333648682,1.1096594333648682,,,,
379,2659,,,0.7621444463729858,,0.7517004609107971,0.7517004609107971,,,,
,379,,,,,,,,,1.3864601850509644,1.3864601850509644
379,2659,,,,,,,1.3864601850509644,1.3864601850509644,,
379,2659,1.0170743465423584,1.0275143384933472,,1.0170743465423584,,,,,,
380,2660,,,1.2106866836547852,,1.2002410888671875,1.2002410888671875,,,,
380,2661,,,0.7326481342315674,,0.7222013473510742,0.7222013473510742,,,,
380,2662,,,0.9238346219062805,,0.9133864045143127,0.9133864045143127,,,,
380,2663,,,1.4591926336288452,,1.4487431049346924,1.4487431049346924,,,,
380,2664,,,0.8892415165901184,,0.8787907361984253,0.8787907361984253,,,,
380,2665,,,1.207363247871399,,1.1969112157821655,1.1969112157821655,,,,
380,2666,,,0.2795232832431793,,0.2690698206424713,0.2690698206424713,,,,
,380,,,,,,,,,1.3664945363998413,1.3664945363998413
380,2666,,,,,,,1.3664945363998413,1.3664945363998413,,
380,2666,1.0135176181793213,1.0239667892456055,,1.0135176181793213,,,,,,
381,2667,,,1.0269787311553955,,1.016524076461792,1.016524076461792,,,,
381,2668,,,1.3296641111373901,,1.3192083835601807,1.3192083835601807,,,,
381,2669,,,0.8835687637329102,,0.8731116056442261,0.8731116056442261,,,,
381,2670,,,1.3092880249023438,,1.2988296747207642,1.2988296747207642,,,,
381,2671,,,1.0200968980789185,,1.0096373558044434,1.0096373558044434,,,,
381,2672,,,0.7422199249267578,,0.7317590117454529,0.7317590117454529,,,,
381,2673,,,0.49333351850509644,,0.48287123441696167,0.48287123441696167,,,,
,381,,,,,,,,,1.3562031984329224,1.3562031984329224
381,2673,,,,,,,1.3562031984329224,1.3562031984329224,,
381,2673,1.0086504220962524,1.0191084146499634,,1.0086504220962524,,,,,,
382,2674,,,0.9967635273933411,,0.9863001108169556,0.9863001108169556,,,,
382,2675,,,1.216720461845398,,1.206255555152893,1.206255555152893,,,,
382,2676,,,1.0243273973464966,,1.0138616561889648,1.0138616561889648,,,,
382,2677,,,1.0459109544754028,,1.0354440212249756,1.0354440212249756,,,,
382,2678,,,0.9948412179946899,,0.984373152256012,0.984373152256012,,,,
382,2679,,,0.994446873664856,,0.9839775562286377,0.9839775562286377,,,,
382,2680,,,0.5420178771018982,,0.531546950340271,0.531546950340271,,,,
,382,,,,,,,,,1.3401360511779785,1.3401360511779785
382,2680,,,,,,,1.340136170387268,1.340136170387268,,
382,2680,1.0054184198379517,1.0158849954605103,,1.0054184198379517,,,,,,
383,2681,,,0.6024169921875,,0.5919447541236877,0.5919447541236877,,,,
383,2682,,,1.17976975440979,,1.1692965030670166,1.1692965030670166,,,,
383,2683,,,1.3499529361724854,,1.3394783735275269,1.3394783735275269,,,,
383,2684,,,1.0178955793380737,,1.0074200630187988,1.0074200630187988,,,,
383,2685,,,1.2133557796478271,,1.202878713607788,1.202878713607788,,,,
383,2686,,,0.6725158095359802,,0.6620372533798218,0.6620372533798218,,,,
383,2687,,,1.0967965126037598,,1.0863168239593506,1.0863168239593506,,,,
,383,,,,,,,,,1.326046347618103,1.326046347618103
383,2687,,,,,,,1.326046347618103,1.326046347618103,,
383,2687,1.000850796699524,1.0113263130187988,,1.000850796699524,,,,,,
384,2688,,,0.937340259552002,,0.9268590807914734,0.9268590807914734,,,,
384,2689,,,1.341191291809082,,1.3307089805603027,1.3307089805603027,,,,
384,2690,,,1.1700769662857056,,1.1595933437347412,1.1595933437347412,,,,
384,2691,,,0.7532021403312683,,0.742717444896698,0.742717444896698,,,,
384,2692,,,1.1675143241882324,,1.157028317451477,1.157028317451477,,,,
384,2693,,,0.7659646272659302,,0.7554771900177002,0.7554771900177002,,,,
384,2694,,,0.762688934803009,,0.752200186252594,0.752200186252594,,,,
,384,,,,,,,,,1.3232706785202026,1.3232706785202026
384,2694,,,,,,,1.3232706785202026,1.3232706785202026,,
384,2694,0.9967778325080872,1.0072623491287231,,0.9967778325080872,,,,,,
385,2695,,,0.9848841428756714,,0.9743940830230713,0.9743940830230713,,,,
385,2696,,,0.6780763864517212,,0.667585015296936,0.667585015296936,,,,
385,2697,,,0.8726386427879333,,0.8621460199356079,0.8621460199356079,,,,
385,2698,,,1.4545412063598633,,1.4440473318099976,1.4440473318099976,,,,
385,2699,,,1.3217668533325195,,1.3112715482711792,1.3112715482711792,,,,
385,2700,,,0.685440719127655,,0.674944281578064,0.674944281578064,,,,
385,2701,,,1.061379075050354,,1.0508813858032227,1.0508813858032227,,,,
,385,,,,,,,,,1.3150080442428589,1.3150080442428589
385,2701,,,,,,,1.3150080442428589,1.3150080442428589,,
385,2701,0.9927010536193848,1.0031944513320923,,0.9927010536193848,,,,,,
386,2702,,,0.8304712176322937,,0.8199720978736877,0.8199720978736877,,,,
386,2703,,,0.7813740372657776,,0.7708737850189209,0.7708737850189209,,,,
386,2704,,,0.7504985332489014,,0.739997148513794,0.739997148513794,,,,
386,2705,,,1.1434576511383057,,1.1329550743103027,1.1329550743103027,,,,
386,2706,,,1.165958285331726,,1.155454158782959,1.155454158782959,,,,
386,2707,,,1.326903223991394,,1.316397786140442,1.316397786140442,,,,
386,2708,,,0.9919242262840271,,0.9814175367355347,0.9814175367355347,,,,
,386,,,,,,,,,1.3079993724822998,1.3079993724822998
386,2708,,,,,,,1.3079993724822998,1.3079993724822998,,
386,2708,0.9888127446174622,0.9993152022361755,,0.9888127446174622,,,,,,
387,2709,,,0.7680472135543823,,0.7575392723083496,0.7575392723083496,,,,
387,2710,,,1.5346392393112183,,1.5241299867630005,1.5241299867630005,,,,
387,2711,,,0.801538348197937,,0.7910280227661133,0.7910280227661133,,,,
387,2712,,,1.2115998268127441,,1.2010884284973145,1.2010884284973145,,,,
387,2713,,,0.9972329139709473,,0.9867202043533325,0.9867202043533325,,,,
387,2714,,,0.6568430066108704,,0.6463290452957153,0.6463290452957153,,,,
387,2715,,,1.0083523988723755,,0.9978370070457458,0.9978370070457458,,,,
,387,,,,,,,,,1.2973294258117676,1.2973294258117676
387,2715,,,,,,,1.2973295450210571,1.2973295450210571,,
387,2715,0.9852585792541504,0.9957698583602905,,0.9852585792541504,,,,,,
388,2716,,,1.1856634616851807,,1.1751465797424316,1.1751465797424316,,,,
388,2717,,,0.5060557723045349,,0.4955376386642456,0.4955376386642456,,,,
388,2718,,,1.1323479413986206,,1.1218286752700806,1.1218286752700806,,,,
388,2719,,,0.7246406674385071,,0.7141202092170715,0.7141202092170715,,,,
388,2720,,,1.0641192197799683,,1.0535974502563477,1.0535974502563477,,,,
388,2721,,,0.9718651175498962,,0.9613419771194458,0.9613419771194458,,,,
388,2722,,,1.9655416011810303,,1.955017328262329,1.955017328262329,,,,
,388,,,,,,,,,1.284656047821045,1.284656047821045
388,2722,,,,,,,1.2846559286117554,1.2846559286117554,,
388,2722,0.9811299443244934,0.9916502237319946,,0.9811299443244934,,,,,,
389,2723,,,1.0606586933135986,,1.0501327514648438,1.0501327514648438,,,,
389,2724,,,1.070215106010437,,1.059687852859497,1.059687852859497,,,,
389,2725,,,0.7672610878944397,,0.7567325830459595,0.7567325830459595,,,,
389,2726,,,1.241006851196289,,1.2304770946502686,1.2304770946502686,,,,
389,2727,,,0.7924376726150513,,0.78190678358078,0.78190678358078,,,,
389,2728,,,0.673531174659729,,0.6629989147186279,0.6629989147186279,,,,
389,2729,,,1.8392528295516968,,1.8287192583084106,1.8287192583084106,,,,
,389,,,,,,,,,1.2826011180877686,1.2826011180877686
389,2729,,,,,,,1.2826011180877686,1.2826011180877686,,
389,2729,0.9768949747085571,0.9874243140220642,,0.9768949747085571,,,,,,
390,2730,,,0.7247175574302673,,0.7141824960708618,0.7141824960708618,,,,
390,2731,,,0.9561520218849182,,0.9456154704093933,0.9456154704093933,,,,
390,2732,,,1.1423040628433228,,1.1317663192749023,1.1317663192749023,,,,
390,2733,,,1.0239028930664062,,1.0133639574050903,1.0133639574050903,,,,
390,2734,,,0.764080286026001,,0.7535401582717896,0.7535401582717896,,,,
390,2735,,,1.2780777215957642,,1.2675364017486572,1.2675364017486572,,,,
390,2736,,,1.0048673152923584,,0.9943247437477112,0.9943247437477112,,,,
,390,,,,,,,,,1.2716959714889526,1.2716959714889526
390,2736,,,,,,,1.2716959714889526,1.2716959714889526,,
390,2736,0.972372829914093,0.9829112887382507,,0.972372829914093,,,,,,
391,2737,,,0.4878331422805786,,0.47728902101516724,0.47728902101516724,,,,
391,2738,,,1.185204029083252,,1.1746586561203003,1.1746586561203003,,,,
391,2739,,,1.2485873699188232,,1.2380409240722656,1.2380409240722656,,,,
391,2740,,,1.317305564880371,,1.3067576885223389,1.3067576885223389,,,,
391,2741,,,0.6157637238502502,,0.6052144169807434,0.6052144169807434,,,,
391,2742,,,0.8742550015449524,,0.8637045621871948,0.8637045621871948,,,,
391,2743,,,1.364974021911621,,1.3544225692749023,1.3544225692749023,,,,
,391,,,,,,,,,1.2569702863693237,1.2569702863693237
391,2743,,,,,,,1.2569702863693237,1.2569702863693237,,
391,2743,0.9684037566184998,0.9789512753486633,,0.9684037566184998,,,,,,
392,2744,,,0.9939969778060913,,0.9834436774253845,0.9834436774253845,,,,
392,2745,,,0.9590766429901123,,0.9485220313072205,0.9485220313072205,,,,
392,2746,,,0.5364818572998047,,0.5259260535240173,0.5259260535240173,,,,
392,2747,,,0.9593694806098938,,0.9488125443458557,0.9488125443458557,,,,
392,2748,,,1.6183186769485474,,1.6077605485916138,1.6077605485916138,,,,
392,2749,,,0.8293147683143616,,0.8187553286552429,0.8187553286552429,,,,
392,2750,,,0.8498969078063965,,0.8393361568450928,0.8393361568450928,,,,
,392,,,,,,,,,1.254970669746399,1.254970669746399
392,2750,,,,,,,1.254970669746399,1.254970669746399,,
392,2750,0.9643876552581787,0.9749442338943481,,0.9643876552581787,,,,,,
393,2751,,,1.0226987600326538,,1.012136459350586,1.012136459350586,,,,
393,2752,,,0.7535409927368164,,0.7429773211479187,0.7429773211479187,,,,
393,2753,,,1.0338695049285889,,1.0233047008514404,1.0233047008514404,,,,
393,2754,,,1.4695050716400146,,1.4589390754699707,1.4589390754699707,,,,
393,2755,,,0.7229281663894653,,0.7123608589172363,0.7123608589172363,,,,
393,2756,,,0.9534684419631958,,0.9428999423980713,0.9428999423980713,,,,
393,2757,,,0.6280214786529541,,0.6174516081809998,0.6174516081809998,,,,
,393,,,,,,,,,1.2554388046264648,1.2554388046264648
393,2757,,,,,,,1.2554388046264648,1.2554388046264648,,
393,2757,0.9606529474258423,0.9712186455726624,,0.9606529474258423,,,,,,
394,2758,,,0.8783631920814514,,0.8677920699119568,0.8677920699119568,,,,
394,2759,,,0.978265643119812,,0.9676932096481323,0.9676932096481323,,,,
394,2760,,,0.6027876138687134,,0.5922138094902039,0.5922138094902039,,,,
394,2761,,,1.5599054098129272,,1.549330472946167,1.549330472946167,,,,
394,2762,,,1.2902506589889526,,1.2796746492385864,1.2796746492385864,,,,
394,2763,,,0.6213927865028381,,0.6108154654502869,0.6108154654502869,,,,
394,2764,,,0.6260363459587097,,0.6154577732086182,0.6154577732086182,,,,
,394,,,,,,,,,1.2461507320404053,1.2461507320404053
394,2764,,,,,,,1.2461507320404053,1.2461507320404053,,
394,2764,0.956598699092865,0.967173159122467,,0.956598699092865,,,,,,
395,2765,,,0.7925747036933899,,0.7819949388504028,0.7819949388504028,,,,
395,2766,,,1.0043030977249146,,0.993722140789032,0.993722140789032,,,,
395,2767,,,0.9799230098724365,,0.9693408012390137,0.9693408012390137,,,,
395,2768,,,1.0608274936676025,,1.050243854522705,1.050243854522705,,,,
395,2769,,,0.7897684574127197,,0.7791835069656372,0.7791835069656372,,,,
395,2770,,,0.9137963056564331,,0.9032101631164551,0.9032101631164551,,,,
395,2771,,,1.601181149482727,,1.5905941724777222,1.5905941724777222,,,,
,395,,,,,,,,,1.2421232461929321,1.2421232461929321
395,2771,,,,,,,1.2421232461929321,1.2421232461929321,,
395,2771,0.9528107047080994,0.9633938670158386,,0.9528107047080994,,,,,,
396,2772,,,1.0023720264434814,,0.9917833805084229,0.9917833805084229,,,,
396,2773,,,1.5470157861709595,,1.5364257097244263,1.5364257097244263,,,,
396,2774,,,0.6881676316261292,,0.6775764226913452,0.6775764226913452,,,,
396,2775,,,1.1265188455581665,,1.1159266233444214,1.1159266233444214,,,,
396,2776,,,0.7122604250907898,,0.7016670107841492,0.7016670107841492,,,,
396,2777,,,0.7067174315452576,,0.6961227059364319,0.6961227059364319,,,,
396,2778,,,0.8889225125312805,,0.878326416015625,0.878326416015625,,,,
,396,,,,,,,,,1.2499210834503174,1.2499210834503174
396,2778,,,,,,,1.2499210834503174,1.2499210834503174,,
396,2778,0.9488430619239807,0.959434986114502,,0.9488430619239807,,,,,,
397,2779,,,1.3983863592147827,,1.387789249420166,1.387789249420166,,,,
397,2780,,,1.1011019945144653,,1.090503454208374,1.090503454208374,,,,
397,2781,,,0.9410991072654724,,0.9304993152618408,0.9304993152618408,,,,
397,2782,,,1.0326099395751953,,1.022009015083313,1.022009015083313,,,,
397,2783,,,0.6080765128135681,,0.5974742770195007,0.5974742770195007,,,,
397,2784,,,0.767000675201416,,0.7563974857330322,0.7563974857330322,,,,
397,2785,,,0.6435902714729309,,0.6329858899116516,0.6329858899116516,,,,
,397,,,,,,,,,1.2526100873947144,1.2526100873947144
397,2785,,,,,,,1.2526100873947144,1.2526100873947144,,
397,2785,0.9446340799331665,0.955234706401825,,0.9446340799331665,,,,,,
398,2786,,,1.042630910873413,,1.0320253372192383,1.0320253372192383,,,,
398,2787,,,1.332719326019287,,1.3221126794815063,1.3221126794815063,,,,
398,2788,,,0.8250941038131714,,0.8144866228103638,0.8144866228103638,,,,
398,2789,,,0.7529165744781494,,0.7423076033592224,0.7423076033592224,,,,
398,2790,,,0.7261452078819275,,0.715535044670105,0.715535044670105,,,,
398,2791,,,1.001192569732666,,0.990581214427948,0.990581214427948,,,,
398,2792,,,1.034875750541687,,1.0242633819580078,1.0242633819580078,,,,
,398,,,,,,,,,1.2335336208343506,1.2335336208343506
398,2792,,,,,,,1.2335336208343506,1.2335336208343506,,
398,2792,0.9413564205169678,0.9519649744033813,,0.9413564205169678,,,,,,
399,2793,,,0.6534497141838074,,0.6428354978561401,0.6428354978561401,,,,
399,2794,,,0.7237842082977295,,0.7131689786911011,0.7131689786911011,,,,
399,2795,,,1.2269738912582397,,1.2163575887680054,1.2163575887680054,,,,
399,2796,,,1.0659716129302979,,1.0553542375564575,1.0553542375564575,,,,
399,2797,,,0.8661373257637024,,0.8555185794830322,0.8555185794830322,,,,
399,2798,,,1.3597882986068726,,1.3491681814193726,1.3491681814193726,,,,
399,2799,,,0.3702336549758911,,0.3596121668815613,0.3596121668815613,,,,
,399,,,,,,,,,1.210929274559021,1.210929274559021
399,2799,,,,,,,1.210929274559021,1.210929274559021,,
399,2799,0.9360404014587402,0.9466577172279358,,0.9360404014587402,,,,,,
400,2800,,,1.4268068075180054,,1.4161841869354248,1.4161841869354248,,,,
400,2801,,,0.9766325950622559,,0.9660084843635559,0.9660084843635559,,,,
400,2802,,,0.7890968322753906,,0.7784712910652161,0.7784712910652161,,,,
400,2803,,,0.9722586274147034,,0.9616318941116333,0.9616318941116333,,,,
400,2804,,,0.8687818050384521,,0.8581539988517761,0.8581539988517761,,,,
400,2805,,,0.5339853763580322,,0.5233561992645264,0.5233561992645264,,,,
400,2806,,,1.185978889465332,,1.1753487586975098,1.1753487586975098,,,,
,400,,,,,,,,,1.1991887092590332,1.1991887092590332
400,2806,,,,,,,1.1991888284683228,1.1991888284683228,,
400,2806,0.9324803352355957,0.9431065320968628,,0.9324803352355957,,,,,,
401,2807,,,0.8436525464057922,,0.8330214023590088,0.8330214023590088,,,,
401,2808,,,1.2615714073181152,,1.2509392499923706,1.2509392499923706,,,,
401,2809,,,0.711547315120697,,0.7009140253067017,0.7009140253067017,,,,
401,2810,,,0.4500673711299896,,0.4394327700138092,0.4394327700138092,,,,
401,2811,,,1.241979956626892,,1.2313443422317505,1.2313443422317505,,,,
401,2812,,,0.7628757953643799,,0.7522388100624084,0.7522388100624084,,,,
401,2813,,,1.9056750535964966,,1.8950369358062744,1.8950369358062744,,,,
,401,,,,,,,,,1.1886590719223022,1.1886590719223022
401,2813,,,,,,,1.1886590719223022,1.1886590719223022,,
401,2813,0.9283967614173889,0.9390309453010559,,0.9283967614173889,,,,,,
402,2814,,,1.8039034605026245,,1.7932642698287964,1.7932642698287964,,,,
402,2815,,,0.8430885672569275,,0.8324481844902039,0.8324481844902039,,,,
402,2816,,,1.0788366794586182,,1.06819486618042,1.06819486618042,,,,
402,2817,,,0.8409541845321655,,0.8303114771842957,0.8303114771842957,,,,
402,2818,,,0.6864188313484192,,0.675774872303009,0.675774872303009,,,,
402,2819,,,0.5781703591346741,,0.5675252676010132,0.5675252676010132,,,,
402,2820,,,0.3413902819156647,,0.3307441473007202,0.3307441473007202,,,,
,402,,,,,,,,,1.1707689762115479,1.1707689762115479
402,2820,,,,,,,1.1707689762115479,1.1707689762115479,,
402,2820,0.9241644144058228,0.9348068237304688,,0.9241644144058228,,,,,,
403,2821,,,0.5232246518135071,,0.5125772356987,0.5125772356987,,,,
403,2822,,,0.8192945122718811,,0.808646023273468,0.808646023273468,,,,
403,2823,,,1.403423547744751,,1.3927737474441528,1.3927737474441528,,,,
403,2824,,,1.0120404958724976,,1.0013893842697144,1.0013893842697144,,,,
403,2825,,,0.7505657076835632,,0.7399137020111084,0.7399137020111084,,,,
403,2826,,,0.8926236629486084,,0.8819707036018372,0.8819707036018372,,,,
403,2827,,,1.4287490844726562,,1.4180948734283447,1.4180948734283447,,,,
,403,,,,,,,,,1.160789966583252,1.160789966583252
403,2827,,,,,,,1.1607900857925415,1.1607900857925415,,
403,2827,0.9206363558769226,0.9312868118286133,,0.9206363558769226,,,,,,
404,2828,,,0.8188272714614868,,0.8081717491149902,0.8081717491149902,,,,
404,2829,,,0.6316436529159546,,0.6209871768951416,0.6209871768951416,,,,
404,2830,,,0.56636643409729,,0.5557085275650024,0.5557085275650024,,,,
404,2831,,,1.3819693326950073,,1.3713104724884033,1.3713104724884033,,,,
404,2832,,,0.6928437352180481,,0.682183563709259,0.682183563709259,,,,
404,2833,,,1.1689798831939697,,1.1583186388015747,1.1583186388015747,,,,
404,2834,,,1.6868855953216553,,1.6762233972549438,1.6762233972549438,,,,
,404,,,,,,,,,1.162632703781128,1.162632703781128
404,2834,,,,,,,1.162632703781128,1.162632703781128,,
404,2834,0.9137669205665588,0.9244255423545837,,0.9137669205665588,,,,,,
405,2835,,,0.4165451228618622,,0.4058810770511627,0.4058810770511627,,,,
405,2836,,,0.8304943442344666,,0.8198291659355164,0.8198291659355164,,,,
405,2837,,,0.6439308524131775,,0.6332642436027527,0.6332642436027527,,,,
405,2838,,,1.5737608671188354,,1.563092827796936,1.563092827796936,,,,
405,2839,,,1.0496925115585327,,1.0390230417251587,1.0390230417251587,,,,
405,2840,,,1.152069091796875,,1.1413984298706055,1.1413984298706055,,,,
405,2841,,,0.48780199885368347,,0.47713035345077515,0.47713035345077515,,,,
,405,,,,,,,,,1.1734285354614258,1.1734285354614258
405,2841,,,,,,,1.1734285354614258,1.1734285354614258,,
405,2841,0.9068882465362549,0.9175558686256409,,0.9068882465362549,,,,,,
406,2842,,,0.9158586263656616,,0.905186116695404,0.905186116695404,,,,
406,2843,,,0.9139701724052429,,0.9032964110374451,0.9032964110374451,,,,
406,2844,,,0.6882155537605286,,0.6775405406951904,0.6775405406951904,,,,
406,2845,,,1.4378019571304321,,1.4271259307861328,1.4271259307861328,,,,
406,2846,,,0.8848528265953064,,0.8741754293441772,0.8741754293441772,,,,
406,2847,,,0.725700855255127,,0.7150224447250366,0.7150224447250366,,,,
406,2848,,,0.673809289932251,,0.6631297469139099,0.6631297469139099,,,,
,406,,,,,,,,,1.185714840888977,1.185714840888977
406,2848,,,,,,,1.185714840888977,1.185714840888977,,
406,2848,0.90212082862854,0.9127966165542603,,0.90212082862854,,,,,,
407,2849,,,0.5301045775413513,,0.5194238424301147,0.5194238424301147,,,,
407,2850,,,0.7212010622024536,,0.7105193138122559,0.7105193138122559,,,,
407,2851,,,1.0773718357086182,,1.0666887760162354,1.0666887760162354,,,,
407,2852,,,0.781848669052124,,0.7711642384529114,0.7711642384529114,,,,
407,2853,,,1.5132273435592651,,1.5025420188903809,1.5025420188903809,,,,
407,2854,,,0.4969879388809204,,0.486301451921463,0.486301451921463,,,,
407,2855,,,1.7862305641174316,,1.775542974472046,1.775542974472046,,,,
,407,,,,,,,,,1.1939892768859863,1.1939892768859863
407,2855,,,,,,,1.1939893960952759,1.1939893960952759,,
407,2855,0.8976420760154724,0.9083259701728821,,0.8976420760154724,,,,,,
408,2856,,,1.1562501192092896,,1.1455609798431396,1.1455609798431396,,,,
408,2857,,,0.7048013806343079,,0.6941111087799072,0.6941111087799072,,,,
408,2858,,,0.9636604189872742,,0.9529687762260437,0.9529687762260437,,,,
408,2859,,,0.957901656627655,,0.9472090601921082,0.9472090601921082,,,,
408,2860,,,1.293312668800354,,1.282618761062622,1.282618761062622,,,,
408,2861,,,0.5956108570098877,,0.5849155187606812,0.5849155187606812,,,,
408,2862,,,0.24749469757080078,,0.2367982268333435,0.2367982268333435,,,,
,408,,,,,,,,,1.1910901069641113,1.1910901069641113
408,2862,,,,,,,1.1910902261734009,1.1910902261734009,,
408,2862,0.8935189843177795,0.9042114615440369,,0.8935189843177795,,,,,,
409,2863,,,0.8581756353378296,,0.8474783301353455,0.8474783301353455,,,,
409,2864,,,0.7391948103904724,,0.728496253490448,0.728496253490448,,,,
409,2865,,,1.2124781608581543,,1.201778769493103,1.201778769493103,,,,
409,2866,,,0.8604731559753418,,0.8497725129127502,0.8497725129127502,,,,
409,2867,,,0.7589178085327148,,0.748215913772583,0.748215913772583,,,,
409,2868,,,1.214214563369751,,1.203511357307434,1.203511357307434,,,,
409,2869,,,0.2577294707298279,,0.24702519178390503,0.24702519178390503,,,,
,409,,,,,,,,,1.1735312938690186,1.1735312938690186
409,2869,,,,,,,1.1735312938690186,1.1735312938690186,,
409,2869,0.8897079229354858,0.9004082083702087,,0.8897079229354858,,,,,,
410,2870,,,0.6394615173339844,,0.6287562251091003,0.6287562251091003,,,,
410,2871,,,0.5662438273429871,,0.5555377006530762,0.5555377006530762,,,,
410,2872,,,1.4447455406188965,,1.4340381622314453,1.4340381622314453,,,,
410,2873,,,1.0410484075546265,,1.0303399562835693,1.0303399562835693,,,,
410,2874,,,1.215529441833496,,1.2048200368881226,1.2048200368881226,,,,
410,2875,,,0.5122133493423462,,0.5015026330947876,0.5015026330947876,,,,
410,2876,,,0.7896853685379028,,0.7789735198020935,0.7789735198020935,,,,
,410,,,,,,,,,1.152593731880188,1.152593731880188
410,2876,,,,,,,1.152593731880188,1.152593731880188,,
410,2876,0.8858211636543274,0.8965292572975159,,0.8858211636543274,,,,,,
411,2877,,,1.2445824146270752,,1.233868956565857,1.233868956565857,,,,
411,2878,,,0.7214402556419373,,0.7107253074645996,0.7107253074645996,,,,
411,2879,,,0.8133592009544373,,0.8026431798934937,0.8026431798934937,,,,
411,2880,,,0.7015495896339417,,0.6908321380615234,0.6908321380615234,,,,
411,2881,,,0.8045457601547241,,0.7938272953033447,0.7938272953033447,,,,
411,2882,,,1.2256290912628174,,1.214909315109253,1.214909315109253,,,,
411,2883,,,0.47609761357307434,,0.4653768241405487,0.4653768241405487,,,,
,411,,,,,,,,,1.1397650241851807,1.1397650241851807
411,2883,,,,,,,1.1397650241851807,1.1397650241851807,,
411,2883,0.8817760348320007,0.8924930095672607,,0.8817760348320007,,,,,,
412,2884,,,0.7244045734405518,,0.7136828899383545,0.7136828899383545,,,,
412,2885,,,0.7065550088882446,,0.6958321928977966,0.6958321928977966,,,,
412,2886,,,1.3975626230239868,,1.386838674545288,1.386838674545288,,,,
412,2887,,,1.3150668144226074,,1.3043415546417236,1.3043415546417236,,,,
412,2888,,,0.5527060627937317,,0.5419794917106628,0.5419794917106628,,,,
412,2889,,,0.7506937980651855,,0.7399660348892212,0.7399660348892212,,,,
412,2890,,,0.5819147825241089,,0.5711862444877625,0.5711862444877625,,,,
,412,,,,,,,,,1.123800277709961,1.123800277709961
412,2890,,,,,,,1.123800277709961,1.123800277709961,,
412,2890,0.877934992313385,0.8886598944664001,,0.877934992313385,,,,,,
413,2891,,,0.7431958317756653,,0.7324659824371338,0.7324659824371338,,,,
413,2892,,,1.2832547426223755,,1.2725238800048828,1.2725238800048828,,,,
413,2893,,,0.5044431686401367,,0.4937114715576172,0.4937114715576172,,,,
413,2894,,,0.9582260847091675,,0.9474931955337524,0.9474931955337524,,,,
413,2895,,,0.9711334705352783,,0.960399329662323,0.960399329662323,,,,
413,2896,,,0.9278918504714966,,0.9171566367149353,0.9171566367149353,,,,
413,2897,,,0.6725810170173645,,0.6618444323539734,0.6618444323539734,,,,
,413,,,,,,,,,1.111319899559021,1.111319899559021
413,2897,,,,,,,1.111319899559021,1.111319899559021,,
413,2897,0.8740301728248596,0.8847628831863403,,0.8740301728248596,,,,,,
414,2898,,,0.7272007465362549,,0.7164631485939026,0.7164631485939026,,,,
414,2899,,,0.9744769334793091,,0.963738203048706,0.963738203048706,,,,
414,2900,,,1.5025217533111572,,1.4917819499969482,1.4917819499969482,,,,
414,2901,,,0.543363094329834,,0.5326222777366638,0.5326222777366638,,,,
414,2902,,,0.5807725191116333,,0.5700305700302124,0.5700305700302124,,,,
414,2903,,,1.0782008171081543,,1.0674575567245483,1.0674575567245483,,,,
414,2904,,,0.5690406560897827,,0.558296263217926,0.558296263217926,,,,
,414,,,,,,,,,1.1015188694000244,1.1015188694000244
414,2904,,,,,,,1.1015188694000244,1.1015188694000244,,
414,2904,0.8708164691925049,0.8815569877624512,,0.8708164691925049,,,,,,
415,2905,,,0.6844899654388428,,0.6737444400787354,0.6737444400787354,,,,
415,2906,,,0.8493871092796326,,0.838640570640564,0.838640570640564,,,,
415,2907,,,1.1416734457015991,,1.1309256553649902,1.1309256553649902,,,,
415,2908,,,1.29605233669281,,1.2853032350540161,1.2853032350540161,,,,
415,2909,,,0.6885289549827576,,0.6777787804603577,0.6777787804603577,,,,
415,2910,,,0.6244378685951233,,0.6136865019798279,0.6136865019798279,,,,
415,2911,,,0.8109846115112305,,0.8002322316169739,0.8002322316169739,,,,
,415,,,,,,,,,1.0968176126480103,1.0968176126480103
415,2911,,,,,,,1.0968176126480103,1.0968176126480103,,
415,2911,0.8659083843231201,0.8766570687294006,,0.8659083843231201,,,,,,
416,2912,,,0.5777741074562073,,0.5670207142829895,0.5670207142829895,,,,
416,2913,,,0.9363546371459961,,0.9255999326705933,0.9255999326705933,,,,
416,2914,,,0.942584753036499,,0.9318291544914246,0.9318291544914246,,,,
416,2915,,,0.41343799233436584,,0.4026811122894287,0.4026811122894287,,,,
416,2916,,,1.2079150676727295,,1.1971571445465088,1.1971571445465088,,,,
416,2917,,,1.0893049240112305,,1.0785460472106934,1.0785460472106934,,,,
416,2918,,,1.026847004890442,,1.0160868167877197,1.0160868167877197,,,,
,416,,,,,,,,,1.1051324605941772,1.1051324605941772
416,2918,,,,,,,1.1051324605941772,1.1051324605941772,,
416,2918,0.8602144122123718,0.8709708452224731,,0.8602144122123718,,,,,,
417,2919,,,1.1639164686203003,,1.1531552076339722,1.1531552076339722,,,,
417,2920,,,1.6430987119674683,,1.6323362588882446,1.6323362588882446,,,,
417,2921,,,0.5317097902297974,,0.5209459066390991,0.5209459066390991,,,,
417,2922,,,0.5773084759712219,,0.566543698310852,0.566543698310852,,,,
417,2923,,,0.5454464554786682,,0.5346804857254028,0.5346804857254028,,,,
417,2924,,,0.8364798426628113,,0.8257128000259399,0.8257128000259399,,,,
417,2925,,,0.5529131293296814,,0.5421450138092041,0.5421450138092041,,,,
,417,,,,,,,,,1.0984505414962769,1.0984505414962769
417,2925,,,,,,,1.0984505414962769,1.0984505414962769,,
417,2925,0.8528122901916504,0.8635768294334412,,0.8528122901916504,,,,,,
418,2926,,,0.9822648763656616,,0.9714953303337097,0.9714953303337097,,,,
418,2927,,,1.2539186477661133,,1.2431479692459106,1.2431479692459106,,,,
418,2928,,,0.7241173982620239,,0.7133455872535706,0.7133455872535706,,,,
418,2929,,,0.9056176543235779,,0.894844651222229,0.894844651222229,,,,
418,2930,,,0.7734353542327881,,0.7626612186431885,0.7626612186431885,,,,
418,2931,,,0.6435931324958801,,0.6328178644180298,0.6328178644180298,,,,
418,2932,,,0.472552627325058,,0.46177610754966736,0.46177610754966736,,,,
,418,,,,,,,,,1.0869652032852173,1.0869652032852173
418,2932,,,,,,,1.0869652032852173,1.0869652032852173,,
418,2932,0.8457221388816833,0.8564948439598083,,0.8457221388816833,,,,,,
419,2933,,,0.900985836982727,,0.8902080655097961,0.8902080655097961,,,,
419,2934,,,0.9500465989112854,,0.9392677545547485,0.9392677545547485,,,,
419,2935,,,1.062426209449768,,1.0516462326049805,1.0516462326049805,,,,
419,2936,,,0.7297549843788147,,0.7189740538597107,0.7189740538597107,,,,
419,2937,,,0.8096172213554382,,0.798835039138794,0.798835039138794,,,,
419,2938,,,0.7545875906944275,,0.7438040375709534,0.7438040375709534,,,,
419,2939,,,0.585768461227417,,0.5749837160110474,0.5749837160110474,,,,
,419,,,,,,,,,1.0707664489746094,1.0707664489746094
419,2939,,,,,,,1.0707664489746094,1.0707664489746094,,
419,2939,0.8405262231826782,0.8513069152832031,,0.8405262231826782,,,,,,
420,2940,,,0.9683122038841248,,0.9575263857841492,0.9575263857841492,,,,
420,2941,,,0.8259556889533997,,0.8151686787605286,0.8151686787605286,,,,
420,2942,,,0.9466040134429932,,0.9358156323432922,0.9358156323432922,,,,
420,2943,,,0.48818641901016235,,0.47739681601524353,0.47739681601524353,,,,
420,2944,,,0.8344895839691162,,0.8236989378929138,0.8236989378929138,,,,
420,2945,,,0.9969189167022705,,0.9861272573471069,0.9861272573471069,,,,
420,2946,,,0.915560781955719,,0.9047678709030151,0.9047678709030151,,,,
,420,,,,,,,,,1.064287543296814,1.064287543296814
420,2946,,,,,,,1.064287543296814,1.064287543296814,,
420,2946,0.8368661403656006,0.847655177116394,,0.8368661403656006,,,,,,
421,2947,,,0.6137226819992065,,0.6029287576675415,0.6029287576675415,,,,
421,2948,,,0.7716396450996399,,0.7608447670936584,0.7608447670936584,,,,
421,2949,,,0.9623140692710876,,0.9515178203582764,0.9515178203582764,,,,
421,2950,,,0.739793598651886,,0.7289963364601135,0.7289963364601135,,,,
421,2951,,,1.693969488143921,,1.683171033859253,1.683171033859253,,,,
421,2952,,,0.48324814438819885,,0.4724484980106354,0.4724484980106354,,,,
421,2953,,,0.2933386564254761,,0.2825378477573395,0.2825378477573395,,,,
,421,,,,,,,,,1.0579676628112793,1.0579676628112793
421,2953,,,,,,,1.0579676628112793,1.0579676628112793,,
421,2953,0.8322916030883789,0.8430886268615723,,0.8322916030883789,,,,,,
422,2954,,,0.8382501602172852,,0.827448308467865,0.827448308467865,,,,
422,2955,,,0.8855859637260437,,0.8747830390930176,0.8747830390930176,,,,
422,2956,,,0.4032735824584961,,0.39246952533721924,0.39246952533721924,,,,
422,2957,,,1.3235656023025513,,1.3127604722976685,1.3127604722976685,,,,
422,2958,,,0.6679298877716064,,0.6571236848831177,0.6571236848831177,,,,
422,2959,,,0.8157246708869934,,0.8049174547195435,0.8049174547195435,,,,
422,2960,,,1.1021047830581665,,1.0912961959838867,1.0912961959838867,,,,
,422,,,,,,,,,1.0552170276641846,1.0552170276641846
422,2960,,,,,,,1.0552170276641846,1.0552170276641846,,
422,2960,0.8280373215675354,0.8388423323631287,,0.8280373215675354,,,,,,
423,2961,,,1.0935084819793701,,1.0826987028121948,1.0826987028121948,,,,
423,2962,,,0.8529362678527832,,0.8421252965927124,0.8421252965927124,,,,
423,2963,,,0.490160197019577,,0.47934797406196594,0.47934797406196594,,,,
423,2964,,,1.5598551034927368,,1.549041748046875,1.549041748046875,,,,
423,2965,,,0.48496007919311523,,0.47414571046829224,0.47414571046829224,,,,
423,2966,,,0.5585986971855164,,0.5477831363677979,0.5477831363677979,,,,
423,2967,,,0.7503054141998291,,0.7394886016845703,0.7394886016845703,,,,
,423,,,,,,,,,1.0648897886276245,1.0648897886276245
423,2967,,,,,,,1.0648897886276245,1.0648897886276245,,
423,2967,0.8239138722419739,0.8347267508506775,,0.8239138722419739,,,,,,
424,2968,,,0.9939520359039307,,0.9831342101097107,0.9831342101097107,,,,
424,2969,,,0.7481505274772644,,0.7373315691947937,0.7373315691947937,,,,
424,2970,,,1.0500518083572388,,1.039231777191162,1.039231777191162,,,,
424,2971,,,0.7982491254806519,,0.7874278426170349,0.7874278426170349,,,,
424,2972,,,0.5685411095619202,,0.5577186346054077,0.5577186346054077,,,,
424,2973,,,0.9953235387802124,,0.9845000505447388,0.9845000505447388,,,,
424,2974,,,0.3702150285243988,,0.3593902289867401,0.3593902289867401,,,,
,424,,,,,,,,,1.0588078498840332,1.0588078498840332
424,2974,,,,,,,1.0588078498840332,1.0588078498840332,,
424,2974,0.8194690942764282,0.8302900195121765,,0.8194690942764282,,,,,,
425,2975,,,1.3837206363677979,,1.3728950023651123,1.3728950023651123,,,,
425,2976,,,0.9086148738861084,,0.8977881073951721,0.8977881073951721,,,,
425,2977,,,0.5222658514976501,,0.5114379525184631,0.5114379525184631,,,,
425,2978,,,0.7333569526672363,,0.7225281000137329,0.7225281000137329,,,,
425,2979,,,0.6233400106430054,,0.6125099062919617,0.6125099062919617,,,,
425,2980,,,0.5708227157592773,,0.5599914789199829,0.5599914789199829,,,,
425,2981,,,1.386724591255188,,1.375892162322998,1.375892162322998,,,,
,425,,,,,,,,,1.06723952293396,1.06723952293396
425,2981,,,,,,,1.06723952293396,1.06723952293396,,
425,2981,0.8146054744720459,0.8254342079162598,,0.8146054744720459,,,,,,
426,2982,,,0.6929588317871094,,0.6821252107620239,0.6821252107620239,,,,
426,2983,,,1.750067949295044,,1.7392332553863525,1.7392332553863525,,,,
426,2984,,,0.4121842384338379,,0.40134817361831665,0.40134817361831665,,,,
426,2985,,,0.6499868631362915,,0.6391498446464539,0.6391498446464539,,,,
426,2986,,,0.5170118808746338,,0.5061735510826111,0.5061735510826111,,,,
426,2987,,,1.016434907913208,,1.0055955648422241,1.0055955648422241,,,,
426,2988,,,0.5195193290710449,,0.5086787939071655,0.5086787939071655,,,,
,426,,,,,,,,,1.0595834255218506,1.0595834255218506
426,2988,,,,,,,1.0595834255218506,1.0595834255218506,,
426,2988,0.8100988268852234,0.8209356665611267,,0.8100988268852234,,,,,,
427,2989,,,0.9579435586929321,,0.9471017718315125,0.9471017718315125,,,,
427,2990,,,0.7878566980361938,,0.7770134210586548,0.7770134210586548,,,,
427,2991,,,1.0704820156097412,,1.0596375465393066,1.0596375465393066,,,,
427,2992,,,1.1020761728286743,,1.0912305116653442,1.0912305116653442,,,,
427,2993,,,0.7795780301094055,,0.7687312960624695,0.7687312960624695,,,,
427,2994,,,0.3998383581638336,,0.3889903426170349,0.3889903426170349,,,,
427,2995,,,0.3037119209766388,,0.2928628623485565,0.2928628623485565,,,,
,427,,,,,,,,,1.0465985536575317,1.0465985536575317
427,2995,,,,,,,1.0465985536575317,1.0465985536575317,,
427,2995,0.806671142578125,0.8175163865089417,,0.806671142578125,,,,,,
428,2996,,,0.7186692357063293,,0.707819402217865,0.707819402217865,,,,
428,2997,,,1.087710976600647,,1.0768600702285767,1.0768600702285767,,,,
428,2998,,,0.331274151802063,,0.32042214274406433,0.32042214274406433,,,,
428,2999,,,0.6599725484848022,,0.6491196155548096,0.6491196155548096,,,,
428,3000,,,0.8353513479232788,,0.8244970440864563,0.8244970440864563,,,,
428,3001,,,1.1830748319625854,,1.1722193956375122,1.1722193956375122,,,,
428,3002,,,0.9948515892028809,,0.9839950203895569,0.9839950203895569,,,,
,428,,,,,,,,,1.0286325216293335,1.0286325216293335
428,3002,,,,,,,1.0286325216293335,1.0286325216293335,,
428,3002,0.803127110004425,0.8139800429344177,,0.803127110004425,,,,,,
429,3003,,,1.0091633796691895,,0.9983057379722595,0.9983057379722595,,,,
429,3004,,,0.7384402751922607,,0.727581262588501,0.727581262588501,,,,
429,3005,,,0.6570439338684082,,0.6461835503578186,0.6461835503578186,,,,
429,3006,,,0.6185159087181091,,0.6076543927192688,0.6076543927192688,,,,
429,3007,,,0.6258935332298279,,0.6150310635566711,0.6150310635566711,,,,
429,3008,,,1.1687043905258179,,1.1578408479690552,1.1578408479690552,,,,
429,3009,,,0.9197676777839661,,0.9089029431343079,0.9089029431343079,,,,
,429,,,,,,,,,1.0165026187896729,1.0165026187896729
429,3009,,,,,,,1.0165026187896729,1.0165026187896729,,
429,3009,0.7989702224731445,0.8098312616348267,,0.7989702224731445,,,,,,
430,3010,,,1.162319302558899,,1.1514536142349243,1.1514536142349243,,,,
430,3011,,,0.7710590362548828,,0.7601920366287231,0.7601920366287231,,,,
430,3012,,,0.9751660227775574,,0.9642977714538574,0.9642977714538574,,,,
430,3013,,,1.0498865842819214,,1.0390172004699707,1.0390172004699707,,,,
430,3014,,,0.643814742565155,,0.6329442262649536,0.6329442262649536,,,,
430,3015,,,0.2795219123363495,,0.2686501145362854,0.2686501145362854,,,,
430,3016,,,0.6936562061309814,,0.6827835440635681,0.6827835440635681,,,,
,430,,,,,,,,,1.001554012298584,1.001554012298584
430,3016,,,,,,,1.001554012298584,1.001554012298584,,
430,3016,0.795701801776886,0.8065707087516785,,0.795701801776886,,,,,,
431,3017,,,0.8157926201820374,,0.8049188852310181,0.8049188852310181,,,,
431,3018,,,1.12217116355896,,1.1112961769104004,1.1112961769104004,,,,
431,3019,,,0.9552614092826843,,0.9443849325180054,0.9443849325180054,,,,
431,3020,,,0.26028889417648315,,0.24941125512123108,0.24941125512123108,,,,
431,3021,,,1.313407063484192,,1.3025286197662354,1.3025286197662354,,,,
431,3022,,,0.4757203757762909,,0.46484076976776123,0.46484076976776123,,,,
431,3023,,,0.45588651299476624,,0.4450058341026306,0.4450058341026306,,,,
,431,,,,,,,,,0.9848738312721252,0.9848738312721252
431,3023,,,,,,,0.9848738312721252,0.9848738312721252,,
431,3023,0.7912561893463135,0.8021332025527954,,0.7912561893463135,,,,,,
432,3024,,,0.7644455432891846,,0.7535637617111206,0.7535637617111206,,,,
432,3025,,,0.5707270503044128,,0.5598443150520325,0.5598443150520325,,,,
432,3026,,,0.7507131695747375,,0.7398295402526855,0.7398295402526855,,,,
432,3027,,,0.9004031419754028,,0.8895183205604553,0.8895183205604553,,,,
432,3028,,,0.5679211616516113,,0.5570350289344788,0.5570350289344788,,,,
432,3029,,,1.3997513055801392,,1.3888639211654663,1.3888639211654663,,,,
432,3030,,,0.35984793305397034,,0.34895941615104675,0.34895941615104675,,,,
,432,,,,,,,,,0.967705249786377,0.967705249786377
432,3030,,,,,,,0.967705249786377,0.967705249786377,,
432,3030,0.7873748540878296,0.7982594966888428,,0.7873748540878296,,,,,,
433,3031,,,0.7613446116447449,,0.7504550218582153,0.7504550218582153,,,,
433,3032,,,1.235796570777893,,1.2249058485031128,1.2249058485031128,,,,
433,3033,,,0.9610205888748169,,0.950128972530365,0.950128972530365,,,,
433,3034,,,0.31998082995414734,,0.3090881407260895,0.3090881407260895,,,,
433,3035,,,0.837196409702301,,0.8263028264045715,0.8263028264045715,,,,
433,3036,,,0.5565576553344727,,0.5456628799438477,0.5456628799438477,,,,
433,3037,,,1.056091547012329,,1.045195460319519,1.045195460319519,,,,
,433,,,,,,,,,0.9406728148460388,0.9406728148460388
433,3037,,,,,,,0.9406728148460388,0.9406728148460388,,
433,3037,0.7840772271156311,0.7949696183204651,,0.7840772271156311,,,,,,
434,3038,,,0.5619792938232422,,0.5510814785957336,0.5510814785957336,,,,
434,3039,,,0.8802841305732727,,0.8693851828575134,0.8693851828575134,,,,
434,3040,,,0.7708762884140015,,0.7599759101867676,0.7599759101867676,,,,
434,3041,,,0.9884896278381348,,0.9775882363319397,0.9775882363319397,,,,
434,3042,,,0.5707770586013794,,0.559874415397644,0.559874415397644,,,,
434,3043,,,1.0722335577011108,,1.0613298416137695,1.0613298416137695,,,,
434,3044,,,0.5396563410758972,,0.5287513732910156,0.5287513732910156,,,,
,434,,,,,,,,,0.9191205501556396,0.9191205501556396
434,3044,,,,,,,0.9191204905509949,0.9191204905509949,,
434,3044,0.78078693151474,0.7916879653930664,,0.78078693151474,,,,,,
435,3045,,,0.48943957686424255,,0.47853344678878784,0.47853344678878784,,,,
435,3046,,,1.0258280038833618,,1.014920949935913,1.014920949935913,,,,
435,3047,,,0.8164398670196533,,0.8055316805839539,0.8055316805839539,,,,
435,3048,,,1.1384927034378052,,1.1275832653045654,1.1275832653045654,,,,
435,3049,,,0.7240710854530334,,0.7131607532501221,0.7131607532501221,,,,
435,3050,,,0.6796219348907471,,0.6687101721763611,0.6687101721763611,,,,
435,3051,,,0.39685168862342834,,0.3859385848045349,0.3859385848045349,,,,
,435,,,,,,,,,0.9101439118385315,0.9101439118385315
435,3051,,,,,,,0.9101439118385315,0.9101439118385315,,
435,3051,0.776967465877533,0.7878764271736145,,0.776967465877533,,,,,,
436,3052,,,0.5232492685317993,,0.5123352408409119,0.5123352408409119,,,,
436,3053,,,0.8052961230278015,,0.7943808436393738,0.7943808436393738,,,,
436,3054,,,0.5259572863578796,,0.515040934085846,0.515040934085846,,,,
436,3055,,,0.8220506906509399,,0.8111332058906555,0.8111332058906555,,,,
436,3056,,,0.994319498538971,,0.9834007620811462,0.9834007620811462,,,,
436,3057,,,1.222062110900879,,1.2111423015594482,1.2111423015594482,,,,
436,3058,,,0.300038605928421,,0.28911760449409485,0.28911760449409485,,,,
,436,,,,,,,,,0.9009098410606384,0.9009098410606384
436,3058,,,,,,,0.9009098410606384,0.9009098410606384,,
436,3058,0.774251401424408,0.7851685285568237,,0.774251401424408,,,,,,
437,3059,,,1.169590711593628,,1.1586687564849854,1.1586687564849854,,,,
437,3060,,,0.48094674944877625,,0.47002387046813965,0.47002387046813965,,,,
437,3061,,,0.8370013236999512,,0.8260774612426758,0.8260774612426758,,,,
437,3062,,,0.4486970007419586,,0.4377720057964325,0.4377720057964325,,,,
437,3063,,,0.8445304036140442,,0.8336042761802673,0.8336042761802673,,,,
437,3064,,,0.8596023321151733,,0.848675012588501,0.848675012588501,,,,
437,3065,,,0.9186064004898071,,0.9076780080795288,0.9076780080795288,,,,
,437,,,,,,,,,0.8888491988182068,0.8888491988182068
437,3065,,,,,,,0.8888491988182068,0.8888491988182068,,
437,3065,0.7710118889808655,0.7819366455078125,,0.7710118889808655,,,,,,
438,3066,,,0.45302271842956543,,0.4420929551124573,0.4420929551124573,,,,
438,3067,,,1.0194252729415894,,1.0084943771362305,1.0084943771362305,,,,
438,3068,,,0.9094031453132629,,0.8984708786010742,0.8984708786010742,,,,
438,3069,,,0.5368088483810425,,0.5258753299713135,0.5258753299713135,,,,
438,3070,,,1.3671987056732178,,1.3562641143798828,1.3562641143798828,,,,
438,3071,,,0.5354407429695129,,0.524505078792572,0.524505078792572,,,,
438,3072,,,0.37653517723083496,,0.3655984103679657,0.3655984103679657,,,,
,438,,,,,,,,,0.8822334408760071,0.8822334408760071
438,3072,,,,,,,0.8822334408760071,0.8822334408760071,,
438,3072,0.7674983143806458,0.7784314751625061,,0.7674983143806458,,,,,,
439,3073,,,0.7727464437484741,,0.7618087530136108,0.7618087530136108,,,,
439,3074,,,1.092170238494873,,1.0812313556671143,1.0812313556671143,,,,
439,3075,,,0.42032280564308167,,0.40938299894332886,0.40938299894332886,,,,
439,3076,,,0.7912369966506958,,0.780296266078949,0.780296266078949,,,,
439,3077,,,0.7267884016036987,,0.7158464193344116,0.7158464193344116,,,,
439,3078,,,0.9420217871665955,,0.9310786724090576,0.9310786724090576,,,,
439,3079,,,0.5229188799858093,,0.5119745135307312,0.5119745135307312,,,,
,439,,,,,,,,,0.8827866315841675,0.8827866315841675
439,3079,,,,,,,0.8827866315841675,0.8827866315841675,,
439,3079,0.7641780376434326,0.7751186490058899,,0.7641780376434326,,,,,,
440,3080,,,0.8920806646347046,,0.8811354041099548,0.8811354041099548,,,,
440,3081,,,0.9183292388916016,,0.9073829054832458,0.9073829054832458,,,,
440,3082,,,0.6900321245193481,,0.6790844798088074,0.6790844798088074,,,,
440,3083,,,1.2690091133117676,,1.2580604553222656,1.2580604553222656,,,,
440,3084,,,0.6148147583007812,,0.6038651466369629,0.6038651466369629,,,,
440,3085,,,0.310221791267395,,0.29927095770835876,0.29927095770835876,,,,
440,3086,,,0.6352762579917908,,0.6243245005607605,0.6243245005607605,,,,
,440,,,,,,,,,0.875657856464386,0.875657856464386
440,3086,,,,,,,0.875657856464386,0.875657856464386,,
440,3086,0.7628111839294434,0.7737594246864319,,0.7628111839294434,,,,,,
441,3087,,,0.43558990955352783,,0.4246366322040558,0.4246366322040558,,,,
441,3088,,,1.1476619243621826,,1.1367073059082031,1.1367073059082031,,,,
441,3089,,,1.0732017755508423,,1.0622459650039673,1.0622459650039673,,,,
441,3090,,,0.3352227807044983,,0.324265718460083,0.324265718460083,,,,
441,3091,,,0.4170434772968292,,0.40608546137809753,0.40608546137809753,,,,
441,3092,,,1.2793076038360596,,1.2683485746383667,1.2683485746383667,,,,
441,3093,,,0.5707504153251648,,0.5597903728485107,0.5597903728485107,,,,
,441,,,,,,,,,0.8481911420822144,0.8481911420822144
441,3093,,,,,,,0.8481911420822144,0.8481911420822144,,
441,3093,0.7579938769340515,0.768950343132019,,0.7579938769340515,,,,,,
442,3094,,,0.951709508895874,,0.9407479763031006,0.9407479763031006,,,,
442,3095,,,1.3355118036270142,,1.3245489597320557,1.3245489597320557,,,,
442,3096,,,0.6531242728233337,,0.6421605348587036,0.6421605348587036,,,,
442,3097,,,0.6747609376907349,,0.6637961268424988,0.6637961268424988,,,,
442,3098,,,0.46520644426345825,,0.4542403817176819,0.4542403817176819,,,,
442,3099,,,0.605506420135498,,0.594539225101471,0.594539225101471,,,,
442,3100,,,0.5194280743598938,,0.508459746837616,0.508459746837616,,,,
,442,,,,,,,,,0.8234044909477234,0.8234044909477234
442,3100,,,,,,,0.8234044909477234,0.8234044909477234,,
442,3100,0.7546204924583435,0.7655851244926453,,0.7546204924583435,,,,,,
443,3101,,,0.4422300457954407,,0.43126043677330017,0.43126043677330017,,,,
443,3102,,,0.47870805859565735,,0.4677371680736542,0.4677371680736542,,,,
443,3103,,,0.6983219385147095,,0.6873499751091003,0.6873499751091003,,,,
443,3104,,,0.7019023895263672,,0.6909292936325073,0.6909292936325073,,,,
443,3105,,,0.8771814107894897,,0.8662070631980896,0.8662070631980896,,,,
443,3106,,,1.539820671081543,,1.5288454294204712,1.5288454294204712,,,,
443,3107,,,0.35484471917152405,,0.3438681662082672,0.3438681662082672,,,,
,443,,,,,,,,,0.8024515509605408,0.8024515509605408
443,3107,,,,,,,0.8024515509605408,0.8024515509605408,,
443,3107,0.7531419396400452,0.7641146779060364,,0.7531419396400452,,,,,,
444,3108,,,0.7678229212760925,,0.7568454146385193,0.7568454146385193,,,,
444,3109,,,0.9099376201629639,,0.8989589810371399,0.8989589810371399,,,,
444,3110,,,0.6034623384475708,,0.592482328414917,0.592482328414917,,,,
444,3111,,,0.5599552392959595,,0.5489740371704102,0.5489740371704102,,,,
444,3112,,,0.939983606338501,,0.9290013909339905,0.9290013909339905,,,,
444,3113,,,0.8793973922729492,,0.8684142827987671,0.8684142827987671,,,,
444,3114,,,0.4961073398590088,,0.4851231575012207,0.4851231575012207,,,,
,444,,,,,,,,,0.7950515747070312,0.7950515747070312
444,3114,,,,,,,0.7950515747070312,0.7950515747070312,,
444,3114,0.7492702007293701,0.7602508664131165,,0.7492702007293701,,,,,,
445,3115,,,1.0531338453292847,,1.0421483516693115,1.0421483516693115,,,,
445,3116,,,0.8203812837600708,,0.8093945980072021,0.8093945980072021,,,,
445,3117,,,0.5922880172729492,,0.5813003182411194,0.5813003182411194,,,,
445,3118,,,0.9064639210700989,,0.8954751491546631,0.8954751491546631,,,,
445,3119,,,0.6418614387512207,,0.630871593952179,0.630871593952179,,,,
445,3120,,,0.4498063623905182,,0.43881550431251526,0.43881550431251526,,,,
445,3121,,,0.9878624081611633,,0.9768702983856201,0.9768702983856201,,,,
,445,,,,,,,,,0.7941941022872925,0.7941941022872925
445,3121,,,,,,,0.7941941022872925,0.7941941022872925,,
445,3121,0.7473461627960205,0.7583346366882324,,0.7473461627960205,,,,,,
446,3122,,,1.3462514877319336,,1.33525812625885,1.33525812625885,,,,
446,3123,,,0.540384829044342,,0.5293903350830078,0.5293903350830078,,,,
446,3124,,,0.9058374166488647,,0.8948417901992798,0.8948417901992798,,,,
446,3125,,,0.40807488560676575,,0.3970780372619629,0.3970780372619629,,,,
446,3126,,,0.2822684943675995,,0.2712705135345459,0.2712705135345459,,,,
446,3127,,,0.9963589310646057,,0.9853601455688477,0.9853601455688477,,,,
446,3128,,,0.8857146501541138,,0.8747146129608154,0.8747146129608154,,,,
,446,,,,,,,,,0.7982783913612366,0.7982783913612366
446,3128,,,,,,,0.7982783913612366,0.7982783913612366,,
446,3128,0.7437203526496887,0.754716694355011,,0.7437203526496887,,,,,,
447,3129,,,1.0608290433883667,,1.0498279333114624,1.0498279333114624,,,,
447,3130,,,0.770685076713562,,0.759682834148407,0.759682834148407,,,,
447,3131,,,0.7428573966026306,,0.7318538427352905,0.7318538427352905,,,,
447,3132,,,1.0577726364135742,,1.0467678308486938,1.0467678308486938,,,,
447,3133,,,0.5664565563201904,,0.5554507374763489,0.5554507374763489,,,,
447,3134,,,0.4257160425186157,,0.4147091805934906,0.4147091805934906,,,,
447,3135,,,0.4474574625492096,,0.4364496171474457,0.4364496171474457,,,,
,447,,,,,,,,,0.8087912797927856,0.8087912797927856
447,3135,,,,,,,0.8087912797927856,0.8087912797927856,,
447,3135,0.7406997680664062,0.7517040371894836,,0.7406997680664062,,,,,,
448,3136,,,0.7061140537261963,,0.6951051354408264,0.6951051354408264,,,,
448,3137,,,0.6570440530776978,,0.6460339426994324,0.6460339426994324,,,,
448,3138,,,1.1866133213043213,,1.1756021976470947,1.1756021976470947,,,,
448,3139,,,0.526336669921875,,0.5153244733810425,0.5153244733810425,,,,
448,3140,,,0.8073278069496155,,0.7963146567344666,0.7963146567344666,,,,
448,3141,,,0.47308874130249023,,0.4620745778083801,0.4620745778083801,,,,
448,3142,,,1.114563226699829,,1.1035479307174683,1.1035479307174683,,,,
,448,,,,,,,,,0.808403491973877,0.808403491973877
448,3142,,,,,,,0.808403491973877,0.808403491973877,,
448,3142,0.7379271388053894,0.7489389181137085,,0.7379271388053894,,,,,,
449,3143,,,0.7717449069023132,,0.7607280015945435,0.7607280015945435,,,,
449,3144,,,0.2779057025909424,,0.26688751578330994,0.26688751578330994,,,,
449,3145,,,0.6741259694099426,,0.6631069183349609,0.6631069183349609,,,,
449,3146,,,0.4550495445728302,,0.4440292716026306,0.4440292716026306,,,,
449,3147,,,1.0150930881500244,,1.0040717124938965,1.0040717124938965,,,,
449,3148,,,1.3042662143707275,,1.293243646621704,1.293243646621704,,,,
449,3149,,,0.6899427175521851,,0.6789190173149109,0.6789190173149109,,,,
,449,,,,,,,,,0.8012340664863586,0.8012340664863586
449,3149,,,,,,,0.8012340664863586,0.8012340664863586,,
449,3149,0.735162615776062,0.7461825609207153,,0.735162615776062,,,,,,
450,3150,,,0.48627153038978577,,0.4752466082572937,0.4752466082572937,,,,
450,3151,,,0.4717353284358978,,0.46070924401283264,0.46070924401283264,,,,
450,3152,,,1.1195244789123535,,1.1084972620010376,1.1084972620010376,,,,
450,3153,,,0.8618050217628479,,0.8507766127586365,0.8507766127586365,,,,
450,3154,,,0.4603007733821869,,0.44927117228507996,0.44927117228507996,,,,
450,3155,,,1.1482105255126953,,1.1371798515319824,1.1371798515319824,,,,
450,3156,,,0.5203632712364197,,0.5093316435813904,0.5093316435813904,,,,
,450,,,,,,,,,0.7874832153320312,0.7874832153320312
450,3156,,,,,,,0.7874832153320312,0.7874832153320312,,
450,3156,0.7329694628715515,0.7439974546432495,,0.7329694628715515,,,,,,
451,3157,,,0.4346701502799988,,0.42363715171813965,0.42363715171813965,,,,
451,3158,,,0.9381405115127563,,0.9271063804626465,0.9271063804626465,,,,
451,3159,,,0.4857785999774933,,0.4747433066368103,0.4747433066368103,,,,
451,3160,,,0.7571058869361877,,0.7460693120956421,0.7460693120956421,,,,
451,3161,,,0.7874243259429932,,0.7763864994049072,0.7763864994049072,,,,
451,3162,,,1.0977914333343506,,1.0867525339126587,1.0867525339126587,,,,
451,3163,,,0.6005874276161194,,0.5895475745201111,0.5895475745201111,,,,
,451,,,,,,,,,0.7775745987892151,0.7775745987892151
451,3163,,,,,,,0.7775745987892151,0.7775745987892151,,
451,3163,0.7303177118301392,0.7413538694381714,,0.7303177118301392,,,,,,
452,3164,,,1.1455950736999512,,1.134554147720337,1.134554147720337,,,,
452,3165,,,0.9540490508079529,,0.9430067539215088,0.9430067539215088,,,,
452,3166,,,0.3854212462902069,,0.3743779957294464,0.3743779957294464,,,,
452,3167,,,0.4374229311943054,,0.4263785183429718,0.4263785183429718,,,,
452,3168,,,0.47384992241859436,,0.46280431747436523,0.46280431747436523,,,,
452,3169,,,1.1818698644638062,,1.1708234548568726,1.1708234548568726,,,,
452,3170,,,0.35782840847969055,,0.34678083658218384,0.34678083658218384,,,,
,452,,,,,,,,,0.7732090950012207,0.7732090950012207
452,3170,,,,,,,0.7732090950012207,0.7732090950012207,,
452,3170,0.7281550168991089,0.7391991019248962,,0.7281550168991089,,,,,,
453,3171,,,1.314059853553772,,1.303011178970337,1.303011178970337,,,,
453,3172,,,0.4495026767253876,,0.43845289945602417,0.43845289945602417,,,,
453,3173,,,0.8044214248657227,,0.7933706045150757,0.7933706045150757,,,,
453,3174,,,0.6000559329986572,,0.5890039801597595,0.5890039801597595,,,,
453,3175,,,0.3092392385005951,,0.29818612337112427,0.29818612337112427,,,,
453,3176,,,0.7620339393615723,,0.7509799003601074,0.7509799003601074,,,,
453,3177,,,1.2126474380493164,,1.2015923261642456,1.2015923261642456,,,,
,453,,,,,,,,,0.7734540700912476,0.7734540700912476
453,3177,,,,,,,0.7734540700912476,0.7734540700912476,,
453,3177,0.7252709865570068,0.7363225221633911,,0.7252709865570068,,,,,,
454,3178,,,0.4873117208480835,,0.4762551784515381,0.4762551784515381,,,,
454,3179,,,1.0049976110458374,,0.9939398765563965,0.9939398765563965,,,,
454,3180,,,0.8429104685783386,,0.8318519592285156,0.8318519592285156,,,,
454,3181,,,0.5393726229667664,,0.5283129811286926,0.5283129811286926,,,,
454,3182,,,0.6144710779190063,,0.6034103035926819,0.6034103035926819,,,,
454,3183,,,1.0428272485733032,,1.031765341758728,1.031765341758728,,,,
454,3184,,,0.39287224411964417,,0.3818090856075287,0.3818090856075287,,,,
,454,,,,,,,,,0.7597303986549377,0.7597303986549377
454,3184,,,,,,,0.7597303986549377,0.7597303986549377,,
454,3184,0.7229355573654175,0.7339949607849121,,0.7229355573654175,,,,,,
455,3185,,,0.27977707982063293,,0.2687128186225891,0.2687128186225891,,,,
455,3186,,,1.0207836627960205,,1.009718418121338,1.009718418121338,,,,
455,3187,,,0.46176058053970337,,0.45069438219070435,0.45069438219070435,,,,
455,3188,,,0.7146334052085876,,0.703566312789917,0.703566312789917,,,,
455,3189,,,1.3555421829223633,,1.344473958015442,1.344473958015442,,,,
455,3190,,,0.7030636072158813,,0.6919942498207092,0.6919942498207092,,,,
455,3191,,,0.3396078050136566,,0.3285369873046875,0.3285369873046875,,,,
,455,,,,,,,,,0.7571653127670288,0.7571653127670288
455,3191,,,,,,,0.7571653127670288,0.7571653127670288,,
455,3191,0.7203704118728638,0.7314373850822449,,0.7203704118728638,,,,,,
456,3192,,,0.44943806529045105,,0.4383663833141327,0.4383663833141327,,,,
456,3193,,,0.6140103936195374,,0.6029374599456787,0.6029374599456787,,,,
456,3194,,,0.8147612810134888,,0.803687334060669,0.803687334060669,,,,
456,3195,,,0.9615064263343811,,0.9504312872886658,0.9504312872886658,,,,
456,3196,,,0.8973966240882874,,0.8863206505775452,0.8863206505775452,,,,
456,3197,,,0.7680941224098206,,0.7570170164108276,0.7570170164108276,,,,
456,3198,,,0.37495702505111694,,0.3638787269592285,0.3638787269592285,,,,
,456,,,,,,,,,0.75568687915802,0.75568687915802
456,3198,,,,,,,0.75568687915802,0.75568687915802,,
456,3198,0.7176807522773743,0.7287554144859314,,0.7176807522773743,,,,,,
457,3199,,,0.6242777705192566,,0.6131985783576965,0.6131985783576965,,,,
457,3200,,,0.6857295632362366,,0.6746492981910706,0.6746492981910706,,,,
457,3201,,,0.9783533215522766,,0.9672719836235046,0.9672719836235046,,,,
457,3202,,,0.9347240924835205,,0.9236419200897217,0.9236419200897217,,,,
457,3203,,,0.9410112500190735,,0.9299278259277344,0.9299278259277344,,,,
457,3204,,,0.2978630065917969,,0.2867783308029175,0.2867783308029175,,,,
457,3205,,,0.45011550188064575,,0.4390299320220947,0.4390299320220947,,,,
,457,,,,,,,,,0.7564513683319092,0.7564513683319092
457,3205,,,,,,,0.7564513087272644,0.7564513087272644,,
457,3205,0.7153103947639465,0.7263925075531006,,0.7153103947639465,,,,,,
458,3206,,,0.9742452502250671,,0.9631584882736206,0.9631584882736206,,,,
458,3207,,,0.3307223320007324,,0.31963443756103516,0.31963443756103516,,,,
458,3208,,,0.7211921215057373,,0.7101033926010132,0.7101033926010132,,,,
458,3209,,,0.7571274638175964,,0.746037483215332,0.746037483215332,,,,
458,3210,,,1.243363857269287,,1.2322726249694824,1.2322726249694824,,,,
458,3211,,,0.42447933554649353,,0.4133871793746948,0.4133871793746948,,,,
458,3212,,,0.4376223385334015,,0.42652904987335205,0.42652904987335205,,,,
,458,,,,,,,,,0.7525603175163269,0.7525603175163269
458,3212,,,,,,,0.7525603175163269,0.7525603175163269,,
458,3212,0.7128692865371704,0.7239590883255005,,0.7128692865371704,,,,,,
459,3213,,,0.9436944127082825,,0.9326000213623047,0.9326000213623047,,,,
459,3214,,,0.6427556276321411,,0.6316604614257812,0.6316604614257812,,,,
459,3215,,,0.9445743560791016,,0.933478057384491,0.933478057384491,,,,
459,3216,,,0.7042583227157593,,0.6931608319282532,0.6931608319282532,,,,
459,3217,,,0.8052799105644226,,0.7941813468933105,0.7941813468933105,,,,
459,3218,,,0.5205419659614563,,0.5094423294067383,0.5094423294067383,,,,
459,3219,,,0.10665125399827957,,0.09555027633905411,0.09555027633905411,,,,
,459,,,,,,,,,0.7477355599403381,0.7477355599403381
459,3219,,,,,,,0.7477355599403381,0.7477355599403381,,
459,3219,0.7106438279151917,0.7217410206794739,,0.7106438279151917,,,,,,
460,3220,,,1.0982431173324585,,1.0871413946151733,1.0871413946151733,,,,
460,3221,,,0.707125186920166,,0.6960224509239197,0.6960224509239197,,,,
460,3222,,,0.8198099136352539,,0.8087059855461121,0.8087059855461121,,,,
460,3223,,,0.6685437560081482,,0.6574387550354004,0.6574387550354004,,,,
460,3224,,,0.48548901081085205,,0.4743829667568207,0.4743829667568207,,,,
460,3225,,,0.4216287136077881,,0.4105217456817627,0.4105217456817627,,,,
460,3226,,,1.0300848484039307,,1.0189768075942993,1.0189768075942993,,,,
,460,,,,,,,,,0.7388020157814026,0.7388020157814026
460,3226,,,,,,,0.7388020157814026,0.7388020157814026,,
460,3226,0.7084438800811768,0.7195485234260559,,0.7084438800811768,,,,,,
461,3227,,,0.46060770750045776,,0.44949832558631897,0.44949832558631897,,,,
461,3228,,,0.8090827465057373,,0.7979722619056702,0.7979722619056702,,,,
461,3229,,,0.6821412444114685,,0.6710293889045715,0.6710293889045715,,,,
461,3230,,,1.3812311887741089,,1.370118498802185,1.370118498802185,,,,
461,3231,,,0.6407083868980408,,0.6295944452285767,0.6295944452285767,,,,
461,3232,,,0.40362226963043213,,0.3925071358680725,0.3925071358680725,,,,
461,3233,,,0.5185258984565735,,0.5074098110198975,0.5074098110198975,,,,
,461,,,,,,,,,0.7374792695045471,0.7374792695045471
461,3233,,,,,,,0.7374792695045471,0.7374792695045471,,
461,3233,0.7060389518737793,0.7171514630317688,,0.7060389518737793,,,,,,
462,3234,,,0.5605599880218506,,0.5494430065155029,0.5494430065155029,,,,
462,3235,,,0.8147508502006531,,0.8036327958106995,0.8036327958106995,,,,
462,3236,,,1.4811100959777832,,1.4699910879135132,1.4699910879135132,,,,
462,3237,,,0.36589935421943665,,0.354779452085495,0.354779452085495,,,,
462,3238,,,0.7151767015457153,,0.7040557861328125,0.7040557861328125,,,,
462,3239,,,0.49909040331840515,,0.48796823620796204,0.48796823620796204,,,,
462,3240,,,0.3307718336582184,,0.31964853405952454,0.31964853405952454,,,,
,462,,,,,,,,,0.7381298542022705,0.7381298542022705
462,3240,,,,,,,0.7381299138069153,0.7381299138069153,,
462,3240,0.7042726874351501,0.7153924703598022,,0.7042726874351501,,,,,,
463,3241,,,0.5834754109382629,,0.5723509788513184,0.5723509788513184,,,,
463,3242,,,1.0218884944915771,,1.0107630491256714,1.0107630491256714,,,,
463,3243,,,1.157582402229309,,1.1464561223983765,1.1464561223983765,,,,
463,3244,,,0.7092947959899902,,0.6981672644615173,0.6981672644615173,,,,
463,3245,,,0.43442830443382263,,0.42329972982406616,0.42329972982406616,,,,
463,3246,,,0.4978470504283905,,0.4867173731327057,0.4867173731327057,,,,
463,3247,,,0.3764025866985321,,0.3652717173099518,0.3652717173099518,,,,
,463,,,,,,,,,0.7339409589767456,0.7339409589767456
463,3247,,,,,,,0.7339409589767456,0.7339409589767456,,
463,3247,0.7019186615943909,0.7130458354949951,,0.7019186615943909,,,,,,
464,3248,,,0.4311427175998688,,0.42001092433929443,0.42001092433929443,,,,
464,3249,,,0.7507472038269043,,0.7396145462989807,0.7396145462989807,,,,
464,3250,,,0.9239709377288818,,0.912837028503418,0.912837028503418,,,,
464,3251,,,0.4396481513977051,,0.4285129904747009,0.4285129904747009,,,,
464,3252,,,0.636870801448822,,0.6257345080375671,0.6257345080375671,,,,
464,3253,,,0.6992192268371582,,0.6880819201469421,0.6880819201469421,,,,
464,3254,,,1.7302651405334473,,1.7191267013549805,1.7191267013549805,,,,
,464,,,,,,,,,0.7233226299285889,0.7233226299285889
464,3254,,,,,,,0.7233225703239441,0.7233225703239441,,
464,3254,0.6995238661766052,0.7106585502624512,,0.6995238661766052,,,,,,
465,3255,,,1.0058274269104004,,0.9946883916854858,0.9946883916854858,,,,
465,3256,,,0.7722018361091614,,0.7610618472099304,0.7610618472099304,,,,
465,3257,,,0.5758835673332214,,0.5647427439689636,0.5647427439689636,,,,
465,3258,,,0.3869055509567261,,0.3757636547088623,0.3757636547088623,,,,
465,3259,,,0.9596056342124939,,0.948462963104248,0.948462963104248,,,,
465,3260,,,0.662550687789917,,0.6514067649841309,0.6514067649841309,,,,
465,3261,,,0.40930047631263733,,0.3981553614139557,0.3981553614139557,,,,
,465,,,,,,,,,0.7102131247520447,0.7102131247520447
465,3261,,,,,,,0.7102131247520447,0.7102131247520447,,
465,3261,0.6973230838775635,0.7084647417068481,,0.6973230838775635,,,,,,
466,3262,,,0.5521812438964844,,0.5410353541374207,0.5410353541374207,,,,
466,3263,,,0.4440637230873108,,0.4329169690608978,0.4329169690608978,,,,
466,3264,,,1.0296978950500488,,1.0185500383377075,1.0185500383377075,,,,
466,3265,,,0.5269010663032532,,0.5157521367073059,0.5157521367073059,,,,
466,3266,,,0.6424592733383179,,0.6313095092773438,0.6313095092773438,,,,
466,3267,,,1.1103456020355225,,1.0991946458816528,1.0991946458816528,,,,
466,3268,,,0.5272762775421143,,0.5161243081092834,0.5161243081092834,,,,
,466,,,,,,,,,0.7119019627571106,0.7119019627571106
466,3268,,,,,,,0.7119019627571106,0.7119019627571106,,
466,3268,0.6952635645866394,0.706412136554718,,0.6952635645866394,,,,,,
467,3269,,,0.32899776101112366,,0.3178446888923645,0.3178446888923645,,,,
467,3270,,,0.7259039282798767,,0.7147499322891235,0.7147499322891235,,,,
467,3271,,,0.4471621513366699,,0.4360071122646332,0.4360071122646332,,,,
467,3272,,,0.7701897621154785,,0.7590335607528687,0.7590335607528687,,,,
467,3273,,,0.8016207218170166,,0.7904632687568665,0.7904632687568665,,,,
467,3274,,,0.6581794023513794,,0.6470208168029785,0.6470208168029785,,,,
467,3275,,,2.018686294555664,,2.0075266361236572,2.0075266361236572,,,,
,467,,,,,,,,,0.7103964686393738,0.7103964686393738
467,3275,,,,,,,0.7103964686393738,0.7103964686393738,,
467,3275,0.6930105090141296,0.7041664719581604,,0.6930105090141296,,,,,,
468,3276,,,0.6481132507324219,,0.6369530558586121,0.6369530558586121,,,,
468,3277,,,0.46187853813171387,,0.4507172107696533,0.4507172107696533,,,,
468,3278,,,0.553864598274231,,0.5427022576332092,0.5427022576332092,,,,
468,3279,,,0.7692028284072876,,0.7580393552780151,0.7580393552780151,,,,
468,3280,,,0.9240227937698364,,0.912858247756958,0.912858247756958,,,,
468,3281,,,1.030524730682373,,1.0193593502044678,1.0193593502044678,,,,
468,3282,,,0.23164552450180054,,0.22047904133796692,0.22047904133796692,,,,
,468,,,,,,,,,0.704619288444519,0.704619288444519
468,3282,,,,,,,0.704619288444519,0.704619288444519,,
468,3282,0.6907151937484741,0.7018781900405884,,0.6907151937484741,,,,,,
469,3283,,,0.40137630701065063,,0.3902091681957245,0.3902091681957245,,,,
469,3284,,,0.5059294104576111,,0.494761198759079,0.494761198759079,,,,
469,3285,,,0.4466991722583771,,0.4355299472808838,0.4355299472808838,,,,
469,3286,,,0.8151649832725525,,0.8039947748184204,0.8039947748184204,,,,
469,3287,,,0.7312976121902466,,0.7201263308525085,0.7201263308525085,,,,
469,3288,,,1.4309308528900146,,1.4197585582733154,1.4197585582733154,,,,
469,3289,,,0.3529065251350403,,0.34173327684402466,0.34173327684402466,,,,
,469,,,,,,,,,0.6976853013038635,0.6976853013038635
469,3289,,,,,,,0.6976853013038635,0.6976853013038635,,
469,3289,0.6890243291854858,0.7001941800117493,,0.6890243291854858,,,,,,
470,3290,,,0.623651385307312,,0.6124773025512695,0.6124773025512695,,,,
470,3291,,,0.7631827592849731,,0.7520076632499695,0.7520076632499695,,,,
470,3292,,,0.42144089937210083,,0.4102647602558136,0.4102647602558136,,,,
470,3293,,,0.5702255964279175,,0.5590483546257019,0.5590483546257019,,,,
470,3294,,,1.1091396808624268,,1.0979615449905396,1.0979615449905396,,,,
470,3295,,,0.6902526617050171,,0.6790737509727478,0.6790737509727478,,,,
470,3296,,,0.7227015495300293,,0.711521565914154,0.711521565914154,,,,
,470,,,,,,,,,0.690534770488739,0.690534770488739
470,3296,,,,,,,0.690534770488739,0.690534770488739,,
470,3296,0.6866908073425293,0.6978675723075867,,0.6866908073425293,,,,,,
471,3297,,,0.9897712469100952,,0.9785899519920349,0.9785899519920349,,,,
471,3298,,,0.6469533443450928,,0.6357707977294922,0.6357707977294922,,,,
471,3299,,,0.6078839302062988,,0.5966999530792236,0.5966999530792236,,,,
471,3300,,,1.2427483797073364,,1.2315635681152344,1.2315635681152344,,,,
471,3301,,,0.4158337116241455,,0.4046478867530823,0.4046478867530823,,,,
471,3302,,,0.39829421043395996,,0.3871074616909027,0.3871074616909027,,,,
471,3303,,,0.3556561768054962,,0.34446844458580017,0.34446844458580017,,,,
,471,,,,,,,,,0.6876357793807983,0.6876357793807983
471,3303,,,,,,,0.6876357793807983,0.6876357793807983,,
471,3303,0.684479296207428,0.6956636309623718,,0.684479296207428,,,,,,
472,3304,,,0.5827165246009827,,0.5715278387069702,0.5715278387069702,,,,
472,3305,,,0.5895265340805054,,0.5783367156982422,0.5783367156982422,,,,
472,3306,,,0.342889666557312,,0.33169880509376526,0.33169880509376526,,,,
472,3307,,,1.1317527294158936,,1.1205610036849976,1.1205610036849976,,,,
472,3308,,,0.6680044531822205,,0.6568118333816528,0.6568118333816528,,,,
472,3309,,,0.684601366519928,,0.673407793045044,0.673407793045044,,,,
472,3310,,,1.1220206022262573,,1.1108258962631226,1.1108258962631226,,,,
,472,,,,,,,,,0.6989006996154785,0.6989006996154785
472,3310,,,,,,,0.6989006996154785,0.6989006996154785,,
472,3310,0.6821809411048889,0.693372368812561,,0.6821809411048889,,,,,,
473,3311,,,0.6885332465171814,,0.6773373484611511,0.6773373484611511,,,,
473,3312,,,0.4814096987247467,,0.4702127277851105,0.4702127277851105,,,,
473,3313,,,1.1016216278076172,,1.0904237031936646,1.0904237031936646,,,,
473,3314,,,0.7952635288238525,,0.7840646505355835,0.7840646505355835,,,,
473,3315,,,0.665313720703125,,0.6541138887405396,0.6541138887405396,,,,
473,3316,,,0.5705148577690125,,0.5593137145042419,0.5593137145042419,,,,
473,3317,,,0.2673969268798828,,0.25619471073150635,0.25619471073150635,,,,
,473,,,,,,,,,0.7088037729263306,0.7088037729263306
473,3317,,,,,,,0.7088037729263306,0.7088037729263306,,
473,3317,0.6794571280479431,0.6906557083129883,,0.6794571280479431,,,,,,
474,3318,,,0.5616700649261475,,0.5504670143127441,0.5504670143127441,,,,
474,3319,,,0.6769769787788391,,0.6657728552818298,0.6657728552818298,,,,
474,3320,,,0.825523853302002,,0.8143185973167419,0.8143185973167419,,,,
474,3321,,,0.7799472212791443,,0.7687409520149231,0.7687409520149231,,,,
474,3322,,,0.9837732911109924,,0.9725658893585205,0.9725658893585205,,,,
474,3323,,,0.29976239800453186,,0.2885541319847107,0.2885541319847107,,,,
474,3324,,,0.7052299380302429,,0.694020688533783,0.694020688533783,,,,
,474,,,,,,,,,0.7090458869934082,0.7090458869934082
474,3324,,,,,,,0.7090458869934082,0.7090458869934082,,
474,3324,0.6777532696723938,0.6889591813087463,,0.6777532696723938,,,,,,
475,3325,,,0.4391333758831024,,0.42792290449142456,0.42792290449142456,,,,
475,3326,,,0.7481153011322021,,0.7369038462638855,0.7369038462638855,,,,
475,3327,,,1.0768191814422607,,1.0656065940856934,1.0656065940856934,,,,
475,3328,,,0.4963313341140747,,0.48511791229248047,0.48511791229248047,,,,
475,3329,,,0.8385199904441833,,0.8273055553436279,0.8273055553436279,,,,
475,3330,,,0.5477216243743896,,0.536506175994873,0.536506175994873,,,,
475,3331,,,0.5987837910652161,,0.5875672101974487,0.5875672101974487,,,,
,475,,,,,,,,,0.6969812512397766,0.6969812512397766
475,3331,,,,,,,0.6969812512397766,0.6969812512397766,,
475,3331,0.6744628548622131,0.6856760382652283,,0.6744628548622131,,,,,,
476,3332,,,0.4976356327533722,,0.4864177107810974,0.4864177107810974,,,,
476,3333,,,0.7630115747451782,,0.7517927289009094,0.7517927289009094,,,,
476,3334,,,0.6948450207710266,,0.6836249828338623,0.6836249828338623,,,,
476,3335,,,0.6201894283294678,,0.6089682579040527,0.6089682579040527,,,,
476,3336,,,0.33104681968688965,,0.3198246359825134,0.3198246359825134,,,,
476,3337,,,0.6962687373161316,,0.685045599937439,0.685045599937439,,,,
476,3338,,,2.005218744277954,,1.9939944744110107,1.9939944744110107,,,,
,476,,,,,,,,,0.6779059171676636,0.6779059171676636
476,3338,,,,,,,0.6779059171676636,0.6779059171676636,,
476,3338,0.6719093322753906,0.6831300854682922,,0.6719093322753906,,,,,,
477,3339,,,0.6882721185684204,,0.6770468950271606,0.6770468950271606,,,,
477,3340,,,1.1705102920532227,,1.159284234046936,1.159284234046936,,,,
477,3341,,,0.36238300800323486,,0.3511560261249542,0.3511560261249542,,,,
477,3342,,,0.7086498737335205,,0.6974218487739563,0.6974218487739563,,,,
477,3343,,,0.3983531892299652,,0.387124240398407,0.387124240398407,,,,
477,3344,,,0.8312108516693115,,0.8199808597564697,0.8199808597564697,,,,
477,3345,,,0.48386532068252563,,0.4726341664791107,0.4726341664791107,,,,
,477,,,,,,,,,0.6612502932548523,0.6612502932548523
477,3345,,,,,,,0.6612502932548523,0.6612502932548523,,
477,3345,0.6696866154670715,0.6809142827987671,,0.6696866154670715,,,,,,
478,3346,,,0.7606711387634277,,0.7494387626647949,0.7494387626647949,,,,
478,3347,,,0.5725657939910889,,0.5613323450088501,0.5613323450088501,,,,
478,3348,,,1.2383265495300293,,1.2270920276641846,1.2270920276641846,,,,
478,3349,,,0.42029720544815063,,0.4090617597103119,0.4090617597103119,,,,
478,3350,,,0.3767007887363434,,0.36546438932418823,0.36546438932418823,,,,
478,3351,,,0.6648293733596802,,0.6535919904708862,0.6535919904708862,,,,
478,3352,,,0.7638543844223022,,0.7526158690452576,0.7526158690452576,,,,
,478,,,,,,,,,0.6609576344490051,0.6609576344490051
478,3352,,,,,,,0.6609576344490051,0.6609576344490051,,
478,3352,0.6663862466812134,0.6776214241981506,,0.6663862466812134,,,,,,
479,3353,,,0.494792640209198,,0.4835527837276459,0.4835527837276459,,,,
479,3354,,,0.6590855717658997,,0.647844672203064,0.647844672203064,,,,
479,3355,,,0.4808141589164734,,0.4695720672607422,0.4695720672607422,,,,
479,3356,,,0.9118062853813171,,0.90056312084198,0.90056312084198,,,,
479,3357,,,0.5485042929649353,,0.5372599363327026,0.5372599363327026,,,,
479,3358,,,1.1267403364181519,,1.1154948472976685,1.1154948472976685,,,,
479,3359,,,0.20280882716178894,,0.19156238436698914,0.19156238436698914,,,,
,479,,,,,,,,,0.6661071181297302,0.6661071181297302
479,3359,,,,,,,0.6661071181297302,0.6661071181297302,,
479,3359,0.6629213094711304,0.6741641759872437,,0.6629213094711304,,,,,,
480,3360,,,0.4814040958881378,,0.47015684843063354,0.47015684843063354,,,,
480,3361,,,1.102918267250061,,1.091670036315918,1.091670036315918,,,,
480,3362,,,0.5926691889762878,,0.5814200043678284,0.5814200043678284,,,,
480,3363,,,0.5395647287368774,,0.528314471244812,0.528314471244812,,,,
480,3364,,,0.45633482933044434,,0.44508346915245056,0.44508346915245056,,,,
480,3365,,,0.502291738986969,,0.49103930592536926,0.49103930592536926,,,,
480,3366,,,1.5938587188720703,,1.582605242729187,1.582605242729187,,,,
,480,,,,,,,,,0.6628629565238953,0.6628629565238953
480,3366,,,,,,,0.6628629565238953,0.6628629565238953,,
480,3366,0.6590056419372559,0.6702556014060974,,0.6590056419372559,,,,,,
481,3367,,,0.4807141125202179,,0.4694596827030182,0.4694596827030182,,,,
481,3368,,,0.703144371509552,,0.6918889880180359,0.6918889880180359,,,,
481,3369,,,0.39746567606925964,,0.3862091302871704,0.3862091302871704,,,,
481,3370,,,0.7325701117515564,,0.7213125824928284,0.7213125824928284,,,,
481,3371,,,1.017019271850586,,1.005760908126831,1.005760908126831,,,,
481,3372,,,0.8299350738525391,,0.818675696849823,0.818675696849823,,,,
481,3373,,,0.26694029569625854,,0.2556796669960022,0.2556796669960022,,,,
,481,,,,,,,,,0.6566005349159241,0.6566005349159241
481,3373,,,,,,,0.6566005349159241,0.6566005349159241,,
481,3373,0.6571273803710938,0.6683844923973083,,0.6571273803710938,,,,,,
482,3374,,,0.624048113822937,,0.6127865314483643,0.6127865314483643,,,,
482,3375,,,0.3963701128959656,,0.3851073682308197,0.3851073682308197,,,,
482,3376,,,0.8705099821090698,,0.8592462539672852,0.8592462539672852,,,,
482,3377,,,0.43944796919822693,,0.4281831383705139,0.4281831383705139,,,,
482,3378,,,0.829251229763031,,0.8179852962493896,0.8179852962493896,,,,
482,3379,,,0.6147544980049133,,0.6034877896308899,0.6034877896308899,,,,
482,3380,,,1.2586840391159058,,1.2474162578582764,1.2474162578582764,,,,
,482,,,,,,,,,0.6582328081130981,0.6582328081130981
482,3380,,,,,,,0.6582328081130981,0.6582328081130981,,
482,3380,0.6548357009887695,0.6661001443862915,,0.6548357009887695,,,,,,
483,3381,,,0.5051863193511963,,0.493917316198349,0.493917316198349,,,,
483,3382,,,0.35806018114089966,,0.3467903435230255,0.3467903435230255,,,,
483,3383,,,0.8260849714279175,,0.8148142099380493,0.8148142099380493,,,,
483,3384,,,0.6943159699440002,,0.6830441355705261,0.6830441355705261,,,,
483,3385,,,0.5037533640861511,,0.4924802780151367,0.4924802780151367,,,,
483,3386,,,1.0637671947479248,,1.0524929761886597,1.0524929761886597,,,,
483,3387,,,0.7334491014480591,,0.7221739292144775,0.7221739292144775,,,,
,483,,,,,,,,,0.663017213344574,0.663017213344574
483,3387,,,,,,,0.663017213344574,0.663017213344574,,
483,3387,0.6516634821891785,0.6629351377487183,,0.6516634821891785,,,,,,
484,3388,,,0.396201491355896,,0.38492515683174133,0.38492515683174133,,,,
484,3389,,,1.3679702281951904,,1.3566927909851074,1.3566927909851074,,,,
484,3390,,,0.4285532832145691,,0.4172748923301697,0.4172748923301697,,,,
484,3391,,,0.5111073851585388,,0.49982789158821106,0.49982789158821106,,,,
484,3392,,,0.6139692068099976,,0.6026886701583862,0.6026886701583862,,,,
484,3393,,,0.46347805857658386,,0.4521963894367218,0.4521963894367218,,,,
484,3394,,,1.1540281772613525,,1.1427454948425293,1.1427454948425293,,,,
,484,,,,,,,,,0.6583264470100403,0.6583264470100403
484,3394,,,,,,,0.6583264470100403,0.6583264470100403,,
484,3394,0.6497467160224915,0.6610259413719177,,0.6497467160224915,,,,,,
485,3395,,,0.32838165760040283,,0.31709811091423035,0.31709811091423035,,,,
485,3396,,,0.6821272969245911,,0.6708428263664246,0.6708428263664246,,,,
485,3397,,,0.687323808670044,,0.6760380864143372,0.6760380864143372,,,,
485,3398,,,0.4229623079299927,,0.41167551279067993,0.41167551279067993,,,,
485,3399,,,0.9376125335693359,,0.9263246059417725,0.9263246059417725,,,,
485,3400,,,0.42584288120269775,,0.4145539402961731,0.4145539402961731,,,,
485,3401,,,1.9092357158660889,,1.8979458808898926,1.8979458808898926,,,,
,485,,,,,,,,,0.6449819207191467,0.6449819207191467
485,3401,,,,,,,0.6449819207191467,0.6449819207191467,,
485,3401,0.6475706100463867,0.6588571071624756,,0.6475706100463867,,,,,,
486,3402,,,1.210957407951355,,1.1996668577194214,1.1996668577194214,,,,
486,3403,,,0.7042393684387207,,0.6929479837417603,0.6929479837417603,,,,
486,3404,,,0.6246987581253052,,0.613406240940094,0.613406240940094,,,,
486,3405,,,0.3379526138305664,,0.32665902376174927,0.32665902376174927,,,,
486,3406,,,0.629827618598938,,0.6185329556465149,0.6185329556465149,,,,
486,3407,,,0.5582073330879211,,0.5469117164611816,0.5469117164611816,,,,
486,3408,,,0.31853899359703064,,0.30724236369132996,0.30724236369132996,,,,
,486,,,,,,,,,0.6307147145271301,0.6307147145271301
486,3408,,,,,,,0.6307147145271301,0.6307147145271301,,
486,3408,0.6452298760414124,0.6565231680870056,,0.6452298760414124,,,,,,
487,3409,,,0.7931714653968811,,0.7818740010261536,0.7818740010261536,,,,
487,3410,,,0.381379634141922,,0.3700810670852661,0.3700810670852661,,,,
487,3411,,,0.34936827421188354,,0.33806875348091125,0.33806875348091125,,,,
487,3412,,,0.7727735042572021,,0.7614730000495911,0.7614730000495911,,,,
487,3413,,,0.5053947567939758,,0.4940933287143707,0.4940933287143707,,,,
487,3414,,,1.2740761041641235,,1.2627733945846558,1.2627733945846558,,,,
487,3415,,,0.25408339500427246,,0.24277983605861664,0.24277983605861664,,,,
,487,,,,,,,,,0.622371256351471,0.622371256351471
487,3415,,,,,,,0.622371256351471,0.622371256351471,,
487,3415,0.643044114112854,0.6543443202972412,,0.643044114112854,,,,,,
488,3416,,,0.46571654081344604,,0.45441216230392456,0.45441216230392456,,,,
488,3417,,,0.5046961307525635,,0.493390828371048,0.493390828371048,,,,
488,3418,,,0.5678508281707764,,0.5565445423126221,0.5565445423126221,,,,
488,3419,,,0.48971447348594666,,0.4784073233604431,0.4784073233604431,,,,
488,3420,,,0.6471647024154663,,0.6358564496040344,0.6358564496040344,,,,
488,3421,,,1.1405706405639648,,1.1292613744735718,1.1292613744735718,,,,
488,3422,,,0.9175006151199341,,0.9061903953552246,0.9061903953552246,,,,
,488,,,,,,,,,0.6177945733070374,0.6177945733070374
488,3422,,,,,,,0.6177945733070374,0.6177945733070374,,
488,3422,0.6412069201469421,0.6525139212608337,,0.6412069201469421,,,,,,
489,3423,,,0.6217001080513,,0.6103888154029846,0.6103888154029846,,,,
489,3424,,,0.8810793161392212,,0.869766891002655,0.869766891002655,,,,
489,3425,,,0.353254109621048,,0.34194082021713257,0.34194082021713257,,,,
489,3426,,,0.645146906375885,,0.6338326930999756,0.6338326930999756,,,,
489,3427,,,0.8200516104698181,,0.8087365031242371,0.8087365031242371,,,,
489,3428,,,0.5179590582847595,,0.506642758846283,0.506642758846283,,,,
489,3429,,,0.8213635087013245,,0.8100460767745972,0.8100460767745972,,,,
,489,,,,,,,,,0.6205030083656311,0.6205030083656311
489,3429,,,,,,,0.6205030083656311,0.6205030083656311,,
489,3429,0.6392276287078857,0.6505415439605713,,0.6392276287078857,,,,,,
490,3430,,,0.5527881979942322,,0.541469931602478,0.541469931602478,,,,
490,3431,,,0.3691534996032715,,0.35783421993255615,0.35783421993255615,,,,
490,3432,,,0.8930878043174744,,0.8817676305770874,0.8817676305770874,,,,
490,3433,,,0.8479350209236145,,0.8366137742996216,0.8366137742996216,,,,
490,3434,,,0.45985835790634155,,0.4485359489917755,0.4485359489917755,,,,
490,3435,,,0.8483443856239319,,0.8370208740234375,0.8370208740234375,,,,
490,3436,,,0.4388805031776428,,0.42755627632141113,0.42755627632141113,,,,
,490,,,,,,,,,0.6190218329429626,0.6190218329429626
490,3436,,,,,,,0.6190218329429626,0.6190218329429626,,
490,3436,0.6374236345291138,0.6487447023391724,,0.6374236345291138,,,,,,
491,3437,,,0.5525484085083008,,0.5412229299545288,0.5412229299545288,,,,
491,3438,,,0.5843831300735474,,0.5730565786361694,0.5730565786361694,,,,
491,3439,,,0.8414342999458313,,0.8301063776016235,0.8301063776016235,,,,
491,3440,,,0.23336772620677948,,0.22203883528709412,0.22203883528709412,,,,
491,3441,,,0.9714510440826416,,0.9601212739944458,0.9601212739944458,,,,
491,3442,,,0.5777238011360168,,0.566393256187439,0.566393256187439,,,,
491,3443,,,0.9551255106925964,,0.9437938928604126,0.9437938928604126,,,,
,491,,,,,,,,,0.6091740131378174,0.6091740131378174
491,3443,,,,,,,0.6091740727424622,0.6091740727424622,,
491,3443,0.6348019242286682,0.6461302638053894,,0.6348019242286682,,,,,,
492,3444,,,0.6017911434173584,,0.590458333492279,0.590458333492279,,,,
492,3445,,,0.9606794714927673,,0.9493457674980164,0.9493457674980164,,,,
492,3446,,,0.6146193146705627,,0.6032848954200745,0.6032848954200745,,,,
492,3447,,,0.945562481880188,,0.9342271089553833,0.9342271089553833,,,,
492,3448,,,0.4556284248828888,,0.4442918300628662,0.4442918300628662,,,,
492,3449,,,0.42104119062423706,,0.40970340371131897,0.40970340371131897,,,,
492,3450,,,0.2832792103290558,,0.2719404101371765,0.2719404101371765,,,,
,492,,,,,,,,,0.605344831943512,0.605344831943512
492,3450,,,,,,,0.605344831943512,0.605344831943512,,
492,3450,0.6326728463172913,0.6440081000328064,,0.6326728463172913,,,,,,
493,3451,,,0.9679405689239502,,0.9566006660461426,0.9566006660461426,,,,
493,3452,,,0.81111079454422,,0.799769937992096,0.799769937992096,,,,
493,3453,,,0.5386677384376526,,0.5273257493972778,0.5273257493972778,,,,
493,3454,,,0.4547758400440216,,0.4434327781200409,0.4434327781200409,,,,
493,3455,,,0.8040868043899536,,0.7927427291870117,0.7927427291870117,,,,
493,3456,,,0.45377105474472046,,0.4424258768558502,0.4424258768558502,,,,
493,3457,,,0.16620750725269318,,0.15486136078834534,0.15486136078834534,,,,
,493,,,,,,,,,0.5946541428565979,0.5946541428565979
493,3457,,,,,,,0.5946541428565979,0.5946541428565979,,
493,3457,0.6306463479995728,0.6419891119003296,,0.6306463479995728,,,,,,
494,3458,,,0.49452880024909973,,0.48318177461624146,0.48318177461624146,,,,
494,3459,,,0.2901464104652405,,0.27879834175109863,0.27879834175109863,,,,
494,3460,,,0.834321141242981,,0.8229721188545227,0.8229721188545227,,,,
494,3461,,,0.5576349496841431,,0.5462847352027893,0.5462847352027893,,,,
494,3462,,,1.1089037656784058,,1.0975526571273804,1.0975526571273804,,,,
494,3463,,,0.3682258725166321,,0.35687386989593506,0.35687386989593506,,,,
494,3464,,,1.1316713094711304,,1.1203184127807617,1.1203184127807617,,,,
,494,,,,,,,,,0.5935344099998474,0.5935344099998474
494,3464,,,,,,,0.5935344099998474,0.5935344099998474,,
494,3464,0.6283581256866455,0.6397079229354858,,0.6283581256866455,,,,,,
495,3465,,,0.8821965456008911,,0.8708423376083374,0.8708423376083374,,,,
495,3466,,,0.5698180198669434,,0.558462917804718,0.558462917804718,,,,
495,3467,,,0.8274168968200684,,0.8160606622695923,0.8160606622695923,,,,
495,3468,,,0.3487379848957062,,0.3373807668685913,0.3373807668685913,,,,
495,3469,,,0.9064309597015381,,0.8950728178024292,0.8950728178024292,,,,
495,3470,,,0.4222148656845093,,0.4108555316925049,0.4108555316925049,,,,
495,3471,,,0.2906053364276886,,0.2792450189590454,0.2792450189590454,,,,
,495,,,,,,,,,0.5912463665008545,0.5912463665008545
495,3471,,,,,,,0.5912463068962097,0.5912463068962097,,
495,3471,0.6264144778251648,0.6377713084220886,,0.6264144778251648,,,,,,
496,3472,,,1.1496621370315552,,1.1383010149002075,1.1383010149002075,,,,
496,3473,,,0.5818786025047302,,0.5705165863037109,0.5705165863037109,,,,
496,3474,,,0.5203735828399658,,0.5090104341506958,0.5090104341506958,,,,
496,3475,,,0.5301856398582458,,0.5188214778900146,0.5188214778900146,,,,
496,3476,,,0.24251630902290344,,0.23115111887454987,0.23115111887454987,,,,
496,3477,,,0.8743830919265747,,0.8630170226097107,0.8630170226097107,,,,
496,3478,,,0.40505415201187134,,0.39368703961372375,0.39368703961372375,,,,
,496,,,,,,,,,0.5937507748603821,0.5937507748603821
496,3478,,,,,,,0.5937507748603821,0.5937507748603821,,
496,3478,0.6240706443786621,0.6354344487190247,,0.6240706443786621,,,,,,
497,3479,,,0.658649206161499,,0.6472811698913574,0.6472811698913574,,,,
497,3480,,,0.33313319087028503,,0.3217640817165375,0.3217640817165375,,,,
497,3481,,,1.0117347240447998,,1.0003647804260254,1.0003647804260254,,,,
497,3482,,,0.5809633135795593,,0.5695924758911133,0.5695924758911133,,,,
497,3483,,,0.622768759727478,,0.6113970279693604,0.6113970279693604,,,,
497,3484,,,0.4139135777950287,,0.40254083275794983,0.40254083275794983,,,,
497,3485,,,1.1049795150756836,,1.0936057567596436,1.0936057567596436,,,,
,497,,,,,,,,,0.598946750164032,0.598946750164032
497,3485,,,,,,,0.598946750164032,0.598946750164032,,
497,3485,0.6216537356376648,0.6330243349075317,,0.6216537356376648,,,,,,
498,3486,,,0.7545261383056641,,0.7431511878967285,0.7431511878967285,,,,
498,3487,,,0.5258923768997192,,0.5145162343978882,0.5145162343978882,,,,
498,3488,,,0.8743463158607483,,0.862969160079956,0.862969160079956,,,,
498,3489,,,0.9115040302276611,,0.9001261591911316,0.9001261591911316,,,,
498,3490,,,0.6253793835639954,,0.6140004396438599,0.6140004396438599,,,,
498,3491,,,0.23537391424179077,,0.22399373352527618,0.22399373352527618,,,,
498,3492,,,0.24233150482177734,,0.23095038533210754,0.23095038533210754,,,,
,498,,,,,,,,,0.6042137742042542,0.6042137742042542
498,3492,,,,,,,0.6042137742042542,0.6042137742042542,,
498,3492,0.618880569934845,0.630258321762085,,0.618880569934845,,,,,,
499,3493,,,0.3765144348144531,,0.36513248085975647,0.36513248085975647,,,,
499,3494,,,0.5551467537879944,,0.5437637567520142,0.5437637567520142,,,,
499,3495,,,0.7506316304206848,,0.7392475008964539,0.7392475008964539,,,,
499,3496,,,0.6930547952651978,,0.681670069694519,0.681670069694519,,,,
499,3497,,,0.793781578540802,,0.7823958396911621,0.7823958396911621,,,,
499,3498,,,0.45623141527175903,,0.4448447525501251,0.4448447525501251,,,,
499,3499,,,1.0014591217041016,,0.9900714159011841,0.9900714159011841,,,,
,499,,,,,,,,,0.6048815250396729,0.6048815250396729
499,3499,,,,,,,0.6048815846443176,0.6048815846443176,,
499,3499,0.6162088513374329,0.6275933980941772,,0.6162088513374329,,,,,,
