epoch,step,train_loss_epoch,train_loss_regularized_epoch,train_loss_regularized_step,train_loss_scaled (x10^0)_epoch,train_loss_scaled (x10^0)_step,train_loss_step,val_loss_epoch,val_loss_scaled (x10^0)_epoch,val_loss_scaled (x10^0)_step,val_loss_step
0,0,,,30.019189834594727,,28.858484268188477,28.858484268188477,,,,
0,1,,,39.92339324951172,,38.76451873779297,38.76451873779297,,,,
0,2,,,35.208126068115234,,34.05061721801758,34.05061721801758,,,,
0,3,,,49.97395324707031,,48.817771911621094,48.817771911621094,,,,
0,4,,,37.6472053527832,,36.4923095703125,36.4923095703125,,,,
0,5,,,35.25653076171875,,34.10293960571289,34.10293960571289,,,,
0,6,,,38.26185607910156,,37.109596252441406,37.109596252441406,,,,
,0,,,,,,,,,3.515117883682251,3.515117883682251
0,6,,,,,,,3.515117883682251,3.515117883682251,,
0,6,36.86317443847656,38.01985549926758,,36.86317443847656,,,,,,
1,7,,,63.97958755493164,,62.82862854003906,62.82862854003906,,,,
1,8,,,32.97228240966797,,31.82275390625,31.82275390625,,,,
1,9,,,45.52703857421875,,44.37902069091797,44.37902069091797,,,,
1,10,,,9.753877639770508,,8.607292175292969,8.607292175292969,,,,
1,11,,,29.14982795715332,,28.004602432250977,28.004602432250977,,,,
1,12,,,51.83723831176758,,50.6934700012207,50.6934700012207,,,,
1,13,,,23.367399215698242,,22.22518539428711,22.22518539428711,,,,
,1,,,,,,,,,3.493267059326172,3.493267059326172
1,13,,,,,,,3.493267059326172,3.493267059326172,,
1,13,36.811012268066406,37.95805740356445,,36.811012268066406,,,,,,
2,14,,,46.444698333740234,,45.30397033691406,45.30397033691406,,,,
2,15,,,15.238349914550781,,14.09925365447998,14.09925365447998,,,,
2,16,,,26.019926071166992,,24.882308959960938,24.882308959960938,,,,
2,17,,,57.7567024230957,,56.620662689208984,56.620662689208984,,,,
2,18,,,46.5504150390625,,45.416019439697266,45.416019439697266,,,,
2,19,,,34.01359558105469,,32.880794525146484,32.880794525146484,,,,
2,20,,,41.376197814941406,,40.24507522583008,40.24507522583008,,,,
,2,,,,,,,,,3.469000816345215,3.469000816345215
2,20,,,,,,,3.4690005779266357,3.4690005779266357,,
2,20,36.75214385986328,37.888587951660156,,36.75214385986328,,,,,,
3,21,,,21.77356719970703,,20.643938064575195,20.643938064575195,,,,
3,22,,,32.958805084228516,,31.830854415893555,31.830854415893555,,,,
3,23,,,55.86606216430664,,54.73978805541992,54.73978805541992,,,,
3,24,,,37.53052520751953,,36.40587615966797,36.40587615966797,,,,
3,25,,,28.233272552490234,,27.11029815673828,27.11029815673828,,,,
3,26,,,55.35421371459961,,54.23284149169922,54.23284149169922,,,,
3,27,,,24.925222396850586,,23.8055362701416,23.8055362701416,,,,
,3,,,,,,,,,3.4436678886413574,3.4436678886413574
3,27,,,,,,,3.4436678886413574,3.4436678886413574,,
3,27,36.6887321472168,37.81386947631836,,36.6887321472168,,,,,,
4,28,,,23.039037704467773,,21.921062469482422,21.921062469482422,,,,
4,29,,,28.200590133666992,,27.084211349487305,27.084211349487305,,,,
4,30,,,28.610549926757812,,27.495880126953125,27.495880126953125,,,,
4,31,,,46.16276550292969,,45.049705505371094,45.049705505371094,,,,
4,32,,,38.24754333496094,,37.13623809814453,37.13623809814453,,,,
4,33,,,48.782493591308594,,47.672943115234375,47.672943115234375,,,,
4,34,,,73.38616943359375,,72.27832794189453,72.27832794189453,,,,
,4,,,,,,,,,3.416743040084839,3.416743040084839
4,34,,,,,,,3.416743040084839,3.416743040084839,,
4,34,36.62186813354492,37.73533630371094,,36.62186813354492,,,,,,
5,35,,,26.763961791992188,,25.657917022705078,25.657917022705078,,,,
5,36,,,42.997474670410156,,41.89305114746094,41.89305114746094,,,,
5,37,,,28.679988861083984,,27.57724952697754,27.57724952697754,,,,
5,38,,,50.86776351928711,,49.76670837402344,49.76670837402344,,,,
5,39,,,57.62065124511719,,56.521453857421875,56.521453857421875,,,,
5,40,,,23.502748489379883,,22.4052734375,22.4052734375,,,,
5,41,,,25.65451431274414,,24.558778762817383,24.558778762817383,,,,
,5,,,,,,,,,3.39052414894104,3.39052414894104
5,41,,,,,,,3.39052414894104,3.39052414894104,,
5,41,36.55391311645508,37.65537643432617,,36.55391311645508,,,,,,
6,42,,,45.287288665771484,,44.19318389892578,44.19318389892578,,,,
6,43,,,39.67603302001953,,38.58375549316406,38.58375549316406,,,,
6,44,,,27.561437606811523,,26.47083282470703,26.47083282470703,,,,
6,45,,,31.309995651245117,,30.2210693359375,30.2210693359375,,,,
6,46,,,25.424196243286133,,24.33696174621582,24.33696174621582,,,,
6,47,,,58.54829025268555,,57.462764739990234,57.462764739990234,,,,
6,48,,,31.30760383605957,,30.223827362060547,30.223827362060547,,,,
,6,,,,,,,,,3.3640859127044678,3.3640859127044678
6,48,,,,,,,3.3640859127044678,3.3640859127044678,,
6,48,36.48666763305664,37.57609176635742,,36.48666763305664,,,,,,
7,49,,,37.79191970825195,,36.70987319946289,36.70987319946289,,,,
7,50,,,19.445178985595703,,18.364885330200195,18.364885330200195,,,,
7,51,,,45.40223693847656,,44.323665618896484,44.323665618896484,,,,
7,52,,,57.98440170288086,,56.90763473510742,56.90763473510742,,,,
7,53,,,38.83255386352539,,37.75748825073242,37.75748825073242,,,,
7,54,,,31.510042190551758,,30.436668395996094,30.436668395996094,,,,
7,55,,,21.519655227661133,,20.447969436645508,20.447969436645508,,,,
,7,,,,,,,,,3.3375024795532227,3.3375024795532227
7,55,,,,,,,3.3375027179718018,3.3375027179718018,,
7,55,36.418540954589844,37.495872497558594,,36.418540954589844,,,,,,
8,56,,,40.256107330322266,,39.18620681762695,39.18620681762695,,,,
8,57,,,19.581710815429688,,18.513580322265625,18.513580322265625,,,,
8,58,,,48.15641784667969,,47.0899772644043,47.0899772644043,,,,
8,59,,,64.35186767578125,,63.28720474243164,63.28720474243164,,,,
8,60,,,35.45313262939453,,34.39020538330078,34.39020538330078,,,,
8,61,,,22.5616455078125,,21.500526428222656,21.500526428222656,,,,
8,62,,,21.766206741333008,,20.7067928314209,20.7067928314209,,,,
,8,,,,,,,,,3.310814142227173,3.310814142227173
8,62,,,,,,,3.310814142227173,3.310814142227173,,
8,62,36.3502311706543,37.415401458740234,,36.3502311706543,,,,,,
9,63,,,47.48545837402344,,46.427616119384766,46.427616119384766,,,,
9,64,,,27.28270149230957,,26.226642608642578,26.226642608642578,,,,
9,65,,,22.25918960571289,,21.204763412475586,21.204763412475586,,,,
9,66,,,22.88239097595215,,21.82972526550293,21.82972526550293,,,,
9,67,,,45.409732818603516,,44.35881423950195,44.35881423950195,,,,
9,68,,,51.6386604309082,,50.5894660949707,50.5894660949707,,,,
9,69,,,56.10292053222656,,55.05551528930664,55.05551528930664,,,,
,9,,,,,,,,,3.28322172164917,3.28322172164917
9,69,,,,,,,3.28322172164917,3.28322172164917,,
9,69,36.279659271240234,37.33281707763672,,36.279659271240234,,,,,,
10,70,,,48.195682525634766,,47.149993896484375,47.149993896484375,,,,
10,71,,,28.80854606628418,,27.764631271362305,27.764631271362305,,,,
10,72,,,23.74921417236328,,22.707050323486328,22.707050323486328,,,,
10,73,,,30.60763168334961,,29.567148208618164,29.567148208618164,,,,
10,74,,,59.93122863769531,,58.892539978027344,58.892539978027344,,,,
10,75,,,30.674747467041016,,29.637863159179688,29.637863159179688,,,,
10,76,,,41.32099914550781,,40.2857780456543,40.2857780456543,,,,
,10,,,,,,,,,3.2548365592956543,3.2548365592956543
10,76,,,,,,,3.2548365592956543,3.2548365592956543,,
10,76,36.20806121826172,37.24900817871094,,36.20806121826172,,,,,,
11,77,,,29.61181640625,,28.578413009643555,28.578413009643555,,,,
11,78,,,33.24413299560547,,32.2125244140625,32.2125244140625,,,,
11,79,,,35.21583557128906,,34.186038970947266,34.186038970947266,,,,
11,80,,,48.378482818603516,,47.35047912597656,47.35047912597656,,,,
11,81,,,50.01670455932617,,48.990455627441406,48.990455627441406,,,,
11,82,,,16.48188018798828,,15.457375526428223,15.457375526428223,,,,
11,83,,,63.90877151489258,,62.885921478271484,62.885921478271484,,,,
,11,,,,,,,,,3.2254602909088135,3.2254602909088135
11,83,,,,,,,3.2254602909088135,3.2254602909088135,,
11,83,36.1345100402832,37.163082122802734,,36.1345100402832,,,,,,
12,84,,,63.11061096191406,,62.089561462402344,62.089561462402344,,,,
12,85,,,40.601959228515625,,39.582664489746094,39.582664489746094,,,,
12,86,,,28.868160247802734,,27.85068702697754,27.85068702697754,,,,
12,87,,,10.080828666687012,,9.065110206604004,9.065110206604004,,,,
12,88,,,31.785736083984375,,30.771739959716797,30.771739959716797,,,,
12,89,,,48.172096252441406,,47.15985870361328,47.15985870361328,,,,
12,90,,,36.6236686706543,,35.61317443847656,35.61317443847656,,,,
,12,,,,,,,,,3.195544958114624,3.195544958114624
12,90,,,,,,,3.195544958114624,3.195544958114624,,
12,90,36.058753967285156,37.07501983642578,,36.058753967285156,,,,,,
13,91,,,35.17912292480469,,34.17049789428711,34.17049789428711,,,,
13,92,,,49.24170684814453,,48.234920501708984,48.234920501708984,,,,
13,93,,,65.7997055053711,,64.7947769165039,64.7947769165039,,,,
13,94,,,26.994956970214844,,25.991867065429688,25.991867065429688,,,,
13,95,,,40.27457046508789,,39.273170471191406,39.273170471191406,,,,
13,96,,,16.169326782226562,,15.16972827911377,15.16972827911377,,,,
13,97,,,5.674235820770264,,4.676303386688232,4.676303386688232,,,,
,13,,,,,,,,,3.1652894020080566,3.1652894020080566
13,97,,,,,,,3.1652894020080566,3.1652894020080566,,
13,97,35.982521057128906,36.986228942871094,,35.982521057128906,,,,,,
14,98,,,45.07400131225586,,44.07780456542969,44.07780456542969,,,,
14,99,,,35.695858001708984,,34.7014274597168,34.7014274597168,,,,
14,100,,,54.07975387573242,,53.08716583251953,53.08716583251953,,,,
14,101,,,38.37998580932617,,37.38909149169922,37.38909149169922,,,,
14,102,,,30.47052001953125,,29.48149871826172,29.48149871826172,,,,
14,103,,,20.812728881835938,,19.825456619262695,19.825456619262695,,,,
14,104,,,28.51605224609375,,27.530574798583984,27.530574798583984,,,,
,14,,,,,,,,,3.1336448192596436,3.1336448192596436
14,104,,,,,,,3.1336448192596436,3.1336448192596436,,
14,104,35.903751373291016,36.89511489868164,,35.903751373291016,,,,,,
15,105,,,38.53842544555664,,37.55465316772461,37.55465316772461,,,,
15,106,,,29.70267677307129,,28.72056770324707,28.72056770324707,,,,
15,107,,,29.612548828125,,28.632169723510742,28.632169723510742,,,,
15,108,,,30.997068405151367,,30.018400192260742,30.018400192260742,,,,
15,109,,,26.85262107849121,,25.87575912475586,25.87575912475586,,,,
15,110,,,63.326412200927734,,62.35139846801758,62.35139846801758,,,,
15,111,,,41.51029586791992,,40.537235260009766,40.537235260009766,,,,
,15,,,,,,,,,3.100076675415039,3.100076675415039
15,111,,,,,,,3.100076675415039,3.100076675415039,,
15,111,35.8203010559082,36.79938888549805,,35.8203010559082,,,,,,
16,112,,,39.264102935791016,,38.292869567871094,38.292869567871094,,,,
16,113,,,50.74044418334961,,49.77103042602539,49.77103042602539,,,,
16,114,,,23.327932357788086,,22.360307693481445,22.360307693481445,,,,
16,115,,,29.791366577148438,,28.82554817199707,28.82554817199707,,,,
16,116,,,44.409969329833984,,43.44610595703125,43.44610595703125,,,,
16,117,,,28.883644104003906,,27.921579360961914,27.921579360961914,,,,
16,118,,,46.81983947753906,,45.8594856262207,45.8594856262207,,,,
,16,,,,,,,,,3.0634820461273193,3.0634820461273193
16,118,,,,,,,3.0634820461273193,3.0634820461273193,,
16,118,35.73564910888672,36.701942443847656,,35.73564910888672,,,,,,
17,119,,,30.03775978088379,,29.07920265197754,29.07920265197754,,,,
17,120,,,35.80661392211914,,34.849918365478516,34.849918365478516,,,,
17,121,,,31.849096298217773,,30.894201278686523,30.894201278686523,,,,
17,122,,,63.84061050415039,,62.887447357177734,62.887447357177734,,,,
17,123,,,14.803855895996094,,13.852517127990723,13.852517127990723,,,,
17,124,,,46.6960334777832,,45.74637985229492,45.74637985229492,,,,
17,125,,,27.369239807128906,,26.421566009521484,26.421566009521484,,,,
,17,,,,,,,,,3.023988962173462,3.023988962173462
17,125,,,,,,,3.023988962173462,3.023988962173462,,
17,125,35.64200210571289,36.59567642211914,,35.64200210571289,,,,,,
18,126,,,34.61391067504883,,33.668148040771484,33.668148040771484,,,,
18,127,,,39.647918701171875,,38.7041015625,38.7041015625,,,,
18,128,,,16.066200256347656,,15.124163627624512,15.124163627624512,,,,
18,129,,,52.057037353515625,,51.11677932739258,51.11677932739258,,,,
18,130,,,40.245140075683594,,39.30671310424805,39.30671310424805,,,,
18,131,,,43.75981140136719,,42.82316589355469,42.82316589355469,,,,
18,132,,,16.5147705078125,,15.580011367797852,15.580011367797852,,,,
,18,,,,,,,,,2.9807560443878174,2.9807560443878174
18,132,,,,,,,2.9807560443878174,2.9807560443878174,,
18,132,35.5428352355957,36.483619689941406,,35.5428352355957,,,,,,
19,133,,,17.657886505126953,,16.72503662109375,16.72503662109375,,,,
19,134,,,33.22053527832031,,32.2893180847168,32.2893180847168,,,,
19,135,,,42.48381805419922,,41.55448913574219,41.55448913574219,,,,
19,136,,,46.420711517333984,,45.49336624145508,45.49336624145508,,,,
19,137,,,42.57476043701172,,41.649322509765625,41.649322509765625,,,,
19,138,,,34.29877471923828,,33.375205993652344,33.375205993652344,,,,
19,139,,,40.396968841552734,,39.475181579589844,39.475181579589844,,,,
,19,,,,,,,,,2.9309825897216797,2.9309825897216797
19,139,,,,,,,2.9309825897216797,2.9309825897216797,,
19,139,35.433712005615234,36.36162567138672,,35.433712005615234,,,,,,
20,140,,,31.36380958557129,,30.444005966186523,30.444005966186523,,,,
20,141,,,21.362178802490234,,20.444181442260742,20.444181442260742,,,,
20,142,,,44.978912353515625,,44.06277847290039,44.06277847290039,,,,
20,143,,,21.040536880493164,,20.126232147216797,20.126232147216797,,,,
20,144,,,42.68718719482422,,41.77463912963867,41.77463912963867,,,,
20,145,,,50.049930572509766,,49.13932800292969,49.13932800292969,,,,
20,146,,,51.83372116088867,,50.92500305175781,50.92500305175781,,,,
,20,,,,,,,,,2.8713128566741943,2.8713128566741943
20,146,,,,,,,2.8713128566741943,2.8713128566741943,,
20,146,35.30792999267578,36.222774505615234,,35.30792999267578,,,,,,
21,147,,,43.253662109375,,42.347171783447266,42.347171783447266,,,,
21,148,,,36.3211784362793,,35.41656494140625,35.41656494140625,,,,
21,149,,,15.518627166748047,,14.61588191986084,14.61588191986084,,,,
21,150,,,31.73590660095215,,30.835060119628906,30.835060119628906,,,,
21,151,,,52.658966064453125,,51.7598991394043,51.7598991394043,,,,
21,152,,,31.451751708984375,,30.554668426513672,30.554668426513672,,,,
21,153,,,50.54281234741211,,49.6475944519043,49.6475944519043,,,,
,21,,,,,,,,,2.7988195419311523,2.7988195419311523
21,153,,,,,,,2.7988193035125732,2.7988193035125732,,
21,153,35.16032791137695,36.06174850463867,,35.16032791137695,,,,,,
22,154,,,26.45962905883789,,25.56658172607422,25.56658172607422,,,,
22,155,,,36.73912811279297,,35.847991943359375,35.847991943359375,,,,
22,156,,,29.690261840820312,,28.800979614257812,28.800979614257812,,,,
22,157,,,25.387897491455078,,24.500507354736328,24.500507354736328,,,,
22,158,,,42.74159240722656,,41.85608673095703,41.85608673095703,,,,
22,159,,,45.18714904785156,,44.3036003112793,44.3036003112793,,,,
22,160,,,59.863895416259766,,58.9822883605957,58.9822883605957,,,,
,22,,,,,,,,,2.706160306930542,2.706160306930542
22,160,,,,,,,2.706160306930542,2.706160306930542,,
22,160,34.979469299316406,35.86738967895508,,34.979469299316406,,,,,,
23,161,,,29.577377319335938,,28.697818756103516,28.697818756103516,,,,
23,162,,,31.070972442626953,,30.19332504272461,30.19332504272461,,,,
23,163,,,49.53546142578125,,48.659671783447266,48.659671783447266,,,,
23,164,,,43.27825927734375,,42.40457534790039,42.40457534790039,,,,
23,165,,,34.02315139770508,,33.151344299316406,33.151344299316406,,,,
23,166,,,33.38178253173828,,32.51182556152344,32.51182556152344,,,,
23,167,,,16.79501724243164,,15.927042007446289,15.927042007446289,,,,
,23,,,,,,,,,2.591658353805542,2.591658353805542
23,167,,,,,,,2.591658353805542,2.591658353805542,,
23,167,34.759403228759766,35.63374710083008,,34.759403228759766,,,,,,
24,168,,,38.417877197265625,,37.55179214477539,37.55179214477539,,,,
24,169,,,35.21753692626953,,34.353431701660156,34.353431701660156,,,,
24,170,,,30.215232849121094,,29.35293960571289,29.35293960571289,,,,
24,171,,,31.347980499267578,,30.487483978271484,30.487483978271484,,,,
24,172,,,42.41797637939453,,41.55948257446289,41.55948257446289,,,,
24,173,,,32.08308792114258,,31.226646423339844,31.226646423339844,,,,
24,174,,,41.73603820800781,,40.88156509399414,40.88156509399414,,,,
,24,,,,,,,,,2.4418861865997314,2.4418861865997314
24,174,,,,,,,2.4418861865997314,2.4418861865997314,,
24,174,34.48821258544922,35.3491325378418,,34.48821258544922,,,,,,
25,175,,,34.8643913269043,,34.011962890625,34.011962890625,,,,
25,176,,,29.36698341369629,,28.5164852142334,28.5164852142334,,,,
25,177,,,30.768667221069336,,29.920162200927734,29.920162200927734,,,,
25,178,,,44.40149688720703,,43.55495834350586,43.55495834350586,,,,
25,179,,,35.342689514160156,,34.4981803894043,34.4981803894043,,,,
25,180,,,35.33872985839844,,34.496131896972656,34.496131896972656,,,,
25,181,,,34.531097412109375,,33.69050598144531,33.69050598144531,,,,
,25,,,,,,,,,2.2561261653900146,2.2561261653900146
25,181,,,,,,,2.2561261653900146,2.2561261653900146,,
25,181,34.138328552246094,34.98543167114258,,34.138328552246094,,,,,,
26,182,,,29.756141662597656,,28.917402267456055,28.917402267456055,,,,
26,183,,,23.19232749938965,,22.355443954467773,22.355443954467773,,,,
26,184,,,31.92028045654297,,31.085397720336914,31.085397720336914,,,,
26,185,,,32.17976379394531,,31.346723556518555,31.346723556518555,,,,
26,186,,,40.57695388793945,,39.74580383300781,39.74580383300781,,,,
26,187,,,40.596988677978516,,39.7679557800293,39.7679557800293,,,,
26,188,,,58.05591583251953,,57.22896194458008,57.22896194458008,,,,
,26,,,,,,,,,2.0355002880096436,2.0355002880096436
26,188,,,,,,,2.0355002880096436,2.0355002880096436,,
26,188,33.67523193359375,34.50877380371094,,33.67523193359375,,,,,,
27,189,,,22.359697341918945,,21.534839630126953,21.534839630126953,,,,
27,190,,,16.174983978271484,,15.35204792022705,15.35204792022705,,,,
27,191,,,55.470584869384766,,54.64947509765625,54.64947509765625,,,,
27,192,,,34.13505554199219,,33.31599426269531,33.31599426269531,,,,
27,193,,,29.150333404541016,,28.33340835571289,28.33340835571289,,,,
27,194,,,49.524383544921875,,48.70941925048828,48.70941925048828,,,,
27,195,,,24.650218963623047,,23.837329864501953,23.837329864501953,,,,
,27,,,,,,,,,1.7997097969055176,1.7997097969055176
27,195,,,,,,,1.7997099161148071,1.7997099161148071,,
27,195,33.072025299072266,33.89158630371094,,33.072025299072266,,,,,,
28,196,,,26.554779052734375,,25.743711471557617,25.743711471557617,,,,
28,197,,,62.15895462036133,,61.35004425048828,61.35004425048828,,,,
28,198,,,31.759286880493164,,30.952472686767578,30.952472686767578,,,,
28,199,,,16.479660034179688,,15.674705505371094,15.674705505371094,,,,
28,200,,,24.696659088134766,,23.893583297729492,23.893583297729492,,,,
28,201,,,23.737022399902344,,22.935691833496094,22.935691833496094,,,,
28,202,,,69.3073501586914,,68.50798034667969,68.50798034667969,,,,
,28,,,,,,,,,1.5429214239120483,1.5429214239120483
28,202,,,,,,,1.5429214239120483,1.5429214239120483,,
28,202,32.35148620605469,33.1571159362793,,32.35148620605469,,,,,,
29,203,,,19.18136978149414,,18.384363174438477,18.384363174438477,,,,
29,204,,,55.81332015991211,,55.01814270019531,55.01814270019531,,,,
29,205,,,16.123897552490234,,15.330928802490234,15.330928802490234,,,,
29,206,,,27.34035301208496,,26.54905891418457,26.54905891418457,,,,
29,207,,,43.83778762817383,,43.04844665527344,43.04844665527344,,,,
29,208,,,28.009225845336914,,27.222013473510742,27.222013473510742,,,,
29,209,,,40.091461181640625,,39.30622863769531,39.30622863769531,,,,
,29,,,,,,,,,1.3021502494812012,1.3021502494812012
29,209,,,,,,,1.3021501302719116,1.3021501302719116,,
29,209,31.418476104736328,32.21023941040039,,31.418476104736328,,,,,,
30,210,,,29.443864822387695,,28.66050910949707,28.66050910949707,,,,
30,211,,,17.5324764251709,,16.75102424621582,16.75102424621582,,,,
30,212,,,43.02073287963867,,42.240928649902344,42.240928649902344,,,,
30,213,,,17.404756546020508,,16.627050399780273,16.627050399780273,,,,
30,214,,,52.18882751464844,,51.41281509399414,51.41281509399414,,,,
30,215,,,33.14521408081055,,32.37133026123047,32.37133026123047,,,,
30,216,,,15.460247039794922,,14.68852710723877,14.68852710723877,,,,
,30,,,,,,,,,1.0810469388961792,1.0810469388961792
30,216,,,,,,,1.0810469388961792,1.0810469388961792,,
30,216,30.364212036132812,31.14250373840332,,30.364212036132812,,,,,,
31,217,,,34.51725387573242,,33.7473258972168,33.7473258972168,,,,
31,218,,,42.100704193115234,,41.332740783691406,41.332740783691406,,,,
31,219,,,38.64901351928711,,37.88317108154297,37.88317108154297,,,,
31,220,,,22.278785705566406,,21.51493263244629,21.51493263244629,,,,
31,221,,,32.17470169067383,,31.412626266479492,31.412626266479492,,,,
31,222,,,14.220688819885254,,13.460657119750977,13.460657119750977,,,,
31,223,,,19.414941787719727,,18.65654945373535,18.65654945373535,,,,
,31,,,,,,,,,0.8949639797210693,0.8949639797210693
31,223,,,,,,,0.8949639201164246,0.8949639201164246,,
31,223,29.23100471496582,29.995567321777344,,29.23100471496582,,,,,,
32,224,,,20.044353485107422,,19.287616729736328,19.287616729736328,,,,
32,225,,,35.25289535522461,,34.497867584228516,34.497867584228516,,,,
32,226,,,20.036258697509766,,19.28310203552246,19.28310203552246,,,,
32,227,,,30.85063934326172,,30.09913444519043,30.09913444519043,,,,
32,228,,,39.57448959350586,,38.824920654296875,38.824920654296875,,,,
32,229,,,26.75518035888672,,26.007659912109375,26.007659912109375,,,,
32,230,,,26.073612213134766,,25.327970504760742,25.327970504760742,,,,
,32,,,,,,,,,0.7895891070365906,0.7895891070365906
32,230,,,,,,,0.7895891070365906,0.7895891070365906,,
32,230,27.84286880493164,28.59473419189453,,27.84286880493164,,,,,,
33,231,,,23.78170394897461,,23.037891387939453,23.037891387939453,,,,
33,232,,,18.55403709411621,,17.812137603759766,17.812137603759766,,,,
33,233,,,24.27121925354004,,23.531023025512695,23.531023025512695,,,,
33,234,,,44.0099983215332,,43.271419525146484,43.271419525146484,,,,
33,235,,,25.87421989440918,,25.1376953125,25.1376953125,,,,
33,236,,,29.33544158935547,,28.600608825683594,28.600608825683594,,,,
33,237,,,17.978988647460938,,17.246023178100586,17.246023178100586,,,,
,33,,,,,,,,,0.8489789962768555,0.8489789962768555
33,237,,,,,,,0.8489789962768555,0.8489789962768555,,
33,237,26.330671310424805,27.069608688354492,,26.330671310424805,,,,,,
34,238,,,17.47340202331543,,16.741878509521484,16.741878509521484,,,,
34,239,,,21.644208908081055,,20.914264678955078,20.914264678955078,,,,
34,240,,,31.800960540771484,,31.072668075561523,31.072668075561523,,,,
34,241,,,23.562091827392578,,22.835561752319336,22.835561752319336,,,,
34,242,,,32.4912223815918,,31.766489028930664,31.766489028930664,,,,
34,243,,,25.19916534423828,,24.47615623474121,24.47615623474121,,,,
34,244,,,26.570993423461914,,25.849580764770508,25.849580764770508,,,,
,34,,,,,,,,,1.1331478357315063,1.1331478357315063
34,244,,,,,,,1.1331478357315063,1.1331478357315063,,
34,244,24.705978393554688,25.432968139648438,,24.705978393554688,,,,,,
35,245,,,35.43460464477539,,34.714969635009766,34.714969635009766,,,,
35,246,,,25.009370803833008,,24.291542053222656,24.291542053222656,,,,
35,247,,,29.471332550048828,,28.755094528198242,28.755094528198242,,,,
35,248,,,20.431562423706055,,19.71717071533203,19.71717071533203,,,,
35,249,,,13.585041046142578,,12.872191429138184,12.872191429138184,,,,
35,250,,,21.87204933166504,,21.160449981689453,21.160449981689453,,,,
35,251,,,16.00417709350586,,15.294142723083496,15.294142723083496,,,,
,35,,,,,,,,,1.626866102218628,1.626866102218628
35,251,,,,,,,1.626866102218628,1.626866102218628,,
35,251,23.097524642944336,23.812633514404297,,23.097524642944336,,,,,,
36,252,,,28.52128791809082,,27.812755584716797,27.812755584716797,,,,
36,253,,,29.24376106262207,,28.536876678466797,28.536876678466797,,,,
36,254,,,25.642515182495117,,24.93728256225586,24.93728256225586,,,,
36,255,,,10.95640754699707,,10.252847671508789,10.252847671508789,,,,
36,256,,,21.41977882385254,,20.71746826171875,20.71746826171875,,,,
36,257,,,13.31644058227539,,12.615635871887207,12.615635871887207,,,,
36,258,,,33.22352600097656,,32.523826599121094,32.523826599121094,,,,
,36,,,,,,,,,2.4003641605377197,2.4003641605377197
36,258,,,,,,,2.4003641605377197,2.4003641605377197,,
36,258,21.501068115234375,22.205333709716797,,21.501068115234375,,,,,,
37,259,,,24.302831649780273,,23.604772567749023,23.604772567749023,,,,
37,260,,,18.811092376708984,,18.114500045776367,18.114500045776367,,,,
37,261,,,16.37131690979004,,15.675993919372559,15.675993919372559,,,,
37,262,,,31.405981063842773,,30.711915969848633,30.711915969848633,,,,
37,263,,,14.286629676818848,,13.594109535217285,13.594109535217285,,,,
37,264,,,17.19066047668457,,16.499359130859375,16.499359130859375,,,,
37,265,,,24.01352310180664,,23.32352066040039,23.32352066040039,,,,
,37,,,,,,,,,3.4177439212799072,3.4177439212799072
37,265,,,,,,,3.4177439212799072,3.4177439212799072,,
37,265,19.913251876831055,20.607620239257812,,19.913251876831055,,,,,,
38,266,,,15.774335861206055,,15.085884094238281,15.085884094238281,,,,
38,267,,,27.801759719848633,,27.114683151245117,27.114683151245117,,,,
38,268,,,24.833953857421875,,24.14826774597168,24.14826774597168,,,,
38,269,,,14.323748588562012,,13.63943099975586,13.63943099975586,,,,
38,270,,,20.53482437133789,,19.851688385009766,19.851688385009766,,,,
38,271,,,15.00053882598877,,14.318636894226074,14.318636894226074,,,,
38,272,,,10.935450553894043,,10.254639625549316,10.254639625549316,,,,
,38,,,,,,,,,4.538671016693115,4.538671016693115
38,272,,,,,,,4.538671016693115,4.538671016693115,,
38,272,18.51044273376465,19.19528579711914,,18.51044273376465,,,,,,
39,273,,,18.784156799316406,,18.104209899902344,18.104209899902344,,,,
39,274,,,25.351259231567383,,24.67254638671875,24.67254638671875,,,,
39,275,,,8.094063758850098,,7.416736602783203,7.416736602783203,,,,
39,276,,,9.26866626739502,,8.592110633850098,8.592110633850098,,,,
39,277,,,21.05528450012207,,20.37968635559082,20.37968635559082,,,,
39,278,,,24.466480255126953,,23.791967391967773,23.791967391967773,,,,
39,279,,,18.799545288085938,,18.12627410888672,18.12627410888672,,,,
,39,,,,,,,,,5.896217346191406,5.896217346191406
39,279,,,,,,,5.896217346191406,5.896217346191406,,
39,279,17.21640968322754,17.893293380737305,,17.21640968322754,,,,,,
40,280,,,16.983264923095703,,16.311033248901367,16.311033248901367,,,,
40,281,,,27.040996551513672,,26.369850158691406,26.369850158691406,,,,
40,282,,,9.868571281433105,,9.198654174804688,9.198654174804688,,,,
40,283,,,16.323772430419922,,15.654664039611816,15.654664039611816,,,,
40,284,,,18.81226348876953,,18.14399528503418,18.14399528503418,,,,
40,285,,,14.978907585144043,,14.311726570129395,14.311726570129395,,,,
40,286,,,7.353374481201172,,6.687157154083252,6.687157154083252,,,,
,40,,,,,,,,,7.2823028564453125,7.2823028564453125
40,286,,,,,,,7.2823028564453125,7.2823028564453125,,
40,286,16.07805633544922,16.747495651245117,,16.07805633544922,,,,,,
41,287,,,18.478824615478516,,17.81329345703125,17.81329345703125,,,,
41,288,,,12.104988098144531,,11.440404891967773,11.440404891967773,,,,
41,289,,,26.555994033813477,,25.892196655273438,25.892196655273438,,,,
41,290,,,10.02235221862793,,9.359703063964844,9.359703063964844,,,,
41,291,,,9.375965118408203,,8.713995933532715,8.713995933532715,,,,
41,292,,,17.39986228942871,,16.738588333129883,16.738588333129883,,,,
41,293,,,17.263734817504883,,16.603368759155273,16.603368759155273,,,,
,41,,,,,,,,,8.745104789733887,8.745104789733887
41,293,,,,,,,8.745104789733887,8.745104789733887,,
41,293,15.087756156921387,15.750885963439941,,15.087756156921387,,,,,,
42,294,,,19.1885986328125,,18.52913475036621,18.52913475036621,,,,
42,295,,,11.970162391662598,,11.311568260192871,11.311568260192871,,,,
42,296,,,16.23003578186035,,15.572199821472168,15.572199821472168,,,,
42,297,,,12.044526100158691,,11.387478828430176,11.387478828430176,,,,
42,298,,,13.415915489196777,,12.759490013122559,12.759490013122559,,,,
42,299,,,15.87570571899414,,15.220013618469238,15.220013618469238,,,,
42,300,,,15.688749313354492,,15.033914566040039,15.033914566040039,,,,
,42,,,,,,,,,10.254136085510254,10.254136085510254
42,300,,,,,,,10.254136085510254,10.254136085510254,,
42,300,14.18315315246582,14.840505599975586,,14.18315315246582,,,,,,
43,301,,,9.692034721374512,,9.03795337677002,9.03795337677002,,,,
43,302,,,11.385007858276367,,10.731554985046387,10.731554985046387,,,,
43,303,,,13.495423316955566,,12.84260368347168,12.84260368347168,,,,
43,304,,,14.506647109985352,,13.854607582092285,13.854607582092285,,,,
43,305,,,12.592146873474121,,11.940776824951172,11.940776824951172,,,,
43,306,,,21.328805923461914,,20.677919387817383,20.677919387817383,,,,
43,307,,,17.378868103027344,,16.728837966918945,16.728837966918945,,,,
,43,,,,,,,,,11.683038711547852,11.683038711547852
43,307,,,,,,,11.683038711547852,11.683038711547852,,
43,307,13.389605522155762,14.041903495788574,,13.389605522155762,,,,,,
44,308,,,10.003438949584961,,9.354106903076172,9.354106903076172,,,,
44,309,,,16.306791305541992,,15.658021926879883,15.658021926879883,,,,
44,310,,,15.84604549407959,,15.197908401489258,15.197908401489258,,,,
44,311,,,11.040388107299805,,10.392903327941895,10.392903327941895,,,,
44,312,,,16.333255767822266,,15.686269760131836,15.686269760131836,,,,
44,313,,,9.313904762268066,,8.66762638092041,8.66762638092041,,,,
44,314,,,17.953622817993164,,17.307832717895508,17.307832717895508,,,,
,44,,,,,,,,,13.120707511901855,13.120707511901855
44,314,,,,,,,13.120707511901855,13.120707511901855,,
44,314,12.776042938232422,13.42375373840332,,12.776042938232422,,,,,,
45,315,,,15.037735939025879,,14.39260482788086,14.39260482788086,,,,
45,316,,,11.509521484375,,10.864835739135742,10.864835739135742,,,,
45,317,,,12.413437843322754,,11.769274711608887,11.769274711608887,,,,
45,318,,,12.946525573730469,,12.302824020385742,12.302824020385742,,,,
45,319,,,17.047359466552734,,16.404327392578125,16.404327392578125,,,,
45,320,,,8.904932022094727,,8.262487411499023,8.262487411499023,,,,
45,321,,,11.511630058288574,,10.86972713470459,10.86972713470459,,,,
,45,,,,,,,,,13.958417892456055,13.958417892456055
45,321,,,,,,,13.958417892456055,13.958417892456055,,
45,321,12.24666690826416,12.890410423278809,,12.24666690826416,,,,,,
46,322,,,16.29766082763672,,15.655943870544434,15.655943870544434,,,,
46,323,,,15.464618682861328,,14.823455810546875,14.823455810546875,,,,
46,324,,,14.23079776763916,,13.59013843536377,13.59013843536377,,,,
46,325,,,8.99791431427002,,8.357722282409668,8.357722282409668,,,,
46,326,,,8.861725807189941,,8.222025871276855,8.222025871276855,,,,
46,327,,,13.08942985534668,,12.450108528137207,12.450108528137207,,,,
46,328,,,7.290170192718506,,6.651182651519775,6.651182651519775,,,,
,46,,,,,,,,,14.722627639770508,14.722627639770508
46,328,,,,,,,14.722627639770508,14.722627639770508,,
46,328,11.857817649841309,12.498188972473145,,11.857817649841309,,,,,,
47,329,,,11.38038158416748,,10.741703033447266,10.741703033447266,,,,
47,330,,,10.064666748046875,,9.426294326782227,9.426294326782227,,,,
47,331,,,15.600459098815918,,14.962335586547852,14.962335586547852,,,,
47,332,,,9.986961364746094,,9.34929370880127,9.34929370880127,,,,
47,333,,,12.796982765197754,,12.159659385681152,12.159659385681152,,,,
47,334,,,9.061098098754883,,8.424270629882812,8.424270629882812,,,,
47,335,,,21.94968605041504,,21.313261032104492,21.313261032104492,,,,
,47,,,,,,,,,15.601031303405762,15.601031303405762
47,335,,,,,,,15.601031303405762,15.601031303405762,,
47,335,11.459768295288086,12.097518920898438,,11.459768295288086,,,,,,
48,336,,,9.568866729736328,,8.932997703552246,8.932997703552246,,,,
48,337,,,11.341572761535645,,10.706029891967773,10.706029891967773,,,,
48,338,,,12.513176918029785,,11.877989768981934,11.877989768981934,,,,
48,339,,,13.953719139099121,,13.318890571594238,13.318890571594238,,,,
48,340,,,15.81644344329834,,15.181975364685059,15.181975364685059,,,,
48,341,,,8.365351676940918,,7.731281280517578,7.731281280517578,,,,
48,342,,,9.07310962677002,,8.439369201660156,8.439369201660156,,,,
,48,,,,,,,,,16.194671630859375,16.194671630859375
48,342,,,,,,,16.194671630859375,16.194671630859375,,
48,342,11.12375259399414,11.758674621582031,,11.12375259399414,,,,,,
49,343,,,13.396636962890625,,12.763259887695312,12.763259887695312,,,,
49,344,,,14.576850891113281,,13.94372272491455,13.94372272491455,,,,
49,345,,,7.642300128936768,,7.00955867767334,7.00955867767334,,,,
49,346,,,11.722758293151855,,11.090256690979004,11.090256690979004,,,,
49,347,,,10.242258071899414,,9.609990119934082,9.609990119934082,,,,
49,348,,,12.694222450256348,,12.062311172485352,12.062311172485352,,,,
49,349,,,7.907812118530273,,7.276329517364502,7.276329517364502,,,,
,49,,,,,,,,,16.666149139404297,16.666149139404297
49,349,,,,,,,16.666149139404297,16.666149139404297,,
49,349,10.856112480163574,11.488698959350586,,10.856112480163574,,,,,,
50,350,,,11.299979209899902,,10.668841361999512,10.668841361999512,,,,
50,351,,,12.012896537780762,,11.382007598876953,11.382007598876953,,,,
50,352,,,8.659626007080078,,8.029008865356445,8.029008865356445,,,,
50,353,,,11.120377540588379,,10.490031242370605,10.490031242370605,,,,
50,354,,,8.830190658569336,,8.200151443481445,8.200151443481445,,,,
50,355,,,14.068801879882812,,13.439078330993652,13.439078330993652,,,,
50,356,,,15.3350248336792,,14.705565452575684,14.705565452575684,,,,
,50,,,,,,,,,17.275897979736328,17.275897979736328
50,356,,,,,,,17.275897979736328,17.275897979736328,,
50,356,10.623327255249023,11.253726959228516,,10.623327255249023,,,,,,
51,357,,,12.749129295349121,,12.120146751403809,12.120146751403809,,,,
51,358,,,8.495073318481445,,7.866315841674805,7.866315841674805,,,,
51,359,,,11.599434852600098,,10.97105598449707,10.97105598449707,,,,
51,360,,,14.005498886108398,,13.377347946166992,13.377347946166992,,,,
51,361,,,6.3563313484191895,,5.728480339050293,5.728480339050293,,,,
51,362,,,12.19617748260498,,11.568469047546387,11.568469047546387,,,,
51,363,,,13.477823257446289,,12.85046672821045,12.85046672821045,,,,
,51,,,,,,,,,17.548870086669922,17.548870086669922
51,363,,,,,,,17.548870086669922,17.548870086669922,,
51,363,10.423645973205566,11.051894187927246,,10.423645973205566,,,,,,
52,364,,,10.359169960021973,,9.732020378112793,9.732020378112793,,,,
52,365,,,11.572879791259766,,10.945991516113281,10.945991516113281,,,,
52,366,,,12.935423851013184,,12.308697700500488,12.308697700500488,,,,
52,367,,,10.20596694946289,,9.579668045043945,9.579668045043945,,,,
52,368,,,7.973051071166992,,7.347019195556641,7.347019195556641,,,,
52,369,,,13.768902778625488,,13.143025398254395,13.143025398254395,,,,
52,370,,,6.79573917388916,,6.170016765594482,6.170016765594482,,,,
,52,,,,,,,,,17.844308853149414,17.844308853149414
52,370,,,,,,,17.844308853149414,17.844308853149414,,
52,370,10.254145622253418,10.880596160888672,,10.254145622253418,,,,,,
53,371,,,12.829760551452637,,12.204316139221191,12.204316139221191,,,,
53,372,,,10.874744415283203,,10.249506950378418,10.249506950378418,,,,
53,373,,,9.675246238708496,,9.050091743469238,9.050091743469238,,,,
53,374,,,9.857247352600098,,9.232232093811035,9.232232093811035,,,,
53,375,,,8.840299606323242,,8.21558666229248,8.21558666229248,,,,
53,376,,,10.883269309997559,,10.258834838867188,10.258834838867188,,,,
53,377,,,14.41241455078125,,13.788115501403809,13.788115501403809,,,,
,53,,,,,,,,,18.205339431762695,18.205339431762695
53,377,,,,,,,18.205339431762695,18.205339431762695,,
53,377,10.098998069763184,10.723957061767578,,10.098998069763184,,,,,,
54,378,,,10.79947280883789,,10.175689697265625,10.175689697265625,,,,
54,379,,,14.869009017944336,,14.245474815368652,14.245474815368652,,,,
54,380,,,11.044635772705078,,10.42126178741455,10.42126178741455,,,,
54,381,,,9.855685234069824,,9.232492446899414,9.232492446899414,,,,
54,382,,,9.174038887023926,,8.551042556762695,8.551042556762695,,,,
54,383,,,7.9825263023376465,,7.359816074371338,7.359816074371338,,,,
54,384,,,9.69736099243164,,9.074856758117676,9.074856758117676,,,,
,54,,,,,,,,,18.32478904724121,18.32478904724121
54,384,,,,,,,18.32478904724121,18.32478904724121,,
54,384,9.94334888458252,10.566569328308105,,9.94334888458252,,,,,,
55,385,,,11.046213150024414,,10.423809051513672,10.423809051513672,,,,
55,386,,,10.320452690124512,,9.698175430297852,9.698175430297852,,,,
55,387,,,10.415725708007812,,9.793498992919922,9.793498992919922,,,,
55,388,,,8.006683349609375,,7.384679794311523,7.384679794311523,,,,
55,389,,,8.959939002990723,,8.338138580322266,8.338138580322266,,,,
55,390,,,14.55701732635498,,13.935356140136719,13.935356140136719,,,,
55,391,,,8.455536842346191,,7.834099769592285,7.834099769592285,,,,
,55,,,,,,,,,18.441448211669922,18.441448211669922
55,391,,,,,,,18.441448211669922,18.441448211669922,,
55,391,9.805716514587402,10.427742958068848,,9.805716514587402,,,,,,
56,392,,,14.66690444946289,,14.04587173461914,14.04587173461914,,,,
56,393,,,10.426169395446777,,9.805338859558105,9.805338859558105,,,,
56,394,,,7.995558738708496,,7.374851226806641,7.374851226806641,,,,
56,395,,,9.308028221130371,,8.687538146972656,8.687538146972656,,,,
56,396,,,9.33995246887207,,8.719637870788574,8.719637870788574,,,,
56,397,,,10.168927192687988,,9.548704147338867,9.548704147338867,,,,
56,398,,,10.006976127624512,,9.386977195739746,9.386977195739746,,,,
,56,,,,,,,,,18.341135025024414,18.341135025024414
56,398,,,,,,,18.341135025024414,18.341135025024414,,
56,398,9.678754806518555,10.29931926727295,,9.678754806518555,,,,,,
57,399,,,10.798029899597168,,10.178226470947266,10.178226470947266,,,,
57,400,,,10.22565746307373,,9.605972290039062,9.605972290039062,,,,
57,401,,,8.98017406463623,,8.360662460327148,8.360662460327148,,,,
57,402,,,11.907389640808105,,11.288008689880371,11.288008689880371,,,,
57,403,,,9.746492385864258,,9.127309799194336,9.127309799194336,,,,
57,404,,,9.527551651000977,,8.908452987670898,8.908452987670898,,,,
57,405,,,9.793859481811523,,9.174924850463867,9.174924850463867,,,,
,57,,,,,,,,,18.33698844909668,18.33698844909668
57,405,,,,,,,18.33698844909668,18.33698844909668,,
57,405,9.554389953613281,10.173803329467773,,9.554389953613281,,,,,,
58,406,,,12.041221618652344,,11.422606468200684,11.422606468200684,,,,
58,407,,,9.201416969299316,,8.582863807678223,8.582863807678223,,,,
58,408,,,5.8051300048828125,,5.186892032623291,5.186892032623291,,,,
58,409,,,13.67153549194336,,13.053540229797363,13.053540229797363,,,,
58,410,,,8.75819206237793,,8.140355110168457,8.140355110168457,,,,
58,411,,,10.411697387695312,,9.793944358825684,9.793944358825684,,,,
58,412,,,11.234920501708984,,10.617244720458984,10.617244720458984,,,,
,58,,,,,,,,,18.312604904174805,18.312604904174805
58,412,,,,,,,18.312604904174805,18.312604904174805,,
58,412,9.437125205993652,10.05526065826416,,9.437125205993652,,,,,,
59,413,,,11.456830024719238,,10.839208602905273,10.839208602905273,,,,
59,414,,,8.855252265930176,,8.237753868103027,8.237753868103027,,,,
59,415,,,9.691896438598633,,9.074509620666504,9.074509620666504,,,,
59,416,,,8.987970352172852,,8.370627403259277,8.370627403259277,,,,
59,417,,,7.380972385406494,,6.763807773590088,6.763807773590088,,,,
59,418,,,13.661476135253906,,13.044450759887695,13.044450759887695,,,,
59,419,,,8.909468650817871,,8.292645454406738,8.292645454406738,,,,
,59,,,,,,,,,18.245832443237305,18.245832443237305
59,419,,,,,,,18.245832443237305,18.245832443237305,,
59,419,9.32393741607666,9.94124698638916,,9.32393741607666,,,,,,
60,420,,,8.428131103515625,,7.811216831207275,7.811216831207275,,,,
60,421,,,9.364831924438477,,8.748028755187988,8.748028755187988,,,,
60,422,,,11.228144645690918,,10.611376762390137,10.611376762390137,,,,
60,423,,,8.213958740234375,,7.597230911254883,7.597230911254883,,,,
60,424,,,9.825325965881348,,9.208757400512695,9.208757400512695,,,,
60,425,,,10.309785842895508,,9.693211555480957,9.693211555480957,,,,
60,426,,,14.146615028381348,,13.53016471862793,13.53016471862793,,,,
,60,,,,,,,,,18.434467315673828,18.434467315673828
60,426,,,,,,,18.434467315673828,18.434467315673828,,
60,426,9.21468734741211,9.831398010253906,,9.21468734741211,,,,,,
61,427,,,8.172779083251953,,7.556753635406494,7.556753635406494,,,,
61,428,,,9.307852745056152,,8.69186019897461,8.69186019897461,,,,
61,429,,,13.003806114196777,,12.387796401977539,12.387796401977539,,,,
61,430,,,9.46826457977295,,8.852470397949219,8.852470397949219,,,,
61,431,,,10.419623374938965,,9.804056167602539,9.804056167602539,,,,
61,432,,,8.76121997833252,,8.145777702331543,8.145777702331543,,,,
61,433,,,7.698233127593994,,7.08288049697876,7.08288049697876,,,,
,61,,,,,,,,,18.296035766601562,18.296035766601562
61,433,,,,,,,18.296035766601562,18.296035766601562,,
61,433,9.112909317016602,9.72868824005127,,9.112909317016602,,,,,,
62,434,,,8.131326675415039,,7.515887260437012,7.515887260437012,,,,
62,435,,,11.122272491455078,,10.506864547729492,10.506864547729492,,,,
62,436,,,9.876874923706055,,9.261519432067871,9.261519432067871,,,,
62,437,,,8.088037490844727,,7.472701072692871,7.472701072692871,,,,
62,438,,,7.739284515380859,,7.123854160308838,7.123854160308838,,,,
62,439,,,10.010995864868164,,9.395683288574219,9.395683288574219,,,,
62,440,,,17.11499786376953,,16.499906539916992,16.499906539916992,,,,
,62,,,,,,,,,18.432449340820312,18.432449340820312
62,440,,,,,,,18.432449340820312,18.432449340820312,,
62,440,9.013957023620605,9.629321098327637,,9.013957023620605,,,,,,
63,441,,,8.044465065002441,,7.429701328277588,7.429701328277588,,,,
63,442,,,9.602773666381836,,8.988014221191406,8.988014221191406,,,,
63,443,,,8.160477638244629,,7.545912265777588,7.545912265777588,,,,
63,444,,,12.861124038696289,,12.246570587158203,12.246570587158203,,,,
63,445,,,8.12058162689209,,7.506218910217285,7.506218910217285,,,,
63,446,,,9.107537269592285,,8.493206024169922,8.493206024169922,,,,
63,447,,,12.98985767364502,,12.375548362731934,12.375548362731934,,,,
,63,,,,,,,,,18.576496124267578,18.576496124267578
63,447,,,,,,,18.576496124267578,18.576496124267578,,
63,447,8.917717933654785,9.532259941101074,,8.917717933654785,,,,,,
64,448,,,10.936349868774414,,10.322234153747559,10.322234153747559,,,,
64,449,,,8.531611442565918,,7.9176459312438965,7.9176459312438965,,,,
64,450,,,10.174660682678223,,9.560646057128906,9.560646057128906,,,,
64,451,,,7.899127006530762,,7.2852091789245605,7.2852091789245605,,,,
64,452,,,10.629042625427246,,10.015152931213379,10.015152931213379,,,,
64,453,,,5.951107978820801,,5.33734655380249,5.33734655380249,,,,
64,454,,,16.153575897216797,,15.539926528930664,15.539926528930664,,,,
,64,,,,,,,,,18.544551849365234,18.544551849365234
64,454,,,,,,,18.544551849365234,18.544551849365234,,
64,454,8.825992584228516,9.439919471740723,,8.825992584228516,,,,,,
65,455,,,11.256783485412598,,10.643095016479492,10.643095016479492,,,,
65,456,,,9.093029022216797,,8.479474067687988,8.479474067687988,,,,
65,457,,,9.721146583557129,,9.10766315460205,9.10766315460205,,,,
65,458,,,8.007929801940918,,7.394486904144287,7.394486904144287,,,,
65,459,,,7.817013263702393,,7.203676223754883,7.203676223754883,,,,
65,460,,,9.321425437927246,,8.708111763000488,8.708111763000488,,,,
65,461,,,11.819653511047363,,11.206354141235352,11.206354141235352,,,,
,65,,,,,,,,,18.30595588684082,18.30595588684082
65,461,,,,,,,18.30595588684082,18.30595588684082,,
65,461,8.743354797363281,9.356815338134766,,8.743354797363281,,,,,,
66,462,,,5.333813667297363,,4.720473289489746,4.720473289489746,,,,
66,463,,,8.899880409240723,,8.286555290222168,8.286555290222168,,,,
66,464,,,10.75430679321289,,10.140912055969238,10.140912055969238,,,,
66,465,,,8.441340446472168,,7.828127384185791,7.828127384185791,,,,
66,466,,,10.143034934997559,,9.529805183410645,9.529805183410645,,,,
66,467,,,11.95545482635498,,11.342330932617188,11.342330932617188,,,,
66,468,,,9.629629135131836,,9.016590118408203,9.016590118408203,,,,
,66,,,,,,,,,17.996356964111328,17.996356964111328
66,468,,,,,,,17.996356964111328,17.996356964111328,,
66,468,8.663439750671387,9.276697158813477,,8.663439750671387,,,,,,
67,469,,,11.431156158447266,,10.818047523498535,10.818047523498535,,,,
67,470,,,8.522834777832031,,7.909704208374023,7.909704208374023,,,,
67,471,,,9.95783805847168,,9.344880104064941,9.344880104064941,,,,
67,472,,,11.238458633422852,,10.62553882598877,10.62553882598877,,,,
67,473,,,8.139883995056152,,7.526971817016602,7.526971817016602,,,,
67,474,,,5.335894584655762,,4.722911357879639,4.722911357879639,,,,
67,475,,,10.739748001098633,,10.126730918884277,10.126730918884277,,,,
,67,,,,,,,,,18.00615882873535,18.00615882873535
67,475,,,,,,,18.00615882873535,18.00615882873535,,
67,475,8.587541580200195,9.200544357299805,,8.587541580200195,,,,,,
68,476,,,7.580288410186768,,6.967642784118652,6.967642784118652,,,,
68,477,,,11.151217460632324,,10.538716316223145,10.538716316223145,,,,
68,478,,,8.764948844909668,,8.152566909790039,8.152566909790039,,,,
68,479,,,6.7289628982543945,,6.116489410400391,6.116489410400391,,,,
68,480,,,8.135902404785156,,7.523501396179199,7.523501396179199,,,,
68,481,,,11.987360954284668,,11.375017166137695,11.375017166137695,,,,
68,482,,,10.073766708374023,,9.461477279663086,9.461477279663086,,,,
,68,,,,,,,,,17.811647415161133,17.811647415161133
68,482,,,,,,,17.811647415161133,17.811647415161133,,
68,482,8.505410194396973,9.117857933044434,,8.505410194396973,,,,,,
69,483,,,9.16103458404541,,8.548576354980469,8.548576354980469,,,,
69,484,,,10.868349075317383,,10.255895614624023,10.255895614624023,,,,
69,485,,,7.554811954498291,,6.942403316497803,6.942403316497803,,,,
69,486,,,6.982619285583496,,6.370176315307617,6.370176315307617,,,,
69,487,,,9.656638145446777,,9.044206619262695,9.044206619262695,,,,
69,488,,,9.545239448547363,,8.932903289794922,8.932903289794922,,,,
69,489,,,10.300368309020996,,9.688044548034668,9.688044548034668,,,,
,69,,,,,,,,,17.72197914123535,17.72197914123535
69,489,,,,,,,17.72197914123535,17.72197914123535,,
69,489,8.427791595458984,9.04020881652832,,8.427791595458984,,,,,,
70,490,,,9.49709415435791,,8.884775161743164,8.884775161743164,,,,
70,491,,,8.378307342529297,,7.765839576721191,7.765839576721191,,,,
70,492,,,8.123798370361328,,7.511207580566406,7.511207580566406,,,,
70,493,,,8.814238548278809,,8.201716423034668,8.201716423034668,,,,
70,494,,,8.269076347351074,,7.656550407409668,7.656550407409668,,,,
70,495,,,10.937877655029297,,10.325485229492188,10.325485229492188,,,,
70,496,,,8.214217185974121,,7.601904392242432,7.601904392242432,,,,
,70,,,,,,,,,17.663314819335938,17.663314819335938
70,496,,,,,,,17.663314819335938,17.663314819335938,,
70,496,8.34451675415039,8.956975936889648,,8.34451675415039,,,,,,
71,497,,,9.158358573913574,,8.546187400817871,8.546187400817871,,,,
71,498,,,5.850430965423584,,5.238385200500488,5.238385200500488,,,,
71,499,,,9.739712715148926,,9.127545356750488,9.127545356750488,,,,
71,500,,,10.557219505310059,,9.945101737976074,9.945101737976074,,,,
71,501,,,7.568642616271973,,6.956636428833008,6.956636428833008,,,,
71,502,,,9.738348007202148,,9.126337051391602,9.126337051391602,,,,
71,503,,,10.562081336975098,,9.950053215026855,9.950053215026855,,,,
,71,,,,,,,,,17.55736541748047,17.55736541748047
71,503,,,,,,,17.55736541748047,17.55736541748047,,
71,503,8.262189865112305,8.874273300170898,,8.262189865112305,,,,,,
72,504,,,10.709589004516602,,10.097503662109375,10.097503662109375,,,,
72,505,,,7.706784725189209,,7.094852924346924,7.094852924346924,,,,
72,506,,,8.528148651123047,,7.916069984436035,7.916069984436035,,,,
72,507,,,8.70395278930664,,8.091756820678711,8.091756820678711,,,,
72,508,,,8.102112770080566,,7.489997386932373,7.489997386932373,,,,
72,509,,,7.274122714996338,,6.6620917320251465,6.6620917320251465,,,,
72,510,,,13.378233909606934,,12.766121864318848,12.766121864318848,,,,
,72,,,,,,,,,17.635210037231445,17.635210037231445
72,510,,,,,,,17.635210037231445,17.635210037231445,,
72,510,8.178754806518555,8.790831565856934,,8.178754806518555,,,,,,
73,511,,,9.613758087158203,,9.001729965209961,9.001729965209961,,,,
73,512,,,10.881122589111328,,10.269023895263672,10.269023895263672,,,,
73,513,,,9.02287483215332,,8.410904884338379,8.410904884338379,,,,
73,514,,,6.303642272949219,,5.691482067108154,5.691482067108154,,,,
73,515,,,4.760119915008545,,4.1479387283325195,4.1479387283325195,,,,
73,516,,,11.130073547363281,,10.51795482635498,10.51795482635498,,,,
73,517,,,10.113007545471191,,9.500930786132812,9.500930786132812,,,,
,73,,,,,,,,,17.57439613342285,17.57439613342285
73,517,,,,,,,17.57439613342285,17.57439613342285,,
73,517,8.094412803649902,8.706504821777344,,8.094412803649902,,,,,,
74,518,,,8.02313232421875,,7.411043167114258,7.411043167114258,,,,
74,519,,,7.745239734649658,,7.1330342292785645,7.1330342292785645,,,,
74,520,,,8.932806015014648,,8.320584297180176,8.320584297180176,,,,
74,521,,,8.649638175964355,,8.037446022033691,8.037446022033691,,,,
74,522,,,9.433560371398926,,8.82135009765625,8.82135009765625,,,,
74,523,,,9.564360618591309,,8.952173233032227,8.952173233032227,,,,
74,524,,,6.856513977050781,,6.244349479675293,6.244349479675293,,,,
,74,,,,,,,,,17.356674194335938,17.356674194335938
74,524,,,,,,,17.356674194335938,17.356674194335938,,
74,524,8.002707481384277,8.614891052246094,,8.002707481384277,,,,,,
75,525,,,12.626981735229492,,12.014734268188477,12.014734268188477,,,,
75,526,,,7.161777973175049,,6.54949951171875,6.54949951171875,,,,
75,527,,,8.638049125671387,,8.02578353881836,8.02578353881836,,,,
75,528,,,8.365565299987793,,7.753194808959961,7.753194808959961,,,,
75,529,,,7.743609428405762,,7.131258487701416,7.131258487701416,,,,
75,530,,,6.506093978881836,,5.893677234649658,5.893677234649658,,,,
75,531,,,8.939238548278809,,8.32687759399414,8.32687759399414,,,,
,75,,,,,,,,,17.248167037963867,17.248167037963867
75,531,,,,,,,17.248167037963867,17.248167037963867,,
75,531,7.920114040374756,8.532437324523926,,7.920114040374756,,,,,,
76,532,,,9.014633178710938,,8.402137756347656,8.402137756347656,,,,
76,533,,,7.854602336883545,,7.242096900939941,7.242096900939941,,,,
76,534,,,8.8697509765625,,8.25716495513916,8.25716495513916,,,,
76,535,,,8.772201538085938,,8.159422874450684,8.159422874450684,,,,
76,536,,,8.751896858215332,,8.139002799987793,8.139002799987793,,,,
76,537,,,6.479560375213623,,5.866672515869141,5.866672515869141,,,,
76,538,,,11.121813774108887,,10.508980751037598,10.508980751037598,,,,
,76,,,,,,,,,17.244691848754883,17.244691848754883
76,538,,,,,,,17.244691848754883,17.244691848754883,,
76,538,7.844292640686035,8.456992149353027,,7.844292640686035,,,,,,
77,539,,,9.707204818725586,,9.09458065032959,9.09458065032959,,,,
77,540,,,6.911416053771973,,6.2987260818481445,6.2987260818481445,,,,
77,541,,,8.362420082092285,,7.749805450439453,7.749805450439453,,,,
77,542,,,8.938165664672852,,8.325477600097656,8.325477600097656,,,,
77,543,,,9.630353927612305,,9.017642974853516,9.017642974853516,,,,
77,544,,,6.379098892211914,,5.766407012939453,5.766407012939453,,,,
77,545,,,9.136029243469238,,8.523283958435059,8.523283958435059,,,,
,77,,,,,,,,,17.084945678710938,17.084945678710938
77,545,,,,,,,17.084945678710938,17.084945678710938,,
77,545,7.756685733795166,8.369359970092773,,7.756685733795166,,,,,,
78,546,,,6.247595310211182,,5.634741306304932,5.634741306304932,,,,
78,547,,,8.65181827545166,,8.038769721984863,8.038769721984863,,,,
78,548,,,9.403681755065918,,8.79063606262207,8.79063606262207,,,,
78,549,,,8.652898788452148,,8.039961814880371,8.039961814880371,,,,
78,550,,,9.106709480285645,,8.49374008178711,8.49374008178711,,,,
78,551,,,8.840317726135254,,8.227154731750488,8.227154731750488,,,,
78,552,,,5.451690673828125,,4.8385138511657715,4.8385138511657715,,,,
,78,,,,,,,,,16.928848266601562,16.928848266601562
78,552,,,,,,,16.928848266601562,16.928848266601562,,
78,552,7.692461967468262,8.305475234985352,,7.692461967468262,,,,,,
79,553,,,9.735283851623535,,9.122209548950195,9.122209548950195,,,,
79,554,,,6.676878452301025,,6.063714981079102,6.063714981079102,,,,
79,555,,,6.496800899505615,,5.883506774902344,5.883506774902344,,,,
79,556,,,11.06261157989502,,10.44924259185791,10.44924259185791,,,,
79,557,,,7.731431007385254,,7.118051052093506,7.118051052093506,,,,
79,558,,,6.569725036621094,,5.956348419189453,5.956348419189453,,,,
79,559,,,10.964712142944336,,10.351347923278809,10.351347923278809,,,,
,79,,,,,,,,,16.875192642211914,16.875192642211914
79,559,,,,,,,16.875192642211914,16.875192642211914,,
79,559,7.603894233703613,8.21717643737793,,7.603894233703613,,,,,,
80,560,,,5.516825199127197,,4.903448581695557,4.903448581695557,,,,
80,561,,,8.576118469238281,,7.962574005126953,7.962574005126953,,,,
80,562,,,9.460592269897461,,8.847021102905273,8.847021102905273,,,,
80,563,,,6.089674949645996,,5.476009845733643,5.476009845733643,,,,
80,564,,,9.610920906066895,,8.997313499450684,8.997313499450684,,,,
80,565,,,8.015425682067871,,7.401731967926025,7.401731967926025,,,,
80,566,,,12.20685863494873,,11.593153953552246,11.593153953552246,,,,
,80,,,,,,,,,16.76148223876953,16.76148223876953
80,566,,,,,,,16.76148223876953,16.76148223876953,,
80,566,7.519299030303955,8.132883071899414,,7.519299030303955,,,,,,
81,567,,,10.367547988891602,,9.753789901733398,9.753789901733398,,,,
81,568,,,7.754671096801758,,7.1408538818359375,7.1408538818359375,,,,
81,569,,,6.943536758422852,,6.329554080963135,6.329554080963135,,,,
81,570,,,7.095300197601318,,6.4811811447143555,6.4811811447143555,,,,
81,571,,,8.56936264038086,,7.955276012420654,7.955276012420654,,,,
81,572,,,8.518926620483398,,7.904831409454346,7.904831409454346,,,,
81,573,,,5.684446811676025,,5.0702643394470215,5.0702643394470215,,,,
,81,,,,,,,,,16.501304626464844,16.501304626464844
81,573,,,,,,,16.501304626464844,16.501304626464844,,
81,573,7.445777893066406,8.05976676940918,,7.445777893066406,,,,,,
82,574,,,7.750205039978027,,7.136072158813477,7.136072158813477,,,,
82,575,,,9.68570613861084,,9.071483612060547,9.071483612060547,,,,
82,576,,,7.250149726867676,,6.635979175567627,6.635979175567627,,,,
82,577,,,5.533745765686035,,4.919402122497559,4.919402122497559,,,,
82,578,,,9.947595596313477,,9.333268165588379,9.333268165588379,,,,
82,579,,,7.287694454193115,,6.673274517059326,6.673274517059326,,,,
82,580,,,9.125584602355957,,8.510994911193848,8.510994911193848,,,,
,82,,,,,,,,,16.52031135559082,16.52031135559082
82,580,,,,,,,16.52031135559082,16.52031135559082,,
82,580,7.366447448730469,7.980735778808594,,7.366447448730469,,,,,,
83,581,,,7.579685211181641,,6.965241432189941,6.965241432189941,,,,
83,582,,,8.511529922485352,,7.89703893661499,7.89703893661499,,,,
83,583,,,8.586201667785645,,7.9716691970825195,7.9716691970825195,,,,
83,584,,,7.402341842651367,,6.787795543670654,6.787795543670654,,,,
83,585,,,6.7704057693481445,,6.155734539031982,6.155734539031982,,,,
83,586,,,8.246345520019531,,7.631567478179932,7.631567478179932,,,,
83,587,,,8.805179595947266,,8.19037914276123,8.19037914276123,,,,
,83,,,,,,,,,16.443662643432617,16.443662643432617
83,587,,,,,,,16.443662643432617,16.443662643432617,,
83,587,7.291049957275391,7.905639171600342,,7.291049957275391,,,,,,
84,588,,,7.6774091720581055,,7.062467098236084,7.062467098236084,,,,
84,589,,,9.98079776763916,,9.365717887878418,9.365717887878418,,,,
84,590,,,7.200091361999512,,6.584890365600586,6.584890365600586,,,,
84,591,,,8.285056114196777,,7.669904708862305,7.669904708862305,,,,
84,592,,,6.0760369300842285,,5.460775375366211,5.460775375366211,,,,
84,593,,,7.895903587341309,,7.28055477142334,7.28055477142334,,,,
84,594,,,7.59606409072876,,6.980642318725586,6.980642318725586,,,,
,84,,,,,,,,,16.345258712768555,16.345258712768555
84,594,,,,,,,16.345258712768555,16.345258712768555,,
84,594,7.222282409667969,7.837461948394775,,7.222282409667969,,,,,,
85,595,,,7.258740425109863,,6.643222332000732,6.643222332000732,,,,
85,596,,,10.04422378540039,,9.428522109985352,9.428522109985352,,,,
85,597,,,6.188292503356934,,5.572518348693848,5.572518348693848,,,,
85,598,,,9.00035572052002,,8.38451862335205,8.38451862335205,,,,
85,599,,,7.835639476776123,,7.219725608825684,7.219725608825684,,,,
85,600,,,6.350423336029053,,5.734329700469971,5.734329700469971,,,,
85,601,,,7.661202430725098,,7.045068740844727,7.045068740844727,,,,
,85,,,,,,,,,16.21757698059082,16.21757698059082
85,601,,,,,,,16.21757698059082,16.21757698059082,,
85,601,7.156821250915527,7.772646903991699,,7.156821250915527,,,,,,
86,602,,,9.770386695861816,,9.15440559387207,9.15440559387207,,,,
86,603,,,5.858055114746094,,5.241950511932373,5.241950511932373,,,,
86,604,,,7.582382678985596,,6.966336250305176,6.966336250305176,,,,
86,605,,,5.664996147155762,,5.048848628997803,5.048848628997803,,,,
86,606,,,8.636783599853516,,8.02043628692627,8.02043628692627,,,,
86,607,,,8.823264122009277,,8.206926345825195,8.206926345825195,,,,
86,608,,,7.4623637199401855,,6.845914363861084,6.845914363861084,,,,
,86,,,,,,,,,16.104806900024414,16.104806900024414
86,608,,,,,,,16.104806900024414,16.104806900024414,,
86,608,7.09115743637085,7.707334041595459,,7.09115743637085,,,,,,
87,609,,,8.951991081237793,,8.335455894470215,8.335455894470215,,,,
87,610,,,7.332951068878174,,6.716349124908447,6.716349124908447,,,,
87,611,,,7.722048759460449,,7.105270862579346,7.105270862579346,,,,
87,612,,,7.503177165985107,,6.886351108551025,6.886351108551025,,,,
87,613,,,6.2366042137146,,5.6197309494018555,5.6197309494018555,,,,
87,614,,,7.810657978057861,,7.193727970123291,7.193727970123291,,,,
87,615,,,8.352439880371094,,7.735412120819092,7.735412120819092,,,,
,87,,,,,,,,,15.806251525878906,15.806251525878906
87,615,,,,,,,15.806251525878906,15.806251525878906,,
87,615,7.020810604095459,7.637583255767822,,7.020810604095459,,,,,,
88,616,,,7.385303974151611,,6.7680864334106445,6.7680864334106445,,,,
88,617,,,7.777181148529053,,7.159977912902832,7.159977912902832,,,,
88,618,,,8.953646659851074,,8.33636474609375,8.33636474609375,,,,
88,619,,,6.976632118225098,,6.359169960021973,6.359169960021973,,,,
88,620,,,8.84152603149414,,8.224058151245117,8.224058151245117,,,,
88,621,,,6.4784417152404785,,5.860728740692139,5.860728740692139,,,,
88,622,,,4.963408470153809,,4.345650672912598,4.345650672912598,,,,
,88,,,,,,,,,15.576725959777832,15.576725959777832
88,622,,,,,,,15.576725959777832,15.576725959777832,,
88,622,6.954981327056885,7.572393894195557,,6.954981327056885,,,,,,
89,623,,,7.6274237632751465,,7.009505748748779,7.009505748748779,,,,
89,624,,,9.270317077636719,,8.652271270751953,8.652271270751953,,,,
89,625,,,8.301220893859863,,7.683047294616699,7.683047294616699,,,,
89,626,,,5.280997276306152,,4.662793159484863,4.662793159484863,,,,
89,627,,,7.293435096740723,,6.675067901611328,6.675067901611328,,,,
89,628,,,7.100042819976807,,6.481657981872559,6.481657981872559,,,,
89,629,,,7.816779136657715,,7.198282718658447,7.198282718658447,,,,
,89,,,,,,,,,15.29006290435791,15.29006290435791
89,629,,,,,,,15.29006290435791,15.29006290435791,,
89,629,6.880580425262451,7.498781681060791,,6.880580425262451,,,,,,
90,630,,,9.328968048095703,,8.710264205932617,8.710264205932617,,,,
90,631,,,5.629271030426025,,5.010418891906738,5.010418891906738,,,,
90,632,,,6.79763650894165,,6.178680419921875,6.178680419921875,,,,
90,633,,,8.433305740356445,,7.81415319442749,7.81415319442749,,,,
90,634,,,5.579185962677002,,4.9599480628967285,4.9599480628967285,,,,
90,635,,,7.582901954650879,,6.9635844230651855,6.9635844230651855,,,,
90,636,,,10.415705680847168,,9.796347618103027,9.796347618103027,,,,
,90,,,,,,,,,14.957772254943848,14.957772254943848
90,636,,,,,,,14.957772254943848,14.957772254943848,,
90,636,6.793832302093506,7.412887096405029,,6.793832302093506,,,,,,
91,637,,,6.856391906738281,,6.236927032470703,6.236927032470703,,,,
91,638,,,6.950232982635498,,6.3307204246521,6.3307204246521,,,,
91,639,,,8.477195739746094,,7.857542514801025,7.857542514801025,,,,
91,640,,,7.431598663330078,,6.811882495880127,6.811882495880127,,,,
91,641,,,8.181406021118164,,7.561532974243164,7.561532974243164,,,,
91,642,,,6.738497734069824,,6.118555545806885,6.118555545806885,,,,
91,643,,,5.566690921783447,,4.946561336517334,4.946561336517334,,,,
,91,,,,,,,,,14.735065460205078,14.735065460205078
91,643,,,,,,,14.735066413879395,14.735066413879395,,
91,643,6.709352970123291,7.32907247543335,,6.709352970123291,,,,,,
92,644,,,8.309221267700195,,7.689123153686523,7.689123153686523,,,,
92,645,,,7.368498802185059,,6.748356342315674,6.748356342315674,,,,
92,646,,,4.323137283325195,,3.7027974128723145,3.7027974128723145,,,,
92,647,,,8.739835739135742,,8.119457244873047,8.119457244873047,,,,
92,648,,,7.698099613189697,,7.0775651931762695,7.0775651931762695,,,,
92,649,,,6.348922252655029,,5.728289604187012,5.728289604187012,,,,
92,650,,,9.346001625061035,,8.725370407104492,8.725370407104492,,,,
,92,,,,,,,,,14.614988327026367,14.614988327026367
92,650,,,,,,,14.614988327026367,14.614988327026367,,
92,650,6.64119291305542,7.261563301086426,,6.64119291305542,,,,,,
93,651,,,8.247278213500977,,7.6263957023620605,7.6263957023620605,,,,
93,652,,,5.654606819152832,,5.033425331115723,5.033425331115723,,,,
93,653,,,8.212665557861328,,7.591381072998047,7.591381072998047,,,,
93,654,,,6.931952476501465,,6.31062126159668,6.31062126159668,,,,
93,655,,,6.50123405456543,,5.879828453063965,5.879828453063965,,,,
93,656,,,7.203636646270752,,6.582221031188965,6.582221031188965,,,,
93,657,,,8.502874374389648,,7.881354331970215,7.881354331970215,,,,
,93,,,,,,,,,14.430685043334961,14.430685043334961
93,657,,,,,,,14.430685043334961,14.430685043334961,,
93,657,6.585000991821289,7.2062668800354,,6.585000991821289,,,,,,
94,658,,,5.622820854187012,,5.001087665557861,5.001087665557861,,,,
94,659,,,7.077535152435303,,6.455634117126465,6.455634117126465,,,,
94,660,,,8.865708351135254,,8.24383544921875,8.24383544921875,,,,
94,661,,,5.352643013000488,,4.730631351470947,4.730631351470947,,,,
94,662,,,9.093246459960938,,8.47121810913086,8.47121810913086,,,,
94,663,,,6.454440116882324,,5.832167625427246,5.832167625427246,,,,
94,664,,,8.10452651977539,,7.482167720794678,7.482167720794678,,,,
,94,,,,,,,,,14.245599746704102,14.245599746704102
94,664,,,,,,,14.245599746704102,14.245599746704102,,
94,664,6.516139030456543,7.138131618499756,,6.516139030456543,,,,,,
95,665,,,8.54472541809082,,7.922160625457764,7.922160625457764,,,,
95,666,,,5.325793266296387,,4.7030229568481445,4.7030229568481445,,,,
95,667,,,8.231941223144531,,7.60908842086792,7.60908842086792,,,,
95,668,,,6.68761682510376,,6.064718723297119,6.064718723297119,,,,
95,669,,,9.409707069396973,,8.786524772644043,8.786524772644043,,,,
95,670,,,5.554413318634033,,4.931225776672363,4.931225776672363,,,,
95,671,,,3.7788312435150146,,3.1554958820343018,3.1554958820343018,,,,
,95,,,,,,,,,14.013519287109375,14.013519287109375
95,671,,,,,,,14.013519287109375,14.013519287109375,,
95,671,6.462752819061279,7.085687160491943,,6.462752819061279,,,,,,
96,672,,,6.243960857391357,,5.620603084564209,5.620603084564209,,,,
96,673,,,7.894264221191406,,7.270687580108643,7.270687580108643,,,,
96,674,,,5.582808017730713,,4.959195613861084,4.959195613861084,,,,
96,675,,,7.75559663772583,,7.131806373596191,7.131806373596191,,,,
96,676,,,7.557343006134033,,6.933473587036133,6.933473587036133,,,,
96,677,,,6.658427715301514,,6.034463405609131,6.034463405609131,,,,
96,678,,,8.180547714233398,,7.556472301483154,7.556472301483154,,,,
,96,,,,,,,,,13.875779151916504,13.875779151916504
96,678,,,,,,,13.875779151916504,13.875779151916504,,
96,678,6.397475242614746,7.021193504333496,,6.397475242614746,,,,,,
97,679,,,6.339571475982666,,5.715470314025879,5.715470314025879,,,,
97,680,,,9.20556640625,,8.58125114440918,8.58125114440918,,,,
97,681,,,6.903085708618164,,6.278688430786133,6.278688430786133,,,,
97,682,,,5.155230522155762,,4.530835151672363,4.530835151672363,,,,
97,683,,,4.882001876831055,,4.257406711578369,4.257406711578369,,,,
97,684,,,9.448041915893555,,8.823410034179688,8.823410034179688,,,,
97,685,,,6.580239772796631,,5.955491542816162,5.955491542816162,,,,
,97,,,,,,,,,13.71808910369873,13.71808910369873
97,685,,,,,,,13.71808910369873,13.71808910369873,,
97,685,6.340449810028076,6.964877128601074,,6.340449810028076,,,,,,
98,686,,,6.569447040557861,,5.9445366859436035,5.9445366859436035,,,,
98,687,,,7.925347805023193,,7.300305366516113,7.300305366516113,,,,
98,688,,,6.898592472076416,,6.273411273956299,6.273411273956299,,,,
98,689,,,6.839442729949951,,6.214183807373047,6.214183807373047,,,,
98,690,,,7.72504997253418,,7.099745273590088,7.099745273590088,,,,
98,691,,,5.7866926193237305,,5.161210536956787,5.161210536956787,,,,
98,692,,,6.041811943054199,,5.4162139892578125,5.4162139892578125,,,,
,98,,,,,,,,,13.42697525024414,13.42697525024414
98,692,,,,,,,13.426976203918457,13.426976203918457,,
98,692,6.278348922729492,6.903568744659424,,6.278348922729492,,,,,,
99,693,,,7.011909008026123,,6.386147975921631,6.386147975921631,,,,
99,694,,,4.396119594573975,,3.7703139781951904,3.7703139781951904,,,,
99,695,,,7.398628234863281,,6.772572040557861,6.772572040557861,,,,
99,696,,,8.983824729919434,,8.357717514038086,8.357717514038086,,,,
99,697,,,7.609525680541992,,6.983313083648682,6.983313083648682,,,,
99,698,,,6.474171161651611,,5.847787857055664,5.847787857055664,,,,
99,699,,,4.638010025024414,,4.011448860168457,4.011448860168457,,,,
,99,,,,,,,,,13.285528182983398,13.285528182983398
99,699,,,,,,,13.285528182983398,13.285528182983398,,
99,699,6.215238094329834,6.841322898864746,,6.215238094329834,,,,,,
100,700,,,7.299291610717773,,6.672776699066162,6.672776699066162,,,,
100,701,,,8.46651554107666,,7.840015411376953,7.840015411376953,,,,
100,702,,,6.6796875,,6.053139686584473,6.053139686584473,,,,
100,703,,,7.326762676239014,,6.700066089630127,6.700066089630127,,,,
100,704,,,6.601434230804443,,5.97443962097168,5.97443962097168,,,,
100,705,,,5.499986171722412,,4.872808933258057,4.872808933258057,,,,
100,706,,,3.594993829727173,,2.9678304195404053,2.9678304195404053,,,,
,100,,,,,,,,,13.060237884521484,13.060237884521484
100,706,,,,,,,13.060236930847168,13.060236930847168,,
100,706,6.153127670288086,6.779890060424805,,6.153127670288086,,,,,,
101,707,,,6.1463470458984375,,5.518915176391602,5.518915176391602,,,,
101,708,,,7.214663505554199,,6.587047100067139,6.587047100067139,,,,
101,709,,,4.94886589050293,,4.321050643920898,4.321050643920898,,,,
101,710,,,9.263792037963867,,8.635984420776367,8.635984420776367,,,,
101,711,,,6.924541473388672,,6.296648979187012,6.296648979187012,,,,
101,712,,,6.73275089263916,,6.104618549346924,6.104618549346924,,,,
101,713,,,4.332118988037109,,3.7039272785186768,3.7039272785186768,,,,
,101,,,,,,,,,12.879044532775879,12.879044532775879
101,713,,,,,,,12.879044532775879,12.879044532775879,,
101,713,6.094625473022461,6.722431659698486,,6.094625473022461,,,,,,
102,714,,,5.594537258148193,,4.96619176864624,4.96619176864624,,,,
102,715,,,6.703372001647949,,6.074841022491455,6.074841022491455,,,,
102,716,,,7.23496150970459,,6.6063127517700195,6.6063127517700195,,,,
102,717,,,6.973740100860596,,6.345077991485596,6.345077991485596,,,,
102,718,,,5.631462574005127,,5.002651691436768,5.002651691436768,,,,
102,719,,,7.7604851722717285,,7.131572246551514,7.131572246551514,,,,
102,720,,,6.995512008666992,,6.366486072540283,6.366486072540283,,,,
,102,,,,,,,,,12.753643035888672,12.753643035888672
102,720,,,,,,,12.753642082214355,12.753642082214355,,
102,720,6.04142427444458,6.670098304748535,,6.04142427444458,,,,,,
103,721,,,8.151517868041992,,7.52220344543457,7.52220344543457,,,,
103,722,,,7.202103614807129,,6.572701454162598,6.572701454162598,,,,
103,723,,,5.84293794631958,,5.213296413421631,5.213296413421631,,,,
103,724,,,7.126687049865723,,6.496819496154785,6.496819496154785,,,,
103,725,,,5.978992462158203,,5.349072456359863,5.349072456359863,,,,
103,726,,,5.668966293334961,,5.039050102233887,5.039050102233887,,,,
103,727,,,5.918813228607178,,5.288703441619873,5.288703441619873,,,,
,103,,,,,,,,,12.698427200317383,12.698427200317383
103,727,,,,,,,12.698427200317383,12.698427200317383,,
103,727,5.988455772399902,6.61815881729126,,5.988455772399902,,,,,,
104,728,,,9.373327255249023,,8.743125915527344,8.743125915527344,,,,
104,729,,,6.879360198974609,,6.2491278648376465,6.2491278648376465,,,,
104,730,,,5.373032569885254,,4.742671012878418,4.742671012878418,,,,
104,731,,,6.9007673263549805,,6.270199298858643,6.270199298858643,,,,
104,732,,,4.704146385192871,,4.073513984680176,4.073513984680176,,,,
104,733,,,6.3131184577941895,,5.682388782501221,5.682388782501221,,,,
104,734,,,6.261377811431885,,5.630379676818848,5.630379676818848,,,,
,104,,,,,,,,,12.712624549865723,12.712624549865723
104,734,,,,,,,12.712624549865723,12.712624549865723,,
104,734,5.940771579742432,6.571258068084717,,5.940771579742432,,,,,,
105,735,,,6.86276388168335,,6.231791019439697,6.231791019439697,,,,
105,736,,,6.603962421417236,,5.972884654998779,5.972884654998779,,,,
105,737,,,6.376593589782715,,5.745366096496582,5.745366096496582,,,,
105,738,,,5.88823127746582,,5.256890296936035,5.256890296936035,,,,
105,739,,,6.833098411560059,,6.201727867126465,6.201727867126465,,,,
105,740,,,6.2416253089904785,,5.610304355621338,5.610304355621338,,,,
105,741,,,7.363596439361572,,6.731865406036377,6.731865406036377,,,,
,105,,,,,,,,,12.6510591506958,12.6510591506958
105,741,,,,,,,12.6510591506958,12.6510591506958,,
105,741,5.889163017272949,6.520411491394043,,5.889163017272949,,,,,,
106,742,,,5.983940124511719,,5.352142333984375,5.352142333984375,,,,
106,743,,,6.105109691619873,,5.4731292724609375,5.4731292724609375,,,,
106,744,,,6.995039939880371,,6.362925052642822,6.362925052642822,,,,
106,745,,,5.22614860534668,,4.593882083892822,4.593882083892822,,,,
106,746,,,6.598140716552734,,5.9658589363098145,5.9658589363098145,,,,
106,747,,,5.995162010192871,,5.362686634063721,5.362686634063721,,,,
106,748,,,11.297470092773438,,10.664937973022461,10.664937973022461,,,,
,106,,,,,,,,,12.410904884338379,12.410904884338379
106,748,,,,,,,12.410904884338379,12.410904884338379,,
106,748,5.82117223739624,6.453347682952881,,5.82117223739624,,,,,,
107,749,,,4.658540725708008,,4.025693893432617,4.025693893432617,,,,
107,750,,,5.17214822769165,,4.5391435623168945,4.5391435623168945,,,,
107,751,,,5.1983537673950195,,4.565250873565674,4.565250873565674,,,,
107,752,,,8.857860565185547,,8.224712371826172,8.224712371826172,,,,
107,753,,,7.642688751220703,,7.009463310241699,7.009463310241699,,,,
107,754,,,6.5560302734375,,5.922470569610596,5.922470569610596,,,,
107,755,,,7.271155834197998,,6.63748025894165,6.63748025894165,,,,
,107,,,,,,,,,12.266794204711914,12.266794204711914
107,755,,,,,,,12.266794204711914,12.266794204711914,,
107,755,5.768751621246338,6.401930332183838,,5.768751621246338,,,,,,
108,756,,,5.703853607177734,,5.070001602172852,5.070001602172852,,,,
108,757,,,5.961081027984619,,5.327304363250732,5.327304363250732,,,,
108,758,,,6.392084121704102,,5.7580976486206055,5.7580976486206055,,,,
108,759,,,6.211405277252197,,5.5771708488464355,5.5771708488464355,,,,
108,760,,,8.220882415771484,,7.586537837982178,7.586537837982178,,,,
108,761,,,5.350630760192871,,4.716064929962158,4.716064929962158,,,,
108,762,,,6.949595928192139,,6.314883232116699,6.314883232116699,,,,
,108,,,,,,,,,12.219642639160156,12.219642639160156
108,762,,,,,,,12.219642639160156,12.219642639160156,,
108,762,5.710315227508545,6.344475746154785,,5.710315227508545,,,,,,
109,763,,,6.148260116577148,,5.513423919677734,5.513423919677734,,,,
109,764,,,7.174297332763672,,6.5392937660217285,6.5392937660217285,,,,
109,765,,,7.142198085784912,,6.507162094116211,6.507162094116211,,,,
109,766,,,7.074209690093994,,6.438945770263672,6.438945770263672,,,,
109,767,,,5.936011791229248,,5.300517559051514,5.300517559051514,,,,
109,768,,,5.262226104736328,,4.626401424407959,4.626401424407959,,,,
109,769,,,3.7888457775115967,,3.15303111076355,3.15303111076355,,,,
,109,,,,,,,,,12.224331855773926,12.224331855773926
109,769,,,,,,,12.224331855773926,12.224331855773926,,
109,769,5.664020538330078,6.299297332763672,,5.664020538330078,,,,,,
110,770,,,7.55028772354126,,6.914540767669678,6.914540767669678,,,,
110,771,,,6.196593284606934,,5.560660362243652,5.560660362243652,,,,
110,772,,,4.478271961212158,,3.842289924621582,3.842289924621582,,,,
110,773,,,6.462655067443848,,5.826615810394287,5.826615810394287,,,,
110,774,,,6.4279890060424805,,5.791752815246582,5.791752815246582,,,,
110,775,,,6.497682094573975,,5.861277103424072,5.861277103424072,,,,
110,776,,,5.7395219802856445,,5.103021144866943,5.103021144866943,,,,
,110,,,,,,,,,12.015406608581543,12.015406608581543
110,776,,,,,,,12.015406608581543,12.015406608581543,,
110,776,5.601689338684082,6.237772464752197,,5.601689338684082,,,,,,
111,777,,,4.860533714294434,,4.223762512207031,4.223762512207031,,,,
111,778,,,5.932087421417236,,5.2950439453125,5.2950439453125,,,,
111,779,,,3.9579250812530518,,3.320905923843384,3.320905923843384,,,,
111,780,,,7.698375225067139,,7.061293125152588,7.061293125152588,,,,
111,781,,,7.207959175109863,,6.570708751678467,6.570708751678467,,,,
111,782,,,6.750881195068359,,6.113397121429443,6.113397121429443,,,,
111,783,,,8.008195877075195,,7.3705010414123535,7.3705010414123535,,,,
,111,,,,,,,,,11.87183666229248,11.87183666229248
111,783,,,,,,,11.87183666229248,11.87183666229248,,
111,783,5.544948577880859,6.18209171295166,,5.544948577880859,,,,,,
112,784,,,7.957472324371338,,7.319734573364258,7.319734573364258,,,,
112,785,,,5.421535968780518,,4.783669471740723,4.783669471740723,,,,
112,786,,,7.462172508239746,,6.82417631149292,6.82417631149292,,,,
112,787,,,5.783217430114746,,5.145150184631348,5.145150184631348,,,,
112,788,,,6.526057720184326,,5.887957572937012,5.887957572937012,,,,
112,789,,,4.012141227722168,,3.3737103939056396,3.3737103939056396,,,,
112,790,,,4.96845006942749,,4.32995080947876,4.32995080947876,,,,
,112,,,,,,,,,11.590940475463867,11.590940475463867
112,790,,,,,,,11.590940475463867,11.590940475463867,,
112,790,5.483628273010254,6.121688365936279,,5.483628273010254,,,,,,
113,791,,,6.251033306121826,,5.612060546875,5.612060546875,,,,
113,792,,,7.158464431762695,,6.519284725189209,6.519284725189209,,,,
113,793,,,4.809613227844238,,4.170422554016113,4.170422554016113,,,,
113,794,,,7.112753868103027,,6.473345756530762,6.473345756530762,,,,
113,795,,,5.597611427307129,,4.958085536956787,4.958085536956787,,,,
113,796,,,5.826364040374756,,5.186740398406982,5.186740398406982,,,,
113,797,,,5.110727310180664,,4.470763206481934,4.470763206481934,,,,
,113,,,,,,,,,11.413848876953125,11.413848876953125
113,797,,,,,,,11.413848876953125,11.413848876953125,,
113,797,5.42689847946167,6.066253185272217,,5.42689847946167,,,,,,
114,798,,,4.618261814117432,,3.9781370162963867,3.9781370162963867,,,,
114,799,,,6.042257785797119,,5.401983261108398,5.401983261108398,,,,
114,800,,,5.8199687004089355,,5.179479598999023,5.179479598999023,,,,
114,801,,,6.301993370056152,,5.661324977874756,5.661324977874756,,,,
114,802,,,6.074042320251465,,5.433212757110596,5.433212757110596,,,,
114,803,,,6.553014278411865,,5.912050247192383,5.912050247192383,,,,
114,804,,,7.651881694793701,,7.010818004608154,7.010818004608154,,,,
,114,,,,,,,,,11.297684669494629,11.297684669494629
114,804,,,,,,,11.297684669494629,11.297684669494629,,
114,804,5.363959789276123,6.0045485496521,,5.363959789276123,,,,,,
115,805,,,5.583575248718262,,4.94228458404541,4.94228458404541,,,,
115,806,,,5.547781467437744,,4.906503200531006,4.906503200531006,,,,
115,807,,,6.688722610473633,,6.047390460968018,6.047390460968018,,,,
115,808,,,5.631188869476318,,4.989583969116211,4.989583969116211,,,,
115,809,,,7.015501976013184,,6.373656749725342,6.373656749725342,,,,
115,810,,,5.411658763885498,,4.7696380615234375,4.7696380615234375,,,,
115,811,,,5.52815580368042,,4.886032581329346,4.886032581329346,,,,
,115,,,,,,,,,11.16025161743164,11.16025161743164
115,811,,,,,,,11.160252571105957,11.160252571105957,,
115,811,5.311579704284668,5.953174591064453,,5.311579704284668,,,,,,
116,812,,,7.6251749992370605,,6.982675552368164,6.982675552368164,,,,
116,813,,,5.386944770812988,,4.744312286376953,4.744312286376953,,,,
116,814,,,5.438462257385254,,4.795656204223633,4.795656204223633,,,,
116,815,,,6.17695951461792,,5.533970355987549,5.533970355987549,,,,
116,816,,,5.176680564880371,,4.533605098724365,4.533605098724365,,,,
116,817,,,5.386648654937744,,4.743480205535889,4.743480205535889,,,,
116,818,,,6.513863563537598,,5.8703532218933105,5.8703532218933105,,,,
,116,,,,,,,,,11.251533508300781,11.251533508300781
116,818,,,,,,,11.251533508300781,11.251533508300781,,
116,818,5.26040506362915,5.903305530548096,,5.26040506362915,,,,,,
117,819,,,5.741078853607178,,5.097517967224121,5.097517967224121,,,,
117,820,,,4.422366619110107,,3.778453826904297,3.778453826904297,,,,
117,821,,,5.776606559753418,,5.132507801055908,5.132507801055908,,,,
117,822,,,6.6181535720825195,,5.973869800567627,5.973869800567627,,,,
117,823,,,6.501256942749023,,5.856954097747803,5.856954097747803,,,,
117,824,,,5.652372360229492,,5.007970333099365,5.007970333099365,,,,
117,825,,,6.952666282653809,,6.308104991912842,6.308104991912842,,,,
,117,,,,,,,,,11.350873947143555,11.350873947143555
117,825,,,,,,,11.350873947143555,11.350873947143555,,
117,825,5.209853172302246,5.853973865509033,,5.209853172302246,,,,,,
118,826,,,6.981442928314209,,6.336847305297852,6.336847305297852,,,,
118,827,,,5.337589740753174,,4.6928887367248535,4.6928887367248535,,,,
118,828,,,5.0540056228637695,,4.409194469451904,4.409194469451904,,,,
118,829,,,5.420830249786377,,4.775974273681641,4.775974273681641,,,,
118,830,,,6.20487117767334,,5.559747695922852,5.559747695922852,,,,
118,831,,,6.501175880432129,,5.855910301208496,5.855910301208496,,,,
118,832,,,4.0518798828125,,3.406475305557251,3.406475305557251,,,,
,118,,,,,,,,,11.241801261901855,11.241801261901855
118,832,,,,,,,11.241801261901855,11.241801261901855,,
118,832,5.162037372589111,5.806960105895996,,5.162037372589111,,,,,,
119,833,,,5.157288551330566,,4.511542320251465,4.511542320251465,,,,
119,834,,,5.23597526550293,,4.590117931365967,4.590117931365967,,,,
119,835,,,6.152622222900391,,5.506613254547119,5.506613254547119,,,,
119,836,,,5.044856071472168,,4.398673057556152,4.398673057556152,,,,
119,837,,,6.206303596496582,,5.559906959533691,5.559906959533691,,,,
119,838,,,7.3379974365234375,,6.6914520263671875,6.6914520263671875,,,,
119,839,,,3.944486141204834,,3.297783613204956,3.297783613204956,,,,
,119,,,,,,,,,11.060894012451172,11.060894012451172
119,839,,,,,,,11.060893058776855,11.060893058776855,,
119,839,5.097250461578369,5.743408203125,,5.097250461578369,,,,,,
120,840,,,4.882867336273193,,4.23598575592041,4.23598575592041,,,,
120,841,,,6.466917991638184,,5.820030689239502,5.820030689239502,,,,
120,842,,,6.0159125328063965,,5.368842601776123,5.368842601776123,,,,
120,843,,,5.371786117553711,,4.724578857421875,4.724578857421875,,,,
120,844,,,7.121639251708984,,6.474221229553223,6.474221229553223,,,,
120,845,,,4.406469345092773,,3.758909225463867,3.758909225463867,,,,
120,846,,,5.200291633605957,,4.552568435668945,4.552568435668945,,,,
,120,,,,,,,,,10.905387878417969,10.905387878417969
120,846,,,,,,,10.905387878417969,10.905387878417969,,
120,846,5.03369140625,5.680894374847412,,5.03369140625,,,,,,
121,847,,,5.874632358551025,,5.226539611816406,5.226539611816406,,,,
121,848,,,4.957124710083008,,4.308917999267578,4.308917999267578,,,,
121,849,,,7.291108131408691,,6.642702579498291,6.642702579498291,,,,
121,850,,,5.704740047454834,,5.056132793426514,5.056132793426514,,,,
121,851,,,5.353104114532471,,4.704432487487793,4.704432487487793,,,,
121,852,,,5.255660057067871,,4.606675624847412,4.606675624847412,,,,
121,853,,,3.8609321117401123,,3.2117652893066406,3.2117652893066406,,,,
,121,,,,,,,,,10.772665977478027,10.772665977478027
121,853,,,,,,,10.772665977478027,10.772665977478027,,
121,853,4.980362892150879,5.628896713256836,,4.980362892150879,,,,,,
122,854,,,5.887433052062988,,5.238284587860107,5.238284587860107,,,,
122,855,,,5.32359504699707,,4.67438268661499,4.67438268661499,,,,
122,856,,,4.824352741241455,,4.174971580505371,4.174971580505371,,,,
122,857,,,7.495306015014648,,6.845809459686279,6.845809459686279,,,,
122,858,,,4.363235950469971,,3.71354341506958,3.71354341506958,,,,
122,859,,,6.118610382080078,,5.468656063079834,5.468656063079834,,,,
122,860,,,4.030890464782715,,3.380777597427368,3.380777597427368,,,,
,122,,,,,,,,,10.679376602172852,10.679376602172852
122,860,,,,,,,10.679376602172852,10.679376602172852,,
122,860,4.9228925704956055,5.572411060333252,,4.9228925704956055,,,,,,
123,861,,,4.325433254241943,,3.6752572059631348,3.6752572059631348,,,,
123,862,,,5.808948040008545,,5.15854024887085,5.15854024887085,,,,
123,863,,,7.664450168609619,,7.013871192932129,7.013871192932129,,,,
123,864,,,4.25735330581665,,3.606631278991699,3.606631278991699,,,,
123,865,,,5.3902153968811035,,4.73927640914917,4.73927640914917,,,,
123,866,,,4.932490825653076,,4.28148078918457,4.28148078918457,,,,
123,867,,,7.413027763366699,,6.7618865966796875,6.7618865966796875,,,,
,123,,,,,,,,,10.686562538146973,10.686562538146973
123,867,,,,,,,10.686562538146973,10.686562538146973,,
123,867,4.864433765411377,5.515101909637451,,4.864433765411377,,,,,,
124,868,,,6.021852493286133,,5.370585918426514,5.370585918426514,,,,
124,869,,,3.189149856567383,,2.5377578735351562,2.5377578735351562,,,,
124,870,,,5.1638288497924805,,4.512197494506836,4.512197494506836,,,,
124,871,,,7.329773902893066,,6.678003787994385,6.678003787994385,,,,
124,872,,,6.429278373718262,,5.777379989624023,5.777379989624023,,,,
124,873,,,4.681203842163086,,4.028997898101807,4.028997898101807,,,,
124,874,,,5.3765387535095215,,4.724236011505127,4.724236011505127,,,,
,124,,,,,,,,,10.759699821472168,10.759699821472168
124,874,,,,,,,10.759699821472168,10.759699821472168,,
124,874,4.812001705169678,5.463731288909912,,4.812001705169678,,,,,,
125,875,,,3.94450044631958,,3.2922146320343018,3.2922146320343018,,,,
125,876,,,6.180830955505371,,5.528322696685791,5.528322696685791,,,,
125,877,,,5.3226542472839355,,4.669990062713623,4.669990062713623,,,,
125,878,,,5.578234672546387,,4.925422191619873,4.925422191619873,,,,
125,879,,,4.162429332733154,,3.509411334991455,3.509411334991455,,,,
125,880,,,7.479572772979736,,6.826412200927734,6.826412200927734,,,,
125,881,,,4.72531270980835,,4.072057247161865,4.072057247161865,,,,
,125,,,,,,,,,10.782395362854004,10.782395362854004
125,881,,,,,,,10.782395362854004,10.782395362854004,,
125,881,4.749614715576172,5.402386665344238,,4.749614715576172,,,,,,
126,882,,,5.00555944442749,,4.35216760635376,4.35216760635376,,,,
126,883,,,5.606071472167969,,4.952576637268066,4.952576637268066,,,,
126,884,,,6.166048049926758,,5.5123820304870605,5.5123820304870605,,,,
126,885,,,4.736656188964844,,4.082790374755859,4.082790374755859,,,,
126,886,,,5.607543468475342,,4.953548431396484,4.953548431396484,,,,
126,887,,,5.325331687927246,,4.671197891235352,4.671197891235352,,,,
126,888,,,4.299144268035889,,3.6448004245758057,3.6448004245758057,,,,
,126,,,,,,,,,10.770304679870605,10.770304679870605
126,888,,,,,,,10.770304679870605,10.770304679870605,,
126,888,4.688857078552246,5.342649459838867,,4.688857078552246,,,,,,
127,889,,,5.948718070983887,,5.29414701461792,5.29414701461792,,,,
127,890,,,4.187307357788086,,3.5325238704681396,3.5325238704681396,,,,
127,891,,,4.770498752593994,,4.1155290603637695,4.1155290603637695,,,,
127,892,,,5.683369159698486,,5.028283596038818,5.028283596038818,,,,
127,893,,,6.356752872467041,,5.7014970779418945,5.7014970779418945,,,,
127,894,,,5.11884880065918,,4.4633378982543945,4.4633378982543945,,,,
127,895,,,4.2367329597473145,,3.5810766220092773,3.5810766220092773,,,,
,127,,,,,,,,,10.62841510772705,10.62841510772705
127,895,,,,,,,10.62841510772705,10.62841510772705,,
127,895,4.624034881591797,5.279101371765137,,4.624034881591797,,,,,,
128,896,,,7.3633623123168945,,6.707607746124268,6.707607746124268,,,,
128,897,,,4.658843994140625,,4.002955436706543,4.002955436706543,,,,
128,898,,,3.7596428394317627,,3.1035566329956055,3.1035566329956055,,,,
128,899,,,5.376003265380859,,4.719768524169922,4.719768524169922,,,,
128,900,,,4.5274810791015625,,3.871115207672119,3.871115207672119,,,,
128,901,,,5.491286754608154,,4.834689617156982,4.834689617156982,,,,
128,902,,,5.5458664894104,,4.889067649841309,4.889067649841309,,,,
,128,,,,,,,,,10.534065246582031,10.534065246582031
128,902,,,,,,,10.534065246582031,10.534065246582031,,
128,902,4.560485363006592,5.216677665710449,,4.560485363006592,,,,,,
129,903,,,6.41051721572876,,5.753549575805664,5.753549575805664,,,,
129,904,,,3.97765851020813,,3.3204219341278076,3.3204219341278076,,,,
129,905,,,4.808252811431885,,4.150854110717773,4.150854110717773,,,,
129,906,,,6.001626491546631,,5.3440423011779785,5.3440423011779785,,,,
129,907,,,4.942788124084473,,4.285022258758545,4.285022258758545,,,,
129,908,,,5.034602642059326,,4.3766679763793945,4.3766679763793945,,,,
129,909,,,4.607876777648926,,3.9498114585876465,3.9498114585876465,,,,
,129,,,,,,,,,10.41882610321045,10.41882610321045
129,909,,,,,,,10.41882610321045,10.41882610321045,,
129,909,4.503802299499512,5.161317825317383,,4.503802299499512,,,,,,
130,910,,,4.471915245056152,,3.813662528991699,3.813662528991699,,,,
130,911,,,5.58424711227417,,4.9258904457092285,4.9258904457092285,,,,
130,912,,,4.852428913116455,,4.193932056427002,4.193932056427002,,,,
130,913,,,4.892384052276611,,4.233696460723877,4.233696460723877,,,,
130,914,,,5.245359420776367,,4.586520195007324,4.586520195007324,,,,
130,915,,,6.572953701019287,,5.913838863372803,5.913838863372803,,,,
130,916,,,2.6056551933288574,,1.9463211297988892,1.9463211297988892,,,,
,130,,,,,,,,,10.268373489379883,10.268373489379883
130,916,,,,,,,10.268373489379883,10.268373489379883,,
130,916,4.454495429992676,5.113162040710449,,4.454495429992676,,,,,,
131,917,,,3.8138346672058105,,3.154356002807617,3.154356002807617,,,,
131,918,,,3.552734851837158,,2.8930554389953613,2.8930554389953613,,,,
131,919,,,4.652064800262451,,3.9923195838928223,3.9923195838928223,,,,
131,920,,,6.362397193908691,,5.702520370483398,5.702520370483398,,,,
131,921,,,7.5284881591796875,,6.868313789367676,6.868313789367676,,,,
131,922,,,4.6810431480407715,,4.020712375640869,4.020712375640869,,,,
131,923,,,4.5639872550964355,,3.903393268585205,3.903393268585205,,,,
,131,,,,,,,,,10.184332847595215,10.184332847595215
131,923,,,,,,,10.184332847595215,10.184332847595215,,
131,923,4.407066345214844,5.066989898681641,,4.407066345214844,,,,,,
132,924,,,5.341040134429932,,4.680367469787598,4.680367469787598,,,,
132,925,,,4.903998851776123,,4.243153095245361,4.243153095245361,,,,
132,926,,,4.445087909698486,,3.7840917110443115,3.7840917110443115,,,,
132,927,,,5.168172359466553,,4.506899356842041,4.506899356842041,,,,
132,928,,,3.222194194793701,,2.5607874393463135,2.5607874393463135,,,,
132,929,,,6.683412551879883,,6.021938800811768,6.021938800811768,,,,
132,930,,,5.949814319610596,,5.288166522979736,5.288166522979736,,,,
,132,,,,,,,,,9.879578590393066,9.879578590393066
132,930,,,,,,,9.879578590393066,9.879578590393066,,
132,930,4.357694149017334,5.018836975097656,,4.357694149017334,,,,,,
133,931,,,3.646538496017456,,2.984489679336548,2.984489679336548,,,,
133,932,,,6.457782745361328,,5.795591354370117,5.795591354370117,,,,
133,933,,,4.319606781005859,,3.6570863723754883,3.6570863723754883,,,,
133,934,,,4.941595554351807,,4.278842449188232,4.278842449188232,,,,
133,935,,,4.696786880493164,,4.033805847167969,4.033805847167969,,,,
133,936,,,5.820093154907227,,5.156910419464111,5.156910419464111,,,,
133,937,,,5.002917289733887,,4.339686870574951,4.339686870574951,,,,
,133,,,,,,,,,9.700616836547852,9.700616836547852
133,937,,,,,,,9.700616836547852,9.700616836547852,,
133,937,4.319075584411621,4.981725215911865,,4.319075584411621,,,,,,
134,938,,,4.306605339050293,,3.6432814598083496,3.6432814598083496,,,,
134,939,,,5.46409797668457,,4.800591945648193,4.800591945648193,,,,
134,940,,,4.587969779968262,,3.9242594242095947,3.9242594242095947,,,,
134,941,,,4.83842134475708,,4.174495697021484,4.174495697021484,,,,
134,942,,,5.086860656738281,,4.422735691070557,4.422735691070557,,,,
134,943,,,5.096540927886963,,4.4322896003723145,4.4322896003723145,,,,
134,944,,,5.2374773025512695,,4.573030471801758,4.573030471801758,,,,
,134,,,,,,,,,9.6621732711792,9.6621732711792
134,944,,,,,,,9.6621732711792,9.6621732711792,,
134,944,4.2529473304748535,4.916791915893555,,4.2529473304748535,,,,,,
135,945,,,5.364925384521484,,4.700477600097656,4.700477600097656,,,,
135,946,,,5.6077494621276855,,4.943058013916016,4.943058013916016,,,,
135,947,,,5.5205817222595215,,4.855676174163818,4.855676174163818,,,,
135,948,,,4.341614246368408,,3.676393747329712,3.676393747329712,,,,
135,949,,,5.302140235900879,,4.6367621421813965,4.6367621421813965,,,,
135,950,,,3.2228848934173584,,2.5574443340301514,2.5574443340301514,,,,
135,951,,,4.454624176025391,,3.789114236831665,3.789114236831665,,,,
,135,,,,,,,,,9.467331886291504,9.467331886291504
135,951,,,,,,,9.467331886291504,9.467331886291504,,
135,951,4.202467441558838,4.867510795593262,,4.202467441558838,,,,,,
136,952,,,4.348837375640869,,3.6831421852111816,3.6831421852111816,,,,
136,953,,,5.394597053527832,,4.728763103485107,4.728763103485107,,,,
136,954,,,5.1037163734436035,,4.437645435333252,4.437645435333252,,,,
136,955,,,3.5833730697631836,,2.917030096054077,2.917030096054077,,,,
136,956,,,5.1389875411987305,,4.472469329833984,4.472469329833984,,,,
136,957,,,5.079538345336914,,4.412962436676025,4.412962436676025,,,,
136,958,,,5.499343395233154,,4.832669734954834,4.832669734954834,,,,
,136,,,,,,,,,9.162096977233887,9.162096977233887
136,958,,,,,,,9.162096977233887,9.162096977233887,,
136,958,4.151257038116455,4.817459583282471,,4.151257038116455,,,,,,
137,959,,,4.8094658851623535,,4.14241886138916,4.14241886138916,,,,
137,960,,,5.421302795410156,,4.7540764808654785,4.7540764808654785,,,,
137,961,,,5.719758987426758,,5.052483081817627,5.052483081817627,,,,
137,962,,,5.480800628662109,,4.813301086425781,4.813301086425781,,,,
137,963,,,4.557943820953369,,3.890244722366333,3.890244722366333,,,,
137,964,,,3.916264533996582,,3.2483553886413574,3.2483553886413574,,,,
137,965,,,1.4396193027496338,,0.7714713215827942,0.7714713215827942,,,,
,137,,,,,,,,,9.021181106567383,9.021181106567383
137,965,,,,,,,9.021181106567383,9.021181106567383,,
137,965,4.108263969421387,4.775748252868652,,4.108263969421387,,,,,,
138,966,,,4.641739845275879,,3.9734339714050293,3.9734339714050293,,,,
138,967,,,4.2519330978393555,,3.5833945274353027,3.5833945274353027,,,,
138,968,,,4.2204742431640625,,3.5517661571502686,3.5517661571502686,,,,
138,969,,,6.966878414154053,,6.297990322113037,6.297990322113037,,,,
138,970,,,3.196105718612671,,2.5270185470581055,2.5270185470581055,,,,
138,971,,,4.795585632324219,,4.126318454742432,4.126318454742432,,,,
138,972,,,5.609988689422607,,4.940619945526123,4.940619945526123,,,,
,138,,,,,,,,,8.807750701904297,8.807750701904297
138,972,,,,,,,8.807750701904297,8.807750701904297,,
138,972,4.064730167388916,4.73356294631958,,4.064730167388916,,,,,,
139,973,,,3.450334072113037,,2.780735492706299,2.780735492706299,,,,
139,974,,,4.943387985229492,,4.273687839508057,4.273687839508057,,,,
139,975,,,4.522592067718506,,3.8526859283447266,3.8526859283447266,,,,
139,976,,,4.0384840965271,,3.3683691024780273,3.3683691024780273,,,,
139,977,,,5.2877984046936035,,4.617489337921143,4.617489337921143,,,,
139,978,,,5.226897239685059,,4.556431293487549,4.556431293487549,,,,
139,979,,,6.473508834838867,,5.802882194519043,5.802882194519043,,,,
,139,,,,,,,,,8.714935302734375,8.714935302734375
139,979,,,,,,,8.714935302734375,8.714935302734375,,
139,979,4.019682884216309,4.689734935760498,,4.019682884216309,,,,,,
140,980,,,4.832269668579102,,4.1614274978637695,4.1614274978637695,,,,
140,981,,,4.003147125244141,,3.332180976867676,3.332180976867676,,,,
140,982,,,3.1313371658325195,,2.4600818157196045,2.4600818157196045,,,,
140,983,,,6.597764492034912,,5.926319122314453,5.926319122314453,,,,
140,984,,,5.807440757751465,,5.135948657989502,5.135948657989502,,,,
140,985,,,4.163533687591553,,3.491809368133545,3.491809368133545,,,,
140,986,,,3.1224539279937744,,2.4505224227905273,2.4505224227905273,,,,
,140,,,,,,,,,8.645116806030273,8.645116806030273
140,986,,,,,,,8.645116806030273,8.645116806030273,,
140,986,3.98850417137146,4.659829616546631,,3.98850417137146,,,,,,
141,987,,,4.458361625671387,,3.786287546157837,3.786287546157837,,,,
141,988,,,5.190461158752441,,4.518183708190918,4.518183708190918,,,,
141,989,,,4.168449401855469,,3.495978355407715,3.495978355407715,,,,
141,990,,,5.3121209144592285,,4.639504909515381,4.639504909515381,,,,
141,991,,,5.99661922454834,,5.323861598968506,5.323861598968506,,,,
141,992,,,3.3671092987060547,,2.694139003753662,2.694139003753662,,,,
141,993,,,2.3311896324157715,,1.6580641269683838,1.6580641269683838,,,,
,141,,,,,,,,,8.586858749389648,8.586858749389648
141,993,,,,,,,8.586858749389648,8.586858749389648,,
141,993,3.934075355529785,4.606637954711914,,3.934075355529785,,,,,,
142,994,,,3.840714931488037,,3.1674387454986572,3.1674387454986572,,,,
142,995,,,5.558576583862305,,4.8852314949035645,4.8852314949035645,,,,
142,996,,,4.007885456085205,,3.3342182636260986,3.3342182636260986,,,,
142,997,,,5.179780006408691,,4.505934238433838,4.505934238433838,,,,
142,998,,,3.5780813694000244,,2.90400767326355,2.90400767326355,,,,
142,999,,,4.87434720993042,,4.2001142501831055,4.2001142501831055,,,,
142,1000,,,5.4350409507751465,,4.760726451873779,4.760726451873779,,,,
,142,,,,,,,,,8.520476341247559,8.520476341247559
142,1000,,,,,,,8.520476341247559,8.520476341247559,,
142,1000,3.887406587600708,4.561180591583252,,3.887406587600708,,,,,,
143,1001,,,5.558534145355225,,4.884025573730469,4.884025573730469,,,,
143,1002,,,4.7080535888671875,,4.033363342285156,4.033363342285156,,,,
143,1003,,,5.257867336273193,,4.582951545715332,4.582951545715332,,,,
143,1004,,,3.6641900539398193,,2.9890782833099365,2.9890782833099365,,,,
143,1005,,,3.8000540733337402,,3.1247823238372803,3.1247823238372803,,,,
143,1006,,,4.044377326965332,,3.3689448833465576,3.3689448833465576,,,,
143,1007,,,4.6516852378845215,,3.9761130809783936,3.9761130809783936,,,,
,143,,,,,,,,,8.556052207946777,8.556052207946777
143,1007,,,,,,,8.556052207946777,8.556052207946777,,
143,1007,3.839088201522827,4.514111042022705,,3.839088201522827,,,,,,
144,1008,,,4.4306535720825195,,3.7549190521240234,3.7549190521240234,,,,
144,1009,,,4.804023742675781,,4.127953052520752,4.127953052520752,,,,
144,1010,,,4.2396135330200195,,3.5634045600891113,3.5634045600891113,,,,
144,1011,,,4.424328804016113,,3.7479543685913086,3.7479543685913086,,,,
144,1012,,,4.576761722564697,,3.900231122970581,3.900231122970581,,,,
144,1013,,,4.896204471588135,,4.219480037689209,4.219480037689209,,,,
144,1014,,,3.045562982559204,,2.368729591369629,2.368729591369629,,,,
,144,,,,,,,,,8.525785446166992,8.525785446166992
144,1014,,,,,,,8.525785446166992,8.525785446166992,,
144,1014,3.7964258193969727,4.472733020782471,,3.7964258193969727,,,,,,
145,1015,,,4.670740604400635,,3.993720293045044,3.993720293045044,,,,
145,1016,,,5.097611904144287,,4.420445442199707,4.420445442199707,,,,
145,1017,,,5.2325005531311035,,4.5550456047058105,4.5550456047058105,,,,
145,1018,,,3.951324462890625,,3.2736222743988037,3.2736222743988037,,,,
145,1019,,,4.193454742431641,,3.5155062675476074,3.5155062675476074,,,,
145,1020,,,3.6431045532226562,,2.9650800228118896,2.9650800228118896,,,,
145,1021,,,3.8850135803222656,,3.2068703174591064,3.2068703174591064,,,,
,145,,,,,,,,,8.445354461669922,8.445354461669922
145,1021,,,,,,,8.445354461669922,8.445354461669922,,
145,1021,3.7530975341796875,4.430685043334961,,3.7530975341796875,,,,,,
146,1022,,,4.663058757781982,,3.984766721725464,3.984766721725464,,,,
146,1023,,,5.14964485168457,,4.471212863922119,4.471212863922119,,,,
146,1024,,,4.860803604125977,,4.1821746826171875,4.1821746826171875,,,,
146,1025,,,3.917084217071533,,3.238226890563965,3.238226890563965,,,,
146,1026,,,5.380212306976318,,4.70115327835083,4.70115327835083,,,,
146,1027,,,3.204975128173828,,2.525761842727661,2.525761842727661,,,,
146,1028,,,2.139115810394287,,1.4597194194793701,1.4597194194793701,,,,
,146,,,,,,,,,8.335055351257324,8.335055351257324
146,1028,,,,,,,8.335055351257324,8.335055351257324,,
146,1028,3.7099125385284424,4.388697624206543,,3.7099125385284424,,,,,,
147,1029,,,4.380147933959961,,3.7006092071533203,3.7006092071533203,,,,
147,1030,,,3.982672691345215,,3.3030033111572266,3.3030033111572266,,,,
147,1031,,,4.5827555656433105,,3.9029147624969482,3.9029147624969482,,,,
147,1032,,,4.5749287605285645,,3.8947865962982178,3.8947865962982178,,,,
147,1033,,,3.5508790016174316,,2.870534658432007,2.870534658432007,,,,
147,1034,,,4.178221702575684,,3.497772455215454,3.497772455215454,,,,
147,1035,,,6.554290771484375,,5.873640537261963,5.873640537261963,,,,
,147,,,,,,,,,8.331657409667969,8.331657409667969
147,1035,,,,,,,8.331657409667969,8.331657409667969,,
147,1035,3.6662330627441406,4.346268653869629,,3.6662330627441406,,,,,,
148,1036,,,3.8703227043151855,,3.1895833015441895,3.1895833015441895,,,,
148,1037,,,3.851557493209839,,3.170661211013794,3.170661211013794,,,,
148,1038,,,4.322399616241455,,3.641385078430176,3.641385078430176,,,,
148,1039,,,3.9624783992767334,,3.2813804149627686,3.2813804149627686,,,,
148,1040,,,5.354844570159912,,4.673498153686523,4.673498153686523,,,,
148,1041,,,3.8972091674804688,,3.2156519889831543,3.2156519889831543,,,,
148,1042,,,5.883180141448975,,5.2014312744140625,5.2014312744140625,,,,
,148,,,,,,,,,8.312636375427246,8.312636375427246
148,1042,,,,,,,8.312636375427246,8.312636375427246,,
148,1042,3.627089738845825,4.308236122131348,,3.627089738845825,,,,,,
149,1043,,,4.689850807189941,,4.007874488830566,4.007874488830566,,,,
149,1044,,,4.682285785675049,,3.9999756813049316,3.9999756813049316,,,,
149,1045,,,3.704637289047241,,3.022099256515503,3.022099256515503,,,,
149,1046,,,4.466941833496094,,3.7842612266540527,3.7842612266540527,,,,
149,1047,,,3.918243169784546,,3.235339403152466,3.235339403152466,,,,
149,1048,,,4.361567497253418,,3.678579330444336,3.678579330444336,,,,
149,1049,,,3.771341323852539,,3.0882060527801514,3.0882060527801514,,,,
,149,,,,,,,,,8.22598934173584,8.22598934173584
149,1049,,,,,,,8.22598934173584,8.22598934173584,,
149,1049,3.5899932384490967,4.272593021392822,,3.5899932384490967,,,,,,
150,1050,,,3.237530469894409,,2.554290771484375,2.554290771484375,,,,
150,1051,,,3.831730842590332,,3.1483423709869385,3.1483423709869385,,,,
150,1052,,,4.627358913421631,,3.943852424621582,3.943852424621582,,,,
150,1053,,,4.484598159790039,,3.8010075092315674,3.8010075092315674,,,,
150,1054,,,4.50398588180542,,3.8201241493225098,3.8201241493225098,,,,
150,1055,,,3.6882567405700684,,3.0042192935943604,3.0042192935943604,,,,
150,1056,,,6.877342224121094,,6.193084239959717,6.193084239959717,,,,
,150,,,,,,,,,8.13901424407959,8.13901424407959
150,1056,,,,,,,8.13901424407959,8.13901424407959,,
150,1056,3.5441949367523193,4.227837562561035,,3.5441949367523193,,,,,,
151,1057,,,4.817957878112793,,4.13346529006958,4.13346529006958,,,,
151,1058,,,4.036838531494141,,3.352177619934082,3.352177619934082,,,,
151,1059,,,4.67656135559082,,3.991609811782837,3.991609811782837,,,,
151,1060,,,3.989887237548828,,3.30475115776062,3.30475115776062,,,,
151,1061,,,3.620683431625366,,2.9353010654449463,2.9353010654449463,,,,
151,1062,,,4.314859390258789,,3.6293373107910156,3.6293373107910156,,,,
151,1063,,,3.279682159423828,,2.5940213203430176,2.5940213203430176,,,,
,151,,,,,,,,,7.981899738311768,7.981899738311768
151,1063,,,,,,,7.981899738311768,7.981899738311768,,
151,1063,3.501082420349121,4.18614387512207,,3.501082420349121,,,,,,
152,1064,,,4.148725986480713,,3.4629156589508057,3.4629156589508057,,,,
152,1065,,,4.16184139251709,,3.4758520126342773,3.4758520126342773,,,,
152,1066,,,3.6585941314697266,,2.9723968505859375,2.9723968505859375,,,,
152,1067,,,3.946798324584961,,3.260451078414917,3.260451078414917,,,,
152,1068,,,3.927365303039551,,3.240760326385498,3.240760326385498,,,,
152,1069,,,5.086679458618164,,4.399939060211182,4.399939060211182,,,,
152,1070,,,3.936856985092163,,3.2499818801879883,3.2499818801879883,,,,
,152,,,,,,,,,7.711047649383545,7.711047649383545
152,1070,,,,,,,7.711047649383545,7.711047649383545,,
152,1070,3.4558520317077637,4.142168998718262,,3.4558520317077637,,,,,,
153,1071,,,3.7228481769561768,,3.035651683807373,3.035651683807373,,,,
153,1072,,,3.6191892623901367,,2.931776523590088,2.931776523590088,,,,
153,1073,,,3.640138864517212,,2.952561855316162,2.952561855316162,,,,
153,1074,,,4.100941181182861,,3.413097381591797,3.413097381591797,,,,
153,1075,,,4.545192718505859,,3.857189416885376,3.857189416885376,,,,
153,1076,,,4.730281829833984,,4.042132377624512,4.042132377624512,,,,
153,1077,,,4.73960018157959,,4.0512213706970215,4.0512213706970215,,,,
,153,,,,,,,,,7.6580729484558105,7.6580729484558105
153,1077,,,,,,,7.6580729484558105,7.6580729484558105,,
153,1077,3.4120185375213623,4.09975528717041,,3.4120185375213623,,,,,,
154,1078,,,3.6207525730133057,,2.9322493076324463,2.9322493076324463,,,,
154,1079,,,4.67112922668457,,3.9823665618896484,3.9823665618896484,,,,
154,1080,,,5.307638645172119,,4.618748188018799,4.618748188018799,,,,
154,1081,,,3.405543327331543,,2.716358184814453,2.716358184814453,,,,
154,1082,,,4.518030166625977,,3.828705072402954,3.828705072402954,,,,
154,1083,,,3.3323757648468018,,2.642892837524414,2.642892837524414,,,,
154,1084,,,2.769251823425293,,2.0795950889587402,2.0795950889587402,,,,
,154,,,,,,,,,7.6232099533081055,7.6232099533081055
154,1084,,,,,,,7.6232099533081055,7.6232099533081055,,
154,1084,3.372732162475586,4.061794281005859,,3.372732162475586,,,,,,
155,1085,,,3.348479747772217,,2.6586406230926514,2.6586406230926514,,,,
155,1086,,,3.11285400390625,,2.422860622406006,2.422860622406006,,,,
155,1087,,,4.797043323516846,,4.106816291809082,4.106816291809082,,,,
155,1088,,,4.478272438049316,,3.7878260612487793,3.7878260612487793,,,,
155,1089,,,3.654968500137329,,2.964355945587158,2.964355945587158,,,,
155,1090,,,4.757154941558838,,4.066343784332275,4.066343784332275,,,,
155,1091,,,3.8947207927703857,,3.203751564025879,3.203751564025879,,,,
,155,,,,,,,,,7.583352088928223,7.583352088928223
155,1091,,,,,,,7.583352088928223,7.583352088928223,,
155,1091,3.326784133911133,4.017144203186035,,3.326784133911133,,,,,,
156,1092,,,3.9854559898376465,,3.2942914962768555,3.2942914962768555,,,,
156,1093,,,4.983373641967773,,4.29201078414917,4.29201078414917,,,,
156,1094,,,2.3097550868988037,,1.6180791854858398,1.6180791854858398,,,,
156,1095,,,4.3089470863342285,,3.617095470428467,3.617095470428467,,,,
156,1096,,,4.221498489379883,,3.5294528007507324,3.5294528007507324,,,,
156,1097,,,4.680684566497803,,3.9883852005004883,3.9883852005004883,,,,
156,1098,,,2.3474318981170654,,1.6550554037094116,1.6550554037094116,,,,
,156,,,,,,,,,7.5145955085754395,7.5145955085754395
156,1098,,,,,,,7.5145955085754395,7.5145955085754395,,
156,1098,3.287837266921997,3.9796082973480225,,3.287837266921997,,,,,,
157,1099,,,4.561345100402832,,3.868894338607788,3.868894338607788,,,,
157,1100,,,3.78950834274292,,3.096924304962158,3.096924304962158,,,,
157,1101,,,3.1385507583618164,,2.4457736015319824,2.4457736015319824,,,,
157,1102,,,4.520463943481445,,3.8275973796844482,3.8275973796844482,,,,
157,1103,,,4.24233341217041,,3.54933500289917,3.54933500289917,,,,
157,1104,,,3.333228588104248,,2.6399800777435303,2.6399800777435303,,,,
157,1105,,,4.188870906829834,,3.4953927993774414,3.4953927993774414,,,,
,157,,,,,,,,,7.367276191711426,7.367276191711426
157,1105,,,,,,,7.367276191711426,7.367276191711426,,
157,1105,3.2532198429107666,3.946079730987549,,3.2532198429107666,,,,,,
158,1106,,,2.4247231483459473,,1.7309669256210327,1.7309669256210327,,,,
158,1107,,,5.275814056396484,,4.58192777633667,4.58192777633667,,,,
158,1108,,,3.5041749477386475,,2.810187339782715,2.810187339782715,,,,
158,1109,,,4.325230598449707,,3.630978584289551,3.630978584289551,,,,
158,1110,,,2.7841734886169434,,2.089716911315918,2.089716911315918,,,,
158,1111,,,4.570581436157227,,3.8758742809295654,3.8758742809295654,,,,
158,1112,,,5.519415378570557,,4.82456111907959,4.82456111907959,,,,
,158,,,,,,,,,7.179571628570557,7.179571628570557
158,1112,,,,,,,7.179571628570557,7.179571628570557,,
158,1112,3.2202136516571045,3.9144277572631836,,3.2202136516571045,,,,,,
159,1113,,,3.755146026611328,,3.0600204467773438,3.0600204467773438,,,,
159,1114,,,3.9523022174835205,,3.2569894790649414,3.2569894790649414,,,,
159,1115,,,4.5068583488464355,,3.811357259750366,3.811357259750366,,,,
159,1116,,,3.193937301635742,,2.4982197284698486,2.4982197284698486,,,,
159,1117,,,4.451419830322266,,3.7555103302001953,3.7555103302001953,,,,
159,1118,,,3.774617910385132,,3.078458786010742,3.078458786010742,,,,
159,1119,,,2.7815279960632324,,2.0851852893829346,2.0851852893829346,,,,
,159,,,,,,,,,7.094616889953613,7.094616889953613
159,1119,,,,,,,7.094616889953613,7.094616889953613,,
159,1119,3.1752941608428955,3.870957612991333,,3.1752941608428955,,,,,,
160,1120,,,4.054559230804443,,3.3582210540771484,3.3582210540771484,,,,
160,1121,,,4.148496627807617,,3.45192289352417,3.45192289352417,,,,
160,1122,,,3.9536070823669434,,3.2569024562835693,3.2569024562835693,,,,
160,1123,,,3.6347315311431885,,2.937805652618408,2.937805652618408,,,,
160,1124,,,4.189569473266602,,3.4924352169036865,3.4924352169036865,,,,
160,1125,,,3.1465744972229004,,2.4493050575256348,2.4493050575256348,,,,
160,1126,,,3.6818861961364746,,2.984490394592285,2.984490394592285,,,,
,160,,,,,,,,,7.087133884429932,7.087133884429932
160,1126,,,,,,,7.087133884429932,7.087133884429932,,
160,1126,3.1475727558135986,3.844430685043335,,3.1475727558135986,,,,,,
161,1127,,,3.9602270126342773,,3.262627363204956,3.262627363204956,,,,
161,1128,,,3.6659154891967773,,2.9681310653686523,2.9681310653686523,,,,
161,1129,,,3.697225332260132,,2.999336004257202,2.999336004257202,,,,
161,1130,,,4.081514358520508,,3.3835034370422363,3.3835034370422363,,,,
161,1131,,,3.905518054962158,,3.207223415374756,3.207223415374756,,,,
161,1132,,,3.966674566268921,,3.268216609954834,3.268216609954834,,,,
161,1133,,,2.6269373893737793,,1.9283020496368408,1.9283020496368408,,,,
,161,,,,,,,,,6.9841485023498535,6.9841485023498535
161,1133,,,,,,,6.9841485023498535,6.9841485023498535,,
161,1133,3.1077888011932373,3.8058316707611084,,3.1077888011932373,,,,,,
162,1134,,,4.527901649475098,,3.828996419906616,3.828996419906616,,,,
162,1135,,,3.087925434112549,,2.3888158798217773,2.3888158798217773,,,,
162,1136,,,3.977031707763672,,3.277708053588867,3.277708053588867,,,,
162,1137,,,2.342156410217285,,1.6426801681518555,1.6426801681518555,,,,
162,1138,,,4.3343729972839355,,3.634751558303833,3.634751558303833,,,,
162,1139,,,3.4475297927856445,,2.7476940155029297,2.7476940155029297,,,,
162,1140,,,6.11799955368042,,5.417943000793457,5.417943000793457,,,,
,162,,,,,,,,,7.069150924682617,7.069150924682617
162,1140,,,,,,,7.069150447845459,7.069150447845459,,
162,1140,3.0670390129089355,3.766458034515381,,3.0670390129089355,,,,,,
163,1141,,,3.615025281906128,,2.914842128753662,2.914842128753662,,,,
163,1142,,,3.849198579788208,,3.1488358974456787,3.1488358974456787,,,,
163,1143,,,4.056295871734619,,3.3558382987976074,3.3558382987976074,,,,
163,1144,,,3.711970806121826,,3.0112035274505615,3.0112035274505615,,,,
163,1145,,,3.530672550201416,,2.829763174057007,2.829763174057007,,,,
163,1146,,,3.8258280754089355,,3.124721050262451,3.124721050262451,,,,
163,1147,,,3.226579189300537,,2.5252633094787598,2.5252633094787598,,,,
,163,,,,,,,,,7.077941417694092,7.077941417694092
163,1147,,,,,,,7.077941417694092,7.077941417694092,,
163,1147,3.032498598098755,3.7331697940826416,,3.032498598098755,,,,,,
164,1148,,,3.924508810043335,,3.223003625869751,3.223003625869751,,,,
164,1149,,,4.5977935791015625,,3.8961477279663086,3.8961477279663086,,,,
164,1150,,,2.997751235961914,,2.2958076000213623,2.2958076000213623,,,,
164,1151,,,3.3512372970581055,,2.649113655090332,2.649113655090332,,,,
164,1152,,,3.8116750717163086,,3.109360456466675,3.109360456466675,,,,
164,1153,,,3.8311638832092285,,3.12870454788208,3.12870454788208,,,,
164,1154,,,2.790040969848633,,2.0873515605926514,2.0873515605926514,,,,
,164,,,,,,,,,7.025925159454346,7.025925159454346
164,1154,,,,,,,7.025925159454346,7.025925159454346,,
164,1154,2.993708848953247,3.6957480907440186,,2.993708848953247,,,,,,
165,1155,,,4.426652908325195,,3.7238454818725586,3.7238454818725586,,,,
165,1156,,,4.2448859214782715,,3.5418601036071777,3.5418601036071777,,,,
165,1157,,,3.244457244873047,,2.5412817001342773,2.5412817001342773,,,,
165,1158,,,3.320573329925537,,2.617246627807617,2.617246627807617,,,,
165,1159,,,3.969780206680298,,3.266233205795288,3.266233205795288,,,,
165,1160,,,2.786105155944824,,2.0823190212249756,2.0823190212249756,,,,
165,1161,,,3.5844202041625977,,2.880521535873413,2.880521535873413,,,,
,165,,,,,,,,,6.822314739227295,6.822314739227295
165,1161,,,,,,,6.822314739227295,6.822314739227295,,
165,1161,2.9573307037353516,3.6606452465057373,,2.9573307037353516,,,,,,
166,1162,,,3.1940784454345703,,2.4899089336395264,2.4899089336395264,,,,
166,1163,,,4.419826507568359,,3.715442657470703,3.715442657470703,,,,
166,1164,,,3.3993442058563232,,2.694769859313965,2.694769859313965,,,,
166,1165,,,3.4237630367279053,,2.719007968902588,2.719007968902588,,,,
166,1166,,,4.481176376342773,,3.7761919498443604,3.7761919498443604,,,,
166,1167,,,2.956348180770874,,2.2511963844299316,2.2511963844299316,,,,
166,1168,,,3.354609727859497,,2.6492655277252197,2.6492655277252197,,,,
,166,,,,,,,,,6.701974391937256,6.701974391937256
166,1168,,,,,,,6.701974391937256,6.701974391937256,,
166,1168,2.9239203929901123,3.6286301612854004,,2.9239203929901123,,,,,,
167,1169,,,3.668565034866333,,2.963124990463257,2.963124990463257,,,,
167,1170,,,4.2517805099487305,,3.5461394786834717,3.5461394786834717,,,,
167,1171,,,3.029775619506836,,2.323955535888672,2.323955535888672,,,,
167,1172,,,3.5184731483459473,,2.8125104904174805,2.8125104904174805,,,,
167,1173,,,4.10905647277832,,3.4029178619384766,3.4029178619384766,,,,
167,1174,,,3.0221831798553467,,2.31575608253479,2.31575608253479,,,,
167,1175,,,3.516655683517456,,2.8100996017456055,2.8100996017456055,,,,
,167,,,,,,,,,6.602446556091309,6.602446556091309
167,1175,,,,,,,6.602446556091309,6.602446556091309,,
167,1175,2.8891282081604004,3.595071315765381,,2.8891282081604004,,,,,,
168,1176,,,2.707005262374878,,2.0003347396850586,2.0003347396850586,,,,
168,1177,,,4.057910919189453,,3.351052761077881,3.351052761077881,,,,
168,1178,,,3.373783588409424,,2.6667447090148926,2.6667447090148926,,,,
168,1179,,,4.235013008117676,,3.5278167724609375,3.5278167724609375,,,,
168,1180,,,3.753903865814209,,3.0464675426483154,3.0464675426483154,,,,
168,1181,,,3.735649347305298,,3.028050422668457,3.028050422668457,,,,
168,1182,,,2.2655532360076904,,1.5577759742736816,1.5577759742736816,,,,
,168,,,,,,,,,6.569758892059326,6.569758892059326
168,1182,,,,,,,6.569758892059326,6.569758892059326,,
168,1182,2.855628728866577,3.5627996921539307,,2.855628728866577,,,,,,
169,1183,,,4.0627546310424805,,3.3548645973205566,3.3548645973205566,,,,
169,1184,,,3.8811776638031006,,3.1731815338134766,3.1731815338134766,,,,
169,1185,,,3.8688297271728516,,3.1606338024139404,3.1606338024139404,,,,
169,1186,,,3.3502931594848633,,2.641846179962158,2.641846179962158,,,,
169,1187,,,3.014213800430298,,2.305605411529541,2.305605411529541,,,,
169,1188,,,3.018078327178955,,2.309274196624756,2.309274196624756,,,,
169,1189,,,3.6131339073181152,,2.904121160507202,2.904121160507202,,,,
,169,,,,,,,,,6.5973358154296875,6.5973358154296875
169,1189,,,,,,,6.5973358154296875,6.5973358154296875,,
169,1189,2.8289334774017334,3.537297487258911,,2.8289334774017334,,,,,,
170,1190,,,3.8015034198760986,,3.0924243927001953,3.0924243927001953,,,,
170,1191,,,3.5685524940490723,,2.859323024749756,2.859323024749756,,,,
170,1192,,,2.947908639907837,,2.2385501861572266,2.2385501861572266,,,,
170,1193,,,3.760260581970215,,3.050740957260132,3.050740957260132,,,,
170,1194,,,3.4421048164367676,,2.732417583465576,2.732417583465576,,,,
170,1195,,,3.5852603912353516,,2.8754220008850098,2.8754220008850098,,,,
170,1196,,,3.34605073928833,,2.6359775066375732,2.6359775066375732,,,,
,170,,,,,,,,,6.386435031890869,6.386435031890869
170,1196,,,,,,,6.386435031890869,6.386435031890869,,
170,1196,2.79801869392395,3.50750732421875,,2.79801869392395,,,,,,
171,1197,,,3.597120523452759,,2.886735439300537,2.886735439300537,,,,
171,1198,,,3.6463375091552734,,2.935699224472046,2.935699224472046,,,,
171,1199,,,2.6822285652160645,,1.9714117050170898,1.9714117050170898,,,,
171,1200,,,3.531782388687134,,2.8207650184631348,2.8207650184631348,,,,
171,1201,,,3.753218173980713,,3.042004108428955,3.042004108428955,,,,
171,1202,,,3.446439743041992,,2.734985828399658,2.734985828399658,,,,
171,1203,,,3.994843006134033,,3.283313751220703,3.283313751220703,,,,
,171,,,,,,,,,6.187282562255859,6.187282562255859
171,1203,,,,,,,6.187282562255859,6.187282562255859,,
171,1203,2.7643675804138184,3.4753241539001465,,2.7643675804138184,,,,,,
172,1204,,,3.768019199371338,,3.056290626525879,3.056290626525879,,,,
172,1205,,,3.1415743827819824,,2.42966365814209,2.42966365814209,,,,
172,1206,,,4.29573392868042,,3.5837290287017822,3.5837290287017822,,,,
172,1207,,,3.724759578704834,,3.0125203132629395,3.0125203132629395,,,,
172,1208,,,3.078343629837036,,2.365865468978882,2.365865468978882,,,,
172,1209,,,2.840094566345215,,2.1274402141571045,2.1274402141571045,,,,
172,1210,,,2.8857645988464355,,2.172912359237671,2.172912359237671,,,,
,172,,,,,,,,,6.071780681610107,6.071780681610107
172,1210,,,,,,,6.071780681610107,6.071780681610107,,
172,1210,2.727898120880127,3.440107822418213,,2.727898120880127,,,,,,
173,1211,,,2.96834135055542,,2.2553436756134033,2.2553436756134033,,,,
173,1212,,,4.148746490478516,,3.4355924129486084,3.4355924129486084,,,,
173,1213,,,3.0497477054595947,,2.3363547325134277,2.3363547325134277,,,,
173,1214,,,3.5924742221832275,,2.878883123397827,2.878883123397827,,,,
173,1215,,,4.0550689697265625,,3.341282367706299,3.341282367706299,,,,
173,1216,,,2.9297823905944824,,2.215881109237671,2.215881109237671,,,,
173,1217,,,2.6781132221221924,,1.9640171527862549,1.9640171527862549,,,,
,173,,,,,,,,,5.983221530914307,5.983221530914307
173,1217,,,,,,,5.983221530914307,5.983221530914307,,
173,1217,2.698014736175537,3.411522388458252,,2.698014736175537,,,,,,
174,1218,,,3.8345813751220703,,3.1203298568725586,3.1203298568725586,,,,
174,1219,,,3.8567264080047607,,3.1422581672668457,3.1422581672668457,,,,
174,1220,,,2.8810300827026367,,2.1663169860839844,2.1663169860839844,,,,
174,1221,,,2.5739805698394775,,1.859104871749878,1.859104871749878,,,,
174,1222,,,3.788264274597168,,3.073291063308716,3.073291063308716,,,,
174,1223,,,3.48002290725708,,2.764841079711914,2.764841079711914,,,,
174,1224,,,3.0669658184051514,,2.351616144180298,2.351616144180298,,,,
,174,,,,,,,,,5.9526214599609375,5.9526214599609375
174,1224,,,,,,,5.9526214599609375,5.9526214599609375,,
174,1224,2.667921543121338,3.3827006816864014,,2.667921543121338,,,,,,
175,1225,,,3.8558948040008545,,3.1404478549957275,3.1404478549957275,,,,
175,1226,,,2.8957741260528564,,2.18019962310791,2.18019962310791,,,,
175,1227,,,3.7097511291503906,,2.993936538696289,2.993936538696289,,,,
175,1228,,,2.963132619857788,,2.247122287750244,2.247122287750244,,,,
175,1229,,,3.062506675720215,,2.346365451812744,2.346365451812744,,,,
175,1230,,,3.967839002609253,,3.2515010833740234,3.2515010833740234,,,,
175,1231,,,2.5454530715942383,,1.8289756774902344,1.8289756774902344,,,,
,175,,,,,,,,,5.889719009399414,5.889719009399414
175,1231,,,,,,,5.889719486236572,5.889719486236572,,
175,1231,2.6424217224121094,3.358344078063965,,2.6424217224121094,,,,,,
176,1232,,,3.439297676086426,,2.722644090652466,2.722644090652466,,,,
176,1233,,,3.4688453674316406,,2.7520334720611572,2.7520334720611572,,,,
176,1234,,,3.528742790222168,,2.811776876449585,2.811776876449585,,,,
176,1235,,,3.392335891723633,,2.6752090454101562,2.6752090454101562,,,,
176,1236,,,2.9448745250701904,,2.2275819778442383,2.2275819778442383,,,,
176,1237,,,3.0472662448883057,,2.329773426055908,2.329773426055908,,,,
176,1238,,,3.7481815814971924,,3.030522108078003,3.030522108078003,,,,
,176,,,,,,,,,5.88136100769043,5.88136100769043
176,1238,,,,,,,5.8813605308532715,5.8813605308532715,,
176,1238,2.612621784210205,3.329714298248291,,2.612621784210205,,,,,,
177,1239,,,2.6684799194335938,,1.9505903720855713,1.9505903720855713,,,,
177,1240,,,2.806917428970337,,2.0888330936431885,2.0888330936431885,,,,
177,1241,,,4.44911003112793,,3.7308688163757324,3.7308688163757324,,,,
177,1242,,,2.9350757598876953,,2.216601610183716,2.216601610183716,,,,
177,1243,,,3.442364454269409,,2.7237191200256348,2.7237191200256348,,,,
177,1244,,,4.066268444061279,,3.3474740982055664,3.3474740982055664,,,,
177,1245,,,1.8411991596221924,,1.12222158908844,1.12222158908844,,,,
,177,,,,,,,,,5.790019512176514,5.790019512176514
177,1245,,,,,,,5.790019512176514,5.790019512176514,,
177,1245,2.584928512573242,3.3033201694488525,,2.584928512573242,,,,,,
178,1246,,,3.575080394744873,,2.8559563159942627,2.8559563159942627,,,,
178,1247,,,4.0116801261901855,,3.2923521995544434,3.2923521995544434,,,,
178,1248,,,2.4274117946624756,,1.7078993320465088,1.7078993320465088,,,,
178,1249,,,2.115405321121216,,1.3957546949386597,1.3957546949386597,,,,
178,1250,,,3.1142473220825195,,2.394486904144287,2.394486904144287,,,,
178,1251,,,4.032968997955322,,3.313042402267456,3.313042402267456,,,,
178,1252,,,4.308335304260254,,3.5882115364074707,3.5882115364074707,,,,
,178,,,,,,,,,5.685841083526611,5.685841083526611
178,1252,,,,,,,5.685841083526611,5.685841083526611,,
178,1252,2.5576584339141846,3.277242422103882,,2.5576584339141846,,,,,,
179,1253,,,3.0748748779296875,,2.354477882385254,2.354477882385254,,,,
179,1254,,,3.798121929168701,,3.0775375366210938,3.0775375366210938,,,,
179,1255,,,3.485924482345581,,2.7651517391204834,2.7651517391204834,,,,
179,1256,,,3.14473557472229,,2.4237771034240723,2.4237771034240723,,,,
179,1257,,,2.697866916656494,,1.9766697883605957,1.9766697883605957,,,,
179,1258,,,3.4553163051605225,,2.733992338180542,2.733992338180542,,,,
179,1259,,,2.934476852416992,,2.2129645347595215,2.2129645347595215,,,,
,179,,,,,,,,,5.65294885635376,5.65294885635376
179,1259,,,,,,,5.65294885635376,5.65294885635376,,
179,1259,2.53513240814209,3.256042242050171,,2.53513240814209,,,,,,
180,1260,,,3.577202796936035,,2.8555924892425537,2.8555924892425537,,,,
180,1261,,,2.6790354251861572,,1.9572935104370117,1.9572935104370117,,,,
180,1262,,,3.1095948219299316,,2.387702465057373,2.387702465057373,,,,
180,1263,,,3.7900590896606445,,3.067967176437378,3.067967176437378,,,,
180,1264,,,2.81844425201416,,2.0961999893188477,2.0961999893188477,,,,
180,1265,,,3.444000244140625,,2.721560478210449,2.721560478210449,,,,
180,1266,,,3.192683696746826,,2.470118284225464,2.470118284225464,,,,
,180,,,,,,,,,5.473851680755615,5.473851680755615
180,1266,,,,,,,5.473851680755615,5.473851680755615,,
180,1266,2.511782169342041,3.233818531036377,,2.511782169342041,,,,,,
181,1267,,,4.2965617179870605,,3.5736632347106934,3.5736632347106934,,,,
181,1268,,,2.98539400100708,,2.2622294425964355,2.2622294425964355,,,,
181,1269,,,2.5005552768707275,,1.7772413492202759,1.7772413492202759,,,,
181,1270,,,4.097549915313721,,3.3741378784179688,3.3741378784179688,,,,
181,1271,,,2.6691431999206543,,1.9455571174621582,1.9455571174621582,,,,
181,1272,,,2.7102906703948975,,1.9865299463272095,1.9865299463272095,,,,
181,1273,,,3.1290640830993652,,2.4051363468170166,2.4051363468170166,,,,
,181,,,,,,,,,5.311529636383057,5.311529636383057
181,1273,,,,,,,5.311529636383057,5.311529636383057,,
181,1273,2.4817702770233154,3.205159902572632,,2.4817702770233154,,,,,,
182,1274,,,3.1943562030792236,,2.4701554775238037,2.4701554775238037,,,,
182,1275,,,2.7982749938964844,,2.073887825012207,2.073887825012207,,,,
182,1276,,,3.0325119495391846,,2.3078927993774414,2.3078927993774414,,,,
182,1277,,,3.401949405670166,,2.677229404449463,2.677229404449463,,,,
182,1278,,,4.087146282196045,,3.362288236618042,3.362288236618042,,,,
182,1279,,,2.6656432151794434,,1.9405369758605957,1.9405369758605957,,,,
182,1280,,,3.013310432434082,,2.2880377769470215,2.2880377769470215,,,,
,182,,,,,,,,,5.316908836364746,5.316908836364746
182,1280,,,,,,,5.316908836364746,5.316908836364746,,
182,1280,2.461177349090576,3.1858625411987305,,2.461177349090576,,,,,,
183,1281,,,3.0627288818359375,,2.3373348712921143,2.3373348712921143,,,,
183,1282,,,2.5230441093444824,,1.7974934577941895,1.7974934577941895,,,,
183,1283,,,2.352433681488037,,1.6266989707946777,1.6266989707946777,,,,
183,1284,,,3.558354139328003,,2.832472324371338,2.832472324371338,,,,
183,1285,,,3.4623122215270996,,2.7361607551574707,2.7361607551574707,,,,
183,1286,,,4.1667561531066895,,3.4404659271240234,3.4404659271240234,,,,
183,1287,,,2.780337333679199,,2.0539183616638184,2.0539183616638184,,,,
,183,,,,,,,,,5.299665451049805,5.299665451049805
183,1287,,,,,,,5.2996649742126465,5.2996649742126465,,
183,1287,2.437779664993286,3.1636481285095215,,2.437779664993286,,,,,,
184,1288,,,2.8420674800872803,,2.115496873855591,2.115496873855591,,,,
184,1289,,,3.696910858154297,,2.970121145248413,2.970121145248413,,,,
184,1290,,,2.9597907066345215,,2.2328648567199707,2.2328648567199707,,,,
184,1291,,,4.055105686187744,,3.328063726425171,3.328063726425171,,,,
184,1292,,,2.173811435699463,,1.446600317955017,1.446600317955017,,,,
184,1293,,,3.177311658859253,,2.4499242305755615,2.4499242305755615,,,,
184,1294,,,2.9536900520324707,,2.2261033058166504,2.2261033058166504,,,,
,184,,,,,,,,,5.310100555419922,5.310100555419922
184,1294,,,,,,,5.310100555419922,5.310100555419922,,
184,1294,2.412213087081909,3.1392362117767334,,2.412213087081909,,,,,,
185,1295,,,2.852651357650757,,2.1249523162841797,2.1249523162841797,,,,
185,1296,,,3.6786258220672607,,2.9507343769073486,2.9507343769073486,,,,
185,1297,,,2.1385531425476074,,1.4104888439178467,1.4104888439178467,,,,
185,1298,,,2.978410243988037,,2.250276803970337,2.250276803970337,,,,
185,1299,,,2.8849246501922607,,2.156635046005249,2.156635046005249,,,,
185,1300,,,4.049211025238037,,3.3207409381866455,3.3207409381866455,,,,
185,1301,,,3.36029052734375,,2.6316232681274414,2.6316232681274414,,,,
,185,,,,,,,,,5.266706466674805,5.266706466674805
185,1301,,,,,,,5.2667059898376465,5.2667059898376465,,
185,1301,2.3844213485717773,3.112546682357788,,2.3844213485717773,,,,,,
186,1302,,,3.154620409011841,,2.4257912635803223,2.4257912635803223,,,,
186,1303,,,2.3183770179748535,,1.5894052982330322,1.5894052982330322,,,,
186,1304,,,3.1850476264953613,,2.455944776535034,2.455944776535034,,,,
186,1305,,,3.159752607345581,,2.4304897785186768,2.4304897785186768,,,,
186,1306,,,3.6255314350128174,,2.896061897277832,2.896061897277832,,,,
186,1307,,,2.747572422027588,,2.017939805984497,2.017939805984497,,,,
186,1308,,,4.0475592613220215,,3.317793369293213,3.317793369293213,,,,
,186,,,,,,,,,5.139876842498779,5.139876842498779
186,1308,,,,,,,5.139876842498779,5.139876842498779,,
186,1308,2.3623223304748535,3.091566562652588,,2.3623223304748535,,,,,,
187,1309,,,3.214655876159668,,2.4846153259277344,2.4846153259277344,,,,
187,1310,,,2.687885046005249,,1.9576947689056396,1.9576947689056396,,,,
187,1311,,,2.8734207153320312,,2.1430294513702393,2.1430294513702393,,,,
187,1312,,,2.7868118286132812,,2.056241989135742,2.056241989135742,,,,
187,1313,,,3.136606216430664,,2.405871629714966,2.405871629714966,,,,
187,1314,,,3.6703734397888184,,2.939516544342041,2.939516544342041,,,,
187,1315,,,3.169044017791748,,2.438014507293701,2.438014507293701,,,,
,187,,,,,,,,,5.02860164642334,5.02860164642334
187,1315,,,,,,,5.02860164642334,5.02860164642334,,
187,1315,2.337446928024292,3.067944049835205,,2.337446928024292,,,,,,
188,1316,,,3.0753369331359863,,2.3440804481506348,2.3440804481506348,,,,
188,1317,,,3.1269726753234863,,2.395578384399414,2.395578384399414,,,,
188,1318,,,3.0586862564086914,,2.3270795345306396,2.3270795345306396,,,,
188,1319,,,2.6320981979370117,,1.9003450870513916,1.9003450870513916,,,,
188,1320,,,2.789217710494995,,2.0573158264160156,2.0573158264160156,,,,
188,1321,,,3.5233538150787354,,2.7913014888763428,2.7913014888763428,,,,
188,1322,,,3.252800941467285,,2.520565986633301,2.520565986633301,,,,
,188,,,,,,,,,4.905573844909668,4.905573844909668
188,1322,,,,,,,4.905573844909668,4.905573844909668,,
188,1322,2.3154373168945312,3.0471320152282715,,2.3154373168945312,,,,,,
189,1323,,,2.6955292224884033,,1.963078498840332,1.963078498840332,,,,
189,1324,,,2.8297998905181885,,2.097184658050537,2.097184658050537,,,,
189,1325,,,3.282541036605835,,2.549795627593994,2.549795627593994,,,,
189,1326,,,2.8327784538269043,,2.0998663902282715,2.0998663902282715,,,,
189,1327,,,3.5763752460479736,,2.843295097351074,2.843295097351074,,,,
189,1328,,,3.2973785400390625,,2.564124345779419,2.564124345779419,,,,
189,1329,,,2.0667152404785156,,1.3332922458648682,1.3332922458648682,,,,
,189,,,,,,,,,4.789224147796631,4.789224147796631
189,1329,,,,,,,4.789224147796631,4.789224147796631,,
189,1329,2.292914390563965,3.0257911682128906,,2.292914390563965,,,,,,
190,1330,,,3.0638623237609863,,2.3302366733551025,2.3302366733551025,,,,
190,1331,,,2.8520729541778564,,2.1183085441589355,2.1183085441589355,,,,
190,1332,,,3.188981533050537,,2.4550893306732178,2.4550893306732178,,,,
190,1333,,,3.6330068111419678,,2.8989145755767822,2.8989145755767822,,,,
190,1334,,,2.436997413635254,,1.7027559280395508,1.7027559280395508,,,,
190,1335,,,2.710973024368286,,1.9765892028808594,1.9765892028808594,,,,
190,1336,,,3.377326011657715,,2.642777681350708,2.642777681350708,,,,
,190,,,,,,,,,4.686645030975342,4.686645030975342
190,1336,,,,,,,4.686645030975342,4.686645030975342,,
190,1336,2.2702646255493164,3.0042967796325684,,2.2702646255493164,,,,,,
191,1337,,,2.9130847454071045,,2.178232192993164,2.178232192993164,,,,
191,1338,,,3.050696611404419,,2.3156635761260986,2.3156635761260986,,,,
191,1339,,,2.9618842601776123,,2.226691484451294,2.226691484451294,,,,
191,1340,,,2.7049851417541504,,1.9696245193481445,1.9696245193481445,,,,
191,1341,,,2.9651403427124023,,2.2295961380004883,2.2295961380004883,,,,
191,1342,,,3.605525255203247,,2.8698043823242188,2.8698043823242188,,,,
191,1343,,,2.126465320587158,,1.3906073570251465,1.3906073570251465,,,,
,191,,,,,,,,,4.58018159866333,4.58018159866333
191,1343,,,,,,,4.58018159866333,4.58018159866333,,
191,1343,2.2448768615722656,2.9801948070526123,,2.2448768615722656,,,,,,
192,1344,,,3.5525829792022705,,2.816541910171509,2.816541910171509,,,,
192,1345,,,2.954932451248169,,2.218701124191284,2.218701124191284,,,,
192,1346,,,2.405649185180664,,1.6692309379577637,1.6692309379577637,,,,
192,1347,,,2.9512929916381836,,2.214755058288574,2.214755058288574,,,,
192,1348,,,2.6816751956939697,,1.9449729919433594,1.9449729919433594,,,,
192,1349,,,3.2476491928100586,,2.5107710361480713,2.5107710361480713,,,,
192,1350,,,2.8332643508911133,,2.096217155456543,2.096217155456543,,,,
,192,,,,,,,,,4.585391521453857,4.585391521453857
192,1350,,,,,,,4.585391521453857,4.585391521453857,,
192,1350,2.221341848373413,2.957843780517578,,2.221341848373413,,,,,,
193,1351,,,2.7897491455078125,,2.0526161193847656,2.0526161193847656,,,,
193,1352,,,3.7334842681884766,,2.996157646179199,2.996157646179199,,,,
193,1353,,,2.5080127716064453,,1.7705340385437012,1.7705340385437012,,,,
193,1354,,,3.4905107021331787,,2.7528929710388184,2.7528929710388184,,,,
193,1355,,,2.787201404571533,,2.049433708190918,2.049433708190918,,,,
193,1356,,,2.249018669128418,,1.5111690759658813,1.5111690759658813,,,,
193,1357,,,3.1931300163269043,,2.4551141262054443,2.4551141262054443,,,,
,193,,,,,,,,,4.547827243804932,4.547827243804932
193,1357,,,,,,,4.547827243804932,4.547827243804932,,
193,1357,2.2044661045074463,2.942023515701294,,2.2044661045074463,,,,,,
194,1358,,,3.3479719161987305,,2.6096746921539307,2.6096746921539307,,,,
194,1359,,,2.690478801727295,,1.9520500898361206,1.9520500898361206,,,,
194,1360,,,3.017040252685547,,2.2784507274627686,2.2784507274627686,,,,
194,1361,,,3.215169906616211,,2.476374626159668,2.476374626159668,,,,
194,1362,,,2.6855404376983643,,1.9465718269348145,1.9465718269348145,,,,
194,1363,,,2.5230824947357178,,1.7839934825897217,1.7839934825897217,,,,
194,1364,,,2.978790521621704,,2.2395105361938477,2.2395105361938477,,,,
,194,,,,,,,,,4.530302047729492,4.530302047729492
194,1364,,,,,,,4.530302047729492,4.530302047729492,,
194,1364,2.178342342376709,2.9170711040496826,,2.178342342376709,,,,,,
195,1365,,,2.630626916885376,,1.8912150859832764,1.8912150859832764,,,,
195,1366,,,2.679914712905884,,1.940406084060669,1.940406084060669,,,,
195,1367,,,2.9773828983306885,,2.2377305030822754,2.2377305030822754,,,,
195,1368,,,3.335193157196045,,2.5953712463378906,2.5953712463378906,,,,
195,1369,,,2.8961310386657715,,2.1561639308929443,2.1561639308929443,,,,
195,1370,,,3.039080858230591,,2.298940420150757,2.298940420150757,,,,
195,1371,,,2.4373559951782227,,1.6970018148422241,1.6970018148422241,,,,
,195,,,,,,,,,4.54198694229126,4.54198694229126
195,1371,,,,,,,4.54198694229126,4.54198694229126,,
195,1371,2.1578357219696045,2.8976218700408936,,2.1578357219696045,,,,,,
196,1372,,,2.5419487953186035,,1.801481008529663,1.801481008529663,,,,
196,1373,,,3.1802139282226562,,2.4395856857299805,2.4395856857299805,,,,
196,1374,,,2.213773250579834,,1.4729986190795898,1.4729986190795898,,,,
196,1375,,,2.744577646255493,,2.0036914348602295,2.0036914348602295,,,,
196,1376,,,2.7870593070983887,,2.0460104942321777,2.0460104942321777,,,,
196,1377,,,3.6527488231658936,,2.911562442779541,2.911562442779541,,,,
196,1378,,,3.2543559074401855,,2.5130128860473633,2.5130128860473633,,,,
,196,,,,,,,,,4.463488578796387,4.463488578796387
196,1378,,,,,,,4.463488578796387,4.463488578796387,,
196,1378,2.136111259460449,2.8769731521606445,,2.136111259460449,,,,,,
197,1379,,,2.16294002532959,,1.4213430881500244,1.4213430881500244,,,,
197,1380,,,4.137443542480469,,3.39571475982666,3.39571475982666,,,,
197,1381,,,3.137681007385254,,2.3957529067993164,2.3957529067993164,,,,
197,1382,,,2.2844934463500977,,1.542343020439148,1.542343020439148,,,,
197,1383,,,2.4565980434417725,,1.7143086194992065,1.7143086194992065,,,,
197,1384,,,2.655052423477173,,1.912647008895874,1.912647008895874,,,,
197,1385,,,3.713958501815796,,2.9713807106018066,2.9713807106018066,,,,
,197,,,,,,,,,4.467175483703613,4.467175483703613
197,1385,,,,,,,4.467175483703613,4.467175483703613,,
197,1385,2.1170787811279297,2.859128475189209,,2.1170787811279297,,,,,,
198,1386,,,2.5610456466674805,,1.818380355834961,1.818380355834961,,,,
198,1387,,,2.3769783973693848,,1.634170413017273,1.634170413017273,,,,
198,1388,,,3.1678547859191895,,2.4249191284179688,2.4249191284179688,,,,
198,1389,,,2.78306245803833,,2.039961576461792,2.039961576461792,,,,
198,1390,,,3.2549796104431152,,2.5117130279541016,2.5117130279541016,,,,
198,1391,,,2.6914267539978027,,1.947972297668457,1.947972297668457,,,,
198,1392,,,3.358480453491211,,2.614910840988159,2.614910840988159,,,,
,198,,,,,,,,,4.493546962738037,4.493546962738037
198,1392,,,,,,,4.493546962738037,4.493546962738037,,
198,1392,2.0953269004821777,2.8383965492248535,,2.0953269004821777,,,,,,
199,1393,,,2.646766424179077,,1.9030660390853882,1.9030660390853882,,,,
199,1394,,,3.5428717136383057,,2.799015522003174,2.799015522003174,,,,
199,1395,,,3.179872512817383,,2.4358158111572266,2.4358158111572266,,,,
199,1396,,,2.5969314575195312,,1.852644443511963,1.852644443511963,,,,
199,1397,,,2.3495583534240723,,1.6051428318023682,1.6051428318023682,,,,
199,1398,,,2.8266384601593018,,2.0820956230163574,2.0820956230163574,,,,
199,1399,,,2.2406935691833496,,1.4960609674453735,1.4960609674453735,,,,
,199,,,,,,,,,4.480623722076416,4.480623722076416
199,1399,,,,,,,4.480623722076416,4.480623722076416,,
199,1399,2.0766749382019043,2.8208467960357666,,2.0766749382019043,,,,,,
200,1400,,,3.165449619293213,,2.420708656311035,2.420708656311035,,,,
200,1401,,,3.000478982925415,,2.255539655685425,2.255539655685425,,,,
200,1402,,,2.610102653503418,,1.865082859992981,1.865082859992981,,,,
200,1403,,,2.4376473426818848,,1.6925569772720337,1.6925569772720337,,,,
200,1404,,,3.104146718978882,,2.3588974475860596,2.3588974475860596,,,,
200,1405,,,2.398362398147583,,1.6529011726379395,1.6529011726379395,,,,
200,1406,,,3.1737029552459717,,2.4280788898468018,2.4280788898468018,,,,
,200,,,,,,,,,4.502122402191162,4.502122402191162
200,1406,,,,,,,4.502122402191162,4.502122402191162,,
200,1406,2.063720464706421,2.808835506439209,,2.063720464706421,,,,,,
201,1407,,,3.3456966876983643,,2.599951982498169,2.599951982498169,,,,
201,1408,,,2.077332019805908,,1.3314350843429565,1.3314350843429565,,,,
201,1409,,,2.1403379440307617,,1.3943121433258057,1.3943121433258057,,,,
201,1410,,,2.7170143127441406,,1.9708614349365234,1.9708614349365234,,,,
201,1411,,,3.56661319732666,,2.8203341960906982,2.8203341960906982,,,,
201,1412,,,2.4326906204223633,,1.686216115951538,1.686216115951538,,,,
201,1413,,,3.8674771785736084,,3.1208508014678955,3.1208508014678955,,,,
,201,,,,,,,,,4.528021812438965,4.528021812438965
201,1413,,,,,,,4.528021812438965,4.528021812438965,,
201,1413,2.035048007965088,2.781174898147583,,2.035048007965088,,,,,,
202,1414,,,2.7057952880859375,,1.9590351581573486,1.9590351581573486,,,,
202,1415,,,2.445917844772339,,1.699049711227417,1.699049711227417,,,,
202,1416,,,2.828016519546509,,2.0809903144836426,2.0809903144836426,,,,
202,1417,,,2.4744513034820557,,1.727236270904541,1.727236270904541,,,,
202,1418,,,2.2714061737060547,,1.5240073204040527,1.5240073204040527,,,,
202,1419,,,3.695634365081787,,2.948091745376587,2.948091745376587,,,,
202,1420,,,3.189563751220703,,2.4419054985046387,2.4419054985046387,,,,
,202,,,,,,,,,4.572537899017334,4.572537899017334
202,1420,,,,,,,4.572537899017334,4.572537899017334,,
202,1420,2.0163331031799316,2.7634992599487305,,2.0163331031799316,,,,,,
203,1421,,,2.4345269203186035,,1.6867296695709229,1.6867296695709229,,,,
203,1422,,,3.1756439208984375,,2.427725315093994,2.427725315093994,,,,
203,1423,,,3.1933789253234863,,2.4453446865081787,2.4453446865081787,,,,
203,1424,,,2.8839402198791504,,2.1357333660125732,2.1357333660125732,,,,
203,1425,,,2.3448259830474854,,1.5964305400848389,1.5964305400848389,,,,
203,1426,,,2.563190460205078,,1.8146464824676514,1.8146464824676514,,,,
203,1427,,,2.3830041885375977,,1.6343176364898682,1.6343176364898682,,,,
,203,,,,,,,,,4.488370895385742,4.488370895385742
203,1427,,,,,,,4.488370895385742,4.488370895385742,,
203,1427,1.9952126741409302,2.743393659591675,,1.9952126741409302,,,,,,
204,1428,,,3.1575539112091064,,2.4086971282958984,2.4086971282958984,,,,
204,1429,,,2.0561394691467285,,1.307113766670227,1.307113766670227,,,,
204,1430,,,3.2577531337738037,,2.5086019039154053,2.5086019039154053,,,,
204,1431,,,2.241447687149048,,1.4921231269836426,1.4921231269836426,,,,
204,1432,,,3.1527161598205566,,2.403242826461792,2.403242826461792,,,,
204,1433,,,2.4512486457824707,,1.7016410827636719,1.7016410827636719,,,,
204,1434,,,2.658945083618164,,1.909191608428955,1.909191608428955,,,,
,204,,,,,,,,,4.329050064086914,4.329050064086914
204,1434,,,,,,,4.329050064086914,4.329050064086914,,
204,1434,1.9666458368301392,2.7159156799316406,,1.9666458368301392,,,,,,
205,1435,,,2.6099584102630615,,1.8600348234176636,1.8600348234176636,,,,
205,1436,,,2.364325761795044,,1.6142786741256714,1.6142786741256714,,,,
205,1437,,,3.0774035453796387,,2.327224016189575,2.327224016189575,,,,
205,1438,,,2.6776371002197266,,1.9273650646209717,1.9273650646209717,,,,
205,1439,,,3.210453987121582,,2.4600744247436523,2.4600744247436523,,,,
205,1440,,,2.495143175125122,,1.744574785232544,1.744574785232544,,,,
205,1441,,,2.021583080291748,,1.2708030939102173,1.2708030939102173,,,,
,205,,,,,,,,,4.1954474449157715,4.1954474449157715
205,1441,,,,,,,4.1954474449157715,4.1954474449157715,,
205,1441,1.9466828107833862,2.6969432830810547,,1.9466828107833862,,,,,,
206,1442,,,2.2133641242980957,,1.4624167680740356,1.4624167680740356,,,,
206,1443,,,2.48899507522583,,1.7379183769226074,1.7379183769226074,,,,
206,1444,,,2.9987130165100098,,2.2475013732910156,2.2475013732910156,,,,
206,1445,,,3.192194700241089,,2.4408299922943115,2.4408299922943115,,,,
206,1446,,,2.0767176151275635,,1.325201392173767,1.325201392173767,,,,
206,1447,,,2.670905351638794,,1.9192594289779663,1.9192594289779663,,,,
206,1448,,,3.7669827938079834,,3.0152125358581543,3.0152125358581543,,,,
,206,,,,,,,,,4.045135974884033,4.045135974884033
206,1448,,,,,,,4.045135974884033,4.045135974884033,,
206,1448,1.9237382411956787,2.6750597953796387,,1.9237382411956787,,,,,,
207,1449,,,2.827012062072754,,2.0749967098236084,2.0749967098236084,,,,
207,1450,,,3.149710178375244,,2.3975584506988525,2.3975584506988525,,,,
207,1451,,,2.5123608112335205,,1.7600109577178955,1.7600109577178955,,,,
207,1452,,,2.5704848766326904,,1.8180091381072998,1.8180091381072998,,,,
207,1453,,,2.1506524085998535,,1.39806067943573,1.39806067943573,,,,
207,1454,,,2.6717593669891357,,1.9190809726715088,1.9190809726715088,,,,
207,1455,,,2.754117727279663,,2.00125789642334,2.00125789642334,,,,
,207,,,,,,,,,3.98880934715271,3.98880934715271
207,1455,,,,,,,3.98880934715271,3.98880934715271,,
207,1455,1.9008923768997192,2.6532979011535645,,1.9008923768997192,,,,,,
208,1456,,,2.545832872390747,,1.792785882949829,1.792785882949829,,,,
208,1457,,,2.82816743850708,,2.075026273727417,2.075026273727417,,,,
208,1458,,,2.3874969482421875,,1.6341981887817383,1.6341981887817383,,,,
208,1459,,,2.2356460094451904,,1.4822053909301758,1.4822053909301758,,,,
208,1460,,,3.3270702362060547,,2.573453426361084,2.573453426361084,,,,
208,1461,,,2.546443462371826,,1.792605996131897,1.792605996131897,,,,
208,1462,,,2.2889609336853027,,1.534982681274414,1.534982681274414,,,,
,208,,,,,,,,,4.027995586395264,4.027995586395264
208,1462,,,,,,,4.027995586395264,4.027995586395264,,
208,1462,1.8707284927368164,2.624159574508667,,1.8707284927368164,,,,,,
209,1463,,,2.6950907707214355,,1.9410687685012817,1.9410687685012817,,,,
209,1464,,,2.692413568496704,,1.9383251667022705,1.9383251667022705,,,,
209,1465,,,2.914909601211548,,2.16068696975708,2.16068696975708,,,,
209,1466,,,2.3240017890930176,,1.5696394443511963,1.5696394443511963,,,,
209,1467,,,2.628443479537964,,1.8739287853240967,1.8739287853240967,,,,
209,1468,,,2.572561025619507,,1.8178530931472778,1.8178530931472778,,,,
209,1469,,,2.011296033859253,,1.2564129829406738,1.2564129829406738,,,,
,209,,,,,,,,,4.077911853790283,4.077911853790283
209,1469,,,,,,,4.077911853790283,4.077911853790283,,
209,1469,1.846691370010376,2.601043939590454,,1.846691370010376,,,,,,
210,1470,,,2.4015555381774902,,1.6465585231781006,1.6465585231781006,,,,
210,1471,,,2.5576586723327637,,1.8025199174880981,1.8025199174880981,,,,
210,1472,,,2.765688419342041,,2.0104215145111084,2.0104215145111084,,,,
210,1473,,,3.1132020950317383,,2.3577651977539062,2.3577651977539062,,,,
210,1474,,,2.587973117828369,,1.8323273658752441,1.8323273658752441,,,,
210,1475,,,1.9857338666915894,,1.2299410104751587,1.2299410104751587,,,,
210,1476,,,2.692209005355835,,1.9363127946853638,1.9363127946853638,,,,
,210,,,,,,,,,4.065927028656006,4.065927028656006
210,1476,,,,,,,4.065927028656006,4.065927028656006,,
210,1476,1.8204944133758545,2.575904130935669,,1.8204944133758545,,,,,,
211,1477,,,2.7266268730163574,,1.9706350564956665,1.9706350564956665,,,,
211,1478,,,2.1967861652374268,,1.4405828714370728,1.4405828714370728,,,,
211,1479,,,2.60247802734375,,1.8461241722106934,1.8461241722106934,,,,
211,1480,,,2.6588544845581055,,1.902391791343689,1.902391791343689,,,,
211,1481,,,3.1000750064849854,,2.343440055847168,2.343440055847168,,,,
211,1482,,,2.165170192718506,,1.4084309339523315,1.4084309339523315,,,,
211,1483,,,2.3625071048736572,,1.605648159980774,1.605648159980774,,,,
,211,,,,,,,,,3.989121198654175,3.989121198654175
211,1483,,,,,,,3.989121198654175,3.989121198654175,,
211,1483,1.8060742616653442,2.5624990463256836,,1.8060742616653442,,,,,,
212,1484,,,3.5312721729278564,,2.774245500564575,2.774245500564575,,,,
212,1485,,,2.2565526962280273,,1.4993525743484497,1.4993525743484497,,,,
212,1486,,,2.813900947570801,,2.056553602218628,2.056553602218628,,,,
212,1487,,,2.4092609882354736,,1.651771903038025,1.651771903038025,,,,
212,1488,,,2.326287269592285,,1.5687029361724854,1.5687029361724854,,,,
212,1489,,,2.0956571102142334,,1.3378658294677734,1.3378658294677734,,,,
212,1490,,,2.009780168533325,,1.25184965133667,1.25184965133667,,,,
,212,,,,,,,,,3.983248710632324,3.983248710632324
212,1490,,,,,,,3.983248472213745,3.983248472213745,,
212,1490,1.7816369533538818,2.539074182510376,,1.7816369533538818,,,,,,
213,1491,,,2.3775033950805664,,1.6194971799850464,1.6194971799850464,,,,
213,1492,,,2.645904302597046,,1.8877596855163574,1.8877596855163574,,,,
213,1493,,,2.1678333282470703,,1.4095505475997925,1.4095505475997925,,,,
213,1494,,,3.2214088439941406,,2.462972402572632,2.462972402572632,,,,
213,1495,,,2.384641170501709,,1.6260825395584106,1.6260825395584106,,,,
213,1496,,,2.4350125789642334,,1.6763137578964233,1.6763137578964233,,,,
213,1497,,,2.124042272567749,,1.3651914596557617,1.3651914596557617,,,,
,213,,,,,,,,,3.9049785137176514,3.9049785137176514
213,1497,,,,,,,3.9049785137176514,3.9049785137176514,,
213,1497,1.7559407949447632,2.51432466506958,,1.7559407949447632,,,,,,
214,1498,,,2.2148823738098145,,1.4558898210525513,1.4558898210525513,,,,
214,1499,,,2.3490896224975586,,1.5899603366851807,1.5899603366851807,,,,
214,1500,,,2.617821216583252,,1.8585275411605835,1.8585275411605835,,,,
214,1501,,,2.2416863441467285,,1.4822677373886108,1.4822677373886108,,,,
214,1502,,,2.64650559425354,,1.8869818449020386,1.8869818449020386,,,,
214,1503,,,2.774318218231201,,2.014634609222412,2.014634609222412,,,,
214,1504,,,2.919076919555664,,2.1592600345611572,2.1592600345611572,,,,
,214,,,,,,,,,3.785266876220703,3.785266876220703
214,1504,,,,,,,3.785266876220703,3.785266876220703,,
214,1504,1.7408603429794312,2.5002286434173584,,1.7408603429794312,,,,,,
215,1505,,,3.130197286605835,,2.370170831680298,2.370170831680298,,,,
215,1506,,,2.038179397583008,,1.2779405117034912,1.2779405117034912,,,,
215,1507,,,2.4747726917266846,,1.714398980140686,1.714398980140686,,,,
215,1508,,,2.582070827484131,,1.8215800523757935,1.8215800523757935,,,,
215,1509,,,2.1600561141967773,,1.3994126319885254,1.3994126319885254,,,,
215,1510,,,2.531874656677246,,1.7710808515548706,1.7710808515548706,,,,
215,1511,,,2.3762612342834473,,1.615333080291748,1.615333080291748,,,,
,215,,,,,,,,,3.777503252029419,3.777503252029419
215,1511,,,,,,,3.777503252029419,3.777503252029419,,
215,1511,1.7192680835723877,2.4797253608703613,,1.7192680835723877,,,,,,
216,1512,,,2.6667559146881104,,1.9057378768920898,1.9057378768920898,,,,
216,1513,,,2.5789637565612793,,1.8178045749664307,1.8178045749664307,,,,
216,1514,,,1.9477801322937012,,1.1865121126174927,1.1865121126174927,,,,
216,1515,,,2.3682143688201904,,1.6068185567855835,1.6068185567855835,,,,
216,1516,,,2.9745285511016846,,2.212984085083008,2.212984085083008,,,,
216,1517,,,1.9780234098434448,,1.2163550853729248,1.2163550853729248,,,,
216,1518,,,3.185119867324829,,2.4233100414276123,2.4233100414276123,,,,
,216,,,,,,,,,3.72598934173584,3.72598934173584
216,1518,,,,,,,3.7259891033172607,3.7259891033172607,,
216,1518,1.702737808227539,2.4641075134277344,,1.702737808227539,,,,,,
217,1519,,,2.545163154602051,,1.7831344604492188,1.7831344604492188,,,,
217,1520,,,2.356964111328125,,1.5948188304901123,1.5948188304901123,,,,
217,1521,,,2.7467241287231445,,1.9844616651535034,1.9844616651535034,,,,
217,1522,,,2.0815269947052,,1.3191041946411133,1.3191041946411133,,,,
217,1523,,,2.239229202270508,,1.4766404628753662,1.4766404628753662,,,,
217,1524,,,2.8601412773132324,,2.0974364280700684,2.0974364280700684,,,,
217,1525,,,2.042738437652588,,1.279870867729187,1.279870867729187,,,,
,217,,,,,,,,,3.637993097305298,3.637993097305298
217,1525,,,,,,,3.637993097305298,3.637993097305298,,
217,1525,1.6840075254440308,2.4463961124420166,,1.6840075254440308,,,,,,
218,1526,,,2.7957282066345215,,2.0327062606811523,2.0327062606811523,,,,
218,1527,,,2.711684226989746,,1.9484971761703491,1.9484971761703491,,,,
218,1528,,,2.7465572357177734,,1.9832180738449097,1.9832180738449097,,,,
218,1529,,,2.4569778442382812,,1.6934698820114136,1.6934698820114136,,,,
218,1530,,,1.9706465005874634,,1.2069450616836548,1.2069450616836548,,,,
218,1531,,,2.228215456008911,,1.4644099473953247,1.4644099473953247,,,,
218,1532,,,1.567467212677002,,0.8035500645637512,0.8035500645637512,,,,
,218,,,,,,,,,3.61617374420166,3.61617374420166
218,1532,,,,,,,3.6161739826202393,3.6161739826202393,,
218,1532,1.6675416231155396,2.430997610092163,,1.6675416231155396,,,,,,
219,1533,,,2.4977293014526367,,1.733763575553894,1.733763575553894,,,,
219,1534,,,2.5455713272094727,,1.781466007232666,1.781466007232666,,,,
219,1535,,,2.4715960025787354,,1.7073817253112793,1.7073817253112793,,,,
219,1536,,,2.3997035026550293,,1.6353360414505005,1.6353360414505005,,,,
219,1537,,,2.8936431407928467,,2.1291592121124268,2.1291592121124268,,,,
219,1538,,,1.6006534099578857,,0.8360304236412048,0.8360304236412048,,,,
219,1539,,,2.585458993911743,,1.8207508325576782,1.8207508325576782,,,,
,219,,,,,,,,,3.5084033012390137,3.5084033012390137
219,1539,,,,,,,3.5084033012390137,3.5084033012390137,,
219,1539,1.6479870080947876,2.4123051166534424,,1.6479870080947876,,,,,,
220,1540,,,2.5005745887756348,,1.7356116771697998,1.7356116771697998,,,,
220,1541,,,1.7627228498458862,,0.9976378679275513,0.9976378679275513,,,,
220,1542,,,2.2483701705932617,,1.4831618070602417,1.4831618070602417,,,,
220,1543,,,2.6938047409057617,,1.9284495115280151,1.9284495115280151,,,,
220,1544,,,2.160342216491699,,1.3948358297348022,1.3948358297348022,,,,
220,1545,,,2.6403603553771973,,1.8747419118881226,1.8747419118881226,,,,
220,1546,,,3.407107353210449,,2.64132022857666,2.64132022857666,,,,
,220,,,,,,,,,3.502718448638916,3.502718448638916
220,1546,,,,,,,3.502718448638916,3.502718448638916,,
220,1546,1.6321464776992798,2.397465229034424,,1.6321464776992798,,,,,,
221,1547,,,2.706188678741455,,1.9402365684509277,1.9402365684509277,,,,
221,1548,,,2.573404312133789,,1.8073053359985352,1.8073053359985352,,,,
221,1549,,,2.1329526901245117,,1.3667138814926147,1.3667138814926147,,,,
221,1550,,,2.370478630065918,,1.6041464805603027,1.6041464805603027,,,,
221,1551,,,2.267597198486328,,1.5011061429977417,1.5011061429977417,,,,
221,1552,,,2.2220618724823,,1.4553930759429932,1.4553930759429932,,,,
221,1553,,,2.392507553100586,,1.6257129907608032,1.6257129907608032,,,,
,221,,,,,,,,,3.5181238651275635,3.5181238651275635
221,1553,,,,,,,3.5181238651275635,3.5181238651275635,,
221,1553,1.6132616996765137,2.3795878887176514,,1.6132616996765137,,,,,,
222,1554,,,2.262143611907959,,1.4952244758605957,1.4952244758605957,,,,
222,1555,,,1.8890304565429688,,1.1219568252563477,1.1219568252563477,,,,
222,1556,,,1.9264869689941406,,1.159315586090088,1.159315586090088,,,,
222,1557,,,2.4630208015441895,,1.6957250833511353,1.6957250833511353,,,,
222,1558,,,2.444688081741333,,1.677304744720459,1.677304744720459,,,,
222,1559,,,2.972846269607544,,2.205317497253418,2.205317497253418,,,,
222,1560,,,2.916996955871582,,2.149306535720825,2.149306535720825,,,,
,222,,,,,,,,,3.489377975463867,3.489377975463867
222,1560,,,,,,,3.489377975463867,3.489377975463867,,
222,1560,1.5938563346862793,2.361112117767334,,1.5938563346862793,,,,,,
223,1561,,,2.3976666927337646,,1.6297630071640015,1.6297630071640015,,,,
223,1562,,,2.232611656188965,,1.4645967483520508,1.4645967483520508,,,,
223,1563,,,2.3761136531829834,,1.6079306602478027,1.6079306602478027,,,,
223,1564,,,2.029780864715576,,1.2614636421203613,1.2614636421203613,,,,
223,1565,,,2.9193732738494873,,2.150949001312256,2.150949001312256,,,,
223,1566,,,2.3033359050750732,,1.5347634553909302,1.5347634553909302,,,,
223,1567,,,1.863844633102417,,1.0951122045516968,1.0951122045516968,,,,
,223,,,,,,,,,3.4237265586853027,3.4237265586853027
223,1567,,,,,,,3.4237265586853027,3.4237265586853027,,
223,1567,1.578060269355774,2.346325397491455,,1.578060269355774,,,,,,
224,1568,,,2.3704423904418945,,1.6015512943267822,1.6015512943267822,,,,
224,1569,,,2.135934829711914,,1.3669475317001343,1.3669475317001343,,,,
224,1570,,,2.660010576248169,,1.8908939361572266,1.8908939361572266,,,,
224,1571,,,2.3552422523498535,,1.5859509706497192,1.5859509706497192,,,,
224,1572,,,2.209305763244629,,1.4398775100708008,1.4398775100708008,,,,
224,1573,,,2.0409412384033203,,1.271368384361267,1.271368384361267,,,,
224,1574,,,2.859551191329956,,2.0898261070251465,2.0898261070251465,,,,
,224,,,,,,,,,3.4260923862457275,3.4260923862457275
224,1574,,,,,,,3.4260923862457275,3.4260923862457275,,
224,1574,1.5592586994171143,2.328503131866455,,1.5592586994171143,,,,,,
225,1575,,,2.4014008045196533,,1.6315654516220093,1.6315654516220093,,,,
225,1576,,,2.211489677429199,,1.4414962530136108,1.4414962530136108,,,,
225,1577,,,2.655930519104004,,1.8857829570770264,1.8857829570770264,,,,
225,1578,,,1.999961495399475,,1.2296944856643677,1.2296944856643677,,,,
225,1579,,,2.277766227722168,,1.5073968172073364,1.5073968172073364,,,,
225,1580,,,2.2258028984069824,,1.4553134441375732,1.4553134441375732,,,,
225,1581,,,2.6024677753448486,,1.8318421840667725,1.8318421840667725,,,,
,225,,,,,,,,,3.392479419708252,3.392479419708252
225,1581,,,,,,,3.392479419708252,3.392479419708252,,
225,1581,1.543245553970337,2.31345534324646,,1.543245553970337,,,,,,
226,1582,,,2.949953556060791,,2.179152250289917,2.179152250289917,,,,
226,1583,,,2.2406368255615234,,1.469632625579834,1.469632625579834,,,,
226,1584,,,2.2993886470794678,,1.5282305479049683,1.5282305479049683,,,,
226,1585,,,1.733982801437378,,0.9627041220664978,0.9627041220664978,,,,
226,1586,,,2.6155972480773926,,1.8441933393478394,1.8441933393478394,,,,
226,1587,,,2.202479124069214,,1.4309710264205933,1.4309710264205933,,,,
226,1588,,,1.62510085105896,,0.8534647822380066,0.8534647822380066,,,,
,226,,,,,,,,,3.3324248790740967,3.3324248790740967
226,1588,,,,,,,3.3324248790740967,3.3324248790740967,,
226,1588,1.5270483493804932,2.298266887664795,,1.5270483493804932,,,,,,
227,1589,,,2.027912139892578,,1.2561651468276978,1.2561651468276978,,,,
227,1590,,,2.172206401824951,,1.4003239870071411,1.4003239870071411,,,,
227,1591,,,3.0948867797851562,,2.322882652282715,2.322882652282715,,,,
227,1592,,,2.650930404663086,,1.8788011074066162,1.8788011074066162,,,,
227,1593,,,1.589839220046997,,0.8175828456878662,0.8175828456878662,,,,
227,1594,,,2.1919190883636475,,1.4195737838745117,1.4195737838745117,,,,
227,1595,,,2.2088353633880615,,1.4363365173339844,1.4363365173339844,,,,
,227,,,,,,,,,3.2351465225219727,3.2351465225219727
227,1595,,,,,,,3.2351467609405518,3.2351467609405518,,
227,1595,1.5112088918685913,2.2832953929901123,,1.5112088918685913,,,,,,
228,1596,,,2.467050075531006,,1.6943638324737549,1.6943638324737549,,,,
228,1597,,,1.8257923126220703,,1.0529810190200806,1.0529810190200806,,,,
228,1598,,,2.6661624908447266,,1.8932347297668457,1.8932347297668457,,,,
228,1599,,,2.0820255279541016,,1.3089526891708374,1.3089526891708374,,,,
228,1600,,,2.5497446060180664,,1.7765121459960938,1.7765121459960938,,,,
228,1601,,,1.9117729663848877,,1.1384204626083374,1.1384204626083374,,,,
228,1602,,,2.547677516937256,,1.774214744567871,1.774214744567871,,,,
,228,,,,,,,,,3.163712501525879,3.163712501525879
228,1602,,,,,,,3.163712739944458,3.163712739944458,,
228,1602,1.4948699474334717,2.2679102420806885,,1.4948699474334717,,,,,,
229,1603,,,1.7013990879058838,,0.9277519583702087,0.9277519583702087,,,,
229,1604,,,2.4972798824310303,,1.7235430479049683,1.7235430479049683,,,,
229,1605,,,2.194634437561035,,1.4207717180252075,1.4207717180252075,,,,
229,1606,,,1.9723241329193115,,1.1983245611190796,1.1983245611190796,,,,
229,1607,,,2.27518630027771,,1.501065969467163,1.501065969467163,,,,
229,1608,,,2.7380385398864746,,1.9638153314590454,1.9638153314590454,,,,
229,1609,,,2.6106820106506348,,1.8362927436828613,1.8362927436828613,,,,
,229,,,,,,,,,3.0860300064086914,3.0860300064086914
229,1609,,,,,,,3.0860302448272705,3.0860302448272705,,
229,1609,1.4782562255859375,2.2522146701812744,,1.4782562255859375,,,,,,
230,1610,,,1.6795990467071533,,0.9049851894378662,0.9049851894378662,,,,
230,1611,,,1.9733920097351074,,1.198661208152771,1.198661208152771,,,,
230,1612,,,2.6403040885925293,,1.8654661178588867,1.8654661178588867,,,,
230,1613,,,2.7611870765686035,,1.9862182140350342,1.9862182140350342,,,,
230,1614,,,2.2572832107543945,,1.4821466207504272,1.4821466207504272,,,,
230,1615,,,2.3027522563934326,,1.5274462699890137,1.5274462699890137,,,,
230,1616,,,1.731797695159912,,0.9563623070716858,0.9563623070716858,,,,
,230,,,,,,,,,3.054490804672241,3.054490804672241
230,1616,,,,,,,3.054490804672241,3.054490804672241,,
230,1616,1.4625191688537598,2.237481117248535,,1.4625191688537598,,,,,,
231,1617,,,1.842537522315979,,1.066996455192566,1.066996455192566,,,,
231,1618,,,2.667497158050537,,1.891848087310791,1.891848087310791,,,,
231,1619,,,2.296537399291992,,1.5207632780075073,1.5207632780075073,,,,
231,1620,,,2.3447794914245605,,1.56888747215271,1.56888747215271,,,,
231,1621,,,2.146575927734375,,1.3705203533172607,1.3705203533172607,,,,
231,1622,,,1.7953301668167114,,1.0191432237625122,1.0191432237625122,,,,
231,1623,,,2.834805965423584,,2.05849027633667,2.05849027633667,,,,
,231,,,,,,,,,3.0752673149108887,3.0752673149108887
231,1623,,,,,,,3.0752673149108887,3.0752673149108887,,
231,1623,1.4447203874588013,2.220597743988037,,1.4447203874588013,,,,,,
232,1624,,,1.9773025512695312,,1.2008520364761353,1.2008520364761353,,,,
232,1625,,,2.818082571029663,,2.0415143966674805,2.0415143966674805,,,,
232,1626,,,2.0609235763549805,,1.2841697931289673,1.2841697931289673,,,,
232,1627,,,2.2082345485687256,,1.4313576221466064,1.4313576221466064,,,,
232,1628,,,2.1352009773254395,,1.358201265335083,1.358201265335083,,,,
232,1629,,,1.8597896099090576,,1.0826565027236938,1.0826565027236938,,,,
232,1630,,,2.6567625999450684,,1.8794989585876465,1.8794989585876465,,,,
,232,,,,,,,,,3.115302801132202,3.115302801132202
232,1630,,,,,,,3.115302801132202,3.115302801132202,,
232,1630,1.4280099868774414,2.2048346996307373,,1.4280099868774414,,,,,,
233,1631,,,2.2366743087768555,,1.4593572616577148,1.4593572616577148,,,,
233,1632,,,2.2265024185180664,,1.449059247970581,1.449059247970581,,,,
233,1633,,,1.8488446474075317,,1.0712883472442627,1.0712883472442627,,,,
233,1634,,,1.757831335067749,,0.9802026152610779,0.9802026152610779,,,,
233,1635,,,2.5251030921936035,,1.7473827600479126,1.7473827600479126,,,,
233,1636,,,2.352654218673706,,1.574809193611145,1.574809193611145,,,,
233,1637,,,2.731152057647705,,1.953137993812561,1.953137993812561,,,,
,233,,,,,,,,,3.102614402770996,3.102614402770996
233,1637,,,,,,,3.102614164352417,3.102614164352417,,
233,1637,1.4140433073043823,2.1916537284851074,,1.4140433073043823,,,,,,
234,1638,,,2.8179831504821777,,2.039790630340576,2.039790630340576,,,,
234,1639,,,1.6254760026931763,,0.8471425771713257,0.8471425771713257,,,,
234,1640,,,2.124300003051758,,1.3458795547485352,1.3458795547485352,,,,
234,1641,,,2.36447811126709,,1.5859240293502808,1.5859240293502808,,,,
234,1642,,,2.006038188934326,,1.2273417711257935,1.2273417711257935,,,,
234,1643,,,2.100248098373413,,1.3214263916015625,1.3214263916015625,,,,
234,1644,,,2.276679515838623,,1.4977138042449951,1.4977138042449951,,,,
,234,,,,,,,,,3.08699631690979,3.08699631690979
234,1644,,,,,,,3.08699631690979,3.08699631690979,,
234,1644,1.4006506204605103,2.1791810989379883,,1.4006506204605103,,,,,,
235,1645,,,2.1150336265563965,,1.335970163345337,1.335970163345337,,,,
235,1646,,,1.9815685749053955,,1.2023507356643677,1.2023507356643677,,,,
235,1647,,,1.807055950164795,,1.0277533531188965,1.0277533531188965,,,,
235,1648,,,2.040647268295288,,1.2612205743789673,1.2612205743789673,,,,
235,1649,,,2.2819509506225586,,1.502415418624878,1.502415418624878,,,,
235,1650,,,2.9894378185272217,,2.2097561359405518,2.2097561359405518,,,,
235,1651,,,1.6037981510162354,,0.8239753246307373,0.8239753246307373,,,,
,235,,,,,,,,,3.074777841567993,3.074777841567993
235,1651,,,,,,,3.074777841567993,3.074777841567993,,
235,1651,1.3879932165145874,2.167391061782837,,1.3879932165145874,,,,,,
236,1652,,,1.5822224617004395,,0.8023234605789185,0.8023234605789185,,,,
236,1653,,,2.0226311683654785,,1.2426401376724243,1.2426401376724243,,,,
236,1654,,,2.0916309356689453,,1.311547875404358,1.311547875404358,,,,
236,1655,,,2.6684701442718506,,1.888239860534668,1.888239860534668,,,,
236,1656,,,2.5387308597564697,,1.758353590965271,1.758353590965271,,,,
236,1657,,,1.99904465675354,,1.2185453176498413,1.2185453176498413,,,,
236,1658,,,2.2819790840148926,,1.5013585090637207,1.5013585090637207,,,,
,236,,,,,,,,,3.0727181434631348,3.0727181434631348
236,1658,,,,,,,3.0727181434631348,3.0727181434631348,,
236,1658,1.3779858350753784,2.158191680908203,,1.3779858350753784,,,,,,
237,1659,,,2.040088653564453,,1.2593601942062378,1.2593601942062378,,,,
237,1660,,,2.152819871902466,,1.3719499111175537,1.3719499111175537,,,,
237,1661,,,2.2950146198272705,,1.5140098333358765,1.5140098333358765,,,,
237,1662,,,1.682015299797058,,0.9008851647377014,0.9008851647377014,,,,
237,1663,,,2.4061224460601807,,1.6249089241027832,1.6249089241027832,,,,
237,1664,,,2.111666679382324,,1.3303241729736328,1.3303241729736328,,,,
237,1665,,,2.635634422302246,,1.854184627532959,1.854184627532959,,,,
,237,,,,,,,,,3.0373117923736572,3.0373117923736572
237,1665,,,,,,,3.0373117923736572,3.0373117923736572,,
237,1665,1.3641972541809082,2.1452691555023193,,1.3641972541809082,,,,,,
238,1666,,,2.20756196975708,,1.4259757995605469,1.4259757995605469,,,,
238,1667,,,2.442741870880127,,1.6610095500946045,1.6610095500946045,,,,
238,1668,,,2.38458514213562,,1.602755069732666,1.602755069732666,,,,
238,1669,,,2.040541887283325,,1.258584976196289,1.258584976196289,,,,
238,1670,,,1.9130356311798096,,1.1309573650360107,1.1309573650360107,,,,
238,1671,,,1.860133409500122,,1.0779473781585693,1.0779473781585693,,,,
238,1672,,,2.0236799716949463,,1.241370439529419,1.241370439529419,,,,
,238,,,,,,,,,3.0165374279022217,3.0165374279022217
238,1672,,,,,,,3.0165374279022217,3.0165374279022217,,
238,1672,1.352587342262268,2.1345064640045166,,1.352587342262268,,,,,,
239,1673,,,1.93825101852417,,1.1558209657669067,1.1558209657669067,,,,
239,1674,,,2.1164870262145996,,1.333925485610962,1.333925485610962,,,,
239,1675,,,1.9654622077941895,,1.1827770471572876,1.1827770471572876,,,,
239,1676,,,2.8440725803375244,,2.061274766921997,2.061274766921997,,,,
239,1677,,,1.8540871143341064,,1.0711561441421509,1.0711561441421509,,,,
239,1678,,,2.130892038345337,,1.3478299379348755,1.3478299379348755,,,,
239,1679,,,1.8705146312713623,,1.0873457193374634,1.0873457193374634,,,,
,239,,,,,,,,,3.0056021213531494,3.0056021213531494
239,1679,,,,,,,3.0056021213531494,3.0056021213531494,,
239,1679,1.342829704284668,2.1255991458892822,,1.342829704284668,,,,,,
240,1680,,,2.1149682998657227,,1.3317269086837769,1.3317269086837769,,,,
240,1681,,,2.3620152473449707,,1.5786685943603516,1.5786685943603516,,,,
240,1682,,,2.6814677715301514,,1.8979943990707397,1.8979943990707397,,,,
240,1683,,,1.7011078596115112,,0.9174665808677673,0.9174665808677673,,,,
240,1684,,,2.0087637901306152,,1.225020408630371,1.225020408630371,,,,
240,1685,,,2.1973798274993896,,1.4135137796401978,1.4135137796401978,,,,
240,1686,,,1.1071524620056152,,0.3231816589832306,0.3231816589832306,,,,
,240,,,,,,,,,2.998138189315796,2.998138189315796
240,1686,,,,,,,2.998138189315796,2.998138189315796,,
240,1686,1.3310720920562744,2.1146485805511475,,1.3310720920562744,,,,,,
241,1687,,,1.7749130725860596,,0.9908974170684814,0.9908974170684814,,,,
241,1688,,,2.1020877361297607,,1.3179842233657837,1.3179842233657837,,,,
241,1689,,,2.001384735107422,,1.217183232307434,1.217183232307434,,,,
241,1690,,,2.8318817615509033,,2.04756760597229,2.04756760597229,,,,
241,1691,,,2.1478891372680664,,1.363450288772583,1.363450288772583,,,,
241,1692,,,1.5889778137207031,,0.8044078946113586,0.8044078946113586,,,,
241,1693,,,2.5578560829162598,,1.7732023000717163,1.7732023000717163,,,,
,241,,,,,,,,,2.913999080657959,2.913999080657959
241,1693,,,,,,,2.913999080657959,2.913999080657959,,
241,1693,1.318657398223877,2.1029536724090576,,1.318657398223877,,,,,,
242,1694,,,2.1559462547302246,,1.3711109161376953,1.3711109161376953,,,,
242,1695,,,1.8797893524169922,,1.094789743423462,1.094789743423462,,,,
242,1696,,,1.9064021110534668,,1.1213037967681885,1.1213037967681885,,,,
242,1697,,,2.046138286590576,,1.2608927488327026,1.2608927488327026,,,,
242,1698,,,2.4627087116241455,,1.6773384809494019,1.6773384809494019,,,,
242,1699,,,2.392869234085083,,1.6074055433273315,1.6074055433273315,,,,
242,1700,,,1.3629169464111328,,0.5773280262947083,0.5773280262947083,,,,
,242,,,,,,,,,2.8571176528930664,2.8571176528930664
242,1700,,,,,,,2.8571178913116455,2.8571178913116455,,
242,1700,1.3097003698349,2.09489369392395,,1.3097003698349,,,,,,
243,1701,,,2.180938243865967,,1.3952875137329102,1.3952875137329102,,,,
243,1702,,,1.8203176259994507,,1.0345146656036377,1.0345146656036377,,,,
243,1703,,,1.939591407775879,,1.1536810398101807,1.1536810398101807,,,,
243,1704,,,1.978891372680664,,1.1928884983062744,1.1928884983062744,,,,
243,1705,,,2.0284628868103027,,1.2423529624938965,1.2423529624938965,,,,
243,1706,,,2.482767343521118,,1.696563959121704,1.696563959121704,,,,
243,1707,,,2.248872756958008,,1.4625608921051025,1.4625608921051025,,,,
,243,,,,,,,,,2.7989115715026855,2.7989115715026855
243,1707,,,,,,,2.7989115715026855,2.7989115715026855,,
243,1707,1.2962744235992432,2.082242727279663,,1.2962744235992432,,,,,,
244,1708,,,2.0857763290405273,,1.299286127090454,1.299286127090454,,,,
244,1709,,,2.1807777881622314,,1.3941246271133423,1.3941246271133423,,,,
244,1710,,,2.268435001373291,,1.481683373451233,1.481683373451233,,,,
244,1711,,,2.019078493118286,,1.2321938276290894,1.2321938276290894,,,,
244,1712,,,2.2606143951416016,,1.4736186265945435,1.4736186265945435,,,,
244,1713,,,1.7913761138916016,,1.0042359828948975,1.0042359828948975,,,,
244,1714,,,1.582201600074768,,0.7949630618095398,0.7949630618095398,,,,
,244,,,,,,,,,2.786700487136841,2.786700487136841
244,1714,,,,,,,2.786700487136841,2.786700487136841,,
244,1714,1.2836475372314453,2.0704915523529053,,1.2836475372314453,,,,,,
245,1715,,,1.5312020778656006,,0.7439233660697937,0.7439233660697937,,,,
245,1716,,,1.999648094177246,,1.2122973203659058,1.2122973203659058,,,,
245,1717,,,2.754565715789795,,1.9670910835266113,1.9670910835266113,,,,
245,1718,,,1.8562347888946533,,1.0686248540878296,1.0686248540878296,,,,
245,1719,,,2.3665337562561035,,1.5788215398788452,1.5788215398788452,,,,
245,1720,,,1.9437510967254639,,1.1559154987335205,1.1559154987335205,,,,
245,1721,,,1.814936637878418,,1.0269962549209595,1.0269962549209595,,,,
,245,,,,,,,,,2.775142192840576,2.775142192840576
245,1721,,,,,,,2.775142192840576,2.775142192840576,,
245,1721,1.2724387645721436,2.0600059032440186,,1.2724387645721436,,,,,,
246,1722,,,1.9288499355316162,,1.1408098936080933,1.1408098936080933,,,,
246,1723,,,2.3138904571533203,,1.525802731513977,1.525802731513977,,,,
246,1724,,,1.7165755033493042,,0.9283726811408997,0.9283726811408997,,,,
246,1725,,,2.1793212890625,,1.3910140991210938,1.3910140991210938,,,,
246,1726,,,1.9096585512161255,,1.1212053298950195,1.1212053298950195,,,,
246,1727,,,2.054701805114746,,1.2661619186401367,1.2661619186401367,,,,
246,1728,,,2.6373257637023926,,1.8486543893814087,1.8486543893814087,,,,
,246,,,,,,,,,2.7709126472473145,2.7709126472473145
246,1728,,,,,,,2.7709126472473145,2.7709126472473145,,
246,1728,1.2653509378433228,2.0536463260650635,,1.2653509378433228,,,,,,
247,1729,,,1.652771234512329,,0.8639476299285889,0.8639476299285889,,,,
247,1730,,,2.1342599391937256,,1.3453407287597656,1.3453407287597656,,,,
247,1731,,,2.0703577995300293,,1.281339406967163,1.281339406967163,,,,
247,1732,,,2.6772332191467285,,1.888115406036377,1.888115406036377,,,,
247,1733,,,1.5171194076538086,,0.7278653979301453,0.7278653979301453,,,,
247,1734,,,2.159585952758789,,1.3702434301376343,1.3702434301376343,,,,
247,1735,,,2.18182373046875,,1.3923345804214478,1.3923345804214478,,,,
,247,,,,,,,,,2.768495798110962,2.768495798110962
247,1735,,,,,,,2.768495798110962,2.768495798110962,,
247,1735,1.2547415494918823,2.0438449382781982,,1.2547415494918823,,,,,,
248,1736,,,2.556849479675293,,1.7672290802001953,1.7672290802001953,,,,
248,1737,,,2.1843457221984863,,1.3945786952972412,1.3945786952972412,,,,
248,1738,,,2.140817642211914,,1.3509114980697632,1.3509114980697632,,,,
248,1739,,,1.6637415885925293,,0.8737099170684814,0.8737099170684814,,,,
248,1740,,,1.9500885009765625,,1.1599467992782593,1.1599467992782593,,,,
248,1741,,,1.9294288158416748,,1.1391505002975464,1.1391505002975464,,,,
248,1742,,,1.423495888710022,,0.6331518292427063,0.6331518292427063,,,,
,248,,,,,,,,,2.706984758377075,2.706984758377075
248,1742,,,,,,,2.706984758377075,2.706984758377075,,
248,1742,1.2428170442581177,2.032797336578369,,1.2428170442581177,,,,,,
249,1743,,,2.1556084156036377,,1.3652044534683228,1.3652044534683228,,,,
249,1744,,,2.153247594833374,,1.3627405166625977,1.3627405166625977,,,,
249,1745,,,1.709220051765442,,0.9186114072799683,0.9186114072799683,,,,
249,1746,,,1.81180739402771,,1.0211211442947388,1.0211211442947388,,,,
249,1747,,,2.2761642932891846,,1.4853557348251343,1.4853557348251343,,,,
249,1748,,,2.0954809188842773,,1.3045780658721924,1.3045780658721924,,,,
249,1749,,,1.9191069602966309,,1.1280916929244995,1.1280916929244995,,,,
,249,,,,,,,,,2.605673313140869,2.605673313140869
249,1749,,,,,,,2.605673313140869,2.605673313140869,,
249,1749,1.2361797094345093,2.0268540382385254,,1.2361797094345093,,,,,,
250,1750,,,2.2169342041015625,,1.4257538318634033,1.4257538318634033,,,,
250,1751,,,1.8916490077972412,,1.1003053188323975,1.1003053188323975,,,,
250,1752,,,1.7333903312683105,,0.9419135451316833,0.9419135451316833,,,,
250,1753,,,1.662269949913025,,0.8707196712493896,0.8707196712493896,,,,
250,1754,,,2.1662919521331787,,1.374666452407837,1.374666452407837,,,,
250,1755,,,2.4588963985443115,,1.66717529296875,1.66717529296875,,,,
250,1756,,,1.9337499141693115,,1.141900897026062,1.141900897026062,,,,
,250,,,,,,,,,2.5461831092834473,2.5461831092834473
250,1756,,,,,,,2.5461831092834473,2.5461831092834473,,
250,1756,1.2249014377593994,2.0164060592651367,,1.2249014377593994,,,,,,
251,1757,,,1.8441381454467773,,1.0521713495254517,1.0521713495254517,,,,
251,1758,,,1.7494707107543945,,0.9573855400085449,0.9573855400085449,,,,
251,1759,,,2.185027599334717,,1.3928675651550293,1.3928675651550293,,,,
251,1760,,,2.021282911300659,,1.2289825677871704,1.2289825677871704,,,,
251,1761,,,2.4952492713928223,,1.702822208404541,1.702822208404541,,,,
251,1762,,,1.8140828609466553,,1.0215468406677246,1.0215468406677246,,,,
251,1763,,,1.843122959136963,,1.0504823923110962,1.0504823923110962,,,,
,251,,,,,,,,,2.556248664855957,2.556248664855957
251,1763,,,,,,,2.556248903274536,2.556248903274536,,
251,1763,1.2156403064727783,2.0079092979431152,,1.2156403064727783,,,,,,
252,1764,,,2.091198205947876,,1.298500895500183,1.298500895500183,,,,
252,1765,,,2.0088050365448,,1.216052532196045,1.216052532196045,,,,
252,1766,,,2.1556220054626465,,1.3627896308898926,1.3627896308898926,,,,
252,1767,,,1.6176798343658447,,0.8246954083442688,0.8246954083442688,,,,
252,1768,,,2.217103958129883,,1.424018144607544,1.424018144607544,,,,
252,1769,,,1.9079376459121704,,1.1147092580795288,1.1147092580795288,,,,
252,1770,,,1.991979956626892,,1.19866943359375,1.19866943359375,,,,
,252,,,,,,,,,2.5587308406829834,2.5587308406829834
252,1770,,,,,,,2.5587308406829834,2.5587308406829834,,
252,1770,1.206316351890564,1.999268889427185,,1.206316351890564,,,,,,
253,1771,,,1.8395476341247559,,1.0461312532424927,1.0461312532424927,,,,
253,1772,,,2.2174534797668457,,1.4239423274993896,1.4239423274993896,,,,
253,1773,,,2.0056684017181396,,1.2120479345321655,1.2120479345321655,,,,
253,1774,,,1.9458913803100586,,1.1521774530410767,1.1521774530410767,,,,
253,1775,,,1.8912911415100098,,1.0974699258804321,1.0974699258804321,,,,
253,1776,,,1.9939069747924805,,1.1999839544296265,1.1999839544296265,,,,
253,1777,,,2.15065336227417,,1.3566237688064575,1.3566237688064575,,,,
,253,,,,,,,,,2.5604054927825928,2.5604054927825928
253,1777,,,,,,,2.5604054927825928,2.5604054927825928,,
253,1777,1.1985076665878296,1.992196798324585,,1.1985076665878296,,,,,,
254,1778,,,2.373610019683838,,1.5794538259506226,1.5794538259506226,,,,
254,1779,,,1.851870059967041,,1.0576246976852417,1.0576246976852417,,,,
254,1780,,,1.849409818649292,,1.0550533533096313,1.0550533533096313,,,,
254,1781,,,2.300446033477783,,1.5059804916381836,1.5059804916381836,,,,
254,1782,,,1.7381470203399658,,0.9435524940490723,0.9435524940490723,,,,
254,1783,,,1.763724446296692,,0.9690364003181458,0.9690364003181458,,,,
254,1784,,,2.018789529800415,,1.2239879369735718,1.2239879369735718,,,,
,254,,,,,,,,,2.5328848361968994,2.5328848361968994
254,1784,,,,,,,2.5328848361968994,2.5328848361968994,,
254,1784,1.1874034404754639,1.9818435907363892,,1.1874034404754639,,,,,,
255,1785,,,1.8938841819763184,,1.0990180969238281,1.0990180969238281,,,,
255,1786,,,2.4302680492401123,,1.6352771520614624,1.6352771520614624,,,,
255,1787,,,2.196775197982788,,1.4016554355621338,1.4016554355621338,,,,
255,1788,,,1.698009967803955,,0.9028147459030151,0.9028147459030151,,,,
255,1789,,,1.6105592250823975,,0.8152503371238708,0.8152503371238708,,,,
255,1790,,,1.9711719751358032,,1.1757856607437134,1.1757856607437134,,,,
255,1791,,,2.104236602783203,,1.308756947517395,1.308756947517395,,,,
,255,,,,,,,,,2.4665281772613525,2.4665281772613525
255,1791,,,,,,,2.4665281772613525,2.4665281772613525,,
255,1791,1.1796996593475342,1.9748640060424805,,1.1796996593475342,,,,,,
256,1792,,,1.6405885219573975,,0.8450029492378235,0.8450029492378235,,,,
256,1793,,,2.089186906814575,,1.2935243844985962,1.2935243844985962,,,,
256,1794,,,1.6402227878570557,,0.8444504737854004,0.8444504737854004,,,,
256,1795,,,2.348259925842285,,1.5524028539657593,1.5524028539657593,,,,
256,1796,,,2.3398659229278564,,1.5439175367355347,1.5439175367355347,,,,
256,1797,,,1.7110939025878906,,0.9150182008743286,0.9150182008743286,,,,
256,1798,,,2.0310323238372803,,1.2348631620407104,1.2348631620407104,,,,
,256,,,,,,,,,2.4113502502441406,2.4113502502441406
256,1798,,,,,,,2.4113502502441406,2.4113502502441406,,
256,1798,1.1697866916656494,1.965624213218689,,1.1697866916656494,,,,,,
257,1799,,,2.15696120262146,,1.3606687784194946,1.3606687784194946,,,,
257,1800,,,1.7706642150878906,,0.9742461442947388,0.9742461442947388,,,,
257,1801,,,2.553133487701416,,1.7566380500793457,1.7566380500793457,,,,
257,1802,,,1.6415355205535889,,0.8449441194534302,0.8449441194534302,,,,
257,1803,,,1.740041971206665,,0.9433658719062805,0.9433658719062805,,,,
257,1804,,,1.9593994617462158,,1.1626267433166504,1.1626267433166504,,,,
257,1805,,,1.7826354503631592,,0.9857369661331177,0.9857369661331177,,,,
,257,,,,,,,,,2.400954246520996,2.400954246520996
257,1805,,,,,,,2.400954008102417,2.400954008102417,,
257,1805,1.1626887321472168,1.959250807762146,,1.1626887321472168,,,,,,
258,1806,,,1.9941985607147217,,1.1972050666809082,1.1972050666809082,,,,
258,1807,,,2.475111246109009,,1.6779950857162476,1.6779950857162476,,,,
258,1808,,,1.6310350894927979,,0.8338114023208618,0.8338114023208618,,,,
258,1809,,,1.923132061958313,,1.125811219215393,1.125811219215393,,,,
258,1810,,,1.8893073797225952,,1.0919010639190674,1.0919010639190674,,,,
258,1811,,,1.8708689212799072,,1.0733134746551514,1.0733134746551514,,,,
258,1812,,,1.7755686044692993,,0.9779532551765442,0.9779532551765442,,,,
,258,,,,,,,,,2.3757028579711914,2.3757028579711914
258,1812,,,,,,,2.3757030963897705,2.3757030963897705,,
258,1812,1.155571699142456,1.9528613090515137,,1.155571699142456,,,,,,
259,1813,,,1.7995401620864868,,1.0018552541732788,1.0018552541732788,,,,
259,1814,,,1.8707878589630127,,1.0729762315750122,1.0729762315750122,,,,
259,1815,,,1.7735607624053955,,0.9756571054458618,0.9756571054458618,,,,
259,1816,,,2.4430484771728516,,1.64506995677948,1.64506995677948,,,,
259,1817,,,1.743424654006958,,0.9453330039978027,0.9453330039978027,,,,
259,1818,,,1.9830615520477295,,1.184885859489441,1.184885859489441,,,,
259,1819,,,2.0720033645629883,,1.2737226486206055,1.2737226486206055,,,,
,259,,,,,,,,,2.3484930992126465,2.3484930992126465
259,1819,,,,,,,2.3484930992126465,2.3484930992126465,,
259,1819,1.1456350088119507,1.9435960054397583,,1.1456350088119507,,,,,,
260,1820,,,1.5424468517303467,,0.7441076636314392,0.7441076636314392,,,,
260,1821,,,2.0453391075134277,,1.2469245195388794,1.2469245195388794,,,,
260,1822,,,2.3750240802764893,,1.57647705078125,1.57647705078125,,,,
260,1823,,,2.0992822647094727,,1.3006502389907837,1.3006502389907837,,,,
260,1824,,,1.9922934770584106,,1.1935482025146484,1.1935482025146484,,,,
260,1825,,,1.4864294528961182,,0.6875671148300171,0.6875671148300171,,,,
260,1826,,,2.144514799118042,,1.3456034660339355,1.3456034660339355,,,,
,260,,,,,,,,,2.3455052375793457,2.3455052375793457
260,1826,,,,,,,2.3455052375793457,2.3455052375793457,,
260,1826,1.1378629207611084,1.936471700668335,,1.1378629207611084,,,,,,
261,1827,,,2.108149766921997,,1.3091528415679932,1.3091528415679932,,,,
261,1828,,,1.6863300800323486,,0.8872163891792297,0.8872163891792297,,,,
261,1829,,,2.0658414363861084,,1.2666430473327637,1.2666430473327637,,,,
261,1830,,,2.0470542907714844,,1.2477489709854126,1.2477489709854126,,,,
261,1831,,,1.837066411972046,,1.0376243591308594,1.0376243591308594,,,,
261,1832,,,1.6509644985198975,,0.8514617085456848,0.8514617085456848,,,,
261,1833,,,2.4047813415527344,,1.6052066087722778,1.6052066087722778,,,,
,261,,,,,,,,,2.375307083129883,2.375307083129883
261,1833,,,,,,,2.375307083129883,2.375307083129883,,
261,1833,1.1296941041946411,1.9289724826812744,,1.1296941041946411,,,,,,
262,1834,,,1.967366099357605,,1.167712926864624,1.167712926864624,,,,
262,1835,,,2.2466559410095215,,1.4468895196914673,1.4468895196914673,,,,
262,1836,,,1.630050539970398,,0.8301666975021362,0.8301666975021362,,,,
262,1837,,,1.8220139741897583,,1.0220403671264648,1.0220403671264648,,,,
262,1838,,,2.1358306407928467,,1.3357837200164795,1.3357837200164795,,,,
262,1839,,,1.6537888050079346,,0.8536478281021118,0.8536478281021118,,,,
262,1840,,,2.1045479774475098,,1.304332971572876,1.304332971572876,,,,
,262,,,,,,,,,2.346012830734253,2.346012830734253
262,1840,,,,,,,2.346012830734253,2.346012830734253,,
262,1840,1.1208416223526,1.9207704067230225,,1.1208416223526,,,,,,
263,1841,,,2.0207977294921875,,1.2204885482788086,1.2204885482788086,,,,
263,1842,,,1.4269378185272217,,0.6265152096748352,0.6265152096748352,,,,
263,1843,,,2.301161050796509,,1.5006489753723145,1.5006489753723145,,,,
263,1844,,,1.7700138092041016,,0.9693871736526489,0.9693871736526489,,,,
263,1845,,,2.2794830799102783,,1.4787644147872925,1.4787644147872925,,,,
263,1846,,,1.6863477230072021,,0.8855426907539368,0.8855426907539368,,,,
263,1847,,,1.8914473056793213,,1.0905749797821045,1.0905749797821045,,,,
,263,,,,,,,,,2.306781530380249,2.306781530380249
263,1847,,,,,,,2.306781530380249,2.306781530380249,,
263,1847,1.112205982208252,1.9127895832061768,,1.112205982208252,,,,,,
264,1848,,,2.0189342498779297,,1.2179741859436035,1.2179741859436035,,,,
264,1849,,,2.088310718536377,,1.287268877029419,1.287268877029419,,,,
264,1850,,,2.1797029972076416,,1.378597378730774,1.378597378730774,,,,
264,1851,,,1.6047741174697876,,0.803587019443512,0.803587019443512,,,,
264,1852,,,1.5926835536956787,,0.7914205193519592,0.7914205193519592,,,,
264,1853,,,1.894503116607666,,1.0931401252746582,1.0931401252746582,,,,
264,1854,,,2.047880172729492,,1.2464065551757812,1.2464065551757812,,,,
,264,,,,,,,,,2.2860023975372314,2.2860023975372314
264,1854,,,,,,,2.2860023975372314,2.2860023975372314,,
264,1854,1.1042181253433228,1.9053902626037598,,1.1042181253433228,,,,,,
265,1855,,,2.2582054138183594,,1.456599473953247,1.456599473953247,,,,
265,1856,,,2.0622949600219727,,1.2606027126312256,1.2606027126312256,,,,
265,1857,,,1.7871015071868896,,0.9853072762489319,0.9853072762489319,,,,
265,1858,,,1.577104926109314,,0.7752320766448975,0.7752320766448975,,,,
265,1859,,,1.9535529613494873,,1.1516122817993164,1.1516122817993164,,,,
265,1860,,,1.82371187210083,,1.0216360092163086,1.0216360092163086,,,,
265,1861,,,1.7134774923324585,,0.9113179445266724,0.9113179445266724,,,,
,265,,,,,,,,,2.238011360168457,2.238011360168457
265,1861,,,,,,,2.238011360168457,2.238011360168457,,
265,1861,1.096899390220642,1.8987491130828857,,1.096899390220642,,,,,,
266,1862,,,2.1238577365875244,,1.3215864896774292,1.3215864896774292,,,,
266,1863,,,1.896559476852417,,1.0941540002822876,1.0941540002822876,,,,
266,1864,,,1.4346189498901367,,0.6320882439613342,0.6320882439613342,,,,
266,1865,,,1.395948886871338,,0.5933493375778198,0.5933493375778198,,,,
266,1866,,,2.1801340579986572,,1.377453327178955,1.377453327178955,,,,
266,1867,,,2.160231590270996,,1.3574870824813843,1.3574870824813843,,,,
266,1868,,,2.298539161682129,,1.4956939220428467,1.4956939220428467,,,,
,266,,,,,,,,,2.2288880348205566,2.2288880348205566
266,1868,,,,,,,2.2288880348205566,2.2288880348205566,,
266,1868,1.0881575345993042,1.890714168548584,,1.0881575345993042,,,,,,
267,1869,,,1.9332523345947266,,1.1303226947784424,1.1303226947784424,,,,
267,1870,,,1.4026234149932861,,0.599624514579773,0.599624514579773,,,,
267,1871,,,1.8234388828277588,,1.0203670263290405,1.0203670263290405,,,,
267,1872,,,2.07259464263916,,1.2694026231765747,1.2694026231765747,,,,
267,1873,,,1.9189114570617676,,1.115661859512329,1.115661859512329,,,,
267,1874,,,2.0808539390563965,,1.277513861656189,1.277513861656189,,,,
267,1875,,,2.0723037719726562,,1.2688467502593994,1.2688467502593994,,,,
,267,,,,,,,,,2.238985061645508,2.238985061645508
267,1875,,,,,,,2.238985061645508,2.238985061645508,,
267,1875,1.0805820226669312,1.883731484413147,,1.0805820226669312,,,,,,
268,1876,,,2.0528626441955566,,1.249314308166504,1.249314308166504,,,,
268,1877,,,1.9617323875427246,,1.1580710411071777,1.1580710411071777,,,,
268,1878,,,1.6812679767608643,,0.8775427937507629,0.8775427937507629,,,,
268,1879,,,1.9650639295578003,,1.1612576246261597,1.1612576246261597,,,,
268,1880,,,1.6042028665542603,,0.8002766370773315,0.8002766370773315,,,,
268,1881,,,1.7441662549972534,,0.9401683211326599,0.9401683211326599,,,,
268,1882,,,2.528503894805908,,1.724419116973877,1.724419116973877,,,,
,268,,,,,,,,,2.256012439727783,2.256012439727783
268,1882,,,,,,,2.256012439727783,2.256012439727783,,
268,1882,1.0718883275985718,1.8756839036941528,,1.0718883275985718,,,,,,
269,1883,,,2.1697466373443604,,1.3655674457550049,1.3655674457550049,,,,
269,1884,,,1.393518090248108,,0.5892568826675415,0.5892568826675415,,,,
269,1885,,,1.9717285633087158,,1.1674134731292725,1.1674134731292725,,,,
269,1886,,,1.801609992980957,,0.9972048997879028,0.9972048997879028,,,,
269,1887,,,2.1772193908691406,,1.372720718383789,1.372720718383789,,,,
269,1888,,,1.806656837463379,,1.0020480155944824,1.0020480155944824,,,,
269,1889,,,1.5740387439727783,,0.7693387866020203,0.7693387866020203,,,,
,269,,,,,,,,,2.217033624649048,2.217033624649048
269,1889,,,,,,,2.217033624649048,2.217033624649048,,
269,1889,1.0639550685882568,1.868351936340332,,1.0639550685882568,,,,,,
270,1890,,,2.0081193447113037,,1.203328251838684,1.203328251838684,,,,
270,1891,,,1.7279208898544312,,0.9230681657791138,0.9230681657791138,,,,
270,1892,,,1.681375503540039,,0.876447319984436,0.876447319984436,,,,
270,1893,,,1.8366870880126953,,1.0316534042358398,1.0316534042358398,,,,
270,1894,,,1.969200849533081,,1.1641130447387695,1.1641130447387695,,,,
270,1895,,,1.9690489768981934,,1.163831353187561,1.163831353187561,,,,
270,1896,,,1.8027687072753906,,0.9974468350410461,0.9974468350410461,,,,
,270,,,,,,,,,2.18908953666687,2.18908953666687
270,1896,,,,,,,2.18908953666687,2.18908953666687,,
270,1896,1.0567033290863037,1.861708402633667,,1.0567033290863037,,,,,,
271,1897,,,2.3912854194641113,,1.585909128189087,1.585909128189087,,,,
271,1898,,,1.6897337436676025,,0.8842878937721252,0.8842878937721252,,,,
271,1899,,,1.6862564086914062,,0.8806992173194885,0.8806992173194885,,,,
271,1900,,,1.5280117988586426,,0.7223836779594421,0.7223836779594421,,,,
271,1901,,,2.142963409423828,,1.3372550010681152,1.3372550010681152,,,,
271,1902,,,1.7437689304351807,,0.9379611611366272,0.9379611611366272,,,,
271,1903,,,1.70852530002594,,0.9026399850845337,0.9026399850845337,,,,
,271,,,,,,,,,2.1528706550598145,2.1528706550598145
271,1903,,,,,,,2.1528706550598145,2.1528706550598145,,
271,1903,1.0489389896392822,1.854543924331665,,1.0489389896392822,,,,,,
272,1904,,,1.9713144302368164,,1.165337324142456,1.165337324142456,,,,
272,1905,,,1.6746470928192139,,0.8685736060142517,0.8685736060142517,,,,
272,1906,,,1.760136604309082,,0.953965961933136,0.953965961933136,,,,
272,1907,,,1.6277140378952026,,0.8214592337608337,0.8214592337608337,,,,
272,1908,,,1.6926978826522827,,0.886363685131073,0.886363685131073,,,,
272,1909,,,1.9759876728057861,,1.1695516109466553,1.1695516109466553,,,,
272,1910,,,2.866501808166504,,2.059978485107422,2.059978485107422,,,,
,272,,,,,,,,,2.0995943546295166,2.0995943546295166
272,1910,,,,,,,2.0995943546295166,2.0995943546295166,,
272,1910,1.0412147045135498,1.8474408388137817,,1.0412147045135498,,,,,,
273,1911,,,1.625569462776184,,0.8190304636955261,0.8190304636955261,,,,
273,1912,,,1.9384465217590332,,1.1318303346633911,1.1318303346633911,,,,
273,1913,,,1.8960497379302979,,1.0893367528915405,1.0893367528915405,,,,
273,1914,,,1.5865442752838135,,0.7797586917877197,0.7797586917877197,,,,
273,1915,,,2.18485689163208,,1.3779889345169067,1.3779889345169067,,,,
273,1916,,,1.777645468711853,,0.9706978797912598,0.9706978797912598,,,,
273,1917,,,1.9609298706054688,,1.1539103984832764,1.1539103984832764,,,,
,273,,,,,,,,,2.08475661277771,2.08475661277771
273,1917,,,,,,,2.08475661277771,2.08475661277771,,
273,1917,1.035507321357727,1.8422682285308838,,1.035507321357727,,,,,,
274,1918,,,1.851767897605896,,1.0446629524230957,1.0446629524230957,,,,
274,1919,,,1.973565936088562,,1.1664167642593384,1.1664167642593384,,,,
274,1920,,,2.0767478942871094,,1.2694995403289795,1.2694995403289795,,,,
274,1921,,,2.06585431098938,,1.2584776878356934,1.2584776878356934,,,,
274,1922,,,1.5375916957855225,,0.7301610708236694,0.7301610708236694,,,,
274,1923,,,1.6640980243682861,,0.8566007614135742,0.8566007614135742,,,,
274,1924,,,1.4116909503936768,,0.6040986776351929,0.6040986776351929,,,,
,274,,,,,,,,,2.0330617427825928,2.0330617427825928
274,1924,,,,,,,2.0330617427825928,2.0330617427825928,,
274,1924,1.0278204679489136,1.8351386785507202,,1.0278204679489136,,,,,,
275,1925,,,2.1843786239624023,,1.376706838607788,1.376706838607788,,,,
275,1926,,,1.5652530193328857,,0.7574818730354309,0.7574818730354309,,,,
275,1927,,,1.4763591289520264,,0.6685266494750977,0.6685266494750977,,,,
275,1928,,,1.5257017612457275,,0.7177865505218506,0.7177865505218506,,,,
275,1929,,,2.0728518962860107,,1.2648553848266602,1.2648553848266602,,,,
275,1930,,,2.0262789726257324,,1.218234658241272,1.218234658241272,,,,
275,1931,,,2.135188579559326,,1.3270437717437744,1.3270437717437744,,,,
,275,,,,,,,,,2.0213711261749268,2.0213711261749268
275,1931,,,,,,,2.0213711261749268,2.0213711261749268,,
275,1931,1.019801378250122,1.8276894092559814,,1.019801378250122,,,,,,
276,1932,,,1.7978296279907227,,0.9895753860473633,0.9895753860473633,,,,
276,1933,,,1.5424960851669312,,0.7341572642326355,0.7341572642326355,,,,
276,1934,,,2.034850597381592,,1.2264117002487183,1.2264117002487183,,,,
276,1935,,,1.7283443212509155,,0.9197663068771362,0.9197663068771362,,,,
276,1936,,,2.059182643890381,,1.2505167722702026,1.2505167722702026,,,,
276,1937,,,2.0192575454711914,,1.210529088973999,1.210529088973999,,,,
276,1938,,,1.1772704124450684,,0.368480920791626,0.368480920791626,,,,
,276,,,,,,,,,2.006793737411499,2.006793737411499
276,1938,,,,,,,2.006793737411499,2.006793737411499,,
276,1938,1.0147665739059448,1.823284387588501,,1.0147665739059448,,,,,,
277,1939,,,1.6965627670288086,,0.8877416253089905,0.8877416253089905,,,,
277,1940,,,1.8682377338409424,,1.0593591928482056,1.0593591928482056,,,,
277,1941,,,2.0628585815429688,,1.2538719177246094,1.2538719177246094,,,,
277,1942,,,1.74836266040802,,0.9392812848091125,0.9392812848091125,,,,
277,1943,,,1.5946115255355835,,0.7854260802268982,0.7854260802268982,,,,
277,1944,,,1.8866512775421143,,1.0773839950561523,1.0773839950561523,,,,
277,1945,,,1.8866846561431885,,1.0773701667785645,1.0773701667785645,,,,
,277,,,,,,,,,2.0196475982666016,2.0196475982666016
277,1945,,,,,,,2.0196475982666016,2.0196475982666016,,
277,1945,1.0050318241119385,1.814084768295288,,1.0050318241119385,,,,,,
278,1946,,,1.8124074935913086,,1.0030571222305298,1.0030571222305298,,,,
278,1947,,,1.7398817539215088,,0.9304690361022949,0.9304690361022949,,,,
278,1948,,,1.4709506034851074,,0.6614923477172852,0.6614923477172852,,,,
278,1949,,,2.2530224323272705,,1.443488359451294,1.443488359451294,,,,
278,1950,,,1.9741122722625732,,1.1644943952560425,1.1644943952560425,,,,
278,1951,,,1.6959365606307983,,0.8862460255622864,0.8862460255622864,,,,
278,1952,,,1.5265922546386719,,0.7168112397193909,0.7168112397193909,,,,
,278,,,,,,,,,1.9973640441894531,1.9973640441894531
278,1952,,,,,,,1.9973640441894531,1.9973640441894531,,
278,1952,0.9973413944244385,1.8068679571151733,,0.9973413944244385,,,,,,
279,1953,,,2.1854419708251953,,1.3755592107772827,1.3755592107772827,,,,
279,1954,,,1.3845314979553223,,0.5745924115180969,0.5745924115180969,,,,
279,1955,,,2.0406103134155273,,1.2306289672851562,1.2306289672851562,,,,
279,1956,,,1.7737481594085693,,0.9636335968971252,0.9636335968971252,,,,
279,1957,,,1.7188104391098022,,0.9086005687713623,0.9086005687713623,,,,
279,1958,,,1.6111371517181396,,0.8008538484573364,0.8008538484573364,,,,
279,1959,,,1.9890923500061035,,1.178746223449707,1.178746223449707,,,,
,279,,,,,,,,,1.9524765014648438,1.9524765014648438
279,1959,,,,,,,1.9524765014648438,1.9524765014648438,,
279,1959,0.9875919222831726,1.797676682472229,,0.9875919222831726,,,,,,
280,1960,,,1.452473759651184,,0.6420249938964844,0.6420249938964844,,,,
280,1961,,,2.1806607246398926,,1.3701573610305786,1.3701573610305786,,,,
280,1962,,,1.9051339626312256,,1.094544768333435,1.094544768333435,,,,
280,1963,,,1.863804817199707,,1.053115963935852,1.053115963935852,,,,
280,1964,,,1.4901807308197021,,0.6794096827507019,0.6794096827507019,,,,
280,1965,,,1.9261298179626465,,1.1153063774108887,1.1153063774108887,,,,
280,1966,,,1.5962523221969604,,0.7853347659111023,0.7853347659111023,,,,
,280,,,,,,,,,1.9018276929855347,1.9018276929855347
280,1966,,,,,,,1.9018276929855347,1.9018276929855347,,
280,1966,0.9802445769309998,1.7908986806869507,,0.9802445769309998,,,,,,
281,1967,,,1.6154906749725342,,0.8044677376747131,0.8044677376747131,,,,
281,1968,,,1.6477787494659424,,0.836689829826355,0.836689829826355,,,,
281,1969,,,2.035808801651001,,1.2246301174163818,1.2246301174163818,,,,
281,1970,,,1.7532174587249756,,0.9419417977333069,0.9419417977333069,,,,
281,1971,,,2.090780258178711,,1.279445767402649,1.279445767402649,,,,
281,1972,,,1.6540558338165283,,0.8426432013511658,0.8426432013511658,,,,
281,1973,,,1.526010274887085,,0.714506208896637,0.714506208896637,,,,
,281,,,,,,,,,1.8746205568313599,1.8746205568313599
281,1973,,,,,,,1.8746205568313599,1.8746205568313599,,
281,1973,0.972197413444519,1.7834330797195435,,0.972197413444519,,,,,,
282,1974,,,1.7424094676971436,,0.9308204650878906,0.9308204650878906,,,,
282,1975,,,2.012643814086914,,1.200937271118164,1.200937271118164,,,,
282,1976,,,2.110473394393921,,1.2986786365509033,1.2986786365509033,,,,
282,1977,,,1.7268481254577637,,0.9149988889694214,0.9149988889694214,,,,
282,1978,,,1.7217624187469482,,0.9098231196403503,0.9098231196403503,,,,
282,1979,,,1.4925386905670166,,0.6805098056793213,0.6805098056793213,,,,
282,1980,,,1.391026258468628,,0.5789368152618408,0.5789368152618408,,,,
,282,,,,,,,,,1.8599755764007568,1.8599755764007568
282,1980,,,,,,,1.8599755764007568,1.8599755764007568,,
282,1980,0.9651559591293335,1.7769899368286133,,0.9651559591293335,,,,,,
283,1981,,,1.6989200115203857,,0.8867798447608948,0.8867798447608948,,,,
283,1982,,,1.6113111972808838,,0.7990971803665161,0.7990971803665161,,,,
283,1983,,,1.979151964187622,,1.1668996810913086,1.1668996810913086,,,,
283,1984,,,1.641136884689331,,0.8288054466247559,0.8288054466247559,,,,
283,1985,,,2.167174816131592,,1.3547592163085938,1.3547592163085938,,,,
283,1986,,,1.699651837348938,,0.8871313333511353,0.8871313333511353,,,,
283,1987,,,1.3218069076538086,,0.5092101097106934,0.5092101097106934,,,,
,283,,,,,,,,,1.8580756187438965,1.8580756187438965
283,1987,,,,,,,1.858075499534607,1.858075499534607,,
283,1987,0.9591257572174072,1.7714548110961914,,0.9591257572174072,,,,,,
284,1988,,,1.5573556423187256,,0.7447068691253662,0.7447068691253662,,,,
284,1989,,,1.893522024154663,,1.0807952880859375,1.0807952880859375,,,,
284,1990,,,1.8219929933547974,,1.0091867446899414,1.0091867446899414,,,,
284,1991,,,2.1087019443511963,,1.2957912683486938,1.2957912683486938,,,,
284,1992,,,1.46039617061615,,0.6474208831787109,0.6474208831787109,,,,
284,1993,,,1.8319143056869507,,1.018865942955017,1.018865942955017,,,,
284,1994,,,1.5457415580749512,,0.7326321005821228,0.7326321005821228,,,,
,284,,,,,,,,,1.8348190784454346,1.8348190784454346
284,1994,,,,,,,1.8348190784454346,1.8348190784454346,,
284,1994,0.9523928165435791,1.7652604579925537,,0.9523928165435791,,,,,,
285,1995,,,2.069342613220215,,1.2561700344085693,1.2561700344085693,,,,
285,1996,,,1.7219107151031494,,0.9086575508117676,0.9086575508117676,,,,
285,1997,,,1.7582392692565918,,0.9449326992034912,0.9449326992034912,,,,
285,1998,,,1.4062426090240479,,0.5928419828414917,0.5928419828414917,,,,
285,1999,,,1.607196569442749,,0.7937303185462952,0.7937303185462952,,,,
285,2000,,,2.067091941833496,,1.253554344177246,1.253554344177246,,,,
285,2001,,,1.5937612056732178,,0.780146062374115,0.780146062374115,,,,
,285,,,,,,,,,1.8193235397338867,1.8193235397338867
285,2001,,,,,,,1.8193235397338867,1.8193235397338867,,
285,2001,0.9478340148925781,1.7612053155899048,,0.9478340148925781,,,,,,
286,2002,,,2.121885061264038,,1.3082027435302734,1.3082027435302734,,,,
286,2003,,,1.4330182075500488,,0.6192847490310669,0.6192847490310669,,,,
286,2004,,,1.733715534210205,,0.9199473857879639,0.9199473857879639,,,,
286,2005,,,1.7862482070922852,,0.9724180102348328,0.9724180102348328,,,,
286,2006,,,2.125359058380127,,1.3114333152770996,1.3114333152770996,,,,
286,2007,,,1.5696518421173096,,0.7555862069129944,0.7555862069129944,,,,
286,2008,,,1.0992672443389893,,0.2851356863975525,0.2851356863975525,,,,
,286,,,,,,,,,1.840728521347046,1.840728521347046
286,2008,,,,,,,1.840728521347046,1.840728521347046,,
286,2008,0.9402037262916565,1.7540552616119385,,0.9402037262916565,,,,,,
287,2009,,,2.082357406616211,,1.268202781677246,1.268202781677246,,,,
287,2010,,,1.6381763219833374,,0.8239323496818542,0.8239323496818542,,,,
287,2011,,,1.660355806350708,,0.8460416793823242,0.8460416793823242,,,,
287,2012,,,1.704751968383789,,0.8903640508651733,0.8903640508651733,,,,
287,2013,,,2.0495846271514893,,1.2351036071777344,1.2351036071777344,,,,
287,2014,,,1.52983558177948,,0.7153080105781555,0.7153080105781555,,,,
287,2015,,,1.2678108215332031,,0.45319873094558716,0.45319873094558716,,,,
,287,,,,,,,,,1.8502057790756226,1.8502057790756226
287,2015,,,,,,,1.8502057790756226,1.8502057790756226,,
287,2015,0.9331611394882202,1.747528076171875,,0.9331611394882202,,,,,,
288,2016,,,1.4782865047454834,,0.6636618375778198,0.6636618375778198,,,,
288,2017,,,1.4672324657440186,,0.6525576710700989,0.6525576710700989,,,,
288,2018,,,1.749525785446167,,0.9347870945930481,0.9347870945930481,,,,
288,2019,,,2.3170738220214844,,1.5023185014724731,1.5023185014724731,,,,
288,2020,,,1.6359305381774902,,0.8210828304290771,0.8210828304290771,,,,
288,2021,,,1.737729787826538,,0.9227927327156067,0.9227927327156067,,,,
288,2022,,,1.9310052394866943,,1.11599862575531,1.11599862575531,,,,
,288,,,,,,,,,1.8484177589416504,1.8484177589416504
288,2022,,,,,,,1.84841787815094,1.84841787815094,,
288,2022,0.9279529452323914,1.7427302598953247,,0.9279529452323914,,,,,,
289,2023,,,1.920483112335205,,1.105376124382019,1.105376124382019,,,,
289,2024,,,1.5111563205718994,,0.6959466934204102,0.6959466934204102,,,,
289,2025,,,1.910857915878296,,1.095556378364563,1.095556378364563,,,,
289,2026,,,1.5246522426605225,,0.7093034982681274,0.7093034982681274,,,,
289,2027,,,1.8880033493041992,,1.0726014375686646,1.0726014375686646,,,,
289,2028,,,1.776052713394165,,0.9605600833892822,0.9605600833892822,,,,
289,2029,,,1.4401334524154663,,0.6245800256729126,0.6245800256729126,,,,
,289,,,,,,,,,1.8158955574035645,1.8158955574035645
289,2029,,,,,,,1.815895676612854,1.815895676612854,,
289,2029,0.9213430285453796,1.7366673946380615,,0.9213430285453796,,,,,,
290,2030,,,1.6144236326217651,,0.798806369304657,0.798806369304657,,,,
290,2031,,,2.031473398208618,,1.215795636177063,1.215795636177063,,,,
290,2032,,,1.7749006748199463,,0.9591689705848694,0.9591689705848694,,,,
290,2033,,,1.5544865131378174,,0.738672137260437,0.738672137260437,,,,
290,2034,,,1.6283752918243408,,0.8124924302101135,0.8124924302101135,,,,
290,2035,,,1.805099606513977,,0.989162266254425,0.989162266254425,,,,
290,2036,,,1.6711539030075073,,0.855140745639801,0.855140745639801,,,,
,290,,,,,,,,,1.7513172626495361,1.7513172626495361
290,2036,,,,,,,1.7513172626495361,1.7513172626495361,,
290,2036,0.9152588844299316,1.7310495376586914,,0.9152588844299316,,,,,,
291,2037,,,1.3730112314224243,,0.5568738579750061,0.5568738579750061,,,,
291,2038,,,1.7263957262039185,,0.910219132900238,0.910219132900238,,,,
291,2039,,,1.5388751029968262,,0.7226300835609436,0.7226300835609436,,,,
291,2040,,,1.490654468536377,,0.6743466258049011,0.6743466258049011,,,,
291,2041,,,2.375570297241211,,1.5591763257980347,1.5591763257980347,,,,
291,2042,,,1.8325837850570679,,1.0161298513412476,1.0161298513412476,,,,
291,2043,,,1.7682535648345947,,0.9516822695732117,0.9516822695732117,,,,
,291,,,,,,,,,1.7361406087875366,1.7361406087875366
291,2043,,,,,,,1.7361406087875366,1.7361406087875366,,
291,2043,0.9092167019844055,1.7255194187164307,,0.9092167019844055,,,,,,
292,2044,,,1.7030789852142334,,0.8864511251449585,0.8864511251449585,,,,
292,2045,,,1.5087149143218994,,0.6919959187507629,0.6919959187507629,,,,
292,2046,,,1.6314009428024292,,0.8146415948867798,0.8146415948867798,,,,
292,2047,,,1.8477210998535156,,1.030908465385437,1.030908465385437,,,,
292,2048,,,1.6395690441131592,,0.822670042514801,0.822670042514801,,,,
292,2049,,,2.1257529258728027,,1.3087776899337769,1.3087776899337769,,,,
292,2050,,,1.3626412153244019,,0.5455799102783203,0.5455799102783203,,,,
,292,,,,,,,,,1.7323887348175049,1.7323887348175049
292,2050,,,,,,,1.7323887348175049,1.7323887348175049,,
292,2050,0.9035353064537048,1.7203494310379028,,0.9035353064537048,,,,,,
293,2051,,,1.9419341087341309,,1.1248239278793335,1.1248239278793335,,,,
293,2052,,,1.684590220451355,,0.8674367666244507,0.8674367666244507,,,,
293,2053,,,1.8411452770233154,,1.0239237546920776,1.0239237546920776,,,,
293,2054,,,1.695411205291748,,0.8781137466430664,0.8781137466430664,,,,
293,2055,,,1.7263989448547363,,0.9090085029602051,0.9090085029602051,,,,
293,2056,,,1.5768840312957764,,0.7594090104103088,0.7594090104103088,,,,
293,2057,,,1.253839135169983,,0.4363062083721161,0.4363062083721161,,,,
,293,,,,,,,,,1.7192593812942505,1.7192593812942505
293,2057,,,,,,,1.7192593812942505,1.7192593812942505,,
293,2057,0.8982478976249695,1.7155379056930542,,0.8982478976249695,,,,,,
294,2058,,,1.5734117031097412,,0.7558385729789734,0.7558385729789734,,,,
294,2059,,,1.826899528503418,,1.00925612449646,1.00925612449646,,,,
294,2060,,,1.4605860710144043,,0.6429083943367004,0.6429083943367004,,,,
294,2061,,,2.0630011558532715,,1.2452558279037476,1.2452558279037476,,,,
294,2062,,,1.520393967628479,,0.7025712728500366,0.7025712728500366,,,,
294,2063,,,1.6770832538604736,,0.8591952323913574,0.8591952323913574,,,,
294,2064,,,2.148402214050293,,1.330439567565918,1.330439567565918,,,,
,294,,,,,,,,,1.7502999305725098,1.7502999305725098
294,2064,,,,,,,1.7503000497817993,1.7503000497817993,,
294,2064,0.8963043093681335,1.7140432596206665,,0.8963043093681335,,,,,,
295,2065,,,1.9377150535583496,,1.119665503501892,1.119665503501892,,,,
295,2066,,,1.5620790719985962,,0.7439351677894592,0.7439351677894592,,,,
295,2067,,,1.6448115110397339,,0.8265855312347412,0.8265855312347412,,,,
295,2068,,,1.72281014919281,,0.9045183658599854,0.9045183658599854,,,,
295,2069,,,1.7711708545684814,,0.952791154384613,0.952791154384613,,,,
295,2070,,,1.5676274299621582,,0.7492031455039978,0.7492031455039978,,,,
295,2071,,,1.775466799736023,,0.9569873809814453,0.9569873809814453,,,,
,295,,,,,,,,,1.7501420974731445,1.7501420974731445
295,2071,,,,,,,1.7501420974731445,1.7501420974731445,,
295,2071,0.8871480822563171,1.7054141759872437,,0.8871480822563171,,,,,,
296,2072,,,1.776747465133667,,0.9582095742225647,0.9582095742225647,,,,
296,2073,,,1.3932318687438965,,0.5746617913246155,0.5746617913246155,,,,
296,2074,,,1.8713113069534302,,1.0526646375656128,1.0526646375656128,,,,
296,2075,,,1.4525290727615356,,0.6338309049606323,0.6338309049606323,,,,
296,2076,,,2.0220441818237305,,1.2032681703567505,1.2032681703567505,,,,
296,2077,,,1.4933500289916992,,0.6745085716247559,0.6745085716247559,,,,
296,2078,,,2.2401251792907715,,1.42122483253479,1.42122483253479,,,,
,296,,,,,,,,,1.6937875747680664,1.6937875747680664
296,2078,,,,,,,1.6937875747680664,1.6937875747680664,,
296,2078,0.8831534385681152,1.7018448114395142,,0.8831534385681152,,,,,,
297,2079,,,1.6458277702331543,,0.826793909072876,0.826793909072876,,,,
297,2080,,,1.835301160812378,,1.0162359476089478,1.0162359476089478,,,,
297,2081,,,1.4683849811553955,,0.6492301821708679,0.6492301821708679,,,,
297,2082,,,1.8511652946472168,,1.0319862365722656,1.0319862365722656,,,,
297,2083,,,1.6815087795257568,,0.8622280955314636,0.8622280955314636,,,,
297,2084,,,1.734776258468628,,0.915429949760437,0.915429949760437,,,,
297,2085,,,1.564081072807312,,0.7446433901786804,0.7446433901786804,,,,
,297,,,,,,,,,1.6554255485534668,1.6554255485534668
297,2085,,,,,,,1.6554254293441772,1.6554254293441772,,
297,2085,0.8754737973213196,1.6946659088134766,,0.8754737973213196,,,,,,
298,2086,,,1.537973403930664,,0.7184575796127319,0.7184575796127319,,,,
298,2087,,,1.7806862592697144,,0.961074948310852,0.961074948310852,,,,
298,2088,,,1.8895946741104126,,1.0699163675308228,1.0699163675308228,,,,
298,2089,,,2.178948402404785,,1.3592160940170288,1.3592160940170288,,,,
298,2090,,,1.3463373184204102,,0.5265236496925354,0.5265236496925354,,,,
298,2091,,,1.4853967428207397,,0.6655451655387878,0.6655451655387878,,,,
298,2092,,,1.4846420288085938,,0.6647100448608398,0.6647100448608398,,,,
,298,,,,,,,,,1.6411207914352417,1.6411207914352417
298,2092,,,,,,,1.6411207914352417,1.6411207914352417,,
298,2092,0.8705881834030151,1.6903022527694702,,0.8705881834030151,,,,,,
299,2093,,,1.2169854640960693,,0.3969883918762207,0.3969883918762207,,,,
299,2094,,,1.7975189685821533,,0.9774888753890991,0.9774888753890991,,,,
299,2095,,,1.5896623134613037,,0.7695857882499695,0.7695857882499695,,,,
299,2096,,,2.271345615386963,,1.4511663913726807,1.4511663913726807,,,,
299,2097,,,1.4699151515960693,,0.6496805548667908,0.6496805548667908,,,,
299,2098,,,1.7275470495224,,0.9072641134262085,0.9072641134262085,,,,
299,2099,,,1.7926018238067627,,0.9722490906715393,0.9722490906715393,,,,
,299,,,,,,,,,1.6017922163009644,1.6017922163009644
299,2099,,,,,,,1.6017922163009644,1.6017922163009644,,
299,2099,0.865375280380249,1.6855216026306152,,0.865375280380249,,,,,,
300,2100,,,2.346038341522217,,1.525553822517395,1.525553822517395,,,,
300,2101,,,1.7495312690734863,,0.9289204478263855,0.9289204478263855,,,,
300,2102,,,1.5800845623016357,,0.7593693137168884,0.7593693137168884,,,,
300,2103,,,1.3132474422454834,,0.4924633502960205,0.4924633502960205,,,,
300,2104,,,1.5520398616790771,,0.7312164306640625,0.7312164306640625,,,,
300,2105,,,1.7715346813201904,,0.9506415724754333,0.9506415724754333,,,,
300,2106,,,1.0560407638549805,,0.23509711027145386,0.23509711027145386,,,,
,300,,,,,,,,,1.5806396007537842,1.5806396007537842
300,2106,,,,,,,1.5806396007537842,1.5806396007537842,,
300,2106,0.859031617641449,1.6797634363174438,,0.859031617641449,,,,,,
301,2107,,,1.9061298370361328,,1.0851799249649048,1.0851799249649048,,,,
301,2108,,,1.9113036394119263,,1.0902318954467773,1.0902318954467773,,,,
301,2109,,,1.4723012447357178,,0.6511706113815308,0.6511706113815308,,,,
301,2110,,,1.3369901180267334,,0.515798032283783,0.515798032283783,,,,
301,2111,,,1.718848705291748,,0.8976102471351624,0.8976102471351624,,,,
301,2112,,,1.817009687423706,,0.9956923127174377,0.9956923127174377,,,,
301,2113,,,1.3775603771209717,,0.556225061416626,0.556225061416626,,,,
,301,,,,,,,,,1.5639334917068481,1.5639334917068481
301,2113,,,,,,,1.5639334917068481,1.5639334917068481,,
301,2113,0.8540027141571045,1.675163745880127,,0.8540027141571045,,,,,,
302,2114,,,1.850531816482544,,1.0291556119918823,1.0291556119918823,,,,
302,2115,,,1.3840932846069336,,0.5626769065856934,0.5626769065856934,,,,
302,2116,,,1.7224979400634766,,0.9010615944862366,0.9010615944862366,,,,
302,2117,,,1.6100857257843018,,0.7885926365852356,0.7885926365852356,,,,
302,2118,,,1.705124855041504,,0.8835785984992981,0.8835785984992981,,,,
302,2119,,,1.6545170545578003,,0.832901120185852,0.832901120185852,,,,
302,2120,,,1.912824273109436,,1.0911301374435425,1.0911301374435425,,,,
,302,,,,,,,,,1.566331148147583,1.566331148147583
302,2120,,,,,,,1.566331148147583,1.566331148147583,,
302,2120,0.8481788635253906,1.6696720123291016,,0.8481788635253906,,,,,,
303,2121,,,1.9396138191223145,,1.1178395748138428,1.1178395748138428,,,,
303,2122,,,1.302992343902588,,0.48119211196899414,0.48119211196899414,,,,
303,2123,,,1.8603155612945557,,1.0384761095046997,1.0384761095046997,,,,
303,2124,,,1.843886375427246,,1.0219683647155762,1.0219683647155762,,,,
303,2125,,,1.5101101398468018,,0.6881203055381775,0.6881203055381775,,,,
303,2126,,,1.6185119152069092,,0.7964678406715393,0.7964678406715393,,,,
303,2127,,,1.454495906829834,,0.6323679089546204,0.6323679089546204,,,,
,303,,,,,,,,,1.564234972000122,1.564234972000122
303,2127,,,,,,,1.564234972000122,1.564234972000122,,
303,2127,0.8441101312637329,1.6660181283950806,,0.8441101312637329,,,,,,
304,2128,,,2.002887010574341,,1.1806974411010742,1.1806974411010742,,,,
304,2129,,,1.6511967182159424,,0.8289691805839539,0.8289691805839539,,,,
304,2130,,,1.607404351234436,,0.7851052284240723,0.7851052284240723,,,,
304,2131,,,1.8294951915740967,,1.0071181058883667,1.0071181058883667,,,,
304,2132,,,1.3109791278839111,,0.48853883147239685,0.48853883147239685,,,,
304,2133,,,1.6495699882507324,,0.827094316482544,0.827094316482544,,,,
304,2134,,,1.433428406715393,,0.6108852624893188,0.6108852624893188,,,,
,304,,,,,,,,,1.5138531923294067,1.5138531923294067
304,2134,,,,,,,1.5138531923294067,1.5138531923294067,,
304,2134,0.8386831879615784,1.6610302925109863,,0.8386831879615784,,,,,,
305,2135,,,1.4733465909957886,,0.6507193446159363,0.6507193446159363,,,,
305,2136,,,2.111553192138672,,1.2888455390930176,1.2888455390930176,,,,
305,2137,,,1.6194167137145996,,0.796676754951477,0.796676754951477,,,,
305,2138,,,1.6808149814605713,,0.8579941391944885,0.8579941391944885,,,,
305,2139,,,1.4494645595550537,,0.6265798211097717,0.6265798211097717,,,,
305,2140,,,1.6898032426834106,,0.8668731451034546,0.8668731451034546,,,,
305,2141,,,1.4468798637390137,,0.6238853931427002,0.6238853931427002,,,,
,305,,,,,,,,,1.494513988494873,1.494513988494873
305,2141,,,,,,,1.4945138692855835,1.4945138692855835,,
305,2141,0.8347679376602173,1.6575653553009033,,0.8347679376602173,,,,,,
306,2142,,,1.6625566482543945,,0.8395008444786072,0.8395008444786072,,,,
306,2143,,,1.9748177528381348,,1.1516962051391602,1.1516962051391602,,,,
306,2144,,,1.8857364654541016,,1.0625430345535278,1.0625430345535278,,,,
306,2145,,,1.6317732334136963,,0.8084935545921326,0.8084935545921326,,,,
306,2146,,,1.2850360870361328,,0.4617241621017456,0.4617241621017456,,,,
306,2147,,,1.4407250881195068,,0.6173816323280334,0.6173816323280334,,,,
306,2148,,,1.7283231019973755,,0.9049124717712402,0.9049124717712402,,,,
,306,,,,,,,,,1.4977445602416992,1.4977445602416992
306,2148,,,,,,,1.4977445602416992,1.4977445602416992,,
306,2148,0.8283421993255615,1.651571273803711,,0.8283421993255615,,,,,,
307,2149,,,1.252588152885437,,0.4291103780269623,0.4291103780269623,,,,
307,2150,,,1.8392751216888428,,1.0157535076141357,1.0157535076141357,,,,
307,2151,,,2.1605803966522217,,1.3369553089141846,1.3369553089141846,,,,
307,2152,,,1.2666425704956055,,0.4429745078086853,0.4429745078086853,,,,
307,2153,,,1.880676507949829,,1.0569607019424438,1.0569607019424438,,,,
307,2154,,,1.400191307067871,,0.5764095783233643,0.5764095783233643,,,,
307,2155,,,1.87111234664917,,1.0472787618637085,1.0472787618637085,,,,
,307,,,,,,,,,1.5009503364562988,1.5009503364562988
307,2155,,,,,,,1.5009504556655884,1.5009504556655884,,
307,2155,0.8236696124076843,1.6473129987716675,,0.8236696124076843,,,,,,
308,2156,,,1.7673397064208984,,0.9434617757797241,0.9434617757797241,,,,
308,2157,,,1.9522380828857422,,1.1282899379730225,1.1282899379730225,,,,
308,2158,,,1.6949036121368408,,0.8709272742271423,0.8709272742271423,,,,
308,2159,,,1.5382027626037598,,0.7141419053077698,0.7141419053077698,,,,
308,2160,,,1.8049256801605225,,0.9808084964752197,0.9808084964752197,,,,
308,2161,,,1.1364164352416992,,0.31222060322761536,0.31222060322761536,,,,
308,2162,,,1.5375080108642578,,0.7132930755615234,0.7132930755615234,,,,
,308,,,,,,,,,1.4991097450256348,1.4991097450256348
308,2162,,,,,,,1.4991098642349243,1.4991098642349243,,
308,2162,0.8184054493904114,1.642445683479309,,0.8184054493904114,,,,,,
309,2163,,,2.2538585662841797,,1.4295802116394043,1.4295802116394043,,,,
309,2164,,,1.6018197536468506,,0.7774709463119507,0.7774709463119507,,,,
309,2165,,,1.254541039466858,,0.43014976382255554,0.43014976382255554,,,,
309,2166,,,1.3694281578063965,,0.5449981093406677,0.5449981093406677,,,,
309,2167,,,1.6536715030670166,,0.8291891813278198,0.8291891813278198,,,,
309,2168,,,1.7735095024108887,,0.9489649534225464,0.9489649534225464,,,,
309,2169,,,1.43351149559021,,0.608894407749176,0.608894407749176,,,,
,309,,,,,,,,,1.5057265758514404,1.5057265758514404
309,2169,,,,,,,1.5057265758514404,1.5057265758514404,,
309,2169,0.8139119744300842,1.6383365392684937,,0.8139119744300842,,,,,,
310,2170,,,1.3179774284362793,,0.4933270812034607,0.4933270812034607,,,,
310,2171,,,1.607396125793457,,0.7826931476593018,0.7826931476593018,,,,
310,2172,,,1.8370282649993896,,1.0122812986373901,1.0122812986373901,,,,
310,2173,,,1.7001067399978638,,0.8753014802932739,0.8753014802932739,,,,
310,2174,,,1.8094677925109863,,0.9846223592758179,0.9846223592758179,,,,
310,2175,,,1.6409344673156738,,0.8160126209259033,0.8160126209259033,,,,
310,2176,,,1.3735699653625488,,0.548602819442749,0.548602819442749,,,,
,310,,,,,,,,,1.4659446477890015,1.4659446477890015
310,2176,,,,,,,1.4659446477890015,1.4659446477890015,,
310,2176,0.8109747767448425,1.6357645988464355,,0.8109747767448425,,,,,,
311,2177,,,1.856711506843567,,1.031676173210144,1.031676173210144,,,,
311,2178,,,1.2624508142471313,,0.4373305141925812,0.4373305141925812,,,,
311,2179,,,1.938422679901123,,1.113260269165039,1.113260269165039,,,,
311,2180,,,1.7533377408981323,,0.9281492233276367,0.9281492233276367,,,,
311,2181,,,1.444904088973999,,0.6196144223213196,0.6196144223213196,,,,
311,2182,,,1.6084095239639282,,0.7830622792243958,0.7830622792243958,,,,
311,2183,,,1.3978626728057861,,0.5724772810935974,0.5724772810935974,,,,
,311,,,,,,,,,1.4565987586975098,1.4565987586975098
311,2183,,,,,,,1.4565988779067993,1.4565988779067993,,
311,2183,0.8043563961982727,1.6295584440231323,,0.8043563961982727,,,,,,
312,2184,,,1.5894381999969482,,0.7640305161476135,0.7640305161476135,,,,
312,2185,,,1.4135313034057617,,0.5880532264709473,0.5880532264709473,,,,
312,2186,,,1.5051445960998535,,0.6796160340309143,0.6796160340309143,,,,
312,2187,,,1.6216140985488892,,0.7960363626480103,0.7960363626480103,,,,
312,2188,,,1.5705695152282715,,0.7449256181716919,0.7449256181716919,,,,
312,2189,,,1.754542589187622,,0.928850531578064,0.928850531578064,,,,
312,2190,,,2.4301846027374268,,1.6044375896453857,1.6044375896453857,,,,
,312,,,,,,,,,1.4251973628997803,1.4251973628997803
312,2190,,,,,,,1.4251973628997803,1.4251973628997803,,
312,2190,0.8004981875419617,1.6260641813278198,,0.8004981875419617,,,,,,
313,2191,,,1.6834150552749634,,0.8576739430427551,0.8576739430427551,,,,
313,2192,,,1.703619360923767,,0.8778297305107117,0.8778297305107117,,,,
313,2193,,,1.419853687286377,,0.5940139889717102,0.5940139889717102,,,,
313,2194,,,1.2242013216018677,,0.3982976973056793,0.3982976973056793,,,,
313,2195,,,2.0091605186462402,,1.1832152605056763,1.1832152605056763,,,,
313,2196,,,1.744326114654541,,0.918356716632843,0.918356716632843,,,,
313,2197,,,1.470065951347351,,0.6440460085868835,0.6440460085868835,,,,
,313,,,,,,,,,1.4037593603134155,1.4037593603134155
313,2197,,,,,,,1.4037593603134155,1.4037593603134155,,
313,2197,0.7954360246658325,1.6213098764419556,,0.7954360246658325,,,,,,
314,2198,,,1.5389533042907715,,0.7128627896308899,0.7128627896308899,,,,
314,2199,,,1.4855402708053589,,0.6593955755233765,0.6593955755233765,,,,
314,2200,,,1.8628404140472412,,1.036617636680603,1.036617636680603,,,,
314,2201,,,1.470806360244751,,0.6445241570472717,0.6445241570472717,,,,
314,2202,,,1.442840814590454,,0.6165002584457397,0.6165002584457397,,,,
314,2203,,,1.6105033159255981,,0.7841145396232605,0.7841145396232605,,,,
314,2204,,,2.4040427207946777,,1.577622652053833,1.577622652053833,,,,
,314,,,,,,,,,1.3677070140838623,1.3677070140838623
314,2204,,,,,,,1.3677070140838623,1.3677070140838623,,
314,2204,0.7914703488349915,1.6177254915237427,,0.7914703488349915,,,,,,
315,2205,,,1.5945419073104858,,0.7681043744087219,0.7681043744087219,,,,
315,2206,,,1.7688400745391846,,0.9423412680625916,0.9423412680625916,,,,
315,2207,,,1.7529487609863281,,0.9264179468154907,0.9264179468154907,,,,
315,2208,,,1.493482232093811,,0.6668885350227356,0.6668885350227356,,,,
315,2209,,,1.5035324096679688,,0.6769007444381714,0.6769007444381714,,,,
315,2210,,,1.609610915184021,,0.7829499244689941,0.7829499244689941,,,,
315,2211,,,1.514091968536377,,0.6873645782470703,0.6873645782470703,,,,
,315,,,,,,,,,1.3562443256378174,1.3562443256378174
315,2211,,,,,,,1.3562443256378174,1.3562443256378174,,
315,2211,0.7876649498939514,1.6142337322235107,,0.7876649498939514,,,,,,
316,2212,,,1.6441833972930908,,0.8174205422401428,0.8174205422401428,,,,
316,2213,,,1.7378560304641724,,0.9110439419746399,0.9110439419746399,,,,
316,2214,,,1.52315354347229,,0.696262001991272,0.696262001991272,,,,
316,2215,,,1.8148165941238403,,0.9878772497177124,0.9878772497177124,,,,
316,2216,,,1.4219398498535156,,0.5949844121932983,0.5949844121932983,,,,
316,2217,,,1.6554923057556152,,0.8284686803817749,0.8284686803817749,,,,
316,2218,,,1.2441843748092651,,0.4171249568462372,0.4171249568462372,,,,
,316,,,,,,,,,1.3693959712982178,1.3693959712982178
316,2218,,,,,,,1.3693959712982178,1.3693959712982178,,
316,2218,0.7831339240074158,1.6100409030914307,,0.7831339240074158,,,,,,
317,2219,,,1.643646001815796,,0.816547691822052,0.816547691822052,,,,
317,2220,,,1.3950692415237427,,0.5679557919502258,0.5679557919502258,,,,
317,2221,,,1.4365003108978271,,0.6093557476997375,0.6093557476997375,,,,
317,2222,,,1.8777222633361816,,1.0505166053771973,1.0505166053771973,,,,
317,2223,,,1.4454734325408936,,0.6182304620742798,0.6182304620742798,,,,
317,2224,,,1.5676085948944092,,0.7403210997581482,0.7403210997581482,,,,
317,2225,,,2.3383212089538574,,1.5109543800354004,1.5109543800354004,,,,
,317,,,,,,,,,1.4037458896636963,1.4037458896636963
317,2225,,,,,,,1.4037458896636963,1.4037458896636963,,
317,2225,0.7795349359512329,1.606727957725525,,0.7795349359512329,,,,,,
318,2226,,,1.709305763244629,,0.8818852305412292,0.8818852305412292,,,,
318,2227,,,1.5057954788208008,,0.6783301830291748,0.6783301830291748,,,,
318,2228,,,1.4058951139450073,,0.5783389806747437,0.5783389806747437,,,,
318,2229,,,1.4636461734771729,,0.6360533833503723,0.6360533833503723,,,,
318,2230,,,1.7939960956573486,,0.9663348197937012,0.9663348197937012,,,,
318,2231,,,1.2639257907867432,,0.43621763586997986,0.43621763586997986,,,,
318,2232,,,2.851426601409912,,2.023689031600952,2.023689031600952,,,,
,318,,,,,,,,,1.3978508710861206,1.3978508710861206
318,2232,,,,,,,1.3978508710861206,1.3978508710861206,,
318,2232,0.77428138256073,1.6018587350845337,,0.77428138256073,,,,,,
319,2233,,,1.2119560241699219,,0.38419103622436523,0.38419103622436523,,,,
319,2234,,,1.9147593975067139,,1.086959719657898,1.086959719657898,,,,
319,2235,,,1.7078791856765747,,0.8800317049026489,0.8800317049026489,,,,
319,2236,,,1.5847508907318115,,0.7568368911743164,0.7568368911743164,,,,
319,2237,,,1.9591398239135742,,1.1311460733413696,1.1311460733413696,,,,
319,2238,,,1.280510425567627,,0.4524820148944855,0.4524820148944855,,,,
319,2239,,,1.401456356048584,,0.5733986496925354,0.5733986496925354,,,,
,319,,,,,,,,,1.4095659255981445,1.4095659255981445
319,2239,,,,,,,1.4095659255981445,1.4095659255981445,,
319,2239,0.7696740627288818,1.597575306892395,,0.7696740627288818,,,,,,
320,2240,,,1.5070850849151611,,0.6789960265159607,0.6789960265159607,,,,
320,2241,,,1.5742913484573364,,0.7461449503898621,0.7461449503898621,,,,
320,2242,,,1.6144545078277588,,0.7862520813941956,0.7862520813941956,,,,
320,2243,,,1.7014541625976562,,0.8731983304023743,0.8731983304023743,,,,
320,2244,,,2.0010061264038086,,1.1726890802383423,1.1726890802383423,,,,
320,2245,,,1.2509255409240723,,0.4225887656211853,0.4225887656211853,,,,
320,2246,,,1.359508991241455,,0.5311398506164551,0.5311398506164551,,,,
,320,,,,,,,,,1.3955588340759277,1.3955588340759277
320,2246,,,,,,,1.3955587148666382,1.3955587148666382,,
320,2246,0.7653406262397766,1.5935739278793335,,0.7653406262397766,,,,,,
321,2247,,,2.204216241836548,,1.3757902383804321,1.3757902383804321,,,,
321,2248,,,1.6596286296844482,,0.8311423063278198,0.8311423063278198,,,,
321,2249,,,1.5397353172302246,,0.7112381458282471,0.7112381458282471,,,,
321,2250,,,1.3694297075271606,,0.5408845543861389,0.5408845543861389,,,,
321,2251,,,1.4896531105041504,,0.6610634326934814,0.6610634326934814,,,,
321,2252,,,1.380697250366211,,0.5520645976066589,0.5520645976066589,,,,
321,2253,,,1.307255744934082,,0.4785625636577606,0.4785625636577606,,,,
,321,,,,,,,,,1.3607617616653442,1.3607617616653442
321,2253,,,,,,,1.3607617616653442,1.3607617616653442,,
321,2253,0.7610421776771545,1.5895813703536987,,0.7610421776771545,,,,,,
322,2254,,,1.681370496749878,,0.8526204824447632,0.8526204824447632,,,,
322,2255,,,1.3675084114074707,,0.538699209690094,0.538699209690094,,,,
322,2256,,,1.3504509925842285,,0.5215905904769897,0.5215905904769897,,,,
322,2257,,,2.154578685760498,,1.3256524801254272,1.3256524801254272,,,,
322,2258,,,1.5893034934997559,,0.7603424191474915,0.7603424191474915,,,,
322,2259,,,1.390500545501709,,0.5615025162696838,0.5615025162696838,,,,
322,2260,,,1.523552417755127,,0.6945070624351501,0.6945070624351501,,,,
,322,,,,,,,,,1.3288981914520264,1.3288981914520264
322,2260,,,,,,,1.3288981914520264,1.3288981914520264,,
322,2260,0.7562114596366882,1.5851049423217773,,0.7562114596366882,,,,,,
323,2261,,,1.2766695022583008,,0.4475950300693512,0.4475950300693512,,,,
323,2262,,,1.573753833770752,,0.7446264028549194,0.7446264028549194,,,,
323,2263,,,1.5310479402542114,,0.701865017414093,0.701865017414093,,,,
323,2264,,,1.5823373794555664,,0.7531108856201172,0.7531108856201172,,,,
323,2265,,,1.6655083894729614,,0.8362289071083069,0.8362289071083069,,,,
323,2266,,,1.8370981216430664,,1.0077996253967285,1.0077996253967285,,,,
323,2267,,,1.665480136871338,,0.8361408114433289,0.8361408114433289,,,,
,323,,,,,,,,,1.305290937423706,1.305290937423706
323,2267,,,,,,,1.305290937423706,1.305290937423706,,
323,2267,0.753690779209137,1.5828973054885864,,0.753690779209137,,,,,,
324,2268,,,1.4509263038635254,,0.6215251088142395,0.6215251088142395,,,,
324,2269,,,1.5020835399627686,,0.6726518273353577,0.6726518273353577,,,,
324,2270,,,1.2186702489852905,,0.3891642391681671,0.3891642391681671,,,,
324,2271,,,1.6973737478256226,,0.8678383827209473,0.8678383827209473,,,,
324,2272,,,2.1098170280456543,,1.2802366018295288,1.2802366018295288,,,,
324,2273,,,1.5099382400512695,,0.6803205609321594,0.6803205609321594,,,,
324,2274,,,1.5184992551803589,,0.6888180375099182,0.6888180375099182,,,,
,324,,,,,,,,,1.3285540342330933,1.3285540342330933
324,2274,,,,,,,1.3285540342330933,1.3285540342330933,,
324,2274,0.748242199420929,1.5777641534805298,,0.748242199420929,,,,,,
325,2275,,,1.498856544494629,,0.6691610217094421,0.6691610217094421,,,,
325,2276,,,1.4967670440673828,,0.6670520305633545,0.6670520305633545,,,,
325,2277,,,1.375584363937378,,0.5458252429962158,0.5458252429962158,,,,
325,2278,,,1.3404923677444458,,0.5106721520423889,0.5106721520423889,,,,
325,2279,,,1.4417295455932617,,0.6118664741516113,0.6118664741516113,,,,
325,2280,,,2.2580692768096924,,1.4281607866287231,1.4281607866287231,,,,
325,2281,,,1.6717138290405273,,0.8417492508888245,0.8417492508888245,,,,
,325,,,,,,,,,1.322766661643982,1.322766661643982
325,2281,,,,,,,1.322766661643982,1.322766661643982,,
325,2281,0.7448461055755615,1.574649691581726,,0.7448461055755615,,,,,,
326,2282,,,1.7120466232299805,,0.8820787072181702,0.8820787072181702,,,,
326,2283,,,1.389550805091858,,0.5595499873161316,0.5595499873161316,,,,
326,2284,,,1.422835350036621,,0.5928026437759399,0.5928026437759399,,,,
326,2285,,,2.2095999717712402,,1.379503846168518,1.379503846168518,,,,
326,2286,,,1.284826397895813,,0.4547056257724762,0.4547056257724762,,,,
326,2287,,,1.5157697200775146,,0.6856255531311035,0.6856255531311035,,,,
326,2288,,,1.2796026468276978,,0.4494020342826843,0.4494020342826843,,,,
,326,,,,,,,,,1.286611795425415,1.286611795425415
326,2288,,,,,,,1.286611795425415,1.286611795425415,,
326,2288,0.74083012342453,1.5708987712860107,,0.74083012342453,,,,,,
327,2289,,,1.3519419431686401,,0.5216822028160095,0.5216822028160095,,,,
327,2290,,,1.5177640914916992,,0.6874646544456482,0.6874646544456482,,,,
327,2291,,,1.2383724451065063,,0.4080120027065277,0.4080120027065277,,,,
327,2292,,,1.7630009651184082,,0.9326025247573853,0.9326025247573853,,,,
327,2293,,,1.6765375137329102,,0.8460920453071594,0.8460920453071594,,,,
327,2294,,,1.9927409887313843,,1.1622470617294312,1.1622470617294312,,,,
327,2295,,,1.1911778450012207,,0.36065229773521423,0.36065229773521423,,,,
,327,,,,,,,,,1.2436573505401611,1.2436573505401611
327,2295,,,,,,,1.2436573505401611,1.2436573505401611,,
327,2295,0.7362110018730164,1.5665959119796753,,0.7362110018730164,,,,,,
328,2296,,,1.39072847366333,,0.5601756572723389,0.5601756572723389,,,,
328,2297,,,1.488447904586792,,0.6578457355499268,0.6578457355499268,,,,
328,2298,,,1.948586106300354,,1.1179373264312744,1.1179373264312744,,,,
328,2299,,,1.5547704696655273,,0.7240954041481018,0.7240954041481018,,,,
328,2300,,,1.4535582065582275,,0.6228481531143188,0.6228481531143188,,,,
328,2301,,,1.585227370262146,,0.7544932961463928,0.7544932961463928,,,,
328,2302,,,1.4594981670379639,,0.6287192106246948,0.6287192106246948,,,,
,328,,,,,,,,,1.2229703664779663,1.2229703664779663
328,2302,,,,,,,1.2229703664779663,1.2229703664779663,,
328,2302,0.7330455183982849,1.563706636428833,,0.7330455183982849,,,,,,
329,2303,,,1.3294706344604492,,0.4986191391944885,0.4986191391944885,,,,
329,2304,,,1.3662651777267456,,0.5353862643241882,0.5353862643241882,,,,
329,2305,,,1.8387451171875,,1.0078092813491821,1.0078092813491821,,,,
329,2306,,,1.4879206418991089,,0.6569657921791077,0.6569657921791077,,,,
329,2307,,,1.658520221710205,,0.8275414705276489,0.8275414705276489,,,,
329,2308,,,1.328810453414917,,0.49777960777282715,0.49777960777282715,,,,
329,2309,,,2.475874900817871,,1.6448001861572266,1.6448001861572266,,,,
,329,,,,,,,,,1.2342694997787476,1.2342694997787476
329,2309,,,,,,,1.2342694997787476,1.2342694997787476,,
329,2309,0.7279845476150513,1.5589311122894287,,0.7279845476150513,,,,,,
330,2310,,,1.3170263767242432,,0.48586517572402954,0.48586517572402954,,,,
330,2311,,,1.7520692348480225,,0.9208645820617676,0.9208645820617676,,,,
330,2312,,,1.4473943710327148,,0.6161230802536011,0.6161230802536011,,,,
330,2313,,,1.2971866130828857,,0.4658825397491455,0.4658825397491455,,,,
330,2314,,,1.89979088306427,,1.068449854850769,1.068449854850769,,,,
330,2315,,,1.7233059406280518,,0.8919393420219421,0.8919393420219421,,,,
330,2316,,,1.2583744525909424,,0.4269501864910126,0.4269501864910126,,,,
,330,,,,,,,,,1.2455812692642212,1.2455812692642212
330,2316,,,,,,,1.2455812692642212,1.2455812692642212,,
330,2316,0.7230165600776672,1.5543001890182495,,0.7230165600776672,,,,,,
331,2317,,,1.8485548496246338,,1.0170921087265015,1.0170921087265015,,,,
331,2318,,,1.569405436515808,,0.7378687262535095,0.7378687262535095,,,,
331,2319,,,1.287781000137329,,0.45618075132369995,0.45618075132369995,,,,
331,2320,,,1.601505160331726,,0.7698785662651062,0.7698785662651062,,,,
331,2321,,,1.1904020309448242,,0.3587409257888794,0.3587409257888794,,,,
331,2322,,,1.3887262344360352,,0.5570375919342041,0.5570375919342041,,,,
331,2323,,,2.6604061126708984,,1.8286769390106201,1.8286769390106201,,,,
,331,,,,,,,,,1.2353103160858154,1.2353103160858154
331,2323,,,,,,,1.2353103160858154,1.2353103160858154,,
331,2323,0.7188318371772766,1.5504355430603027,,0.7188318371772766,,,,,,
332,2324,,,1.2874611616134644,,0.4557150602340698,0.4557150602340698,,,,
332,2325,,,1.669813871383667,,0.8380223512649536,0.8380223512649536,,,,
332,2326,,,1.3717362880706787,,0.5398765206336975,0.5398765206336975,,,,
332,2327,,,1.397838830947876,,0.5659359097480774,0.5659359097480774,,,,
332,2328,,,1.7202469110488892,,0.8882953524589539,0.8882953524589539,,,,
332,2329,,,1.8085782527923584,,0.9766085147857666,0.9766085147857666,,,,
332,2330,,,1.583397626876831,,0.7514278292655945,0.7514278292655945,,,,
,332,,,,,,,,,1.2050251960754395,1.2050251960754395
332,2330,,,,,,,1.205025315284729,1.205025315284729,,
332,2330,0.7131356000900269,1.5450115203857422,,0.7131356000900269,,,,,,
333,2331,,,1.2428100109100342,,0.4107699990272522,0.4107699990272522,,,,
333,2332,,,1.4783598184585571,,0.6462990045547485,0.6462990045547485,,,,
333,2333,,,1.576294183731079,,0.7442000508308411,0.7442000508308411,,,,
333,2334,,,1.186537265777588,,0.35437291860580444,0.35437291860580444,,,,
333,2335,,,1.3855514526367188,,0.5533626079559326,0.5533626079559326,,,,
333,2336,,,2.510554313659668,,1.6783329248428345,1.6783329248428345,,,,
333,2337,,,1.1485610008239746,,0.3162913918495178,0.3162913918495178,,,,
,333,,,,,,,,,1.182666540145874,1.182666540145874
333,2337,,,,,,,1.182666540145874,1.182666540145874,,
333,2337,0.706815242767334,1.5389519929885864,,0.706815242767334,,,,,,
334,2338,,,1.475691795349121,,0.6433899402618408,0.6433899402618408,,,,
334,2339,,,1.5209269523620605,,0.688582181930542,0.688582181930542,,,,
334,2340,,,1.3130199909210205,,0.4806591868400574,0.4806591868400574,,,,
334,2341,,,1.4857327938079834,,0.6533288359642029,0.6533288359642029,,,,
334,2342,,,1.7175756692886353,,0.8851593136787415,0.8851593136787415,,,,
334,2343,,,1.7595123052597046,,0.9270322918891907,0.9270322918891907,,,,
334,2344,,,1.367779016494751,,0.5352714657783508,0.5352714657783508,,,,
,334,,,,,,,,,1.153294563293457,1.153294563293457
334,2344,,,,,,,1.153294563293457,1.153294563293457,,
334,2344,0.7025692462921143,1.534961223602295,,0.7025692462921143,,,,,,
335,2345,,,1.4814655780792236,,0.648881196975708,0.648881196975708,,,,
335,2346,,,1.6162283420562744,,0.7835975885391235,0.7835975885391235,,,,
335,2347,,,1.9306007623672485,,1.0979455709457397,1.0979455709457397,,,,
335,2348,,,1.3796560764312744,,0.5469849705696106,0.5469849705696106,,,,
335,2349,,,1.5308310985565186,,0.6980986595153809,0.6980986595153809,,,,
335,2350,,,1.3128883838653564,,0.4801110029220581,0.4801110029220581,,,,
335,2351,,,1.3349461555480957,,0.502119243144989,0.502119243144989,,,,
,335,,,,,,,,,1.1326388120651245,1.1326388120651245
335,2351,,,,,,,1.1326388120651245,1.1326388120651245,,
335,2351,0.6970845460891724,1.5297685861587524,,0.6970845460891724,,,,,,
336,2352,,,1.3431378602981567,,0.5102910399436951,0.5102910399436951,,,,
336,2353,,,1.9323257207870483,,1.0994378328323364,1.0994378328323364,,,,
336,2354,,,1.3331985473632812,,0.5002816319465637,0.5002816319465637,,,,
336,2355,,,1.5102615356445312,,0.6773116588592529,0.6773116588592529,,,,
336,2356,,,1.6513290405273438,,0.8183230757713318,0.8183230757713318,,,,
336,2357,,,1.4504570960998535,,0.6174339056015015,0.6174339056015015,,,,
336,2358,,,1.3397971391677856,,0.5067277550697327,0.5067277550697327,,,,
,336,,,,,,,,,1.1092267036437988,1.1092267036437988
336,2358,,,,,,,1.1092267036437988,1.1092267036437988,,
336,2358,0.6922513246536255,1.5251975059509277,,0.6922513246536255,,,,,,
337,2359,,,1.4720664024353027,,0.6389682292938232,0.6389682292938232,,,,
337,2360,,,1.4823992252349854,,0.6492481827735901,0.6492481827735901,,,,
337,2361,,,1.7349233627319336,,0.901736319065094,0.901736319065094,,,,
337,2362,,,1.6081678867340088,,0.7749394178390503,0.7749394178390503,,,,
337,2363,,,1.3132270574569702,,0.4799688160419464,0.4799688160419464,,,,
337,2364,,,1.1816112995147705,,0.34831351041793823,0.34831351041793823,,,,
337,2365,,,2.438157558441162,,1.604825735092163,1.604825735092163,,,,
,337,,,,,,,,,1.0853294134140015,1.0853294134140015
337,2365,,,,,,,1.0853294134140015,1.0853294134140015,,
337,2365,0.6894091963768005,1.522620439529419,,0.6894091963768005,,,,,,
338,2366,,,1.5265923738479614,,0.6932597756385803,0.6932597756385803,,,,
338,2367,,,1.411097764968872,,0.5777337551116943,0.5777337551116943,,,,
338,2368,,,1.4165761470794678,,0.5831718444824219,0.5831718444824219,,,,
338,2369,,,1.2782154083251953,,0.44477975368499756,0.44477975368499756,,,,
338,2370,,,1.6126811504364014,,0.7792311906814575,0.7792311906814575,,,,
338,2371,,,1.7284960746765137,,0.894980788230896,0.894980788230896,,,,
338,2372,,,1.8832767009735107,,1.0497649908065796,1.0497649908065796,,,,
,338,,,,,,,,,1.0872617959976196,1.0872617959976196
338,2372,,,,,,,1.0872617959976196,1.0872617959976196,,
338,2372,0.684991180896759,1.518413782119751,,0.684991180896759,,,,,,
339,2373,,,1.490727186203003,,0.6571438908576965,0.6571438908576965,,,,
339,2374,,,1.747992992401123,,0.9143559336662292,0.9143559336662292,,,,
339,2375,,,1.1499189138412476,,0.3162582218647003,0.3162582218647003,,,,
339,2376,,,1.4606518745422363,,0.626990795135498,0.626990795135498,,,,
339,2377,,,1.4562619924545288,,0.6225702166557312,0.6225702166557312,,,,
339,2378,,,1.3592756986618042,,0.5255588293075562,0.5255588293075562,,,,
339,2379,,,2.632556438446045,,1.7987842559814453,1.7987842559814453,,,,
,339,,,,,,,,,1.093277931213379,1.093277931213379
339,2379,,,,,,,1.093277931213379,1.093277931213379,,
339,2379,0.6803799867630005,1.514045000076294,,0.6803799867630005,,,,,,
340,2380,,,1.3353908061981201,,0.5015543699264526,0.5015543699264526,,,,
340,2381,,,1.4142136573791504,,0.5803669095039368,0.5803669095039368,,,,
340,2382,,,1.7874082326889038,,0.9535071849822998,0.9535071849822998,,,,
340,2383,,,1.2580671310424805,,0.42407846450805664,0.42407846450805664,,,,
340,2384,,,1.383385181427002,,0.5493663549423218,0.5493663549423218,,,,
340,2385,,,2.041198253631592,,1.2071255445480347,1.2071255445480347,,,,
340,2386,,,1.0964702367782593,,0.2623860538005829,0.2623860538005829,,,,
,340,,,,,,,,,1.1103938817977905,1.1103938817977905
340,2386,,,,,,,1.1103938817977905,1.1103938817977905,,
340,2386,0.6767677068710327,1.5107200145721436,,0.6767677068710327,,,,,,
341,2387,,,1.7466741800308228,,0.9126043915748596,0.9126043915748596,,,,
341,2388,,,1.2447739839553833,,0.4106622636318207,0.4106622636318207,,,,
341,2389,,,1.5164381265640259,,0.6823114156723022,0.6823114156723022,,,,
341,2390,,,1.7121334075927734,,0.8779562711715698,0.8779562711715698,,,,
341,2391,,,1.406408429145813,,0.5722281336784363,0.5722281336784363,,,,
341,2392,,,1.456052303314209,,0.6218397617340088,0.6218397617340088,,,,
341,2393,,,1.3913249969482422,,0.5570672750473022,0.5570672750473022,,,,
,341,,,,,,,,,1.1247817277908325,1.1247817277908325
341,2393,,,,,,,1.1247817277908325,1.1247817277908325,,
341,2393,0.6723926067352295,1.5065454244613647,,0.6723926067352295,,,,,,
342,2394,,,1.4966442584991455,,0.6623713374137878,0.6623713374137878,,,,
342,2395,,,1.7094097137451172,,0.875074028968811,0.875074028968811,,,,
342,2396,,,1.638866901397705,,0.8045247793197632,0.8045247793197632,,,,
342,2397,,,1.4616948366165161,,0.6273212432861328,0.6273212432861328,,,,
342,2398,,,1.4604442119598389,,0.626039981842041,0.626039981842041,,,,
342,2399,,,1.4029854536056519,,0.5685363411903381,0.5685363411903381,,,,
342,2400,,,1.0972672700881958,,0.26279422640800476,0.26279422640800476,,,,
,342,,,,,,,,,1.1222330331802368,1.1222330331802368
342,2400,,,,,,,1.1222330331802368,1.1222330331802368,,
342,2400,0.6686142086982727,1.5029836893081665,,0.6686142086982727,,,,,,
343,2401,,,1.7548106908798218,,0.9203381538391113,0.9203381538391113,,,,
343,2402,,,1.4113396406173706,,0.5768677592277527,0.5768677592277527,,,,
343,2403,,,1.3915114402770996,,0.5570265054702759,0.5570265054702759,,,,
343,2404,,,1.6036920547485352,,0.7691588401794434,0.7691588401794434,,,,
343,2405,,,1.397733449935913,,0.5631241202354431,0.5631241202354431,,,,
343,2406,,,1.4922672510147095,,0.6576436758041382,0.6576436758041382,,,,
343,2407,,,1.3750156164169312,,0.5403668880462646,0.5403668880462646,,,,
,343,,,,,,,,,1.117946743965149,1.117946743965149
343,2407,,,,,,,1.117946743965149,1.117946743965149,,
343,2407,0.666164219379425,1.5007036924362183,,0.666164219379425,,,,,,
344,2408,,,1.7005252838134766,,0.8658668994903564,0.8658668994903564,,,,
344,2409,,,1.3568615913391113,,0.5221839547157288,0.5221839547157288,,,,
344,2410,,,1.5496714115142822,,0.7149679064750671,0.7149679064750671,,,,
344,2411,,,1.3745980262756348,,0.5398615598678589,0.5398615598678589,,,,
344,2412,,,1.6392536163330078,,0.8044833540916443,0.8044833540916443,,,,
344,2413,,,1.407196044921875,,0.572401762008667,0.572401762008667,,,,
344,2414,,,1.3745441436767578,,0.5397281050682068,0.5397281050682068,,,,
,344,,,,,,,,,1.0958213806152344,1.0958213806152344
344,2414,,,,,,,1.0958213806152344,1.0958213806152344,,
344,2414,0.662300169467926,1.497029185295105,,0.662300169467926,,,,,,
345,2415,,,1.5020039081573486,,0.6671258211135864,0.6671258211135864,,,,
345,2416,,,1.8429067134857178,,1.008004903793335,1.008004903793335,,,,
345,2417,,,1.3316643238067627,,0.49676740169525146,0.49676740169525146,,,,
345,2418,,,1.2402660846710205,,0.4053209722042084,0.4053209722042084,,,,
345,2419,,,1.51651930809021,,0.6815711259841919,0.6815711259841919,,,,
345,2420,,,1.4455138444900513,,0.6105126142501831,0.6105126142501831,,,,
345,2421,,,1.7319673299789429,,0.8968937397003174,0.8968937397003174,,,,
,345,,,,,,,,,1.080525517463684,1.080525517463684
345,2421,,,,,,,1.080525517463684,1.080525517463684,,
345,2421,0.6597079038619995,1.4946448802947998,,0.6597079038619995,,,,,,
346,2422,,,1.2906607389450073,,0.4555971324443817,0.4555971324443817,,,,
346,2423,,,1.4723424911499023,,0.637238621711731,0.637238621711731,,,,
346,2424,,,1.965691089630127,,1.130550503730774,1.130550503730774,,,,
346,2425,,,1.4954731464385986,,0.6603108644485474,0.6603108644485474,,,,
346,2426,,,1.1900137662887573,,0.35485193133354187,0.35485193133354187,,,,
346,2427,,,1.4914472103118896,,0.6562515497207642,0.6562515497207642,,,,
346,2428,,,1.6098746061325073,,0.7746521234512329,0.7746521234512329,,,,
,346,,,,,,,,,1.0586957931518555,1.0586957931518555
346,2428,,,,,,,1.0586957931518555,1.0586957931518555,,
346,2428,0.6565168499946594,1.4916598796844482,,0.6565168499946594,,,,,,
347,2429,,,1.8633966445922852,,1.0281046628952026,1.0281046628952026,,,,
347,2430,,,1.409665822982788,,0.5743196606636047,0.5743196606636047,,,,
347,2431,,,1.57459557056427,,0.7392092943191528,0.7392092943191528,,,,
347,2432,,,1.3335649967193604,,0.4981412887573242,0.4981412887573242,,,,
347,2433,,,1.5475473403930664,,0.7120917439460754,0.7120917439460754,,,,
347,2434,,,1.226525068283081,,0.39102497696876526,0.39102497696876526,,,,
347,2435,,,1.4132860898971558,,0.5777948498725891,0.5777948498725891,,,,
,347,,,,,,,,,1.0566872358322144,1.0566872358322144
347,2435,,,,,,,1.0566872358322144,1.0566872358322144,,
347,2435,0.6524807810783386,1.4878867864608765,,0.6524807810783386,,,,,,
348,2436,,,1.365195631980896,,0.5296645164489746,0.5296645164489746,,,,
348,2437,,,1.4882643222808838,,0.6527024507522583,0.6527024507522583,,,,
348,2438,,,1.3957061767578125,,0.5601351261138916,0.5601351261138916,,,,
348,2439,,,1.2223414182662964,,0.3867398202419281,0.3867398202419281,,,,
348,2440,,,2.038248062133789,,1.2026221752166748,1.2026221752166748,,,,
348,2441,,,1.4491472244262695,,0.6134967803955078,0.6134967803955078,,,,
348,2442,,,1.3350363969802856,,0.499348908662796,0.499348908662796,,,,
,348,,,,,,,,,1.0734325647354126,1.0734325647354126
348,2442,,,,,,,1.0734325647354126,1.0734325647354126,,
348,2442,0.6482535600662231,1.4838496446609497,,0.6482535600662231,,,,,,
349,2443,,,1.385453462600708,,0.5497010946273804,0.5497010946273804,,,,
349,2444,,,1.2550373077392578,,0.41928285360336304,0.41928285360336304,,,,
349,2445,,,1.5525676012039185,,0.7167773842811584,0.7167773842811584,,,,
349,2446,,,1.4575896263122559,,0.6217495799064636,0.6217495799064636,,,,
349,2447,,,1.3413702249526978,,0.5054987668991089,0.5054987668991089,,,,
349,2448,,,1.4720532894134521,,0.636135458946228,0.636135458946228,,,,
349,2449,,,2.5892133712768555,,1.753261685371399,1.753261685371399,,,,
,349,,,,,,,,,1.0630500316619873,1.0630500316619873
349,2449,,,,,,,1.0630500316619873,1.0630500316619873,,
349,2449,0.6441754102706909,1.480004072189331,,0.6441754102706909,,,,,,
350,2450,,,1.301872730255127,,0.46592676639556885,0.46592676639556885,,,,
350,2451,,,1.720409631729126,,0.8844507932662964,0.8844507932662964,,,,
350,2452,,,1.4516735076904297,,0.6157090067863464,0.6157090067863464,,,,
350,2453,,,1.5049558877944946,,0.66893470287323,0.66893470287323,,,,
350,2454,,,1.586561679840088,,0.7505171298980713,0.7505171298980713,,,,
350,2455,,,1.3934848308563232,,0.5574197173118591,0.5574197173118591,,,,
350,2456,,,1.222269892692566,,0.38617101311683655,0.38617101311683655,,,,
,350,,,,,,,,,1.032623052597046,1.032623052597046
350,2456,,,,,,,1.032623052597046,1.032623052597046,,
350,2456,0.6412191987037659,1.4772250652313232,,0.6412191987037659,,,,,,
351,2457,,,1.633819341659546,,0.7976813912391663,0.7976813912391663,,,,
351,2458,,,1.2005681991577148,,0.36439618468284607,0.36439618468284607,,,,
351,2459,,,1.8667194843292236,,1.0305174589157104,1.0305174589157104,,,,
351,2460,,,1.5953991413116455,,0.7591643333435059,0.7591643333435059,,,,
351,2461,,,1.2172999382019043,,0.38099533319473267,0.38099533319473267,,,,
351,2462,,,1.3760603666305542,,0.5397209525108337,0.5397209525108337,,,,
351,2463,,,1.345246434211731,,0.5089131593704224,0.5089131593704224,,,,
,351,,,,,,,,,1.0195963382720947,1.0195963382720947
351,2463,,,,,,,1.0195963382720947,1.0195963382720947,,
351,2463,0.6373832821846008,1.473620891571045,,0.6373832821846008,,,,,,
352,2464,,,1.4198858737945557,,0.5835638642311096,0.5835638642311096,,,,
352,2465,,,1.6668775081634521,,0.8305364847183228,0.8305364847183228,,,,
352,2466,,,1.745174765586853,,0.9088121056556702,0.9088121056556702,,,,
352,2467,,,1.4502010345458984,,0.6138414144515991,0.6138414144515991,,,,
352,2468,,,1.2897863388061523,,0.4533708691596985,0.4533708691596985,,,,
352,2469,,,1.3493088483810425,,0.5128681063652039,0.5128681063652039,,,,
352,2470,,,1.2256510257720947,,0.38919106125831604,0.38919106125831604,,,,
,352,,,,,,,,,1.0157382488250732,1.0157382488250732
352,2470,,,,,,,1.0157382488250732,1.0157382488250732,,
352,2470,0.6351277232170105,1.4715064764022827,,0.6351277232170105,,,,,,
353,2471,,,1.9084131717681885,,1.0719267129898071,1.0719267129898071,,,,
353,2472,,,1.5439786911010742,,0.7074752449989319,0.7074752449989319,,,,
353,2473,,,1.2234121561050415,,0.38689669966697693,0.38689669966697693,,,,
353,2474,,,1.5333889722824097,,0.696867823600769,0.696867823600769,,,,
353,2475,,,1.2258787155151367,,0.38933876156806946,0.38933876156806946,,,,
353,2476,,,1.4409677982330322,,0.6043959856033325,0.6043959856033325,,,,
353,2477,,,1.2780630588531494,,0.4414465129375458,0.4414465129375458,,,,
,353,,,,,,,,,1.0001840591430664,1.0001840591430664
353,2477,,,,,,,1.0001840591430664,1.0001840591430664,,
353,2477,0.6309715509414673,1.46750009059906,,0.6309715509414673,,,,,,
354,2478,,,1.3560055494308472,,0.519348680973053,0.519348680973053,,,,
354,2479,,,2.062490224838257,,1.225801944732666,1.225801944732666,,,,
354,2480,,,1.393936276435852,,0.5572092533111572,0.5572092533111572,,,,
354,2481,,,1.188065767288208,,0.35132691264152527,0.35132691264152527,,,,
354,2482,,,1.5474234819412231,,0.7106530070304871,0.7106530070304871,,,,
354,2483,,,1.3531261682510376,,0.5163479447364807,0.5163479447364807,,,,
354,2484,,,1.163000226020813,,0.3261831998825073,0.3261831998825073,,,,
,354,,,,,,,,,0.9717054963111877,0.9717054963111877
354,2484,,,,,,,0.9717054963111877,0.9717054963111877,,
354,2484,0.6279225945472717,1.464654564857483,,0.6279225945472717,,,,,,
355,2485,,,1.5432932376861572,,0.7064540982246399,0.7064540982246399,,,,
355,2486,,,1.2552745342254639,,0.41841942071914673,0.41841942071914673,,,,
355,2487,,,1.717158555984497,,0.8802891969680786,0.8802891969680786,,,,
355,2488,,,1.5302469730377197,,0.6933639049530029,0.6933639049530029,,,,
355,2489,,,1.3516943454742432,,0.5147785544395447,0.5147785544395447,,,,
355,2490,,,1.4034051895141602,,0.5664588809013367,0.5664588809013367,,,,
355,2491,,,1.3721778392791748,,0.5352100133895874,0.5352100133895874,,,,
,355,,,,,,,,,0.9465310573577881,0.9465310573577881
355,2491,,,,,,,0.9465309977531433,0.9465309977531433,,
355,2491,0.6243871450424194,1.461276650428772,,0.6243871450424194,,,,,,
356,2492,,,1.3600475788116455,,0.5230274796485901,0.5230274796485901,,,,
356,2493,,,1.3372279405593872,,0.5001614689826965,0.5001614689826965,,,,
356,2494,,,1.8426647186279297,,1.0055532455444336,1.0055532455444336,,,,
356,2495,,,1.2145380973815918,,0.37740328907966614,0.37740328907966614,,,,
356,2496,,,1.2381983995437622,,0.4010586738586426,0.4010586738586426,,,,
356,2497,,,1.7864665985107422,,0.9493018984794617,0.9493018984794617,,,,
356,2498,,,1.39805269241333,,0.5608711838722229,0.5608711838722229,,,,
,356,,,,,,,,,0.9332786798477173,0.9332786798477173
356,2498,,,,,,,0.9332786798477173,0.9332786798477173,,
356,2498,0.6222482919692993,1.4593589305877686,,0.6222482919692993,,,,,,
357,2499,,,1.4197876453399658,,0.5825780034065247,0.5825780034065247,,,,
357,2500,,,1.3339056968688965,,0.496663898229599,0.496663898229599,,,,
357,2501,,,1.306459903717041,,0.4691948890686035,0.4691948890686035,,,,
357,2502,,,1.2972867488861084,,0.45998790860176086,0.45998790860176086,,,,
357,2503,,,1.3846540451049805,,0.5473423600196838,0.5473423600196838,,,,
357,2504,,,1.955207109451294,,1.1178756952285767,1.1178756952285767,,,,
357,2505,,,1.5676186084747314,,0.7302656173706055,0.7302656173706055,,,,
,357,,,,,,,,,0.9513042569160461,0.9513042569160461
357,2505,,,,,,,0.9513042569160461,0.9513042569160461,,
357,2505,0.6192144751548767,1.4564954042434692,,0.6192144751548767,,,,,,
358,2506,,,1.2841037511825562,,0.44672226905822754,0.44672226905822754,,,,
358,2507,,,1.5946314334869385,,0.7572197318077087,0.7572197318077087,,,,
358,2508,,,1.1722575426101685,,0.33479949831962585,0.33479949831962585,,,,
358,2509,,,1.8154468536376953,,0.9779910445213318,0.9779910445213318,,,,
358,2510,,,1.2747339010238647,,0.4372831881046295,0.4372831881046295,,,,
358,2511,,,1.418508529663086,,0.5810225009918213,0.5810225009918213,,,,
358,2512,,,1.858898401260376,,1.0213844776153564,1.0213844776153564,,,,
,358,,,,,,,,,0.9247522354125977,0.9247522354125977
358,2512,,,,,,,0.9247522354125977,0.9247522354125977,,
358,2512,0.6145972609519958,1.4520422220230103,,0.6145972609519958,,,,,,
359,2513,,,1.4802134037017822,,0.6426683068275452,0.6426683068275452,,,,
359,2514,,,1.910146713256836,,1.072567105293274,1.072567105293274,,,,
359,2515,,,1.3328207731246948,,0.49521997570991516,0.49521997570991516,,,,
359,2516,,,1.1926871538162231,,0.3550455868244171,0.3550455868244171,,,,
359,2517,,,1.3251620531082153,,0.48751693964004517,0.48751693964004517,,,,
359,2518,,,1.518873929977417,,0.6812065839767456,0.6812065839767456,,,,
359,2519,,,1.289166808128357,,0.45149126648902893,0.45149126648902893,,,,
,359,,,,,,,,,0.8967483639717102,0.8967483639717102
359,2519,,,,,,,0.8967483639717102,0.8967483639717102,,
359,2519,0.6123189926147461,1.4499359130859375,,0.6123189926147461,,,,,,
360,2520,,,1.516886830329895,,0.6791694164276123,0.6791694164276123,,,,
360,2521,,,1.298896074295044,,0.4611518085002899,0.4611518085002899,,,,
360,2522,,,1.1780319213867188,,0.34026139974594116,0.34026139974594116,,,,
360,2523,,,1.4029983282089233,,0.565201997756958,0.565201997756958,,,,
360,2524,,,1.3711941242218018,,0.5333642959594727,0.5333642959594727,,,,
360,2525,,,2.0249862670898438,,1.1871254444122314,1.1871254444122314,,,,
360,2526,,,1.1368088722229004,,0.2989484667778015,0.2989484667778015,,,,
,360,,,,,,,,,0.8840311765670776,0.8840311765670776
360,2526,,,,,,,0.8840311765670776,0.8840311765670776,,
360,2526,0.6083733439445496,1.4461641311645508,,0.6083733439445496,,,,,,
361,2527,,,1.2061164379119873,,0.36824503540992737,0.36824503540992737,,,,
361,2528,,,1.2155532836914062,,0.37769168615341187,0.37769168615341187,,,,
361,2529,,,1.6952362060546875,,0.857374370098114,0.857374370098114,,,,
361,2530,,,1.3508572578430176,,0.5129987597465515,0.5129987597465515,,,,
361,2531,,,1.6611610651016235,,0.8232668042182922,0.8232668042182922,,,,
361,2532,,,1.5013114213943481,,0.6634089350700378,0.6634089350700378,,,,
361,2533,,,1.5127356052398682,,0.6747720837593079,0.6747720837593079,,,,
,361,,,,,,,,,0.8823924660682678,0.8823924660682678
361,2533,,,,,,,0.8823924660682678,0.8823924660682678,,
361,2533,0.6048666834831238,1.442746877670288,,0.6048666834831238,,,,,,
362,2534,,,1.461733102798462,,0.6237442493438721,0.6237442493438721,,,,
362,2535,,,1.240230679512024,,0.4022594094276428,0.4022594094276428,,,,
362,2536,,,1.3289427757263184,,0.4909278452396393,0.4909278452396393,,,,
362,2537,,,1.3360495567321777,,0.49799779057502747,0.49799779057502747,,,,
362,2538,,,1.4253485202789307,,0.5872668027877808,0.5872668027877808,,,,
362,2539,,,1.8417620658874512,,1.0036674737930298,1.0036674737930298,,,,
362,2540,,,1.4627991914749146,,0.6247018575668335,0.6247018575668335,,,,
,362,,,,,,,,,0.8729332685470581,0.8729332685470581
362,2540,,,,,,,0.8729332685470581,0.8729332685470581,,
362,2540,0.6023728251457214,1.4404104948043823,,0.6023728251457214,,,,,,
363,2541,,,1.3885080814361572,,0.5503523349761963,0.5503523349761963,,,,
363,2542,,,1.7957760095596313,,0.9575822353363037,0.9575822353363037,,,,
363,2543,,,1.4117074012756348,,0.5735126733779907,0.5735126733779907,,,,
363,2544,,,1.2795774936676025,,0.4413900673389435,0.4413900673389435,,,,
363,2545,,,1.2401118278503418,,0.40192118287086487,0.40192118287086487,,,,
363,2546,,,1.373779296875,,0.5355725288391113,0.5355725288391113,,,,
363,2547,,,1.7944259643554688,,0.9561769962310791,0.9561769962310791,,,,
,363,,,,,,,,,0.8583856821060181,0.8583856821060181
363,2547,,,,,,,0.8583856821060181,0.8583856821060181,,
363,2547,0.5990427136421204,1.4372345209121704,,0.5990427136421204,,,,,,
364,2548,,,1.8104023933410645,,0.9720670580863953,0.9720670580863953,,,,
364,2549,,,1.1357035636901855,,0.29731231927871704,0.29731231927871704,,,,
364,2550,,,1.338310956954956,,0.4999050498008728,0.4999050498008728,,,,
364,2551,,,1.348149061203003,,0.5096825361251831,0.5096825361251831,,,,
364,2552,,,1.8034446239471436,,0.96497642993927,0.96497642993927,,,,
364,2553,,,1.3012850284576416,,0.46282055974006653,0.46282055974006653,,,,
364,2554,,,1.0897061824798584,,0.2512102723121643,0.2512102723121643,,,,
,364,,,,,,,,,0.8392787575721741,0.8392787575721741
364,2554,,,,,,,0.8392787575721741,0.8392787575721741,,
364,2554,0.5962302088737488,1.4346566200256348,,0.5962302088737488,,,,,,
365,2555,,,1.207829475402832,,0.36931541562080383,0.36931541562080383,,,,
365,2556,,,1.5256863832473755,,0.6871335506439209,0.6871335506439209,,,,
365,2557,,,1.8575317859649658,,1.0189446210861206,1.0189446210861206,,,,
365,2558,,,1.3372844457626343,,0.49869218468666077,0.49869218468666077,,,,
365,2559,,,1.4145312309265137,,0.5759250521659851,0.5759250521659851,,,,
365,2560,,,1.3386074304580688,,0.49997779726982117,0.49997779726982117,,,,
365,2561,,,1.2047410011291504,,0.3661065995693207,0.3661065995693207,,,,
,365,,,,,,,,,0.8142940998077393,0.8142940998077393
365,2561,,,,,,,0.814294159412384,0.814294159412384,,
365,2561,0.5940829515457153,1.4326664209365845,,0.5940829515457153,,,,,,
366,2562,,,1.2671505212783813,,0.4284859895706177,0.4284859895706177,,,,
366,2563,,,1.4542182683944702,,0.6155262589454651,0.6155262589454651,,,,
366,2564,,,1.6786420345306396,,0.8399085402488708,0.8399085402488708,,,,
366,2565,,,1.2989614009857178,,0.46021151542663574,0.46021151542663574,,,,
366,2566,,,1.671804428100586,,0.8330363631248474,0.8330363631248474,,,,
366,2567,,,1.2426620721817017,,0.4039018452167511,0.4039018452167511,,,,
366,2568,,,1.3157379627227783,,0.4769743084907532,0.4769743084907532,,,,
,366,,,,,,,,,0.8093397617340088,0.8093397617340088
366,2568,,,,,,,0.8093398213386536,0.8093398213386536,,
366,2568,0.5897939205169678,1.428524136543274,,0.5897939205169678,,,,,,
367,2569,,,1.3658274412155151,,0.5270098447799683,0.5270098447799683,,,,
367,2570,,,1.2532639503479004,,0.41440293192863464,0.41440293192863464,,,,
367,2571,,,1.7441182136535645,,0.9052147269248962,0.9052147269248962,,,,
367,2572,,,1.2825770378112793,,0.4436788856983185,0.4436788856983185,,,,
367,2573,,,1.3781076669692993,,0.5391837954521179,0.5391837954521179,,,,
367,2574,,,1.3131159543991089,,0.474172443151474,0.474172443151474,,,,
367,2575,,,2.0195529460906982,,1.1806150674819946,1.1806150674819946,,,,
,367,,,,,,,,,0.8072599768638611,0.8072599768638611
367,2575,,,,,,,0.8072599768638611,0.8072599768638611,,
367,2575,0.5876695513725281,1.4265636205673218,,0.5876695513725281,,,,,,
368,2576,,,1.2998313903808594,,0.46087872982025146,0.46087872982025146,,,,
368,2577,,,1.5586373805999756,,0.7196800112724304,0.7196800112724304,,,,
368,2578,,,1.4983652830123901,,0.6593912839889526,0.6593912839889526,,,,
368,2579,,,1.3854403495788574,,0.5464505553245544,0.5464505553245544,,,,
368,2580,,,1.1505818367004395,,0.31157398223876953,0.31157398223876953,,,,
368,2581,,,1.282643437385559,,0.44361671805381775,0.44361671805381775,,,,
368,2582,,,2.4086475372314453,,1.569590449333191,1.569590449333191,,,,
,368,,,,,,,,,0.8081298470497131,0.8081298470497131
368,2582,,,,,,,0.8081298470497131,0.8081298470497131,,
368,2582,0.5851274132728577,1.4241164922714233,,0.5851274132728577,,,,,,
369,2583,,,1.358677625656128,,0.5196447372436523,0.5196447372436523,,,,
369,2584,,,1.4114699363708496,,0.5724416375160217,0.5724416375160217,,,,
369,2585,,,1.8500956296920776,,1.011040449142456,1.011040449142456,,,,
369,2586,,,1.2103008031845093,,0.37123677134513855,0.37123677134513855,,,,
369,2587,,,1.6739780902862549,,0.8349101543426514,0.8349101543426514,,,,
369,2588,,,1.1057404279708862,,0.26663997769355774,0.26663997769355774,,,,
369,2589,,,1.189577341079712,,0.35047054290771484,0.35047054290771484,,,,
,369,,,,,,,,,0.8005719780921936,0.8005719780921936
369,2589,,,,,,,0.8005719780921936,0.8005719780921936,,
369,2589,0.5815435647964478,1.4206045866012573,,0.5815435647964478,,,,,,
370,2590,,,1.4108984470367432,,0.5717889070510864,0.5717889070510864,,,,
370,2591,,,1.2994410991668701,,0.4603106677532196,0.4603106677532196,,,,
370,2592,,,1.8180525302886963,,0.9788880944252014,0.9788880944252014,,,,
370,2593,,,1.345523715019226,,0.5063593983650208,0.5063593983650208,,,,
370,2594,,,1.5366003513336182,,0.6974208950996399,0.6974208950996399,,,,
370,2595,,,1.245262622833252,,0.406065970659256,0.406065970659256,,,,
370,2596,,,1.0049431324005127,,0.16573727130889893,0.16573727130889893,,,,
,370,,,,,,,,,0.812262773513794,0.812262773513794
370,2596,,,,,,,0.8122628331184387,0.8122628331184387,,
370,2596,0.5777232050895691,1.4168835878372192,,0.5777232050895691,,,,,,
371,2597,,,1.436331033706665,,0.5971611142158508,0.5971611142158508,,,,
371,2598,,,1.2531969547271729,,0.4139755368232727,0.4139755368232727,,,,
371,2599,,,1.1896867752075195,,0.3504745066165924,0.3504745066165924,,,,
371,2600,,,1.994122862815857,,1.1549029350280762,1.1549029350280762,,,,
371,2601,,,1.5230565071105957,,0.6838396787643433,0.6838396787643433,,,,
371,2602,,,1.1804335117340088,,0.34118714928627014,0.34118714928627014,,,,
371,2603,,,1.1632208824157715,,0.32398056983947754,0.32398056983947754,,,,
,371,,,,,,,,,0.8366363644599915,0.8366363644599915
371,2603,,,,,,,0.8366363644599915,0.8366363644599915,,
371,2603,0.5745934844017029,1.4138095378875732,,0.5745934844017029,,,,,,
372,2604,,,1.4161291122436523,,0.5769057273864746,0.5769057273864746,,,,
372,2605,,,1.1816511154174805,,0.34241703152656555,0.34241703152656555,,,,
372,2606,,,1.8354260921478271,,0.9961970448493958,0.9961970448493958,,,,
372,2607,,,1.294919490814209,,0.45568281412124634,0.45568281412124634,,,,
372,2608,,,1.514732837677002,,0.6754747629165649,0.6754747629165649,,,,
372,2609,,,1.2745144367218018,,0.4352431893348694,0.4352431893348694,,,,
372,2610,,,1.2536076307296753,,0.414328932762146,0.414328932762146,,,,
,372,,,,,,,,,0.851580798625946,0.851580798625946
372,2610,,,,,,,0.851580798625946,0.851580798625946,,
372,2610,0.5705558657646179,1.4098001718521118,,0.5705558657646179,,,,,,
373,2611,,,1.8700153827667236,,1.0307421684265137,1.0307421684265137,,,,
373,2612,,,1.2255923748016357,,0.3863348662853241,0.3863348662853241,,,,
373,2613,,,1.4598219394683838,,0.6205335259437561,0.6205335259437561,,,,
373,2614,,,1.305825114250183,,0.46655699610710144,0.46655699610710144,,,,
373,2615,,,1.303470253944397,,0.464215487241745,0.464215487241745,,,,
373,2616,,,1.245981216430664,,0.4066965878009796,0.4066965878009796,,,,
373,2617,,,1.4565964937210083,,0.6172736883163452,0.6172736883163452,,,,
,373,,,,,,,,,0.8696054220199585,0.8696054220199585
373,2617,,,,,,,0.8696054220199585,0.8696054220199585,,
373,2617,0.5657345056533813,1.4050085544586182,,0.5657345056533813,,,,,,
374,2618,,,1.4824742078781128,,0.6431450247764587,0.6431450247764587,,,,
374,2619,,,1.6436822414398193,,0.804312527179718,0.804312527179718,,,,
374,2620,,,1.1538411378860474,,0.31449398398399353,0.31449398398399353,,,,
374,2621,,,1.6077709197998047,,0.7684207558631897,0.7684207558631897,,,,
374,2622,,,1.3484785556793213,,0.5091086030006409,0.5091086030006409,,,,
374,2623,,,1.1952067613601685,,0.3558114767074585,0.3558114767074585,,,,
374,2624,,,1.2836602926254272,,0.44427159428596497,0.44427159428596497,,,,
,374,,,,,,,,,0.8580899238586426,0.8580899238586426
374,2624,,,,,,,0.8580899238586426,0.8580899238586426,,
374,2624,0.5587285161018372,1.3980904817581177,,0.5587285161018372,,,,,,
375,2625,,,1.8218740224838257,,0.9824259281158447,0.9824259281158447,,,,
375,2626,,,1.2832655906677246,,0.44382113218307495,0.44382113218307495,,,,
375,2627,,,1.3458552360534668,,0.5063683986663818,0.5063683986663818,,,,
375,2628,,,1.203139066696167,,0.36363106966018677,0.36363106966018677,,,,
375,2629,,,1.364668607711792,,0.5251498222351074,0.5251498222351074,,,,
375,2630,,,1.4138357639312744,,0.5742856860160828,0.5742856860160828,,,,
375,2631,,,1.1833162307739258,,0.34376364946365356,0.34376364946365356,,,,
,375,,,,,,,,,0.8546144366264343,0.8546144366264343
375,2631,,,,,,,0.8546144366264343,0.8546144366264343,,
375,2631,0.5528773665428162,1.3923736810684204,,0.5528773665428162,,,,,,
376,2632,,,1.9102246761322021,,1.070661187171936,1.070661187171936,,,,
376,2633,,,1.2680493593215942,,0.42847850918769836,0.42847850918769836,,,,
376,2634,,,1.538294792175293,,0.6987282037734985,0.6987282037734985,,,,
376,2635,,,1.2092688083648682,,0.3696775436401367,0.3696775436401367,,,,
376,2636,,,1.256656289100647,,0.4170609712600708,0.4170609712600708,,,,
376,2637,,,1.2598485946655273,,0.420220285654068,0.420220285654068,,,,
376,2638,,,1.0739079713821411,,0.23425747454166412,0.23425747454166412,,,,
,376,,,,,,,,,0.849575400352478,0.849575400352478
376,2638,,,,,,,0.849575400352478,0.849575400352478,,
376,2638,0.5478702783584595,1.3874601125717163,,0.5478702783584595,,,,,,
377,2639,,,1.1743019819259644,,0.33465251326560974,0.33465251326560974,,,,
377,2640,,,1.4117834568023682,,0.5721320509910583,0.5721320509910583,,,,
377,2641,,,1.2433817386627197,,0.403721421957016,0.403721421957016,,,,
377,2642,,,1.2861008644104004,,0.44644594192504883,0.44644594192504883,,,,
377,2643,,,1.4255573749542236,,0.5859001278877258,0.5859001278877258,,,,
377,2644,,,1.783488392829895,,0.9437770247459412,0.9437770247459412,,,,
377,2645,,,1.3333816528320312,,0.4936586916446686,0.4936586916446686,,,,
,377,,,,,,,,,0.8509305715560913,0.8509305715560913
377,2645,,,,,,,0.8509305715560913,0.8509305715560913,,
377,2645,0.5445884466171265,1.3842560052871704,,0.5445884466171265,,,,,,
378,2646,,,1.7402329444885254,,0.9005054831504822,0.9005054831504822,,,,
378,2647,,,1.3630229234695435,,0.5232793092727661,0.5232793092727661,,,,
378,2648,,,1.3904026746749878,,0.5506289601325989,0.5506289601325989,,,,
378,2649,,,1.3202359676361084,,0.4804455041885376,0.4804455041885376,,,,
378,2650,,,1.247451901435852,,0.407635360956192,0.407635360956192,,,,
378,2651,,,1.314545750617981,,0.47470980882644653,0.47470980882644653,,,,
378,2652,,,1.1440738439559937,,0.3042515516281128,0.3042515516281128,,,,
,378,,,,,,,,,0.8396335244178772,0.8396335244178772
378,2652,,,,,,,0.8396335244178772,0.8396335244178772,,
378,2652,0.5413801670074463,1.3811638355255127,,0.5413801670074463,,,,,,
379,2653,,,1.3169832229614258,,0.4771691560745239,0.4771691560745239,,,,
379,2654,,,1.2228261232376099,,0.3829912841320038,0.3829912841320038,,,,
379,2655,,,1.6986385583877563,,0.858803927898407,0.858803927898407,,,,
379,2656,,,1.5611966848373413,,0.7213706374168396,0.7213706374168396,,,,
379,2657,,,1.1309157609939575,,0.2910762429237366,0.2910762429237366,,,,
379,2658,,,1.433125615119934,,0.5932817459106445,0.5932817459106445,,,,
379,2659,,,1.1271283626556396,,0.28725752234458923,0.28725752234458923,,,,
,379,,,,,,,,,0.8308000564575195,0.8308000564575195
379,2659,,,,,,,0.8308000564575195,0.8308000564575195,,
379,2659,0.5384179949760437,1.378252387046814,,0.5384179949760437,,,,,,
380,2660,,,1.2989039421081543,,0.4590279161930084,0.4590279161930084,,,,
380,2661,,,1.4691828489303589,,0.629303514957428,0.629303514957428,,,,
380,2662,,,1.7652348279953003,,0.9253348112106323,0.9253348112106323,,,,
380,2663,,,1.2483415603637695,,0.40843456983566284,0.40843456983566284,,,,
380,2664,,,1.2991281747817993,,0.4592072069644928,0.4592072069644928,,,,
380,2665,,,1.3040615320205688,,0.4641117751598358,0.4641117751598358,,,,
380,2666,,,1.0311359167099,,0.19118140637874603,0.19118140637874603,,,,
,380,,,,,,,,,0.8197602033615112,0.8197602033615112
380,2666,,,,,,,0.8197602033615112,0.8197602033615112,,
380,2666,0.5360177159309387,1.37592613697052,,0.5360177159309387,,,,,,
381,2667,,,1.3501691818237305,,0.5102411508560181,0.5102411508560181,,,,
381,2668,,,1.1998145580291748,,0.35987457633018494,0.35987457633018494,,,,
381,2669,,,1.2947016954421997,,0.45476531982421875,0.45476531982421875,,,,
381,2670,,,1.289038896560669,,0.44906333088874817,0.44906333088874817,,,,
381,2671,,,1.4806331396102905,,0.6406456828117371,0.6406456828117371,,,,
381,2672,,,1.213789463043213,,0.37379780411720276,0.37379780411720276,,,,
381,2673,,,2.4712119102478027,,1.6312129497528076,1.6312129497528076,,,,
,381,,,,,,,,,0.7983662486076355,0.7983662486076355
381,2673,,,,,,,0.7983662486076355,0.7983662486076355,,
381,2673,0.5333479046821594,1.3733099699020386,,0.5333479046821594,,,,,,
382,2674,,,1.8121788501739502,,0.9722173810005188,0.9722173810005188,,,,
382,2675,,,1.366327166557312,,0.526382565498352,0.526382565498352,,,,
382,2676,,,1.1418910026550293,,0.3019491136074066,0.3019491136074066,,,,
382,2677,,,1.2315621376037598,,0.39163631200790405,0.39163631200790405,,,,
382,2678,,,1.254605770111084,,0.41464027762413025,0.41464027762413025,,,,
382,2679,,,1.4318971633911133,,0.5919084548950195,0.5919084548950195,,,,
382,2680,,,1.3415387868881226,,0.5015458464622498,0.5015458464622498,,,,
,382,,,,,,,,,0.7960735559463501,0.7960735559463501
382,2680,,,,,,,0.7960735559463501,0.7960735559463501,,
382,2680,0.5312649011611938,1.3712217807769775,,0.5312649011611938,,,,,,
383,2681,,,2.032931327819824,,1.1929521560668945,1.1929521560668945,,,,
383,2682,,,1.3042893409729004,,0.4643270671367645,0.4643270671367645,,,,
383,2683,,,1.2125308513641357,,0.3725738823413849,0.3725738823413849,,,,
383,2684,,,1.3243952989578247,,0.48444607853889465,0.48444607853889465,,,,
383,2685,,,1.1488300561904907,,0.3088575303554535,0.3088575303554535,,,,
383,2686,,,1.1824079751968384,,0.34242475032806396,0.34242475032806396,,,,
383,2687,,,1.3852678537368774,,0.5452860593795776,0.5452860593795776,,,,
,383,,,,,,,,,0.7766206860542297,0.7766206860542297
383,2687,,,,,,,0.7766206860542297,0.7766206860542297,,
383,2687,0.5286374092102051,1.368605375289917,,0.5286374092102051,,,,,,
384,2688,,,1.4651260375976562,,0.6250758767127991,0.6250758767127991,,,,
384,2689,,,1.1563100814819336,,0.31624364852905273,0.31624364852905273,,,,
384,2690,,,1.7448718547821045,,0.9047919511795044,0.9047919511795044,,,,
384,2691,,,1.2558460235595703,,0.41577333211898804,0.41577333211898804,,,,
384,2692,,,1.3880399465560913,,0.5479499101638794,0.5479499101638794,,,,
384,2693,,,1.1900478601455688,,0.34993940591812134,0.34993940591812134,,,,
384,2694,,,1.3576860427856445,,0.5175780653953552,0.5175780653953552,,,,
,384,,,,,,,,,0.7640622854232788,0.7640622854232788
384,2694,,,,,,,0.7640622854232788,0.7640622854232788,,
384,2694,0.5260966420173645,1.3661763668060303,,0.5260966420173645,,,,,,
385,2695,,,1.3106226921081543,,0.47047287225723267,0.47047287225723267,,,,
385,2696,,,1.3634051084518433,,0.5232090353965759,0.5232090353965759,,,,
385,2697,,,1.189063310623169,,0.34886613488197327,0.34886613488197327,,,,
385,2698,,,1.394704818725586,,0.5544862747192383,0.5544862747192383,,,,
385,2699,,,1.1168156862258911,,0.27658000588417053,0.27658000588417053,,,,
385,2700,,,1.7577755451202393,,0.9175399541854858,0.9175399541854858,,,,
385,2701,,,1.4859967231750488,,0.6457760334014893,0.6457760334014893,,,,
,385,,,,,,,,,0.7652814388275146,0.7652814388275146
385,2701,,,,,,,0.7652813792228699,0.7652813792228699,,
385,2701,0.5228737592697144,1.3630801439285278,,0.5228737592697144,,,,,,
386,2702,,,1.2227131128311157,,0.3824572265148163,0.3824572265148163,,,,
386,2703,,,1.5764694213867188,,0.736207127571106,0.736207127571106,,,,
386,2704,,,1.3304333686828613,,0.49021390080451965,0.49021390080451965,,,,
386,2705,,,1.4224958419799805,,0.5822715759277344,0.5822715759277344,,,,
386,2706,,,1.2306017875671387,,0.3903874158859253,0.3903874158859253,,,,
386,2707,,,1.315969705581665,,0.4757305085659027,0.4757305085659027,,,,
386,2708,,,1.532179832458496,,0.6919060349464417,0.6919060349464417,,,,
,386,,,,,,,,,0.777783989906311,0.777783989906311
386,2708,,,,,,,0.777783989906311,0.777783989906311,,
386,2708,0.5202717781066895,1.360509991645813,,0.5202717781066895,,,,,,
387,2709,,,1.8677717447280884,,1.0274418592453003,1.0274418592453003,,,,
387,2710,,,1.326015830039978,,0.4857056140899658,0.4857056140899658,,,,
387,2711,,,1.35804283618927,,0.5177099108695984,0.5177099108695984,,,,
387,2712,,,1.2673982381820679,,0.4270687997341156,0.4270687997341156,,,,
387,2713,,,1.154545783996582,,0.3141893148422241,0.3141893148422241,,,,
387,2714,,,1.1567480564117432,,0.31638193130493164,0.31638193130493164,,,,
387,2715,,,1.4132356643676758,,0.5728509426116943,0.5728509426116943,,,,
,387,,,,,,,,,0.776023268699646,0.776023268699646
387,2715,,,,,,,0.776023268699646,0.776023268699646,,
387,2715,0.51816725730896,1.3585076332092285,,0.51816725730896,,,,,,
388,2716,,,1.3176311254501343,,0.47720909118652344,0.47720909118652344,,,,
388,2717,,,1.1795642375946045,,0.33910226821899414,0.33910226821899414,,,,
388,2718,,,1.091109275817871,,0.2506556510925293,0.2506556510925293,,,,
388,2719,,,1.244986891746521,,0.40453600883483887,0.40453600883483887,,,,
388,2720,,,1.9590693712234497,,1.1186037063598633,1.1186037063598633,,,,
388,2721,,,1.4661130905151367,,0.6256459355354309,0.6256459355354309,,,,
388,2722,,,1.0320632457733154,,0.19156046211719513,0.19156046211719513,,,,
,388,,,,,,,,,0.7726301550865173,0.7726301550865173
388,2722,,,,,,,0.7726301550865173,0.7726301550865173,,
388,2722,0.5157000422477722,1.356156587600708,,0.5157000422477722,,,,,,
389,2723,,,1.2602787017822266,,0.4197951555252075,0.4197951555252075,,,,
389,2724,,,1.3122984170913696,,0.47181692719459534,0.47181692719459534,,,,
389,2725,,,1.2498927116394043,,0.40938475728034973,0.40938475728034973,,,,
389,2726,,,1.4395036697387695,,0.5989773273468018,0.5989773273468018,,,,
389,2727,,,1.2938207387924194,,0.45330870151519775,0.45330870151519775,,,,
389,2728,,,1.582653522491455,,0.7421157360076904,0.7421157360076904,,,,
389,2729,,,1.305229902267456,,0.4647201895713806,0.4647201895713806,,,,
,389,,,,,,,,,0.746726930141449,0.746726930141449
389,2729,,,,,,,0.746726930141449,0.746726930141449,,
389,2729,0.5128892064094543,1.3533974885940552,,0.5128892064094543,,,,,,
390,2730,,,1.2385607957839966,,0.3980000615119934,0.3980000615119934,,,,
390,2731,,,1.4458874464035034,,0.6053164601325989,0.6053164601325989,,,,
390,2732,,,1.5664256811141968,,0.7258556485176086,0.7258556485176086,,,,
390,2733,,,1.197108507156372,,0.3565593659877777,0.3565593659877777,,,,
390,2734,,,1.3725532293319702,,0.5320123434066772,0.5320123434066772,,,,
390,2735,,,1.3267513513565063,,0.48619207739830017,0.48619207739830017,,,,
390,2736,,,1.2359760999679565,,0.3953872621059418,0.3953872621059418,,,,
,390,,,,,,,,,0.7181192636489868,0.7181192636489868
390,2736,,,,,,,0.7181192636489868,0.7181192636489868,,
390,2736,0.5101499557495117,1.350710391998291,,0.5101499557495117,,,,,,
391,2737,,,1.7071309089660645,,0.8665173053741455,0.8665173053741455,,,,
391,2738,,,1.3647263050079346,,0.5241337418556213,0.5241337418556213,,,,
391,2739,,,1.3045036792755127,,0.46391740441322327,0.46391740441322327,,,,
391,2740,,,1.300969123840332,,0.4603709578514099,0.4603709578514099,,,,
391,2741,,,1.0903154611587524,,0.24969349801540375,0.24969349801540375,,,,
391,2742,,,1.310320258140564,,0.46970322728157043,0.46970322728157043,,,,
391,2743,,,1.388061761856079,,0.5474334955215454,0.5474334955215454,,,,
,391,,,,,,,,,0.6975182294845581,0.6975182294845581
391,2743,,,,,,,0.6975182294845581,0.6975182294845581,,
391,2743,0.5081762075424194,1.3487825393676758,,0.5081762075424194,,,,,,
392,2744,,,1.5111804008483887,,0.6705009937286377,0.6705009937286377,,,,
392,2745,,,1.1083489656448364,,0.26764824986457825,0.26764824986457825,,,,
392,2746,,,1.8271503448486328,,0.9864482283592224,0.9864482283592224,,,,
392,2747,,,1.1754605770111084,,0.334764689207077,0.334764689207077,,,,
392,2748,,,1.1733735799789429,,0.33267703652381897,0.33267703652381897,,,,
392,2749,,,1.2427866458892822,,0.402072548866272,0.402072548866272,,,,
392,2750,,,1.4568886756896973,,0.6161644458770752,0.6161644458770752,,,,
,392,,,,,,,,,0.7046749591827393,0.7046749591827393
392,2750,,,,,,,0.704675018787384,0.704675018787384,,
392,2750,0.5059096217155457,1.3466092348098755,,0.5059096217155457,,,,,,
393,2751,,,1.786017894744873,,0.945277214050293,0.945277214050293,,,,
393,2752,,,1.1621081829071045,,0.3213842213153839,0.3213842213153839,,,,
393,2753,,,1.6032886505126953,,0.7625645995140076,0.7625645995140076,,,,
393,2754,,,1.1846119165420532,,0.34385955333709717,0.34385955333709717,,,,
393,2755,,,1.2378911972045898,,0.39713940024375916,0.39713940024375916,,,,
393,2756,,,1.1740822792053223,,0.3333161473274231,0.3333161473274231,,,,
393,2757,,,1.1263102293014526,,0.2855377793312073,0.2855377793312073,,,,
,393,,,,,,,,,0.7245907187461853,0.7245907187461853
393,2757,,,,,,,0.7245907187461853,0.7245907187461853,,
393,2757,0.50362628698349,1.3443710803985596,,0.50362628698349,,,,,,
394,2758,,,1.2630023956298828,,0.4222281277179718,0.4222281277179718,,,,
394,2759,,,1.0912047624588013,,0.2504497170448303,0.2504497170448303,,,,
394,2760,,,1.1587090492248535,,0.31795644760131836,0.31795644760131836,,,,
394,2761,,,1.8249332904815674,,0.9842051863670349,0.9842051863670349,,,,
394,2762,,,1.1973567008972168,,0.35663461685180664,0.35663461685180664,,,,
394,2763,,,1.5035135746002197,,0.6627635955810547,0.6627635955810547,,,,
394,2764,,,1.4016720056533813,,0.5609026551246643,0.5609026551246643,,,,
,394,,,,,,,,,0.7450307011604309,0.7450307011604309
394,2764,,,,,,,0.7450307011604309,0.7450307011604309,,
394,2764,0.502678632736206,1.343427062034607,,0.502678632736206,,,,,,
395,2765,,,1.1924787759780884,,0.3516726791858673,0.3516726791858673,,,,
395,2766,,,1.864133358001709,,1.023309350013733,1.023309350013733,,,,
395,2767,,,1.2269216775894165,,0.3861047327518463,0.3861047327518463,,,,
395,2768,,,1.502220630645752,,0.6613773703575134,0.6613773703575134,,,,
395,2769,,,1.1081490516662598,,0.2673070728778839,0.2673070728778839,,,,
395,2770,,,1.189253568649292,,0.3484419286251068,0.3484419286251068,,,,
395,2771,,,1.2297779321670532,,0.38895705342292786,0.38895705342292786,,,,
,395,,,,,,,,,0.7129506468772888,0.7129506468772888
395,2771,,,,,,,0.7129506468772888,0.7129506468772888,,
395,2771,0.4994622766971588,1.3402858972549438,,0.4994622766971588,,,,,,
396,2772,,,1.2141588926315308,,0.37327221035957336,0.37327221035957336,,,,
396,2773,,,1.0885454416275024,,0.24764198064804077,0.24764198064804077,,,,
396,2774,,,1.156023383140564,,0.31511688232421875,0.31511688232421875,,,,
396,2775,,,1.8149772882461548,,0.9740539789199829,0.9740539789199829,,,,
396,2776,,,1.286574363708496,,0.4456641972064972,0.4456641972064972,,,,
396,2777,,,1.4949157238006592,,0.6539901494979858,0.6539901494979858,,,,
396,2778,,,1.2573479413986206,,0.4164171516895294,0.4164171516895294,,,,
,396,,,,,,,,,0.6870077848434448,0.6870077848434448
396,2778,,,,,,,0.6870077848434448,0.6870077848434448,,
396,2778,0.4966111183166504,1.3375215530395508,,0.4966111183166504,,,,,,
397,2779,,,1.5127310752868652,,0.6717892289161682,0.6717892289161682,,,,
397,2780,,,1.2365076541900635,,0.395577073097229,0.395577073097229,,,,
397,2781,,,1.1526888608932495,,0.3117303252220154,0.3117303252220154,,,,
397,2782,,,1.2396312952041626,,0.3986659348011017,0.3986659348011017,,,,
397,2783,,,1.150450348854065,,0.3094705641269684,0.3094705641269684,,,,
397,2784,,,1.8175456523895264,,0.9765653610229492,0.9765653610229492,,,,
397,2785,,,1.070053219795227,,0.229071244597435,0.229071244597435,,,,
,397,,,,,,,,,0.6779955625534058,0.6779955625534058
397,2785,,,,,,,0.6779955625534058,0.6779955625534058,,
397,2785,0.4940706491470337,1.335031270980835,,0.4940706491470337,,,,,,
398,2786,,,1.4137333631515503,,0.5727803707122803,0.5727803707122803,,,,
398,2787,,,1.2673555612564087,,0.4264099895954132,0.4264099895954132,,,,
398,2788,,,1.1472387313842773,,0.306286484003067,0.306286484003067,,,,
398,2789,,,1.400714635848999,,0.5597621202468872,0.5597621202468872,,,,
398,2790,,,1.142935037612915,,0.3019470274448395,0.3019470274448395,,,,
398,2791,,,1.1623528003692627,,0.321381151676178,0.321381151676178,,,,
398,2792,,,2.569122791290283,,1.7281464338302612,1.7281464338302612,,,,
,398,,,,,,,,,0.6736255884170532,0.6736255884170532
398,2792,,,,,,,0.6736255884170532,0.6736255884170532,,
398,2792,0.4920191168785095,1.3329803943634033,,0.4920191168785095,,,,,,
399,2793,,,1.722080945968628,,0.881162703037262,0.881162703037262,,,,
399,2794,,,1.2612239122390747,,0.42032483220100403,0.42032483220100403,,,,
399,2795,,,1.5094980001449585,,0.6685819029808044,0.6685819029808044,,,,
399,2796,,,1.0955026149749756,,0.2546064853668213,0.2546064853668213,,,,
399,2797,,,1.238458275794983,,0.39757663011550903,0.39757663011550903,,,,
399,2798,,,1.192513108253479,,0.35161256790161133,0.35161256790161133,,,,
399,2799,,,1.2456908226013184,,0.40480875968933105,0.40480875968933105,,,,
,399,,,,,,,,,0.6620611548423767,0.6620611548423767
399,2799,,,,,,,0.6620611548423767,0.6620611548423767,,
399,2799,0.49030089378356934,1.3312017917633057,,0.49030089378356934,,,,,,
400,2800,,,1.1831971406936646,,0.3423096239566803,0.3423096239566803,,,,
400,2801,,,1.7733898162841797,,0.932496964931488,0.932496964931488,,,,
400,2802,,,1.2178524732589722,,0.3769950568675995,0.3769950568675995,,,,
400,2803,,,1.2232270240783691,,0.38236647844314575,0.38236647844314575,,,,
400,2804,,,1.1546752452850342,,0.31379029154777527,0.31379029154777527,,,,
400,2805,,,1.4394760131835938,,0.5985965728759766,0.5985965728759766,,,,
400,2806,,,1.2907891273498535,,0.4499242901802063,0.4499242901802063,,,,
,400,,,,,,,,,0.6607712507247925,0.6607712507247925
400,2806,,,,,,,0.6607712507247925,0.6607712507247925,,
400,2806,0.48867088556289673,1.3295471668243408,,0.48867088556289673,,,,,,
401,2807,,,1.1481807231903076,,0.30730435252189636,0.30730435252189636,,,,
401,2808,,,1.126428484916687,,0.2855496108531952,0.2855496108531952,,,,
401,2809,,,1.2553009986877441,,0.41443127393722534,0.41443127393722534,,,,
401,2810,,,1.5336756706237793,,0.6928089261054993,0.6928089261054993,,,,
401,2811,,,1.7638227939605713,,0.9229428172111511,0.9229428172111511,,,,
401,2812,,,1.1193572282791138,,0.2784713804721832,0.2784713804721832,,,,
401,2813,,,1.368415355682373,,0.5275385975837708,0.5275385975837708,,,,
,401,,,,,,,,,0.6766366362571716,0.6766366362571716
401,2813,,,,,,,0.6766366362571716,0.6766366362571716,,
401,2813,0.48617029190063477,1.327046513557434,,0.48617029190063477,,,,,,
402,2814,,,1.2612566947937012,,0.4204002916812897,0.4204002916812897,,,,
402,2815,,,1.918670654296875,,1.077796220779419,1.077796220779419,,,,
402,2816,,,1.1693081855773926,,0.32846105098724365,0.32846105098724365,,,,
402,2817,,,1.2722241878509521,,0.4313908815383911,0.4313908815383911,,,,
402,2818,,,1.1829015016555786,,0.34205999970436096,0.34205999970436096,,,,
402,2819,,,1.1956467628479004,,0.354810893535614,0.354810893535614,,,,
402,2820,,,1.1854435205459595,,0.3446064293384552,0.3446064293384552,,,,
,402,,,,,,,,,0.686174750328064,0.686174750328064
402,2820,,,,,,,0.686174750328064,0.686174750328064,,
402,2820,0.48378777503967285,1.3246350288391113,,0.48378777503967285,,,,,,
403,2821,,,1.2672841548919678,,0.42645522952079773,0.42645522952079773,,,,
403,2822,,,1.920951008796692,,1.0801000595092773,1.0801000595092773,,,,
403,2823,,,1.1709949970245361,,0.330177366733551,0.330177366733551,,,,
403,2824,,,1.3144534826278687,,0.473663330078125,0.473663330078125,,,,
403,2825,,,1.0639665126800537,,0.22315484285354614,0.22315484285354614,,,,
403,2826,,,1.2682510614395142,,0.4274519979953766,0.4274519979953766,,,,
403,2827,,,1.1366634368896484,,0.2958587408065796,0.2958587408065796,,,,
,403,,,,,,,,,0.6894031763076782,0.6894031763076782
403,2827,,,,,,,0.6894031763076782,0.6894031763076782,,
403,2827,0.4818744957447052,1.3226901292800903,,0.4818744957447052,,,,,,
404,2828,,,1.3842849731445312,,0.5434820652008057,0.5434820652008057,,,,
404,2829,,,1.2112284898757935,,0.3704373240470886,0.3704373240470886,,,,
404,2830,,,1.2035126686096191,,0.362740159034729,0.362740159034729,,,,
404,2831,,,1.7358577251434326,,0.8950775265693665,0.8950775265693665,,,,
404,2832,,,1.2553672790527344,,0.4145899713039398,0.4145899713039398,,,,
404,2833,,,1.1621389389038086,,0.3213467597961426,0.3213467597961426,,,,
404,2834,,,1.260925054550171,,0.4201376736164093,0.4201376736164093,,,,
,404,,,,,,,,,0.6947008371353149,0.6947008371353149
404,2834,,,,,,,0.6947008371353149,0.6947008371353149,,
404,2834,0.48081961274147034,1.3216058015823364,,0.48081961274147034,,,,,,
405,2835,,,1.252998948097229,,0.41222697496414185,0.41222697496414185,,,,
405,2836,,,1.1787467002868652,,0.33797764778137207,0.33797764778137207,,,,
405,2837,,,1.4057486057281494,,0.5649818778038025,0.5649818778038025,,,,
405,2838,,,1.2631933689117432,,0.42244282364845276,0.42244282364845276,,,,
405,2839,,,1.7729015350341797,,0.9321346879005432,0.9321346879005432,,,,
405,2840,,,1.0939900875091553,,0.2532382905483246,0.2532382905483246,,,,
405,2841,,,1.1664024591445923,,0.32565838098526,0.32565838098526,,,,
,405,,,,,,,,,0.6874423623085022,0.6874423623085022
405,2841,,,,,,,0.6874423623085022,0.6874423623085022,,
405,2841,0.4776665270328522,1.3184281587600708,,0.4776665270328522,,,,,,
406,2842,,,1.3713481426239014,,0.5305953025817871,0.5305953025817871,,,,
406,2843,,,1.1984764337539673,,0.35770705342292786,0.35770705342292786,,,,
406,2844,,,1.0854542255401611,,0.24468891322612762,0.24468891322612762,,,,
406,2845,,,1.374266266822815,,0.5335062742233276,0.5335062742233276,,,,
406,2846,,,1.7179298400878906,,0.8771882653236389,0.8771882653236389,,,,
406,2847,,,1.1863758563995361,,0.34565189480781555,0.34565189480781555,,,,
406,2848,,,1.2296688556671143,,0.38895756006240845,0.38895756006240845,,,,
,406,,,,,,,,,0.6642018556594849,0.6642018556594849
406,2848,,,,,,,0.6642018556594849,0.6642018556594849,,
406,2848,0.47610926628112793,1.3168591260910034,,0.47610926628112793,,,,,,
407,2849,,,1.1348073482513428,,0.2940365672111511,0.2940365672111511,,,,
407,2850,,,1.6570100784301758,,0.8162456154823303,0.8162456154823303,,,,
407,2851,,,1.252941370010376,,0.41219109296798706,0.41219109296798706,,,,
407,2852,,,1.4677430391311646,,0.6269659399986267,0.6269659399986267,,,,
407,2853,,,1.2670769691467285,,0.42630019783973694,0.42630019783973694,,,,
407,2854,,,1.1172146797180176,,0.27643081545829773,0.27643081545829773,,,,
407,2855,,,1.300571084022522,,0.4598010182380676,0.4598010182380676,,,,
,407,,,,,,,,,0.6445603370666504,0.6445603370666504
407,2855,,,,,,,0.6445603370666504,0.6445603370666504,,
407,2855,0.4744463860988617,1.3152167797088623,,0.4744463860988617,,,,,,
408,2856,,,1.1386373043060303,,0.29786044359207153,0.29786044359207153,,,,
408,2857,,,1.0788482427597046,,0.2380761206150055,0.2380761206150055,,,,
408,2858,,,1.2894692420959473,,0.44869837164878845,0.44869837164878845,,,,
408,2859,,,1.806888222694397,,0.9660959839820862,0.9660959839820862,,,,
408,2860,,,1.143982172012329,,0.3031633496284485,0.3031633496284485,,,,
408,2861,,,1.2973130941390991,,0.45651349425315857,0.45651349425315857,,,,
408,2862,,,1.6457149982452393,,0.8049201965332031,0.8049201965332031,,,,
,408,,,,,,,,,0.6331025958061218,0.6331025958061218
408,2862,,,,,,,0.6331025958061218,0.6331025958061218,,
408,2862,0.4725102484226227,1.3132989406585693,,0.4725102484226227,,,,,,
409,2863,,,1.584849238395691,,0.7441086769104004,0.7441086769104004,,,,
409,2864,,,1.5194752216339111,,0.6787773966789246,0.6787773966789246,,,,
409,2865,,,1.2954723834991455,,0.45478713512420654,0.45478713512420654,,,,
409,2866,,,1.1593961715698242,,0.3187117874622345,0.3187117874622345,,,,
409,2867,,,1.2525886297225952,,0.4119132459163666,0.4119132459163666,,,,
409,2868,,,1.142744541168213,,0.30205339193344116,0.30205339193344116,,,,
409,2869,,,1.0625338554382324,,0.22185420989990234,0.22185420989990234,,,,
,409,,,,,,,,,0.6252857446670532,0.6252857446670532
409,2869,,,,,,,0.6252857446670532,0.6252857446670532,,
409,2869,0.46957600116729736,1.3102706670761108,,0.46957600116729736,,,,,,
410,2870,,,1.2611234188079834,,0.4204484820365906,0.4204484820365906,,,,
410,2871,,,1.1010234355926514,,0.26033350825309753,0.26033350825309753,,,,
410,2872,,,1.0807714462280273,,0.24008166790008545,0.24008166790008545,,,,
410,2873,,,1.2483723163604736,,0.40770241618156433,0.40770241618156433,,,,
410,2874,,,1.7905879020690918,,0.949919581413269,0.949919581413269,,,,
410,2875,,,1.4659311771392822,,0.6252674460411072,0.6252674460411072,,,,
410,2876,,,1.0517314672470093,,0.21108724176883698,0.21108724176883698,,,,
,410,,,,,,,,,0.6215320825576782,0.6215320825576782
410,2876,,,,,,,0.6215320825576782,0.6215320825576782,,
410,2876,0.4679076373577118,1.3085819482803345,,0.4679076373577118,,,,,,
411,2877,,,1.3333041667938232,,0.49267125129699707,0.49267125129699707,,,,
411,2878,,,1.1432913541793823,,0.3026358187198639,0.3026358187198639,,,,
411,2879,,,1.1153408288955688,,0.27467769384384155,0.27467769384384155,,,,
411,2880,,,1.4356279373168945,,0.594982385635376,0.594982385635376,,,,
411,2881,,,1.1582552194595337,,0.31760841608047485,0.31760841608047485,,,,
411,2882,,,1.7295515537261963,,0.8889219760894775,0.8889219760894775,,,,
411,2883,,,1.1015336513519287,,0.2609374523162842,0.2609374523162842,,,,
,411,,,,,,,,,0.6215757131576538,0.6215757131576538
411,2883,,,,,,,0.6215757131576538,0.6215757131576538,,
411,2883,0.46578022837638855,1.3064229488372803,,0.46578022837638855,,,,,,
412,2884,,,1.2354440689086914,,0.3948449492454529,0.3948449492454529,,,,
412,2885,,,1.2837533950805664,,0.44311946630477905,0.44311946630477905,,,,
412,2886,,,1.1793336868286133,,0.33870387077331543,0.33870387077331543,,,,
412,2887,,,1.1049864292144775,,0.2643505930900574,0.2643505930900574,,,,
412,2888,,,1.4138771295547485,,0.5732482075691223,0.5732482075691223,,,,
412,2889,,,1.1389987468719482,,0.2983904182910919,0.2983904182910919,,,,
412,2890,,,2.5666110515594482,,1.7260113954544067,1.7260113954544067,,,,
,412,,,,,,,,,0.6101166009902954,0.6101166009902954
412,2890,,,,,,,0.6101166009902954,0.6101166009902954,,
412,2890,0.46429985761642456,1.3049211502075195,,0.46429985761642456,,,,,,
413,2891,,,1.086197853088379,,0.24567975103855133,0.24567975103855133,,,,
413,2892,,,1.1153323650360107,,0.27484962344169617,0.27484962344169617,,,,
413,2893,,,1.986908197402954,,1.14644193649292,1.14644193649292,,,,
413,2894,,,1.199465274810791,,0.35900208353996277,0.35900208353996277,,,,
413,2895,,,1.4008513689041138,,0.560386598110199,0.560386598110199,,,,
413,2896,,,1.1177823543548584,,0.2773306667804718,0.2773306667804718,,,,
413,2897,,,1.0586658716201782,,0.21824057400226593,0.21824057400226593,,,,
,413,,,,,,,,,0.5967951416969299,0.5967951416969299
413,2897,,,,,,,0.5967951416969299,0.5967951416969299,,
413,2897,0.4620440602302551,1.3025155067443848,,0.4620440602302551,,,,,,
414,2898,,,1.1382297277450562,,0.2978076636791229,0.2978076636791229,,,,
414,2899,,,1.4929547309875488,,0.6525474190711975,0.6525474190711975,,,,
414,2900,,,1.1885946989059448,,0.3481784164905548,0.3481784164905548,,,,
414,2901,,,1.2097389698028564,,0.3693237602710724,0.3693237602710724,,,,
414,2902,,,1.1859090328216553,,0.34549832344055176,0.34549832344055176,,,,
414,2903,,,1.6151149272918701,,0.774712860584259,0.774712860584259,,,,
414,2904,,,1.234794020652771,,0.39442142844200134,0.39442142844200134,,,,
,414,,,,,,,,,0.5938704609870911,0.5938704609870911
414,2904,,,,,,,0.5938704609870911,0.5938704609870911,,
414,2904,0.46054530143737793,1.3009554147720337,,0.46054530143737793,,,,,,
415,2905,,,1.1769037246704102,,0.3365587294101715,0.3365587294101715,,,,
415,2906,,,1.3094371557235718,,0.4690844416618347,0.4690844416618347,,,,
415,2907,,,1.7759320735931396,,0.9355723261833191,0.9355723261833191,,,,
415,2908,,,1.3676137924194336,,0.5272594690322876,0.5272594690322876,,,,
415,2909,,,1.1589326858520508,,0.3185942471027374,0.3185942471027374,,,,
415,2910,,,1.0341253280639648,,0.1938120424747467,0.1938120424747467,,,,
415,2911,,,1.2243893146514893,,0.3841038644313812,0.3841038644313812,,,,
,415,,,,,,,,,0.5976496338844299,0.5976496338844299
415,2911,,,,,,,0.5976496338844299,0.5976496338844299,,
415,2911,0.45881104469299316,1.2991514205932617,,0.45881104469299316,,,,,,
416,2912,,,1.1378275156021118,,0.2975504398345947,0.2975504398345947,,,,
416,2913,,,1.1020255088806152,,0.2617570757865906,0.2617570757865906,,,,
416,2914,,,1.315917730331421,,0.4756690561771393,0.4756690561771393,,,,
416,2915,,,1.6198824644088745,,0.7796215415000916,0.7796215415000916,,,,
416,2916,,,1.098347783088684,,0.25812408328056335,0.25812408328056335,,,,
416,2917,,,1.3910105228424072,,0.5508110523223877,0.5508110523223877,,,,
416,2918,,,1.6137828826904297,,0.7735916972160339,0.7735916972160339,,,,
,416,,,,,,,,,0.6219972968101501,0.6219972968101501
416,2918,,,,,,,0.6219972968101501,0.6219972968101501,,
416,2918,0.457040011882782,1.2972830533981323,,0.457040011882782,,,,,,
417,2919,,,1.204533338546753,,0.36431431770324707,0.36431431770324707,,,,
417,2920,,,1.204319953918457,,0.3641015291213989,0.3641015291213989,,,,
417,2921,,,1.2573120594024658,,0.4170929193496704,0.4170929193496704,,,,
417,2922,,,1.377053141593933,,0.536806583404541,0.536806583404541,,,,
417,2923,,,1.0534818172454834,,0.21326087415218353,0.21326087415218353,,,,
417,2924,,,1.687881588935852,,0.8476788401603699,0.8476788401603699,,,,
417,2925,,,1.2625818252563477,,0.4224185645580292,0.4224185645580292,,,,
,417,,,,,,,,,0.6139710545539856,0.6139710545539856
417,2925,,,,,,,0.6139710545539856,0.6139710545539856,,
417,2925,0.4551626741886139,1.2953803539276123,,0.4551626741886139,,,,,,
418,2926,,,1.1727616786956787,,0.3325575888156891,0.3325575888156891,,,,
418,2927,,,1.602110743522644,,0.761911153793335,0.761911153793335,,,,
418,2928,,,1.3000104427337646,,0.4598418176174164,0.4598418176174164,,,,
418,2929,,,1.2106389999389648,,0.3704633116722107,0.3704633116722107,,,,
418,2930,,,1.1956596374511719,,0.3554711937904358,0.3554711937904358,,,,
418,2931,,,1.3562170267105103,,0.5160270929336548,0.5160270929336548,,,,
418,2932,,,1.08967125415802,,0.24949370324611664,0.24949370324611664,,,,
,418,,,,,,,,,0.6029647588729858,0.6029647588729858
418,2932,,,,,,,0.6029647588729858,0.6029647588729858,,
418,2932,0.45330706238746643,1.2934941053390503,,0.45330706238746643,,,,,,
419,2933,,,1.8258987665176392,,0.9857571721076965,0.9857571721076965,,,,
419,2934,,,1.056140422821045,,0.21601814031600952,0.21601814031600952,,,,
419,2935,,,1.1481468677520752,,0.30804598331451416,0.30804598331451416,,,,
419,2936,,,1.1739192008972168,,0.33384251594543457,0.33384251594543457,,,,
419,2937,,,1.0715556144714355,,0.23148152232170105,0.23148152232170105,,,,
419,2938,,,1.4587987661361694,,0.6187478303909302,0.6187478303909302,,,,
419,2939,,,1.3191107511520386,,0.4790535271167755,0.4790535271167755,,,,
,419,,,,,,,,,0.6011391282081604,0.6011391282081604
419,2939,,,,,,,0.6011391282081604,0.6011391282081604,,
419,2939,0.45075106620788574,1.2908432483673096,,0.45075106620788574,,,,,,
420,2940,,,1.5871145725250244,,0.7470461130142212,0.7470461130142212,,,,
420,2941,,,1.1901423931121826,,0.3501075506210327,0.3501075506210327,,,,
420,2942,,,1.3380223512649536,,0.4979874789714813,0.4979874789714813,,,,
420,2943,,,1.046548843383789,,0.20649492740631104,0.20649492740631104,,,,
420,2944,,,1.2395765781402588,,0.3995547890663147,0.3995547890663147,,,,
420,2945,,,1.4112799167633057,,0.5712616443634033,0.5712616443634033,,,,
420,2946,,,1.087148904800415,,0.24713890254497528,0.24713890254497528,,,,
,420,,,,,,,,,0.593201756477356,0.593201756477356
420,2946,,,,,,,0.593201756477356,0.593201756477356,,
420,2946,0.4494321048259735,1.2894690036773682,,0.4494321048259735,,,,,,
421,2947,,,1.3294168710708618,,0.4894111454486847,0.4894111454486847,,,,
421,2948,,,1.089050054550171,,0.24906635284423828,0.24906635284423828,,,,
421,2949,,,1.5895686149597168,,0.7495895028114319,0.7495895028114319,,,,
421,2950,,,1.3784078359603882,,0.5384906530380249,0.5384906530380249,,,,
421,2951,,,1.2822619676589966,,0.4423401951789856,0.4423401951789856,,,,
421,2952,,,1.136533498764038,,0.2965960204601288,0.2965960204601288,,,,
421,2953,,,1.0803518295288086,,0.2404194474220276,0.2404194474220276,,,,
,421,,,,,,,,,0.5714011192321777,0.5714011192321777
421,2953,,,,,,,0.5714011192321777,0.5714011192321777,,
421,2953,0.447945237159729,1.2879012823104858,,0.447945237159729,,,,,,
422,2954,,,1.403368592262268,,0.5634397864341736,0.5634397864341736,,,,
422,2955,,,1.1936756372451782,,0.353761225938797,0.353761225938797,,,,
422,2956,,,1.1785526275634766,,0.338645339012146,0.338645339012146,,,,
422,2957,,,1.63706374168396,,0.7971563935279846,0.7971563935279846,,,,
422,2958,,,1.2179512977600098,,0.37808695435523987,0.37808695435523987,,,,
422,2959,,,1.1774101257324219,,0.33755695819854736,0.33755695819854736,,,,
422,2960,,,1.03507661819458,,0.19521541893482208,0.19521541893482208,,,,
,422,,,,,,,,,0.5521848797798157,0.5521848797798157
422,2960,,,,,,,0.5521848797798157,0.5521848797798157,,
422,2960,0.44578078389167786,1.2856745719909668,,0.44578078389167786,,,,,,
423,2961,,,1.2427749633789062,,0.4029182195663452,0.4029182195663452,,,,
423,2962,,,1.1158692836761475,,0.2760189175605774,0.2760189175605774,,,,
423,2963,,,1.0730453729629517,,0.23319706320762634,0.23319706320762634,,,,
423,2964,,,1.2556264400482178,,0.4157809913158417,0.4157809913158417,,,,
423,2965,,,1.781732201576233,,0.9418700933456421,0.9418700933456421,,,,
423,2966,,,1.305825114250183,,0.46603095531463623,0.46603095531463623,,,,
423,2967,,,1.0935341119766235,,0.25373417139053345,0.25373417139053345,,,,
,423,,,,,,,,,0.5525280237197876,0.5525280237197876
423,2967,,,,,,,0.5525280237197876,0.5525280237197876,,
423,2967,0.4440732002258301,1.2839136123657227,,0.4440732002258301,,,,,,
424,2968,,,1.0502703189849854,,0.2104884386062622,0.2104884386062622,,,,
424,2969,,,1.1769251823425293,,0.3371637463569641,0.3371637463569641,,,,
424,2970,,,1.1264138221740723,,0.28665995597839355,0.28665995597839355,,,,
424,2971,,,1.187026023864746,,0.34728050231933594,0.34728050231933594,,,,
424,2972,,,1.6789841651916504,,0.839229166507721,0.839229166507721,,,,
424,2973,,,1.016606092453003,,0.17683877050876617,0.17683877050876617,,,,
424,2974,,,2.5003232955932617,,1.6605795621871948,1.6605795621871948,,,,
,424,,,,,,,,,0.5514979958534241,0.5514979958534241
424,2974,,,,,,,0.5514979958534241,0.5514979958534241,,
424,2974,0.44241225719451904,1.2821719646453857,,0.44241225719451904,,,,,,
425,2975,,,1.3755922317504883,,0.5359417796134949,0.5359417796134949,,,,
425,2976,,,1.2027740478515625,,0.36315879225730896,0.36315879225730896,,,,
425,2977,,,1.1271454095840454,,0.28753721714019775,0.28753721714019775,,,,
425,2978,,,1.0826798677444458,,0.2430870682001114,0.2430870682001114,,,,
425,2979,,,1.1992087364196777,,0.3596324622631073,0.3596324622631073,,,,
425,2980,,,1.7429795265197754,,0.9034116864204407,0.9034116864204407,,,,
425,2981,,,1.1470600366592407,,0.3075311481952667,0.3075311481952667,,,,
,425,,,,,,,,,0.5515286922454834,0.5515286922454834
425,2981,,,,,,,0.5515286922454834,0.5515286922454834,,
425,2981,0.44048523902893066,1.2800827026367188,,0.44048523902893066,,,,,,
426,2982,,,1.1160351037979126,,0.27650922536849976,0.27650922536849976,,,,
426,2983,,,1.6201934814453125,,0.7806941270828247,0.7806941270828247,,,,
426,2984,,,1.3174381256103516,,0.47798413038253784,0.47798413038253784,,,,
426,2985,,,1.124505877494812,,0.2850925326347351,0.2850925326347351,,,,
426,2986,,,1.3659939765930176,,0.5265995264053345,0.5265995264053345,,,,
426,2987,,,1.1992406845092773,,0.35983705520629883,0.35983705520629883,,,,
426,2988,,,1.0863006114959717,,0.2468968778848648,0.2468968778848648,,,,
,426,,,,,,,,,0.5460978150367737,0.5460978150367737
426,2988,,,,,,,0.5460978150367737,0.5460978150367737,,
426,2988,0.4391063153743744,1.2785521745681763,,0.4391063153743744,,,,,,
427,2989,,,1.157498836517334,,0.318093478679657,0.318093478679657,,,,
427,2990,,,1.6075856685638428,,0.7681916952133179,0.7681916952133179,,,,
427,2991,,,1.1868828535079956,,0.34753528237342834,0.34753528237342834,,,,
427,2992,,,1.1408665180206299,,0.30152982473373413,0.30152982473373413,,,,
427,2993,,,1.1432915925979614,,0.303966224193573,0.303966224193573,,,,
427,2994,,,1.4569015502929688,,0.6175811290740967,0.6175811290740967,,,,
427,2995,,,1.184100866317749,,0.34478121995925903,0.34478121995925903,,,,
,427,,,,,,,,,0.5533761978149414,0.5533761978149414
427,2995,,,,,,,0.5533761978149414,0.5533761978149414,,
427,2995,0.4370494782924652,1.276402235031128,,0.4370494782924652,,,,,,
428,2996,,,1.6475844383239746,,0.8082837462425232,0.8082837462425232,,,,
428,2997,,,1.3855849504470825,,0.5463027358055115,0.5463027358055115,,,,
428,2998,,,1.0318632125854492,,0.19261302053928375,0.19261302053928375,,,,
428,2999,,,1.2061700820922852,,0.36695626378059387,0.36695626378059387,,,,
428,3000,,,1.3051069974899292,,0.465882807970047,0.465882807970047,,,,
428,3001,,,1.1407365798950195,,0.3014957308769226,0.3014957308769226,,,,
428,3002,,,1.105552077293396,,0.26634228229522705,0.26634228229522705,,,,
,428,,,,,,,,,0.5484970808029175,0.5484970808029175
428,3002,,,,,,,0.5484970808029175,0.5484970808029175,,
428,3002,0.43630000948905945,1.2755495309829712,,0.43630000948905945,,,,,,
429,3003,,,1.001654863357544,,0.16245421767234802,0.16245421767234802,,,,
429,3004,,,1.127997636795044,,0.28882670402526855,0.28882670402526855,,,,
429,3005,,,1.1523661613464355,,0.31318527460098267,0.31318527460098267,,,,
429,3006,,,1.2195287942886353,,0.38035961985588074,0.38035961985588074,,,,
429,3007,,,1.2046864032745361,,0.36552223563194275,0.36552223563194275,,,,
429,3008,,,1.93245530128479,,1.0932937860488892,1.0932937860488892,,,,
429,3009,,,1.2688393592834473,,0.42972034215927124,0.42972034215927124,,,,
,429,,,,,,,,,0.5575419068336487,0.5575419068336487
429,3009,,,,,,,0.5575419068336487,0.5575419068336487,,
429,3009,0.4336920976638794,1.2728633880615234,,0.4336920976638794,,,,,,
430,3010,,,2.0036230087280273,,1.1645088195800781,1.1645088195800781,,,,
430,3011,,,1.2323650121688843,,0.39328286051750183,0.39328286051750183,,,,
430,3012,,,1.175418496131897,,0.3363479673862457,0.3363479673862457,,,,
430,3013,,,1.1171159744262695,,0.278049498796463,0.278049498796463,,,,
430,3014,,,1.047426462173462,,0.20836836099624634,0.20836836099624634,,,,
430,3015,,,1.0287340879440308,,0.18970686197280884,0.18970686197280884,,,,
430,3016,,,1.3286311626434326,,0.4896245002746582,0.4896245002746582,,,,
,430,,,,,,,,,0.5759679079055786,0.5759679079055786
430,3016,,,,,,,0.5759679079055786,0.5759679079055786,,
430,3016,0.431980162858963,1.2710461616516113,,0.431980162858963,,,,,,
431,3017,,,1.3836822509765625,,0.5446468591690063,0.5446468591690063,,,,
431,3018,,,1.7162376642227173,,0.8772209882736206,0.8772209882736206,,,,
431,3019,,,1.0977810621261597,,0.258775919675827,0.258775919675827,,,,
431,3020,,,1.0494701862335205,,0.21047382056713104,0.21047382056713104,,,,
431,3021,,,1.1617916822433472,,0.32281914353370667,0.32281914353370667,,,,
431,3022,,,1.2243902683258057,,0.38544243574142456,0.38544243574142456,,,,
431,3023,,,1.226461410522461,,0.38750430941581726,0.38750430941581726,,,,
,431,,,,,,,,,0.59090256690979,0.59090256690979
431,3023,,,,,,,0.5909026265144348,0.5909026265144348,,
431,3023,0.43054017424583435,1.2695335149765015,,0.43054017424583435,,,,,,
432,3024,,,1.378720760345459,,0.5397757887840271,0.5397757887840271,,,,
432,3025,,,1.6451988220214844,,0.8062651753425598,0.8062651753425598,,,,
432,3026,,,1.14862060546875,,0.3097244203090668,0.3097244203090668,,,,
432,3027,,,1.185516357421875,,0.3466412425041199,0.3466412425041199,,,,
432,3028,,,1.1512900590896606,,0.31241485476493835,0.31241485476493835,,,,
432,3029,,,1.146210789680481,,0.30735015869140625,0.30735015869140625,,,,
432,3030,,,1.1399354934692383,,0.30108869075775146,0.30108869075775146,,,,
,432,,,,,,,,,0.5806612372398376,0.5806612372398376
432,3030,,,,,,,0.5806612372398376,0.5806612372398376,,
432,3030,0.4290321469306946,1.2679266929626465,,0.4290321469306946,,,,,,
433,3031,,,1.542687177658081,,0.703830361366272,0.703830361366272,,,,
433,3032,,,1.0757874250411987,,0.23693260550498962,0.23693260550498962,,,,
433,3033,,,1.0868288278579712,,0.24800154566764832,0.24800154566764832,,,,
433,3034,,,1.1579078435897827,,0.31909409165382385,0.31909409165382385,,,,
433,3035,,,1.0537207126617432,,0.21489930152893066,0.21489930152893066,,,,
433,3036,,,1.6154576539993286,,0.7766546607017517,0.7766546607017517,,,,
433,3037,,,1.4375773668289185,,0.598814845085144,0.598814845085144,,,,
,433,,,,,,,,,0.5772067308425903,0.5772067308425903
433,3037,,,,,,,0.5772067308425903,0.5772067308425903,,
433,3037,0.42728909850120544,1.266114592552185,,0.42728909850120544,,,,,,
434,3038,,,1.7069549560546875,,0.8681596517562866,0.8681596517562866,,,,
434,3039,,,1.2993805408477783,,0.460598886013031,0.460598886013031,,,,
434,3040,,,1.1400575637817383,,0.3012720048427582,0.3012720048427582,,,,
434,3041,,,1.1381564140319824,,0.29936957359313965,0.29936957359313965,,,,
434,3042,,,1.1096066236495972,,0.2708239257335663,0.2708239257335663,,,,
434,3043,,,1.2252362966537476,,0.3864661157131195,0.3864661157131195,,,,
434,3044,,,1.1765844821929932,,0.33786237239837646,0.33786237239837646,,,,
,434,,,,,,,,,0.5561267733573914,0.5561267733573914
434,3044,,,,,,,0.5561267733573914,0.5561267733573914,,
434,3044,0.42562955617904663,1.2644096612930298,,0.42562955617904663,,,,,,
435,3045,,,1.0855941772460938,,0.24685916304588318,0.24685916304588318,,,,
435,3046,,,1.4096083641052246,,0.5708763003349304,0.5708763003349304,,,,
435,3047,,,1.137308120727539,,0.29860228300094604,0.29860228300094604,,,,
435,3048,,,1.2628613710403442,,0.4241538643836975,0.4241538643836975,,,,
435,3049,,,1.1105988025665283,,0.2719000577926636,0.2719000577926636,,,,
435,3050,,,1.061444640159607,,0.2227475792169571,0.2227475792169571,,,,
435,3051,,,2.6183791160583496,,1.779693365097046,1.779693365097046,,,,
,435,,,,,,,,,0.5353372693061829,0.5353372693061829
435,3051,,,,,,,0.5353372693061829,0.5353372693061829,,
435,3051,0.42392536997795105,1.2626365423202515,,0.42392536997795105,,,,,,
436,3052,,,1.1357133388519287,,0.2971108555793762,0.2971108555793762,,,,
436,3053,,,1.349194049835205,,0.5105944871902466,0.5105944871902466,,,,
436,3054,,,1.1274477243423462,,0.28887826204299927,0.28887826204299927,,,,
436,3055,,,1.1206616163253784,,0.2820962369441986,0.2820962369441986,,,,
436,3056,,,1.7150930166244507,,0.8765507936477661,0.8765507936477661,,,,
436,3057,,,1.0492420196533203,,0.2107354700565338,0.2107354700565338,,,,
436,3058,,,1.4411273002624512,,0.6026516556739807,0.6026516556739807,,,,
,436,,,,,,,,,0.5253224968910217,0.5253224968910217
436,3058,,,,,,,0.5253224968910217,0.5253224968910217,,
436,3058,0.4222683310508728,1.2608274221420288,,0.4222683310508728,,,,,,
437,3059,,,1.5578322410583496,,0.719361424446106,0.719361424446106,,,,
437,3060,,,1.3179757595062256,,0.47956523299217224,0.47956523299217224,,,,
437,3061,,,1.1821064949035645,,0.3437303304672241,0.3437303304672241,,,,
437,3062,,,1.184509515762329,,0.3461453318595886,0.3461453318595886,,,,
437,3063,,,1.1543010473251343,,0.3159501850605011,0.3159501850605011,,,,
437,3064,,,1.21589994430542,,0.3775552809238434,0.3775552809238434,,,,
437,3065,,,1.1020259857177734,,0.2637012004852295,0.2637012004852295,,,,
,437,,,,,,,,,0.5107596516609192,0.5107596516609192
437,3065,,,,,,,0.5107596516609192,0.5107596516609192,,
437,3065,0.420579731464386,1.2589622735977173,,0.420579731464386,,,,,,
438,3066,,,1.12772536277771,,0.2893853783607483,0.2893853783607483,,,,
438,3067,,,1.1581401824951172,,0.3198140263557434,0.3198140263557434,,,,
438,3068,,,1.227618932723999,,0.3892720341682434,0.3892720341682434,,,,
438,3069,,,1.6499682664871216,,0.8116129636764526,0.8116129636764526,,,,
438,3070,,,1.0573813915252686,,0.21908457577228546,0.21908457577228546,,,,
438,3071,,,1.3563179969787598,,0.5180360078811646,0.5180360078811646,,,,
438,3072,,,1.1682329177856445,,0.32998719811439514,0.32998719811439514,,,,
,438,,,,,,,,,0.5097272992134094,0.5097272992134094
438,3072,,,,,,,0.5097272992134094,0.5097272992134094,,
438,3072,0.41897258162498474,1.25729238986969,,0.41897258162498474,,,,,,
439,3073,,,1.1447560787200928,,0.3065038323402405,0.3065038323402405,,,,
439,3074,,,1.0999059677124023,,0.26166170835494995,0.26166170835494995,,,,
439,3075,,,1.7182018756866455,,0.8799751996994019,0.8799751996994019,,,,
439,3076,,,1.1771221160888672,,0.3389236032962799,0.3389236032962799,,,,
439,3077,,,1.1216455698013306,,0.2834586203098297,0.2834586203098297,,,,
439,3078,,,1.3710181713104248,,0.5328259468078613,0.5328259468078613,,,,
439,3079,,,0.9854789972305298,,0.14731374382972717,0.14731374382972717,,,,
,439,,,,,,,,,0.511783242225647,0.511783242225647
439,3079,,,,,,,0.511783242225647,0.511783242225647,,
439,3079,0.41703397035598755,1.255247712135315,,0.41703397035598755,,,,,,
440,3080,,,1.1906722784042358,,0.35255786776542664,0.35255786776542664,,,,
440,3081,,,1.0045175552368164,,0.16641031205654144,0.16641031205654144,,,,
440,3082,,,1.286217451095581,,0.4481397569179535,0.4481397569179535,,,,
440,3083,,,1.0867516994476318,,0.24866434931755066,0.24866434931755066,,,,
440,3084,,,1.9646153450012207,,1.1265325546264648,1.1265325546264648,,,,
440,3085,,,1.090975046157837,,0.2529415488243103,0.2529415488243103,,,,
440,3086,,,0.983786940574646,,0.14577975869178772,0.14577975869178772,,,,
,440,,,,,,,,,0.5109318494796753,0.5109318494796753
440,3086,,,,,,,0.5109318494796753,0.5109318494796753,,
440,3086,0.41567274928092957,1.2537521123886108,,0.41567274928092957,,,,,,
441,3087,,,1.4382357597351074,,0.6002747416496277,0.6002747416496277,,,,
441,3088,,,1.2421395778656006,,0.40417593717575073,0.40417593717575073,,,,
441,3089,,,1.0947849750518799,,0.25684094429016113,0.25684094429016113,,,,
441,3090,,,1.1001561880111694,,0.2622411847114563,0.2622411847114563,,,,
441,3091,,,1.615454912185669,,0.7775662541389465,0.7775662541389465,,,,
441,3092,,,1.1167619228363037,,0.2789241075515747,0.2789241075515747,,,,
441,3093,,,1.0107312202453613,,0.17289619147777557,0.17289619147777557,,,,
,441,,,,,,,,,0.5155429244041443,0.5155429244041443
441,3093,,,,,,,0.5155429244041443,0.5155429244041443,,
441,3093,0.4148798882961273,1.252793312072754,,0.4148798882961273,,,,,,
442,3094,,,1.1464473009109497,,0.3086593449115753,0.3086593449115753,,,,
442,3095,,,1.125780463218689,,0.2879926860332489,0.2879926860332489,,,,
442,3096,,,1.2435821294784546,,0.40581995248794556,0.40581995248794556,,,,
442,3097,,,1.639831781387329,,0.802051842212677,0.802051842212677,,,,
442,3098,,,1.1718223094940186,,0.3340989649295807,0.3340989649295807,,,,
442,3099,,,1.035673975944519,,0.197957381606102,0.197957381606102,,,,
442,3100,,,1.6210094690322876,,0.7833279371261597,0.7833279371261597,,,,
,442,,,,,,,,,0.51483154296875,0.51483154296875
442,3100,,,,,,,0.51483154296875,0.51483154296875,,
442,3100,0.41260045766830444,1.25035560131073,,0.41260045766830444,,,,,,
443,3101,,,1.0893070697784424,,0.2517108917236328,0.2517108917236328,,,,
443,3102,,,1.8833467960357666,,1.0457916259765625,1.0457916259765625,,,,
443,3103,,,1.1262140274047852,,0.28872495889663696,0.28872495889663696,,,,
443,3104,,,1.095948338508606,,0.25847676396369934,0.25847676396369934,,,,
443,3105,,,1.2548450231552124,,0.4173995554447174,0.4173995554447174,,,,
443,3106,,,1.0946991443634033,,0.2572643458843231,0.2572643458843231,,,,
443,3107,,,1.1177825927734375,,0.2803729176521301,0.2803729176521301,,,,
,443,,,,,,,,,0.5115481615066528,0.5115481615066528
443,3107,,,,,,,0.5115481615066528,0.5115481615066528,,
443,3107,0.4116875231266022,1.2491809129714966,,0.4116875231266022,,,,,,
444,3108,,,1.1677724123001099,,0.3303821384906769,0.3303821384906769,,,,
444,3109,,,1.0396193265914917,,0.20223712921142578,0.20223712921142578,,,,
444,3110,,,1.1531107425689697,,0.31575000286102295,0.31575000286102295,,,,
444,3111,,,1.0906282663345337,,0.25327709317207336,0.25327709317207336,,,,
444,3112,,,1.190527319908142,,0.35319820046424866,0.35319820046424866,,,,
444,3113,,,1.849329948425293,,1.012015700340271,1.012015700340271,,,,
444,3114,,,1.2335577011108398,,0.3962957561016083,0.3962957561016083,,,,
,444,,,,,,,,,0.516359269618988,0.516359269618988
444,3114,,,,,,,0.516359269618988,0.516359269618988,,
444,3114,0.41026997566223145,1.2476191520690918,,0.41026997566223145,,,,,,
445,3115,,,1.128537893295288,,0.2913072407245636,0.2913072407245636,,,,
445,3116,,,1.034994125366211,,0.19776973128318787,0.19776973128318787,,,,
445,3117,,,1.1374058723449707,,0.30021628737449646,0.30021628737449646,,,,
445,3118,,,1.1804158687591553,,0.34324848651885986,0.34324848651885986,,,,
445,3119,,,1.1456862688064575,,0.30853399634361267,0.30853399634361267,,,,
445,3120,,,1.0774240493774414,,0.240294948220253,0.240294948220253,,,,
445,3121,,,3.304244041442871,,2.4671220779418945,2.4671220779418945,,,,
,445,,,,,,,,,0.4927707612514496,0.4927707612514496
445,3121,,,,,,,0.4927707612514496,0.4927707612514496,,
445,3121,0.40886926651000977,1.246047854423523,,0.40886926651000977,,,,,,
446,3122,,,1.0757696628570557,,0.2387528270483017,0.2387528270483017,,,,
446,3123,,,1.119544506072998,,0.2825513482093811,0.2825513482093811,,,,
446,3124,,,1.002647042274475,,0.16568051278591156,0.16568051278591156,,,,
446,3125,,,1.4201191663742065,,0.5831886529922485,0.5831886529922485,,,,
446,3126,,,1.144342303276062,,0.3074397146701813,0.3074397146701813,,,,
446,3127,,,1.6633596420288086,,0.8264698386192322,0.8264698386192322,,,,
446,3128,,,1.348724126815796,,0.5118829607963562,0.5118829607963562,,,,
,446,,,,,,,,,0.48016005754470825,0.48016005754470825
446,3128,,,,,,,0.48016005754470825,0.48016005754470825,,
446,3128,0.4072217643260956,1.2441654205322266,,0.4072217643260956,,,,,,
447,3129,,,1.172455906867981,,0.33563655614852905,0.33563655614852905,,,,
447,3130,,,0.9974163174629211,,0.1606093794107437,0.1606093794107437,,,,
447,3131,,,1.1727745532989502,,0.33600571751594543,0.33600571751594543,,,,
447,3132,,,1.1490342617034912,,0.3122561275959015,0.3122561275959015,,,,
447,3133,,,1.083816647529602,,0.24706116318702698,0.24706116318702698,,,,
447,3134,,,1.900302529335022,,1.0635828971862793,1.0635828971862793,,,,
447,3135,,,1.201934576034546,,0.36526569724082947,0.36526569724082947,,,,
,447,,,,,,,,,0.48361945152282715,0.48361945152282715
447,3135,,,,,,,0.48361945152282715,0.48361945152282715,,
447,3135,0.40660804510116577,1.243376612663269,,0.40660804510116577,,,,,,
448,3136,,,1.6891279220581055,,0.8524708151817322,0.8524708151817322,,,,
448,3137,,,1.1545822620391846,,0.31795424222946167,0.31795424222946167,,,,
448,3138,,,1.069081425666809,,0.23245833814144135,0.23245833814144135,,,,
448,3139,,,1.0823652744293213,,0.24577246606349945,0.24577246606349945,,,,
448,3140,,,1.3611767292022705,,0.5246122479438782,0.5246122479438782,,,,
448,3141,,,1.0505363941192627,,0.21399593353271484,0.21399593353271484,,,,
448,3142,,,1.34247624874115,,0.5059766173362732,0.5059766173362732,,,,
,448,,,,,,,,,0.4961020350456238,0.4961020350456238
448,3142,,,,,,,0.4961020350456238,0.4961020350456238,,
448,3142,0.4042361080646515,1.2408311367034912,,0.4042361080646515,,,,,,
449,3143,,,1.0949933528900146,,0.258486270904541,0.258486270904541,,,,
449,3144,,,1.0608501434326172,,0.22436179220676422,0.22436179220676422,,,,
449,3145,,,1.1731295585632324,,0.3366594612598419,0.3366594612598419,,,,
449,3146,,,1.4764280319213867,,0.6399631500244141,0.6399631500244141,,,,
449,3147,,,0.9912500381469727,,0.15479068458080292,0.15479068458080292,,,,
449,3148,,,1.6710565090179443,,0.8346320390701294,0.8346320390701294,,,,
449,3149,,,1.1538760662078857,,0.3174862265586853,0.3174862265586853,,,,
,449,,,,,,,,,0.5138991475105286,0.5138991475105286
449,3149,,,,,,,0.5138991475105286,0.5138991475105286,,
449,3149,0.4028157889842987,1.2392802238464355,,0.4028157889842987,,,,,,
450,3150,,,1.2263344526290894,,0.38998353481292725,0.38998353481292725,,,,
450,3151,,,1.1351284980773926,,0.2987813353538513,0.2987813353538513,,,,
450,3152,,,1.0386570692062378,,0.2023252248764038,0.2023252248764038,,,,
450,3153,,,1.0479815006256104,,0.21167369186878204,0.21167369186878204,,,,
450,3154,,,1.0617839097976685,,0.22550208866596222,0.22550208866596222,,,,
450,3155,,,1.7089486122131348,,0.8726862668991089,0.8726862668991089,,,,
450,3156,,,1.7996947765350342,,0.9634655714035034,0.9634655714035034,,,,
,450,,,,,,,,,0.5142650604248047,0.5142650604248047
450,3156,,,,,,,0.5142650604248047,0.5142650604248047,,
450,3156,0.401921808719635,1.238230586051941,,0.401921808719635,,,,,,
451,3157,,,1.6331974267959595,,0.7970325350761414,0.7970325350761414,,,,
451,3158,,,1.0659207105636597,,0.2298099249601364,0.2298099249601364,,,,
451,3159,,,1.0627211332321167,,0.22663046419620514,0.22663046419620514,,,,
451,3160,,,1.1966447830200195,,0.3605954051017761,0.3605954051017761,,,,
451,3161,,,1.083843469619751,,0.24779993295669556,0.24779993295669556,,,,
451,3162,,,1.3791254758834839,,0.5431075692176819,0.5431075692176819,,,,
451,3163,,,1.2345677614212036,,0.3985808789730072,0.3985808789730072,,,,
,451,,,,,,,,,0.5078752040863037,0.5078752040863037
451,3163,,,,,,,0.5078752040863037,0.5078752040863037,,
451,3163,0.4006969928741455,1.2367712259292603,,0.4006969928741455,,,,,,
452,3164,,,1.6910308599472046,,0.8550649285316467,0.8550649285316467,,,,
452,3165,,,1.0052400827407837,,0.1693192571401596,0.1693192571401596,,,,
452,3166,,,1.221578598022461,,0.3856883943080902,0.3856883943080902,,,,
452,3167,,,1.325281023979187,,0.48940345644950867,0.48940345644950867,,,,
452,3168,,,1.0732860565185547,,0.23744575679302216,0.23744575679302216,,,,
452,3169,,,1.1389515399932861,,0.30313992500305176,0.30313992500305176,,,,
452,3170,,,1.111443042755127,,0.2756372094154358,0.2756372094154358,,,,
,452,,,,,,,,,0.5089324116706848,0.5089324116706848
452,3170,,,,,,,0.5089324116706848,0.5089324116706848,,
452,3170,0.39896875619888306,1.2348484992980957,,0.39896875619888306,,,,,,
453,3171,,,1.3679554462432861,,0.5321844816207886,0.5321844816207886,,,,
453,3172,,,1.1050236225128174,,0.2692694365978241,0.2692694365978241,,,,
453,3173,,,1.1273090839385986,,0.2915842831134796,0.2915842831134796,,,,
453,3174,,,1.08445405960083,,0.24874620139598846,0.24874620139598846,,,,
453,3175,,,1.666131615638733,,0.8304384350776672,0.8304384350776672,,,,
453,3176,,,1.1720455884933472,,0.3364028036594391,0.3364028036594391,,,,
453,3177,,,0.9068968892097473,,0.07126288115978241,0.07126288115978241,,,,
,453,,,,,,,,,0.4990915060043335,0.4990915060043335
453,3177,,,,,,,0.4990914762020111,0.4990914762020111,,
453,3177,0.39770185947418213,1.2334126234054565,,0.39770185947418213,,,,,,
454,3178,,,1.3592398166656494,,0.5236667990684509,0.5236667990684509,,,,
454,3179,,,1.0399689674377441,,0.20441049337387085,0.20441049337387085,,,,
454,3180,,,1.1842384338378906,,0.3487214744091034,0.3487214744091034,,,,
454,3181,,,1.6637284755706787,,0.8282261490821838,0.8282261490821838,,,,
454,3182,,,1.0997055768966675,,0.2642568051815033,0.2642568051815033,,,,
454,3183,,,1.1216249465942383,,0.28619134426116943,0.28619134426116943,,,,
454,3184,,,1.0292118787765503,,0.19380894303321838,0.19380894303321838,,,,
,454,,,,,,,,,0.49034035205841064,0.49034035205841064
454,3184,,,,,,,0.49034038186073303,0.49034038186073303,,
454,3184,0.3965727388858795,1.2320722341537476,,0.3965727388858795,,,,,,
455,3185,,,1.1275904178619385,,0.2922152578830719,0.2922152578830719,,,,
455,3186,,,1.072245717048645,,0.2368890345096588,0.2368890345096588,,,,
455,3187,,,1.65486478805542,,0.8195372819900513,0.8195372819900513,,,,
455,3188,,,0.9972039461135864,,0.16192641854286194,0.16192641854286194,,,,
455,3189,,,1.4415112733840942,,0.6062749624252319,0.6062749624252319,,,,
455,3190,,,1.1486890316009521,,0.31346696615219116,0.31346696615219116,,,,
455,3191,,,1.0700715780258179,,0.23486973345279694,0.23486973345279694,,,,
,455,,,,,,,,,0.47831496596336365,0.47831496596336365
455,3191,,,,,,,0.47831496596336365,0.47831496596336365,,
455,3191,0.39504095911979675,1.2303344011306763,,0.39504095911979675,,,,,,
456,3192,,,1.1642173528671265,,0.32903432846069336,0.32903432846069336,,,,
456,3193,,,1.6216540336608887,,0.786499559879303,0.786499559879303,,,,
456,3194,,,1.3595932722091675,,0.5244815945625305,0.5244815945625305,,,,
456,3195,,,1.0885480642318726,,0.25346502661705017,0.25346502661705017,,,,
456,3196,,,1.1024729013442993,,0.2674078643321991,0.2674078643321991,,,,
456,3197,,,1.0835371017456055,,0.2484913021326065,0.2484913021326065,,,,
456,3198,,,1.1038405895233154,,0.2688194215297699,0.2688194215297699,,,,
,456,,,,,,,,,0.4635728895664215,0.4635728895664215
456,3198,,,,,,,0.4635728895664215,0.4635728895664215,,
456,3198,0.393754780292511,1.2288570404052734,,0.393754780292511,,,,,,
457,3199,,,1.1738256216049194,,0.3388283848762512,0.3388283848762512,,,,
457,3200,,,1.3548340797424316,,0.5198518633842468,0.5198518633842468,,,,
457,3201,,,1.1212341785430908,,0.2862849831581116,0.2862849831581116,,,,
457,3202,,,1.5918076038360596,,0.7568787336349487,0.7568787336349487,,,,
457,3203,,,1.0250933170318604,,0.19021636247634888,0.19021636247634888,,,,
457,3204,,,1.1000345945358276,,0.26519688963890076,0.26519688963890076,,,,
457,3205,,,1.2119125127792358,,0.3770943582057953,0.3770943582057953,,,,
,457,,,,,,,,,0.4573173522949219,0.4573173522949219
457,3205,,,,,,,0.4573173522949219,0.4573173522949219,,
457,3205,0.39194783568382263,1.2268701791763306,,0.39194783568382263,,,,,,
458,3206,,,1.6619873046875,,0.8271474242210388,0.8271474242210388,,,,
458,3207,,,1.0492522716522217,,0.21446223556995392,0.21446223556995392,,,,
458,3208,,,1.1321526765823364,,0.2973769009113312,0.2973769009113312,,,,
458,3209,,,1.083511471748352,,0.24875488877296448,0.24875488877296448,,,,
458,3210,,,1.2840664386749268,,0.449324369430542,0.449324369430542,,,,
458,3211,,,1.1513607501983643,,0.3166601061820984,0.3166601061820984,,,,
458,3212,,,1.2044641971588135,,0.36978060007095337,0.36978060007095337,,,,
,458,,,,,,,,,0.45500001311302185,0.45500001311302185
458,3212,,,,,,,0.45500001311302185,0.45500001311302185,,
458,3212,0.39096373319625854,1.2257261276245117,,0.39096373319625854,,,,,,
459,3213,,,1.2801228761672974,,0.44543349742889404,0.44543349742889404,,,,
459,3214,,,1.0690066814422607,,0.23435580730438232,0.23435580730438232,,,,
459,3215,,,1.6521791219711304,,0.8175541162490845,0.8175541162490845,,,,
459,3216,,,1.1036148071289062,,0.269046425819397,0.269046425819397,,,,
459,3217,,,1.0135692358016968,,0.17901065945625305,0.17901065945625305,,,,
459,3218,,,1.2957074642181396,,0.46119144558906555,0.46119144558906555,,,,
459,3219,,,1.0341544151306152,,0.19962084293365479,0.19962084293365479,,,,
,459,,,,,,,,,0.44886091351509094,0.44886091351509094
459,3219,,,,,,,0.44886091351509094,0.44886091351509094,,
459,3219,0.38924700021743774,1.2238445281982422,,0.38924700021743774,,,,,,
460,3220,,,1.0106755495071411,,0.17615996301174164,0.17615996301174164,,,,
460,3221,,,1.040595293045044,,0.20610526204109192,0.20610526204109192,,,,
460,3222,,,1.114342451095581,,0.2798840403556824,0.2798840403556824,,,,
460,3223,,,1.8030292987823486,,0.9685773849487305,0.9685773849487305,,,,
460,3224,,,1.111260175704956,,0.2768891751766205,0.2768891751766205,,,,
460,3225,,,1.3000215291976929,,0.46567410230636597,0.46567410230636597,,,,
460,3226,,,1.1043003797531128,,0.26994869112968445,0.26994869112968445,,,,
,460,,,,,,,,,0.45035162568092346,0.45035162568092346
460,3226,,,,,,,0.45035162568092346,0.45035162568092346,,
460,3226,0.3881601095199585,1.2225940227508545,,0.3881601095199585,,,,,,
461,3227,,,1.4076387882232666,,0.5732855796813965,0.5732855796813965,,,,
461,3228,,,1.0567426681518555,,0.2224176973104477,0.2224176973104477,,,,
461,3229,,,1.0470894575119019,,0.21277230978012085,0.21277230978012085,,,,
461,3230,,,1.0571558475494385,,0.22286072373390198,0.22286072373390198,,,,
461,3231,,,1.0913734436035156,,0.25709477066993713,0.25709477066993713,,,,
461,3232,,,1.6763123273849487,,0.8420574069023132,0.8420574069023132,,,,
461,3233,,,1.188184380531311,,0.3539680540561676,0.3539680540561676,,,,
,461,,,,,,,,,0.4653182327747345,0.4653182327747345
461,3233,,,,,,,0.4653182327747345,0.4653182327747345,,
461,3233,0.38638848066329956,1.2206872701644897,,0.38638848066329956,,,,,,
462,3234,,,1.7450263500213623,,0.9108328819274902,0.9108328819274902,,,,
462,3235,,,1.0887738466262817,,0.2546060383319855,0.2546060383319855,,,,
462,3236,,,1.0158348083496094,,0.18170218169689178,0.18170218169689178,,,,
462,3237,,,0.9959908723831177,,0.16190096735954285,0.16190096735954285,,,,
462,3238,,,1.135204553604126,,0.3011505901813507,0.3011505901813507,,,,
462,3239,,,1.4320695400238037,,0.598022997379303,0.598022997379303,,,,
462,3240,,,0.9723399877548218,,0.13830484449863434,0.13830484449863434,,,,
,462,,,,,,,,,0.47350454330444336,0.47350454330444336
462,3240,,,,,,,0.47350454330444336,0.47350454330444336,,
462,3240,0.38589489459991455,1.2200043201446533,,0.38589489459991455,,,,,,
463,3241,,,1.0741705894470215,,0.2401808649301529,0.2401808649301529,,,,
463,3242,,,1.1989428997039795,,0.3649733066558838,0.3649733066558838,,,,
463,3243,,,1.0361809730529785,,0.20220908522605896,0.20220908522605896,,,,
463,3244,,,1.0761525630950928,,0.24219515919685364,0.24219515919685364,,,,
463,3245,,,1.5379852056503296,,0.7040500044822693,0.7040500044822693,,,,
463,3246,,,1.4573127031326294,,0.6234493255615234,0.6234493255615234,,,,
463,3247,,,1.0257525444030762,,0.19191527366638184,0.19191527366638184,,,,
,463,,,,,,,,,0.4613921642303467,0.4613921642303467
463,3247,,,,,,,0.4613921642303467,0.4613921642303467,,
463,3247,0.38416096568107605,1.2181023359298706,,0.38416096568107605,,,,,,
464,3248,,,1.1398059129714966,,0.30601218342781067,0.30601218342781067,,,,
464,3249,,,1.0466032028198242,,0.21281524002552032,0.21281524002552032,,,,
464,3250,,,1.0824837684631348,,0.24872510135173798,0.24872510135173798,,,,
464,3251,,,1.1000425815582275,,0.2663218379020691,0.2663218379020691,,,,
464,3252,,,1.0978643894195557,,0.26416394114494324,0.26416394114494324,,,,
464,3253,,,1.344543695449829,,0.5108609199523926,0.5108609199523926,,,,
464,3254,,,2.5127956867218018,,1.6791408061981201,1.6791408061981201,,,,
,464,,,,,,,,,0.44497090578079224,0.44497090578079224
464,3254,,,,,,,0.44497090578079224,0.44497090578079224,,
464,3254,0.3825218975543976,1.2162574529647827,,0.3825218975543976,,,,,,
465,3255,,,1.35695481300354,,0.5234228372573853,0.5234228372573853,,,,
465,3256,,,1.0393154621124268,,0.20583562552928925,0.20583562552928925,,,,
465,3257,,,0.9821760654449463,,0.14873932301998138,0.14873932301998138,,,,
465,3258,,,1.0896010398864746,,0.25621822476387024,0.25621822476387024,,,,
465,3259,,,1.0403282642364502,,0.20697727799415588,0.20697727799415588,,,,
465,3260,,,1.8122484683990479,,0.978936493396759,0.978936493396759,,,,
465,3261,,,1.1296768188476562,,0.29638853669166565,0.29638853669166565,,,,
,465,,,,,,,,,0.4318774938583374,0.4318774938583374
465,3261,,,,,,,0.431877464056015,0.431877464056015,,
465,3261,0.38137656450271606,1.2147846221923828,,0.38137656450271606,,,,,,
466,3262,,,1.076796531677246,,0.2435341626405716,0.2435341626405716,,,,
466,3263,,,1.8035328388214111,,0.9703198075294495,0.9703198075294495,,,,
466,3264,,,1.0717235803604126,,0.23859302699565887,0.23859302699565887,,,,
466,3265,,,1.1447397470474243,,0.3116435110569,0.3116435110569,,,,
466,3266,,,1.019760012626648,,0.1866772323846817,0.1866772323846817,,,,
466,3267,,,1.2331087589263916,,0.4000621438026428,0.4000621438026428,,,,
466,3268,,,1.037049651145935,,0.20400682091712952,0.20400682091712952,,,,
,466,,,,,,,,,0.4275432825088501,0.4275432825088501
466,3268,,,,,,,0.4275433123111725,0.4275433123111725,,
466,3268,0.38075801730155945,1.2138910293579102,,0.38075801730155945,,,,,,
467,3269,,,1.3737759590148926,,0.5407627820968628,0.5407627820968628,,,,
467,3270,,,1.085977554321289,,0.25297996401786804,0.25297996401786804,,,,
467,3271,,,1.6850454807281494,,0.8520774841308594,0.8520774841308594,,,,
467,3272,,,1.078220009803772,,0.24530813097953796,0.24530813097953796,,,,
467,3273,,,1.0474443435668945,,0.21454930305480957,0.21454930305480957,,,,
467,3274,,,1.038923978805542,,0.20606565475463867,0.20606565475463867,,,,
467,3275,,,1.1182341575622559,,0.28540173172950745,0.28540173172950745,,,,
,467,,,,,,,,,0.4281611144542694,0.4281611144542694
467,3275,,,,,,,0.4281611144542694,0.4281611144542694,,
467,3275,0.37941473722457886,1.2123490571975708,,0.37941473722457886,,,,,,
468,3276,,,1.103508472442627,,0.270708829164505,0.270708829164505,,,,
468,3277,,,1.134131908416748,,0.30134570598602295,0.30134570598602295,,,,
468,3278,,,1.149190068244934,,0.31642791628837585,0.31642791628837585,,,,
468,3279,,,1.3307894468307495,,0.4980368912220001,0.4980368912220001,,,,
468,3280,,,1.5366528034210205,,0.7039355039596558,0.7039355039596558,,,,
468,3281,,,1.058448076248169,,0.22580671310424805,0.22580671310424805,,,,
468,3282,,,1.0823774337768555,,0.2497607320547104,0.2497607320547104,,,,
,468,,,,,,,,,0.4361000955104828,0.4361000955104828
468,3282,,,,,,,0.4361000955104828,0.4361000955104828,,
468,3282,0.37802696228027344,1.210762619972229,,0.37802696228027344,,,,,,
469,3283,,,0.9904600977897644,,0.15786248445510864,0.15786248445510864,,,,
469,3284,,,1.1529762744903564,,0.32041114568710327,0.32041114568710327,,,,
469,3285,,,1.179085373878479,,0.346523255109787,0.346523255109787,,,,
469,3286,,,1.5891084671020508,,0.7565522789955139,0.7565522789955139,,,,
469,3287,,,1.3073636293411255,,0.47487783432006836,0.47487783432006836,,,,
469,3288,,,1.0602025985717773,,0.2277587205171585,0.2277587205171585,,,,
469,3289,,,1.152672290802002,,0.32025760412216187,0.32025760412216187,,,,
,469,,,,,,,,,0.44789597392082214,0.44789597392082214
469,3289,,,,,,,0.44789597392082214,0.44789597392082214,,
469,3289,0.37711095809936523,1.2096389532089233,,0.37711095809936523,,,,,,
470,3290,,,1.2762010097503662,,0.44381237030029297,0.44381237030029297,,,,
470,3291,,,1.1539301872253418,,0.3215827941894531,0.3215827941894531,,,,
470,3292,,,1.089200496673584,,0.2568855285644531,0.2568855285644531,,,,
470,3293,,,1.6443779468536377,,0.8120781183242798,0.8120781183242798,,,,
470,3294,,,1.0535334348678589,,0.22129970788955688,0.22129970788955688,,,,
470,3295,,,1.0656501054763794,,0.23344436287879944,0.23344436287879944,,,,
470,3296,,,1.1136393547058105,,0.2814621329307556,0.2814621329307556,,,,
,470,,,,,,,,,0.443037748336792,0.443037748336792
470,3296,,,,,,,0.443037748336792,0.443037748336792,,
470,3296,0.3756316006183624,1.2079228162765503,,0.3756316006183624,,,,,,
471,3297,,,1.048459768295288,,0.21628166735172272,0.21628166735172272,,,,
471,3298,,,0.9800112247467041,,0.1478564441204071,0.1478564441204071,,,,
471,3299,,,1.6371490955352783,,0.8050334453582764,0.8050334453582764,,,,
471,3300,,,1.085864543914795,,0.2537994682788849,0.2537994682788849,,,,
471,3301,,,1.0624018907546997,,0.2303651124238968,0.2303651124238968,,,,
471,3302,,,1.390659213066101,,0.5586387515068054,0.5586387515068054,,,,
471,3303,,,1.2969547510147095,,0.46496865153312683,0.46496865153312683,,,,
,471,,,,,,,,,0.4378940165042877,0.4378940165042877
471,3303,,,,,,,0.4378940165042877,0.4378940165042877,,
471,3303,0.37432754039764404,1.206416368484497,,0.37432754039764404,,,,,,
472,3304,,,1.1174747943878174,,0.28549838066101074,0.28549838066101074,,,,
472,3305,,,1.605627179145813,,0.7736610770225525,0.7736610770225525,,,,
472,3306,,,1.1461327075958252,,0.31422215700149536,0.31422215700149536,,,,
472,3307,,,1.2466750144958496,,0.4147803485393524,0.4147803485393524,,,,
472,3308,,,1.1178827285766602,,0.28603601455688477,0.28603601455688477,,,,
472,3309,,,1.086085557937622,,0.25425422191619873,0.25425422191619873,,,,
472,3310,,,0.9608955383300781,,0.1290922909975052,0.1290922909975052,,,,
,472,,,,,,,,,0.4369223713874817,0.4369223713874817
472,3310,,,,,,,0.4369223713874817,0.4369223713874817,,
472,3310,0.3728410601615906,1.2047393321990967,,0.3728410601615906,,,,,,
473,3311,,,1.0981470346450806,,0.2663898169994354,0.2663898169994354,,,,
473,3312,,,1.0333316326141357,,0.20158074796199799,0.20158074796199799,,,,
473,3313,,,1.2726638317108154,,0.440949022769928,0.440949022769928,,,,
473,3314,,,1.2180275917053223,,0.38636425137519836,0.38636425137519836,,,,
473,3315,,,1.141357183456421,,0.3096790313720703,0.3096790313720703,,,,
473,3316,,,1.5457415580749512,,0.714093029499054,0.714093029499054,,,,
473,3317,,,0.9767780303955078,,0.14519737660884857,0.14519737660884857,,,,
,473,,,,,,,,,0.42929607629776,0.42929607629776
473,3317,,,,,,,0.42929607629776,0.42929607629776,,
473,3317,0.3723144829273224,1.2040095329284668,,0.3723144829273224,,,,,,
474,3318,,,1.5991883277893066,,0.7676575779914856,0.7676575779914856,,,,
474,3319,,,1.0381357669830322,,0.20665615797042847,0.20665615797042847,,,,
474,3320,,,1.0890538692474365,,0.25761598348617554,0.25761598348617554,,,,
474,3321,,,1.38247549533844,,0.5510550141334534,0.5510550141334534,,,,
474,3322,,,1.160876750946045,,0.32947033643722534,0.32947033643722534,,,,
474,3323,,,1.0491646528244019,,0.21778258681297302,0.21778258681297302,,,,
474,3324,,,0.9386086463928223,,0.10727249085903168,0.10727249085903168,,,,
,474,,,,,,,,,0.41515475511550903,0.41515475511550903
474,3324,,,,,,,0.41515475511550903,0.41515475511550903,,
474,3324,0.3718376159667969,1.2032742500305176,,0.3718376159667969,,,,,,
475,3325,,,1.1041712760925293,,0.2729085683822632,0.2729085683822632,,,,
475,3326,,,1.0369418859481812,,0.20570090413093567,0.20570090413093567,,,,
475,3327,,,1.489774227142334,,0.6585626602172852,0.6585626602172852,,,,
475,3328,,,1.045788288116455,,0.21467596292495728,0.21467596292495728,,,,
475,3329,,,1.1215795278549194,,0.2904956042766571,0.2904956042766571,,,,
475,3330,,,1.4586381912231445,,0.627590537071228,0.627590537071228,,,,
475,3331,,,1.0596730709075928,,0.22864995896816254,0.22864995896816254,,,,
,475,,,,,,,,,0.4133947789669037,0.4133947789669037
475,3331,,,,,,,0.4133947789669037,0.4133947789669037,,
475,3331,0.36951810121536255,1.2006700038909912,,0.36951810121536255,,,,,,
476,3332,,,1.1171456575393677,,0.28614702820777893,0.28614702820777893,,,,
476,3333,,,0.9779652953147888,,0.14698542654514313,0.14698542654514313,,,,
476,3334,,,0.965336799621582,,0.1343977451324463,0.1343977451324463,,,,
476,3335,,,1.3612315654754639,,0.5303522944450378,0.5303522944450378,,,,
476,3336,,,1.0863054990768433,,0.2554624080657959,0.2554624080657959,,,,
476,3337,,,1.7055996656417847,,0.8747836947441101,0.8747836947441101,,,,
476,3338,,,1.1520180702209473,,0.32124096155166626,0.32124096155166626,,,,
,476,,,,,,,,,0.4159524738788605,0.4159524738788605
476,3338,,,,,,,0.4159524738788605,0.4159524738788605,,
476,3338,0.36840689182281494,1.1993085145950317,,0.36840689182281494,,,,,,
477,3339,,,1.130286693572998,,0.29952272772789,0.29952272772789,,,,
477,3340,,,1.0527093410491943,,0.22197498381137848,0.22197498381137848,,,,
477,3341,,,1.6332640647888184,,0.8025445938110352,0.8025445938110352,,,,
477,3342,,,1.4055440425872803,,0.5748895406723022,0.5748895406723022,,,,
477,3343,,,1.0060495138168335,,0.17541375756263733,0.17541375756263733,,,,
477,3344,,,1.0452779531478882,,0.2146756947040558,0.2146756947040558,,,,
477,3345,,,0.9717467427253723,,0.1411777138710022,0.1411777138710022,,,,
,477,,,,,,,,,0.41196656227111816,0.41196656227111816
477,3345,,,,,,,0.41196656227111816,0.41196656227111816,,
477,3345,0.3673667013645172,1.198045015335083,,0.3673667013645172,,,,,,
478,3346,,,1.3201512098312378,,0.4896261394023895,0.4896261394023895,,,,
478,3347,,,1.06638503074646,,0.23590025305747986,0.23590025305747986,,,,
478,3348,,,1.063600778579712,,0.23314277827739716,0.23314277827739716,,,,
478,3349,,,1.047284722328186,,0.21685531735420227,0.21685531735420227,,,,
478,3350,,,1.1650750637054443,,0.33467215299606323,0.33467215299606323,,,,
478,3351,,,1.5434184074401855,,0.7130135297775269,0.7130135297775269,,,,
478,3352,,,1.1219192743301392,,0.2915966808795929,0.2915966808795929,,,,
,478,,,,,,,,,0.412663072347641,0.412663072347641
478,3352,,,,,,,0.412663072347641,0.412663072347641,,
478,3352,0.36589163541793823,1.1963348388671875,,0.36589163541793823,,,,,,
479,3353,,,1.3825135231018066,,0.5522277355194092,0.5522277355194092,,,,
479,3354,,,1.0852444171905518,,0.25499773025512695,0.25499773025512695,,,,
479,3355,,,0.9834204912185669,,0.15320029854774475,0.15320029854774475,,,,
479,3356,,,1.616450548171997,,0.7862682342529297,0.7862682342529297,,,,
479,3357,,,1.0599596500396729,,0.22985446453094482,0.22985446453094482,,,,
479,3358,,,1.0863598585128784,,0.2562822103500366,0.2562822103500366,,,,
479,3359,,,1.083572268486023,,0.2535191476345062,0.2535191476345062,,,,
,479,,,,,,,,,0.41099727153778076,0.41099727153778076
479,3359,,,,,,,0.4109972417354584,0.4109972417354584,,
479,3359,0.36516082286834717,1.195339322090149,,0.36516082286834717,,,,,,
480,3360,,,1.4012045860290527,,0.5711677670478821,0.5711677670478821,,,,
480,3361,,,1.0388000011444092,,0.20879016816616058,0.20879016816616058,,,,
480,3362,,,1.556496024131775,,0.7265071868896484,0.7265071868896484,,,,
480,3363,,,1.0260664224624634,,0.19614513218402863,0.19614513218402863,,,,
480,3364,,,1.0306963920593262,,0.20081140100955963,0.20081140100955963,,,,
480,3365,,,1.19100022315979,,0.3611549139022827,0.3611549139022827,,,,
480,3366,,,0.9758613109588623,,0.1460261344909668,0.1460261344909668,,,,
,480,,,,,,,,,0.4056476056575775,0.4056476056575775
480,3366,,,,,,,0.4056476056575775,0.4056476056575775,,
480,3366,0.3638174831867218,1.1937587261199951,,0.3638174831867218,,,,,,
481,3367,,,1.0533068180084229,,0.2235313206911087,0.2235313206911087,,,,
481,3368,,,1.8512030839920044,,1.0214691162109375,1.0214691162109375,,,,
481,3369,,,1.0637091398239136,,0.23406168818473816,0.23406168818473816,,,,
481,3370,,,1.120090126991272,,0.2904711067676544,0.2904711067676544,,,,
481,3371,,,1.0559771060943604,,0.22638702392578125,0.22638702392578125,,,,
481,3372,,,1.0646408796310425,,0.23507626354694366,0.23507626354694366,,,,
481,3373,,,1.0458381175994873,,0.21630628407001495,0.21630628407001495,,,,
,481,,,,,,,,,0.39901530742645264,0.39901530742645264
481,3373,,,,,,,0.39901527762413025,0.39901527762413025,,
481,3373,0.36268413066864014,1.1923320293426514,,0.36268413066864014,,,,,,
482,3374,,,1.0020811557769775,,0.1725708395242691,0.1725708395242691,,,,
482,3375,,,1.0724833011627197,,0.24300244450569153,0.24300244450569153,,,,
482,3376,,,1.590626835823059,,0.7611674666404724,0.7611674666404724,,,,
482,3377,,,1.1360746622085571,,0.3066723644733429,0.3066723644733429,,,,
482,3378,,,1.3620883226394653,,0.5327084064483643,0.5327084064483643,,,,
482,3379,,,1.0609322786331177,,0.23158589005470276,0.23158589005470276,,,,
482,3380,,,0.982717752456665,,0.1534130722284317,0.1534130722284317,,,,
,482,,,,,,,,,0.388570100069046,0.388570100069046
482,3380,,,,,,,0.388570100069046,0.388570100069046,,
482,3380,0.36160585284233093,1.1910282373428345,,0.36160585284233093,,,,,,
483,3381,,,1.666402816772461,,0.8371382355690002,0.8371382355690002,,,,
483,3382,,,1.3206286430358887,,0.49141842126846313,0.49141842126846313,,,,
483,3383,,,1.0287809371948242,,0.1996057629585266,0.1996057629585266,,,,
483,3384,,,0.9705862998962402,,0.1414399892091751,0.1414399892091751,,,,
483,3385,,,1.0869306325912476,,0.25783616304397583,0.25783616304397583,,,,
483,3386,,,1.1042675971984863,,0.275206595659256,0.275206595659256,,,,
483,3387,,,1.0908689498901367,,0.2618263363838196,0.2618263363838196,,,,
,483,,,,,,,,,0.3854573965072632,0.3854573965072632
483,3387,,,,,,,0.3854573667049408,0.3854573667049408,,
483,3387,0.36091452836990356,1.1900663375854492,,0.36091452836990356,,,,,,
484,3388,,,1.0787711143493652,,0.24978037178516388,0.24978037178516388,,,,
484,3389,,,1.3207054138183594,,0.49175262451171875,0.49175262451171875,,,,
484,3390,,,1.063214659690857,,0.23430262506008148,0.23430262506008148,,,,
484,3391,,,1.0494682788848877,,0.22058841586112976,0.22058841586112976,,,,
484,3392,,,1.0335642099380493,,0.20471511781215668,0.20471511781215668,,,,
484,3393,,,1.0442605018615723,,0.2154371738433838,0.2154371738433838,,,,
484,3394,,,2.6325957775115967,,1.8037958145141602,1.8037958145141602,,,,
,484,,,,,,,,,0.38937848806381226,0.38937848806381226
484,3394,,,,,,,0.38937848806381226,0.38937848806381226,,
484,3394,0.3596862256526947,1.1885815858840942,,0.3596862256526947,,,,,,
485,3395,,,1.038966417312622,,0.21028900146484375,0.21028900146484375,,,,
485,3396,,,1.058690071105957,,0.23006638884544373,0.23006638884544373,,,,
485,3397,,,1.6404592990875244,,0.8118700981140137,0.8118700981140137,,,,
485,3398,,,1.0404648780822754,,0.21195238828659058,0.21195238828659058,,,,
485,3399,,,1.0599068403244019,,0.2314370572566986,0.2314370572566986,,,,
485,3400,,,1.348423957824707,,0.5199777483940125,0.5199777483940125,,,,
485,3401,,,1.0102397203445435,,0.1818397492170334,0.1818397492170334,,,,
,485,,,,,,,,,0.38799700140953064,0.38799700140953064
485,3401,,,,,,,0.38799700140953064,0.38799700140953064,,
485,3401,0.35824039578437805,1.1867845058441162,,0.35824039578437805,,,,,,
486,3402,,,1.060396671295166,,0.23203258216381073,0.23203258216381073,,,,
486,3403,,,1.058144450187683,,0.22981567680835724,0.22981567680835724,,,,
486,3404,,,0.9691759347915649,,0.1408756971359253,0.1408756971359253,,,,
486,3405,,,1.3312267065048218,,0.5029738545417786,0.5029738545417786,,,,
486,3406,,,1.0836622714996338,,0.2554526925086975,0.2554526925086975,,,,
486,3407,,,1.5688543319702148,,0.7406567931175232,0.7406567931175232,,,,
486,3408,,,1.295588493347168,,0.4674738049507141,0.4674738049507141,,,,
,486,,,,,,,,,0.39080357551574707,0.39080357551574707
486,3408,,,,,,,0.39080357551574707,0.39080357551574707,,
486,3408,0.3571937382221222,1.185459852218628,,0.3571937382221222,,,,,,
487,3409,,,1.0353248119354248,,0.20721903443336487,0.20721903443336487,,,,
487,3410,,,1.6011486053466797,,0.7730711102485657,0.7730711102485657,,,,
487,3411,,,1.0827534198760986,,0.2547421157360077,0.2547421157360077,,,,
487,3412,,,1.3397231101989746,,0.5117369294166565,0.5117369294166565,,,,
487,3413,,,1.0048855543136597,,0.1769443303346634,0.1769443303346634,,,,
487,3414,,,1.0851479768753052,,0.2572450637817383,0.2572450637817383,,,,
487,3415,,,1.0652692317962646,,0.2373935580253601,0.2373935580253601,,,,
,487,,,,,,,,,0.39310845732688904,0.39310845732688904
487,3415,,,,,,,0.39310845732688904,0.39310845732688904,,
487,3415,0.3560755252838135,1.1840721368789673,,0.3560755252838135,,,,,,
488,3416,,,1.054033637046814,,0.2262066751718521,0.2262066751718521,,,,
488,3417,,,1.2846481800079346,,0.45683664083480835,0.45683664083480835,,,,
488,3418,,,1.0983760356903076,,0.2706102430820465,0.2706102430820465,,,,
488,3419,,,1.0718885660171509,,0.24413925409317017,0.24413925409317017,,,,
488,3420,,,1.102218747138977,,0.27450618147850037,0.27450618147850037,,,,
488,3421,,,1.5927342176437378,,0.7650353312492371,0.7650353312492371,,,,
488,3422,,,0.9030488729476929,,0.07542923092842102,0.07542923092842102,,,,
,488,,,,,,,,,0.39015424251556396,0.39015424251556396
488,3422,,,,,,,0.3901542127132416,0.3901542127132416,,
488,3422,0.35539141297340393,1.183143973350525,,0.35539141297340393,,,,,,
489,3423,,,1.2194607257843018,,0.391910582780838,0.391910582780838,,,,
489,3424,,,1.057047724723816,,0.2295670062303543,0.2295670062303543,,,,
489,3425,,,1.094635248184204,,0.26718923449516296,0.26718923449516296,,,,
489,3426,,,1.6150362491607666,,0.7876281142234802,0.7876281142234802,,,,
489,3427,,,1.1140410900115967,,0.28670936822891235,0.28670936822891235,,,,
489,3428,,,1.0289560556411743,,0.2016463428735733,0.2016463428735733,,,,
489,3429,,,1.0789451599121094,,0.25167369842529297,0.25167369842529297,,,,
,489,,,,,,,,,0.4011668562889099,0.4011668562889099
489,3429,,,,,,,0.4011668562889099,0.4011668562889099,,
489,3429,0.35435739159584045,1.181769609451294,,0.35435739159584045,,,,,,
490,3430,,,1.091489315032959,,0.2642418146133423,0.2642418146133423,,,,
490,3431,,,1.031230092048645,,0.20400400459766388,0.20400400459766388,,,,
490,3432,,,1.056061863899231,,0.22885531187057495,0.22885531187057495,,,,
490,3433,,,1.5733699798583984,,0.7461858987808228,0.7461858987808228,,,,
490,3434,,,1.2395209074020386,,0.4124116003513336,0.4124116003513336,,,,
490,3435,,,1.1414039134979248,,0.31437093019485474,0.31437093019485474,,,,
490,3436,,,1.0435880422592163,,0.21658098697662354,0.21658098697662354,,,,
,490,,,,,,,,,0.3987197279930115,0.3987197279930115
490,3436,,,,,,,0.3987197279930115,0.3987197279930115,,
490,3436,0.3531430959701538,1.180301308631897,,0.3531430959701538,,,,,,
491,3437,,,1.0232298374176025,,0.19624613225460052,0.19624613225460052,,,,
491,3438,,,1.0951964855194092,,0.26823940873146057,0.26823940873146057,,,,
491,3439,,,1.0224097967147827,,0.1954795867204666,0.1954795867204666,,,,
491,3440,,,1.0027297735214233,,0.17583204805850983,0.17583204805850983,,,,
491,3441,,,1.2844001054763794,,0.4575399160385132,0.4575399160385132,,,,
491,3442,,,1.1630685329437256,,0.33626577258110046,0.33626577258110046,,,,
491,3443,,,2.465797185897827,,1.6390132904052734,1.6390132904052734,,,,
,491,,,,,,,,,0.3926832377910614,0.3926832377910614
491,3443,,,,,,,0.3926832377910614,0.3926832377910614,,
491,3443,0.3520365357398987,1.1789346933364868,,0.3520365357398987,,,,,,
492,3444,,,1.660362958908081,,0.8336934447288513,0.8336934447288513,,,,
492,3445,,,1.1308577060699463,,0.3042612075805664,0.3042612075805664,,,,
492,3446,,,1.0588124990463257,,0.23223242163658142,0.23223242163658142,,,,
492,3447,,,1.0337074995040894,,0.20716147124767303,0.20716147124767303,,,,
492,3448,,,0.9175734519958496,,0.09104952961206436,0.09104952961206436,,,,
492,3449,,,1.3187012672424316,,0.4922451972961426,0.4922451972961426,,,,
492,3450,,,1.0338295698165894,,0.20742611587047577,0.20742611587047577,,,,
,492,,,,,,,,,0.3918624520301819,0.3918624520301819
492,3450,,,,,,,0.3918624520301819,0.3918624520301819,,
492,3450,0.3511259853839874,1.1776787042617798,,0.3511259853839874,,,,,,
493,3451,,,1.0060979127883911,,0.1797591894865036,0.1797591894865036,,,,
493,3452,,,1.3646823167800903,,0.5383795499801636,0.5383795499801636,,,,
493,3453,,,1.0494191646575928,,0.22317151725292206,0.22317151725292206,,,,
493,3454,,,1.0024173259735107,,0.17621351778507233,0.17621351778507233,,,,
493,3455,,,1.0517464876174927,,0.22558261454105377,0.22558261454105377,,,,
493,3456,,,1.6136984825134277,,0.7875784635543823,0.7875784635543823,,,,
493,3457,,,1.0994995832443237,,0.27344098687171936,0.27344098687171936,,,,
,493,,,,,,,,,0.39177870750427246,0.39177870750427246
493,3457,,,,,,,0.39177870750427246,0.39177870750427246,,
493,3457,0.3503098487854004,1.1765292882919312,,0.3503098487854004,,,,,,
494,3458,,,1.3151748180389404,,0.48914578557014465,0.48914578557014465,,,,
494,3459,,,1.0773128271102905,,0.2513115108013153,0.2513115108013153,,,,
494,3460,,,0.9763462543487549,,0.15037043392658234,0.15037043392658234,,,,
494,3461,,,0.9902309775352478,,0.1643124371767044,0.1643124371767044,,,,
494,3462,,,1.181344985961914,,0.3554719090461731,0.3554719090461731,,,,
494,3463,,,1.5966076850891113,,0.7707465291023254,0.7707465291023254,,,,
494,3464,,,0.9512914419174194,,0.12550349533557892,0.12550349533557892,,,,
,494,,,,,,,,,0.3857231140136719,0.3857231140136719
494,3464,,,,,,,0.3857231140136719,0.3857231140136719,,
494,3464,0.34955644607543945,1.175490379333496,,0.34955644607543945,,,,,,
495,3465,,,1.0519756078720093,,0.22624897956848145,0.22624897956848145,,,,
495,3466,,,1.290649652481079,,0.46495699882507324,0.46495699882507324,,,,
495,3467,,,1.1026126146316528,,0.27697739005088806,0.27697739005088806,,,,
495,3468,,,1.5172395706176758,,0.6916278004646301,0.6916278004646301,,,,
495,3469,,,1.142948031425476,,0.3174246549606323,0.3174246549606323,,,,
495,3470,,,1.026193380355835,,0.2006850391626358,0.2006850391626358,,,,
495,3471,,,0.9464455246925354,,0.12098101526498795,0.12098101526498795,,,,
,495,,,,,,,,,0.3723733425140381,0.3723733425140381
495,3471,,,,,,,0.3723733425140381,0.3723733425140381,,
495,3471,0.3487512171268463,1.1743584871292114,,0.3487512171268463,,,,,,
496,3472,,,1.0802421569824219,,0.2548414468765259,0.2548414468765259,,,,
496,3473,,,1.0332152843475342,,0.20785149931907654,0.20785149931907654,,,,
496,3474,,,1.334588646888733,,0.5092548131942749,0.5092548131942749,,,,
496,3475,,,1.0414464473724365,,0.21616008877754211,0.21616008877754211,,,,
496,3476,,,1.035849690437317,,0.21060006320476532,0.21060006320476532,,,,
496,3477,,,1.5827665328979492,,0.7575410008430481,0.7575410008430481,,,,
496,3478,,,0.9809560775756836,,0.15581631660461426,0.15581631660461426,,,,
,496,,,,,,,,,0.3631369173526764,0.3631369173526764
496,3478,,,,,,,0.3631369173526764,0.3631369173526764,,
496,3478,0.3474007844924927,1.1727006435394287,,0.3474007844924927,,,,,,
497,3479,,,1.0250180959701538,,0.199920192360878,0.199920192360878,,,,
497,3480,,,1.0119060277938843,,0.18684913218021393,0.18684913218021393,,,,
497,3481,,,1.039705514907837,,0.21469268202781677,0.21469268202781677,,,,
497,3482,,,1.6177592277526855,,0.7927941083908081,0.7927941083908081,,,,
497,3483,,,1.08916175365448,,0.26426565647125244,0.26426565647125244,,,,
497,3484,,,1.2867226600646973,,0.46185630559921265,0.46185630559921265,,,,
497,3485,,,1.059509515762329,,0.23469609022140503,0.23469609022140503,,,,
,497,,,,,,,,,0.35087093710899353,0.35087093710899353
497,3485,,,,,,,0.35087093710899353,0.35087093710899353,,
497,3485,0.3464139699935913,1.1713865995407104,,0.3464139699935913,,,,,,
498,3486,,,1.0626922845840454,,0.2378922998905182,0.2378922998905182,,,,
498,3487,,,1.0621775388717651,,0.23740069568157196,0.23740069568157196,,,,
498,3488,,,0.9829782247543335,,0.15822991728782654,0.15822991728782654,,,,
498,3489,,,1.0883573293685913,,0.2636474370956421,0.2636474370956421,,,,
498,3490,,,1.5316135883331299,,0.7069379687309265,0.7069379687309265,,,,
498,3491,,,1.0829970836639404,,0.25839757919311523,0.25839757919311523,,,,
498,3492,,,1.743497610092163,,0.9189282059669495,0.9189282059669495,,,,
,498,,,,,,,,,0.3349940776824951,0.3349940776824951
498,3492,,,,,,,0.3349940776824951,0.3349940776824951,,
498,3492,0.34621238708496094,1.170922040939331,,0.34621238708496094,,,,,,
499,3493,,,1.1384856700897217,,0.31398120522499084,0.31398120522499084,,,,
499,3494,,,1.0121169090270996,,0.18763922154903412,0.18763922154903412,,,,
499,3495,,,1.0529828071594238,,0.2285538762807846,0.2285538762807846,,,,
499,3496,,,1.075446367263794,,0.25104790925979614,0.25104790925979614,,,,
499,3497,,,1.529303789138794,,0.7049300670623779,0.7049300670623779,,,,
499,3498,,,1.018117904663086,,0.19382429122924805,0.19382429122924805,,,,
499,3499,,,1.6729488372802734,,0.8486890196800232,0.8486890196800232,,,,
,499,,,,,,,,,0.3152008354663849,0.3152008354663849
499,3499,,,,,,,0.3152008354663849,0.3152008354663849,,
499,3499,0.34482115507125854,1.1692248582839966,,0.34482115507125854,,,,,,
