epoch,step,train_loss_epoch,train_loss_regularized_epoch,train_loss_regularized_step,train_loss_scaled (x10^0)_epoch,train_loss_scaled (x10^0)_step,train_loss_step,val_loss_epoch,val_loss_scaled (x10^0)_epoch,val_loss_scaled (x10^0)_step,val_loss_step
0,0,,,42.83736038208008,,42.25526428222656,42.25526428222656,,,,
0,1,,,20.666685104370117,,20.085479736328125,20.085479736328125,,,,
0,2,,,22.85898208618164,,22.278472900390625,22.278472900390625,,,,
0,3,,,30.081127166748047,,29.50127601623535,29.50127601623535,,,,
0,4,,,61.82773208618164,,61.24850845336914,61.24850845336914,,,,
0,5,,,40.82708740234375,,40.24848556518555,40.24848556518555,,,,
0,6,,,60.11933517456055,,59.54145050048828,59.54145050048828,,,,
,0,,,,,,,,,3.6690990924835205,3.6690990924835205
0,6,,,,,,,3.6690990924835205,3.6690990924835205,,
0,6,37.324790954589844,37.9048957824707,,37.324790954589844,,,,,,
1,7,,,27.872304916381836,,27.29520034790039,27.29520034790039,,,,
1,8,,,45.30989456176758,,44.73348617553711,44.73348617553711,,,,
1,9,,,32.40777587890625,,31.83209800720215,31.83209800720215,,,,
1,10,,,56.662620544433594,,56.087623596191406,56.087623596191406,,,,
1,11,,,30.627185821533203,,30.05289649963379,30.05289649963379,,,,
1,12,,,46.419071197509766,,45.845489501953125,45.845489501953125,,,,
1,13,,,5.250936985015869,,4.678048133850098,4.678048133850098,,,,
,1,,,,,,,,,3.6475868225097656,3.6475868225097656
1,13,,,,,,,3.6475868225097656,3.6475868225097656,,
1,13,37.270755767822266,37.845951080322266,,37.270755767822266,,,,,,
2,14,,,50.34758377075195,,49.775360107421875,49.775360107421875,,,,
2,15,,,34.673789978027344,,34.10238265991211,34.10238265991211,,,,
2,16,,,46.88893508911133,,46.31825637817383,46.31825637817383,,,,
2,17,,,45.40542221069336,,44.83548355102539,44.83548355102539,,,,
2,18,,,26.770099639892578,,26.20094871520996,26.20094871520996,,,,
2,19,,,25.686452865600586,,25.11807632446289,25.11807632446289,,,,
2,20,,,29.6151180267334,,29.04753303527832,29.04753303527832,,,,
,2,,,,,,,,,3.623436212539673,3.623436212539673
2,20,,,,,,,3.623436212539673,3.623436212539673,,
2,20,37.214637756347656,37.78477478027344,,37.214637756347656,,,,,,
3,21,,,76.63239288330078,,76.06556701660156,76.06556701660156,,,,
3,22,,,30.69733428955078,,30.13131332397461,30.13131332397461,,,,
3,23,,,28.405977249145508,,27.840686798095703,27.840686798095703,,,,
3,24,,,19.154499053955078,,18.590059280395508,18.590059280395508,,,,
3,25,,,32.02540969848633,,31.4617862701416,31.4617862701416,,,,
3,26,,,34.10302734375,,33.54022979736328,33.54022979736328,,,,
3,27,,,51.80828857421875,,51.246307373046875,51.246307373046875,,,,
,3,,,,,,,,,3.5978407859802246,3.5978407859802246
3,27,,,,,,,3.5978407859802246,3.5978407859802246,,
3,27,37.152469635009766,37.71713638305664,,37.152469635009766,,,,,,
4,28,,,34.59721374511719,,34.036067962646484,34.036067962646484,,,,
4,29,,,38.45794677734375,,37.89766311645508,37.89766311645508,,,,
4,30,,,33.958961486816406,,33.39942169189453,33.39942169189453,,,,
4,31,,,41.073909759521484,,40.5152702331543,40.5152702331543,,,,
4,32,,,44.80298614501953,,44.24514389038086,44.24514389038086,,,,
4,33,,,24.973493576049805,,24.416475296020508,24.416475296020508,,,,
4,34,,,58.98680877685547,,58.43061828613281,58.43061828613281,,,,
,4,,,,,,,,,3.571352005004883,3.571352005004883
4,34,,,,,,,3.571352005004883,3.571352005004883,,
4,34,37.08572769165039,37.64463806152344,,37.08572769165039,,,,,,
5,35,,,45.95771408081055,,45.402400970458984,45.402400970458984,,,,
5,36,,,26.10268211364746,,25.548206329345703,25.548206329345703,,,,
5,37,,,22.49156951904297,,21.937969207763672,21.937969207763672,,,,
5,38,,,41.2778434753418,,40.72507095336914,40.72507095336914,,,,
5,39,,,37.69466781616211,,37.14269256591797,37.14269256591797,,,,
5,40,,,36.086238861083984,,35.53510665893555,35.53510665893555,,,,
5,41,,,79.7317123413086,,79.18143463134766,79.18143463134766,,,,
,5,,,,,,,,,3.5438218116760254,3.5438218116760254
5,41,,,,,,,3.5438218116760254,3.5438218116760254,,
5,41,37.01717758178711,37.570213317871094,,37.01717758178711,,,,,,
6,42,,,19.095766067504883,,18.546348571777344,18.546348571777344,,,,
6,43,,,54.04389953613281,,53.49528884887695,53.49528884887695,,,,
6,44,,,23.9732608795166,,23.425537109375,23.425537109375,,,,
6,45,,,48.144046783447266,,47.59712219238281,47.59712219238281,,,,
6,46,,,30.6165828704834,,30.070558547973633,30.070558547973633,,,,
6,47,,,45.730262756347656,,45.18508529663086,45.18508529663086,,,,
6,48,,,46.45536422729492,,45.910972595214844,45.910972595214844,,,,
,6,,,,,,,,,3.5164520740509033,3.5164520740509033
6,48,,,,,,,3.5164520740509033,3.5164520740509033,,
6,48,36.9469108581543,37.49405288696289,,36.9469108581543,,,,,,
7,49,,,42.387481689453125,,41.844093322753906,41.844093322753906,,,,
7,50,,,64.23709869384766,,63.69453811645508,63.69453811645508,,,,
7,51,,,32.62675857543945,,32.085052490234375,32.085052490234375,,,,
7,52,,,14.350276947021484,,13.80946159362793,13.80946159362793,,,,
7,53,,,53.15003204345703,,52.610069274902344,52.610069274902344,,,,
7,54,,,22.682851791381836,,22.143739700317383,22.143739700317383,,,,
7,55,,,24.30701446533203,,23.76877212524414,23.76877212524414,,,,
,7,,,,,,,,,3.4896080493927,3.4896080493927
7,55,,,,,,,3.4896080493927,3.4896080493927,,
7,55,36.87846755981445,37.41954803466797,,36.87846755981445,,,,,,
8,56,,,38.37693786621094,,37.839481353759766,37.839481353759766,,,,
8,57,,,48.950294494628906,,48.41371536254883,48.41371536254883,,,,
8,58,,,27.260019302368164,,26.72425651550293,26.72425651550293,,,,
8,59,,,49.325443267822266,,48.79056930541992,48.79056930541992,,,,
8,60,,,33.007171630859375,,32.47315979003906,32.47315979003906,,,,
8,61,,,27.32915687561035,,26.796018600463867,26.796018600463867,,,,
8,62,,,36.851165771484375,,36.31888961791992,36.31888961791992,,,,
,8,,,,,,,,,3.4624335765838623,3.4624335765838623
8,62,,,,,,,3.4624335765838623,3.4624335765838623,,
8,62,36.80890655517578,37.344032287597656,,36.80890655517578,,,,,,
9,63,,,20.305967330932617,,19.774444580078125,19.774444580078125,,,,
9,64,,,28.031700134277344,,27.5009708404541,27.5009708404541,,,,
9,65,,,30.20148277282715,,29.67156219482422,29.67156219482422,,,,
9,66,,,52.86381149291992,,52.33476638793945,52.33476638793945,,,,
9,67,,,42.99188232421875,,42.46370315551758,42.46370315551758,,,,
9,68,,,45.45418167114258,,44.9268684387207,44.9268684387207,,,,
9,69,,,47.263816833496094,,46.73744583129883,46.73744583129883,,,,
,9,,,,,,,,,3.4347803592681885,3.4347803592681885
9,69,,,,,,,3.4347803592681885,3.4347803592681885,,
9,69,36.73707580566406,37.2663459777832,,36.73707580566406,,,,,,
10,70,,,33.642818450927734,,33.117313385009766,33.117313385009766,,,,
10,71,,,45.74369812011719,,45.21906661987305,45.21906661987305,,,,
10,72,,,17.78834342956543,,17.264659881591797,17.264659881591797,,,,
10,73,,,28.61660385131836,,28.093725204467773,28.093725204467773,,,,
10,74,,,47.18635559082031,,46.66440963745117,46.66440963745117,,,,
10,75,,,53.665035247802734,,53.14393615722656,53.14393615722656,,,,
10,76,,,27.837263107299805,,27.317007064819336,27.317007064819336,,,,
,10,,,,,,,,,3.4068572521209717,3.4068572521209717
10,76,,,,,,,3.4068572521209717,3.4068572521209717,,
10,76,36.666194915771484,37.189308166503906,,36.666194915771484,,,,,,
11,77,,,35.92338943481445,,35.40397644042969,35.40397644042969,,,,
11,78,,,34.18785095214844,,33.66929244995117,33.66929244995117,,,,
11,79,,,22.748323440551758,,22.230663299560547,22.230663299560547,,,,
11,80,,,66.39847564697266,,65.88172149658203,65.88172149658203,,,,
11,81,,,44.80678176879883,,44.290916442871094,44.290916442871094,,,,
11,82,,,15.65382194519043,,15.138826370239258,15.138826370239258,,,,
11,83,,,44.96810531616211,,44.453922271728516,44.453922271728516,,,,
,11,,,,,,,,,3.3775644302368164,3.3775644302368164
11,83,,,,,,,3.3775646686553955,3.3775646686553955,,
11,83,36.59382629394531,37.1108512878418,,36.59382629394531,,,,,,
12,84,,,32.038997650146484,,31.525774002075195,31.525774002075195,,,,
12,85,,,44.84725570678711,,44.334861755371094,44.334861755371094,,,,
12,86,,,35.53862762451172,,35.027061462402344,35.027061462402344,,,,
12,87,,,51.10124969482422,,50.590606689453125,50.590606689453125,,,,
12,88,,,24.104249954223633,,23.59453582763672,23.59453582763672,,,,
12,89,,,41.934818267822266,,41.42601776123047,41.42601776123047,,,,
12,90,,,17.30596160888672,,16.798009872436523,16.798009872436523,,,,
,12,,,,,,,,,3.3481199741363525,3.3481199741363525
12,90,,,,,,,3.3481199741363525,3.3481199741363525,,
12,90,36.51735305786133,37.028221130371094,,36.51735305786133,,,,,,
13,91,,,41.806522369384766,,41.29954147338867,41.29954147338867,,,,
13,92,,,29.526477813720703,,29.020463943481445,29.020463943481445,,,,
13,93,,,30.530122756958008,,30.024934768676758,30.024934768676758,,,,
13,94,,,24.810216903686523,,24.30590057373047,24.30590057373047,,,,
13,95,,,51.76994705200195,,51.266483306884766,51.266483306884766,,,,
13,96,,,42.03557205200195,,41.53293228149414,41.53293228149414,,,,
13,97,,,40.11398696899414,,39.61235046386719,39.61235046386719,,,,
,13,,,,,,,,,3.317443609237671,3.317443609237671
13,97,,,,,,,3.317443609237671,3.317443609237671,,
13,97,36.43998336791992,36.94456481933594,,36.43998336791992,,,,,,
14,98,,,58.81157302856445,,58.310882568359375,58.310882568359375,,,,
14,99,,,41.277992248535156,,40.77813720703125,40.77813720703125,,,,
14,100,,,16.805973052978516,,16.307052612304688,16.307052612304688,,,,
14,101,,,29.371559143066406,,28.87348175048828,28.87348175048828,,,,
14,102,,,31.04347801208496,,30.546274185180664,30.546274185180664,,,,
14,103,,,29.85508155822754,,29.35869789123535,29.35869789123535,,,,
14,104,,,74.14909362792969,,73.65376281738281,73.65376281738281,,,,
,14,,,,,,,,,3.2843103408813477,3.2843103408813477
14,104,,,,,,,3.2843105792999268,3.2843105792999268,,
14,104,36.359954833984375,36.85828399658203,,36.359954833984375,,,,,,
15,105,,,26.779069900512695,,26.284753799438477,26.284753799438477,,,,
15,106,,,46.945011138916016,,46.45171356201172,46.45171356201172,,,,
15,107,,,51.1362190246582,,50.643775939941406,50.643775939941406,,,,
15,108,,,22.65430450439453,,22.16282844543457,22.16282844543457,,,,
15,109,,,35.345211029052734,,34.85463333129883,34.85463333129883,,,,
15,110,,,44.39020919799805,,43.9005126953125,43.9005126953125,,,,
15,111,,,19.03221893310547,,18.54344367980957,18.54344367980957,,,,
,15,,,,,,,,,3.2506158351898193,3.2506158351898193
15,111,,,,,,,3.2506158351898193,3.2506158351898193,,
15,111,36.27482604980469,36.76660919189453,,36.27482604980469,,,,,,
16,112,,,27.75274085998535,,27.26474952697754,27.26474952697754,,,,
16,113,,,31.270061492919922,,30.782960891723633,30.782960891723633,,,,
16,114,,,32.56162643432617,,32.0754280090332,32.0754280090332,,,,
16,115,,,51.412437438964844,,50.927181243896484,50.927181243896484,,,,
16,116,,,38.61509704589844,,38.13077926635742,38.13077926635742,,,,
16,117,,,48.30556106567383,,47.8222541809082,47.8222541809082,,,,
16,118,,,10.32784652709961,,9.845417976379395,9.845417976379395,,,,
,16,,,,,,,,,3.2152295112609863,3.2152295112609863
16,118,,,,,,,3.2152295112609863,3.2152295112609863,,
16,118,36.1875114440918,36.673011779785156,,36.1875114440918,,,,,,
17,119,,,24.251651763916016,,23.769975662231445,23.769975662231445,,,,
17,120,,,48.732967376708984,,48.25224304199219,48.25224304199219,,,,
17,121,,,28.847427368164062,,28.367631912231445,28.367631912231445,,,,
17,122,,,30.177589416503906,,29.698678970336914,29.698678970336914,,,,
17,123,,,41.04050827026367,,40.56250762939453,40.56250762939453,,,,
17,124,,,37.89177322387695,,37.414676666259766,37.414676666259766,,,,
17,125,,,59.2777099609375,,58.80159378051758,58.80159378051758,,,,
,17,,,,,,,,,3.175337553024292,3.175337553024292
17,125,,,,,,,3.175337553024292,3.175337553024292,,
17,125,36.096675872802734,36.57585525512695,,36.096675872802734,,,,,,
18,126,,,16.514890670776367,,16.039663314819336,16.039663314819336,,,,
18,127,,,60.88190460205078,,60.40752410888672,60.40752410888672,,,,
18,128,,,41.031856536865234,,40.55852508544922,40.55852508544922,,,,
18,129,,,57.16225814819336,,56.68986892700195,56.68986892700195,,,,
18,130,,,25.04498863220215,,24.57354164123535,24.57354164123535,,,,
18,131,,,25.00150489807129,,24.53101348876953,24.53101348876953,,,,
18,132,,,18.281070709228516,,17.811458587646484,17.811458587646484,,,,
,18,,,,,,,,,3.131425380706787,3.131425380706787
18,132,,,,,,,3.131425380706787,3.131425380706787,,
18,132,35.99677276611328,36.469459533691406,,35.99677276611328,,,,,,
19,133,,,12.61255931854248,,12.143936157226562,12.143936157226562,,,,
19,134,,,38.35371398925781,,37.885955810546875,37.885955810546875,,,,
19,135,,,34.804447174072266,,34.33760452270508,34.33760452270508,,,,
19,136,,,54.18488693237305,,53.71903991699219,53.71903991699219,,,,
19,137,,,29.452621459960938,,28.987655639648438,28.987655639648438,,,,
19,138,,,45.78943634033203,,45.32549285888672,45.32549285888672,,,,
19,139,,,44.092742919921875,,43.629722595214844,43.629722595214844,,,,
,19,,,,,,,,,3.0806617736816406,3.0806617736816406
19,139,,,,,,,3.0806617736816406,3.0806617736816406,,
19,139,35.88405227661133,36.35018539428711,,35.88405227661133,,,,,,
20,140,,,36.58955001831055,,36.12778091430664,36.12778091430664,,,,
20,141,,,35.46931457519531,,35.008522033691406,35.008522033691406,,,,
20,142,,,21.392547607421875,,20.93278694152832,20.93278694152832,,,,
20,143,,,46.70353698730469,,46.24467468261719,46.24467468261719,,,,
20,144,,,38.69671630859375,,38.238929748535156,38.238929748535156,,,,
20,145,,,32.227699279785156,,31.770870208740234,31.770870208740234,,,,
20,146,,,52.81058883666992,,52.35469055175781,52.35469055175781,,,,
,20,,,,,,,,,3.019465446472168,3.019465446472168
20,146,,,,,,,3.019465208053589,3.019465208053589,,
20,146,35.757896423339844,36.21699523925781,,35.757896423339844,,,,,,
21,147,,,30.80316734313965,,30.348230361938477,30.348230361938477,,,,
21,148,,,38.653072357177734,,38.199092864990234,38.199092864990234,,,,
21,149,,,21.93720054626465,,21.484214782714844,21.484214782714844,,,,
21,150,,,47.83850860595703,,47.386539459228516,47.386539459228516,,,,
21,151,,,34.6890869140625,,34.2381591796875,34.2381591796875,,,,
21,152,,,30.62568473815918,,30.1757755279541,30.1757755279541,,,,
21,153,,,67.52164459228516,,67.07264709472656,67.07264709472656,,,,
,21,,,,,,,,,2.9431352615356445,2.9431352615356445
21,153,,,,,,,2.9431354999542236,2.9431354999542236,,
21,153,35.60537338256836,36.057621002197266,,35.60537338256836,,,,,,
22,154,,,26.50873374938965,,26.06069564819336,26.06069564819336,,,,
22,155,,,41.24217224121094,,40.795047760009766,40.795047760009766,,,,
22,156,,,44.91374588012695,,44.46754455566406,44.46754455566406,,,,
22,157,,,45.16886520385742,,44.72380065917969,44.72380065917969,,,,
22,158,,,19.957448959350586,,19.513338088989258,19.513338088989258,,,,
22,159,,,41.75223159790039,,41.30916213989258,41.30916213989258,,,,
22,160,,,24.22623634338379,,23.784141540527344,23.784141540527344,,,,
,22,,,,,,,,,2.8497109413146973,2.8497109413146973
22,160,,,,,,,2.8497109413146973,2.8497109413146973,,
22,160,35.417823791503906,35.86322021484375,,35.417823791503906,,,,,,
23,161,,,42.93507766723633,,42.494075775146484,42.494075775146484,,,,
23,162,,,24.408313751220703,,23.968305587768555,23.968305587768555,,,,
23,163,,,32.00355911254883,,31.564693450927734,31.564693450927734,,,,
23,164,,,36.51720428466797,,36.079227447509766,36.079227447509766,,,,
23,165,,,52.59375762939453,,52.15684509277344,52.15684509277344,,,,
23,166,,,31.732852935791016,,31.297039031982422,31.297039031982422,,,,
23,167,,,18.418903350830078,,17.98408317565918,17.98408317565918,,,,
,23,,,,,,,,,2.7309443950653076,2.7309443950653076
23,167,,,,,,,2.7309443950653076,2.7309443950653076,,
23,167,35.184974670410156,35.623191833496094,,35.184974670410156,,,,,,
24,168,,,21.92904281616211,,21.495054244995117,21.495054244995117,,,,
24,169,,,36.83833694458008,,36.40533447265625,36.40533447265625,,,,
24,170,,,33.10759735107422,,32.675559997558594,32.675559997558594,,,,
24,171,,,51.37819290161133,,50.947227478027344,50.947227478027344,,,,
24,172,,,23.93313980102539,,23.503210067749023,23.503210067749023,,,,
24,173,,,33.7003173828125,,33.271484375,33.271484375,,,,
24,174,,,64.62667083740234,,64.19882202148438,64.19882202148438,,,,
,24,,,,,,,,,2.576570987701416,2.576570987701416
24,174,,,,,,,2.576570987701416,2.576570987701416,,
24,174,34.8819465637207,35.31319808959961,,34.8819465637207,,,,,,
25,175,,,41.62165832519531,,41.19488525390625,41.19488525390625,,,,
25,176,,,40.51572799682617,,40.09009552001953,40.09009552001953,,,,
25,177,,,24.303956985473633,,23.879470825195312,23.879470825195312,,,,
25,178,,,23.09322166442871,,22.669649124145508,22.669649124145508,,,,
25,179,,,32.034507751464844,,31.611955642700195,31.611955642700195,,,,
25,180,,,53.82539749145508,,53.40385055541992,53.40385055541992,,,,
25,181,,,19.125646591186523,,18.705217361450195,18.705217361450195,,,,
,25,,,,,,,,,2.3926992416381836,2.3926992416381836
25,181,,,,,,,2.3926990032196045,2.3926990032196045,,
25,181,34.488529205322266,34.91240310668945,,34.488529205322266,,,,,,
26,182,,,28.39910316467285,,27.979564666748047,27.979564666748047,,,,
26,183,,,30.833045959472656,,30.414531707763672,30.414531707763672,,,,
26,184,,,45.43272399902344,,45.015323638916016,45.015323638916016,,,,
26,185,,,29.845111846923828,,29.42881202697754,29.42881202697754,,,,
26,186,,,28.414997100830078,,27.999670028686523,27.999670028686523,,,,
26,187,,,43.962371826171875,,43.54799270629883,43.54799270629883,,,,
26,188,,,33.35044479370117,,32.93720245361328,32.93720245361328,,,,
,26,,,,,,,,,2.1715877056121826,2.1715877056121826
26,188,,,,,,,2.1715877056121826,2.1715877056121826,,
26,188,33.998016357421875,34.41470718383789,,33.998016357421875,,,,,,
27,189,,,43.363433837890625,,42.951324462890625,42.951324462890625,,,,
27,190,,,32.20465850830078,,31.793672561645508,31.793672561645508,,,,
27,191,,,19.690792083740234,,19.280841827392578,19.280841827392578,,,,
27,192,,,34.411006927490234,,34.00209426879883,34.00209426879883,,,,
27,193,,,25.82086753845215,,25.413034439086914,25.413034439086914,,,,
27,194,,,51.76316833496094,,51.35641860961914,51.35641860961914,,,,
27,195,,,21.63862419128418,,21.232980728149414,21.232980728149414,,,,
,27,,,,,,,,,1.917824387550354,1.917824387550354
27,195,,,,,,,1.917824387550354,1.917824387550354,,
27,195,33.37407684326172,33.78327941894531,,33.37407684326172,,,,,,
28,196,,,42.1873893737793,,41.78268051147461,41.78268051147461,,,,
28,197,,,17.986169815063477,,17.582454681396484,17.582454681396484,,,,
28,198,,,35.66379928588867,,35.26108932495117,35.26108932495117,,,,
28,199,,,35.56057357788086,,35.15902328491211,35.15902328491211,,,,
28,200,,,55.15751647949219,,54.757015228271484,54.757015228271484,,,,
28,201,,,18.07674217224121,,17.677555084228516,17.677555084228516,,,,
28,202,,,15.263081550598145,,14.86482048034668,14.86482048034668,,,,
,28,,,,,,,,,1.6318608522415161,1.6318608522415161
28,202,,,,,,,1.6318608522415161,1.6318608522415161,,
28,202,32.595157623291016,32.99699401855469,,32.595157623291016,,,,,,
29,203,,,34.78082275390625,,34.383514404296875,34.383514404296875,,,,
29,204,,,45.02085876464844,,44.62459182739258,44.62459182739258,,,,
29,205,,,34.51454162597656,,34.11936569213867,34.11936569213867,,,,
29,206,,,16.79200553894043,,16.398096084594727,16.398096084594727,,,,
29,207,,,28.34691619873047,,27.953937530517578,27.953937530517578,,,,
29,208,,,34.413047790527344,,34.02119445800781,34.02119445800781,,,,
29,209,,,27.297954559326172,,26.907026290893555,26.907026290893555,,,,
,29,,,,,,,,,1.3201910257339478,1.3201910257339478
29,209,,,,,,,1.3201910257339478,1.3201910257339478,,
29,209,31.62209129333496,32.016456604003906,,31.62209129333496,,,,,,
30,210,,,27.2597599029541,,26.869874954223633,26.869874954223633,,,,
30,211,,,10.308708190917969,,9.919899940490723,9.919899940490723,,,,
30,212,,,23.259700775146484,,22.871728897094727,22.871728897094727,,,,
30,213,,,57.48486328125,,57.0978889465332,57.0978889465332,,,,
30,214,,,39.1495246887207,,38.76374816894531,38.76374816894531,,,,
30,215,,,35.44379806518555,,35.059181213378906,35.059181213378906,,,,
30,216,,,8.236111640930176,,7.852585315704346,7.852585315704346,,,,
,30,,,,,,,,,1.0344966650009155,1.0344966650009155
30,216,,,,,,,1.0344966650009155,1.0344966650009155,,
30,216,30.35718536376953,30.744298934936523,,30.35718536376953,,,,,,
31,217,,,22.980281829833984,,22.597583770751953,22.597583770751953,,,,
31,218,,,24.335237503051758,,23.95344352722168,23.95344352722168,,,,
31,219,,,29.486757278442383,,29.10599136352539,29.10599136352539,,,,
31,220,,,33.49812316894531,,33.11854553222656,33.11854553222656,,,,
31,221,,,22.479122161865234,,22.100536346435547,22.100536346435547,,,,
31,222,,,38.2150993347168,,37.837501525878906,37.837501525878906,,,,
31,223,,,41.777442932128906,,41.40089797973633,41.40089797973633,,,,
,31,,,,,,,,,0.8295444250106812,0.8295444250106812
31,223,,,,,,,0.8295444250106812,0.8295444250106812,,
31,223,28.900222778320312,29.280181884765625,,28.900222778320312,,,,,,
32,224,,,38.62409591674805,,38.248538970947266,38.248538970947266,,,,
32,225,,,29.6837100982666,,29.309207916259766,29.309207916259766,,,,
32,226,,,20.646520614624023,,20.2730655670166,20.2730655670166,,,,
32,227,,,35.541748046875,,35.169307708740234,35.169307708740234,,,,
32,228,,,4.767602920532227,,4.396200180053711,4.396200180053711,,,,
32,229,,,46.386898040771484,,46.01620101928711,46.01620101928711,,,,
32,230,,,1.0303020477294922,,0.6607545614242554,0.6607545614242554,,,,
,32,,,,,,,,,0.8085602521896362,0.8085602521896362
32,230,,,,,,,0.8085602521896362,0.8085602521896362,,
32,230,27.240833282470703,27.61363983154297,,27.240833282470703,,,,,,
33,231,,,32.18157958984375,,31.812612533569336,31.812612533569336,,,,
33,232,,,16.024547576904297,,15.656554222106934,15.656554222106934,,,,
33,233,,,21.09160614013672,,20.724565505981445,20.724565505981445,,,,
33,234,,,32.45423889160156,,32.08799743652344,32.08799743652344,,,,
33,235,,,33.4970588684082,,33.13176345825195,33.13176345825195,,,,
33,236,,,25.710920333862305,,25.3466796875,25.3466796875,,,,
33,237,,,11.231739044189453,,10.868371963500977,10.868371963500977,,,,
,33,,,,,,,,,0.9981731176376343,0.9981731176376343
33,237,,,,,,,0.9981731176376343,0.9981731176376343,,
33,237,25.54287338256836,25.90930938720703,,25.54287338256836,,,,,,
34,238,,,38.30436706542969,,37.94169998168945,37.94169998168945,,,,
34,239,,,15.152460098266602,,14.790854454040527,14.790854454040527,,,,
34,240,,,20.470571517944336,,20.109682083129883,20.109682083129883,,,,
34,241,,,23.66578483581543,,23.30571746826172,23.30571746826172,,,,
34,242,,,19.5344295501709,,19.175207138061523,19.175207138061523,,,,
34,243,,,22.781522750854492,,22.423187255859375,22.423187255859375,,,,
34,244,,,37.59812545776367,,37.2406120300293,37.2406120300293,,,,
,34,,,,,,,,,1.5064715147018433,1.5064715147018433
34,244,,,,,,,1.5064715147018433,1.5064715147018433,,
34,244,23.797895431518555,24.158184051513672,,23.797895431518555,,,,,,
35,245,,,34.84634017944336,,34.489784240722656,34.489784240722656,,,,
35,246,,,16.470603942871094,,16.115081787109375,16.115081787109375,,,,
35,247,,,13.808256149291992,,13.453407287597656,13.453407287597656,,,,
35,248,,,29.45101547241211,,29.096837997436523,29.096837997436523,,,,
35,249,,,26.740901947021484,,26.38762664794922,26.38762664794922,,,,
35,250,,,16.299985885620117,,15.947562217712402,15.947562217712402,,,,
35,251,,,11.947833061218262,,11.596108436584473,11.596108436584473,,,,
,35,,,,,,,,,2.2958266735076904,2.2958266735076904
35,251,,,,,,,2.2958266735076904,2.2958266735076904,,
35,251,21.935503005981445,22.289812088012695,,21.935503005981445,,,,,,
36,252,,,24.88614845275879,,24.535070419311523,24.535070419311523,,,,
36,253,,,24.397266387939453,,24.046951293945312,24.046951293945312,,,,
36,254,,,15.515996932983398,,15.166499137878418,15.166499137878418,,,,
36,255,,,20.557193756103516,,20.20836067199707,20.20836067199707,,,,
36,256,,,19.84507179260254,,19.497005462646484,19.497005462646484,,,,
36,257,,,22.211658477783203,,21.86427879333496,21.86427879333496,,,,
36,258,,,8.992775917053223,,8.64609432220459,8.64609432220459,,,,
,36,,,,,,,,,3.419848680496216,3.419848680496216
36,258,,,,,,,3.419848680496216,3.419848680496216,,
36,258,20.166345596313477,20.515392303466797,,20.166345596313477,,,,,,
37,259,,,16.03457260131836,,15.688480377197266,15.688480377197266,,,,
37,260,,,16.499086380004883,,16.153589248657227,16.153589248657227,,,,
37,261,,,13.860694885253906,,13.515869140625,13.515869140625,,,,
37,262,,,21.99399185180664,,21.649721145629883,21.649721145629883,,,,
37,263,,,23.300140380859375,,22.95644760131836,22.95644760131836,,,,
37,264,,,22.149003982543945,,21.8060302734375,21.8060302734375,,,,
37,265,,,16.14535140991211,,15.803116798400879,15.803116798400879,,,,
,37,,,,,,,,,4.856236457824707,4.856236457824707
37,265,,,,,,,4.856236457824707,4.856236457824707,,
37,265,18.46216583251953,18.80658721923828,,18.46216583251953,,,,,,
38,266,,,20.560361862182617,,20.218780517578125,20.218780517578125,,,,
38,267,,,23.30282974243164,,22.961896896362305,22.961896896362305,,,,
38,268,,,22.183574676513672,,21.843290328979492,21.843290328979492,,,,
38,269,,,13.879648208618164,,13.540040016174316,13.540040016174316,,,,
38,270,,,17.5567626953125,,17.217573165893555,17.217573165893555,,,,
38,271,,,9.506730079650879,,9.168121337890625,9.168121337890625,,,,
38,272,,,9.189014434814453,,8.850919723510742,8.850919723510742,,,,
,38,,,,,,,,,6.433022499084473,6.433022499084473
38,272,,,,,,,6.433022499084473,6.433022499084473,,
38,272,16.983341217041016,17.323259353637695,,16.983341217041016,,,,,,
39,273,,,12.174598693847656,,11.836896896362305,11.836896896362305,,,,
39,274,,,27.429597854614258,,27.092256546020508,27.092256546020508,,,,
39,275,,,14.562396049499512,,14.225776672363281,14.225776672363281,,,,
39,276,,,17.633756637573242,,17.297592163085938,17.297592163085938,,,,
39,277,,,13.274161338806152,,12.938400268554688,12.938400268554688,,,,
39,278,,,15.718648910522461,,15.383416175842285,15.383416175842285,,,,
39,279,,,3.298643112182617,,2.9639179706573486,2.9639179706573486,,,,
,39,,,,,,,,,7.789298057556152,7.789298057556152
39,279,,,,,,,7.789298057556152,7.789298057556152,,
39,279,15.66836166381836,16.004730224609375,,15.66836166381836,,,,,,
40,280,,,16.270423889160156,,15.935957908630371,15.935957908630371,,,,
40,281,,,16.589900970458984,,16.255870819091797,16.255870819091797,,,,
40,282,,,11.146873474121094,,10.813314437866211,10.813314437866211,,,,
40,283,,,15.986355781555176,,15.653145790100098,15.653145790100098,,,,
40,284,,,16.676345825195312,,16.34358024597168,16.34358024597168,,,,
40,285,,,14.48526382446289,,14.152896881103516,14.152896881103516,,,,
40,286,,,11.074044227600098,,10.74208927154541,10.74208927154541,,,,
,40,,,,,,,,,9.198188781738281,9.198188781738281
40,286,,,,,,,9.198188781738281,9.198188781738281,,
40,286,14.616949081420898,14.950263977050781,,14.616949081420898,,,,,,
41,287,,,7.597352504730225,,7.265818119049072,7.265818119049072,,,,
41,288,,,21.46630096435547,,21.135107040405273,21.135107040405273,,,,
41,289,,,17.780607223510742,,17.449926376342773,17.449926376342773,,,,
41,290,,,17.349807739257812,,17.019508361816406,17.019508361816406,,,,
41,291,,,12.5589017868042,,12.22906494140625,12.22906494140625,,,,
41,292,,,7.694249629974365,,7.364676475524902,7.364676475524902,,,,
41,293,,,14.087228775024414,,13.757875442504883,13.757875442504883,,,,
,41,,,,,,,,,10.603257179260254,10.603257179260254
41,293,,,,,,,10.603257179260254,10.603257179260254,,
41,293,13.744832038879395,14.075284004211426,,13.744832038879395,,,,,,
42,294,,,15.312308311462402,,14.983345985412598,14.983345985412598,,,,
42,295,,,15.647966384887695,,15.31933307647705,15.31933307647705,,,,
42,296,,,4.442793369293213,,4.114551544189453,4.114551544189453,,,,
42,297,,,14.933387756347656,,14.60527515411377,14.60527515411377,,,,
42,298,,,14.090875625610352,,13.763093948364258,13.763093948364258,,,,
42,299,,,14.557065963745117,,14.229665756225586,14.229665756225586,,,,
42,300,,,14.905057907104492,,14.577967643737793,14.577967643737793,,,,
,42,,,,,,,,,11.756993293762207,11.756993293762207
42,300,,,,,,,11.756993293762207,11.756993293762207,,
42,300,12.938353538513184,13.26647663116455,,12.938353538513184,,,,,,
43,301,,,15.851326942443848,,15.524497985839844,15.524497985839844,,,,
43,302,,,14.177906036376953,,13.851430892944336,13.851430892944336,,,,
43,303,,,15.205086708068848,,14.878971099853516,14.878971099853516,,,,
43,304,,,10.300053596496582,,9.974225044250488,9.974225044250488,,,,
43,305,,,6.984614372253418,,6.659122943878174,6.659122943878174,,,,
43,306,,,14.16353702545166,,13.838188171386719,13.838188171386719,,,,
43,307,,,10.584176063537598,,10.25904655456543,10.25904655456543,,,,
,43,,,,,,,,,12.71837043762207,12.71837043762207
43,307,,,,,,,12.71837043762207,12.71837043762207,,
43,307,12.32526683807373,12.651229858398438,,12.32526683807373,,,,,,
44,308,,,16.04175567626953,,15.716683387756348,15.716683387756348,,,,
44,309,,,9.037705421447754,,8.712930679321289,8.712930679321289,,,,
44,310,,,7.930714130401611,,7.606210231781006,7.606210231781006,,,,
44,311,,,16.460670471191406,,16.136198043823242,16.136198043823242,,,,
44,312,,,12.907551765441895,,12.583415031433105,12.583415031433105,,,,
44,313,,,10.127108573913574,,9.8031587600708,9.8031587600708,,,,
44,314,,,12.375762939453125,,12.052000045776367,12.052000045776367,,,,
,44,,,,,,,,,13.681593894958496,13.681593894958496
44,314,,,,,,,13.681593894958496,13.681593894958496,,
44,314,11.776955604553223,12.101397514343262,,11.776955604553223,,,,,,
45,315,,,9.212220191955566,,8.88868522644043,8.88868522644043,,,,
45,316,,,13.084734916687012,,12.761307716369629,12.761307716369629,,,,
45,317,,,11.93259048461914,,11.609355926513672,11.609355926513672,,,,
45,318,,,12.66574764251709,,12.342620849609375,12.342620849609375,,,,
45,319,,,7.126054763793945,,6.803141117095947,6.803141117095947,,,,
45,320,,,15.390231132507324,,15.067392349243164,15.067392349243164,,,,
45,321,,,12.45485782623291,,12.132328987121582,12.132328987121582,,,,
,45,,,,,,,,,14.671181678771973,14.671181678771973
45,321,,,,,,,14.671181678771973,14.671181678771973,,
45,321,11.297588348388672,11.620728492736816,,11.297588348388672,,,,,,
46,322,,,12.798789978027344,,12.476677894592285,12.476677894592285,,,,
46,323,,,13.58419418334961,,13.262210845947266,13.262210845947266,,,,
46,324,,,12.374471664428711,,12.052699089050293,12.052699089050293,,,,
46,325,,,9.917139053344727,,9.595569610595703,9.595569610595703,,,,
46,326,,,8.846928596496582,,8.525530815124512,8.525530815124512,,,,
46,327,,,12.207687377929688,,11.886392593383789,11.886392593383789,,,,
46,328,,,4.817744255065918,,4.496677398681641,4.496677398681641,,,,
,46,,,,,,,,,15.474786758422852,15.474786758422852
46,328,,,,,,,15.474786758422852,15.474786758422852,,
46,328,10.89966106414795,11.22131061553955,,10.89966106414795,,,,,,
47,329,,,12.099502563476562,,11.778556823730469,11.778556823730469,,,,
47,330,,,11.061315536499023,,10.740574836730957,10.740574836730957,,,,
47,331,,,10.594157218933105,,10.2736177444458,10.2736177444458,,,,
47,332,,,12.874688148498535,,12.554268836975098,12.554268836975098,,,,
47,333,,,12.887008666992188,,12.566768646240234,12.566768646240234,,,,
47,334,,,7.923377990722656,,7.6033220291137695,7.6033220291137695,,,,
47,335,,,5.460341453552246,,5.140356063842773,5.140356063842773,,,,
,47,,,,,,,,,16.004257202148438,16.004257202148438
47,335,,,,,,,16.004257202148438,16.004257202148438,,
47,335,10.579566955566406,10.900028228759766,,10.579566955566406,,,,,,
48,336,,,9.333988189697266,,9.013906478881836,9.013906478881836,,,,
48,337,,,12.959750175476074,,12.639823913574219,12.639823913574219,,,,
48,338,,,8.823281288146973,,8.503478050231934,8.503478050231934,,,,
48,339,,,11.382245063781738,,11.062490463256836,11.062490463256836,,,,
48,340,,,9.242066383361816,,8.922538757324219,8.922538757324219,,,,
48,341,,,10.265358924865723,,9.945860862731934,9.945860862731934,,,,
48,342,,,14.619140625,,14.299731254577637,14.299731254577637,,,,
,48,,,,,,,,,16.399126052856445,16.399126052856445
48,342,,,,,,,16.399126052856445,16.399126052856445,,
48,342,10.266743659973145,10.586487770080566,,10.266743659973145,,,,,,
49,343,,,12.758155822753906,,12.438828468322754,12.438828468322754,,,,
49,344,,,9.376307487487793,,9.057114601135254,9.057114601135254,,,,
49,345,,,7.05060338973999,,6.731582164764404,6.731582164764404,,,,
49,346,,,8.458137512207031,,8.139190673828125,8.139190673828125,,,,
49,347,,,11.559478759765625,,11.240555763244629,11.240555763244629,,,,
49,348,,,12.249956130981445,,11.931133270263672,11.931133270263672,,,,
49,349,,,11.524304389953613,,11.205562591552734,11.205562591552734,,,,
,49,,,,,,,,,16.860153198242188,16.860153198242188
49,349,,,,,,,16.860153198242188,16.860153198242188,,
49,349,9.99850845336914,10.317529678344727,,9.99850845336914,,,,,,
50,350,,,12.43195915222168,,12.11329174041748,12.11329174041748,,,,
50,351,,,6.9886474609375,,6.67003059387207,6.67003059387207,,,,
50,352,,,8.970502853393555,,8.651941299438477,8.651941299438477,,,,
50,353,,,11.930658340454102,,11.612249374389648,11.612249374389648,,,,
50,354,,,10.04323673248291,,9.724939346313477,9.724939346313477,,,,
50,355,,,9.02872371673584,,8.710545539855957,8.710545539855957,,,,
50,356,,,12.85773754119873,,12.539591789245605,12.539591789245605,,,,
,50,,,,,,,,,17.124267578125,17.124267578125
50,356,,,,,,,17.124267578125,17.124267578125,,
50,356,9.75456428527832,10.07300090789795,,9.75456428527832,,,,,,
51,357,,,10.648430824279785,,10.330297470092773,10.330297470092773,,,,
51,358,,,11.401266098022461,,11.083203315734863,11.083203315734863,,,,
51,359,,,9.727800369262695,,9.40980052947998,9.40980052947998,,,,
51,360,,,6.230463981628418,,5.9125752449035645,5.9125752449035645,,,,
51,361,,,8.0828857421875,,7.765057563781738,7.765057563781738,,,,
51,362,,,13.768271446228027,,13.450480461120605,13.450480461120605,,,,
51,363,,,8.089908599853516,,7.772218704223633,7.772218704223633,,,,
,51,,,,,,,,,17.401094436645508,17.401094436645508
51,363,,,,,,,17.401094436645508,17.401094436645508,,
51,363,9.547607421875,9.8655424118042,,9.547607421875,,,,,,
52,364,,,12.50040054321289,,12.182717323303223,12.182717323303223,,,,
52,365,,,8.932483673095703,,8.61491870880127,8.61491870880127,,,,
52,366,,,9.132224082946777,,8.814715385437012,8.814715385437012,,,,
52,367,,,9.68686580657959,,9.369364738464355,9.369364738464355,,,,
52,368,,,8.939919471740723,,8.62246322631836,8.62246322631836,,,,
52,369,,,8.964141845703125,,8.646806716918945,8.646806716918945,,,,
52,370,,,9.626724243164062,,9.30939769744873,9.30939769744873,,,,
,52,,,,,,,,,17.652713775634766,17.652713775634766
52,370,,,,,,,17.652713775634766,17.652713775634766,,
52,370,9.371294975280762,9.688794136047363,,9.371294975280762,,,,,,
53,371,,,10.836711883544922,,10.519432067871094,10.519432067871094,,,,
53,372,,,10.089762687683105,,9.772540092468262,9.772540092468262,,,,
53,373,,,6.20000696182251,,5.882923603057861,5.882923603057861,,,,
53,374,,,10.779495239257812,,10.462453842163086,10.462453842163086,,,,
53,375,,,9.64625072479248,,9.3292818069458,9.3292818069458,,,,
53,376,,,10.359613418579102,,10.042701721191406,10.042701721191406,,,,
53,377,,,7.609462261199951,,7.292501449584961,7.292501449584961,,,,
,53,,,,,,,,,17.752229690551758,17.752229690551758
53,377,,,,,,,17.752229690551758,17.752229690551758,,
53,377,9.21474838256836,9.53182601928711,,9.21474838256836,,,,,,
54,378,,,9.612579345703125,,9.295676231384277,9.295676231384277,,,,
54,379,,,11.80465030670166,,11.487753868103027,11.487753868103027,,,,
54,380,,,7.769365310668945,,7.4525227546691895,7.4525227546691895,,,,
54,381,,,12.603861808776855,,12.287108421325684,12.287108421325684,,,,
54,382,,,5.316308975219727,,4.999638080596924,4.999638080596924,,,,
54,383,,,9.360960006713867,,9.044279098510742,9.044279098510742,,,,
54,384,,,9.142181396484375,,8.825545310974121,8.825545310974121,,,,
,54,,,,,,,,,17.797510147094727,17.797510147094727
54,384,,,,,,,17.797510147094727,17.797510147094727,,
54,384,9.078675270080566,9.395458221435547,,9.078675270080566,,,,,,
55,385,,,12.001635551452637,,11.685036659240723,11.685036659240723,,,,
55,386,,,8.58245849609375,,8.265910148620605,8.265910148620605,,,,
55,387,,,4.302196025848389,,3.9856197834014893,3.9856197834014893,,,,
55,388,,,10.111379623413086,,9.794828414916992,9.794828414916992,,,,
55,389,,,9.188801765441895,,8.872334480285645,8.872334480285645,,,,
55,390,,,12.363679885864258,,12.047220230102539,12.047220230102539,,,,
55,391,,,6.886415481567383,,6.570054531097412,6.570054531097412,,,,
,55,,,,,,,,,17.687541961669922,17.687541961669922
55,391,,,,,,,17.687541961669922,17.687541961669922,,
55,391,8.959171295166016,9.27569580078125,,8.959171295166016,,,,,,
56,392,,,7.5232157707214355,,7.206855773925781,7.206855773925781,,,,
56,393,,,10.289520263671875,,9.973177909851074,9.973177909851074,,,,
56,394,,,8.501949310302734,,8.185660362243652,8.185660362243652,,,,
56,395,,,10.996907234191895,,10.680624961853027,10.680624961853027,,,,
56,396,,,8.24340534210205,,7.927227973937988,7.927227973937988,,,,
56,397,,,10.169544219970703,,9.85329532623291,9.85329532623291,,,,
56,398,,,7.298594951629639,,6.982473850250244,6.982473850250244,,,,
,56,,,,,,,,,17.47797393798828,17.47797393798828
56,398,,,,,,,17.47797393798828,17.47797393798828,,
56,398,8.85416030883789,9.170433044433594,,8.85416030883789,,,,,,
57,399,,,8.97814655303955,,8.661962509155273,8.661962509155273,,,,
57,400,,,7.500051021575928,,7.183872699737549,7.183872699737549,,,,
57,401,,,9.974141120910645,,9.657954216003418,9.657954216003418,,,,
57,402,,,10.71670150756836,,10.400623321533203,10.400623321533203,,,,
57,403,,,8.649184226989746,,8.333148002624512,8.333148002624512,,,,
57,404,,,8.049981117248535,,7.733997821807861,7.733997821807861,,,,
57,405,,,10.471495628356934,,10.155506134033203,10.155506134033203,,,,
,57,,,,,,,,,17.47828483581543,17.47828483581543
57,405,,,,,,,17.47828483581543,17.47828483581543,,
57,405,8.749783515930176,9.065884590148926,,8.749783515930176,,,,,,
58,406,,,9.85610580444336,,9.540085792541504,9.540085792541504,,,,
58,407,,,7.051666736602783,,6.735693454742432,6.735693454742432,,,,
58,408,,,10.551653861999512,,10.23569107055664,10.23569107055664,,,,
58,409,,,9.891959190368652,,9.576094627380371,9.576094627380371,,,,
58,410,,,10.811417579650879,,10.495573043823242,10.495573043823242,,,,
58,411,,,6.670999050140381,,6.355175495147705,6.355175495147705,,,,
58,412,,,6.352738857269287,,6.036943435668945,6.036943435668945,,,,
,58,,,,,,,,,17.273906707763672,17.273906707763672
58,412,,,,,,,17.273906707763672,17.273906707763672,,
58,412,8.659163475036621,8.97507095336914,,8.659163475036621,,,,,,
59,413,,,6.572266101837158,,6.256317138671875,6.256317138671875,,,,
59,414,,,10.220815658569336,,9.90487003326416,9.90487003326416,,,,
59,415,,,8.52216911315918,,8.206331253051758,8.206331253051758,,,,
59,416,,,7.5103302001953125,,7.194472312927246,7.194472312927246,,,,
59,417,,,10.322911262512207,,10.007067680358887,10.007067680358887,,,,
59,418,,,9.224432945251465,,8.908586502075195,8.908586502075195,,,,
59,419,,,11.343659400939941,,11.027782440185547,11.027782440185547,,,,
,59,,,,,,,,,17.26822853088379,17.26822853088379
59,419,,,,,,,17.26822853088379,17.26822853088379,,
59,419,8.566755294799805,8.882635116577148,,8.566755294799805,,,,,,
60,420,,,11.03702163696289,,10.721227645874023,10.721227645874023,,,,
60,421,,,8.079449653625488,,7.763629913330078,7.763629913330078,,,,
60,422,,,8.068089485168457,,7.752330303192139,7.752330303192139,,,,
60,423,,,7.207263469696045,,6.8914384841918945,6.8914384841918945,,,,
60,424,,,11.786169052124023,,11.470422744750977,11.470422744750977,,,,
60,425,,,7.71104097366333,,7.395351886749268,7.395351886749268,,,,
60,426,,,5.872714042663574,,5.557041168212891,5.557041168212891,,,,
,60,,,,,,,,,17.111370086669922,17.111370086669922
60,426,,,,,,,17.111370086669922,17.111370086669922,,
60,426,8.482869148254395,8.798635482788086,,8.482869148254395,,,,,,
61,427,,,5.4212822914123535,,5.105570316314697,5.105570316314697,,,,
61,428,,,10.356864929199219,,10.04123592376709,10.04123592376709,,,,
61,429,,,7.518765449523926,,7.203141689300537,7.203141689300537,,,,
61,430,,,10.983949661254883,,10.668272972106934,10.668272972106934,,,,
61,431,,,9.711676597595215,,9.396004676818848,9.396004676818848,,,,
61,432,,,8.405289649963379,,8.089630126953125,8.089630126953125,,,,
61,433,,,8.363664627075195,,8.048027038574219,8.048027038574219,,,,
,61,,,,,,,,,16.971065521240234,16.971065521240234
61,433,,,,,,,16.971065521240234,16.971065521240234,,
61,433,8.395586967468262,8.711247444152832,,8.395586967468262,,,,,,
62,434,,,9.327168464660645,,9.011567115783691,9.011567115783691,,,,
62,435,,,11.349853515625,,11.034271240234375,11.034271240234375,,,,
62,436,,,8.776936531066895,,8.461380958557129,8.461380958557129,,,,
62,437,,,7.122712135314941,,6.8071770668029785,6.8071770668029785,,,,
62,438,,,11.108856201171875,,10.79329776763916,10.79329776763916,,,,
62,439,,,3.697650671005249,,3.38214111328125,3.38214111328125,,,,
62,440,,,9.68748664855957,,9.371997833251953,9.371997833251953,,,,
,62,,,,,,,,,16.83199691772461,16.83199691772461
62,440,,,,,,,16.83199691772461,16.83199691772461,,
62,440,8.31440544128418,8.629958152770996,,8.31440544128418,,,,,,
63,441,,,7.908513069152832,,7.592930316925049,7.592930316925049,,,,
63,442,,,8.88739013671875,,8.571810722351074,8.571810722351074,,,,
63,443,,,7.838586330413818,,7.522984027862549,7.522984027862549,,,,
63,444,,,5.823318958282471,,5.507778644561768,5.507778644561768,,,,
63,445,,,10.907502174377441,,10.591934204101562,10.591934204101562,,,,
63,446,,,10.587498664855957,,10.271949768066406,10.271949768066406,,,,
63,447,,,6.667380332946777,,6.3518385887146,6.3518385887146,,,,
,63,,,,,,,,,16.647930145263672,16.647930145263672
63,447,,,,,,,16.647930145263672,16.647930145263672,,
63,447,8.226090431213379,8.541659355163574,,8.226090431213379,,,,,,
64,448,,,6.8547234535217285,,6.539156436920166,6.539156436920166,,,,
64,449,,,9.46469783782959,,9.149096488952637,9.149096488952637,,,,
64,450,,,8.822266578674316,,8.506641387939453,8.506641387939453,,,,
64,451,,,6.078423976898193,,5.762781143188477,5.762781143188477,,,,
64,452,,,10.306066513061523,,9.99040699005127,9.99040699005127,,,,
64,453,,,8.336719512939453,,8.021088600158691,8.021088600158691,,,,
64,454,,,11.050558090209961,,10.73497486114502,10.73497486114502,,,,
,64,,,,,,,,,16.767372131347656,16.767372131347656
64,454,,,,,,,16.767372131347656,16.767372131347656,,
64,454,8.156044960021973,8.471664428710938,,8.156044960021973,,,,,,
65,455,,,10.65445327758789,,10.338927268981934,10.338927268981934,,,,
65,456,,,5.188506603240967,,4.87296199798584,4.87296199798584,,,,
65,457,,,8.630085945129395,,8.314497947692871,8.314497947692871,,,,
65,458,,,11.369840621948242,,11.054231643676758,11.054231643676758,,,,
65,459,,,8.399078369140625,,8.083475112915039,8.083475112915039,,,,
65,460,,,6.803910732269287,,6.488378047943115,6.488378047943115,,,,
65,461,,,6.634092807769775,,6.31859827041626,6.31859827041626,,,,
,65,,,,,,,,,16.806514739990234,16.806514739990234
65,461,,,,,,,16.806514739990234,16.806514739990234,,
65,461,8.081872940063477,8.39743709564209,,8.081872940063477,,,,,,
66,462,,,9.438542366027832,,9.122984886169434,9.122984886169434,,,,
66,463,,,8.946375846862793,,8.630813598632812,8.630813598632812,,,,
66,464,,,6.726729869842529,,6.411147117614746,6.411147117614746,,,,
66,465,,,8.599315643310547,,8.283686637878418,8.283686637878418,,,,
66,466,,,7.868064880371094,,7.552365779876709,7.552365779876709,,,,
66,467,,,8.024693489074707,,7.70902156829834,7.70902156829834,,,,
66,468,,,9.215987205505371,,8.900349617004395,8.900349617004395,,,,
,66,,,,,,,,,16.954471588134766,16.954471588134766
66,468,,,,,,,16.954471588134766,16.954471588134766,,
66,468,8.007474899291992,8.323092460632324,,8.007474899291992,,,,,,
67,469,,,8.375473022460938,,8.059953689575195,8.059953689575195,,,,
67,470,,,6.617688179016113,,6.302190780639648,6.302190780639648,,,,
67,471,,,8.278477668762207,,7.962977409362793,7.962977409362793,,,,
67,472,,,7.460493564605713,,7.145077228546143,7.145077228546143,,,,
67,473,,,10.375237464904785,,10.059802055358887,10.059802055358887,,,,
67,474,,,7.691972255706787,,7.376517295837402,7.376517295837402,,,,
67,475,,,10.184502601623535,,9.868951797485352,9.868951797485352,,,,
,67,,,,,,,,,17.156686782836914,17.156686782836914
67,475,,,,,,,17.156686782836914,17.156686782836914,,
67,475,7.938411712646484,8.253886222839355,,7.938411712646484,,,,,,
68,476,,,7.51548957824707,,7.1999969482421875,7.1999969482421875,,,,
68,477,,,7.138102054595947,,6.822530269622803,6.822530269622803,,,,
68,478,,,8.625039100646973,,8.309468269348145,8.309468269348145,,,,
68,479,,,10.309324264526367,,9.993766784667969,9.993766784667969,,,,
68,480,,,6.587539196014404,,6.271981716156006,6.271981716156006,,,,
68,481,,,7.785199165344238,,7.469699859619141,7.469699859619141,,,,
68,482,,,11.090487480163574,,10.774933815002441,10.774933815002441,,,,
,68,,,,,,,,,17.13429832458496,17.13429832458496
68,482,,,,,,,17.13429832458496,17.13429832458496,,
68,482,7.860085487365723,8.175626754760742,,7.860085487365723,,,,,,
69,483,,,9.065771102905273,,8.75018310546875,8.75018310546875,,,,
69,484,,,7.381994247436523,,7.066421985626221,7.066421985626221,,,,
69,485,,,9.465658187866211,,9.150075912475586,9.150075912475586,,,,
69,486,,,6.7434611320495605,,6.4277753829956055,6.4277753829956055,,,,
69,487,,,6.76637601852417,,6.450722694396973,6.450722694396973,,,,
69,488,,,8.559929847717285,,8.244241714477539,8.244241714477539,,,,
69,489,,,9.673142433166504,,9.357449531555176,9.357449531555176,,,,
,69,,,,,,,,,17.01398277282715,17.01398277282715
69,489,,,,,,,17.01398277282715,17.01398277282715,,
69,489,7.780150890350342,8.095783233642578,,7.780150890350342,,,,,,
70,490,,,8.352682113647461,,8.036955833435059,8.036955833435059,,,,
70,491,,,7.624827861785889,,7.30911111831665,7.30911111831665,,,,
70,492,,,6.926546573638916,,6.6108880043029785,6.6108880043029785,,,,
70,493,,,8.291275978088379,,7.975572109222412,7.975572109222412,,,,
70,494,,,8.055511474609375,,7.739821910858154,7.739821910858154,,,,
70,495,,,8.024618148803711,,7.708887100219727,7.708887100219727,,,,
70,496,,,10.135663986206055,,9.819845199584961,9.819845199584961,,,,
,70,,,,,,,,,16.888330459594727,16.888330459594727
70,496,,,,,,,16.888330459594727,16.888330459594727,,
70,496,7.696262836456299,8.01197338104248,,7.696262836456299,,,,,,
71,497,,,9.321470260620117,,9.00555419921875,9.00555419921875,,,,
71,498,,,7.977672576904297,,7.661739826202393,7.661739826202393,,,,
71,499,,,8.181910514831543,,7.866008758544922,7.866008758544922,,,,
71,500,,,7.086637020111084,,6.770665645599365,6.770665645599365,,,,
71,501,,,9.685193061828613,,9.369128227233887,9.369128227233887,,,,
71,502,,,6.748627185821533,,6.4325432777404785,6.4325432777404785,,,,
71,503,,,4.128523349761963,,3.81243896484375,3.81243896484375,,,,
,71,,,,,,,,,16.5336971282959,16.5336971282959
71,503,,,,,,,16.5336971282959,16.5336971282959,,
71,503,7.613381385803223,7.929365158081055,,7.613381385803223,,,,,,
72,504,,,6.780101776123047,,6.463928699493408,6.463928699493408,,,,
72,505,,,9.316298484802246,,9.000109672546387,9.000109672546387,,,,
72,506,,,7.847639083862305,,7.531377792358398,7.531377792358398,,,,
72,507,,,10.786199569702148,,10.469934463500977,10.469934463500977,,,,
72,508,,,6.2776312828063965,,5.961312294006348,5.961312294006348,,,,
72,509,,,6.640120983123779,,6.323793411254883,6.323793411254883,,,,
72,510,,,6.331378936767578,,6.01501989364624,6.01501989364624,,,,
,72,,,,,,,,,16.143115997314453,16.143115997314453
72,510,,,,,,,16.143115997314453,16.143115997314453,,
72,510,7.530366897583008,7.846628665924072,,7.530366897583008,,,,,,
73,511,,,6.834410190582275,,6.517991542816162,6.517991542816162,,,,
73,512,,,11.75654411315918,,11.440062522888184,11.440062522888184,,,,
73,513,,,7.889933109283447,,7.573473930358887,7.573473930358887,,,,
73,514,,,7.2894816398620605,,6.972984790802002,6.972984790802002,,,,
73,515,,,7.909408092498779,,7.592864990234375,7.592864990234375,,,,
73,516,,,7.5214948654174805,,7.204913139343262,7.204913139343262,,,,
73,517,,,1.0621075630187988,,0.7454724907875061,0.7454724907875061,,,,
,73,,,,,,,,,15.92488956451416,15.92488956451416
73,517,,,,,,,15.92488956451416,15.92488956451416,,
73,517,7.463818550109863,7.780323028564453,,7.463818550109863,,,,,,
74,518,,,5.750545978546143,,5.4339375495910645,5.4339375495910645,,,,
74,519,,,5.159609794616699,,4.842963695526123,4.842963695526123,,,,
74,520,,,9.339040756225586,,9.022293090820312,9.022293090820312,,,,
74,521,,,9.205843925476074,,8.889098167419434,8.889098167419434,,,,
74,522,,,9.903956413269043,,9.587186813354492,9.587186813354492,,,,
74,523,,,7.822956085205078,,7.506137371063232,7.506137371063232,,,,
74,524,,,5.460803985595703,,5.144014835357666,5.144014835357666,,,,
,74,,,,,,,,,15.624271392822266,15.624271392822266
74,524,,,,,,,15.624272346496582,15.624272346496582,,
74,524,7.405588150024414,7.722314357757568,,7.405588150024414,,,,,,
75,525,,,8.81296443939209,,8.496113777160645,8.496113777160645,,,,
75,526,,,8.570518493652344,,8.253631591796875,8.253631591796875,,,,
75,527,,,5.104634761810303,,4.787638187408447,4.787638187408447,,,,
75,528,,,10.130931854248047,,9.813934326171875,9.813934326171875,,,,
75,529,,,6.707338333129883,,6.390285491943359,6.390285491943359,,,,
75,530,,,7.010857105255127,,6.693825721740723,6.693825721740723,,,,
75,531,,,6.388535976409912,,6.071491718292236,6.071491718292236,,,,
,75,,,,,,,,,15.362582206726074,15.362582206726074
75,531,,,,,,,15.362582206726074,15.362582206726074,,
75,531,7.327409267425537,7.644383430480957,,7.327409267425537,,,,,,
76,532,,,8.891595840454102,,8.574502944946289,8.574502944946289,,,,
76,533,,,6.314457416534424,,5.997312068939209,5.997312068939209,,,,
76,534,,,6.186104774475098,,5.868915557861328,5.868915557861328,,,,
76,535,,,7.501267433166504,,7.184081077575684,7.184081077575684,,,,
76,536,,,8.231669425964355,,7.914488792419434,7.914488792419434,,,,
76,537,,,8.595766067504883,,8.27856731414795,8.27856731414795,,,,
76,538,,,6.849200248718262,,6.531977653503418,6.531977653503418,,,,
,76,,,,,,,,,14.905266761779785,14.905266761779785
76,538,,,,,,,14.905266761779785,14.905266761779785,,
76,538,7.257625579833984,7.574794292449951,,7.257625579833984,,,,,,
77,539,,,6.954748630523682,,6.637321949005127,6.637321949005127,,,,
77,540,,,10.062895774841309,,9.745442390441895,9.745442390441895,,,,
77,541,,,5.499444961547852,,5.181952476501465,5.181952476501465,,,,
77,542,,,8.649212837219238,,8.331731796264648,8.331731796264648,,,,
77,543,,,8.344916343688965,,8.027338981628418,8.027338981628418,,,,
77,544,,,5.063084602355957,,4.745501518249512,4.745501518249512,,,,
77,545,,,8.680914878845215,,8.36327838897705,8.36327838897705,,,,
,77,,,,,,,,,14.588117599487305,14.588117599487305
77,545,,,,,,,14.588117599487305,14.588117599487305,,
77,545,7.185179233551025,7.502689838409424,,7.185179233551025,,,,,,
78,546,,,6.258940696716309,,5.941169261932373,5.941169261932373,,,,
78,547,,,8.553648948669434,,8.235830307006836,8.235830307006836,,,,
78,548,,,6.820185661315918,,6.50234842300415,6.50234842300415,,,,
78,549,,,9.478632926940918,,9.16071605682373,9.16071605682373,,,,
78,550,,,6.9056572914123535,,6.587717056274414,6.587717056274414,,,,
78,551,,,6.558393955230713,,6.240425109863281,6.240425109863281,,,,
78,552,,,7.50575590133667,,7.187710285186768,7.187710285186768,,,,
,78,,,,,,,,,14.602115631103516,14.602115631103516
78,552,,,,,,,14.602116584777832,14.602116584777832,,
78,552,7.115858554840088,7.433744430541992,,7.115858554840088,,,,,,
79,553,,,6.950575828552246,,6.632517337799072,6.632517337799072,,,,
79,554,,,5.360870361328125,,5.042776584625244,5.042776584625244,,,,
79,555,,,8.524447441101074,,8.206304550170898,8.206304550170898,,,,
79,556,,,6.100480556488037,,5.7823262214660645,5.7823262214660645,,,,
79,557,,,7.607653617858887,,7.289449214935303,7.289449214935303,,,,
79,558,,,10.438871383666992,,10.120622634887695,10.120622634887695,,,,
79,559,,,5.240145206451416,,4.92185115814209,4.92185115814209,,,,
,79,,,,,,,,,14.495582580566406,14.495582580566406
79,559,,,,,,,14.495582580566406,14.495582580566406,,
79,559,7.046226501464844,7.36438512802124,,7.046226501464844,,,,,,
80,560,,,5.782858371734619,,5.464504718780518,5.464504718780518,,,,
80,561,,,8.856330871582031,,8.537965774536133,8.537965774536133,,,,
80,562,,,7.7835469245910645,,7.465173721313477,7.465173721313477,,,,
80,563,,,4.894082069396973,,4.575658798217773,4.575658798217773,,,,
80,564,,,6.787848472595215,,6.469336032867432,6.469336032867432,,,,
80,565,,,8.807560920715332,,8.488993644714355,8.488993644714355,,,,
80,566,,,9.734249114990234,,9.415620803833008,9.415620803833008,,,,
,80,,,,,,,,,14.599300384521484,14.599300384521484
80,566,,,,,,,14.599299430847168,14.599299430847168,,
80,566,6.985488414764404,7.303933143615723,,6.985488414764404,,,,,,
81,567,,,7.611447811126709,,7.292847156524658,7.292847156524658,,,,
81,568,,,7.689736366271973,,7.371104717254639,7.371104717254639,,,,
81,569,,,6.302062511444092,,5.983428478240967,5.983428478240967,,,,
81,570,,,6.895362377166748,,6.5766472816467285,6.5766472816467285,,,,
81,571,,,6.552829265594482,,6.23405122756958,6.23405122756958,,,,
81,572,,,7.463097095489502,,7.144300937652588,7.144300937652588,,,,
81,573,,,9.696816444396973,,9.377985954284668,9.377985954284668,,,,
,81,,,,,,,,,14.736565589904785,14.736565589904785
81,573,,,,,,,14.736565589904785,14.736565589904785,,
81,573,6.920647144317627,7.239347457885742,,6.920647144317627,,,,,,
82,574,,,6.766546249389648,,6.447648525238037,6.447648525238037,,,,
82,575,,,7.912518501281738,,7.593516826629639,7.593516826629639,,,,
82,576,,,5.7661590576171875,,5.447112560272217,5.447112560272217,,,,
82,577,,,6.926222801208496,,6.60716438293457,6.60716438293457,,,,
82,578,,,8.133942604064941,,7.814903736114502,7.814903736114502,,,,
82,579,,,5.5939555168151855,,5.274869441986084,5.274869441986084,,,,
82,580,,,12.49959659576416,,12.18044662475586,12.18044662475586,,,,
,82,,,,,,,,,14.696495056152344,14.696495056152344
82,580,,,,,,,14.696495056152344,14.696495056152344,,
82,580,6.863197326660156,7.182226657867432,,6.863197326660156,,,,,,
83,581,,,6.460900783538818,,6.141672611236572,6.141672611236572,,,,
83,582,,,6.054364204406738,,5.735109806060791,5.735109806060791,,,,
83,583,,,7.5405731201171875,,7.221282958984375,7.221282958984375,,,,
83,584,,,6.710635185241699,,6.391266822814941,6.391266822814941,,,,
83,585,,,7.167787551879883,,6.848339080810547,6.848339080810547,,,,
83,586,,,9.362837791442871,,9.043316841125488,9.043316841125488,,,,
83,587,,,5.7452521324157715,,5.425767421722412,5.425767421722412,,,,
,83,,,,,,,,,14.463047981262207,14.463047981262207
83,587,,,,,,,14.463047981262207,14.463047981262207,,
83,587,6.810297966003418,7.12965726852417,,6.810297966003418,,,,,,
84,588,,,8.484642028808594,,8.165043830871582,8.165043830871582,,,,
84,589,,,6.2082085609436035,,5.888582229614258,5.888582229614258,,,,
84,590,,,7.056512355804443,,6.736785888671875,6.736785888671875,,,,
84,591,,,6.487985610961914,,6.168170928955078,6.168170928955078,,,,
84,592,,,6.7906317710876465,,6.470779895782471,6.470779895782471,,,,
84,593,,,8.051656723022461,,7.731795787811279,7.731795787811279,,,,
84,594,,,5.350372314453125,,5.030483245849609,5.030483245849609,,,,
,84,,,,,,,,,14.361517906188965,14.361517906188965
84,594,,,,,,,14.361517906188965,14.361517906188965,,
84,594,6.7525634765625,7.072317600250244,,6.7525634765625,,,,,,
85,595,,,6.093560218811035,,5.773606777191162,5.773606777191162,,,,
85,596,,,5.332619667053223,,5.012630939483643,5.012630939483643,,,,
85,597,,,11.20993423461914,,10.889924049377441,10.889924049377441,,,,
85,598,,,6.742922306060791,,6.42286491394043,6.42286491394043,,,,
85,599,,,7.650796890258789,,7.330661296844482,7.330661296844482,,,,
85,600,,,5.896494388580322,,5.576319217681885,5.576319217681885,,,,
85,601,,,4.785400867462158,,4.4651618003845215,4.4651618003845215,,,,
,85,,,,,,,,,14.162164688110352,14.162164688110352
85,601,,,,,,,14.162164688110352,14.162164688110352,,
85,601,6.694971561431885,7.015035629272461,,6.694971561431885,,,,,,
86,602,,,7.398946762084961,,7.078652858734131,7.078652858734131,,,,
86,603,,,8.423270225524902,,8.10294246673584,8.10294246673584,,,,
86,604,,,4.2306342124938965,,3.9103200435638428,3.9103200435638428,,,,
86,605,,,8.427189826965332,,8.106740951538086,8.106740951538086,,,,
86,606,,,6.849276065826416,,6.528791427612305,6.528791427612305,,,,
86,607,,,7.851664066314697,,7.531107425689697,7.531107425689697,,,,
86,608,,,3.181334972381592,,2.8607118129730225,2.8607118129730225,,,,
,86,,,,,,,,,13.97656536102295,13.97656536102295
86,608,,,,,,,13.97656536102295,13.97656536102295,,
86,608,6.640207290649414,6.960625171661377,,6.640207290649414,,,,,,
87,609,,,7.51078462600708,,7.190181732177734,7.190181732177734,,,,
87,610,,,6.501104831695557,,6.1804399490356445,6.1804399490356445,,,,
87,611,,,9.727519035339355,,9.406780242919922,9.406780242919922,,,,
87,612,,,6.44213342666626,,6.121415138244629,6.121415138244629,,,,
87,613,,,7.301560878753662,,6.980751991271973,6.980751991271973,,,,
87,614,,,5.138793468475342,,4.817890167236328,4.817890167236328,,,,
87,615,,,3.713202714920044,,3.3922829627990723,3.3922829627990723,,,,
,87,,,,,,,,,13.746709823608398,13.746709823608398
87,615,,,,,,,13.746709823608398,13.746709823608398,,
87,615,6.583460807800293,6.904211521148682,,6.583460807800293,,,,,,
88,616,,,9.676694869995117,,9.355751991271973,9.355751991271973,,,,
88,617,,,3.827437400817871,,3.506411552429199,3.506411552429199,,,,
88,618,,,6.652636528015137,,6.331550598144531,6.331550598144531,,,,
88,619,,,4.910519599914551,,4.5894293785095215,4.5894293785095215,,,,
88,620,,,6.041996002197266,,5.720828533172607,5.720828533172607,,,,
88,621,,,9.804937362670898,,9.483646392822266,9.483646392822266,,,,
88,622,,,7.235790729522705,,6.91454553604126,6.91454553604126,,,,
,88,,,,,,,,,13.496596336364746,13.496596336364746
88,622,,,,,,,13.496596336364746,13.496596336364746,,
88,622,6.522442817687988,6.843552112579346,,6.522442817687988,,,,,,
89,623,,,7.727797508239746,,7.406437873840332,7.406437873840332,,,,
89,624,,,8.104413986206055,,7.783065319061279,7.783065319061279,,,,
89,625,,,7.202256679534912,,6.880899906158447,6.880899906158447,,,,
89,626,,,6.8299360275268555,,6.508518695831299,6.508518695831299,,,,
89,627,,,4.248904705047607,,3.9274158477783203,3.9274158477783203,,,,
89,628,,,6.581212520599365,,6.259668827056885,6.259668827056885,,,,
89,629,,,6.775798320770264,,6.4541215896606445,6.4541215896606445,,,,
,89,,,,,,,,,13.231695175170898,13.231695175170898
89,629,,,,,,,13.231695175170898,13.231695175170898,,
89,629,6.460596561431885,6.78203010559082,,6.460596561431885,,,,,,
90,630,,,6.677333354949951,,6.35555362701416,6.35555362701416,,,,
90,631,,,8.150445938110352,,7.828632354736328,7.828632354736328,,,,
90,632,,,6.723172664642334,,6.4012861251831055,6.4012861251831055,,,,
90,633,,,6.175382137298584,,5.853396892547607,5.853396892547607,,,,
90,634,,,6.356011390686035,,6.033965587615967,6.033965587615967,,,,
90,635,,,6.189849853515625,,5.8677215576171875,5.8677215576171875,,,,
90,636,,,6.594048023223877,,6.271884918212891,6.271884918212891,,,,
,90,,,,,,,,,13.088241577148438,13.088241577148438
90,636,,,,,,,13.088241577148438,13.088241577148438,,
90,636,6.383139133453369,6.705092430114746,,6.383139133453369,,,,,,
91,637,,,6.703543663024902,,6.381341934204102,6.381341934204102,,,,
91,638,,,7.7051849365234375,,7.382939338684082,7.382939338684082,,,,
91,639,,,8.056097030639648,,7.7336883544921875,7.7336883544921875,,,,
91,640,,,4.827588081359863,,4.505140781402588,4.505140781402588,,,,
91,641,,,5.257163047790527,,4.934698104858398,4.934698104858398,,,,
91,642,,,6.961138725280762,,6.638610363006592,6.638610363006592,,,,
91,643,,,7.460849761962891,,7.138306140899658,7.138306140899658,,,,
,91,,,,,,,,,12.90194320678711,12.90194320678711
91,643,,,,,,,12.901942253112793,12.901942253112793,,
91,643,6.3142409324646,6.636632442474365,,6.3142409324646,,,,,,
92,644,,,8.029769897460938,,7.707085132598877,7.707085132598877,,,,
92,645,,,7.314242362976074,,6.9914937019348145,6.9914937019348145,,,,
92,646,,,4.894221305847168,,4.571418285369873,4.571418285369873,,,,
92,647,,,5.905387878417969,,5.582521438598633,5.582521438598633,,,,
92,648,,,5.862588405609131,,5.539686679840088,5.539686679840088,,,,
92,649,,,7.243536472320557,,6.920562267303467,6.920562267303467,,,,
92,650,,,7.045074462890625,,6.722004413604736,6.722004413604736,,,,
,92,,,,,,,,,12.884183883666992,12.884183883666992
92,650,,,,,,,12.884183883666992,12.884183883666992,,
92,650,6.248394966125488,6.571239471435547,,6.248394966125488,,,,,,
93,651,,,5.45118522644043,,5.128067493438721,5.128067493438721,,,,
93,652,,,6.0065226554870605,,5.683377265930176,5.683377265930176,,,,
93,653,,,8.547257423400879,,8.22408676147461,8.22408676147461,,,,
93,654,,,6.7354230880737305,,6.412225246429443,6.412225246429443,,,,
93,655,,,7.144396781921387,,6.821145534515381,6.821145534515381,,,,
93,656,,,5.897244453430176,,5.573936939239502,5.573936939239502,,,,
93,657,,,4.629146575927734,,4.3057074546813965,4.3057074546813965,,,,
,93,,,,,,,,,12.663516998291016,12.663516998291016
93,657,,,,,,,12.663517951965332,12.663517951965332,,
93,657,6.189408302307129,6.512621879577637,,6.189408302307129,,,,,,
94,658,,,6.424413681030273,,6.100810527801514,6.100810527801514,,,,
94,659,,,6.4083733558654785,,6.084690093994141,6.084690093994141,,,,
94,660,,,6.8291473388671875,,6.505335807800293,6.505335807800293,,,,
94,661,,,6.376412868499756,,6.052494525909424,6.052494525909424,,,,
94,662,,,5.379604816436768,,5.055685043334961,5.055685043334961,,,,
94,663,,,6.840303897857666,,6.51634407043457,6.51634407043457,,,,
94,664,,,7.726119041442871,,7.402095794677734,7.402095794677734,,,,
,94,,,,,,,,,12.505951881408691,12.505951881408691
94,664,,,,,,,12.505951881408691,12.505951881408691,,
94,664,6.13194465637207,6.455772399902344,,6.13194465637207,,,,,,
95,665,,,6.4159345626831055,,6.09184455871582,6.09184455871582,,,,
95,666,,,6.524660587310791,,6.200507164001465,6.200507164001465,,,,
95,667,,,6.329686164855957,,6.0054240226745605,6.0054240226745605,,,,
95,668,,,6.392132759094238,,6.067759037017822,6.067759037017822,,,,
95,669,,,6.645747661590576,,6.321351051330566,6.321351051330566,,,,
95,670,,,5.984494686126709,,5.6600823402404785,5.6600823402404785,,,,
95,671,,,6.726767063140869,,6.4022955894470215,6.4022955894470215,,,,
,95,,,,,,,,,12.33814525604248,12.33814525604248
95,671,,,,,,,12.33814525604248,12.33814525604248,,
95,671,6.078090667724609,6.402383327484131,,6.078090667724609,,,,,,
96,672,,,6.383196830749512,,6.0586466789245605,6.0586466789245605,,,,
96,673,,,4.589860439300537,,4.265286922454834,4.265286922454834,,,,
96,674,,,5.764810085296631,,5.440171718597412,5.440171718597412,,,,
96,675,,,6.1501617431640625,,5.825453281402588,5.825453281402588,,,,
96,676,,,8.600213050842285,,8.275437355041504,8.275437355041504,,,,
96,677,,,6.661957740783691,,6.337070941925049,6.337070941925049,,,,
96,678,,,6.2932047843933105,,5.968332290649414,5.968332290649414,,,,
,96,,,,,,,,,12.031096458435059,12.031096458435059
96,678,,,,,,,12.031096458435059,12.031096458435059,,
96,678,6.029833793640137,6.354533672332764,,6.029833793640137,,,,,,
97,679,,,6.980633735656738,,6.655573844909668,6.655573844909668,,,,
97,680,,,8.293549537658691,,7.968461036682129,7.968461036682129,,,,
97,681,,,6.992575645446777,,6.667450904846191,6.667450904846191,,,,
97,682,,,4.313350677490234,,3.9881298542022705,3.9881298542022705,,,,
97,683,,,6.206910133361816,,5.881587028503418,5.881587028503418,,,,
97,684,,,5.120194435119629,,4.794790744781494,4.794790744781494,,,,
97,685,,,5.996145248413086,,5.670689105987549,5.670689105987549,,,,
,97,,,,,,,,,11.964899063110352,11.964899063110352
97,685,,,,,,,11.964899063110352,11.964899063110352,,
97,685,5.97372579574585,6.298943519592285,,5.97372579574585,,,,,,
98,686,,,5.599493503570557,,5.27395486831665,5.27395486831665,,,,
98,687,,,7.848816394805908,,7.5231523513793945,7.5231523513793945,,,,
98,688,,,7.037454605102539,,6.711747169494629,6.711747169494629,,,,
98,689,,,4.936312675476074,,4.610565185546875,4.610565185546875,,,,
98,690,,,4.671990871429443,,4.346208572387695,4.346208572387695,,,,
98,691,,,7.049245834350586,,6.7233123779296875,6.7233123779296875,,,,
98,692,,,7.031145095825195,,6.705155849456787,6.705155849456787,,,,
,98,,,,,,,,,12.027860641479492,12.027860641479492
98,692,,,,,,,12.027860641479492,12.027860641479492,,
98,692,5.914255142211914,6.239999294281006,,5.914255142211914,,,,,,
99,693,,,4.750185966491699,,4.424218654632568,4.424218654632568,,,,
99,694,,,5.526041507720947,,5.199994087219238,5.199994087219238,,,,
99,695,,,6.594715118408203,,6.268636703491211,6.268636703491211,,,,
99,696,,,5.690613269805908,,5.364452362060547,5.364452362060547,,,,
99,697,,,7.654352188110352,,7.328134536743164,7.328134536743164,,,,
99,698,,,6.119792938232422,,5.793512344360352,5.793512344360352,,,,
99,699,,,8.0553560256958,,7.7289533615112305,7.7289533615112305,,,,
,99,,,,,,,,,12.263912200927734,12.263912200927734
99,699,,,,,,,12.263911247253418,12.263911247253418,,
99,699,5.847420692443848,6.173562526702881,,5.847420692443848,,,,,,
100,700,,,5.017303466796875,,4.690938949584961,4.690938949584961,,,,
100,701,,,6.647825241088867,,6.3214111328125,6.3214111328125,,,,
100,702,,,7.963299751281738,,7.636885643005371,7.636885643005371,,,,
100,703,,,5.722423553466797,,5.395929336547852,5.395929336547852,,,,
100,704,,,6.800574779510498,,6.4739990234375,6.4739990234375,,,,
100,705,,,5.0148444175720215,,4.6881914138793945,4.6881914138793945,,,,
100,706,,,4.798466682434082,,4.471724033355713,4.471724033355713,,,,
,100,,,,,,,,,12.341093063354492,12.341093063354492
100,706,,,,,,,12.341093063354492,12.341093063354492,,
100,706,5.785764694213867,6.112265586853027,,5.785764694213867,,,,,,
101,707,,,6.707295894622803,,6.380444526672363,6.380444526672363,,,,
101,708,,,7.166125774383545,,6.839174270629883,6.839174270629883,,,,
101,709,,,4.990900993347168,,4.66383695602417,4.66383695602417,,,,
101,710,,,4.569960117340088,,4.2428765296936035,4.2428765296936035,,,,
101,711,,,5.39612340927124,,5.068954944610596,5.068954944610596,,,,
101,712,,,8.05393123626709,,7.726694107055664,7.726694107055664,,,,
101,713,,,4.473299980163574,,4.146026134490967,4.146026134490967,,,,
,101,,,,,,,,,12.25111198425293,12.25111198425293
101,713,,,,,,,12.25111198425293,12.25111198425293,,
101,713,5.721841812133789,6.048913478851318,,5.721841812133789,,,,,,
102,714,,,6.157522678375244,,5.83009672164917,5.83009672164917,,,,
102,715,,,6.9169111251831055,,6.5894575119018555,6.5894575119018555,,,,
102,716,,,6.808808326721191,,6.481287956237793,6.481287956237793,,,,
102,717,,,4.6829376220703125,,4.35528564453125,4.35528564453125,,,,
102,718,,,5.518556594848633,,5.190828323364258,5.190828323364258,,,,
102,719,,,6.758851528167725,,6.431014537811279,6.431014537811279,,,,
102,720,,,3.5590097904205322,,3.2311272621154785,3.2311272621154785,,,,
,102,,,,,,,,,12.05838394165039,12.05838394165039
102,720,,,,,,,12.058384895324707,12.058384895324707,,
102,720,5.661120414733887,5.98874044418335,,5.661120414733887,,,,,,
103,721,,,6.334789752960205,,6.006787300109863,6.006787300109863,,,,
103,722,,,6.617242813110352,,6.289164066314697,6.289164066314697,,,,
103,723,,,5.792415142059326,,5.46428108215332,5.46428108215332,,,,
103,724,,,6.559886455535889,,6.231639862060547,6.231639862060547,,,,
103,725,,,5.501903533935547,,5.173581600189209,5.173581600189209,,,,
103,726,,,6.222801685333252,,5.894435882568359,5.894435882568359,,,,
103,727,,,2.0280559062957764,,1.6995779275894165,1.6995779275894165,,,,
,103,,,,,,,,,11.852676391601562,11.852676391601562
103,727,,,,,,,11.852676391601562,11.852676391601562,,
103,727,5.599565505981445,5.927774429321289,,5.599565505981445,,,,,,
104,728,,,4.823103427886963,,4.494532585144043,4.494532585144043,,,,
104,729,,,5.795905113220215,,5.46731424331665,5.46731424331665,,,,
104,730,,,9.004437446594238,,8.675745964050293,8.675745964050293,,,,
104,731,,,4.651266574859619,,4.322518825531006,4.322518825531006,,,,
104,732,,,4.7941389083862305,,4.465261936187744,4.465261936187744,,,,
104,733,,,5.378673076629639,,5.049735069274902,5.049735069274902,,,,
104,734,,,7.838141441345215,,7.509069919586182,7.509069919586182,,,,
,104,,,,,,,,,11.7969388961792,11.7969388961792
104,734,,,,,,,11.7969388961792,11.7969388961792,,
104,734,5.535844802856445,5.864600658416748,,5.535844802856445,,,,,,
105,735,,,6.825094699859619,,6.496016979217529,6.496016979217529,,,,
105,736,,,4.987133502960205,,4.657987594604492,4.657987594604492,,,,
105,737,,,5.524420261383057,,5.195283889770508,5.195283889770508,,,,
105,738,,,4.926815986633301,,4.597580909729004,4.597580909729004,,,,
105,739,,,5.767508506774902,,5.438145160675049,5.438145160675049,,,,
105,740,,,6.91494607925415,,6.585517883300781,6.585517883300781,,,,
105,741,,,5.313897609710693,,4.984354496002197,4.984354496002197,,,,
,105,,,,,,,,,11.61873722076416,11.61873722076416
105,741,,,,,,,11.61873722076416,11.61873722076416,,
105,741,5.46504545211792,5.794295310974121,,5.46504545211792,,,,,,
106,742,,,6.998607158660889,,6.668968200683594,6.668968200683594,,,,
106,743,,,5.432222366333008,,5.10255765914917,5.10255765914917,,,,
106,744,,,3.6653807163238525,,3.335695743560791,3.335695743560791,,,,
106,745,,,5.7523603439331055,,5.422586917877197,5.422586917877197,,,,
106,746,,,5.322266578674316,,4.992388725280762,4.992388725280762,,,,
106,747,,,7.132907867431641,,6.802910804748535,6.802910804748535,,,,
106,748,,,5.958558559417725,,5.628425598144531,5.628425598144531,,,,
,106,,,,,,,,,11.626221656799316,11.626221656799316
106,748,,,,,,,11.626221656799316,11.626221656799316,,
106,748,5.401689052581787,5.731482982635498,,5.401689052581787,,,,,,
107,749,,,5.59959077835083,,5.269383907318115,5.269383907318115,,,,
107,750,,,5.803630828857422,,5.473335266113281,5.473335266113281,,,,
107,751,,,5.028635501861572,,4.698274612426758,4.698274612426758,,,,
107,752,,,6.192325592041016,,5.861865997314453,5.861865997314453,,,,
107,753,,,7.123444080352783,,6.792911052703857,6.792911052703857,,,,
107,754,,,5.050704479217529,,4.720070838928223,4.720070838928223,,,,
107,755,,,3.6226067543029785,,3.291844367980957,3.291844367980957,,,,
,107,,,,,,,,,11.550227165222168,11.550227165222168
107,755,,,,,,,11.550227165222168,11.550227165222168,,
107,755,5.341220855712891,5.671656131744385,,5.341220855712891,,,,,,
108,756,,,6.320675849914551,,5.989924907684326,5.989924907684326,,,,
108,757,,,5.104416847229004,,4.773622512817383,4.773622512817383,,,,
108,758,,,6.0157012939453125,,5.684812068939209,5.684812068939209,,,,
108,759,,,5.290454387664795,,4.959515571594238,4.959515571594238,,,,
108,760,,,4.722856044769287,,4.391831874847412,4.391831874847412,,,,
108,761,,,6.301245212554932,,5.970155715942383,5.970155715942383,,,,
108,762,,,5.602651596069336,,5.271395683288574,5.271395683288574,,,,
,108,,,,,,,,,11.459314346313477,11.459314346313477
108,762,,,,,,,11.459314346313477,11.459314346313477,,
108,762,5.293590068817139,5.62452507019043,,5.293590068817139,,,,,,
109,763,,,6.505885601043701,,6.174560546875,6.174560546875,,,,
109,764,,,5.6796441078186035,,5.348213195800781,5.348213195800781,,,,
109,765,,,4.791143894195557,,4.4595746994018555,4.4595746994018555,,,,
109,766,,,3.415039300918579,,3.083348512649536,3.083348512649536,,,,
109,767,,,6.9460835456848145,,6.614316463470459,6.614316463470459,,,,
109,768,,,6.0716400146484375,,5.739823818206787,5.739823818206787,,,,
109,769,,,5.392999172210693,,5.061086177825928,5.061086177825928,,,,
,109,,,,,,,,,11.283845901489258,11.283845901489258
109,769,,,,,,,11.283845901489258,11.283845901489258,,
109,769,5.22631311416626,5.557930946350098,,5.22631311416626,,,,,,
110,770,,,4.950786113739014,,4.618885040283203,4.618885040283203,,,,
110,771,,,5.219140529632568,,4.887228488922119,4.887228488922119,,,,
110,772,,,5.523162841796875,,5.191131114959717,5.191131114959717,,,,
110,773,,,6.141683578491211,,5.809568405151367,5.809568405151367,,,,
110,774,,,4.233306884765625,,3.901118755340576,3.901118755340576,,,,
110,775,,,6.810318946838379,,6.478002548217773,6.478002548217773,,,,
110,776,,,5.76263427734375,,5.430227756500244,5.430227756500244,,,,
,110,,,,,,,,,11.213530540466309,11.213530540466309
110,776,,,,,,,11.213530540466309,11.213530540466309,,
110,776,5.164278030395508,5.496374607086182,,5.164278030395508,,,,,,
111,777,,,6.4703192710876465,,6.137819766998291,6.137819766998291,,,,
111,778,,,3.835479974746704,,3.502819061279297,3.502819061279297,,,,
111,779,,,4.0268354415893555,,3.6940932273864746,3.6940932273864746,,,,
111,780,,,6.697144508361816,,6.36429500579834,6.36429500579834,,,,
111,781,,,6.448585033416748,,6.11570405960083,6.11570405960083,,,,
111,782,,,5.4143877029418945,,5.081389427185059,5.081389427185059,,,,
111,783,,,4.844864368438721,,4.511763095855713,4.511763095855713,,,,
,111,,,,,,,,,11.214685440063477,11.214685440063477
111,783,,,,,,,11.214685440063477,11.214685440063477,,
111,783,5.1118483543396,5.444639682769775,,5.1118483543396,,,,,,
112,784,,,5.1430158615112305,,4.80991268157959,4.80991268157959,,,,
112,785,,,5.365598678588867,,5.032426357269287,5.032426357269287,,,,
112,786,,,4.323884963989258,,3.9905920028686523,3.9905920028686523,,,,
112,787,,,4.209643840789795,,3.8763058185577393,3.8763058185577393,,,,
112,788,,,5.221742630004883,,4.888333797454834,4.888333797454834,,,,
112,789,,,7.329998016357422,,6.996463298797607,6.996463298797607,,,,
112,790,,,7.30792236328125,,6.974297046661377,6.974297046661377,,,,
,112,,,,,,,,,11.004720687866211,11.004720687866211
112,790,,,,,,,11.004720687866211,11.004720687866211,,
112,790,5.052454471588135,5.385781288146973,,5.052454471588135,,,,,,
113,791,,,5.089113235473633,,4.755368232727051,4.755368232727051,,,,
113,792,,,4.840007305145264,,4.506199836730957,4.506199836730957,,,,
113,793,,,6.5751543045043945,,6.241298675537109,6.241298675537109,,,,
113,794,,,6.98356294631958,,6.649593353271484,6.649593353271484,,,,
113,795,,,4.683272838592529,,4.349146842956543,4.349146842956543,,,,
113,796,,,4.057236671447754,,3.723022937774658,3.723022937774658,,,,
113,797,,,4.839057445526123,,4.504755020141602,4.504755020141602,,,,
,113,,,,,,,,,10.823091506958008,10.823091506958008
113,797,,,,,,,10.823091506958008,10.823091506958008,,
113,797,5.006103992462158,5.340077877044678,,5.006103992462158,,,,,,
114,798,,,4.622645854949951,,4.288249492645264,4.288249492645264,,,,
114,799,,,4.880649089813232,,4.546131134033203,4.546131134033203,,,,
114,800,,,5.241187572479248,,4.906549453735352,4.906549453735352,,,,
114,801,,,5.0483012199401855,,4.713510990142822,4.713510990142822,,,,
114,802,,,6.029162406921387,,5.69424295425415,5.69424295425415,,,,
114,803,,,5.769421100616455,,5.434444427490234,5.434444427490234,,,,
114,804,,,5.8421735763549805,,5.507161617279053,5.507161617279053,,,,
,114,,,,,,,,,10.706018447875977,10.706018447875977
114,804,,,,,,,10.706018447875977,10.706018447875977,,
114,804,4.964441299438477,5.299165725708008,,4.964441299438477,,,,,,
115,805,,,4.871400356292725,,4.536378383636475,4.536378383636475,,,,
115,806,,,6.400635242462158,,6.065461158752441,6.065461158752441,,,,
115,807,,,4.015357971191406,,3.680093765258789,3.680093765258789,,,,
115,808,,,4.188612461090088,,3.8532724380493164,3.8532724380493164,,,,
115,809,,,6.32157564163208,,5.986084461212158,5.986084461212158,,,,
115,810,,,5.552068710327148,,5.216564178466797,5.216564178466797,,,,
115,811,,,5.8362250328063965,,5.500675201416016,5.500675201416016,,,,
,115,,,,,,,,,10.628765106201172,10.628765106201172
115,811,,,,,,,10.628764152526855,10.628764152526855,,
115,811,4.9255852699279785,5.260899543762207,,4.9255852699279785,,,,,,
116,812,,,5.83651065826416,,5.500832557678223,5.500832557678223,,,,
116,813,,,5.318403244018555,,4.982607364654541,4.982607364654541,,,,
116,814,,,4.953433036804199,,4.617529392242432,4.617529392242432,,,,
116,815,,,4.617435932159424,,4.281408786773682,4.281408786773682,,,,
116,816,,,4.206462860107422,,3.8703291416168213,3.8703291416168213,,,,
116,817,,,6.169090747833252,,5.832888603210449,5.832888603210449,,,,
116,818,,,5.611855506896973,,5.275613307952881,5.275613307952881,,,,
,116,,,,,,,,,10.597424507141113,10.597424507141113
116,818,,,,,,,10.597424507141113,10.597424507141113,,
116,818,4.872776508331299,5.208749771118164,,4.872776508331299,,,,,,
117,819,,,5.068045616149902,,4.731750011444092,4.731750011444092,,,,
117,820,,,5.297502040863037,,4.961103439331055,4.961103439331055,,,,
117,821,,,3.4838199615478516,,3.1473491191864014,3.1473491191864014,,,,
117,822,,,4.316463470458984,,3.979954481124878,3.979954481124878,,,,
117,823,,,6.51015043258667,,6.173498630523682,6.173498630523682,,,,
117,824,,,5.301945686340332,,4.965253829956055,4.965253829956055,,,,
117,825,,,7.771062850952148,,7.43421745300293,7.43421745300293,,,,
,117,,,,,,,,,10.643966674804688,10.643966674804688
117,825,,,,,,,10.643966674804688,10.643966674804688,,
117,825,4.823018550872803,5.159541606903076,,4.823018550872803,,,,,,
118,826,,,4.259100914001465,,3.9222252368927,3.9222252368927,,,,
118,827,,,5.83383321762085,,5.49689245223999,5.49689245223999,,,,
118,828,,,5.1161980628967285,,4.779115676879883,4.779115676879883,,,,
118,829,,,4.186384201049805,,3.8492588996887207,3.8492588996887207,,,,
118,830,,,5.122213840484619,,4.785032749176025,4.785032749176025,,,,
118,831,,,5.858255386352539,,5.520975589752197,5.520975589752197,,,,
118,832,,,5.833160400390625,,5.495753288269043,5.495753288269043,,,,
,118,,,,,,,,,10.678117752075195,10.678117752075195
118,832,,,,,,,10.678117752075195,10.678117752075195,,
118,832,4.77088737487793,5.107987403869629,,4.77088737487793,,,,,,
119,833,,,4.36564302444458,,4.028134346008301,4.028134346008301,,,,
119,834,,,5.5268144607543945,,5.1892266273498535,5.1892266273498535,,,,
119,835,,,3.667677640914917,,3.3299903869628906,3.3299903869628906,,,,
119,836,,,5.7787275314331055,,5.440970420837402,5.440970420837402,,,,
119,837,,,5.573906421661377,,5.236058712005615,5.236058712005615,,,,
119,838,,,5.611187934875488,,5.273283958435059,5.273283958435059,,,,
119,839,,,4.577869892120361,,4.239818572998047,4.239818572998047,,,,
,119,,,,,,,,,10.547698020935059,10.547698020935059
119,839,,,,,,,10.547698020935059,10.547698020935059,,
119,839,4.71962308883667,5.057358264923096,,4.71962308883667,,,,,,
120,840,,,6.540360450744629,,6.202175617218018,6.202175617218018,,,,
120,841,,,3.523087501525879,,3.184797525405884,3.184797525405884,,,,
120,842,,,4.304868698120117,,3.9664602279663086,3.9664602279663086,,,,
120,843,,,4.168394088745117,,3.8298356533050537,3.8298356533050537,,,,
120,844,,,6.068737983703613,,5.730064868927002,5.730064868927002,,,,
120,845,,,5.696218490600586,,5.357404708862305,5.357404708862305,,,,
120,846,,,4.305897235870361,,3.9670729637145996,3.9670729637145996,,,,
,120,,,,,,,,,10.3349027633667,10.3349027633667
120,846,,,,,,,10.3349027633667,10.3349027633667,,
120,846,4.667982578277588,5.006491184234619,,4.667982578277588,,,,,,
121,847,,,4.767223358154297,,4.428378582000732,4.428378582000732,,,,
121,848,,,4.5793232917785645,,4.2403764724731445,4.2403764724731445,,,,
121,849,,,5.111636638641357,,4.772621154785156,4.772621154785156,,,,
121,850,,,5.148642539978027,,4.809561252593994,4.809561252593994,,,,
121,851,,,5.459057807922363,,5.1198625564575195,5.1198625564575195,,,,
121,852,,,3.9308574199676514,,3.5916075706481934,3.5916075706481934,,,,
121,853,,,6.765593528747559,,6.426211357116699,6.426211357116699,,,,
,121,,,,,,,,,10.194040298461914,10.194040298461914
121,853,,,,,,,10.194040298461914,10.194040298461914,,
121,853,4.607409954071045,4.946484565734863,,4.607409954071045,,,,,,
122,854,,,3.2365589141845703,,2.897047281265259,2.897047281265259,,,,
122,855,,,5.842309951782227,,5.50274658203125,5.50274658203125,,,,
122,856,,,5.760756969451904,,5.421082019805908,5.421082019805908,,,,
122,857,,,5.314952850341797,,4.975115776062012,4.975115776062012,,,,
122,858,,,4.763922691345215,,4.423999309539795,4.423999309539795,,,,
122,859,,,4.652410507202148,,4.312368869781494,4.312368869781494,,,,
122,860,,,4.243425369262695,,3.903310775756836,3.903310775756836,,,,
,122,,,,,,,,,10.08900260925293,10.08900260925293
122,860,,,,,,,10.08900260925293,10.08900260925293,,
122,860,4.548407554626465,4.888187885284424,,4.548407554626465,,,,,,
123,861,,,6.7329511642456055,,6.392748832702637,6.392748832702637,,,,
123,862,,,4.046756267547607,,3.7064552307128906,3.7064552307128906,,,,
123,863,,,3.288612127304077,,2.9482433795928955,2.9482433795928955,,,,
123,864,,,4.626109600067139,,4.285604000091553,4.285604000091553,,,,
123,865,,,5.787344932556152,,5.446702480316162,5.446702480316162,,,,
123,866,,,4.492146015167236,,4.151449203491211,4.151449203491211,,,,
123,867,,,4.894428253173828,,4.553631782531738,4.553631782531738,,,,
,123,,,,,,,,,9.841300964355469,9.841300964355469
123,867,,,,,,,9.841300964355469,9.841300964355469,,
123,867,4.492362976074219,4.832836151123047,,4.492362976074219,,,,,,
124,868,,,5.0974812507629395,,4.75657844543457,4.75657844543457,,,,
124,869,,,4.126585006713867,,3.7855212688446045,3.7855212688446045,,,,
124,870,,,5.331087112426758,,4.989931106567383,4.989931106567383,,,,
124,871,,,5.4584527015686035,,5.117255210876465,5.117255210876465,,,,
124,872,,,3.897127389907837,,3.55582594871521,3.55582594871521,,,,
124,873,,,4.962258815765381,,4.620848655700684,4.620848655700684,,,,
124,874,,,4.198661804199219,,3.8571739196777344,3.8571739196777344,,,,
,124,,,,,,,,,9.543130874633789,9.543130874633789
124,874,,,,,,,9.543130874633789,9.543130874633789,,
124,874,4.434886455535889,4.776076793670654,,4.434886455535889,,,,,,
125,875,,,4.909634590148926,,4.568018436431885,4.568018436431885,,,,
125,876,,,4.396819591522217,,4.0550994873046875,4.0550994873046875,,,,
125,877,,,5.567301273345947,,5.225502014160156,5.225502014160156,,,,
125,878,,,4.050286293029785,,3.7082953453063965,3.7082953453063965,,,,
125,879,,,4.6479716300964355,,4.3059282302856445,4.3059282302856445,,,,
125,880,,,4.9549360275268555,,4.6127800941467285,4.6127800941467285,,,,
125,881,,,4.157426834106445,,3.8152050971984863,3.8152050971984863,,,,
,125,,,,,,,,,9.424832344055176,9.424832344055176
125,881,,,,,,,9.424832344055176,9.424832344055176,,
125,881,4.377462863922119,4.719370365142822,,4.377462863922119,,,,,,
126,882,,,4.426699638366699,,4.084384441375732,4.084384441375732,,,,
126,883,,,4.05360221862793,,3.7111809253692627,3.7111809253692627,,,,
126,884,,,4.221714019775391,,3.879199266433716,3.879199266433716,,,,
126,885,,,4.803591251373291,,4.460954189300537,4.460954189300537,,,,
126,886,,,3.8491458892822266,,3.5063886642456055,3.5063886642456055,,,,
126,887,,,5.939623832702637,,5.596808910369873,5.596808910369873,,,,
126,888,,,6.434473991394043,,6.091570854187012,6.091570854187012,,,,
,126,,,,,,,,,9.371612548828125,9.371612548828125
126,888,,,,,,,9.371612548828125,9.371612548828125,,
126,888,4.317373752593994,4.659969329833984,,4.317373752593994,,,,,,
127,889,,,3.3356902599334717,,2.99267578125,2.99267578125,,,,
127,890,,,5.705793857574463,,5.362699031829834,5.362699031829834,,,,
127,891,,,2.754030227661133,,2.4108223915100098,2.4108223915100098,,,,
127,892,,,5.122966766357422,,4.779656410217285,4.779656410217285,,,,
127,893,,,5.413984298706055,,5.070572376251221,5.070572376251221,,,,
127,894,,,5.363016605377197,,5.01951265335083,5.01951265335083,,,,
127,895,,,4.449175834655762,,4.105584621429443,4.105584621429443,,,,
,127,,,,,,,,,9.289039611816406,9.289039611816406
127,895,,,,,,,9.289039611816406,9.289039611816406,,
127,895,4.262828826904297,4.606105327606201,,4.262828826904297,,,,,,
128,896,,,5.753756999969482,,5.41001033782959,5.41001033782959,,,,
128,897,,,5.15093994140625,,4.807124614715576,4.807124614715576,,,,
128,898,,,2.4773552417755127,,2.1334097385406494,2.1334097385406494,,,,
128,899,,,4.421921730041504,,4.077865123748779,4.077865123748779,,,,
128,900,,,4.896145820617676,,4.552000522613525,4.552000522613525,,,,
128,901,,,4.5193281173706055,,4.175093650817871,4.175093650817871,,,,
128,902,,,4.960965156555176,,4.616605281829834,4.616605281829834,,,,
,128,,,,,,,,,9.238126754760742,9.238126754760742
128,902,,,,,,,9.238126754760742,9.238126754760742,,
128,902,4.217526435852051,4.5615386962890625,,4.217526435852051,,,,,,
129,903,,,3.7639715671539307,,3.419482469558716,3.419482469558716,,,,
129,904,,,6.4829182624816895,,6.1383538246154785,6.1383538246154785,,,,
129,905,,,4.105959892272949,,3.761281728744507,3.761281728744507,,,,
129,906,,,4.339090347290039,,3.994262933731079,3.994262933731079,,,,
129,907,,,3.7735698223114014,,3.428654909133911,3.428654909133911,,,,
129,908,,,4.585737228393555,,4.240738391876221,4.240738391876221,,,,
129,909,,,4.426693439483643,,4.081592082977295,4.081592082977295,,,,
,129,,,,,,,,,9.055813789367676,9.055813789367676
129,909,,,,,,,9.055813789367676,9.055813789367676,,
129,909,4.158960342407227,4.503726482391357,,4.158960342407227,,,,,,
130,910,,,3.2072525024414062,,2.861992597579956,2.861992597579956,,,,
130,911,,,4.269840717315674,,3.924529552459717,3.924529552459717,,,,
130,912,,,5.415999412536621,,5.070556640625,5.070556640625,,,,
130,913,,,5.546943664550781,,5.20136833190918,5.20136833190918,,,,
130,914,,,4.7273030281066895,,4.381640434265137,4.381640434265137,,,,
130,915,,,4.43905782699585,,4.093266010284424,4.093266010284424,,,,
130,916,,,2.1671786308288574,,1.8212865591049194,1.8212865591049194,,,,
,130,,,,,,,,,8.833252906799316,8.833252906799316
130,916,,,,,,,8.833252906799316,8.833252906799316,,
130,916,4.112366199493408,4.457896709442139,,4.112366199493408,,,,,,
131,917,,,5.333400726318359,,4.98738956451416,4.98738956451416,,,,
131,918,,,4.0351948738098145,,3.6890552043914795,3.6890552043914795,,,,
131,919,,,3.8202953338623047,,3.474041223526001,3.474041223526001,,,,
131,920,,,3.4086060523986816,,3.0622055530548096,3.0622055530548096,,,,
131,921,,,5.420637607574463,,5.0741167068481445,5.0741167068481445,,,,
131,922,,,4.955318450927734,,4.608719348907471,4.608719348907471,,,,
131,923,,,3.213414192199707,,2.8667330741882324,2.8667330741882324,,,,
,131,,,,,,,,,8.743115425109863,8.743115425109863
131,923,,,,,,,8.743115425109863,8.743115425109863,,
131,923,4.073812007904053,4.420154094696045,,4.073812007904053,,,,,,
132,924,,,4.958445072174072,,4.611735820770264,4.611735820770264,,,,
132,925,,,3.324533224105835,,2.9776949882507324,2.9776949882507324,,,,
132,926,,,4.343787670135498,,3.996814012527466,3.996814012527466,,,,
132,927,,,3.1526949405670166,,2.805638074874878,2.805638074874878,,,,
132,928,,,5.854371547698975,,5.507275581359863,5.507275581359863,,,,
132,929,,,5.3539323806762695,,5.006769180297852,5.006769180297852,,,,
132,930,,,2.5047221183776855,,2.157438039779663,2.157438039779663,,,,
,132,,,,,,,,,8.557327270507812,8.557327270507812
132,930,,,,,,,8.557327270507812,8.557327270507812,,
132,930,4.03372049331665,4.380711555480957,,4.03372049331665,,,,,,
133,931,,,5.863394260406494,,5.515975475311279,5.515975475311279,,,,
133,932,,,5.055812358856201,,4.708321571350098,4.708321571350098,,,,
133,933,,,2.7425332069396973,,2.3949477672576904,2.3949477672576904,,,,
133,934,,,4.787064552307129,,4.439422607421875,4.439422607421875,,,,
133,935,,,3.5711300373077393,,3.2234158515930176,3.2234158515930176,,,,
133,936,,,4.106416702270508,,3.758605480194092,3.758605480194092,,,,
133,937,,,4.209728717803955,,3.861757755279541,3.861757755279541,,,,
,133,,,,,,,,,8.27667236328125,8.27667236328125
133,937,,,,,,,8.27667236328125,8.27667236328125,,
133,937,3.9982502460479736,4.345881938934326,,3.9982502460479736,,,,,,
134,938,,,3.9887611865997314,,3.640596628189087,3.640596628189087,,,,
134,939,,,4.468019485473633,,4.119746685028076,4.119746685028076,,,,
134,940,,,4.4259867668151855,,4.077630519866943,4.077630519866943,,,,
134,941,,,3.873866081237793,,3.525407552719116,3.525407552719116,,,,
134,942,,,4.347618103027344,,3.9990341663360596,3.9990341663360596,,,,
134,943,,,4.673545837402344,,4.324872016906738,4.324872016906738,,,,
134,944,,,4.307210922241211,,3.9584293365478516,3.9584293365478516,,,,
,134,,,,,,,,,8.107927322387695,8.107927322387695
134,944,,,,,,,8.107927322387695,8.107927322387695,,
134,944,3.9485023021698,4.29694128036499,,3.9485023021698,,,,,,
135,945,,,4.548365116119385,,4.199463844299316,4.199463844299316,,,,
135,946,,,3.7528483867645264,,3.4038379192352295,3.4038379192352295,,,,
135,947,,,5.368552207946777,,5.0194292068481445,5.0194292068481445,,,,
135,948,,,3.503513813018799,,3.154282569885254,3.154282569885254,,,,
135,949,,,4.575573921203613,,4.22625732421875,4.22625732421875,,,,
135,950,,,4.484311580657959,,4.134894371032715,4.134894371032715,,,,
135,951,,,2.3386669158935547,,1.9891533851623535,1.9891533851623535,,,,
,135,,,,,,,,,7.971104621887207,7.971104621887207
135,951,,,,,,,7.971104621887207,7.971104621887207,,
135,951,3.9033875465393066,4.252574920654297,,3.9033875465393066,,,,,,
136,952,,,2.4300808906555176,,2.0804624557495117,2.0804624557495117,,,,
136,953,,,4.243165493011475,,3.893474578857422,3.893474578857422,,,,
136,954,,,4.5434465408325195,,4.193659782409668,4.193659782409668,,,,
136,955,,,3.5680227279663086,,3.2181224822998047,3.2181224822998047,,,,
136,956,,,4.303096294403076,,3.953084707260132,3.953084707260132,,,,
136,957,,,6.341455936431885,,5.991398334503174,5.991398334503174,,,,
136,958,,,3.8286702632904053,,3.4784834384918213,3.4784834384918213,,,,
,136,,,,,,,,,7.777317523956299,7.777317523956299
136,958,,,,,,,7.777317523956299,7.777317523956299,,
136,958,3.8642563819885254,4.214120388031006,,3.8642563819885254,,,,,,
137,959,,,4.086820602416992,,3.736477851867676,3.736477851867676,,,,
137,960,,,5.462500095367432,,5.112087249755859,5.112087249755859,,,,
137,961,,,3.5393223762512207,,3.1887502670288086,3.1887502670288086,,,,
137,962,,,3.366056203842163,,3.0153696537017822,3.0153696537017822,,,,
137,963,,,3.5209922790527344,,3.170203447341919,3.170203447341919,,,,
137,964,,,5.148839473724365,,4.797976493835449,4.797976493835449,,,,
137,965,,,3.96952223777771,,3.61855411529541,3.61855411529541,,,,
,137,,,,,,,,,7.7976155281066895,7.7976155281066895
137,965,,,,,,,7.7976155281066895,7.7976155281066895,,
137,965,3.823972463607788,4.174604415893555,,3.823972463607788,,,,,,
138,966,,,3.6099390983581543,,3.258910894393921,3.258910894393921,,,,
138,967,,,3.9735326766967773,,3.622420072555542,3.622420072555542,,,,
138,968,,,4.584920883178711,,4.233753681182861,4.233753681182861,,,,
138,969,,,3.857022762298584,,3.5057497024536133,3.5057497024536133,,,,
138,970,,,5.006034851074219,,4.654629707336426,4.654629707336426,,,,
138,971,,,3.623626470565796,,3.272120714187622,3.272120714187622,,,,
138,972,,,4.454196453094482,,4.102583885192871,4.102583885192871,,,,
,138,,,,,,,,,7.8530683517456055,7.8530683517456055
138,972,,,,,,,7.8530683517456055,7.8530683517456055,,
138,972,3.7782044410705566,4.129474639892578,,3.7782044410705566,,,,,,
139,973,,,3.8509135246276855,,3.4992222785949707,3.4992222785949707,,,,
139,974,,,3.4449219703674316,,3.093155860900879,3.093155860900879,,,,
139,975,,,4.8159894943237305,,4.464117527008057,4.464117527008057,,,,
139,976,,,4.936100006103516,,4.584169387817383,4.584169387817383,,,,
139,977,,,3.8352670669555664,,3.4832286834716797,3.4832286834716797,,,,
139,978,,,3.078986883163452,,2.7268471717834473,2.7268471717834473,,,,
139,979,,,5.71422815322876,,5.361998081207275,5.361998081207275,,,,
,139,,,,,,,,,7.684488773345947,7.684488773345947
139,979,,,,,,,7.684488773345947,7.684488773345947,,
139,979,3.742978811264038,4.094903945922852,,3.742978811264038,,,,,,
140,980,,,4.5609893798828125,,4.208539009094238,4.208539009094238,,,,
140,981,,,3.477264881134033,,3.1246869564056396,3.1246869564056396,,,,
140,982,,,5.377896308898926,,5.02523946762085,5.02523946762085,,,,
140,983,,,3.727302074432373,,3.374479055404663,3.374479055404663,,,,
140,984,,,4.130462646484375,,3.7775135040283203,3.7775135040283203,,,,
140,985,,,3.336700201034546,,2.983659505844116,2.983659505844116,,,,
140,986,,,3.1545634269714355,,2.8014495372772217,2.8014495372772217,,,,
,140,,,,,,,,,7.599116325378418,7.599116325378418
140,986,,,,,,,7.599116325378418,7.599116325378418,,
140,986,3.693279981613159,4.046051025390625,,3.693279981613159,,,,,,
141,987,,,4.465259075164795,,4.112101078033447,4.112101078033447,,,,
141,988,,,3.1887497901916504,,2.835507869720459,2.835507869720459,,,,
141,989,,,3.8018765449523926,,3.4485533237457275,3.4485533237457275,,,,
141,990,,,3.4280407428741455,,3.0746326446533203,3.0746326446533203,,,,
141,991,,,4.496621608734131,,4.143083095550537,4.143083095550537,,,,
141,992,,,5.057641983032227,,4.703972816467285,4.703972816467285,,,,
141,993,,,2.8399600982666016,,2.486220121383667,2.486220121383667,,,,
,141,,,,,,,,,7.55850076675415,7.55850076675415
141,993,,,,,,,7.55850076675415,7.55850076675415,,
141,993,3.647087812423706,4.000497817993164,,3.647087812423706,,,,,,
142,994,,,3.786661148071289,,3.43280029296875,3.43280029296875,,,,
142,995,,,3.843872547149658,,3.4899256229400635,3.4899256229400635,,,,
142,996,,,4.855867385864258,,4.501758575439453,4.501758575439453,,,,
142,997,,,3.84181809425354,,3.487623691558838,3.487623691558838,,,,
142,998,,,3.3030219078063965,,2.948695182800293,2.948695182800293,,,,
142,999,,,4.316905975341797,,3.962493419647217,3.962493419647217,,,,
142,1000,,,3.565948724746704,,3.2114694118499756,3.2114694118499756,,,,
,142,,,,,,,,,7.548242568969727,7.548242568969727
142,1000,,,,,,,7.548243045806885,7.548243045806885,,
142,1000,3.6121721267700195,3.9663336277008057,,3.6121721267700195,,,,,,
143,1001,,,4.4954118728637695,,4.140843868255615,4.140843868255615,,,,
143,1002,,,4.376580715179443,,4.021969795227051,4.021969795227051,,,,
143,1003,,,2.7121167182922363,,2.3574514389038086,2.3574514389038086,,,,
143,1004,,,3.138956308364868,,2.784177541732788,2.784177541732788,,,,
143,1005,,,5.299694061279297,,4.944762229919434,4.944762229919434,,,,
143,1006,,,3.914677619934082,,3.5596697330474854,3.5596697330474854,,,,
143,1007,,,3.125999927520752,,2.7708520889282227,2.7708520889282227,,,,
,143,,,,,,,,,7.544456481933594,7.544456481933594
143,1007,,,,,,,7.544456481933594,7.544456481933594,,
143,1007,3.583991289138794,3.938774347305298,,3.583991289138794,,,,,,
144,1008,,,3.724238395690918,,3.3689889907836914,3.3689889907836914,,,,
144,1009,,,3.972074508666992,,3.6167380809783936,3.6167380809783936,,,,
144,1010,,,4.054278373718262,,3.698873519897461,3.698873519897461,,,,
144,1011,,,2.841061592102051,,2.485560655593872,2.485560655593872,,,,
144,1012,,,4.359844207763672,,4.004266262054443,4.004266262054443,,,,
144,1013,,,4.055918216705322,,3.7002201080322266,3.7002201080322266,,,,
144,1014,,,4.86673641204834,,4.510913848876953,4.510913848876953,,,,
,144,,,,,,,,,7.422519683837891,7.422519683837891
144,1014,,,,,,,7.422519683837891,7.422519683837891,,
144,1014,3.539802312850952,3.895284652709961,,3.539802312850952,,,,,,
145,1015,,,3.611135959625244,,3.2551915645599365,3.2551915645599365,,,,
145,1016,,,4.239345550537109,,3.883317708969116,3.883317708969116,,,,
145,1017,,,4.029963970184326,,3.6738686561584473,3.6738686561584473,,,,
145,1018,,,3.3587088584899902,,3.0024914741516113,3.0024914741516113,,,,
145,1019,,,3.8794002532958984,,3.5230681896209717,3.5230681896209717,,,,
145,1020,,,3.8530232906341553,,3.49658465385437,3.49658465385437,,,,
145,1021,,,4.3542375564575195,,3.9977195262908936,3.9977195262908936,,,,
,145,,,,,,,,,7.209865570068359,7.209865570068359
145,1021,,,,,,,7.209865570068359,7.209865570068359,,
145,1021,3.5033202171325684,3.8595166206359863,,3.5033202171325684,,,,,,
146,1022,,,3.4227559566497803,,3.066077470779419,3.066077470779419,,,,
146,1023,,,4.687419891357422,,4.330639839172363,4.330639839172363,,,,
146,1024,,,3.584498882293701,,3.2276248931884766,3.2276248931884766,,,,
146,1025,,,4.3636932373046875,,4.006720066070557,4.006720066070557,,,,
146,1026,,,4.035867214202881,,3.6787776947021484,3.6787776947021484,,,,
146,1027,,,3.2552435398101807,,2.898059844970703,2.898059844970703,,,,
146,1028,,,2.6096012592315674,,2.2523210048675537,2.2523210048675537,,,,
,146,,,,,,,,,7.066174507141113,7.066174507141113
146,1028,,,,,,,7.066174507141113,7.066174507141113,,
146,1028,3.459218740463257,3.816169261932373,,3.459218740463257,,,,,,
147,1029,,,2.7142763137817383,,2.356860876083374,2.356860876083374,,,,
147,1030,,,4.441385269165039,,4.083868503570557,4.083868503570557,,,,
147,1031,,,3.7485063076019287,,3.3908872604370117,3.3908872604370117,,,,
147,1032,,,2.885582447052002,,2.5278799533843994,2.5278799533843994,,,,
147,1033,,,3.239121437072754,,2.8812732696533203,2.8812732696533203,,,,
147,1034,,,5.6239013671875,,5.265946388244629,5.265946388244629,,,,
147,1035,,,3.941427230834961,,3.5833797454833984,3.5833797454833984,,,,
,147,,,,,,,,,7.133612632751465,7.133612632751465
147,1035,,,,,,,7.133612632751465,7.133612632751465,,
147,1035,3.4275267124176025,3.7852251529693604,,3.4275267124176025,,,,,,
148,1036,,,3.8474488258361816,,3.489349603652954,3.489349603652954,,,,
148,1037,,,2.899181604385376,,2.5409865379333496,2.5409865379333496,,,,
148,1038,,,3.57167387008667,,3.213371515274048,3.213371515274048,,,,
148,1039,,,4.744504451751709,,4.386073112487793,4.386073112487793,,,,
148,1040,,,3.8546862602233887,,3.496180772781372,3.496180772781372,,,,
148,1041,,,3.368522882461548,,3.009915828704834,3.009915828704834,,,,
148,1042,,,4.22895622253418,,3.870220422744751,3.870220422744751,,,,
,148,,,,,,,,,7.257958889007568,7.257958889007568
148,1042,,,,,,,7.257958889007568,7.257958889007568,,
148,1042,3.3862290382385254,3.744608163833618,,3.3862290382385254,,,,,,
149,1043,,,3.6630895137786865,,3.304356813430786,3.304356813430786,,,,
149,1044,,,4.157774925231934,,3.798976182937622,3.798976182937622,,,,
149,1045,,,3.6166937351226807,,3.257808208465576,3.257808208465576,,,,
149,1046,,,3.9259626865386963,,3.566977024078369,3.566977024078369,,,,
149,1047,,,3.221667766571045,,2.8626091480255127,2.8626091480255127,,,,
149,1048,,,3.6303181648254395,,3.271143913269043,3.271143913269043,,,,
149,1049,,,3.8831281661987305,,3.5238308906555176,3.5238308906555176,,,,
,149,,,,,,,,,7.257428169250488,7.257428169250488
149,1049,,,,,,,7.257428169250488,7.257428169250488,,
149,1049,3.3542442321777344,3.7132043838500977,,3.3542442321777344,,,,,,
150,1050,,,3.9340968132019043,,3.574697971343994,3.574697971343994,,,,
150,1051,,,4.222323894500732,,3.8628079891204834,3.8628079891204834,,,,
150,1052,,,2.351935386657715,,1.992278814315796,1.992278814315796,,,,
150,1053,,,3.839702844619751,,3.479978561401367,3.479978561401367,,,,
150,1054,,,4.866275310516357,,4.506458759307861,4.506458759307861,,,,
150,1055,,,3.231341600418091,,2.8713836669921875,2.8713836669921875,,,,
150,1056,,,2.6616926193237305,,2.301682233810425,2.301682233810425,,,,
,150,,,,,,,,,7.147045135498047,7.147045135498047
150,1056,,,,,,,7.147045135498047,7.147045135498047,,
150,1056,3.3177623748779297,3.6774606704711914,,3.3177623748779297,,,,,,
151,1057,,,2.557638645172119,,2.1975462436676025,2.1975462436676025,,,,
151,1058,,,4.189906597137451,,3.829676866531372,3.829676866531372,,,,
151,1059,,,4.313985824584961,,3.953677177429199,3.953677177429199,,,,
151,1060,,,3.2712883949279785,,2.910916805267334,2.910916805267334,,,,
151,1061,,,3.8060483932495117,,3.4455738067626953,3.4455738067626953,,,,
151,1062,,,3.7820980548858643,,3.4215166568756104,3.4215166568756104,,,,
151,1063,,,3.53010892868042,,3.1694319248199463,3.1694319248199463,,,,
,151,,,,,,,,,6.994340896606445,6.994340896606445
151,1063,,,,,,,6.9943413734436035,6.9943413734436035,,
151,1063,3.2858736515045166,3.6462364196777344,,3.2858736515045166,,,,,,
152,1064,,,3.0655863285064697,,2.7048113346099854,2.7048113346099854,,,,
152,1065,,,4.281805038452148,,3.9209702014923096,3.9209702014923096,,,,
152,1066,,,3.5874078273773193,,3.2264556884765625,3.2264556884765625,,,,
152,1067,,,3.4467175006866455,,3.0857129096984863,3.0857129096984863,,,,
152,1068,,,3.6566057205200195,,3.2954702377319336,3.2954702377319336,,,,
152,1069,,,3.770174741744995,,3.4089529514312744,3.4089529514312744,,,,
152,1070,,,3.24164080619812,,2.880311965942383,2.880311965942383,,,,
,152,,,,,,,,,6.769150257110596,6.769150257110596
152,1070,,,,,,,6.769150257110596,6.769150257110596,,
152,1070,3.250586748123169,3.611593723297119,,3.250586748123169,,,,,,
153,1071,,,3.220322847366333,,2.8588380813598633,2.8588380813598633,,,,
153,1072,,,3.7744200229644775,,3.412867784500122,3.412867784500122,,,,
153,1073,,,4.763965129852295,,4.402318954467773,4.402318954467773,,,,
153,1074,,,2.9067556858062744,,2.544949531555176,2.544949531555176,,,,
153,1075,,,3.9951817989349365,,3.633294105529785,3.633294105529785,,,,
153,1076,,,3.3882412910461426,,3.026254177093506,3.026254177093506,,,,
153,1077,,,1.9550056457519531,,1.5929077863693237,1.5929077863693237,,,,
,153,,,,,,,,,6.624125957489014,6.624125957489014
153,1077,,,,,,,6.624125957489014,6.624125957489014,,
153,1077,3.211899995803833,3.5736491680145264,,3.211899995803833,,,,,,
154,1078,,,3.4428491592407227,,3.080679416656494,3.080679416656494,,,,
154,1079,,,2.773366689682007,,2.411090135574341,2.411090135574341,,,,
154,1080,,,3.441535472869873,,3.0791590213775635,3.0791590213775635,,,,
154,1081,,,3.038822650909424,,2.6763105392456055,2.6763105392456055,,,,
154,1082,,,3.9053337574005127,,3.5427305698394775,3.5427305698394775,,,,
154,1083,,,4.435060501098633,,4.072369575500488,4.072369575500488,,,,
154,1084,,,4.107613563537598,,3.7448570728302,3.7448570728302,,,,
,154,,,,,,,,,6.5218505859375,6.5218505859375
154,1084,,,,,,,6.5218505859375,6.5218505859375,,
154,1084,3.179084062576294,3.54154109954834,,3.179084062576294,,,,,,
155,1085,,,3.7714412212371826,,3.4085612297058105,3.4085612297058105,,,,
155,1086,,,2.990159749984741,,2.6271824836730957,2.6271824836730957,,,,
155,1087,,,4.793064594268799,,4.429988861083984,4.429988861083984,,,,
155,1088,,,4.011166572570801,,3.647969961166382,3.647969961166382,,,,
155,1089,,,3.0908119678497314,,2.727482557296753,2.727482557296753,,,,
155,1090,,,2.4358789920806885,,2.072479009628296,2.072479009628296,,,,
155,1091,,,3.201244592666626,,2.83774471282959,2.83774471282959,,,,
,155,,,,,,,,,6.602968692779541,6.602968692779541
155,1091,,,,,,,6.602968692779541,6.602968692779541,,
155,1091,3.133775234222412,3.4969396591186523,,3.133775234222412,,,,,,
156,1092,,,4.127589225769043,,3.764021635055542,3.764021635055542,,,,
156,1093,,,4.130420684814453,,3.766726493835449,3.766726493835449,,,,
156,1094,,,2.7602031230926514,,2.3963944911956787,2.3963944911956787,,,,
156,1095,,,3.9008822441101074,,3.5369720458984375,3.5369720458984375,,,,
156,1096,,,2.2783496379852295,,1.9143576622009277,1.9143576622009277,,,,
156,1097,,,2.999440908432007,,2.6353566646575928,2.6353566646575928,,,,
156,1098,,,4.895901203155518,,4.531744003295898,4.531744003295898,,,,
,156,,,,,,,,,6.539556980133057,6.539556980133057
156,1098,,,,,,,6.539556980133057,6.539556980133057,,
156,1098,3.0922720432281494,3.4561331272125244,,3.0922720432281494,,,,,,
157,1099,,,3.66449236869812,,3.3001692295074463,3.3001692295074463,,,,
157,1100,,,4.187682628631592,,3.8232524394989014,3.8232524394989014,,,,
157,1101,,,3.9083456993103027,,3.543818712234497,3.543818712234497,,,,
157,1102,,,3.0374491214752197,,2.67283034324646,2.67283034324646,,,,
157,1103,,,2.4734418392181396,,2.1086833477020264,2.1086833477020264,,,,
157,1104,,,3.684248447418213,,3.3193979263305664,3.3193979263305664,,,,
157,1105,,,2.2468268871307373,,1.8818775415420532,1.8818775415420532,,,,
,157,,,,,,,,,6.3808979988098145,6.3808979988098145
157,1105,,,,,,,6.3808979988098145,6.3808979988098145,,
157,1105,3.054722547531128,3.4193286895751953,,3.054722547531128,,,,,,
158,1106,,,4.325528621673584,,3.9604530334472656,3.9604530334472656,,,,
158,1107,,,2.8037660121917725,,2.4385838508605957,2.4385838508605957,,,,
158,1108,,,3.1609325408935547,,2.795640468597412,2.795640468597412,,,,
158,1109,,,3.389237642288208,,3.0238025188446045,3.0238025188446045,,,,
158,1110,,,4.03046989440918,,3.6649513244628906,3.6649513244628906,,,,
158,1111,,,2.757685899734497,,2.392085313796997,2.392085313796997,,,,
158,1112,,,3.111562967300415,,2.7458624839782715,2.7458624839782715,,,,
,158,,,,,,,,,6.231020927429199,6.231020927429199
158,1112,,,,,,,6.231020927429199,6.231020927429199,,
158,1112,3.028268814086914,3.3936402797698975,,3.028268814086914,,,,,,
159,1113,,,3.0453665256500244,,2.679534673690796,2.679534673690796,,,,
159,1114,,,4.089514255523682,,3.7235677242279053,3.7235677242279053,,,,
159,1115,,,2.9669156074523926,,2.6008517742156982,2.6008517742156982,,,,
159,1116,,,2.779390811920166,,2.4132297039031982,2.4132297039031982,,,,
159,1117,,,3.351158618927002,,2.9849202632904053,2.9849202632904053,,,,
159,1118,,,4.309006690979004,,3.9426586627960205,3.9426586627960205,,,,
159,1119,,,2.2309749126434326,,1.8645092248916626,1.8645092248916626,,,,
,159,,,,,,,,,6.179494380950928,6.179494380950928
159,1119,,,,,,,6.179494380950928,6.179494380950928,,
159,1119,2.9872868061065674,3.3534066677093506,,2.9872868061065674,,,,,,
160,1120,,,3.996631383895874,,3.6300902366638184,3.6300902366638184,,,,
160,1121,,,4.718667030334473,,4.352014541625977,4.352014541625977,,,,
160,1122,,,2.822141170501709,,2.455389976501465,2.455389976501465,,,,
160,1123,,,3.1045267581939697,,2.7376556396484375,2.7376556396484375,,,,
160,1124,,,2.8650221824645996,,2.4980483055114746,2.4980483055114746,,,,
160,1125,,,2.785473585128784,,2.4184041023254395,2.4184041023254395,,,,
160,1126,,,2.4205567836761475,,2.053372859954834,2.053372859954834,,,,
,160,,,,,,,,,6.221917152404785,6.221917152404785
160,1126,,,,,,,6.221917152404785,6.221917152404785,,
160,1126,2.9586851596832275,3.325516939163208,,2.9586851596832275,,,,,,
161,1127,,,3.11399507522583,,2.7467856407165527,2.7467856407165527,,,,
161,1128,,,2.8379135131835938,,2.4705958366394043,2.4705958366394043,,,,
161,1129,,,4.207870006561279,,3.8404428958892822,3.8404428958892822,,,,
161,1130,,,2.93904447555542,,2.5715126991271973,2.5715126991271973,,,,
161,1131,,,3.0442609786987305,,2.6766672134399414,2.6766672134399414,,,,
161,1132,,,3.2233762741088867,,2.8557050228118896,2.8557050228118896,,,,
161,1133,,,4.45339822769165,,4.085591793060303,4.085591793060303,,,,
,161,,,,,,,,,6.286169528961182,6.286169528961182
161,1133,,,,,,,6.286169528961182,6.286169528961182,,
161,1133,2.932361602783203,3.2998411655426025,,2.932361602783203,,,,,,
162,1134,,,3.636003017425537,,3.268138885498047,3.268138885498047,,,,
162,1135,,,2.257066011428833,,1.8890727758407593,1.8890727758407593,,,,
162,1136,,,2.401620388031006,,2.0335540771484375,2.0335540771484375,,,,
162,1137,,,3.822437047958374,,3.454315662384033,3.454315662384033,,,,
162,1138,,,3.741953134536743,,3.3737261295318604,3.3737261295318604,,,,
162,1139,,,4.108502388000488,,3.7401256561279297,3.7401256561279297,,,,
162,1140,,,2.3852877616882324,,2.0168421268463135,2.0168421268463135,,,,
,162,,,,,,,,,6.313567638397217,6.313567638397217
162,1140,,,,,,,6.313567638397217,6.313567638397217,,
162,1140,2.904352903366089,3.2724809646606445,,2.904352903366089,,,,,,
163,1141,,,4.600146770477295,,4.231606483459473,4.231606483459473,,,,
163,1142,,,2.810657262802124,,2.4419798851013184,2.4419798851013184,,,,
163,1143,,,2.4485487937927246,,2.07977032661438,2.07977032661438,,,,
163,1144,,,2.5087900161743164,,2.1399779319763184,2.1399779319763184,,,,
163,1145,,,4.005509376525879,,3.636610507965088,3.636610507965088,,,,
163,1146,,,2.872847080230713,,2.5038387775421143,2.5038387775421143,,,,
163,1147,,,3.797163486480713,,3.4280567169189453,3.4280567169189453,,,,
,163,,,,,,,,,6.226703643798828,6.226703643798828
163,1147,,,,,,,6.226703643798828,6.226703643798828,,
163,1147,2.8736164569854736,3.2424211502075195,,2.8736164569854736,,,,,,
164,1148,,,3.144411325454712,,2.7751476764678955,2.7751476764678955,,,,
164,1149,,,2.45322585105896,,2.083862781524658,2.083862781524658,,,,
164,1150,,,3.520798444747925,,3.151350736618042,3.151350736618042,,,,
164,1151,,,3.773785352706909,,3.4042439460754395,3.4042439460754395,,,,
164,1152,,,2.652006149291992,,2.2823283672332764,2.2823283672332764,,,,
164,1153,,,4.068943977355957,,3.6991424560546875,3.6991424560546875,,,,
164,1154,,,2.310251235961914,,1.9403618574142456,1.9403618574142456,,,,
,164,,,,,,,,,6.090450286865234,6.090450286865234
164,1154,,,,,,,6.090450286865234,6.090450286865234,,
164,1154,2.84293532371521,3.212472915649414,,2.84293532371521,,,,,,
165,1155,,,3.150094509124756,,2.7801132202148438,2.7801132202148438,,,,
165,1156,,,3.089341878890991,,2.7192471027374268,2.7192471027374268,,,,
165,1157,,,2.069563150405884,,1.6993346214294434,1.6993346214294434,,,,
165,1158,,,3.4999332427978516,,3.1295948028564453,3.1295948028564453,,,,
165,1159,,,3.520075798034668,,3.1496684551239014,3.1496684551239014,,,,
165,1160,,,3.95754075050354,,3.587031602859497,3.587031602859497,,,,
165,1161,,,2.6339941024780273,,2.263401508331299,2.263401508331299,,,,
,165,,,,,,,,,5.868066310882568,5.868066310882568
165,1161,,,,,,,5.868066310882568,5.868066310882568,,
165,1161,2.810002326965332,3.180281639099121,,2.810002326965332,,,,,,
166,1162,,,2.6750102043151855,,2.304290771484375,2.304290771484375,,,,
166,1163,,,4.357472896575928,,3.986649513244629,3.986649513244629,,,,
166,1164,,,2.5620055198669434,,2.191073179244995,2.191073179244995,,,,
166,1165,,,4.010149955749512,,3.639113664627075,3.639113664627075,,,,
166,1166,,,3.1147243976593018,,2.7435903549194336,2.7435903549194336,,,,
166,1167,,,2.7613048553466797,,2.390040874481201,2.390040874481201,,,,
166,1168,,,1.5427414178848267,,1.1713961362838745,1.1713961362838745,,,,
,166,,,,,,,,,5.720836639404297,5.720836639404297
166,1168,,,,,,,5.720836639404297,5.720836639404297,,
166,1168,2.7755346298217773,3.146540403366089,,2.7755346298217773,,,,,,
167,1169,,,2.2656171321868896,,1.894202470779419,1.894202470779419,,,,
167,1170,,,3.7481331825256348,,3.3766298294067383,3.3766298294067383,,,,
167,1171,,,2.403022050857544,,2.0313880443573,2.0313880443573,,,,
167,1172,,,3.597170114517212,,3.2254395484924316,3.2254395484924316,,,,
167,1173,,,3.749986410140991,,3.378161668777466,3.378161668777466,,,,
167,1174,,,3.0708987712860107,,2.698988676071167,2.698988676071167,,,,
167,1175,,,2.745443105697632,,2.373408794403076,2.373408794403076,,,,
,167,,,,,,,,,5.704176425933838,5.704176425933838
167,1175,,,,,,,5.704176425933838,5.704176425933838,,
167,1175,2.744288444519043,3.1159794330596924,,2.744288444519043,,,,,,
168,1176,,,3.3235409259796143,,2.9514729976654053,2.9514729976654053,,,,
168,1177,,,3.3650386333465576,,2.9928910732269287,2.9928910732269287,,,,
168,1178,,,2.4888908863067627,,2.116675853729248,2.116675853729248,,,,
168,1179,,,3.3528501987457275,,2.9805352687835693,2.9805352687835693,,,,
168,1180,,,3.5868983268737793,,3.214484214782715,3.214484214782715,,,,
168,1181,,,2.277536392211914,,1.9049984216690063,1.9049984216690063,,,,
168,1182,,,3.508525848388672,,3.135913610458374,3.135913610458374,,,,
,168,,,,,,,,,5.519717693328857,5.519717693328857
168,1182,,,,,,,5.519717693328857,5.519717693328857,,
168,1182,2.719533681869507,3.0918354988098145,,2.719533681869507,,,,,,
169,1183,,,2.692769765853882,,2.319981098175049,2.319981098175049,,,,
169,1184,,,4.231805801391602,,3.8589131832122803,3.8589131832122803,,,,
169,1185,,,2.9199447631835938,,2.5469746589660645,2.5469746589660645,,,,
169,1186,,,2.85569167137146,,2.48262882232666,2.48262882232666,,,,
169,1187,,,2.4954729080200195,,2.122279405593872,2.122279405593872,,,,
169,1188,,,3.6031839847564697,,3.2298800945281982,3.2298800945281982,,,,
169,1189,,,2.0125699043273926,,1.6391717195510864,1.6391717195510864,,,,
,169,,,,,,,,,5.3682990074157715,5.3682990074157715
169,1189,,,,,,,5.3682990074157715,5.3682990074157715,,
169,1189,2.694171667098999,3.0672287940979004,,2.694171667098999,,,,,,
170,1190,,,2.832070827484131,,2.4585657119750977,2.4585657119750977,,,,
170,1191,,,3.782519817352295,,3.408942222595215,3.408942222595215,,,,
170,1192,,,2.8263461589813232,,2.4526491165161133,2.4526491165161133,,,,
170,1193,,,3.3484885692596436,,2.9746899604797363,2.9746899604797363,,,,
170,1194,,,2.5975756645202637,,2.2236852645874023,2.2236852645874023,,,,
170,1195,,,2.9871931076049805,,2.6132285594940186,2.6132285594940186,,,,
170,1196,,,2.7424681186676025,,2.368363857269287,2.368363857269287,,,,
,170,,,,,,,,,5.291213035583496,5.291213035583496
170,1196,,,,,,,5.291213035583496,5.291213035583496,,
170,1196,2.669787883758545,3.043548345565796,,2.669787883758545,,,,,,
171,1197,,,2.9163641929626465,,2.5421674251556396,2.5421674251556396,,,,
171,1198,,,4.124894142150879,,3.750574827194214,3.750574827194214,,,,
171,1199,,,2.197875499725342,,1.8234835863113403,1.8234835863113403,,,,
171,1200,,,2.827037811279297,,2.4525680541992188,2.4525680541992188,,,,
171,1201,,,2.954037666320801,,2.5794546604156494,2.5794546604156494,,,,
171,1202,,,3.478296995162964,,3.103614091873169,3.103614091873169,,,,
171,1203,,,2.0134847164154053,,1.6386888027191162,1.6386888027191162,,,,
,171,,,,,,,,,5.225194454193115,5.225194454193115
171,1203,,,,,,,5.225194454193115,5.225194454193115,,
171,1203,2.645705223083496,3.0201666355133057,,2.645705223083496,,,,,,
172,1204,,,3.870192289352417,,3.4953277111053467,3.4953277111053467,,,,
172,1205,,,2.891920804977417,,2.5169448852539062,2.5169448852539062,,,,
172,1206,,,2.307401180267334,,1.9323103427886963,1.9323103427886963,,,,
172,1207,,,3.3879334926605225,,3.012767791748047,3.012767791748047,,,,
172,1208,,,2.767056941986084,,2.3918139934539795,2.3918139934539795,,,,
172,1209,,,2.4664814472198486,,2.0911457538604736,2.0911457538604736,,,,
172,1210,,,3.7244040966033936,,3.3489861488342285,3.3489861488342285,,,,
,172,,,,,,,,,5.164121150970459,5.164121150970459
172,1210,,,,,,,5.164121150970459,5.164121150970459,,
172,1210,2.619008779525757,2.9941394329071045,,2.619008779525757,,,,,,
173,1211,,,2.6940910816192627,,2.318533182144165,2.318533182144165,,,,
173,1212,,,2.7998452186584473,,2.42421555519104,2.42421555519104,,,,
173,1213,,,2.761836290359497,,2.386136770248413,2.386136770248413,,,,
173,1214,,,2.4180145263671875,,2.0422046184539795,2.0422046184539795,,,,
173,1215,,,3.7287774085998535,,3.3528847694396973,3.3528847694396973,,,,
173,1216,,,3.3115897178649902,,2.9355969429016113,2.9355969429016113,,,,
173,1217,,,3.3034167289733887,,2.9273083209991455,2.9273083209991455,,,,
,173,,,,,,,,,5.11963415145874,5.11963415145874
173,1217,,,,,,,5.11963415145874,5.11963415145874,,
173,1217,2.5972254276275635,2.9730095863342285,,2.5972254276275635,,,,,,
174,1218,,,2.6691019535064697,,2.2928662300109863,2.2928662300109863,,,,
174,1219,,,2.711916923522949,,2.3355705738067627,2.3355705738067627,,,,
174,1220,,,3.3759267330169678,,2.999501943588257,2.999501943588257,,,,
174,1221,,,2.820526599884033,,2.4440081119537354,2.4440081119537354,,,,
174,1222,,,3.2560477256774902,,2.879448890686035,2.879448890686035,,,,
174,1223,,,1.8047845363616943,,1.4280813932418823,1.4280813932418823,,,,
174,1224,,,5.826702117919922,,5.4498820304870605,5.4498820304870605,,,,
,174,,,,,,,,,5.245872974395752,5.245872974395752
174,1224,,,,,,,5.245872974395752,5.245872974395752,,
174,1224,2.576185703277588,2.9526774883270264,,2.576185703277588,,,,,,
175,1225,,,3.6923060417175293,,3.315402030944824,3.315402030944824,,,,
175,1226,,,2.587101936340332,,2.2101197242736816,2.2101197242736816,,,,
175,1227,,,2.708322525024414,,2.3312132358551025,2.3312132358551025,,,,
175,1228,,,3.1335699558258057,,2.7563672065734863,2.7563672065734863,,,,
175,1229,,,3.0271012783050537,,2.649780750274658,2.649780750274658,,,,
175,1230,,,2.647512197494507,,2.270115375518799,2.270115375518799,,,,
175,1231,,,2.3363678455352783,,1.9588844776153564,1.9588844776153564,,,,
,175,,,,,,,,,5.264130592346191,5.264130592346191
175,1231,,,,,,,5.264130592346191,5.264130592346191,,
175,1231,2.551776885986328,2.9289493560791016,,2.551776885986328,,,,,,
176,1232,,,2.805783271789551,,2.428210496902466,2.428210496902466,,,,
176,1233,,,2.224686622619629,,1.846999168395996,1.846999168395996,,,,
176,1234,,,3.503654956817627,,3.1258938312530518,3.1258938312530518,,,,
176,1235,,,3.0319082736968994,,2.6540660858154297,2.6540660858154297,,,,
176,1236,,,2.6763312816619873,,2.298405170440674,2.298405170440674,,,,
176,1237,,,3.28570294380188,,2.9076859951019287,2.9076859951019287,,,,
176,1238,,,2.6269795894622803,,2.2488441467285156,2.2488441467285156,,,,
,176,,,,,,,,,5.2449235916137695,5.2449235916137695
176,1238,,,,,,,5.2449235916137695,5.2449235916137695,,
176,1238,2.5262084007263184,2.90402889251709,,2.5262084007263184,,,,,,
177,1239,,,2.912048816680908,,2.5338287353515625,2.5338287353515625,,,,
177,1240,,,3.5483806133270264,,3.170079469680786,3.170079469680786,,,,
177,1241,,,2.39700984954834,,2.018606424331665,2.018606424331665,,,,
177,1242,,,3.2451746463775635,,2.8666882514953613,2.8666882514953613,,,,
177,1243,,,3.183201551437378,,2.8046061992645264,2.8046061992645264,,,,
177,1244,,,2.431866407394409,,2.0531561374664307,2.0531561374664307,,,,
177,1245,,,1.759544014930725,,1.3807355165481567,1.3807355165481567,,,,
,177,,,,,,,,,5.263881683349609,5.263881683349609
177,1245,,,,,,,5.263881683349609,5.263881683349609,,
177,1245,2.5042731761932373,2.882746696472168,,2.5042731761932373,,,,,,
178,1246,,,3.1059210300445557,,2.7270829677581787,2.7270829677581787,,,,
178,1247,,,3.6193501949310303,,3.240414619445801,3.240414619445801,,,,
178,1248,,,1.9618281126022339,,1.5828300714492798,1.5828300714492798,,,,
178,1249,,,2.4909348487854004,,2.1118574142456055,2.1118574142456055,,,,
178,1250,,,2.5271143913269043,,2.147948980331421,2.147948980331421,,,,
178,1251,,,3.6607534885406494,,3.281510353088379,3.281510353088379,,,,
178,1252,,,2.3604648113250732,,1.9810892343521118,1.9810892343521118,,,,
,178,,,,,,,,,5.2459259033203125,5.2459259033203125
178,1252,,,,,,,5.2459259033203125,5.2459259033203125,,
178,1252,2.483851671218872,2.8629138469696045,,2.483851671218872,,,,,,
179,1253,,,2.506362199783325,,2.126896381378174,2.126896381378174,,,,
179,1254,,,2.9329042434692383,,2.553339958190918,2.553339958190918,,,,
179,1255,,,2.7771005630493164,,2.397397518157959,2.397397518157959,,,,
179,1256,,,3.27427077293396,,2.894488573074341,2.894488573074341,,,,
179,1257,,,3.238787889480591,,2.858921527862549,2.858921527862549,,,,
179,1258,,,2.3518476486206055,,1.9719032049179077,1.9719032049179077,,,,
179,1259,,,2.8250203132629395,,2.4450039863586426,2.4450039863586426,,,,
,179,,,,,,,,,5.0844197273254395,5.0844197273254395
179,1259,,,,,,,5.0844197273254395,5.0844197273254395,,
179,1259,2.4658546447753906,2.845592975616455,,2.4658546447753906,,,,,,
180,1260,,,2.6377627849578857,,2.257627487182617,2.257627487182617,,,,
180,1261,,,3.3861935138702393,,3.005958318710327,3.005958318710327,,,,
180,1262,,,3.3536252975463867,,2.9732766151428223,2.9732766151428223,,,,
180,1263,,,2.541285514831543,,2.1608633995056152,2.1608633995056152,,,,
180,1264,,,2.9815104007720947,,2.600970506668091,2.600970506668091,,,,
180,1265,,,2.121790885925293,,1.7411614656448364,1.7411614656448364,,,,
180,1266,,,2.572197675704956,,2.1915018558502197,2.1915018558502197,,,,
,180,,,,,,,,,4.984531402587891,4.984531402587891
180,1266,,,,,,,4.984531402587891,4.984531402587891,,
180,1266,2.4410464763641357,2.8214497566223145,,2.4410464763641357,,,,,,
181,1267,,,2.6727375984191895,,2.291952610015869,2.291952610015869,,,,
181,1268,,,4.010075569152832,,3.629204034805298,3.629204034805298,,,,
181,1269,,,1.2101144790649414,,0.8291272521018982,0.8291272521018982,,,,
181,1270,,,2.6490652561187744,,2.268014430999756,2.268014430999756,,,,
181,1271,,,2.9386367797851562,,2.557504177093506,2.557504177093506,,,,
181,1272,,,2.7383790016174316,,2.357159376144409,2.357159376144409,,,,
181,1273,,,4.290676593780518,,3.9093356132507324,3.9093356132507324,,,,
,181,,,,,,,,,5.038434982299805,5.038434982299805
181,1273,,,,,,,5.0384345054626465,5.0384345054626465,,
181,1273,2.4155237674713135,2.796550989151001,,2.4155237674713135,,,,,,
182,1274,,,3.114318609237671,,2.7329235076904297,2.7329235076904297,,,,
182,1275,,,2.787476062774658,,2.4059364795684814,2.4059364795684814,,,,
182,1276,,,2.8086493015289307,,2.4270031452178955,2.4270031452178955,,,,
182,1277,,,1.7459529638290405,,1.3642089366912842,1.3642089366912842,,,,
182,1278,,,3.8257570266723633,,3.4439635276794434,3.4439635276794434,,,,
182,1279,,,2.176140069961548,,1.794268012046814,1.794268012046814,,,,
182,1280,,,3.322965621948242,,2.941021680831909,2.941021680831909,,,,
,182,,,,,,,,,4.950456142425537,4.950456142425537
182,1280,,,,,,,4.950456142425537,4.950456142425537,,
182,1280,2.395480155944824,2.7771618366241455,,2.395480155944824,,,,,,
183,1281,,,2.570216655731201,,2.18817400932312,2.18817400932312,,,,
183,1282,,,2.11495041847229,,1.7328158617019653,1.7328158617019653,,,,
183,1283,,,3.0458250045776367,,2.6636080741882324,2.6636080741882324,,,,
183,1284,,,2.7108235359191895,,2.3285045623779297,2.3285045623779297,,,,
183,1285,,,3.1174049377441406,,2.7349965572357178,2.7349965572357178,,,,
183,1286,,,2.9094836711883545,,2.526994228363037,2.526994228363037,,,,
183,1287,,,2.8617069721221924,,2.479142904281616,2.479142904281616,,,,
,183,,,,,,,,,4.79996395111084,4.79996395111084
183,1287,,,,,,,4.79996395111084,4.79996395111084,,
183,1287,2.3693761825561523,2.751661777496338,,2.3693761825561523,,,,,,
184,1288,,,2.0884273052215576,,1.7057404518127441,1.7057404518127441,,,,
184,1289,,,2.830717086791992,,2.4479787349700928,2.4479787349700928,,,,
184,1290,,,2.986017942428589,,2.603206157684326,2.603206157684326,,,,
184,1291,,,2.5858986377716064,,2.202953338623047,2.202953338623047,,,,
184,1292,,,3.634570598602295,,3.2515251636505127,3.2515251636505127,,,,
184,1293,,,2.5223388671875,,2.1392133235931396,2.1392133235931396,,,,
184,1294,,,2.015232801437378,,1.632001519203186,1.632001519203186,,,,
,184,,,,,,,,,4.723350524902344,4.723350524902344
184,1294,,,,,,,4.723350524902344,4.723350524902344,,
184,1294,2.3470773696899414,2.729989528656006,,2.3470773696899414,,,,,,
185,1295,,,2.477792739868164,,2.0944974422454834,2.0944974422454834,,,,
185,1296,,,2.292656660079956,,1.9092763662338257,1.9092763662338257,,,,
185,1297,,,3.1189329624176025,,2.7354531288146973,2.7354531288146973,,,,
185,1298,,,2.5791852474212646,,2.195608139038086,2.195608139038086,,,,
185,1299,,,2.4262115955352783,,2.0425615310668945,2.0425615310668945,,,,
185,1300,,,2.920027494430542,,2.5362730026245117,2.5362730026245117,,,,
185,1301,,,3.850830554962158,,3.466996908187866,3.466996908187866,,,,
,185,,,,,,,,,4.728390216827393,4.728390216827393
185,1301,,,,,,,4.728390216827393,4.728390216827393,,
185,1301,2.323732376098633,2.707273483276367,,2.323732376098633,,,,,,
186,1302,,,2.1032049655914307,,1.7193057537078857,1.7193057537078857,,,,
186,1303,,,2.8712215423583984,,2.487220287322998,2.487220287322998,,,,
186,1304,,,2.63362455368042,,2.2495150566101074,2.2495150566101074,,,,
186,1305,,,2.4944169521331787,,2.110250234603882,2.110250234603882,,,,
186,1306,,,3.5899081230163574,,3.2056615352630615,3.2056615352630615,,,,
186,1307,,,1.936527967453003,,1.5521711111068726,1.5521711111068726,,,,
186,1308,,,3.9040935039520264,,3.5196547508239746,3.5196547508239746,,,,
,186,,,,,,,,,4.780632972717285,4.780632972717285
186,1308,,,,,,,4.780632972717285,4.780632972717285,,
186,1308,2.2970969676971436,2.6812450885772705,,2.2970969676971436,,,,,,
187,1309,,,2.027538299560547,,1.643040418624878,1.643040418624878,,,,
187,1310,,,3.781041145324707,,3.3964836597442627,3.3964836597442627,,,,
187,1311,,,1.9204586744308472,,1.535823106765747,1.535823106765747,,,,
187,1312,,,2.509671926498413,,2.124965190887451,2.124965190887451,,,,
187,1313,,,3.3311920166015625,,2.9464046955108643,2.9464046955108643,,,,
187,1314,,,2.499861001968384,,2.1149866580963135,2.1149866580963135,,,,
187,1315,,,2.344869375228882,,1.9598594903945923,1.9598594903945923,,,,
,187,,,,,,,,,4.79722785949707,4.79722785949707
187,1315,,,,,,,4.7972283363342285,4.7972283363342285,,
187,1315,2.27398419380188,2.6586806774139404,,2.27398419380188,,,,,,
188,1316,,,1.7125005722045898,,1.3273872137069702,1.3273872137069702,,,,
188,1317,,,2.755070686340332,,2.369872808456421,2.369872808456421,,,,
188,1318,,,2.1437432765960693,,1.7584425210952759,1.7584425210952759,,,,
188,1319,,,2.3960633277893066,,2.0107076168060303,2.0107076168060303,,,,
188,1320,,,4.14263916015625,,3.7571730613708496,3.7571730613708496,,,,
188,1321,,,2.892206907272339,,2.506633996963501,2.506633996963501,,,,
188,1322,,,1.9975446462631226,,1.6118825674057007,1.6118825674057007,,,,
,188,,,,,,,,,4.699430465698242,4.699430465698242
188,1322,,,,,,,4.699429988861084,4.699429988861084,,
188,1322,2.2485761642456055,2.63392972946167,,2.2485761642456055,,,,,,
189,1323,,,2.863142490386963,,2.477393388748169,2.477393388748169,,,,
189,1324,,,3.1113243103027344,,2.725476026535034,2.725476026535034,,,,
189,1325,,,2.59565806388855,,2.209745407104492,2.209745407104492,,,,
189,1326,,,2.468979597091675,,2.082979440689087,2.082979440689087,,,,
189,1327,,,2.180159330368042,,1.794052243232727,1.794052243232727,,,,
189,1328,,,2.8197896480560303,,2.4336116313934326,2.4336116313934326,,,,
189,1329,,,1.5778584480285645,,1.1915594339370728,1.1915594339370728,,,,
,189,,,,,,,,,4.625557899475098,4.625557899475098
189,1329,,,,,,,4.625557899475098,4.625557899475098,,
189,1329,2.22275972366333,2.6087450981140137,,2.22275972366333,,,,,,
190,1330,,,2.654613733291626,,2.268246650695801,2.268246650695801,,,,
190,1331,,,1.9182915687561035,,1.5318541526794434,1.5318541526794434,,,,
190,1332,,,3.419647216796875,,3.03312611579895,3.03312611579895,,,,
190,1333,,,2.0613179206848145,,1.6746625900268555,1.6746625900268555,,,,
190,1334,,,3.1037557125091553,,2.7170193195343018,2.7170193195343018,,,,
190,1335,,,2.4759087562561035,,2.0890896320343018,2.0890896320343018,,,,
190,1336,,,2.2839162349700928,,1.8969988822937012,1.8969988822937012,,,,
,190,,,,,,,,,4.619624137878418,4.619624137878418
190,1336,,,,,,,4.619624137878418,4.619624137878418,,
190,1336,2.2000584602355957,2.58666729927063,,2.2000584602355957,,,,,,
191,1337,,,2.524407386779785,,2.1374332904815674,2.1374332904815674,,,,
191,1338,,,2.9126625061035156,,2.525606870651245,2.525606870651245,,,,
191,1339,,,2.234307050704956,,1.8471742868423462,1.8471742868423462,,,,
191,1340,,,2.797917366027832,,2.4107065200805664,2.4107065200805664,,,,
191,1341,,,2.827150344848633,,2.4398229122161865,2.4398229122161865,,,,
191,1342,,,2.5403709411621094,,2.152935266494751,2.152935266494751,,,,
191,1343,,,1.353292465209961,,0.9657756090164185,0.9657756090164185,,,,
,191,,,,,,,,,4.592108249664307,4.592108249664307
191,1343,,,,,,,4.592108249664307,4.592108249664307,,
191,1343,2.176603078842163,2.563812017440796,,2.176603078842163,,,,,,
192,1344,,,2.143115520477295,,1.7555588483810425,1.7555588483810425,,,,
192,1345,,,2.5209569931030273,,2.1333343982696533,2.1333343982696533,,,,
192,1346,,,2.3106584548950195,,1.9229767322540283,1.9229767322540283,,,,
192,1347,,,3.167950391769409,,2.780200958251953,2.780200958251953,,,,
192,1348,,,2.010094404220581,,1.6222445964813232,1.6222445964813232,,,,
192,1349,,,2.7823410034179688,,2.39438796043396,2.39438796043396,,,,
192,1350,,,3.4255928993225098,,3.037534475326538,3.037534475326538,,,,
,192,,,,,,,,,4.5619587898254395,4.5619587898254395
192,1350,,,,,,,4.5619587898254395,4.5619587898254395,,
192,1350,2.1565144062042236,2.54426908493042,,2.1565144062042236,,,,,,
193,1351,,,2.463266134262085,,2.0751142501831055,2.0751142501831055,,,,
193,1352,,,2.4764842987060547,,2.0882136821746826,2.0882136821746826,,,,
193,1353,,,2.39188289642334,,2.0035171508789062,2.0035171508789062,,,,
193,1354,,,2.937215805053711,,2.548774242401123,2.548774242401123,,,,
193,1355,,,2.438120126724243,,2.049614667892456,2.049614667892456,,,,
193,1356,,,2.3783159255981445,,1.9897254705429077,1.9897254705429077,,,,
193,1357,,,2.545133352279663,,2.156461715698242,2.156461715698242,,,,
,193,,,,,,,,,4.419466018676758,4.419466018676758
193,1357,,,,,,,4.419466018676758,4.419466018676758,,
193,1357,2.127628803253174,2.516033172607422,,2.127628803253174,,,,,,
194,1358,,,2.7128260135650635,,2.324014186859131,2.324014186859131,,,,
194,1359,,,3.0766184329986572,,2.6877431869506836,2.6877431869506836,,,,
194,1360,,,2.5793309211730957,,2.190350294113159,2.190350294113159,,,,
194,1361,,,2.4085986614227295,,2.019526720046997,2.019526720046997,,,,
194,1362,,,2.0969350337982178,,1.7077428102493286,1.7077428102493286,,,,
194,1363,,,2.4424028396606445,,2.0531270503997803,2.0531270503997803,,,,
194,1364,,,1.5056781768798828,,1.1162970066070557,1.1162970066070557,,,,
,194,,,,,,,,,4.395761489868164,4.395761489868164
194,1364,,,,,,,4.395761489868164,4.395761489868164,,
194,1364,2.10213565826416,2.4911909103393555,,2.10213565826416,,,,,,
195,1365,,,2.5352630615234375,,2.1458423137664795,2.1458423137664795,,,,
195,1366,,,2.709765911102295,,2.3202481269836426,2.3202481269836426,,,,
195,1367,,,2.7435457706451416,,2.3539228439331055,2.3539228439331055,,,,
195,1368,,,1.5205779075622559,,1.1308705806732178,1.1308705806732178,,,,
195,1369,,,3.1307244300842285,,2.7409560680389404,2.7409560680389404,,,,
195,1370,,,2.332166910171509,,1.9423092603683472,1.9423092603683472,,,,
195,1371,,,1.9848030805587769,,1.5948480367660522,1.5948480367660522,,,,
,195,,,,,,,,,4.3331074714660645,4.3331074714660645
195,1371,,,,,,,4.3331074714660645,4.3331074714660645,,
195,1371,2.0756421089172363,2.465308904647827,,2.0756421089172363,,,,,,
196,1372,,,2.5961430072784424,,2.206082820892334,2.206082820892334,,,,
196,1373,,,2.9439382553100586,,2.5537946224212646,2.5537946224212646,,,,
196,1374,,,2.1294238567352295,,1.739198923110962,1.739198923110962,,,,
196,1375,,,2.6222805976867676,,2.2319681644439697,2.2319681644439697,,,,
196,1376,,,2.373645067214966,,1.9832183122634888,1.9832183122634888,,,,
196,1377,,,2.2301137447357178,,1.8395962715148926,1.8395962715148926,,,,
196,1378,,,1.7782909870147705,,1.387675166130066,1.387675166130066,,,,
,196,,,,,,,,,4.289768218994141,4.289768218994141
196,1378,,,,,,,4.289768218994141,4.289768218994141,,
196,1378,2.050860643386841,2.4411613941192627,,2.050860643386841,,,,,,
197,1379,,,2.381199836730957,,1.9905012845993042,1.9905012845993042,,,,
197,1380,,,2.9141736030578613,,2.523397922515869,2.523397922515869,,,,
197,1381,,,2.3053317070007324,,1.9144436120986938,1.9144436120986938,,,,
197,1382,,,1.7314698696136475,,1.3404622077941895,1.3404622077941895,,,,
197,1383,,,2.1473934650421143,,1.756301999092102,1.756301999092102,,,,
197,1384,,,2.704956531524658,,2.3137900829315186,2.3137900829315186,,,,
197,1385,,,3.336848020553589,,2.945594310760498,2.945594310760498,,,,
,197,,,,,,,,,4.178085803985596,4.178085803985596
197,1385,,,,,,,4.178085803985596,4.178085803985596,,
197,1385,2.0303523540496826,2.4213085174560547,,2.0303523540496826,,,,,,
198,1386,,,2.397507667541504,,2.0061542987823486,2.0061542987823486,,,,
198,1387,,,2.0517396926879883,,1.6603139638900757,1.6603139638900757,,,,
198,1388,,,3.0579285621643066,,2.6664011478424072,2.6664011478424072,,,,
198,1389,,,2.3118269443511963,,1.9201945066452026,1.9201945066452026,,,,
198,1390,,,2.186959743499756,,1.7952430248260498,1.7952430248260498,,,,
198,1391,,,2.0950779914855957,,1.7032705545425415,1.7032705545425415,,,,
198,1392,,,3.1978156566619873,,2.80591082572937,2.80591082572937,,,,
,198,,,,,,,,,4.217120170593262,4.217120170593262
198,1392,,,,,,,4.217120170593262,4.217120170593262,,
198,1392,2.0084383487701416,2.4000346660614014,,2.0084383487701416,,,,,,
199,1393,,,2.5613863468170166,,2.169398784637451,2.169398784637451,,,,
199,1394,,,2.751110792160034,,2.3590340614318848,2.3590340614318848,,,,
199,1395,,,2.81417179107666,,2.42199969291687,2.42199969291687,,,,
199,1396,,,2.0375936031341553,,1.6453204154968262,1.6453204154968262,,,,
199,1397,,,2.029627561569214,,1.637264370918274,1.637264370918274,,,,
199,1398,,,2.1041171550750732,,1.7116920948028564,1.7116920948028564,,,,
199,1399,,,2.364912986755371,,1.97237229347229,1.97237229347229,,,,
,199,,,,,,,,,4.290820598602295,4.290820598602295
199,1399,,,,,,,4.290820598602295,4.290820598602295,,
199,1399,1.9897016286849976,2.381937265396118,,1.9897016286849976,,,,,,
200,1400,,,3.048084259033203,,2.65547513961792,2.65547513961792,,,,
200,1401,,,2.502835988998413,,2.11014461517334,2.11014461517334,,,,
200,1402,,,2.6140477657318115,,2.2212252616882324,2.2212252616882324,,,,
200,1403,,,2.1674869060516357,,1.77457857131958,1.77457857131958,,,,
200,1404,,,2.3186144828796387,,1.9256446361541748,1.9256446361541748,,,,
200,1405,,,1.804931402206421,,1.4118754863739014,1.4118754863739014,,,,
200,1406,,,1.6771302223205566,,1.2839858531951904,1.2839858531951904,,,,
,200,,,,,,,,,4.220059394836426,4.220059394836426
200,1406,,,,,,,4.220059394836426,4.220059394836426,,
200,1406,1.9734021425247192,2.366262674331665,,1.9734021425247192,,,,,,
201,1407,,,2.4223668575286865,,2.0291242599487305,2.0291242599487305,,,,
201,1408,,,2.099353313446045,,1.7060178518295288,1.7060178518295288,,,,
201,1409,,,2.812384843826294,,2.418951988220215,2.418951988220215,,,,
201,1410,,,2.451730251312256,,2.0581674575805664,2.0581674575805664,,,,
201,1411,,,2.5451853275299072,,2.151555299758911,2.151555299758911,,,,
201,1412,,,2.0532784461975098,,1.6595577001571655,1.6595577001571655,,,,
201,1413,,,1.5733757019042969,,1.1795756816864014,1.1795756816864014,,,,
,201,,,,,,,,,4.176827907562256,4.176827907562256
201,1413,,,,,,,4.176827907562256,4.176827907562256,,
201,1413,1.9554061889648438,2.348912000656128,,1.9554061889648438,,,,,,
202,1414,,,2.6773955821990967,,2.2835421562194824,2.2835421562194824,,,,
202,1415,,,2.092555046081543,,1.698600172996521,1.698600172996521,,,,
202,1416,,,2.3922224044799805,,1.9981706142425537,1.9981706142425537,,,,
202,1417,,,2.550971746444702,,2.1568450927734375,2.1568450927734375,,,,
202,1418,,,1.819068431854248,,1.4248723983764648,1.4248723983764648,,,,
202,1419,,,2.117447853088379,,1.7231611013412476,1.7231611013412476,,,,
202,1420,,,3.1818506717681885,,2.7874910831451416,2.7874910831451416,,,,
,202,,,,,,,,,4.109492301940918,4.109492301940918
202,1420,,,,,,,4.109492301940918,4.109492301940918,,
202,1420,1.9341961145401,2.3282909393310547,,1.9341961145401,,,,,,
203,1421,,,2.6066389083862305,,2.2121546268463135,2.2121546268463135,,,,
203,1422,,,2.734994888305664,,2.3404364585876465,2.3404364585876465,,,,
203,1423,,,2.1776769161224365,,1.7830162048339844,1.7830162048339844,,,,
203,1424,,,1.982971429824829,,1.5882341861724854,1.5882341861724854,,,,
203,1425,,,2.648686408996582,,2.2538325786590576,2.2538325786590576,,,,
203,1426,,,1.8686325550079346,,1.4736912250518799,1.4736912250518799,,,,
203,1427,,,1.9501105546951294,,1.555084228515625,1.555084228515625,,,,
,203,,,,,,,,,4.051610946655273,4.051610946655273
203,1427,,,,,,,4.051610946655273,4.051610946655273,,
203,1427,1.9191406965255737,2.3138654232025146,,1.9191406965255737,,,,,,
204,1428,,,2.3532357215881348,,1.958132266998291,1.958132266998291,,,,
204,1429,,,2.3415191173553467,,1.9463388919830322,1.9463388919830322,,,,
204,1430,,,2.2128005027770996,,1.8175057172775269,1.8175057172775269,,,,
204,1431,,,3.0044333934783936,,2.609055519104004,2.609055519104004,,,,
204,1432,,,1.975814938545227,,1.5803464651107788,1.5803464651107788,,,,
204,1433,,,2.2053027153015137,,1.8097354173660278,1.8097354173660278,,,,
204,1434,,,1.3361135721206665,,0.9404671788215637,0.9404671788215637,,,,
,204,,,,,,,,,3.980776071548462,3.980776071548462
204,1434,,,,,,,3.980776071548462,3.980776071548462,,
204,1434,1.8939275741577148,2.289278030395508,,1.8939275741577148,,,,,,
205,1435,,,2.129457473754883,,1.7337461709976196,1.7337461709976196,,,,
205,1436,,,2.7113685607910156,,2.3155641555786133,2.3155641555786133,,,,
205,1437,,,2.136420965194702,,1.7405064105987549,1.7405064105987549,,,,
205,1438,,,2.1626429557800293,,1.7666444778442383,1.7666444778442383,,,,
205,1439,,,2.2127881050109863,,1.816709280014038,1.816709280014038,,,,
205,1440,,,2.3463518619537354,,1.9501752853393555,1.9501752853393555,,,,
205,1441,,,2.060080051422119,,1.6638336181640625,1.6638336181640625,,,,
,205,,,,,,,,,3.852034330368042,3.852034330368042
205,1441,,,,,,,3.852034330368042,3.852034330368042,,
205,1441,1.8740837574005127,2.2700486183166504,,1.8740837574005127,,,,,,
206,1442,,,2.558546781539917,,2.1622283458709717,2.1622283458709717,,,,
206,1443,,,2.063615322113037,,1.6672089099884033,1.6672089099884033,,,,
206,1444,,,2.0410754680633545,,1.6446058750152588,1.6446058750152588,,,,
206,1445,,,2.0386486053466797,,1.6420958042144775,1.6420958042144775,,,,
206,1446,,,2.355649471282959,,1.9590076208114624,1.9590076208114624,,,,
206,1447,,,2.444373846054077,,2.0476279258728027,2.0476279258728027,,,,
206,1448,,,2.3407273292541504,,1.9438978433609009,1.9438978433609009,,,,
,206,,,,,,,,,3.783475399017334,3.783475399017334
206,1448,,,,,,,3.783475399017334,3.783475399017334,,
206,1448,1.859095811843872,2.255636215209961,,1.859095811843872,,,,,,
207,1449,,,2.2150590419769287,,1.818141222000122,1.818141222000122,,,,
207,1450,,,1.8029491901397705,,1.4059399366378784,1.4059399366378784,,,,
207,1451,,,1.9041340351104736,,1.5070401430130005,1.5070401430130005,,,,
207,1452,,,3.1799588203430176,,2.7827746868133545,2.7827746868133545,,,,
207,1453,,,2.277172327041626,,1.8798863887786865,1.8798863887786865,,,,
207,1454,,,2.0655126571655273,,1.668144702911377,1.668144702911377,,,,
207,1455,,,2.139103889465332,,1.741673469543457,1.741673469543457,,,,
,207,,,,,,,,,3.685218095779419,3.685218095779419
207,1455,,,,,,,3.685218095779419,3.685218095779419,,
207,1455,1.837655782699585,2.2348155975341797,,1.837655782699585,,,,,,
208,1456,,,2.5699269771575928,,2.172386884689331,2.172386884689331,,,,
208,1457,,,2.3330674171447754,,1.935416340827942,1.935416340827942,,,,
208,1458,,,2.309758424758911,,1.9120112657546997,1.9120112657546997,,,,
208,1459,,,3.04721736907959,,2.649388313293457,2.649388313293457,,,,
208,1460,,,1.583667278289795,,1.18573796749115,1.18573796749115,,,,
208,1461,,,1.9610873460769653,,1.5630772113800049,1.5630772113800049,,,,
208,1462,,,0.917446494102478,,0.5193687081336975,0.5193687081336975,,,,
,208,,,,,,,,,3.6221518516540527,3.6221518516540527
208,1462,,,,,,,3.6221518516540527,3.6221518516540527,,
208,1462,1.8216125965118408,2.219414472579956,,1.8216125965118408,,,,,,
209,1463,,,2.0058913230895996,,1.607748031616211,1.607748031616211,,,,
209,1464,,,1.9976704120635986,,1.599441647529602,1.599441647529602,,,,
209,1465,,,2.616365432739258,,2.218057155609131,2.218057155609131,,,,
209,1466,,,2.1232080459594727,,1.7247846126556396,1.7247846126556396,,,,
209,1467,,,1.6916435956954956,,1.2931416034698486,1.2931416034698486,,,,
209,1468,,,2.424793004989624,,2.0262250900268555,2.0262250900268555,,,,
209,1469,,,3.188699245452881,,2.7900545597076416,2.7900545597076416,,,,
,209,,,,,,,,,3.609375476837158,3.609375476837158
209,1469,,,,,,,3.609375476837158,3.609375476837158,,
209,1469,1.8063793182373047,2.204758405685425,,1.8063793182373047,,,,,,
210,1470,,,2.4135756492614746,,2.0148391723632812,2.0148391723632812,,,,
210,1471,,,1.6310815811157227,,1.2322767972946167,1.2322767972946167,,,,
210,1472,,,2.613609552383423,,2.2147321701049805,2.2147321701049805,,,,
210,1473,,,2.025949478149414,,1.6269739866256714,1.6269739866256714,,,,
210,1474,,,2.2035396099090576,,1.8044670820236206,1.8044670820236206,,,,
210,1475,,,2.2000091075897217,,1.8008781671524048,1.8008781671524048,,,,
210,1476,,,2.349194288253784,,1.949966311454773,1.949966311454773,,,,
,210,,,,,,,,,3.595093250274658,3.595093250274658
210,1476,,,,,,,3.595093250274658,3.595093250274658,,
210,1476,1.7922204732894897,2.1911706924438477,,1.7922204732894897,,,,,,
211,1477,,,2.658568859100342,,2.2592415809631348,2.2592415809631348,,,,
211,1478,,,1.758920431137085,,1.3594822883605957,1.3594822883605957,,,,
211,1479,,,2.656310796737671,,2.256812572479248,2.256812572479248,,,,
211,1480,,,1.6855238676071167,,1.2859396934509277,1.2859396934509277,,,,
211,1481,,,2.578711986541748,,2.179062604904175,2.179062604904175,,,,
211,1482,,,1.878687858581543,,1.4789422750473022,1.4789422750473022,,,,
211,1483,,,1.7605701684951782,,1.3607264757156372,1.3607264757156372,,,,
,211,,,,,,,,,3.574887275695801,3.574887275695801
211,1483,,,,,,,3.57488751411438,3.57488751411438,,
211,1483,1.7772161960601807,2.176774501800537,,1.7772161960601807,,,,,,
212,1484,,,2.106053590774536,,1.706152081489563,1.706152081489563,,,,
212,1485,,,2.1827852725982666,,1.7828223705291748,1.7828223705291748,,,,
212,1486,,,2.4128165245056152,,2.0127484798431396,2.0127484798431396,,,,
212,1487,,,1.9033832550048828,,1.5032423734664917,1.5032423734664917,,,,
212,1488,,,2.6473515033721924,,2.247119426727295,2.247119426727295,,,,
212,1489,,,1.7630888223648071,,1.3627815246582031,1.3627815246582031,,,,
212,1490,,,2.0913217067718506,,1.6909325122833252,1.6909325122833252,,,,
,212,,,,,,,,,3.545156478881836,3.545156478881836
212,1490,,,,,,,3.545156478881836,3.545156478881836,,
212,1490,1.7645437717437744,2.1646625995635986,,1.7645437717437744,,,,,,
213,1491,,,2.8392446041107178,,2.4387624263763428,2.4387624263763428,,,,
213,1492,,,1.4762505292892456,,1.0756860971450806,1.0756860971450806,,,,
213,1493,,,2.239448308944702,,1.8388124704360962,1.8388124704360962,,,,
213,1494,,,2.07757568359375,,1.6768625974655151,1.6768625974655151,,,,
213,1495,,,2.040120840072632,,1.6393184661865234,1.6393184661865234,,,,
213,1496,,,2.408583402633667,,2.007721424102783,2.007721424102783,,,,
213,1497,,,1.6741807460784912,,1.2732107639312744,1.2732107639312744,,,,
,213,,,,,,,,,3.498375654220581,3.498375654220581
213,1497,,,,,,,3.498375654220581,3.498375654220581,,
213,1497,1.7497440576553345,2.150437831878662,,1.7497440576553345,,,,,,
214,1498,,,2.5102193355560303,,2.1091578006744385,2.1091578006744385,,,,
214,1499,,,2.4016427993774414,,2.000497341156006,2.000497341156006,,,,
214,1500,,,1.5477215051651,,1.1464955806732178,1.1464955806732178,,,,
214,1501,,,1.783416986465454,,1.382123589515686,1.382123589515686,,,,
214,1502,,,2.3141303062438965,,1.9127510786056519,1.9127510786056519,,,,
214,1503,,,1.917266845703125,,1.5157727003097534,1.5157727003097534,,,,
214,1504,,,3.0813052654266357,,2.6797425746917725,2.6797425746917725,,,,
,214,,,,,,,,,3.4928741455078125,3.4928741455078125
214,1504,,,,,,,3.4928741455078125,3.4928741455078125,,
214,1504,1.736737608909607,2.138021469116211,,1.736737608909607,,,,,,
215,1505,,,2.3044655323028564,,1.902829885482788,1.902829885482788,,,,
215,1506,,,2.692904472351074,,2.291189432144165,2.291189432144165,,,,
215,1507,,,2.242915153503418,,1.8411381244659424,1.8411381244659424,,,,
215,1508,,,1.7354154586791992,,1.3335639238357544,1.3335639238357544,,,,
215,1509,,,1.667468786239624,,1.265541911125183,1.265541911125183,,,,
215,1510,,,2.3985495567321777,,1.996533989906311,1.996533989906311,,,,
215,1511,,,1.3853670358657837,,0.9832485914230347,0.9832485914230347,,,,
,215,,,,,,,,,3.4769160747528076,3.4769160747528076
215,1511,,,,,,,3.4769160747528076,3.4769160747528076,,
215,1511,1.7254141569137573,2.1272521018981934,,1.7254141569137573,,,,,,
216,1512,,,1.7472035884857178,,1.344998836517334,1.344998836517334,,,,
216,1513,,,2.1429855823516846,,1.7407158613204956,1.7407158613204956,,,,
216,1514,,,2.7959651947021484,,2.3935964107513428,2.3935964107513428,,,,
216,1515,,,1.9947611093521118,,1.592311143875122,1.592311143875122,,,,
216,1516,,,2.1387765407562256,,1.7362562417984009,1.7362562417984009,,,,
216,1517,,,1.907617449760437,,1.505024790763855,1.505024790763855,,,,
216,1518,,,1.940116047859192,,1.5374321937561035,1.5374321937561035,,,,
,216,,,,,,,,,3.3526885509490967,3.3526885509490967
216,1518,,,,,,,3.3526885509490967,3.3526885509490967,,
216,1518,1.7081475257873535,2.110565423965454,,1.7081475257873535,,,,,,
217,1519,,,2.2317347526550293,,1.8289446830749512,1.8289446830749512,,,,
217,1520,,,2.704599380493164,,2.301750898361206,2.301750898361206,,,,
217,1521,,,1.3688085079193115,,0.965861439704895,0.965861439704895,,,,
217,1522,,,1.8187355995178223,,1.4157090187072754,1.4157090187072754,,,,
217,1523,,,2.795351266860962,,2.3922462463378906,2.3922462463378906,,,,
217,1524,,,1.8627163171768188,,1.459524393081665,1.459524393081665,,,,
217,1525,,,1.5823851823806763,,1.1790975332260132,1.1790975332260132,,,,
,217,,,,,,,,,3.2957189083099365,3.2957189083099365
217,1525,,,,,,,3.2957189083099365,3.2957189083099365,,
217,1525,1.6950899362564087,2.098092555999756,,1.6950899362564087,,,,,,
218,1526,,,2.044402837753296,,1.641054391860962,1.641054391860962,,,,
218,1527,,,1.8577775955200195,,1.4543311595916748,1.4543311595916748,,,,
218,1528,,,2.16397762298584,,1.7604460716247559,1.7604460716247559,,,,
218,1529,,,1.9468342065811157,,1.5432227849960327,1.5432227849960327,,,,
218,1530,,,2.442908763885498,,2.039233446121216,2.039233446121216,,,,
218,1531,,,1.973799705505371,,1.570019245147705,1.570019245147705,,,,
218,1532,,,2.3332271575927734,,1.9293915033340454,1.9293915033340454,,,,
,218,,,,,,,,,3.267885208129883,3.267885208129883
218,1532,,,,,,,3.267885208129883,3.267885208129883,,
218,1532,1.6834241151809692,2.087005853652954,,1.6834241151809692,,,,,,
219,1533,,,2.2765626907348633,,1.8726592063903809,1.8726592063903809,,,,
219,1534,,,2.19801664352417,,1.794039249420166,1.794039249420166,,,,
219,1535,,,1.7153774499893188,,1.3113071918487549,1.3113071918487549,,,,
219,1536,,,1.7342870235443115,,1.3301458358764648,1.3301458358764648,,,,
219,1537,,,1.9871711730957031,,1.5829564332962036,1.5829564332962036,,,,
219,1538,,,1.9223445653915405,,1.5180643796920776,1.5180643796920776,,,,
219,1539,,,3.660301685333252,,3.255937337875366,3.255937337875366,,,,
,219,,,,,,,,,3.324021339416504,3.324021339416504
219,1539,,,,,,,3.324021577835083,3.324021577835083,,
219,1539,1.667474389076233,2.0715878009796143,,1.667474389076233,,,,,,
220,1540,,,2.050962209701538,,1.6465137004852295,1.6465137004852295,,,,
220,1541,,,2.725111961364746,,2.3206067085266113,2.3206067085266113,,,,
220,1542,,,1.7036349773406982,,1.2990425825119019,1.2990425825119019,,,,
220,1543,,,1.8955399990081787,,1.4908719062805176,1.4908719062805176,,,,
220,1544,,,2.3526456356048584,,1.9479058980941772,1.9479058980941772,,,,
220,1545,,,1.3599600791931152,,0.9551228284835815,0.9551228284835815,,,,
220,1546,,,2.8049564361572266,,2.4000461101531982,2.4000461101531982,,,,
,220,,,,,,,,,3.370548963546753,3.370548963546753
220,1546,,,,,,,3.370548963546753,3.370548963546753,,
220,1546,1.6564834117889404,2.061131715774536,,1.6564834117889404,,,,,,
221,1547,,,1.5632011890411377,,1.1582019329071045,1.1582019329071045,,,,
221,1548,,,1.900057077407837,,1.4950053691864014,1.4950053691864014,,,,
221,1549,,,1.998405933380127,,1.5932759046554565,1.5932759046554565,,,,
221,1550,,,1.9011753797531128,,1.495973825454712,1.495973825454712,,,,
221,1551,,,2.2703778743743896,,1.8650941848754883,1.8650941848754883,,,,
221,1552,,,2.6467947959899902,,2.241387128829956,2.241387128829956,,,,
221,1553,,,2.0484938621520996,,1.6430243253707886,1.6430243253707886,,,,
,221,,,,,,,,,3.368626832962036,3.368626832962036
221,1553,,,,,,,3.368626832962036,3.368626832962036,,
221,1553,1.6415799856185913,2.046776056289673,,1.6415799856185913,,,,,,
222,1554,,,1.745354413986206,,1.3398101329803467,1.3398101329803467,,,,
222,1555,,,1.9661078453063965,,1.5604848861694336,1.5604848861694336,,,,
222,1556,,,2.4025073051452637,,1.9968061447143555,1.9968061447143555,,,,
222,1557,,,2.410085439682007,,2.0043020248413086,2.0043020248413086,,,,
222,1558,,,1.6717160940170288,,1.2658392190933228,1.2658392190933228,,,,
222,1559,,,1.862843632698059,,1.456889033317566,1.456889033317566,,,,
222,1560,,,2.341113805770874,,1.9350967407226562,1.9350967407226562,,,,
,222,,,,,,,,,3.316788911819458,3.316788911819458
222,1560,,,,,,,3.316788911819458,3.316788911819458,,
222,1560,1.6234970092773438,2.0292599201202393,,1.6234970092773438,,,,,,
223,1561,,,2.014824151992798,,1.6087193489074707,1.6087193489074707,,,,
223,1562,,,2.7730910778045654,,2.3668875694274902,2.3668875694274902,,,,
223,1563,,,1.7937541007995605,,1.3874856233596802,1.3874856233596802,,,,
223,1564,,,1.6345938444137573,,1.2282353639602661,1.2282353639602661,,,,
223,1565,,,1.9592291116714478,,1.5528056621551514,1.5528056621551514,,,,
223,1566,,,1.6600146293640137,,1.2535127401351929,1.2535127401351929,,,,
223,1567,,,2.6428580284118652,,2.2362754344940186,2.2362754344940186,,,,
,223,,,,,,,,,3.30549693107605,3.30549693107605
223,1567,,,,,,,3.30549693107605,3.30549693107605,,
223,1567,1.605686068534851,2.012012243270874,,1.605686068534851,,,,,,
224,1568,,,2.3357014656066895,,1.9290372133255005,1.9290372133255005,,,,
224,1569,,,2.0025885105133057,,1.5958198308944702,1.5958198308944702,,,,
224,1570,,,2.4080400466918945,,2.0012001991271973,2.0012001991271973,,,,
224,1571,,,1.2726736068725586,,0.8657506108283997,0.8657506108283997,,,,
224,1572,,,2.4674084186553955,,2.0604257583618164,2.0604257583618164,,,,
224,1573,,,1.5880910158157349,,1.1810295581817627,1.1810295581817627,,,,
224,1574,,,1.769157886505127,,1.3620208501815796,1.3620208501815796,,,,
,224,,,,,,,,,3.2293381690979004,3.2293381690979004
224,1574,,,,,,,3.2293381690979004,3.2293381690979004,,
224,1574,1.5912189483642578,1.9981077909469604,,1.5912189483642578,,,,,,
225,1575,,,1.7575331926345825,,1.350303053855896,1.350303053855896,,,,
225,1576,,,2.0801820755004883,,1.6728708744049072,1.6728708744049072,,,,
225,1577,,,2.1123549938201904,,1.704980492591858,1.704980492591858,,,,
225,1578,,,2.1715755462646484,,1.7641338109970093,1.7641338109970093,,,,
225,1579,,,1.542863130569458,,1.1353408098220825,1.1353408098220825,,,,
225,1580,,,2.206209421157837,,1.7986153364181519,1.7986153364181519,,,,
225,1581,,,2.1151962280273438,,1.707519769668579,1.707519769668579,,,,
,225,,,,,,,,,3.0930731296539307,3.0930731296539307
225,1581,,,,,,,3.0930731296539307,3.0930731296539307,,
225,1581,1.5790687799453735,1.9864966869354248,,1.5790687799453735,,,,,,
226,1582,,,2.1559391021728516,,1.7481327056884766,1.7481327056884766,,,,
226,1583,,,2.1940038204193115,,1.7861067056655884,1.7861067056655884,,,,
226,1584,,,1.9054579734802246,,1.4974778890609741,1.4974778890609741,,,,
226,1585,,,2.2247939109802246,,1.8167201280593872,1.8167201280593872,,,,
226,1586,,,2.3056859970092773,,1.8975300788879395,1.8975300788879395,,,,
226,1587,,,1.2770140171051025,,0.8687865138053894,0.8687865138053894,,,,
226,1588,,,1.4274966716766357,,1.0192073583602905,1.0192073583602905,,,,
,226,,,,,,,,,2.966118097305298,2.966118097305298
226,1588,,,,,,,2.966118097305298,2.966118097305298,,
226,1588,1.568150281906128,1.976189136505127,,1.568150281906128,,,,,,
227,1589,,,1.7205082178115845,,1.3121223449707031,1.3121223449707031,,,,
227,1590,,,1.9076812267303467,,1.4992237091064453,1.4992237091064453,,,,
227,1591,,,1.84426748752594,,1.435723900794983,1.435723900794983,,,,
227,1592,,,2.2355458736419678,,1.8269070386886597,1.8269070386886597,,,,
227,1593,,,1.9343838691711426,,1.5256751775741577,1.5256751775741577,,,,
227,1594,,,2.328918933868408,,1.920124888420105,1.920124888420105,,,,
227,1595,,,1.470432996749878,,1.0615689754486084,1.0615689754486084,,,,
,227,,,,,,,,,2.9336960315704346,2.9336960315704346
227,1595,,,,,,,2.9336960315704346,2.9336960315704346,,
227,1595,1.55574369430542,1.9643479585647583,,1.55574369430542,,,,,,
228,1596,,,2.130919933319092,,1.7219980955123901,1.7219980955123901,,,,
228,1597,,,1.9171394109725952,,1.5081357955932617,1.5081357955932617,,,,
228,1598,,,2.108992099761963,,1.6999269723892212,1.6999269723892212,,,,
228,1599,,,1.501300573348999,,1.0921483039855957,1.0921483039855957,,,,
228,1600,,,2.4374067783355713,,2.0281896591186523,2.0281896591186523,,,,
228,1601,,,1.7498438358306885,,1.3405287265777588,1.3405287265777588,,,,
228,1602,,,1.5798087120056152,,1.1704308986663818,1.1704308986663818,,,,
,228,,,,,,,,,2.9273359775543213,2.9273359775543213
228,1602,,,,,,,2.9273359775543213,2.9273359775543213,,
228,1602,1.5419354438781738,1.9510635137557983,,1.5419354438781738,,,,,,
229,1603,,,2.643479108810425,,2.2340447902679443,2.2340447902679443,,,,
229,1604,,,1.6226553916931152,,1.2131506204605103,1.2131506204605103,,,,
229,1605,,,1.954857587814331,,1.5452752113342285,1.5452752113342285,,,,
229,1606,,,2.1845884323120117,,1.7749303579330444,1.7749303579330444,,,,
229,1607,,,1.5109102725982666,,1.1011970043182373,1.1011970043182373,,,,
229,1608,,,1.702104926109314,,1.2923341989517212,1.2923341989517212,,,,
229,1609,,,2.088285207748413,,1.678431749343872,1.678431749343872,,,,
,229,,,,,,,,,2.8680613040924072,2.8680613040924072
229,1609,,,,,,,2.8680613040924072,2.8680613040924072,,
229,1609,1.5357402563095093,1.9453649520874023,,1.5357402563095093,,,,,,
230,1610,,,2.0077481269836426,,1.597776174545288,1.597776174545288,,,,
230,1611,,,2.150212287902832,,1.740164041519165,1.740164041519165,,,,
230,1612,,,1.6702380180358887,,1.2601428031921387,1.2601428031921387,,,,
230,1613,,,2.2460899353027344,,1.8359383344650269,1.8359383344650269,,,,
230,1614,,,1.8726001977920532,,1.4623616933822632,1.4623616933822632,,,,
230,1615,,,1.9554786682128906,,1.5451428890228271,1.5451428890228271,,,,
230,1616,,,1.0846731662750244,,0.674252450466156,0.674252450466156,,,,
,230,,,,,,,,,2.81381893157959,2.81381893157959
230,1616,,,,,,,2.8138186931610107,2.8138186931610107,,
230,1616,1.5206856727600098,1.930842399597168,,1.5206856727600098,,,,,,
231,1617,,,2.283691644668579,,1.873205304145813,1.873205304145813,,,,
231,1618,,,1.857391595840454,,1.44683837890625,1.44683837890625,,,,
231,1619,,,1.6271438598632812,,1.2165145874023438,1.2165145874023438,,,,
231,1620,,,1.5882049798965454,,1.1775062084197998,1.1775062084197998,,,,
231,1621,,,2.158785820007324,,1.7480181455612183,1.7480181455612183,,,,
231,1622,,,2.1928164958953857,,1.7819677591323853,1.7819677591323853,,,,
231,1623,,,1.4199830293655396,,1.0090546607971191,1.0090546607971191,,,,
,231,,,,,,,,,2.7987735271453857,2.7987735271453857
231,1623,,,,,,,2.7987735271453857,2.7987735271453857,,
231,1623,1.5094033479690552,1.9200828075408936,,1.5094033479690552,,,,,,
232,1624,,,1.9738173484802246,,1.562824010848999,1.562824010848999,,,,
232,1625,,,2.366837978363037,,1.9557808637619019,1.9557808637619019,,,,
232,1626,,,1.8029173612594604,,1.391782283782959,1.391782283782959,,,,
232,1627,,,2.1316816806793213,,1.7204489707946777,1.7204489707946777,,,,
232,1628,,,1.6908012628555298,,1.2794908285140991,1.2794908285140991,,,,
232,1629,,,1.5404789447784424,,1.1290949583053589,1.1290949583053589,,,,
232,1630,,,1.7336410284042358,,1.322202205657959,1.322202205657959,,,,
,232,,,,,,,,,2.819383382797241,2.819383382797241
232,1630,,,,,,,2.819383382797241,2.819383382797241,,
232,1630,1.495725154876709,1.9069254398345947,,1.495725154876709,,,,,,
233,1631,,,1.593564510345459,,1.1820646524429321,1.1820646524429321,,,,
233,1632,,,1.6288461685180664,,1.2172638177871704,1.2172638177871704,,,,
233,1633,,,2.1611692905426025,,1.749523639678955,1.749523639678955,,,,
233,1634,,,1.8629268407821655,,1.4512041807174683,1.4512041807174683,,,,
233,1635,,,1.578338861465454,,1.1665440797805786,1.1665440797805786,,,,
233,1636,,,2.5463130474090576,,2.1344447135925293,2.1344447135925293,,,,
233,1637,,,1.881095290184021,,1.4691672325134277,1.4691672325134277,,,,
,233,,,,,,,,,2.79537296295166,2.79537296295166
233,1637,,,,,,,2.7953732013702393,2.7953732013702393,,
233,1637,1.482663869857788,1.8943639993667603,,1.482663869857788,,,,,,
234,1638,,,2.0881340503692627,,1.6761194467544556,1.6761194467544556,,,,
234,1639,,,1.9982848167419434,,1.5861822366714478,1.5861822366714478,,,,
234,1640,,,1.0942009687423706,,0.6820255517959595,0.6820255517959595,,,,
234,1641,,,2.0599913597106934,,1.6477521657943726,1.6477521657943726,,,,
234,1642,,,2.0193657875061035,,1.6070305109024048,1.6070305109024048,,,,
234,1643,,,1.7597098350524902,,1.3472999334335327,1.3472999334335327,,,,
234,1644,,,2.62182354927063,,2.2093586921691895,2.2093586921691895,,,,
,234,,,,,,,,,2.806986093521118,2.806986093521118
234,1644,,,,,,,2.806986093521118,2.806986093521118,,
234,1644,1.4705755710601807,1.8828033208847046,,1.4705755710601807,,,,,,
235,1645,,,1.5458842515945435,,1.1333630084991455,1.1333630084991455,,,,
235,1646,,,1.84084153175354,,1.428266167640686,1.428266167640686,,,,
235,1647,,,2.156177043914795,,1.7435423135757446,1.7435423135757446,,,,
235,1648,,,2.0426554679870605,,1.6299375295639038,1.6299375295639038,,,,
235,1649,,,1.9152915477752686,,1.5025014877319336,1.5025014877319336,,,,
235,1650,,,1.9750158786773682,,1.5621509552001953,1.5621509552001953,,,,
235,1651,,,1.227929711341858,,0.8149885535240173,0.8149885535240173,,,,
,235,,,,,,,,,2.7696781158447266,2.7696781158447266
235,1651,,,,,,,2.7696781158447266,2.7696781158447266,,
235,1651,1.4596679210662842,1.8723669052124023,,1.4596679210662842,,,,,,
236,1652,,,2.1360344886779785,,1.7230124473571777,1.7230124473571777,,,,
236,1653,,,1.3175268173217773,,0.9044384360313416,0.9044384360313416,,,,
236,1654,,,1.762346863746643,,1.3491947650909424,1.3491947650909424,,,,
236,1655,,,2.359384059906006,,1.9461694955825806,1.9461694955825806,,,,
236,1656,,,2.0725722312927246,,1.6592801809310913,1.6592801809310913,,,,
236,1657,,,1.580493450164795,,1.167110800743103,1.167110800743103,,,,
236,1658,,,1.7063640356063843,,1.2929145097732544,1.2929145097732544,,,,
,236,,,,,,,,,2.7477426528930664,2.7477426528930664
236,1658,,,,,,,2.7477428913116455,2.7477428913116455,,
236,1658,1.4484783411026,1.8616853952407837,,1.4484783411026,,,,,,
237,1659,,,2.0972416400909424,,1.6837115287780762,1.6837115287780762,,,,
237,1660,,,1.626061201095581,,1.2124559879302979,1.2124559879302979,,,,
237,1661,,,1.6389274597167969,,1.2252662181854248,1.2252662181854248,,,,
237,1662,,,1.627571702003479,,1.2138378620147705,1.2138378620147705,,,,
237,1663,,,2.0315120220184326,,1.617695689201355,1.617695689201355,,,,
237,1664,,,2.2043676376342773,,1.7904714345932007,1.7904714345932007,,,,
237,1665,,,1.5290077924728394,,1.1150462627410889,1.1150462627410889,,,,
,237,,,,,,,,,2.7224903106689453,2.7224903106689453
237,1665,,,,,,,2.7224903106689453,2.7224903106689453,,
237,1665,1.4371107816696167,1.8508328199386597,,1.4371107816696167,,,,,,
238,1666,,,1.8679026365280151,,1.4538626670837402,1.4538626670837402,,,,
238,1667,,,1.905377745628357,,1.491272211074829,1.491272211074829,,,,
238,1668,,,1.3659186363220215,,0.9517349004745483,0.9517349004745483,,,,
238,1669,,,2.2691245079040527,,1.8548743724822998,1.8548743724822998,,,,
238,1670,,,1.8299860954284668,,1.4156442880630493,1.4156442880630493,,,,
238,1671,,,1.8053803443908691,,1.3909753561019897,1.3909753561019897,,,,
238,1672,,,1.8413177728652954,,1.426845669746399,1.426845669746399,,,,
,238,,,,,,,,,2.7309587001800537,2.7309587001800537
238,1672,,,,,,,2.7309587001800537,2.7309587001800537,,
238,1672,1.4264205694198608,1.8406563997268677,,1.4264205694198608,,,,,,
239,1673,,,2.3262381553649902,,1.9116923809051514,1.9116923809051514,,,,
239,1674,,,2.0403149127960205,,1.625673532485962,1.625673532485962,,,,
239,1675,,,1.4693982601165771,,1.0546668767929077,1.0546668767929077,,,,
239,1676,,,1.9518601894378662,,1.5370731353759766,1.5370731353759766,,,,
239,1677,,,1.3609496355056763,,0.9460843205451965,0.9460843205451965,,,,
239,1678,,,1.785961627960205,,1.3710254430770874,1.3710254430770874,,,,
239,1679,,,1.9917792081832886,,1.576785922050476,1.576785922050476,,,,
,239,,,,,,,,,2.687753915786743,2.687753915786743
239,1679,,,,,,,2.687753915786743,2.687753915786743,,
239,1679,1.4176486730575562,1.8324140310287476,,1.4176486730575562,,,,,,
240,1680,,,1.6600627899169922,,1.2450240850448608,1.2450240850448608,,,,
240,1681,,,2.7092902660369873,,2.294161081314087,2.294161081314087,,,,
240,1682,,,1.532955527305603,,1.117768406867981,1.117768406867981,,,,
240,1683,,,1.4700404405593872,,1.054775595664978,1.054775595664978,,,,
240,1684,,,1.575682520866394,,1.16036057472229,1.16036057472229,,,,
240,1685,,,2.1286845207214355,,1.7133084535598755,1.7133084535598755,,,,
240,1686,,,1.4790922403335571,,1.0636531114578247,1.0636531114578247,,,,
,240,,,,,,,,,2.598965644836426,2.598965644836426
240,1686,,,,,,,2.598965883255005,2.598965883255005,,
240,1686,1.4092968702316284,1.8245294094085693,,1.4092968702316284,,,,,,
241,1687,,,1.7772812843322754,,1.3617411851882935,1.3617411851882935,,,,
241,1688,,,1.8595366477966309,,1.4439342021942139,1.4439342021942139,,,,
241,1689,,,2.1442103385925293,,1.7285282611846924,1.7285282611846924,,,,
241,1690,,,1.7542909383773804,,1.3385350704193115,1.3385350704193115,,,,
241,1691,,,1.6161339282989502,,1.200296401977539,1.200296401977539,,,,
241,1692,,,1.5669914484024048,,1.1511012315750122,1.1511012315750122,,,,
241,1693,,,2.2585296630859375,,1.842566967010498,1.842566967010498,,,,
,241,,,,,,,,,2.5820393562316895,2.5820393562316895
241,1693,,,,,,,2.5820393562316895,2.5820393562316895,,
241,1693,1.3984469175338745,1.8141794204711914,,1.3984469175338745,,,,,,
242,1694,,,2.075399398803711,,1.6593730449676514,1.6593730449676514,,,,
242,1695,,,1.9501663446426392,,1.5340609550476074,1.5340609550476074,,,,
242,1696,,,1.707947015762329,,1.2917815446853638,1.2917815446853638,,,,
242,1697,,,1.5938494205474854,,1.1776076555252075,1.1776076555252075,,,,
242,1698,,,2.0401859283447266,,1.6238863468170166,1.6238863468170166,,,,
242,1699,,,1.5579735040664673,,1.1415890455245972,1.1415890455245972,,,,
242,1700,,,1.5159887075424194,,1.0995423793792725,1.0995423793792725,,,,
,242,,,,,,,,,2.582866668701172,2.582866668701172
242,1700,,,,,,,2.582866668701172,2.582866668701172,,
242,1700,1.3867651224136353,1.8029831647872925,,1.3867651224136353,,,,,,
243,1701,,,2.3631210327148438,,1.9466238021850586,1.9466238021850586,,,,
243,1702,,,1.6881163120269775,,1.271564245223999,1.271564245223999,,,,
243,1703,,,1.788433313369751,,1.371819257736206,1.371819257736206,,,,
243,1704,,,1.4184606075286865,,1.0017887353897095,1.0017887353897095,,,,
243,1705,,,1.677832841873169,,1.2610973119735718,1.2610973119735718,,,,
243,1706,,,1.7300606966018677,,1.3132529258728027,1.3132529258728027,,,,
243,1707,,,2.0620198249816895,,1.645137071609497,1.645137071609497,,,,
,243,,,,,,,,,2.56931734085083,2.56931734085083
243,1707,,,,,,,2.56931734085083,2.56931734085083,,
243,1707,1.3777368068695068,1.7943971157073975,,1.3777368068695068,,,,,,
244,1708,,,1.8053680658340454,,1.3883962631225586,1.3883962631225586,,,,
244,1709,,,2.0523552894592285,,1.6352976560592651,1.6352976560592651,,,,
244,1710,,,1.030514121055603,,0.613386869430542,0.613386869430542,,,,
244,1711,,,2.4373741149902344,,2.020186185836792,2.020186185836792,,,,
244,1712,,,1.416198968887329,,0.9989514946937561,0.9989514946937561,,,,
244,1713,,,1.869267225265503,,1.4519389867782593,1.4519389867782593,,,,
244,1714,,,2.066615581512451,,1.649240255355835,1.649240255355835,,,,
,244,,,,,,,,,2.508744239807129,2.508744239807129
244,1714,,,,,,,2.508744478225708,2.508744478225708,,
244,1714,1.3688819408416748,1.786048412322998,,1.3688819408416748,,,,,,
245,1715,,,1.8004506826400757,,1.3829760551452637,1.3829760551452637,,,,
245,1716,,,1.3997869491577148,,0.9822372198104858,0.9822372198104858,,,,
245,1717,,,1.5807806253433228,,1.1631611585617065,1.1631611585617065,,,,
245,1718,,,1.9903942346572876,,1.5727145671844482,1.5727145671844482,,,,
245,1719,,,1.866015911102295,,1.448242425918579,1.448242425918579,,,,
245,1720,,,2.230362892150879,,1.8125183582305908,1.8125183582305908,,,,
245,1721,,,1.222440242767334,,0.8045446276664734,0.8045446276664734,,,,
,245,,,,,,,,,2.4618613719940186,2.4618613719940186
245,1721,,,,,,,2.4618613719940186,2.4618613719940186,,
245,1721,1.358988881111145,1.7766598463058472,,1.358988881111145,,,,,,
246,1722,,,1.993910312652588,,1.5759527683258057,1.5759527683258057,,,,
246,1723,,,1.772339105606079,,1.3543105125427246,1.3543105125427246,,,,
246,1724,,,1.858830451965332,,1.4407317638397217,1.4407317638397217,,,,
246,1725,,,1.6792908906936646,,1.261114478111267,1.261114478111267,,,,
246,1726,,,1.2061619758605957,,0.7879284024238586,0.7879284024238586,,,,
246,1727,,,2.056950092315674,,1.6386603116989136,1.6386603116989136,,,,
246,1728,,,1.8201289176940918,,1.401760220527649,1.401760220527649,,,,
,246,,,,,,,,,2.466376304626465,2.466376304626465
246,1728,,,,,,,2.4663760662078857,2.4663760662078857,,
246,1728,1.3465662002563477,1.7647106647491455,,1.3465662002563477,,,,,,
247,1729,,,1.338089942932129,,0.9196726679801941,0.9196726679801941,,,,
247,1730,,,2.1124768257141113,,1.6939942836761475,1.6939942836761475,,,,
247,1731,,,1.9825143814086914,,1.5639832019805908,1.5639832019805908,,,,
247,1732,,,1.5672132968902588,,1.1486173868179321,1.1486173868179321,,,,
247,1733,,,1.6561064720153809,,1.2374480962753296,1.2374480962753296,,,,
247,1734,,,1.8415591716766357,,1.4228194952011108,1.4228194952011108,,,,
247,1735,,,1.8458497524261475,,1.4270445108413696,1.4270445108413696,,,,
,247,,,,,,,,,2.434343099594116,2.434343099594116
247,1735,,,,,,,2.434343099594116,2.434343099594116,,
247,1735,1.3367336988449097,1.755318284034729,,1.3367336988449097,,,,,,
248,1736,,,1.8420639038085938,,1.4231796264648438,1.4231796264648438,,,,
248,1737,,,1.9485772848129272,,1.5296282768249512,1.5296282768249512,,,,
248,1738,,,1.5677076578140259,,1.1486811637878418,1.1486811637878418,,,,
248,1739,,,1.8376513719558716,,1.4185699224472046,1.4185699224472046,,,,
248,1740,,,1.7937523126602173,,1.374593734741211,1.374593734741211,,,,
248,1741,,,1.6990361213684082,,1.2798054218292236,1.2798054218292236,,,,
248,1742,,,1.1507701873779297,,0.7314764857292175,0.7314764857292175,,,,
,248,,,,,,,,,2.401024580001831,2.401024580001831
248,1742,,,,,,,2.401024580001831,2.401024580001831,,
248,1742,1.3252960443496704,1.7443652153015137,,1.3252960443496704,,,,,,
249,1743,,,1.8336035013198853,,1.4142522811889648,1.4142522811889648,,,,
249,1744,,,1.8190213441848755,,1.3996092081069946,1.3996092081069946,,,,
249,1745,,,2.01253342628479,,1.593037486076355,1.593037486076355,,,,
249,1746,,,1.2274723052978516,,0.807914137840271,0.807914137840271,,,,
249,1747,,,1.9842251539230347,,1.564610481262207,1.564610481262207,,,,
249,1748,,,1.343306541442871,,0.9236279129981995,0.9236279129981995,,,,
249,1749,,,2.2467246055603027,,1.826988935470581,1.826988935470581,,,,
,249,,,,,,,,,2.3663177490234375,2.3663177490234375
249,1749,,,,,,,2.3663177490234375,2.3663177490234375,,
249,1749,1.3157917261123657,1.7353229522705078,,1.3157917261123657,,,,,,
250,1750,,,1.5936172008514404,,1.1737834215164185,1.1737834215164185,,,,
250,1751,,,1.9382246732711792,,1.5183311700820923,1.5183311700820923,,,,
250,1752,,,1.8694310188293457,,1.4494658708572388,1.4494658708572388,,,,
250,1753,,,1.2825533151626587,,0.862516462802887,0.862516462802887,,,,
250,1754,,,2.1472280025482178,,1.727128505706787,1.727128505706787,,,,
250,1755,,,1.6919350624084473,,1.2717584371566772,1.2717584371566772,,,,
250,1756,,,1.308465600013733,,0.8882191777229309,0.8882191777229309,,,,
,250,,,,,,,,,2.3811280727386475,2.3811280727386475
250,1756,,,,,,,2.3811280727386475,2.3811280727386475,,
250,1756,1.307618260383606,1.7276335954666138,,1.307618260383606,,,,,,
251,1757,,,1.496806025505066,,1.0765169858932495,1.0765169858932495,,,,
251,1758,,,1.6372343301773071,,1.2168635129928589,1.2168635129928589,,,,
251,1759,,,1.8757452964782715,,1.4553059339523315,1.4553059339523315,,,,
251,1760,,,2.4004080295562744,,1.9799103736877441,1.9799103736877441,,,,
251,1761,,,1.6424723863601685,,1.221895456314087,1.221895456314087,,,,
251,1762,,,1.566110610961914,,1.1454774141311646,1.1454774141311646,,,,
251,1763,,,0.9232785701751709,,0.5025883913040161,0.5025883913040161,,,,
,251,,,,,,,,,2.360135316848755,2.360135316848755
251,1763,,,,,,,2.360135316848755,2.360135316848755,,
251,1763,1.2995200157165527,1.7200008630752563,,1.2995200157165527,,,,,,
252,1764,,,1.6957783699035645,,1.2750381231307983,1.2750381231307983,,,,
252,1765,,,2.188436269760132,,1.7676324844360352,1.7676324844360352,,,,
252,1766,,,1.5156055688858032,,1.0947273969650269,1.0947273969650269,,,,
252,1767,,,1.9811724424362183,,1.5602425336837769,1.5602425336837769,,,,
252,1768,,,1.7757015228271484,,1.3547121286392212,1.3547121286392212,,,,
252,1769,,,1.210532784461975,,0.7894728183746338,0.7894728183746338,,,,
252,1770,,,1.432600498199463,,1.011476755142212,1.011476755142212,,,,
,252,,,,,,,,,2.381669044494629,2.381669044494629
252,1770,,,,,,,2.381669282913208,2.381669282913208,,
252,1770,1.2895889282226562,1.71050226688385,,1.2895889282226562,,,,,,
253,1771,,,1.6260684728622437,,1.2048859596252441,1.2048859596252441,,,,
253,1772,,,1.4127442836761475,,0.9915099143981934,0.9915099143981934,,,,
253,1773,,,1.5005435943603516,,1.0792453289031982,1.0792453289031982,,,,
253,1774,,,1.6954543590545654,,1.274084210395813,1.274084210395813,,,,
253,1775,,,1.639350175857544,,1.2178999185562134,1.2178999185562134,,,,
253,1776,,,1.965062141418457,,1.543552041053772,1.543552041053772,,,,
253,1777,,,2.713092803955078,,2.2915313243865967,2.2915313243865967,,,,
,253,,,,,,,,,2.432570695877075,2.432570695877075
253,1777,,,,,,,2.432570695877075,2.432570695877075,,
253,1777,1.2816473245620728,1.7030011415481567,,1.2816473245620728,,,,,,
254,1778,,,1.4460573196411133,,1.0244207382202148,1.0244207382202148,,,,
254,1779,,,1.6916511058807373,,1.2699573040008545,1.2699573040008545,,,,
254,1780,,,1.805299997329712,,1.383554458618164,1.383554458618164,,,,
254,1781,,,1.5513639450073242,,1.1295329332351685,1.1295329332351685,,,,
254,1782,,,1.5571396350860596,,1.135245442390442,1.135245442390442,,,,
254,1783,,,2.396920680999756,,1.9749608039855957,1.9749608039855957,,,,
254,1784,,,0.9625861048698425,,0.5405557751655579,0.5405557751655579,,,,
,254,,,,,,,,,2.4296085834503174,2.4296085834503174
254,1784,,,,,,,2.4296085834503174,2.4296085834503174,,
254,1784,1.27378511428833,1.6955925226211548,,1.27378511428833,,,,,,
255,1785,,,1.9930503368377686,,1.5709691047668457,1.5709691047668457,,,,
255,1786,,,1.3911142349243164,,0.9689580202102661,0.9689580202102661,,,,
255,1787,,,1.914536714553833,,1.492324948310852,1.492324948310852,,,,
255,1788,,,2.222168207168579,,1.7998937368392944,1.7998937368392944,,,,
255,1789,,,1.456688404083252,,1.034342885017395,1.034342885017395,,,,
255,1790,,,1.3371281623840332,,0.9147272706031799,0.9147272706031799,,,,
255,1791,,,1.1944506168365479,,0.771982729434967,0.771982729434967,,,,
,255,,,,,,,,,2.3879919052124023,2.3879919052124023
255,1791,,,,,,,2.3879916667938232,2.3879916667938232,,
255,1791,1.265993595123291,1.6882517337799072,,1.265993595123291,,,,,,
256,1792,,,1.6268724203109741,,1.2043430805206299,1.2043430805206299,,,,
256,1793,,,1.7754467725753784,,1.3528625965118408,1.3528625965118408,,,,
256,1794,,,1.5858389139175415,,1.1632000207901,1.1632000207901,,,,
256,1795,,,1.554465413093567,,1.1317555904388428,1.1317555904388428,,,,
256,1796,,,1.5555390119552612,,1.1327650547027588,1.1327650547027588,,,,
256,1797,,,2.0481274127960205,,1.625296950340271,1.625296950340271,,,,
256,1798,,,1.4881877899169922,,1.0652847290039062,1.0652847290039062,,,,
,256,,,,,,,,,2.347168207168579,2.347168207168579
256,1798,,,,,,,2.347168207168579,2.347168207168579,,
256,1798,1.2564243078231812,1.6791152954101562,,1.2564243078231812,,,,,,
257,1799,,,1.9815889596939087,,1.5586148500442505,1.5586148500442505,,,,
257,1800,,,1.454796552658081,,1.031742811203003,1.031742811203003,,,,
257,1801,,,1.7923411130905151,,1.3692266941070557,1.3692266941070557,,,,
257,1802,,,1.3478405475616455,,0.9246519207954407,0.9246519207954407,,,,
257,1803,,,1.5501246452331543,,1.1268806457519531,1.1268806457519531,,,,
257,1804,,,1.926377773284912,,1.5030755996704102,1.5030755996704102,,,,
257,1805,,,1.628864049911499,,1.2055065631866455,1.2055065631866455,,,,
,257,,,,,,,,,2.334730386734009,2.334730386734009
257,1805,,,,,,,2.334730386734009,2.334730386734009,,
257,1805,1.2496089935302734,1.6727676391601562,,1.2496089935302734,,,,,,
258,1806,,,1.4391323328018188,,1.0157006978988647,1.0157006978988647,,,,
258,1807,,,1.5669904947280884,,1.1434913873672485,1.1434913873672485,,,,
258,1808,,,1.3247315883636475,,0.9011857509613037,0.9011857509613037,,,,
258,1809,,,2.1094229221343994,,1.6858190298080444,1.6858190298080444,,,,
258,1810,,,1.3372704982757568,,0.9135934114456177,0.9135934114456177,,,,
258,1811,,,2.115403652191162,,1.6916652917861938,1.6916652917861938,,,,
258,1812,,,1.8891925811767578,,1.4653974771499634,1.4653974771499634,,,,
,258,,,,,,,,,2.303321361541748,2.303321361541748
258,1812,,,,,,,2.303321361541748,2.303321361541748,,
258,1812,1.23936927318573,1.6629645824432373,,1.23936927318573,,,,,,
259,1813,,,1.6612406969070435,,1.237345576286316,1.237345576286316,,,,
259,1814,,,1.596482276916504,,1.17251718044281,1.17251718044281,,,,
259,1815,,,1.988932490348816,,1.5649223327636719,1.5649223327636719,,,,
259,1816,,,1.7089354991912842,,1.2848693132400513,1.2848693132400513,,,,
259,1817,,,1.2781224250793457,,0.8539954423904419,0.8539954423904419,,,,
259,1818,,,1.2543070316314697,,0.830106794834137,0.830106794834137,,,,
259,1819,,,2.8684098720550537,,2.444140911102295,2.444140911102295,,,,
,259,,,,,,,,,2.2783186435699463,2.2783186435699463
259,1819,,,,,,,2.2783186435699463,2.2783186435699463,,
259,1819,1.23298978805542,1.657046914100647,,1.23298978805542,,,,,,
260,1820,,,1.473331332206726,,1.048969030380249,1.048969030380249,,,,
260,1821,,,1.5176607370376587,,1.0932466983795166,1.0932466983795166,,,,
260,1822,,,0.9847209453582764,,0.5602350831031799,0.5602350831031799,,,,
260,1823,,,1.8425023555755615,,1.4179669618606567,1.4179669618606567,,,,
260,1824,,,2.0773627758026123,,1.6527537107467651,1.6527537107467651,,,,
260,1825,,,2.0248937606811523,,1.6002306938171387,1.6002306938171387,,,,
260,1826,,,1.5494706630706787,,1.124741792678833,1.124741792678833,,,,
,260,,,,,,,,,2.1700403690338135,2.1700403690338135
260,1826,,,,,,,2.1700403690338135,2.1700403690338135,,
260,1826,1.2227734327316284,1.6472978591918945,,1.2227734327316284,,,,,,
261,1827,,,2.0042333602905273,,1.5793904066085815,1.5793904066085815,,,,
261,1828,,,1.7220476865768433,,1.2971400022506714,1.2971400022506714,,,,
261,1829,,,1.6236011981964111,,1.198630690574646,1.198630690574646,,,,
261,1830,,,1.434498906135559,,1.009459376335144,1.009459376335144,,,,
261,1831,,,1.4974777698516846,,1.0723644495010376,1.0723644495010376,,,,
261,1832,,,1.6730780601501465,,1.247900366783142,1.247900366783142,,,,
261,1833,,,1.3202099800109863,,0.894966185092926,0.894966185092926,,,,
,261,,,,,,,,,2.1034791469573975,2.1034791469573975
261,1833,,,,,,,2.1034791469573975,2.1034791469573975,,
261,1833,1.214195728302002,1.6392182111740112,,1.214195728302002,,,,,,
262,1834,,,1.7112840414047241,,1.2859901189804077,1.2859901189804077,,,,
262,1835,,,1.6488654613494873,,1.2235060930252075,1.2235060930252075,,,,
262,1836,,,1.8234740495681763,,1.3980616331100464,1.3980616331100464,,,,
262,1837,,,1.9142016172409058,,1.4887124300003052,1.4887124300003052,,,,
262,1838,,,1.6429978609085083,,1.2174427509307861,1.2174427509307861,,,,
262,1839,,,1.1991808414459229,,0.7735413312911987,0.7735413312911987,,,,
262,1840,,,1.2548383474349976,,0.8291547894477844,0.8291547894477844,,,,
,262,,,,,,,,,2.098374128341675,2.098374128341675
262,1840,,,,,,,2.098374128341675,2.098374128341675,,
262,1840,1.2075588703155518,1.6330302953720093,,1.2075588703155518,,,,,,
263,1841,,,1.539756417274475,,1.1140477657318115,1.1140477657318115,,,,
263,1842,,,1.527392864227295,,1.1016223430633545,1.1016223430633545,,,,
263,1843,,,1.7388834953308105,,1.3130685091018677,1.3130685091018677,,,,
263,1844,,,1.528219223022461,,1.102329969406128,1.102329969406128,,,,
263,1845,,,1.5327932834625244,,1.1068543195724487,1.1068543195724487,,,,
263,1846,,,1.6910951137542725,,1.2651050090789795,1.2651050090789795,,,,
263,1847,,,2.1362087726593018,,1.7101606130599976,1.7101606130599976,,,,
,263,,,,,,,,,2.1133790016174316,2.1133790016174316
263,1847,,,,,,,2.1133790016174316,2.1133790016174316,,
263,1847,1.199111819267273,1.6249754428863525,,1.199111819267273,,,,,,
264,1848,,,1.550746202468872,,1.1246161460876465,1.1246161460876465,,,,
264,1849,,,1.3106282949447632,,0.884423553943634,0.884423553943634,,,,
264,1850,,,1.9978728294372559,,1.5716136693954468,1.5716136693954468,,,,
264,1851,,,1.366222858428955,,0.9398821592330933,0.9398821592330933,,,,
264,1852,,,1.3028171062469482,,0.8764361143112183,0.8764361143112183,,,,
264,1853,,,2.3413918018341064,,1.9149386882781982,1.9149386882781982,,,,
264,1854,,,1.1965395212173462,,0.7700371742248535,0.7700371742248535,,,,
,264,,,,,,,,,2.1361746788024902,2.1361746788024902
264,1854,,,,,,,2.1361746788024902,2.1361746788024902,,
264,1854,1.1922626495361328,1.6185694932937622,,1.1922626495361328,,,,,,
265,1855,,,1.4673593044281006,,1.0408135652542114,1.0408135652542114,,,,
265,1856,,,1.4788352251052856,,1.0522315502166748,1.0522315502166748,,,,
265,1857,,,1.8493329286575317,,1.4226585626602173,1.4226585626602173,,,,
265,1858,,,1.4921479225158691,,1.0653849840164185,1.0653849840164185,,,,
265,1859,,,2.1030375957489014,,1.6762384176254272,1.6762384176254272,,,,
265,1860,,,1.458571195602417,,1.0317111015319824,1.0317111015319824,,,,
265,1861,,,1.0969294309616089,,0.6700134873390198,0.6700134873390198,,,,
,265,,,,,,,,,2.164092779159546,2.164092779159546
265,1861,,,,,,,2.164092779159546,2.164092779159546,,
265,1861,1.1827911138534546,1.6095110177993774,,1.1827911138534546,,,,,,
266,1862,,,1.411287546157837,,0.9843469858169556,0.9843469858169556,,,,
266,1863,,,1.411771535873413,,0.9847830533981323,0.9847830533981323,,,,
266,1864,,,2.101421356201172,,1.6743816137313843,1.6743816137313843,,,,
266,1865,,,1.5126116275787354,,1.085519552230835,1.085519552230835,,,,
266,1866,,,1.6428873538970947,,1.2157419919967651,1.2157419919967651,,,,
266,1867,,,1.7606070041656494,,1.3333966732025146,1.3333966732025146,,,,
266,1868,,,1.0028064250946045,,0.5755254030227661,0.5755254030227661,,,,
,266,,,,,,,,,2.1742441654205322,2.1742441654205322
266,1868,,,,,,,2.1742441654205322,2.1742441654205322,,
266,1868,1.1755282878875732,1.6026099920272827,,1.1755282878875732,,,,,,
267,1869,,,1.710506558418274,,1.283185601234436,1.283185601234436,,,,
267,1870,,,1.672130823135376,,1.2447363138198853,1.2447363138198853,,,,
267,1871,,,1.7492897510528564,,1.3218231201171875,1.3218231201171875,,,,
267,1872,,,2.2410614490509033,,1.8135457038879395,1.8135457038879395,,,,
267,1873,,,1.327332615852356,,0.8997414112091064,0.8997414112091064,,,,
267,1874,,,1.1231298446655273,,0.695502519607544,0.695502519607544,,,,
267,1875,,,0.9407340288162231,,0.513054370880127,0.513054370880127,,,,
,267,,,,,,,,,2.1371591091156006,2.1371591091156006
267,1875,,,,,,,2.1371591091156006,2.1371591091156006,,
267,1875,1.1687732934951782,1.5962707996368408,,1.1687732934951782,,,,,,
268,1876,,,0.9785875678062439,,0.5508683323860168,0.5508683323860168,,,,
268,1877,,,1.5043188333511353,,1.0765609741210938,1.0765609741210938,,,,
268,1878,,,1.2918084859848022,,0.8640201687812805,0.8640201687812805,,,,
268,1879,,,2.178220272064209,,1.750381588935852,1.750381588935852,,,,
268,1880,,,1.5802597999572754,,1.1523596048355103,1.1523596048355103,,,,
268,1881,,,2.1120245456695557,,1.6840546131134033,1.6840546131134033,,,,
268,1882,,,1.2826063632965088,,0.8545635938644409,0.8545635938644409,,,,
,268,,,,,,,,,2.09835147857666,2.09835147857666
268,1882,,,,,,,2.09835147857666,2.09835147857666,,
268,1882,1.160581350326538,1.5884230136871338,,1.160581350326538,,,,,,
269,1883,,,1.424652099609375,,0.9965488314628601,0.9965488314628601,,,,
269,1884,,,1.5123696327209473,,1.0842167139053345,1.0842167139053345,,,,
269,1885,,,1.150357723236084,,0.7221553921699524,0.7221553921699524,,,,
269,1886,,,1.6205339431762695,,1.192284345626831,1.192284345626831,,,,
269,1887,,,2.42061185836792,,1.992300033569336,1.992300033569336,,,,
269,1888,,,1.4582792520523071,,1.0299118757247925,1.0299118757247925,,,,
269,1889,,,1.3128411769866943,,0.8844048976898193,0.8844048976898193,,,,
,269,,,,,,,,,2.0233051776885986,2.0233051776885986
269,1889,,,,,,,2.0233051776885986,2.0233051776885986,,
269,1889,1.1527950763702393,1.5810383558273315,,1.1527950763702393,,,,,,
270,1890,,,1.4497895240783691,,1.021272897720337,1.021272897720337,,,,
270,1891,,,1.583477258682251,,1.1549164056777954,1.1549164056777954,,,,
270,1892,,,1.8580684661865234,,1.4294366836547852,1.4294366836547852,,,,
270,1893,,,1.2858593463897705,,0.857177734375,0.857177734375,,,,
270,1894,,,1.3143266439437866,,0.8855764269828796,0.8855764269828796,,,,
270,1895,,,1.938761830329895,,1.5099509954452515,1.5099509954452515,,,,
270,1896,,,1.6322219371795654,,1.2033464908599854,1.2033464908599854,,,,
,270,,,,,,,,,2.012012481689453,2.012012481689453
270,1896,,,,,,,2.012012481689453,2.012012481689453,,
270,1896,1.146601676940918,1.5752732753753662,,1.146601676940918,,,,,,
271,1897,,,1.1615190505981445,,0.7325968146324158,0.7325968146324158,,,,
271,1898,,,1.4649474620819092,,1.035956621170044,1.035956621170044,,,,
271,1899,,,2.2661170959472656,,1.8370757102966309,1.8370757102966309,,,,
271,1900,,,1.9620459079742432,,1.5329402685165405,1.5329402685165405,,,,
271,1901,,,1.467846393585205,,1.0386844873428345,1.0386844873428345,,,,
271,1902,,,1.166715383529663,,0.7374871969223022,0.7374871969223022,,,,
271,1903,,,1.3386458158493042,,0.9093777537345886,0.9093777537345886,,,,
,271,,,,,,,,,2.001554250717163,2.001554250717163
271,1903,,,,,,,2.001554250717163,2.001554250717163,,
271,1903,1.1381580829620361,1.5672444105148315,,1.1381580829620361,,,,,,
272,1904,,,1.547697901725769,,1.1183637380599976,1.1183637380599976,,,,
272,1905,,,1.8419244289398193,,1.412509560585022,1.412509560585022,,,,
272,1906,,,1.5297915935516357,,1.1003124713897705,1.1003124713897705,,,,
272,1907,,,1.3624012470245361,,0.9328546524047852,0.9328546524047852,,,,
272,1908,,,1.412254810333252,,0.9826557040214539,0.9826557040214539,,,,
272,1909,,,1.5215461254119873,,1.091902256011963,1.091902256011963,,,,
272,1910,,,1.9569015502929688,,1.5272005796432495,1.5272005796432495,,,,
,272,,,,,,,,,1.9812569618225098,1.9812569618225098
272,1910,,,,,,,1.9812570810317993,1.9812570810317993,,
272,1910,1.1311839818954468,1.5606985092163086,,1.1311839818954468,,,,,,
273,1911,,,1.685774564743042,,1.2560474872589111,1.2560474872589111,,,,
273,1912,,,1.1631298065185547,,0.7333541512489319,0.7333541512489319,,,,
273,1913,,,2.4826760292053223,,2.052838087081909,2.052838087081909,,,,
273,1914,,,1.0162385702133179,,0.5863403081893921,0.5863403081893921,,,,
273,1915,,,1.1390646696090698,,0.7091203331947327,0.7091203331947327,,,,
273,1916,,,1.697798490524292,,1.2678093910217285,1.2678093910217285,,,,
273,1917,,,1.9027743339538574,,1.4727205038070679,1.4727205038070679,,,,
,273,,,,,,,,,1.977434515953064,1.977434515953064
273,1917,,,,,,,1.977434515953064,1.977434515953064,,
273,1917,1.1227890253067017,1.5526622533798218,,1.1227890253067017,,,,,,
274,1918,,,1.4940550327301025,,1.063948631286621,1.063948631286621,,,,
274,1919,,,1.0303510427474976,,0.6001960635185242,0.6001960635185242,,,,
274,1920,,,1.8623813390731812,,1.4321757555007935,1.4321757555007935,,,,
274,1921,,,1.6957236528396606,,1.2654509544372559,1.2654509544372559,,,,
274,1922,,,1.9171518087387085,,1.4868100881576538,1.4868100881576538,,,,
274,1923,,,1.222220540046692,,0.7918367385864258,0.7918367385864258,,,,
274,1924,,,1.6798985004425049,,1.24946129322052,1.24946129322052,,,,
,274,,,,,,,,,1.9815669059753418,1.9815669059753418
274,1924,,,,,,,1.9815667867660522,1.9815667867660522,,
274,1924,1.1151319742202759,1.545387625694275,,1.1151319742202759,,,,,,
275,1925,,,1.0401015281677246,,0.6096092462539673,0.6096092462539673,,,,
275,1926,,,1.5995826721191406,,1.1690373420715332,1.1690373420715332,,,,
275,1927,,,2.175816535949707,,1.7451996803283691,1.7451996803283691,,,,
275,1928,,,1.223143219947815,,0.7924917936325073,0.7924917936325073,,,,
275,1929,,,1.6206227540969849,,1.1899274587631226,1.1899274587631226,,,,
275,1930,,,1.6796379089355469,,1.2488919496536255,1.2488919496536255,,,,
275,1931,,,1.2637683153152466,,0.8329561948776245,0.8329561948776245,,,,
,275,,,,,,,,,1.9337254762649536,1.9337254762649536
275,1931,,,,,,,1.9337254762649536,1.9337254762649536,,
275,1931,1.1086299419403076,1.539265513420105,,1.1086299419403076,,,,,,
276,1932,,,1.8719652891159058,,1.4410784244537354,1.4410784244537354,,,,
276,1933,,,2.04483962059021,,1.6138949394226074,1.6138949394226074,,,,
276,1934,,,1.1762518882751465,,0.7452433109283447,0.7452433109283447,,,,
276,1935,,,1.5356640815734863,,1.1046137809753418,1.1046137809753418,,,,
276,1936,,,1.0493167638778687,,0.6182200312614441,0.6182200312614441,,,,
276,1937,,,1.6260472536087036,,1.1949034929275513,1.1949034929275513,,,,
276,1938,,,1.191723108291626,,0.7605061531066895,0.7605061531066895,,,,
,276,,,,,,,,,1.897523283958435,1.897523283958435
276,1938,,,,,,,1.897523283958435,1.897523283958435,,
276,1938,1.0985323190689087,1.529565691947937,,1.0985323190689087,,,,,,
277,1939,,,1.4246091842651367,,0.9933272004127502,0.9933272004127502,,,,
277,1940,,,1.5069499015808105,,1.0756179094314575,1.0756179094314575,,,,
277,1941,,,1.1201775074005127,,0.6887935400009155,0.6887935400009155,,,,
277,1942,,,2.091963768005371,,1.660520076751709,1.660520076751709,,,,
277,1943,,,1.4246070384979248,,0.9931044578552246,0.9931044578552246,,,,
277,1944,,,1.672369360923767,,1.2408264875411987,1.2408264875411987,,,,
277,1945,,,1.212113857269287,,0.7804972529411316,0.7804972529411316,,,,
,277,,,,,,,,,1.866599678993225,1.866599678993225
277,1945,,,,,,,1.866599678993225,1.866599678993225,,
277,1945,1.0893923044204712,1.520818829536438,,1.0893923044204712,,,,,,
278,1946,,,2.055875301361084,,1.624205470085144,1.624205470085144,,,,
278,1947,,,1.5007423162460327,,1.0690205097198486,1.0690205097198486,,,,
278,1948,,,1.4018183946609497,,0.9700427651405334,0.9700427651405334,,,,
278,1949,,,1.7381937503814697,,1.306362509727478,1.306362509727478,,,,
278,1950,,,1.4652466773986816,,1.0333653688430786,1.0333653688430786,,,,
278,1951,,,1.1695939302444458,,0.7376483678817749,0.7376483678817749,,,,
278,1952,,,0.8381788730621338,,0.40616944432258606,0.40616944432258606,,,,
,278,,,,,,,,,1.856499195098877,1.856499195098877
278,1952,,,,,,,1.8564993143081665,1.8564993143081665,,
278,1952,1.08124840259552,1.5130646228790283,,1.08124840259552,,,,,,
279,1953,,,1.2562968730926514,,0.8242540955543518,0.8242540955543518,,,,
279,1954,,,1.4160230159759521,,0.9839314818382263,0.9839314818382263,,,,
279,1955,,,1.4454697370529175,,1.0133236646652222,1.0133236646652222,,,,
279,1956,,,1.0983675718307495,,0.6661562919616699,0.6661562919616699,,,,
279,1957,,,2.2819247245788574,,1.8496763706207275,1.8496763706207275,,,,
279,1958,,,1.344842553138733,,0.9125314950942993,0.9125314950942993,,,,
279,1959,,,2.015132427215576,,1.5827709436416626,1.5827709436416626,,,,
,279,,,,,,,,,1.8582465648651123,1.8582465648651123
279,1959,,,,,,,1.8582465648651123,1.8582465648651123,,
279,1959,1.0734765529632568,1.5056626796722412,,1.0734765529632568,,,,,,
280,1960,,,1.204528570175171,,0.7721048593521118,0.7721048593521118,,,,
280,1961,,,1.1347156763076782,,0.7022289633750916,0.7022289633750916,,,,
280,1962,,,1.4689552783966064,,1.036429762840271,1.036429762840271,,,,
280,1963,,,1.2198772430419922,,0.7872964143753052,0.7872964143753052,,,,
280,1964,,,2.0084991455078125,,1.5758581161499023,1.5758581161499023,,,,
280,1965,,,1.8951992988586426,,1.4625132083892822,1.4625132083892822,,,,
280,1966,,,1.6702148914337158,,1.2374690771102905,1.2374690771102905,,,,
,280,,,,,,,,,1.8575551509857178,1.8575551509857178
280,1966,,,,,,,1.8575551509857178,1.8575551509857178,,
280,1966,1.0667423009872437,1.499310851097107,,1.0667423009872437,,,,,,
281,1967,,,1.6731395721435547,,1.2403310537338257,1.2403310537338257,,,,
281,1968,,,1.1779606342315674,,0.745098888874054,0.745098888874054,,,,
281,1969,,,1.6434537172317505,,1.2105579376220703,1.2105579376220703,,,,
281,1970,,,1.2115881443023682,,0.7786192893981934,0.7786192893981934,,,,
281,1971,,,1.1253583431243896,,0.6923308968544006,0.6923308968544006,,,,
281,1972,,,1.7965617179870605,,1.3634876012802124,1.3634876012802124,,,,
281,1973,,,2.3723466396331787,,1.9392162561416626,1.9392162561416626,,,,
,281,,,,,,,,,1.8869338035583496,1.8869338035583496
281,1973,,,,,,,1.88693368434906,1.88693368434906,,
281,1973,1.0600208044052124,1.4929715394973755,,1.0600208044052124,,,,,,
282,1974,,,1.3431336879730225,,0.9099365472793579,0.9099365472793579,,,,
282,1975,,,1.6908785104751587,,1.257621169090271,1.257621169090271,,,,
282,1976,,,1.668087363243103,,1.2347773313522339,1.2347773313522339,,,,
282,1977,,,1.2258870601654053,,0.7925105094909668,0.7925105094909668,,,,
282,1978,,,1.1545543670654297,,0.7211290001869202,0.7211290001869202,,,,
282,1979,,,1.8504441976547241,,1.416954517364502,1.416954517364502,,,,
282,1980,,,1.455399513244629,,1.0218689441680908,1.0218689441680908,,,,
,282,,,,,,,,,1.8909332752227783,1.8909332752227783
282,1980,,,,,,,1.8909332752227783,1.8909332752227783,,
282,1980,1.0535105466842651,1.4868643283843994,,1.0535105466842651,,,,,,
283,1981,,,1.4614821672439575,,1.0278913974761963,1.0278913974761963,,,,
283,1982,,,1.7620517015457153,,1.3284283876419067,1.3284283876419067,,,,
283,1983,,,1.237109899520874,,0.803429901599884,0.803429901599884,,,,
283,1984,,,1.3893741369247437,,0.9556487202644348,0.9556487202644348,,,,
283,1985,,,1.6845035552978516,,1.2507400512695312,1.2507400512695312,,,,
283,1986,,,1.2162681818008423,,0.7824320197105408,0.7824320197105408,,,,
283,1987,,,1.8446978330612183,,1.4107930660247803,1.4107930660247803,,,,
,283,,,,,,,,,1.8791041374206543,1.8791041374206543
283,1987,,,,,,,1.8791040182113647,1.8791040182113647,,
283,1987,1.0474694967269897,1.4811846017837524,,1.0474694967269897,,,,,,
284,1988,,,1.977947473526001,,1.5439791679382324,1.5439791679382324,,,,
284,1989,,,1.1082634925842285,,0.6742439270019531,0.6742439270019531,,,,
284,1990,,,1.5981460809707642,,1.1640644073486328,1.1640644073486328,,,,
284,1991,,,1.6504939794540405,,1.216347098350525,1.216347098350525,,,,
284,1992,,,1.2660183906555176,,0.8318241238594055,0.8318241238594055,,,,
284,1993,,,1.1930423974990845,,0.758790135383606,0.758790135383606,,,,
284,1994,,,1.6114726066589355,,1.1771641969680786,1.1771641969680786,,,,
,284,,,,,,,,,1.8635129928588867,1.8635129928588867
284,1994,,,,,,,1.8635129928588867,1.8635129928588867,,
284,1994,1.0401076078414917,1.4742296934127808,,1.0401076078414917,,,,,,
285,1995,,,1.2502565383911133,,0.8159130215644836,0.8159130215644836,,,,
285,1996,,,1.224901795387268,,0.7905185222625732,0.7905185222625732,,,,
285,1997,,,1.1604278087615967,,0.7259977459907532,0.7259977459907532,,,,
285,1998,,,1.3922677040100098,,0.9577903151512146,0.9577903151512146,,,,
285,1999,,,1.6747496128082275,,1.240199327468872,1.240199327468872,,,,
285,2000,,,2.305708646774292,,1.8710858821868896,1.8710858821868896,,,,
285,2001,,,0.9634640216827393,,0.5287955403327942,0.5287955403327942,,,,
,285,,,,,,,,,1.8478972911834717,1.8478972911834717
285,2001,,,,,,,1.8478972911834717,1.8478972911834717,,
285,2001,1.035263180732727,1.4697428941726685,,1.035263180732727,,,,,,
286,2002,,,1.238890528678894,,0.8041964173316956,0.8041964173316956,,,,
286,2003,,,1.3888025283813477,,0.9540643692016602,0.9540643692016602,,,,
286,2004,,,1.586806058883667,,1.152004599571228,1.152004599571228,,,,
286,2005,,,1.585038423538208,,1.1501914262771606,1.1501914262771606,,,,
286,2006,,,1.807745337486267,,1.372857689857483,1.372857689857483,,,,
286,2007,,,1.3371127843856812,,0.9021750092506409,0.9021750092506409,,,,
286,2008,,,1.0049710273742676,,0.5699793696403503,0.5699793696403503,,,,
,286,,,,,,,,,1.79885995388031,1.79885995388031
286,2008,,,,,,,1.79885995388031,1.79885995388031,,
286,2008,1.0273303985595703,1.4621585607528687,,1.0273303985595703,,,,,,
287,2009,,,1.378441572189331,,0.9433820843696594,0.9433820843696594,,,,
287,2010,,,1.6037706136703491,,1.168661117553711,1.168661117553711,,,,
287,2011,,,2.111337900161743,,1.676176905632019,1.676176905632019,,,,
287,2012,,,1.217276692390442,,0.7820613980293274,0.7820613980293274,,,,
287,2013,,,1.349046230316162,,0.9137913584709167,0.9137913584709167,,,,
287,2014,,,1.215368390083313,,0.7800552845001221,0.7800552845001221,,,,
287,2015,,,1.0797064304351807,,0.6443403959274292,0.6443403959274292,,,,
,287,,,,,,,,,1.750200629234314,1.750200629234314
287,2015,,,,,,,1.750200629234314,1.750200629234314,,
287,2015,1.0205106735229492,1.4557068347930908,,1.0205106735229492,,,,,,
288,2016,,,1.2438380718231201,,0.8084086775779724,0.8084086775779724,,,,
288,2017,,,1.6275346279144287,,1.1920397281646729,1.1920397281646729,,,,
288,2018,,,1.070733666419983,,0.6351988911628723,0.6351988911628723,,,,
288,2019,,,1.403952717781067,,0.968364417552948,0.968364417552948,,,,
288,2020,,,1.3627854585647583,,0.9271461963653564,0.9271461963653564,,,,
288,2021,,,1.7391937971115112,,1.3035063743591309,1.3035063743591309,,,,
288,2022,,,2.1315841674804688,,1.6958374977111816,1.6958374977111816,,,,
,288,,,,,,,,,1.7364426851272583,1.7364426851272583
288,2022,,,,,,,1.7364426851272583,1.7364426851272583,,
288,2022,1.0149966478347778,1.450569748878479,,1.0149966478347778,,,,,,
289,2023,,,1.8569092750549316,,1.4211201667785645,1.4211201667785645,,,,
289,2024,,,0.9368281364440918,,0.5009782314300537,0.5009782314300537,,,,
289,2025,,,1.2995222806930542,,0.8636303544044495,0.8636303544044495,,,,
289,2026,,,1.6562894582748413,,1.2203388214111328,1.2203388214111328,,,,
289,2027,,,1.3558387756347656,,0.9198310375213623,0.9198310375213623,,,,
289,2028,,,1.5169713497161865,,1.0809054374694824,1.0809054374694824,,,,
289,2029,,,1.561367392539978,,1.1252670288085938,1.1252670288085938,,,,
,289,,,,,,,,,1.7266626358032227,1.7266626358032227
289,2029,,,,,,,1.7266626358032227,1.7266626358032227,,
289,2029,1.0084359645843506,1.4443721771240234,,1.0084359645843506,,,,,,
290,2030,,,1.763427734375,,1.3272817134857178,1.3272817134857178,,,,
290,2031,,,1.3400946855545044,,0.9038988947868347,0.9038988947868347,,,,
290,2032,,,1.438063144683838,,1.0018235445022583,1.0018235445022583,,,,
290,2033,,,1.5991560220718384,,1.1628657579421997,1.1628657579421997,,,,
290,2034,,,1.2136305570602417,,0.7772873640060425,0.7772873640060425,,,,
290,2035,,,1.3745214939117432,,0.9381157755851746,0.9381157755851746,,,,
290,2036,,,1.181986689567566,,0.7455491423606873,0.7455491423606873,,,,
,290,,,,,,,,,1.699608325958252,1.699608325958252
290,2036,,,,,,,1.6996084451675415,1.6996084451675415,,
290,2036,1.0024868249893188,1.4387668371200562,,1.0024868249893188,,,,,,
291,2037,,,1.4452252388000488,,1.0087181329727173,1.0087181329727173,,,,
291,2038,,,1.870444416999817,,1.4338901042938232,1.4338901042938232,,,,
291,2039,,,1.4969748258590698,,1.0603591203689575,1.0603591203689575,,,,
291,2040,,,1.4283745288848877,,0.9917128086090088,0.9917128086090088,,,,
291,2041,,,1.0083286762237549,,0.5716106295585632,0.5716106295585632,,,,
291,2042,,,1.3911466598510742,,0.9543944001197815,0.9543944001197815,,,,
291,2043,,,1.3163402080535889,,0.879535973072052,0.879535973072052,,,,
,291,,,,,,,,,1.6840250492095947,1.6840250492095947
291,2043,,,,,,,1.6840250492095947,1.6840250492095947,,
291,2043,0.9961585998535156,1.4328033924102783,,0.9961585998535156,,,,,,
292,2044,,,1.3566741943359375,,0.9197970032691956,0.9197970032691956,,,,
292,2045,,,1.3095403909683228,,0.8726288080215454,0.8726288080215454,,,,
292,2046,,,1.8763318061828613,,1.4393669366836548,1.4393669366836548,,,,
292,2047,,,1.5193361043930054,,1.0823274850845337,1.0823274850845337,,,,
292,2048,,,1.2161657810211182,,0.7791003584861755,0.7791003584861755,,,,
292,2049,,,1.4229528903961182,,0.9858469367027283,0.9858469367027283,,,,
292,2050,,,1.0469293594360352,,0.6097584962844849,0.6097584962844849,,,,
,292,,,,,,,,,1.638145089149475,1.638145089149475
292,2050,,,,,,,1.638145089149475,1.638145089149475,,
292,2050,0.9894474148750305,1.4264469146728516,,0.9894474148750305,,,,,,
293,2051,,,1.4965019226074219,,1.0592604875564575,1.0592604875564575,,,,
293,2052,,,1.0283061265945435,,0.5910073518753052,0.5910073518753052,,,,
293,2053,,,1.7383053302764893,,1.3009576797485352,1.3009576797485352,,,,
293,2054,,,1.476438045501709,,1.0390331745147705,1.0390331745147705,,,,
293,2055,,,1.4604601860046387,,1.0229997634887695,1.0229997634887695,,,,
293,2056,,,1.1313493251800537,,0.6938357949256897,0.6938357949256897,,,,
293,2057,,,1.9315166473388672,,1.4939607381820679,1.4939607381820679,,,,
,293,,,,,,,,,1.629805326461792,1.629805326461792
293,2057,,,,,,,1.629805326461792,1.629805326461792,,
293,2057,0.9831104874610901,1.4204987287521362,,0.9831104874610901,,,,,,
294,2058,,,1.265789270401001,,0.8281848430633545,0.8281848430633545,,,,
294,2059,,,1.8806458711624146,,1.4429905414581299,1.4429905414581299,,,,
294,2060,,,1.3269333839416504,,0.8892245292663574,0.8892245292663574,,,,
294,2061,,,1.2196907997131348,,0.7819414734840393,0.7819414734840393,,,,
294,2062,,,1.156773328781128,,0.7189746499061584,0.7189746499061584,,,,
294,2063,,,1.7110381126403809,,1.273180603981018,1.273180603981018,,,,
294,2064,,,1.2291895151138306,,0.791284441947937,0.791284441947937,,,,
,294,,,,,,,,,1.637635588645935,1.637635588645935
294,2064,,,,,,,1.637635588645935,1.637635588645935,,
294,2064,0.977447509765625,1.4151870012283325,,0.977447509765625,,,,,,
295,2065,,,1.390904426574707,,0.952950656414032,0.952950656414032,,,,
295,2066,,,2.1675233840942383,,1.7295199632644653,1.7295199632644653,,,,
295,2067,,,1.0554168224334717,,0.6173434257507324,0.6173434257507324,,,,
295,2068,,,1.3877229690551758,,0.9496164917945862,0.9496164917945862,,,,
295,2069,,,1.1346714496612549,,0.6965216398239136,0.6965216398239136,,,,
295,2070,,,1.430301308631897,,0.9921030402183533,0.9921030402183533,,,,
295,2071,,,1.0940608978271484,,0.6558165550231934,0.6558165550231934,,,,
,295,,,,,,,,,1.597266435623169,1.597266435623169
295,2071,,,,,,,1.597266435623169,1.597266435623169,,
295,2071,0.9700371026992798,1.4081275463104248,,0.9700371026992798,,,,,,
296,2072,,,1.3962029218673706,,0.957894504070282,0.957894504070282,,,,
296,2073,,,1.0756216049194336,,0.6372512578964233,0.6372512578964233,,,,
296,2074,,,1.794839859008789,,1.3564172983169556,1.3564172983169556,,,,
296,2075,,,1.7206125259399414,,1.2821366786956787,1.2821366786956787,,,,
296,2076,,,1.3245792388916016,,0.8860552310943604,0.8860552310943604,,,,
296,2077,,,1.2887866497039795,,0.8502296805381775,0.8502296805381775,,,,
296,2078,,,0.9048753976821899,,0.4662667214870453,0.4662667214870453,,,,
,296,,,,,,,,,1.5577114820480347,1.5577114820480347
296,2078,,,,,,,1.5577114820480347,1.5577114820480347,,
296,2078,0.9638956189155579,1.402348518371582,,0.9638956189155579,,,,,,
297,2079,,,1.7306729555130005,,1.2920161485671997,1.2920161485671997,,,,
297,2080,,,2.061091661453247,,1.6223762035369873,1.6223762035369873,,,,
297,2081,,,1.2820345163345337,,0.8432715535163879,0.8432715535163879,,,,
297,2082,,,0.9759112596511841,,0.5370987057685852,0.5370987057685852,,,,
297,2083,,,1.1197309494018555,,0.6808647513389587,0.6808647513389587,,,,
297,2084,,,1.0942243337631226,,0.6553181409835815,0.6553181409835815,,,,
297,2085,,,1.6927218437194824,,1.2537662982940674,1.2537662982940674,,,,
,297,,,,,,,,,1.545556902885437,1.545556902885437
297,2085,,,,,,,1.545556902885437,1.545556902885437,,
297,2085,0.957036554813385,1.3958330154418945,,0.957036554813385,,,,,,
298,2086,,,1.6368921995162964,,1.1979008913040161,1.1979008913040161,,,,
298,2087,,,1.8680793046951294,,1.4290357828140259,1.4290357828140259,,,,
298,2088,,,1.3372161388397217,,0.8981204032897949,0.8981204032897949,,,,
298,2089,,,0.9423331618309021,,0.5031881332397461,0.5031881332397461,,,,
298,2090,,,1.085739254951477,,0.6465570330619812,0.6465570330619812,,,,
298,2091,,,1.2423347234725952,,0.8031169176101685,0.8031169176101685,,,,
298,2092,,,1.9766651391983032,,1.5374068021774292,1.5374068021774292,,,,
,298,,,,,,,,,1.4920982122421265,1.4920982122421265
298,2092,,,,,,,1.4920982122421265,1.4920982122421265,,
298,2092,0.9497170448303223,1.3888381719589233,,0.9497170448303223,,,,,,
299,2093,,,1.1066653728485107,,0.6673175692558289,0.6673175692558289,,,,
299,2094,,,1.4684371948242188,,1.0290414094924927,1.0290414094924927,,,,
299,2095,,,1.9684618711471558,,1.529016137123108,1.529016137123108,,,,
299,2096,,,0.9467049837112427,,0.5071967244148254,0.5071967244148254,,,,
299,2097,,,1.1364529132843018,,0.6969013810157776,0.6969013810157776,,,,
299,2098,,,1.2305587530136108,,0.7909719347953796,0.7909719347953796,,,,
299,2099,,,2.563979148864746,,2.1243369579315186,2.1243369579315186,,,,
,299,,,,,,,,,1.5152006149291992,1.5152006149291992
299,2099,,,,,,,1.5152006149291992,1.5152006149291992,,
299,2099,0.9438543915748596,1.3833370208740234,,0.9438543915748596,,,,,,
300,2100,,,1.2598901987075806,,0.8201908469200134,0.8201908469200134,,,,
300,2101,,,1.2774879932403564,,0.8377391695976257,0.8377391695976257,,,,
300,2102,,,1.1219892501831055,,0.6821870803833008,0.6821870803833008,,,,
300,2103,,,1.5083309412002563,,1.068477988243103,1.068477988243103,,,,
300,2104,,,1.4099713563919067,,0.9700747132301331,0.9700747132301331,,,,
300,2105,,,1.5997345447540283,,1.159780502319336,1.159780502319336,,,,
300,2106,,,1.5610390901565552,,1.1210362911224365,1.1210362911224365,,,,
,300,,,,,,,,,1.5575146675109863,1.5575146675109863
300,2106,,,,,,,1.5575147867202759,1.5575147867202759,,
300,2106,0.9347198605537415,1.3745559453964233,,0.9347198605537415,,,,,,
301,2107,,,1.5325725078582764,,1.0925415754318237,1.0925415754318237,,,,
301,2108,,,1.2541131973266602,,0.8140456676483154,0.8140456676483154,,,,
301,2109,,,1.209670066833496,,0.7695490717887878,0.7695490717887878,,,,
301,2110,,,1.2466936111450195,,0.8065310120582581,0.8065310120582581,,,,
301,2111,,,1.526929497718811,,1.0867111682891846,1.0867111682891846,,,,
301,2112,,,1.6239616870880127,,1.1836988925933838,1.1836988925933838,,,,
301,2113,,,0.9190678000450134,,0.47875529527664185,0.47875529527664185,,,,
,301,,,,,,,,,1.5595601797103882,1.5595601797103882
301,2113,,,,,,,1.5595601797103882,1.5595601797103882,,
301,2113,0.9306055903434753,1.37075936794281,,0.9306055903434753,,,,,,
302,2114,,,0.8802803158760071,,0.43991991877555847,0.43991991877555847,,,,
302,2115,,,1.9104104042053223,,1.4700075387954712,1.4700075387954712,,,,
302,2116,,,1.2762584686279297,,0.8358057737350464,0.8358057737350464,,,,
302,2117,,,1.424621343612671,,0.9841296076774597,0.9841296076774597,,,,
302,2118,,,1.370671033859253,,0.930131196975708,0.930131196975708,,,,
302,2119,,,1.0873863697052002,,0.6467903256416321,0.6467903256416321,,,,
302,2120,,,2.011160135269165,,1.570501685142517,1.570501685142517,,,,
,302,,,,,,,,,1.543188452720642,1.543188452720642
302,2120,,,,,,,1.543188452720642,1.543188452720642,,
302,2120,0.92481929063797,1.3653039932250977,,0.92481929063797,,,,,,
303,2121,,,1.2597318887710571,,0.8190640807151794,0.8190640807151794,,,,
303,2122,,,1.9519970417022705,,1.511292815208435,1.511292815208435,,,,
303,2123,,,1.301725149154663,,0.8609799742698669,0.8609799742698669,,,,
303,2124,,,1.135487675666809,,0.6946922540664673,0.6946922540664673,,,,
303,2125,,,1.1693553924560547,,0.7285083532333374,0.7285083532333374,,,,
303,2126,,,1.302396535873413,,0.8614938259124756,0.8614938259124756,,,,
303,2127,,,1.4393047094345093,,0.9983618259429932,0.9983618259429932,,,,
,303,,,,,,,,,1.5210514068603516,1.5210514068603516
303,2127,,,,,,,1.5210514068603516,1.5210514068603516,,
303,2127,0.9177125096321106,1.3584994077682495,,0.9177125096321106,,,,,,
304,2128,,,1.3113937377929688,,0.8704185485839844,0.8704185485839844,,,,
304,2129,,,1.4469895362854004,,1.0059810876846313,1.0059810876846313,,,,
304,2130,,,0.9648745656013489,,0.5238403677940369,0.5238403677940369,,,,
304,2131,,,1.7990353107452393,,1.3579620122909546,1.3579620122909546,,,,
304,2132,,,1.365841031074524,,0.9247115850448608,0.9247115850448608,,,,
304,2133,,,1.3882029056549072,,0.9470257759094238,0.9470257759094238,,,,
304,2134,,,0.9424006342887878,,0.5011646151542664,0.5011646151542664,,,,
,304,,,,,,,,,1.4980021715164185,1.4980021715164185
304,2134,,,,,,,1.4980021715164185,1.4980021715164185,,
304,2134,0.9126080274581909,1.3536841869354248,,0.9126080274581909,,,,,,
305,2135,,,1.3206058740615845,,0.8793205618858337,0.8793205618858337,,,,
305,2136,,,1.4223265647888184,,0.9809858202934265,0.9809858202934265,,,,
305,2137,,,1.111414909362793,,0.6700258851051331,0.6700258851051331,,,,
305,2138,,,1.6008820533752441,,1.1594380140304565,1.1594380140304565,,,,
305,2139,,,1.5545940399169922,,1.113106608390808,1.113106608390808,,,,
305,2140,,,1.088246464729309,,0.6467152833938599,0.6467152833938599,,,,
305,2141,,,1.3353948593139648,,0.8938314914703369,0.8938314914703369,,,,
,305,,,,,,,,,1.4516942501068115,1.4516942501068115
305,2141,,,,,,,1.4516942501068115,1.4516942501068115,,
305,2141,0.9074163436889648,1.348838210105896,,0.9074163436889648,,,,,,
306,2142,,,0.9673726558685303,,0.5257471203804016,0.5257471203804016,,,,
306,2143,,,1.2399437427520752,,0.7982646822929382,0.7982646822929382,,,,
306,2144,,,1.6446728706359863,,1.2029415369033813,1.2029415369033813,,,,
306,2145,,,1.2320187091827393,,0.7902395129203796,0.7902395129203796,,,,
306,2146,,,1.9474517107009888,,1.5056341886520386,1.5056341886520386,,,,
306,2147,,,1.1600350141525269,,0.718162477016449,0.718162477016449,,,,
306,2148,,,0.9942451119422913,,0.5523328185081482,0.5523328185081482,,,,
,306,,,,,,,,,1.4283185005187988,1.4283185005187988
306,2148,,,,,,,1.4283186197280884,1.4283186197280884,,
306,2148,0.9016649723052979,1.3434253931045532,,0.9016649723052979,,,,,,
307,2149,,,1.4137910604476929,,0.9718419313430786,0.9718419313430786,,,,
307,2150,,,1.5016865730285645,,1.0596821308135986,1.0596821308135986,,,,
307,2151,,,1.146593689918518,,0.7045260071754456,0.7045260071754456,,,,
307,2152,,,1.1091880798339844,,0.6670770645141602,0.6670770645141602,,,,
307,2153,,,1.8496276140213013,,1.4074777364730835,1.4074777364730835,,,,
307,2154,,,1.1323819160461426,,0.6902013421058655,0.6902013421058655,,,,
307,2155,,,1.004103660583496,,0.5618805289268494,0.5618805289268494,,,,
,307,,,,,,,,,1.4064606428146362,1.4064606428146362
307,2155,,,,,,,1.4064606428146362,1.4064606428146362,,
307,2155,0.895923376083374,1.3380091190338135,,0.895923376083374,,,,,,
308,2156,,,1.1593018770217896,,0.7170277237892151,0.7170277237892151,,,,
308,2157,,,1.8007218837738037,,1.3584080934524536,1.3584080934524536,,,,
308,2158,,,1.1098155975341797,,0.6674714088439941,0.6674714088439941,,,,
308,2159,,,1.4266756772994995,,0.9842687249183655,0.9842687249183655,,,,
308,2160,,,1.4504071474075317,,1.007934808731079,1.007934808731079,,,,
308,2161,,,0.9690713882446289,,0.5265560150146484,0.5265560150146484,,,,
308,2162,,,1.5484477281570435,,1.1058989763259888,1.1058989763259888,,,,
,308,,,,,,,,,1.4089508056640625,1.4089508056640625
308,2162,,,,,,,1.4089508056640625,1.4089508056640625,,
308,2162,0.8904123306274414,1.332809567451477,,0.8904123306274414,,,,,,
309,2163,,,1.3266010284423828,,0.8840146660804749,0.8840146660804749,,,,
309,2164,,,1.4010065793991089,,0.9583706855773926,0.9583706855773926,,,,
309,2165,,,1.4127360582351685,,0.9700690507888794,0.9700690507888794,,,,
309,2166,,,1.1534507274627686,,0.7107333540916443,0.7107333540916443,,,,
309,2167,,,1.447796106338501,,1.0050348043441772,1.0050348043441772,,,,
309,2168,,,1.393656849861145,,0.9508419036865234,0.9508419036865234,,,,
309,2169,,,0.8738881349563599,,0.43103229999542236,0.43103229999542236,,,,
,309,,,,,,,,,1.4013139009475708,1.4013139009475708
309,2169,,,,,,,1.4013139009475708,1.4013139009475708,,
309,2169,0.8848159909248352,1.3275223970413208,,0.8848159909248352,,,,,,
310,2170,,,0.9571447968482971,,0.5142551064491272,0.5142551064491272,,,,
310,2171,,,1.0289764404296875,,0.5860440731048584,0.5860440731048584,,,,
310,2172,,,1.5814073085784912,,1.138426661491394,1.138426661491394,,,,
310,2173,,,1.4478837251663208,,1.0048612356185913,1.0048612356185913,,,,
310,2174,,,1.6815353631973267,,1.2384741306304932,1.2384741306304932,,,,
310,2175,,,1.4503021240234375,,1.0071935653686523,1.0071935653686523,,,,
310,2176,,,0.7789707779884338,,0.33581480383872986,0.33581480383872986,,,,
,310,,,,,,,,,1.4021546840667725,1.4021546840667725
310,2176,,,,,,,1.4021546840667725,1.4021546840667725,,
310,2176,0.8808134198188782,1.3238216638565063,,0.8808134198188782,,,,,,
311,2177,,,1.2419384717941284,,0.7987485527992249,0.7987485527992249,,,,
311,2178,,,1.4085679054260254,,0.9653341174125671,0.9653341174125671,,,,
311,2179,,,1.260017991065979,,0.8167467713356018,0.8167467713356018,,,,
311,2180,,,1.2675511837005615,,0.824248194694519,0.824248194694519,,,,
311,2181,,,1.4887219667434692,,1.0453815460205078,1.0453815460205078,,,,
311,2182,,,1.1672521829605103,,0.7238721251487732,0.7238721251487732,,,,
311,2183,,,1.5643565654754639,,1.1209052801132202,1.1209052801132202,,,,
,311,,,,,,,,,1.417441487312317,1.417441487312317
311,2183,,,,,,,1.417441487312317,1.417441487312317,,
311,2183,0.8775954246520996,1.3208913803100586,,0.8775954246520996,,,,,,
312,2184,,,1.006737470626831,,0.5632519125938416,0.5632519125938416,,,,
312,2185,,,1.289474606513977,,0.8459484577178955,0.8459484577178955,,,,
312,2186,,,1.7833622694015503,,1.339807152748108,1.339807152748108,,,,
312,2187,,,1.3898541927337646,,0.9462577104568481,0.9462577104568481,,,,
312,2188,,,1.267252802848816,,0.8236098885536194,0.8236098885536194,,,,
312,2189,,,1.314469337463379,,0.8707708716392517,0.8707708716392517,,,,
312,2190,,,0.8553084135055542,,0.4115596115589142,0.4115596115589142,,,,
,312,,,,,,,,,1.392370581626892,1.392370581626892
312,2190,,,,,,,1.392370581626892,1.392370581626892,,
312,2190,0.8696441054344177,1.3132379055023193,,0.8696441054344177,,,,,,
313,2191,,,1.3139064311981201,,0.8701215386390686,0.8701215386390686,,,,
313,2192,,,0.7983332872390747,,0.3544875681400299,0.3544875681400299,,,,
313,2193,,,1.2946085929870605,,0.8507339954376221,0.8507339954376221,,,,
313,2194,,,1.2456928491592407,,0.801777720451355,0.801777720451355,,,,
313,2195,,,1.1651033163070679,,0.721147358417511,0.721147358417511,,,,
313,2196,,,1.703308343887329,,1.259308099746704,1.259308099746704,,,,
313,2197,,,2.1809372901916504,,1.7368735074996948,1.7368735074996948,,,,
,313,,,,,,,,,1.3656102418899536,1.3656102418899536
313,2197,,,,,,,1.3656102418899536,1.3656102418899536,,
313,2197,0.8641418218612671,1.3080477714538574,,0.8641418218612671,,,,,,
314,2198,,,0.8838643431663513,,0.43979689478874207,0.43979689478874207,,,,
314,2199,,,1.5221384763717651,,1.078025460243225,1.078025460243225,,,,
314,2200,,,2.011963129043579,,1.5677975416183472,1.5677975416183472,,,,
314,2201,,,1.1900246143341064,,0.7458258867263794,0.7458258867263794,,,,
314,2202,,,1.295216679573059,,0.8509929180145264,0.8509929180145264,,,,
314,2203,,,1.0258296728134155,,0.5815606117248535,0.5815606117248535,,,,
314,2204,,,1.0358108282089233,,0.5914955735206604,0.5914955735206604,,,,
,314,,,,,,,,,1.3422694206237793,1.3422694206237793
314,2204,,,,,,,1.3422693014144897,1.3422693014144897,,
314,2204,0.8605192303657532,1.304700493812561,,0.8605192303657532,,,,,,
315,2205,,,0.927497386932373,,0.48313796520233154,0.48313796520233154,,,,
315,2206,,,1.2548612356185913,,0.8104650378227234,0.8104650378227234,,,,
315,2207,,,1.2748267650604248,,0.8303787708282471,0.8303787708282471,,,,
315,2208,,,1.4918115139007568,,1.0473324060440063,1.0473324060440063,,,,
315,2209,,,1.4025685787200928,,0.9580457806587219,0.9580457806587219,,,,
315,2210,,,1.6618798971176147,,1.2173012495040894,1.2173012495040894,,,,
315,2211,,,0.7172256708145142,,0.272602915763855,0.272602915763855,,,,
,315,,,,,,,,,1.337517499923706,1.337517499923706
315,2211,,,,,,,1.337517499923706,1.337517499923706,,
315,2211,0.8547275066375732,1.2992007732391357,,0.8547275066375732,,,,,,
316,2212,,,1.2536957263946533,,0.8090538382530212,0.8090538382530212,,,,
316,2213,,,0.9376473426818848,,0.4929494857788086,0.4929494857788086,,,,
316,2214,,,1.1760870218276978,,0.7313611507415771,0.7313611507415771,,,,
316,2215,,,1.7141307592391968,,1.2693613767623901,1.2693613767623901,,,,
316,2216,,,1.4194304943084717,,0.9746300578117371,0.9746300578117371,,,,
316,2217,,,1.2082490921020508,,0.7634192705154419,0.7634192705154419,,,,
316,2218,,,1.458662748336792,,1.0137869119644165,1.0137869119644165,,,,
,316,,,,,,,,,1.3185569047927856,1.3185569047927856
316,2218,,,,,,,1.3185569047927856,1.3185569047927856,,
316,2218,0.8503443598747253,1.2950962781906128,,0.8503443598747253,,,,,,
317,2219,,,1.363385558128357,,0.9184356331825256,0.9184356331825256,,,,
317,2220,,,1.4920589923858643,,1.0470541715621948,1.0470541715621948,,,,
317,2221,,,0.8782188892364502,,0.43316125869750977,0.43316125869750977,,,,
317,2222,,,1.7291843891143799,,1.2840957641601562,1.2840957641601562,,,,
317,2223,,,1.2223491668701172,,0.7772178649902344,0.7772178649902344,,,,
317,2224,,,1.1814377307891846,,0.7362651228904724,0.7362651228904724,,,,
317,2225,,,0.9553819298744202,,0.5101658701896667,0.5101658701896667,,,,
,317,,,,,,,,,1.2888492345809937,1.2888492345809937
317,2225,,,,,,,1.2888492345809937,1.2888492345809937,,
317,2225,0.8451046943664551,1.2901806831359863,,0.8451046943664551,,,,,,
318,2226,,,0.968100368976593,,0.522839367389679,0.522839367389679,,,,
318,2227,,,0.9624632596969604,,0.517162561416626,0.517162561416626,,,,
318,2228,,,1.2251245975494385,,0.7797821760177612,0.7797821760177612,,,,
318,2229,,,1.3026278018951416,,0.8572524785995483,0.8572524785995483,,,,
318,2230,,,1.513849139213562,,1.068434476852417,1.068434476852417,,,,
318,2231,,,1.651850700378418,,1.2063875198364258,1.2063875198364258,,,,
318,2232,,,1.5484654903411865,,1.1029434204101562,1.1029434204101562,,,,
,318,,,,,,,,,1.2923389673233032,1.2923389673233032
318,2232,,,,,,,1.2923389673233032,1.2923389673233032,,
318,2232,0.8416411280632019,1.2870101928710938,,0.8416411280632019,,,,,,
319,2233,,,0.9569142460823059,,0.5113676190376282,0.5113676190376282,,,,
319,2234,,,1.4509673118591309,,1.0053718090057373,1.0053718090057373,,,,
319,2235,,,0.8183118104934692,,0.3726925253868103,0.3726925253868103,,,,
319,2236,,,1.3930943012237549,,0.9474374055862427,0.9474374055862427,,,,
319,2237,,,1.6241838932037354,,1.1784868240356445,1.1784868240356445,,,,
319,2238,,,1.4930258989334106,,1.0472712516784668,1.0472712516784668,,,,
319,2239,,,1.1645920276641846,,0.718795657157898,0.718795657157898,,,,
,319,,,,,,,,,1.2859734296798706,1.2859734296798706
319,2239,,,,,,,1.2859734296798706,1.2859734296798706,,
319,2239,0.8364197015762329,1.2820734977722168,,0.8364197015762329,,,,,,
320,2240,,,1.0184118747711182,,0.572579562664032,0.572579562664032,,,,
320,2241,,,2.0090725421905518,,1.5631942749023438,1.5631942749023438,,,,
320,2242,,,1.240192174911499,,0.7942765951156616,0.7942765951156616,,,,
320,2243,,,0.8308758735656738,,0.38493120670318604,0.38493120670318604,,,,
320,2244,,,1.3455355167388916,,0.8995649814605713,0.8995649814605713,,,,
320,2245,,,1.197658658027649,,0.7516379952430725,0.7516379952430725,,,,
320,2246,,,1.3256416320800781,,0.8795770406723022,0.8795770406723022,,,,
,320,,,,,,,,,1.2875397205352783,1.2875397205352783
320,2246,,,,,,,1.2875397205352783,1.2875397205352783,,
320,2246,0.8307490348815918,1.276684284210205,,0.8307490348815918,,,,,,
321,2247,,,1.2809791564941406,,0.8348411917686462,0.8348411917686462,,,,
321,2248,,,0.9815375804901123,,0.5353647470474243,0.5353647470474243,,,,
321,2249,,,1.7529795169830322,,1.3067570924758911,1.3067570924758911,,,,
321,2250,,,1.2885844707489014,,0.842319667339325,0.842319667339325,,,,
321,2251,,,1.221461296081543,,0.7751514315605164,0.7751514315605164,,,,
321,2252,,,1.1558361053466797,,0.7095043659210205,0.7095043659210205,,,,
321,2253,,,1.1676223278045654,,0.7212335467338562,0.7212335467338562,,,,
,321,,,,,,,,,1.2676621675491333,1.2676621675491333
321,2253,,,,,,,1.2676621675491333,1.2676621675491333,,
321,2253,0.8273570537567139,1.2736058235168457,,0.8273570537567139,,,,,,
322,2254,,,1.1096731424331665,,0.6632167100906372,0.6632167100906372,,,,
322,2255,,,1.2569361925125122,,0.8104398846626282,0.8104398846626282,,,,
322,2256,,,1.2055563926696777,,0.7590206265449524,0.7590206265449524,,,,
322,2257,,,1.5555975437164307,,1.1090128421783447,1.1090128421783447,,,,
322,2258,,,1.4678449630737305,,1.0212198495864868,1.0212198495864868,,,,
322,2259,,,1.0782029628753662,,0.6315338015556335,0.6315338015556335,,,,
322,2260,,,1.0958738327026367,,0.6491473913192749,0.6491473913192749,,,,
,322,,,,,,,,,1.2554304599761963,1.2554304599761963
322,2260,,,,,,,1.2554304599761963,1.2554304599761963,,
322,2260,0.8216271996498108,1.2681982517242432,,0.8216271996498108,,,,,,
323,2261,,,0.937520444393158,,0.4907674491405487,0.4907674491405487,,,,
323,2262,,,1.481986403465271,,1.0351884365081787,1.0351884365081787,,,,
323,2263,,,1.7726417779922485,,1.3257983922958374,1.3257983922958374,,,,
323,2264,,,1.243759036064148,,0.796875536441803,0.796875536441803,,,,
323,2265,,,1.133065938949585,,0.6861453056335449,0.6861453056335449,,,,
323,2266,,,1.1646493673324585,,0.7176767587661743,0.7176767587661743,,,,
323,2267,,,0.8651827573776245,,0.4181731343269348,0.4181731343269348,,,,
,323,,,,,,,,,1.2502086162567139,1.2502086162567139
323,2267,,,,,,,1.2502086162567139,1.2502086162567139,,
323,2267,0.8171398639678955,1.2640104293823242,,0.8171398639678955,,,,,,
324,2268,,,1.1311477422714233,,0.6841040849685669,0.6841040849685669,,,,
324,2269,,,1.2513673305511475,,0.8042730689048767,0.8042730689048767,,,,
324,2270,,,0.9242740869522095,,0.47713446617126465,0.47713446617126465,,,,
324,2271,,,1.5692521333694458,,1.1220883131027222,1.1220883131027222,,,,
324,2272,,,1.3171223402023315,,0.8699268102645874,0.8699268102645874,,,,
324,2273,,,1.4733405113220215,,1.0260915756225586,1.0260915756225586,,,,
324,2274,,,0.965175211429596,,0.5178925395011902,0.5178925395011902,,,,
,324,,,,,,,,,1.2169902324676514,1.2169902324676514
324,2274,,,,,,,1.2169902324676514,1.2169902324676514,,
324,2274,0.8122082948684692,1.2593637704849243,,0.8122082948684692,,,,,,
325,2275,,,1.2306761741638184,,0.7833373546600342,0.7833373546600342,,,,
325,2276,,,0.9126970767974854,,0.4653104245662689,0.4653104245662689,,,,
325,2277,,,1.3699305057525635,,0.9225186705589294,0.9225186705589294,,,,
325,2278,,,1.0260813236236572,,0.5786271095275879,0.5786271095275879,,,,
325,2279,,,1.5814566612243652,,1.1339644193649292,1.1339644193649292,,,,
325,2280,,,1.3711481094360352,,0.9236043095588684,0.9236043095588684,,,,
325,2281,,,1.3661028146743774,,0.9185174107551575,0.9185174107551575,,,,
,325,,,,,,,,,1.1970371007919312,1.1970371007919312
325,2281,,,,,,,1.1970371007919312,1.1970371007919312,,
325,2281,0.8081265687942505,1.255573034286499,,0.8081265687942505,,,,,,
326,2282,,,1.3377723693847656,,0.8901458382606506,0.8901458382606506,,,,
326,2283,,,1.3484747409820557,,0.9008106589317322,0.9008106589317322,,,,
326,2284,,,1.2387471199035645,,0.7910520434379578,0.7910520434379578,,,,
326,2285,,,1.0898727178573608,,0.6421388387680054,0.6421388387680054,,,,
326,2286,,,1.0322957038879395,,0.5845149159431458,0.5845149159431458,,,,
326,2287,,,1.420778751373291,,0.9729582667350769,0.9729582667350769,,,,
326,2288,,,1.3468725681304932,,0.8990124464035034,0.8990124464035034,,,,
,326,,,,,,,,,1.181586503982544,1.181586503982544
326,2288,,,,,,,1.181586503982544,1.181586503982544,,
326,2288,0.8029412031173706,1.2506695985794067,,0.8029412031173706,,,,,,
327,2289,,,1.0986727476119995,,0.650753378868103,0.650753378868103,,,,
327,2290,,,1.2972052097320557,,0.8492407202720642,0.8492407202720642,,,,
327,2291,,,0.9335325360298157,,0.48553502559661865,0.48553502559661865,,,,
327,2292,,,1.1901440620422363,,0.7420976161956787,0.7420976161956787,,,,
327,2293,,,1.2771791219711304,,0.829087495803833,0.829087495803833,,,,
327,2294,,,1.3565536737442017,,0.9084204435348511,0.9084204435348511,,,,
327,2295,,,2.1160202026367188,,1.6678388118743896,1.6678388118743896,,,,
,327,,,,,,,,,1.1665383577346802,1.1665383577346802
327,2295,,,,,,,1.1665383577346802,1.1665383577346802,,
327,2295,0.7985214591026306,1.246556043624878,,0.7985214591026306,,,,,,
328,2296,,,0.9704029560089111,,0.5222107172012329,0.5222107172012329,,,,
328,2297,,,1.3077497482299805,,0.8595192432403564,0.8595192432403564,,,,
328,2298,,,1.4661215543746948,,1.0178487300872803,1.0178487300872803,,,,
328,2299,,,1.2847498655319214,,0.8364415764808655,0.8364415764808655,,,,
328,2300,,,1.343960165977478,,0.8956165909767151,0.8956165909767151,,,,
328,2301,,,1.2611262798309326,,0.8127397298812866,0.8127397298812866,,,,
328,2302,,,0.7753099203109741,,0.32688456773757935,0.32688456773757935,,,,
,328,,,,,,,,,1.152863621711731,1.152863621711731
328,2302,,,,,,,1.152863621711731,1.152863621711731,,
328,2302,0.7948169112205505,1.2431139945983887,,0.7948169112205505,,,,,,
329,2303,,,0.8503586053848267,,0.4019014537334442,0.4019014537334442,,,,
329,2304,,,1.3050737380981445,,0.8565929532051086,0.8565929532051086,,,,
329,2305,,,1.105187177658081,,0.6566606760025024,0.6566606760025024,,,,
329,2306,,,1.3939392566680908,,0.9453676342964172,0.9453676342964172,,,,
329,2307,,,0.9369352459907532,,0.4883120656013489,0.4883120656013489,,,,
329,2308,,,1.9746999740600586,,1.5260469913482666,1.5260469913482666,,,,
329,2309,,,0.8763236403465271,,0.42763659358024597,0.42763659358024597,,,,
,329,,,,,,,,,1.1391700506210327,1.1391700506210327
329,2309,,,,,,,1.1391700506210327,1.1391700506210327,,
329,2309,0.789842426776886,1.2384023666381836,,0.789842426776886,,,,,,
330,2310,,,1.3383045196533203,,0.8895795345306396,0.8895795345306396,,,,
330,2311,,,0.8416131734848022,,0.39285367727279663,0.39285367727279663,,,,
330,2312,,,1.731787919998169,,1.2830016613006592,1.2830016613006592,,,,
330,2313,,,1.2066856622695923,,0.7578729391098022,0.7578729391098022,,,,
330,2314,,,0.8944729566574097,,0.44562283158302307,0.44562283158302307,,,,
330,2315,,,1.313521146774292,,0.8646295070648193,0.8646295070648193,,,,
330,2316,,,1.450969934463501,,1.0020277500152588,1.0020277500152588,,,,
,330,,,,,,,,,1.1321569681167603,1.1321569681167603
330,2316,,,,,,,1.1321569681167603,1.1321569681167603,,
330,2316,0.7857757806777954,1.2345881462097168,,0.7857757806777954,,,,,,
331,2317,,,1.0546753406524658,,0.6056836247444153,0.6056836247444153,,,,
331,2318,,,1.2548002004623413,,0.8057627081871033,0.8057627081871033,,,,
331,2319,,,1.033116102218628,,0.5840345025062561,0.5840345025062561,,,,
331,2320,,,0.9342836141586304,,0.4851580858230591,0.4851580858230591,,,,
331,2321,,,1.7351524829864502,,1.285982608795166,1.285982608795166,,,,
331,2322,,,1.3112168312072754,,0.8620114922523499,0.8620114922523499,,,,
331,2323,,,1.3881973028182983,,0.9389557838439941,0.9389557838439941,,,,
,331,,,,,,,,,1.1323901414871216,1.1323901414871216
331,2323,,,,,,,1.1323901414871216,1.1323901414871216,,
331,2323,0.7812927961349487,1.230402946472168,,0.7812927961349487,,,,,,
332,2324,,,1.4771325588226318,,1.027872085571289,1.027872085571289,,,,
332,2325,,,1.2058535814285278,,0.7565703392028809,0.7565703392028809,,,,
332,2326,,,1.3074485063552856,,0.8581268787384033,0.8581268787384033,,,,
332,2327,,,1.3701930046081543,,0.9208264946937561,0.9208264946937561,,,,
332,2328,,,0.8709211349487305,,0.4215065836906433,0.4215065836906433,,,,
332,2329,,,1.2857722043991089,,0.8363229036331177,0.8363229036331177,,,,
332,2330,,,0.7846893072128296,,0.33519989252090454,0.33519989252090454,,,,
,332,,,,,,,,,1.1419726610183716,1.1419726610183716
332,2330,,,,,,,1.1419726610183716,1.1419726610183716,,
332,2330,0.7759882807731628,1.2253458499908447,,0.7759882807731628,,,,,,
333,2331,,,1.6143383979797363,,1.1648277044296265,1.1648277044296265,,,,
333,2332,,,1.0055623054504395,,0.5560183525085449,0.5560183525085449,,,,
333,2333,,,1.2672886848449707,,0.8177088499069214,0.8177088499069214,,,,
333,2334,,,1.0556073188781738,,0.6059943437576294,0.6059943437576294,,,,
333,2335,,,1.19351065158844,,0.7438414692878723,0.7438414692878723,,,,
333,2336,,,1.2927155494689941,,0.8430124521255493,0.8430124521255493,,,,
333,2337,,,0.9495525360107422,,0.4998243749141693,0.4998243749141693,,,,
,333,,,,,,,,,1.1442112922668457,1.1442112922668457
333,2337,,,,,,,1.1442114114761353,1.1442114114761353,,
333,2337,0.7715823650360107,1.2211929559707642,,0.7715823650360107,,,,,,
334,2338,,,1.0730299949645996,,0.6232539415359497,0.6232539415359497,,,,
334,2339,,,1.2622936964035034,,0.8124714493751526,0.8124714493751526,,,,
334,2340,,,1.1713582277297974,,0.7215127944946289,0.7215127944946289,,,,
334,2341,,,1.375043272972107,,0.9251678586006165,0.9251678586006165,,,,
334,2342,,,1.0129656791687012,,0.5630463361740112,0.5630463361740112,,,,
334,2343,,,1.1881210803985596,,0.7381636500358582,0.7381636500358582,,,,
334,2344,,,1.7838891744613647,,1.333885908126831,1.333885908126831,,,,
,334,,,,,,,,,1.1486730575561523,1.1486730575561523
334,2344,,,,,,,1.1486730575561523,1.1486730575561523,,
334,2344,0.766089916229248,1.2159640789031982,,0.766089916229248,,,,,,
335,2345,,,1.1917965412139893,,0.7417598366737366,0.7417598366737366,,,,
335,2346,,,1.2619975805282593,,0.8119208216667175,0.8119208216667175,,,,
335,2347,,,1.20878005027771,,0.7586700916290283,0.7586700916290283,,,,
335,2348,,,1.0285841226577759,,0.5784305930137634,0.5784305930137634,,,,
335,2349,,,0.9108979105949402,,0.46069765090942383,0.46069765090942383,,,,
335,2350,,,1.756575107574463,,1.3063321113586426,1.3063321113586426,,,,
335,2351,,,0.981036365032196,,0.5307723879814148,0.5307723879814148,,,,
,335,,,,,,,,,1.1281404495239258,1.1281404495239258
335,2351,,,,,,,1.1281404495239258,1.1281404495239258,,
335,2351,0.7618589401245117,1.2120031118392944,,0.7618589401245117,,,,,,
336,2352,,,0.880893349647522,,0.4305833876132965,0.4305833876132965,,,,
336,2353,,,1.1827216148376465,,0.7323681712150574,0.7323681712150574,,,,
336,2354,,,1.2115225791931152,,0.761130154132843,0.761130154132843,,,,
336,2355,,,1.8675215244293213,,1.4170973300933838,1.4170973300933838,,,,
336,2356,,,1.0716828107833862,,0.6212294697761536,0.6212294697761536,,,,
336,2357,,,1.1077511310577393,,0.6572589874267578,0.6572589874267578,,,,
336,2358,,,1.0154798030853271,,0.564950704574585,0.564950704574585,,,,
,336,,,,,,,,,1.0916436910629272,1.0916436910629272
336,2358,,,,,,,1.0916436910629272,1.0916436910629272,,
336,2358,0.7578861117362976,1.2082977294921875,,0.7578861117362976,,,,,,
337,2359,,,1.2844083309173584,,0.8338201642036438,0.8338201642036438,,,,
337,2360,,,1.1514121294021606,,0.7007837295532227,0.7007837295532227,,,,
337,2361,,,1.7175209522247314,,1.2668392658233643,1.2668392658233643,,,,
337,2362,,,1.032733678817749,,0.5820222496986389,0.5820222496986389,,,,
337,2363,,,0.9823782444000244,,0.5316377878189087,0.5316377878189087,,,,
337,2364,,,1.1279531717300415,,0.6771681308746338,0.6771681308746338,,,,
337,2365,,,1.0076277256011963,,0.5568040013313293,0.5568040013313293,,,,
,337,,,,,,,,,1.0737890005111694,1.0737890005111694
337,2365,,,,,,,1.0737890005111694,1.0737890005111694,,
337,2365,0.753109335899353,1.2038065195083618,,0.753109335899353,,,,,,
338,2366,,,1.3406767845153809,,0.8898190855979919,0.8898190855979919,,,,
338,2367,,,1.5064536333084106,,1.0555555820465088,1.0555555820465088,,,,
338,2368,,,0.8848016262054443,,0.4338551461696625,0.4338551461696625,,,,
338,2369,,,1.1787238121032715,,0.7277247309684753,0.7277247309684753,,,,
338,2370,,,0.9161324501037598,,0.4650968611240387,0.4650968611240387,,,,
338,2371,,,1.3335832357406616,,0.8825091123580933,0.8825091123580933,,,,
338,2372,,,1.3150990009307861,,0.8640006184577942,0.8640006184577942,,,,
,338,,,,,,,,,1.0858280658721924,1.0858280658721924
338,2372,,,,,,,1.0858280658721924,1.0858280658721924,,
338,2372,0.7495782375335693,1.200554370880127,,0.7495782375335693,,,,,,
339,2373,,,0.8049851655960083,,0.35387012362480164,0.35387012362480164,,,,
339,2374,,,1.4755504131317139,,1.024416208267212,1.024416208267212,,,,
339,2375,,,1.1655912399291992,,0.7144298553466797,0.7144298553466797,,,,
339,2376,,,1.6111605167388916,,1.1599643230438232,1.1599643230438232,,,,
339,2377,,,1.2562966346740723,,0.805057942867279,0.805057942867279,,,,
339,2378,,,0.9242446422576904,,0.4729650318622589,0.4729650318622589,,,,
339,2379,,,1.032598853111267,,0.5812782049179077,0.5812782049179077,,,,
,339,,,,,,,,,1.0865147113800049,1.0865147113800049
339,2379,,,,,,,1.0865147113800049,1.0865147113800049,,
339,2379,0.7448914647102356,1.1960867643356323,,0.7448914647102356,,,,,,
340,2380,,,1.0380268096923828,,0.5866758227348328,0.5866758227348328,,,,
340,2381,,,1.2543543577194214,,0.8029561638832092,0.8029561638832092,,,,
340,2382,,,0.8804839849472046,,0.42904162406921387,0.42904162406921387,,,,
340,2383,,,0.858856737613678,,0.4073847234249115,0.4073847234249115,,,,
340,2384,,,1.7455065250396729,,1.2939951419830322,1.2939951419830322,,,,
340,2385,,,1.4860111474990845,,1.0344500541687012,1.0344500541687012,,,,
340,2386,,,0.9201736450195312,,0.46860310435295105,0.46860310435295105,,,,
,340,,,,,,,,,1.0690791606903076,1.0690791606903076
340,2386,,,,,,,1.0690791606903076,1.0690791606903076,,
340,2386,0.7419967651367188,1.1934595108032227,,0.7419967651367188,,,,,,
341,2387,,,1.5927618741989136,,1.1411508321762085,1.1411508321762085,,,,
341,2388,,,1.1319308280944824,,0.6802789568901062,0.6802789568901062,,,,
341,2389,,,0.993012547492981,,0.5413203239440918,0.5413203239440918,,,,
341,2390,,,1.0858054161071777,,0.6340695023536682,0.6340695023536682,,,,
341,2391,,,1.3863937854766846,,0.9346263408660889,0.9346263408660889,,,,
341,2392,,,1.0419262647628784,,0.5901215672492981,0.5901215672492981,,,,
341,2393,,,0.9289324879646301,,0.47709542512893677,0.47709542512893677,,,,
,341,,,,,,,,,1.0620458126068115,1.0620458126068115
341,2393,,,,,,,1.0620458126068115,1.0620458126068115,,
341,2393,0.73732990026474,1.1890478134155273,,0.73732990026474,,,,,,
342,2394,,,1.2905335426330566,,0.8386827707290649,0.8386827707290649,,,,
342,2395,,,1.767136812210083,,1.3152716159820557,1.3152716159820557,,,,
342,2396,,,0.9236968755722046,,0.4718059003353119,0.4718059003353119,,,,
342,2397,,,1.1453096866607666,,0.6933983564376831,0.6933983564376831,,,,
342,2398,,,1.0593613386154175,,0.6074020266532898,0.6074020266532898,,,,
342,2399,,,0.942132294178009,,0.4901333749294281,0.4901333749294281,,,,
342,2400,,,1.1704421043395996,,0.7183933854103088,0.7183933854103088,,,,
,342,,,,,,,,,1.0793647766113281,1.0793647766113281
342,2400,,,,,,,1.0793647766113281,1.0793647766113281,,
342,2400,0.7350732684135437,1.186993956565857,,0.7350732684135437,,,,,,
343,2401,,,1.0732545852661133,,0.6211814284324646,0.6211814284324646,,,,
343,2402,,,1.119513750076294,,0.6674095988273621,0.6674095988273621,,,,
343,2403,,,1.4740056991577148,,1.021872878074646,1.021872878074646,,,,
343,2404,,,1.6285593509674072,,1.176398515701294,1.176398515701294,,,,
343,2405,,,0.9473137855529785,,0.4951223134994507,0.4951223134994507,,,,
343,2406,,,1.005036473274231,,0.5527947545051575,0.5527947545051575,,,,
343,2407,,,0.7965472936630249,,0.3442680537700653,0.3442680537700653,,,,
,343,,,,,,,,,1.0701215267181396,1.0701215267181396
343,2407,,,,,,,1.0701215267181396,1.0701215267181396,,
343,2407,0.7315890192985535,1.1837472915649414,,0.7315890192985535,,,,,,
344,2408,,,0.9595000743865967,,0.5071874260902405,0.5071874260902405,,,,
344,2409,,,1.0958588123321533,,0.6435115933418274,0.6435115933418274,,,,
344,2410,,,1.138160228729248,,0.685786783695221,0.685786783695221,,,,
344,2411,,,1.2009425163269043,,0.7485360503196716,0.7485360503196716,,,,
344,2412,,,0.9898688197135925,,0.5374196171760559,0.5374196171760559,,,,
344,2413,,,1.1788537502288818,,0.726365327835083,0.726365327835083,,,,
344,2414,,,2.5333657264709473,,2.0808324813842773,2.0808324813842773,,,,
,344,,,,,,,,,1.0516504049301147,1.0516504049301147
344,2414,,,,,,,1.0516504049301147,1.0516504049301147,,
344,2414,0.726136326789856,1.178540587425232,,0.726136326789856,,,,,,
345,2415,,,1.0343592166900635,,0.5818201899528503,0.5818201899528503,,,,
345,2416,,,1.1332509517669678,,0.6806811094284058,0.6806811094284058,,,,
345,2417,,,1.258537769317627,,0.8059291839599609,0.8059291839599609,,,,
345,2418,,,0.8988347053527832,,0.4461958110332489,0.4461958110332489,,,,
345,2419,,,1.4140186309814453,,0.961354672908783,0.961354672908783,,,,
345,2420,,,1.4092967510223389,,0.9565856456756592,0.9565856456756592,,,,
345,2421,,,0.9215453863143921,,0.46880823373794556,0.46880823373794556,,,,
,345,,,,,,,,,1.0516636371612549,1.0516636371612549
345,2421,,,,,,,1.0516636371612549,1.0516636371612549,,
345,2421,0.722881555557251,1.175510287284851,,0.722881555557251,,,,,,
346,2422,,,1.0200386047363281,,0.567264974117279,0.567264974117279,,,,
346,2423,,,0.9949332475662231,,0.5421162247657776,0.5421162247657776,,,,
346,2424,,,1.3109651803970337,,0.8581008315086365,0.8581008315086365,,,,
346,2425,,,1.3336751461029053,,0.8807799220085144,0.8807799220085144,,,,
346,2426,,,1.4256877899169922,,0.9727580547332764,0.9727580547332764,,,,
346,2427,,,1.096008062362671,,0.6430510878562927,0.6430510878562927,,,,
346,2428,,,0.7941177487373352,,0.34113240242004395,0.34113240242004395,,,,
,346,,,,,,,,,1.0385103225708008,1.0385103225708008
346,2428,,,,,,,1.0385103225708008,1.0385103225708008,,
346,2428,0.7203130722045898,1.1731925010681152,,0.7203130722045898,,,,,,
347,2429,,,0.8539710640907288,,0.40095511078834534,0.40095511078834534,,,,
347,2430,,,1.5642424821853638,,1.111197829246521,1.111197829246521,,,,
347,2431,,,1.0118964910507202,,0.5588337182998657,0.5588337182998657,,,,
347,2432,,,1.038400650024414,,0.5853027105331421,0.5853027105331421,,,,
347,2433,,,1.5052027702331543,,1.0520710945129395,1.0520710945129395,,,,
347,2434,,,0.8210862278938293,,0.36791539192199707,0.36791539192199707,,,,
347,2435,,,1.7507768869400024,,1.2975749969482422,1.2975749969482422,,,,
,347,,,,,,,,,1.0362423658370972,1.0362423658370972
347,2435,,,,,,,1.0362423658370972,1.0362423658370972,,
347,2435,0.7157437205314636,1.1688377857208252,,0.7157437205314636,,,,,,
348,2436,,,1.0144853591918945,,0.5612245798110962,0.5612245798110962,,,,
348,2437,,,1.1102190017700195,,0.6569293737411499,0.6569293737411499,,,,
348,2438,,,0.885282576084137,,0.43194782733917236,0.43194782733917236,,,,
348,2439,,,0.9345703125,,0.48120322823524475,0.48120322823524475,,,,
348,2440,,,0.9107605218887329,,0.4573565423488617,0.4573565423488617,,,,
348,2441,,,2.049696207046509,,1.5962636470794678,1.5962636470794678,,,,
348,2442,,,1.4014596939086914,,0.9479886889457703,0.9479886889457703,,,,
,348,,,,,,,,,1.0347408056259155,1.0347408056259155
348,2442,,,,,,,1.0347408056259155,1.0347408056259155,,
348,2442,0.7122228741645813,1.1655782461166382,,0.7122228741645813,,,,,,
349,2443,,,1.211021065711975,,0.7575064897537231,0.7575064897537231,,,,
349,2444,,,1.1725691556930542,,0.719010591506958,0.719010591506958,,,,
349,2445,,,1.5562714338302612,,1.1026647090911865,1.1026647090911865,,,,
349,2446,,,0.9223260879516602,,0.4686875343322754,0.4686875343322754,,,,
349,2447,,,0.8174663782119751,,0.36380767822265625,0.36380767822265625,,,,
349,2448,,,1.2096024751663208,,0.7559216022491455,0.7559216022491455,,,,
349,2449,,,1.3972206115722656,,0.9434933662414551,0.9434933662414551,,,,
,349,,,,,,,,,1.0466495752334595,1.0466495752334595
349,2449,,,,,,,1.0466495752334595,1.0466495752334595,,
349,2449,0.7092405557632446,1.162857174873352,,0.7092405557632446,,,,,,
350,2450,,,0.9725992679595947,,0.5188343524932861,0.5188343524932861,,,,
350,2451,,,1.0507177114486694,,0.596907377243042,0.596907377243042,,,,
350,2452,,,1.3771498203277588,,0.9233003854751587,0.9233003854751587,,,,
350,2453,,,1.0793224573135376,,0.6254370808601379,0.6254370808601379,,,,
350,2454,,,1.1775391101837158,,0.7236210107803345,0.7236210107803345,,,,
350,2455,,,1.4271758794784546,,0.9732322096824646,0.9732322096824646,,,,
350,2456,,,0.8098101019859314,,0.35583245754241943,0.35583245754241943,,,,
,350,,,,,,,,,1.0375990867614746,1.0375990867614746
350,2456,,,,,,,1.0375990867614746,1.0375990867614746,,
350,2456,0.7050619125366211,1.158930778503418,,0.7050619125366211,,,,,,
351,2457,,,0.7497351169586182,,0.2957257628440857,0.2957257628440857,,,,
351,2458,,,0.8831795454025269,,0.4291454553604126,0.4291454553604126,,,,
351,2459,,,1.2099716663360596,,0.7559009790420532,0.7559009790420532,,,,
351,2460,,,1.4521056413650513,,0.9980029463768005,0.9980029463768005,,,,
351,2461,,,1.2751150131225586,,0.8209743499755859,0.8209743499755859,,,,
351,2462,,,0.878044068813324,,0.423862099647522,0.423862099647522,,,,
351,2463,,,2.443356990814209,,1.989140272140503,1.989140272140503,,,,
,351,,,,,,,,,1.0264065265655518,1.0264065265655518
351,2463,,,,,,,1.0264065265655518,1.0264065265655518,,
351,2463,0.7011042833328247,1.1552015542984009,,0.7011042833328247,,,,,,
352,2464,,,1.3507122993469238,,0.8964788317680359,0.8964788317680359,,,,
352,2465,,,1.2765458822250366,,0.8222910165786743,0.8222910165786743,,,,
352,2466,,,1.0114529132843018,,0.5571779608726501,0.5571779608726501,,,,
352,2467,,,0.9443942308425903,,0.4900861084461212,0.4900861084461212,,,,
352,2468,,,1.364015817642212,,0.9096848964691162,0.9096848964691162,,,,
352,2469,,,1.0285636186599731,,0.5741928219795227,0.5741928219795227,,,,
352,2470,,,0.9772049784660339,,0.5227920413017273,0.5227920413017273,,,,
,352,,,,,,,,,0.994046688079834,0.994046688079834
352,2470,,,,,,,0.994046688079834,0.994046688079834,,
352,2470,0.6974052786827087,1.1517077684402466,,0.6974052786827087,,,,,,
353,2471,,,1.2054173946380615,,0.7509549260139465,0.7509549260139465,,,,
353,2472,,,1.519999623298645,,1.0654900074005127,1.0654900074005127,,,,
353,2473,,,1.0980764627456665,,0.6435261368751526,0.6435261368751526,,,,
353,2474,,,1.256826400756836,,0.8022365570068359,0.8022365570068359,,,,
353,2475,,,1.1198922395706177,,0.66526859998703,0.66526859998703,,,,
353,2476,,,0.8547419309616089,,0.4000875949859619,0.4000875949859619,,,,
353,2477,,,0.7108107209205627,,0.25613269209861755,0.25613269209861755,,,,
,353,,,,,,,,,0.9586684107780457,0.9586684107780457
353,2477,,,,,,,0.9586684107780457,0.9586684107780457,,
353,2477,0.6939001679420471,1.1484718322753906,,0.6939001679420471,,,,,,
354,2478,,,1.5204194784164429,,1.0657148361206055,1.0657148361206055,,,,
354,2479,,,1.1429818868637085,,0.6882502436637878,0.6882502436637878,,,,
354,2480,,,1.0440127849578857,,0.5892631411552429,0.5892631411552429,,,,
354,2481,,,0.8924719095230103,,0.43768444657325745,0.43768444657325745,,,,
354,2482,,,1.3735822439193726,,0.918761134147644,0.918761134147644,,,,
354,2483,,,1.0356463193893433,,0.5807933807373047,0.5807933807373047,,,,
354,2484,,,0.7702196836471558,,0.31532976031303406,0.31532976031303406,,,,
,354,,,,,,,,,0.9382631778717041,0.9382631778717041
354,2484,,,,,,,0.9382632374763489,0.9382632374763489,,
354,2484,0.6899946331977844,1.1447759866714478,,0.6899946331977844,,,,,,
355,2485,,,1.000779151916504,,0.5458495020866394,0.5458495020866394,,,,
355,2486,,,1.2405403852462769,,0.7855678200721741,0.7855678200721741,,,,
355,2487,,,1.4235002994537354,,0.9684966206550598,0.9684966206550598,,,,
355,2488,,,1.2577431201934814,,0.8027171492576599,0.8027171492576599,,,,
355,2489,,,0.8676159381866455,,0.41256004571914673,0.41256004571914673,,,,
355,2490,,,1.1275914907455444,,0.6725099682807922,0.6725099682807922,,,,
355,2491,,,0.9540220499038696,,0.49890023469924927,0.49890023469924927,,,,
,355,,,,,,,,,0.9205490946769714,0.9205490946769714
355,2491,,,,,,,0.9205490946769714,0.9205490946769714,,
355,2491,0.6862413883209229,1.1412594318389893,,0.6862413883209229,,,,,,
356,2492,,,1.2935242652893066,,0.8383631706237793,0.8383631706237793,,,,
356,2493,,,1.3208900690078735,,0.865681529045105,0.865681529045105,,,,
356,2494,,,1.4189884662628174,,0.9637564420700073,0.9637564420700073,,,,
356,2495,,,0.991425633430481,,0.5361708998680115,0.5361708998680115,,,,
356,2496,,,0.9891719818115234,,0.5338699221611023,0.5338699221611023,,,,
356,2497,,,0.8717185258865356,,0.4163975417613983,0.4163975417613983,,,,
356,2498,,,0.9976997375488281,,0.5423508882522583,0.5423508882522583,,,,
,356,,,,,,,,,0.9002806544303894,0.9002806544303894
356,2498,,,,,,,0.9002806544303894,0.9002806544303894,,
356,2498,0.6835484504699707,1.138800859451294,,0.6835484504699707,,,,,,
357,2499,,,0.9721338152885437,,0.5167329907417297,0.5167329907417297,,,,
357,2500,,,1.0295718908309937,,0.5741516351699829,0.5741516351699829,,,,
357,2501,,,1.5523427724838257,,1.0968796014785767,1.0968796014785767,,,,
357,2502,,,1.285148024559021,,0.8296540379524231,0.8296540379524231,,,,
357,2503,,,1.2532219886779785,,0.7976978421211243,0.7976978421211243,,,,
357,2504,,,0.8448799848556519,,0.38931843638420105,0.38931843638420105,,,,
357,2505,,,0.793063223361969,,0.3374660015106201,0.3374660015106201,,,,
,357,,,,,,,,,0.8905284404754639,0.8905284404754639
357,2505,,,,,,,0.8905283808708191,0.8905283808708191,,
357,2505,0.6793700456619263,1.1348544359207153,,0.6793700456619263,,,,,,
358,2506,,,0.7633260488510132,,0.30770382285118103,0.30770382285118103,,,,
358,2507,,,0.827021062374115,,0.37136656045913696,0.37136656045913696,,,,
358,2508,,,1.328802227973938,,0.873120903968811,0.873120903968811,,,,
358,2509,,,1.0291330814361572,,0.5734164714813232,0.5734164714813232,,,,
358,2510,,,1.2982105016708374,,0.8424621820449829,0.8424621820449829,,,,
358,2511,,,1.063423991203308,,0.607639729976654,0.607639729976654,,,,
358,2512,,,2.4025533199310303,,1.9467310905456543,1.9467310905456543,,,,
,358,,,,,,,,,0.8900344967842102,0.8900344967842102
358,2512,,,,,,,0.8900344967842102,0.8900344967842102,,
358,2512,0.6754092574119568,1.131117582321167,,0.6754092574119568,,,,,,
359,2513,,,1.330869197845459,,0.8750491142272949,0.8750491142272949,,,,
359,2514,,,1.0531681776046753,,0.597329318523407,0.597329318523407,,,,
359,2515,,,0.9296839237213135,,0.473802387714386,0.473802387714386,,,,
359,2516,,,0.9077459573745728,,0.45184099674224854,0.45184099674224854,,,,
359,2517,,,1.524267315864563,,1.0683386325836182,1.0683386325836182,,,,
359,2518,,,0.9227910041809082,,0.4668411612510681,0.4668411612510681,,,,
359,2519,,,1.3716272115707397,,0.9156386852264404,0.9156386852264404,,,,
,359,,,,,,,,,0.9025186896324158,0.9025186896324158
359,2519,,,,,,,0.9025186896324158,0.9025186896324158,,
359,2519,0.6708338856697083,1.1267272233963013,,0.6708338856697083,,,,,,
360,2520,,,1.7286828756332397,,1.2726609706878662,1.2726609706878662,,,,
360,2521,,,0.9455617666244507,,0.48951032757759094,0.48951032757759094,,,,
360,2522,,,0.8233464956283569,,0.36725643277168274,0.36725643277168274,,,,
360,2523,,,1.174717664718628,,0.7185971140861511,0.7185971140861511,,,,
360,2524,,,1.1237694025039673,,0.6676213145256042,0.6676213145256042,,,,
360,2525,,,0.7697755098342896,,0.31359925866127014,0.31359925866127014,,,,
360,2526,,,1.553669810295105,,1.0974658727645874,1.0974658727645874,,,,
,360,,,,,,,,,0.9143447875976562,0.9143447875976562
360,2526,,,,,,,0.9143447875976562,0.9143447875976562,,
360,2526,0.6652227640151978,1.1213301420211792,,0.6652227640151978,,,,,,
361,2527,,,1.6328603029251099,,1.1766242980957031,1.1766242980957031,,,,
361,2528,,,1.0439180135726929,,0.5876572132110596,0.5876572132110596,,,,
361,2529,,,1.155880331993103,,0.699580729007721,0.699580729007721,,,,
361,2530,,,0.7700341939926147,,0.3137013614177704,0.3137013614177704,,,,
361,2531,,,1.0977510213851929,,0.6413916945457458,0.6413916945457458,,,,
361,2532,,,1.041739583015442,,0.5853540897369385,0.5853540897369385,,,,
361,2533,,,0.9903199672698975,,0.5338985919952393,0.5338985919952393,,,,
,361,,,,,,,,,0.9241651892662048,0.9241651892662048
361,2533,,,,,,,0.9241651892662048,0.9241651892662048,,
361,2533,0.6595327854156494,1.1158515214920044,,0.6595327854156494,,,,,,
362,2534,,,1.0878249406814575,,0.6313785910606384,0.6313785910606384,,,,
362,2535,,,1.154219150543213,,0.6977452039718628,0.6977452039718628,,,,
362,2536,,,1.0688741207122803,,0.6123682856559753,0.6123682856559753,,,,
362,2537,,,0.8800283670425415,,0.4235011041164398,0.4235011041164398,,,,
362,2538,,,0.910981297492981,,0.45441552996635437,0.45441552996635437,,,,
362,2539,,,1.5187397003173828,,1.0621390342712402,1.0621390342712402,,,,
362,2540,,,1.238782525062561,,0.7821520566940308,0.7821520566940308,,,,
,362,,,,,,,,,0.9346053004264832,0.9346053004264832
362,2540,,,,,,,0.9346053004264832,0.9346053004264832,,
362,2540,0.6548791527748108,1.111405611038208,,0.6548791527748108,,,,,,
363,2541,,,0.9731882810592651,,0.5165317058563232,0.5165317058563232,,,,
363,2542,,,1.0659315586090088,,0.6092493534088135,0.6092493534088135,,,,
363,2543,,,0.9878495335578918,,0.5311310887336731,0.5311310887336731,,,,
363,2544,,,1.0867180824279785,,0.6299626231193542,0.6299626231193542,,,,
363,2545,,,0.9533838033676147,,0.49661582708358765,0.49661582708358765,,,,
363,2546,,,1.6045526266098022,,1.1477450132369995,1.1477450132369995,,,,
363,2547,,,1.0243529081344604,,0.5675130486488342,0.5675130486488342,,,,
,363,,,,,,,,,0.9302968382835388,0.9302968382835388
363,2547,,,,,,,0.9302968382835388,0.9302968382835388,,
363,2547,0.6500475406646729,1.1067852973937988,,0.6500475406646729,,,,,,
364,2548,,,1.1855640411376953,,0.7286962866783142,0.7286962866783142,,,,
364,2549,,,1.289903163909912,,0.833011269569397,0.833011269569397,,,,
364,2550,,,1.3195326328277588,,0.862622857093811,0.862622857093811,,,,
364,2551,,,0.9854501485824585,,0.5285177826881409,0.5285177826881409,,,,
364,2552,,,1.0469746589660645,,0.5900126695632935,0.5900126695632935,,,,
364,2553,,,0.8623864650726318,,0.40538808703422546,0.40538808703422546,,,,
364,2554,,,0.9354863166809082,,0.4784441888332367,0.4784441888332367,,,,
,364,,,,,,,,,0.9206967949867249,0.9206967949867249
364,2554,,,,,,,0.9206967949867249,0.9206967949867249,,
364,2554,0.647476851940155,1.1044106483459473,,0.647476851940155,,,,,,
365,2555,,,0.7791323661804199,,0.3220573961734772,0.3220573961734772,,,,
365,2556,,,0.8793624639511108,,0.4222556948661804,0.4222556948661804,,,,
365,2557,,,1.4411728382110596,,0.9840238690376282,0.9840238690376282,,,,
365,2558,,,1.1097989082336426,,0.6526255011558533,0.6526255011558533,,,,
365,2559,,,1.3010597229003906,,0.8438551425933838,0.8438551425933838,,,,
365,2560,,,1.1976351737976074,,0.7404116988182068,0.7404116988182068,,,,
365,2561,,,0.81368088722229,,0.3564227521419525,0.3564227521419525,,,,
,365,,,,,,,,,0.8829433917999268,0.8829433917999268
365,2561,,,,,,,0.8829434514045715,0.8829434514045715,,
365,2561,0.6429628133773804,1.1001242399215698,,0.6429628133773804,,,,,,
366,2562,,,1.0935097932815552,,0.6362123489379883,0.6362123489379883,,,,
366,2563,,,1.1924059391021729,,0.7350753545761108,0.7350753545761108,,,,
366,2564,,,0.9440547227859497,,0.48669353127479553,0.48669353127479553,,,,
366,2565,,,1.019347071647644,,0.5619381070137024,0.5619381070137024,,,,
366,2566,,,1.3605294227600098,,0.9030817747116089,0.9030817747116089,,,,
366,2567,,,1.037142276763916,,0.5796768665313721,0.5796768665313721,,,,
366,2568,,,0.9118651151657104,,0.4543707072734833,0.4543707072734833,,,,
,366,,,,,,,,,0.8695131540298462,0.8695131540298462
366,2568,,,,,,,0.8695131540298462,0.8695131540298462,,
366,2568,0.6389124393463135,1.096304178237915,,0.6389124393463135,,,,,,
367,2569,,,0.9976108074188232,,0.540104866027832,0.540104866027832,,,,
367,2570,,,1.3047411441802979,,0.8472126722335815,0.8472126722335815,,,,
367,2571,,,1.0241310596466064,,0.5665597319602966,0.5665597319602966,,,,
367,2572,,,1.1950125694274902,,0.7374072074890137,0.7374072074890137,,,,
367,2573,,,0.6812068819999695,,0.22357399761676788,0.22357399761676788,,,,
367,2574,,,1.2831056118011475,,0.8254519701004028,0.8254519701004028,,,,
367,2575,,,1.2913358211517334,,0.8336615562438965,0.8336615562438965,,,,
,367,,,,,,,,,0.8692082166671753,0.8692082166671753
367,2575,,,,,,,0.8692082166671753,0.8692082166671753,,
367,2575,0.6357542276382446,1.093342661857605,,0.6357542276382446,,,,,,
368,2576,,,1.1504549980163574,,0.6927391886711121,0.6927391886711121,,,,
368,2577,,,1.6091580390930176,,1.1514137983322144,1.1514137983322144,,,,
368,2578,,,0.9458252191543579,,0.48806339502334595,0.48806339502334595,,,,
368,2579,,,0.9259089231491089,,0.4680977165699005,0.4680977165699005,,,,
368,2580,,,0.8518365025520325,,0.3939965069293976,0.3939965069293976,,,,
368,2581,,,0.9641814827919006,,0.5063108205795288,0.5063108205795288,,,,
368,2582,,,1.3454196453094482,,0.8875247240066528,0.8875247240066528,,,,
,368,,,,,,,,,0.8690614104270935,0.8690614104270935
368,2582,,,,,,,0.8690614104270935,0.8690614104270935,,
368,2582,0.6326969265937805,1.0904937982559204,,0.6326969265937805,,,,,,
369,2583,,,0.8521565198898315,,0.3942379951477051,0.3942379951477051,,,,
369,2584,,,0.9529275894165039,,0.4949626922607422,0.4949626922607422,,,,
369,2585,,,1.1587419509887695,,0.7007512450218201,0.7007512450218201,,,,
369,2586,,,1.2221531867980957,,0.7641276121139526,0.7641276121139526,,,,
369,2587,,,1.452660083770752,,0.9946084022521973,0.9946084022521973,,,,
369,2588,,,0.9681365489959717,,0.5100589990615845,0.5100589990615845,,,,
369,2589,,,0.8719278573989868,,0.4138258993625641,0.4138258993625641,,,,
,369,,,,,,,,,0.8790459632873535,0.8790459632873535
369,2589,,,,,,,0.8790459632873535,0.8790459632873535,,
369,2589,0.6296363472938538,1.0876469612121582,,0.6296363472938538,,,,,,
370,2590,,,0.8512008190155029,,0.3930830955505371,0.3930830955505371,,,,
370,2591,,,1.0965858697891235,,0.6384312510490417,0.6384312510490417,,,,
370,2592,,,1.1590853929519653,,0.7008979320526123,0.7008979320526123,,,,
370,2593,,,0.9329079389572144,,0.4746841490268707,0.4746841490268707,,,,
370,2594,,,0.9292618036270142,,0.4710109233856201,0.4710109233856201,,,,
370,2595,,,1.7131359577178955,,1.2548567056655884,1.2548567056655884,,,,
370,2596,,,0.6239239573478699,,0.16562305390834808,0.16562305390834808,,,,
,370,,,,,,,,,0.8795346021652222,0.8795346021652222
370,2596,,,,,,,0.8795346021652222,0.8795346021652222,,
370,2596,0.6266781091690063,1.0848861932754517,,0.6266781091690063,,,,,,
371,2597,,,0.766405463218689,,0.30810263752937317,0.30810263752937317,,,,
371,2598,,,1.1349890232086182,,0.676666259765625,0.676666259765625,,,,
371,2599,,,1.1670286655426025,,0.7086724638938904,0.7086724638938904,,,,
371,2600,,,1.175399899482727,,0.717015266418457,0.717015266418457,,,,
371,2601,,,0.9909842014312744,,0.5325667858123779,0.5325667858123779,,,,
371,2602,,,1.359945297241211,,0.9015005826950073,0.9015005826950073,,,,
371,2603,,,0.8141413927078247,,0.3556831479072571,0.3556831479072571,,,,
,371,,,,,,,,,0.8615560531616211,0.8615560531616211
371,2603,,,,,,,0.8615560531616211,0.8615560531616211,,
371,2603,0.6239851117134094,1.0823615789413452,,0.6239851117134094,,,,,,
372,2604,,,0.9682935476303101,,0.5098016262054443,0.5098016262054443,,,,
372,2605,,,1.554931640625,,1.096408486366272,1.096408486366272,,,,
372,2606,,,0.7725116014480591,,0.31395819783210754,0.31395819783210754,,,,
372,2607,,,1.1924526691436768,,0.7338706254959106,0.7338706254959106,,,,
372,2608,,,1.1488226652145386,,0.6902230978012085,0.6902230978012085,,,,
372,2609,,,0.9065001010894775,,0.44787630438804626,0.44787630438804626,,,,
372,2610,,,0.9005740880966187,,0.4419177174568176,0.4419177174568176,,,,
,372,,,,,,,,,0.8503408432006836,0.8503408432006836
372,2610,,,,,,,0.8503408432006836,0.8503408432006836,,
372,2610,0.6208404302597046,1.0794082880020142,,0.6208404302597046,,,,,,
373,2611,,,1.315307378768921,,0.8566225171089172,0.8566225171089172,,,,
373,2612,,,0.8904974460601807,,0.4317949414253235,0.4317949414253235,,,,
373,2613,,,0.8358482718467712,,0.37711194157600403,0.37711194157600403,,,,
373,2614,,,1.143423080444336,,0.6846647262573242,0.6846647262573242,,,,
373,2615,,,1.1953918933868408,,0.7366088628768921,0.7366088628768921,,,,
373,2616,,,1.1794297695159912,,0.7206176519393921,0.7206176519393921,,,,
373,2617,,,0.8186441659927368,,0.3597964644432068,0.3597964644432068,,,,
,373,,,,,,,,,0.8327684998512268,0.8327684998512268
373,2617,,,,,,,0.8327684998512268,0.8327684998512268,,
373,2617,0.6184069514274597,1.0771591663360596,,0.6184069514274597,,,,,,
374,2618,,,1.677504062652588,,1.2186274528503418,1.2186274528503418,,,,
374,2619,,,1.0306847095489502,,0.5717839002609253,0.5717839002609253,,,,
374,2620,,,0.9922980070114136,,0.5333687663078308,0.5333687663078308,,,,
374,2621,,,0.979350209236145,,0.5203770995140076,0.5203770995140076,,,,
374,2622,,,1.0303009748458862,,0.5712984204292297,0.5712984204292297,,,,
374,2623,,,0.745966374874115,,0.28693240880966187,0.28693240880966187,,,,
374,2624,,,1.0457432270050049,,0.586698591709137,0.586698591709137,,,,
,374,,,,,,,,,0.8096669316291809,0.8096669316291809
374,2624,,,,,,,0.8096669316291809,0.8096669316291809,,
374,2624,0.615278422832489,1.074236512184143,,0.615278422832489,,,,,,
375,2625,,,1.1868927478790283,,0.727809488773346,0.727809488773346,,,,
375,2626,,,1.2655913829803467,,0.8064615726470947,0.8064615726470947,,,,
375,2627,,,1.2862071990966797,,0.8270586133003235,0.8270586133003235,,,,
375,2628,,,1.11961030960083,,0.6604355573654175,0.6604355573654175,,,,
375,2629,,,0.7837988138198853,,0.32458338141441345,0.32458338141441345,,,,
375,2630,,,0.929491400718689,,0.47024568915367126,0.47024568915367126,,,,
375,2631,,,0.690078854560852,,0.23080973327159882,0.23080973327159882,,,,
,375,,,,,,,,,0.7985517382621765,0.7985517382621765
375,2631,,,,,,,0.7985517382621765,0.7985517382621765,,
375,2631,0.6122584342956543,1.0714308023452759,,0.6122584342956543,,,,,,
376,2632,,,1.004364013671875,,0.5450957417488098,0.5450957417488098,,,,
376,2633,,,1.1922260522842407,,0.7329434752464294,0.7329434752464294,,,,
376,2634,,,1.4964100122451782,,1.0370968580245972,1.0370968580245972,,,,
376,2635,,,0.8950222134590149,,0.4356943666934967,0.4356943666934967,,,,
376,2636,,,0.9783033132553101,,0.5189440846443176,0.5189440846443176,,,,
376,2637,,,1.0039340257644653,,0.5445403456687927,0.5445403456687927,,,,
376,2638,,,0.646344780921936,,0.18692044913768768,0.18692044913768768,,,,
,376,,,,,,,,,0.79179847240448,0.79179847240448
376,2638,,,,,,,0.79179847240448,0.79179847240448,,
376,2638,0.6093192100524902,1.068649172782898,,0.6093192100524902,,,,,,
377,2639,,,1.2799549102783203,,0.8205224871635437,0.8205224871635437,,,,
377,2640,,,1.3843812942504883,,0.9249362349510193,0.9249362349510193,,,,
377,2641,,,0.9191054105758667,,0.4596312940120697,0.4596312940120697,,,,
377,2642,,,0.8413262367248535,,0.3818267285823822,0.3818267285823822,,,,
377,2643,,,1.159088373184204,,0.6995558142662048,0.6995558142662048,,,,
377,2644,,,0.9489068984985352,,0.4893414378166199,0.4893414378166199,,,,
377,2645,,,0.7077522873878479,,0.24817098677158356,0.24817098677158356,,,,
,377,,,,,,,,,0.7765904664993286,0.7765904664993286
377,2645,,,,,,,0.7765904664993286,0.7765904664993286,,
377,2645,0.6068828701972961,1.0663796663284302,,0.6068828701972961,,,,,,
378,2646,,,1.383707046508789,,0.9240982532501221,0.9240982532501221,,,,
378,2647,,,0.801811695098877,,0.34217917919158936,0.34217917919158936,,,,
378,2648,,,1.1452182531356812,,0.6855705976486206,0.6855705976486206,,,,
378,2649,,,0.9077411890029907,,0.44807448983192444,0.44807448983192444,,,,
378,2650,,,1.0146023035049438,,0.5549137592315674,0.5549137592315674,,,,
378,2651,,,0.9161314368247986,,0.4564209580421448,0.4564209580421448,,,,
378,2652,,,1.6375658512115479,,1.177822232246399,1.177822232246399,,,,
,378,,,,,,,,,0.7738054394721985,0.7738054394721985
378,2652,,,,,,,0.7738054394721985,0.7738054394721985,,
378,2652,0.6043828129768372,1.064046859741211,,0.6043828129768372,,,,,,
379,2653,,,0.8771589994430542,,0.41735655069351196,0.41735655069351196,,,,
379,2654,,,1.498849868774414,,1.0390208959579468,1.0390208959579468,,,,
379,2655,,,0.8672609329223633,,0.4074077010154724,0.4074077010154724,,,,
379,2656,,,0.9103919267654419,,0.4505150616168976,0.4505150616168976,,,,
379,2657,,,1.222348928451538,,0.7624453902244568,0.7624453902244568,,,,
379,2658,,,1.150763988494873,,0.6908154487609863,0.6908154487609863,,,,
379,2659,,,0.632980465888977,,0.17300134897232056,0.17300134897232056,,,,
,379,,,,,,,,,0.7719502449035645,0.7719502449035645
379,2659,,,,,,,0.7719502449035645,0.7719502449035645,,
379,2659,0.6011665463447571,1.0610419511795044,,0.6011665463447571,,,,,,
380,2660,,,1.0824741125106812,,0.6224843859672546,0.6224843859672546,,,,
380,2661,,,0.7601161003112793,,0.30009204149246216,0.30009204149246216,,,,
380,2662,,,1.2731622457504272,,0.8131206631660461,0.8131206631660461,,,,
380,2663,,,1.1495673656463623,,0.6895082592964172,0.6895082592964172,,,,
380,2664,,,1.149966835975647,,0.6898682713508606,0.6898682713508606,,,,
380,2665,,,0.9658889770507812,,0.5057678818702698,0.5057678818702698,,,,
380,2666,,,0.9865283370018005,,0.5263830423355103,0.5263830423355103,,,,
,380,,,,,,,,,0.7642927765846252,0.7642927765846252
380,2666,,,,,,,0.7642927765846252,0.7642927765846252,,
380,2666,0.5989388227462769,1.05899977684021,,0.5989388227462769,,,,,,
381,2667,,,1.013735055923462,,0.5535567998886108,0.5535567998886108,,,,
381,2668,,,0.9009862542152405,,0.4407845139503479,0.4407845139503479,,,,
381,2669,,,0.7995008230209351,,0.339272141456604,0.339272141456604,,,,
381,2670,,,1.4895116090774536,,1.0292551517486572,1.0292551517486572,,,,
381,2671,,,1.0324773788452148,,0.5721988677978516,0.5721988677978516,,,,
381,2672,,,1.1171544790267944,,0.6568546295166016,0.6568546295166016,,,,
381,2673,,,1.0111273527145386,,0.5507944822311401,0.5507944822311401,,,,
,381,,,,,,,,,0.7710719108581543,0.7710719108581543
381,2673,,,,,,,0.7710719108581543,0.7710719108581543,,
381,2673,0.5958384275436401,1.056084394454956,,0.5958384275436401,,,,,,
382,2674,,,1.4653804302215576,,1.005015254020691,1.005015254020691,,,,
382,2675,,,0.716238260269165,,0.2558386027812958,0.2558386027812958,,,,
382,2676,,,0.8090082406997681,,0.34858739376068115,0.34858739376068115,,,,
382,2677,,,0.8922646045684814,,0.43181735277175903,0.43181735277175903,,,,
382,2678,,,0.9788229465484619,,0.5183359384536743,0.5183359384536743,,,,
382,2679,,,1.006954550743103,,0.5464403629302979,0.5464403629302979,,,,
382,2680,,,2.266530752182007,,1.8059890270233154,1.8059890270233154,,,,
,382,,,,,,,,,0.7701160907745361,0.7701160907745361
382,2680,,,,,,,0.7701161503791809,0.7701161503791809,,
382,2680,0.5934557914733887,1.0539008378982544,,0.5934557914733887,,,,,,
383,2681,,,0.8670735359191895,,0.4065369665622711,0.4065369665622711,,,,
383,2682,,,0.973730206489563,,0.5131686925888062,0.5131686925888062,,,,
383,2683,,,0.9506326913833618,,0.49003857374191284,0.49003857374191284,,,,
383,2684,,,0.8014087080955505,,0.34077951312065125,0.34077951312065125,,,,
383,2685,,,0.962911069393158,,0.5022729635238647,0.5022729635238647,,,,
383,2686,,,1.6481058597564697,,1.1874386072158813,1.1874386072158813,,,,
383,2687,,,1.3278586864471436,,0.8671797513961792,0.8671797513961792,,,,
,383,,,,,,,,,0.7577295303344727,0.7577295303344727
383,2687,,,,,,,0.7577295303344727,0.7577295303344727,,
383,2687,0.5906553268432617,1.0512641668319702,,0.5906553268432617,,,,,,
384,2688,,,1.195898175239563,,0.7351837158203125,0.7351837158203125,,,,
384,2689,,,1.6215295791625977,,1.1607762575149536,1.1607762575149536,,,,
384,2690,,,0.7261022925376892,,0.26532864570617676,0.26532864570617676,,,,
384,2691,,,1.0582082271575928,,0.5974167585372925,0.5974167585372925,,,,
384,2692,,,0.8489087224006653,,0.38809606432914734,0.38809606432914734,,,,
384,2693,,,0.9646669626235962,,0.5038247108459473,0.5038247108459473,,,,
384,2694,,,0.7329959869384766,,0.27212440967559814,0.27212440967559814,,,,
,384,,,,,,,,,0.752372682094574,0.752372682094574
384,2694,,,,,,,0.752372682094574,0.752372682094574,,
384,2694,0.588654637336731,1.0494412183761597,,0.588654637336731,,,,,,
385,2695,,,0.8170685768127441,,0.35618704557418823,0.35618704557418823,,,,
385,2696,,,0.9701270461082458,,0.5092227458953857,0.5092227458953857,,,,
385,2697,,,1.8269325494766235,,1.3660093545913696,1.3660093545913696,,,,
385,2698,,,1.0960649251937866,,0.6351233124732971,0.6351233124732971,,,,
385,2699,,,0.9424553513526917,,0.48147544264793396,0.48147544264793396,,,,
385,2700,,,0.7509173154830933,,0.28990665078163147,0.28990665078163147,,,,
385,2701,,,0.7125402688980103,,0.25151345133781433,0.25151345133781433,,,,
,385,,,,,,,,,0.7481417655944824,0.7481417655944824
385,2701,,,,,,,0.7481417655944824,0.7481417655944824,,
385,2701,0.5854496955871582,1.0463950634002686,,0.5854496955871582,,,,,,
386,2702,,,0.9162918925285339,,0.45524439215660095,0.45524439215660095,,,,
386,2703,,,1.4775662422180176,,1.016492486000061,1.016492486000061,,,,
386,2704,,,0.8143563270568848,,0.35325413942337036,0.35325413942337036,,,,
386,2705,,,0.9654016494750977,,0.504279375076294,0.504279375076294,,,,
386,2706,,,1.2349964380264282,,0.7738394141197205,0.7738394141197205,,,,
386,2707,,,0.8364629745483398,,0.37528863549232483,0.37528863549232483,,,,
386,2708,,,1.1003847122192383,,0.639184832572937,0.639184832572937,,,,
,386,,,,,,,,,0.7528509497642517,0.7528509497642517
386,2708,,,,,,,0.7528509497642517,0.7528509497642517,,
386,2708,0.5832302570343018,1.0443482398986816,,0.5832302570343018,,,,,,
387,2709,,,0.7741788029670715,,0.31296661496162415,0.31296661496162415,,,,
387,2710,,,1.0368760824203491,,0.575649082660675,0.575649082660675,,,,
387,2711,,,1.001312494277954,,0.5400484800338745,0.5400484800338745,,,,
387,2712,,,0.9549393653869629,,0.49364569783210754,0.49364569783210754,,,,
387,2713,,,0.9730470180511475,,0.511732280254364,0.511732280254364,,,,
387,2714,,,1.6445411443710327,,1.1832000017166138,1.1832000017166138,,,,
387,2715,,,0.6926462650299072,,0.23128895461559296,0.23128895461559296,,,,
,387,,,,,,,,,0.7400180697441101,0.7400180697441101
387,2715,,,,,,,0.7400180697441101,0.7400180697441101,,
387,2715,0.5810157656669617,1.042296051979065,,0.5810157656669617,,,,,,
388,2716,,,0.7405607104301453,,0.2791816294193268,0.2791816294193268,,,,
388,2717,,,0.9543462991714478,,0.4929501414299011,0.4929501414299011,,,,
388,2718,,,1.5188610553741455,,1.0574393272399902,1.0574393272399902,,,,
388,2719,,,1.0657927989959717,,0.6043517589569092,0.6043517589569092,,,,
388,2720,,,0.9432500004768372,,0.48179471492767334,0.48179471492767334,,,,
388,2721,,,1.046692132949829,,0.585206151008606,0.585206151008606,,,,
388,2722,,,0.9559534788131714,,0.49443915486335754,0.49443915486335754,,,,
,388,,,,,,,,,0.7324179410934448,0.7324179410934448
388,2722,,,,,,,0.7324179410934448,0.7324179410934448,,
388,2722,0.5782491564750671,1.0396840572357178,,0.5782491564750671,,,,,,
389,2723,,,1.5231106281280518,,1.0615650415420532,1.0615650415420532,,,,
389,2724,,,1.0442205667495728,,0.5826661586761475,0.5826661586761475,,,,
389,2725,,,0.9647886753082275,,0.5032069683074951,0.5032069683074951,,,,
389,2726,,,0.9788782596588135,,0.5172757506370544,0.5172757506370544,,,,
389,2727,,,0.8273424506187439,,0.3657040596008301,0.3657040596008301,,,,
389,2728,,,0.9661610126495361,,0.5044843554496765,0.5044843554496765,,,,
389,2729,,,0.8234153985977173,,0.3617177903652191,0.3617177903652191,,,,
,389,,,,,,,,,0.7329735159873962,0.7329735159873962
389,2729,,,,,,,0.7329735159873962,0.7329735159873962,,
389,2729,0.5757719874382019,1.0373775959014893,,0.5757719874382019,,,,,,
390,2730,,,1.452114224433899,,0.9904071688652039,0.9904071688652039,,,,
390,2731,,,0.8689107894897461,,0.4071817100048065,0.4071817100048065,,,,
390,2732,,,0.8288798928260803,,0.3671278953552246,0.3671278953552246,,,,
390,2733,,,0.8073710203170776,,0.34559759497642517,0.34559759497642517,,,,
390,2734,,,0.8243244886398315,,0.3625163435935974,0.3625163435935974,,,,
390,2735,,,1.546846628189087,,1.0850045680999756,1.0850045680999756,,,,
390,2736,,,0.7283867597579956,,0.26652970910072327,0.26652970910072327,,,,
,390,,,,,,,,,0.7299862504005432,0.7299862504005432
390,2736,,,,,,,0.7299862504005432,0.7299862504005432,,
390,2736,0.5737700462341309,1.0355439186096191,,0.5737700462341309,,,,,,
391,2737,,,1.520809292793274,,1.0589438676834106,1.0589438676834106,,,,
391,2738,,,1.0183348655700684,,0.5564531087875366,0.5564531087875366,,,,
391,2739,,,1.1014670133590698,,0.6395649313926697,0.6395649313926697,,,,
391,2740,,,0.9382149577140808,,0.4762820601463318,0.4762820601463318,,,,
391,2741,,,0.7136648893356323,,0.2517109215259552,0.2517109215259552,,,,
391,2742,,,0.8354436159133911,,0.37346532940864563,0.37346532940864563,,,,
391,2743,,,1.2207813262939453,,0.7587859630584717,0.7587859630584717,,,,
,391,,,,,,,,,0.7257254719734192,0.7257254719734192
391,2743,,,,,,,0.7257254719734192,0.7257254719734192,,
391,2743,0.5711317658424377,1.033055305480957,,0.5711317658424377,,,,,,
392,2744,,,1.0011298656463623,,0.5390989780426025,0.5390989780426025,,,,
392,2745,,,1.5861897468566895,,1.124133586883545,1.124133586883545,,,,
392,2746,,,1.1045985221862793,,0.6425257921218872,0.6425257921218872,,,,
392,2747,,,0.768571138381958,,0.3064727783203125,0.3064727783203125,,,,
392,2748,,,0.9006333351135254,,0.4385168254375458,0.4385168254375458,,,,
392,2749,,,0.8396909236907959,,0.3775533437728882,0.3775533437728882,,,,
392,2750,,,0.9928404092788696,,0.5306658148765564,0.5306658148765564,,,,
,392,,,,,,,,,0.7296866178512573,0.7296866178512573
392,2750,,,,,,,0.7296866178512573,0.7296866178512573,,
392,2750,0.5689883828163147,1.0310790538787842,,0.5689883828163147,,,,,,
393,2751,,,0.8470324277877808,,0.3848406672477722,0.3848406672477722,,,,
393,2752,,,1.0878700017929077,,0.6256473064422607,0.6256473064422607,,,,
393,2753,,,0.854184627532959,,0.39193853735923767,0.39193853735923767,,,,
393,2754,,,1.5658183097839355,,1.103553056716919,1.103553056716919,,,,
393,2755,,,0.9878054261207581,,0.5255229473114014,0.5255229473114014,,,,
393,2756,,,0.93515545129776,,0.47284403443336487,0.47284403443336487,,,,
393,2757,,,0.7512669563293457,,0.2889334261417389,0.2889334261417389,,,,
,393,,,,,,,,,0.7235421538352966,0.7235421538352966
393,2757,,,,,,,0.7235421538352966,0.7235421538352966,,
393,2757,0.5666975378990173,1.0289554595947266,,0.5666975378990173,,,,,,
394,2758,,,0.8287268280982971,,0.36636874079704285,0.36636874079704285,,,,
394,2759,,,1.0619786977767944,,0.5995977520942688,0.5995977520942688,,,,
394,2760,,,1.4405715465545654,,0.9781593084335327,0.9781593084335327,,,,
394,2761,,,0.7822319865226746,,0.3198004961013794,0.3198004961013794,,,,
394,2762,,,0.7288813591003418,,0.26642438769340515,0.26642438769340515,,,,
394,2763,,,1.2255771160125732,,0.7631043195724487,0.7631043195724487,,,,
394,2764,,,1.2648922204971313,,0.8023957014083862,0.8023957014083862,,,,
,394,,,,,,,,,0.7135666608810425,0.7135666608810425
394,2764,,,,,,,0.7135666608810425,0.7135666608810425,,
394,2764,0.5638201236724854,1.0262434482574463,,0.5638201236724854,,,,,,
395,2765,,,0.8646261692047119,,0.40209901332855225,0.40209901332855225,,,,
395,2766,,,1.756141185760498,,1.2935905456542969,1.2935905456542969,,,,
395,2767,,,1.1620060205459595,,0.6994341611862183,0.6994341611862183,,,,
395,2768,,,0.7550312280654907,,0.2924308478832245,0.2924308478832245,,,,
395,2769,,,0.662245512008667,,0.19961966574192047,0.19961966574192047,,,,
395,2770,,,0.8208273649215698,,0.3581838607788086,0.3581838607788086,,,,
395,2771,,,1.3517851829528809,,0.8891251087188721,0.8891251087188721,,,,
,395,,,,,,,,,0.7047743201255798,0.7047743201255798
395,2771,,,,,,,0.7047743201255798,0.7047743201255798,,
395,2771,0.5613772869110107,1.02396821975708,,0.5613772869110107,,,,,,
396,2772,,,0.6762840151786804,,0.21357770264148712,0.21357770264148712,,,,
396,2773,,,1.0784024000167847,,0.6156829595565796,0.6156829595565796,,,,
396,2774,,,0.7553432583808899,,0.2925914227962494,0.2925914227962494,,,,
396,2775,,,0.8383588790893555,,0.37558111548423767,0.37558111548423767,,,,
396,2776,,,1.231148600578308,,0.7683519124984741,0.7683519124984741,,,,
396,2777,,,1.587998867034912,,1.1251660585403442,1.1251660585403442,,,,
396,2778,,,0.926234245300293,,0.4633784294128418,0.4633784294128418,,,,
,396,,,,,,,,,0.6983206868171692,0.6983206868171692
396,2778,,,,,,,0.6983206868171692,0.6983206868171692,,
396,2778,0.5591714382171631,1.0219409465789795,,0.5591714382171631,,,,,,
397,2779,,,1.09898042678833,,0.6361075043678284,0.6361075043678284,,,,
397,2780,,,0.7144984006881714,,0.25158295035362244,0.25158295035362244,,,,
397,2781,,,1.5631029605865479,,1.1001665592193604,1.1001665592193604,,,,
397,2782,,,0.8211803436279297,,0.3582327663898468,0.3582327663898468,,,,
397,2783,,,0.7433054447174072,,0.2803479731082916,0.2803479731082916,,,,
397,2784,,,1.0644993782043457,,0.6015273928642273,0.6015273928642273,,,,
397,2785,,,1.3277965784072876,,0.8647902607917786,0.8647902607917786,,,,
,397,,,,,,,,,0.6911388635635376,0.6911388635635376
397,2785,,,,,,,0.6911388635635376,0.6911388635635376,,
397,2785,0.557217538356781,1.020155429840088,,0.557217538356781,,,,,,
398,2786,,,1.3439176082611084,,0.8808746933937073,0.8808746933937073,,,,
398,2787,,,1.0737557411193848,,0.6107027530670166,0.6107027530670166,,,,
398,2788,,,0.7351827621459961,,0.2720997929573059,0.2720997929573059,,,,
398,2789,,,1.2132817506790161,,0.7501832246780396,0.7501832246780396,,,,
398,2790,,,0.6265820860862732,,0.1634482592344284,0.1634482592344284,,,,
398,2791,,,1.1387622356414795,,0.6756238341331482,0.6756238341331482,,,,
398,2792,,,0.9514700174331665,,0.48829391598701477,0.48829391598701477,,,,
,398,,,,,,,,,0.6801308989524841,0.6801308989524841
398,2792,,,,,,,0.6801308989524841,0.6801308989524841,,
398,2792,0.5546733736991882,1.0177699327468872,,0.5546733736991882,,,,,,
399,2793,,,1.0639933347702026,,0.600785493850708,0.600785493850708,,,,
399,2794,,,0.9411464333534241,,0.4779106378555298,0.4779106378555298,,,,
399,2795,,,0.7196705341339111,,0.2564118504524231,0.2564118504524231,,,,
399,2796,,,1.5541671514511108,,1.090881109237671,1.090881109237671,,,,
399,2797,,,0.9176366329193115,,0.45432907342910767,0.45432907342910767,,,,
399,2798,,,1.015649437904358,,0.5523176789283752,0.5523176789283752,,,,
399,2799,,,0.702509880065918,,0.23915672302246094,0.23915672302246094,,,,
,399,,,,,,,,,0.6667714715003967,0.6667714715003967
399,2799,,,,,,,0.6667714715003967,0.6667714715003967,,
399,2799,0.5525206923484802,1.0157967805862427,,0.5525206923484802,,,,,,
400,2800,,,0.7877074480056763,,0.3243359923362732,0.3243359923362732,,,,
400,2801,,,0.8806912302970886,,0.41728776693344116,0.41728776693344116,,,,
400,2802,,,1.33620285987854,,0.8727823495864868,0.8727823495864868,,,,
400,2803,,,1.2291916608810425,,0.7657427787780762,0.7657427787780762,,,,
400,2804,,,1.155230164527893,,0.6917728781700134,0.6917728781700134,,,,
400,2805,,,0.7655972242355347,,0.3021041750907898,0.3021041750907898,,,,
400,2806,,,0.8147391080856323,,0.3512285351753235,0.3512285351753235,,,,
,400,,,,,,,,,0.6660729646682739,0.6660729646682739
400,2806,,,,,,,0.6660729646682739,0.6660729646682739,,
400,2806,0.5499194860458374,1.0133565664291382,,0.5499194860458374,,,,,,
401,2807,,,0.7842292785644531,,0.32070741057395935,0.32070741057395935,,,,
401,2808,,,1.046757698059082,,0.5832164883613586,0.5832164883613586,,,,
401,2809,,,0.7983192801475525,,0.3347461521625519,0.3347461521625519,,,,
401,2810,,,0.9961545467376709,,0.5325528383255005,0.5325528383255005,,,,
401,2811,,,1.1802504062652588,,0.7166368961334229,0.7166368961334229,,,,
401,2812,,,1.4153313636779785,,0.9516865611076355,0.9516865611076355,,,,
401,2813,,,0.6070317625999451,,0.14337076246738434,0.14337076246738434,,,,
,401,,,,,,,,,0.6696125864982605,0.6696125864982605
401,2813,,,,,,,0.6696125864982605,0.6696125864982605,,
401,2813,0.5479702949523926,1.0115575790405273,,0.5479702949523926,,,,,,
402,2814,,,0.8835594654083252,,0.4199008345603943,0.4199008345603943,,,,
402,2815,,,0.8315854668617249,,0.36789822578430176,0.36789822578430176,,,,
402,2816,,,1.069666862487793,,0.6059507727622986,0.6059507727622986,,,,
402,2817,,,0.8117932081222534,,0.3480541706085205,0.3480541706085205,,,,
402,2818,,,1.3385405540466309,,0.8747843503952026,0.8747843503952026,,,,
402,2819,,,0.9791359901428223,,0.5153738856315613,0.5153738856315613,,,,
402,2820,,,1.3961327075958252,,0.9323496222496033,0.9323496222496033,,,,
,402,,,,,,,,,0.6615055799484253,0.6615055799484253
402,2820,,,,,,,0.6615055799484253,0.6615055799484253,,
402,2820,0.5461322665214539,1.00985586643219,,0.5461322665214539,,,,,,
403,2821,,,1.0491808652877808,,0.5853854417800903,0.5853854417800903,,,,
403,2822,,,1.0437543392181396,,0.5799223184585571,0.5799223184585571,,,,
403,2823,,,0.7510267496109009,,0.28717753291130066,0.28717753291130066,,,,
403,2824,,,0.7790939211845398,,0.3152335286140442,0.3152335286140442,,,,
403,2825,,,1.0330259799957275,,0.5691421627998352,0.5691421627998352,,,,
403,2826,,,1.437135100364685,,0.9732305407524109,0.9732305407524109,,,,
403,2827,,,0.88423091173172,,0.42031046748161316,0.42031046748161316,,,,
,403,,,,,,,,,0.6528303623199463,0.6528303623199463
403,2827,,,,,,,0.6528304219245911,0.6528304219245911,,
403,2827,0.5439541935920715,1.0078123807907104,,0.5439541935920715,,,,,,
404,2828,,,0.8814107179641724,,0.41748204827308655,0.41748204827308655,,,,
404,2829,,,1.0674502849578857,,0.6034982204437256,0.6034982204437256,,,,
404,2830,,,0.8454183340072632,,0.38145628571510315,0.38145628571510315,,,,
404,2831,,,1.422699213027954,,0.9587153196334839,0.9587153196334839,,,,
404,2832,,,0.7018523812294006,,0.23786009848117828,0.23786009848117828,,,,
404,2833,,,1.0662530660629272,,0.6022485494613647,0.6022485494613647,,,,
404,2834,,,1.1353895664215088,,0.671352744102478,0.671352744102478,,,,
,404,,,,,,,,,0.651256799697876,0.651256799697876
404,2834,,,,,,,0.6512568593025208,0.6512568593025208,,
404,2834,0.5416498184204102,1.0056244134902954,,0.5416498184204102,,,,,,
405,2835,,,1.0228805541992188,,0.5588192343711853,0.5588192343711853,,,,
405,2836,,,0.7019850015640259,,0.23789715766906738,0.23789715766906738,,,,
405,2837,,,0.6960772275924683,,0.2319726049900055,0.2319726049900055,,,,
405,2838,,,1.0518276691436768,,0.5877047777175903,0.5877047777175903,,,,
405,2839,,,1.168487548828125,,0.7043358683586121,0.7043358683586121,,,,
405,2840,,,1.462449550628662,,0.9982648491859436,0.9982648491859436,,,,
405,2841,,,0.7902967929840088,,0.3261062502861023,0.3261062502861023,,,,
,405,,,,,,,,,0.646625816822052,0.646625816822052
405,2841,,,,,,,0.646625816822052,0.646625816822052,,
405,2841,0.5398093461990356,1.0039324760437012,,0.5398093461990356,,,,,,
406,2842,,,1.5873559713363647,,1.1231528520584106,1.1231528520584106,,,,
406,2843,,,0.8836816549301147,,0.4194795787334442,0.4194795787334442,,,,
406,2844,,,0.699336051940918,,0.23511308431625366,0.23511308431625366,,,,
406,2845,,,0.9313979744911194,,0.4671686589717865,0.4671686589717865,,,,
406,2846,,,1.0398484468460083,,0.5755919814109802,0.5755919814109802,,,,
406,2847,,,0.9473085403442383,,0.4830254912376404,0.4830254912376404,,,,
406,2848,,,0.7943015098571777,,0.32998767495155334,0.32998767495155334,,,,
,406,,,,,,,,,0.6450320482254028,0.6450320482254028
406,2848,,,,,,,0.6450320482254028,0.6450320482254028,,
406,2848,0.5376120805740356,1.00184965133667,,0.5376120805740356,,,,,,
407,2849,,,0.9539088010787964,,0.48958054184913635,0.48958054184913635,,,,
407,2850,,,0.7674540877342224,,0.30309733748435974,0.30309733748435974,,,,
407,2851,,,1.0978889465332031,,0.6335001587867737,0.6335001587867737,,,,
407,2852,,,1.461118221282959,,0.9967002272605896,0.9967002272605896,,,,
407,2853,,,0.9295120239257812,,0.4650821387767792,0.4650821387767792,,,,
407,2854,,,0.7569811940193176,,0.2925467789173126,0.2925467789173126,,,,
407,2855,,,1.097510576248169,,0.6330558061599731,0.6330558061599731,,,,
,407,,,,,,,,,0.6444914937019348,0.6444914937019348
407,2855,,,,,,,0.6444914937019348,0.6444914937019348,,
407,2855,0.5361416935920715,1.0005379915237427,,0.5361416935920715,,,,,,
408,2856,,,1.3135895729064941,,0.8491124510765076,0.8491124510765076,,,,
408,2857,,,1.1560567617416382,,0.6915648579597473,0.6915648579597473,,,,
408,2858,,,0.8364667892456055,,0.3719589114189148,0.3719589114189148,,,,
408,2859,,,0.8711342811584473,,0.4066002666950226,0.4066002666950226,,,,
408,2860,,,1.0723133087158203,,0.6077561974525452,0.6077561974525452,,,,
408,2861,,,0.8002430200576782,,0.3356725871562958,0.3356725871562958,,,,
408,2862,,,0.8419965505599976,,0.37739917635917664,0.37739917635917664,,,,
,408,,,,,,,,,0.6337608098983765,0.6337608098983765
408,2862,,,,,,,0.6337608098983765,0.6337608098983765,,
408,2862,0.5339906215667725,0.9985180497169495,,0.5339906215667725,,,,,,
409,2863,,,0.918422281742096,,0.45381298661231995,0.45381298661231995,,,,
409,2864,,,0.7853670120239258,,0.3207317292690277,0.3207317292690277,,,,
409,2865,,,1.138625144958496,,0.6739648580551147,0.6739648580551147,,,,
409,2866,,,1.349200963973999,,0.8845198750495911,0.8845198750495911,,,,
409,2867,,,0.8313412666320801,,0.3666529059410095,0.3666529059410095,,,,
409,2868,,,0.8510378003120422,,0.38631924986839294,0.38631924986839294,,,,
409,2869,,,1.279339075088501,,0.8146036267280579,0.8146036267280579,,,,
,409,,,,,,,,,0.6202821135520935,0.6202821135520935
409,2869,,,,,,,0.6202821135520935,0.6202821135520935,,
409,2869,0.5319965481758118,0.9966661334037781,,0.5319965481758118,,,,,,
410,2870,,,0.926166296005249,,0.4614272713661194,0.4614272713661194,,,,
410,2871,,,1.46738600730896,,1.0026308298110962,1.0026308298110962,,,,
410,2872,,,1.2043192386627197,,0.7395508885383606,0.7395508885383606,,,,
410,2873,,,0.9446486830711365,,0.4798489511013031,0.4798489511013031,,,,
410,2874,,,0.702661395072937,,0.23785287141799927,0.23785287141799927,,,,
410,2875,,,0.8259594440460205,,0.36113616824150085,0.36113616824150085,,,,
410,2876,,,0.7142518758773804,,0.24940471351146698,0.24940471351146698,,,,
,410,,,,,,,,,0.6122456789016724,0.6122456789016724
410,2876,,,,,,,0.6122456789016724,0.6122456789016724,,
410,2876,0.5295644998550415,0.9943506717681885,,0.5295644998550415,,,,,,
411,2877,,,0.7102367877960205,,0.2453727275133133,0.2453727275133133,,,,
411,2878,,,1.2085673809051514,,0.7436860203742981,0.7436860203742981,,,,
411,2879,,,0.8228262066841125,,0.3579130470752716,0.3579130470752716,,,,
411,2880,,,1.1599538326263428,,0.6950260400772095,0.6950260400772095,,,,
411,2881,,,1.3094203472137451,,0.8444750308990479,0.8444750308990479,,,,
411,2882,,,0.7936058044433594,,0.32864633202552795,0.32864633202552795,,,,
411,2883,,,0.8663425445556641,,0.40136784315109253,0.40136784315109253,,,,
,411,,,,,,,,,0.6030619144439697,0.6030619144439697
411,2883,,,,,,,0.6030619740486145,0.6030619740486145,,
411,2883,0.5279422998428345,0.9928609728813171,,0.5279422998428345,,,,,,
412,2884,,,0.8394285440444946,,0.3744279444217682,0.3744279444217682,,,,
412,2885,,,0.8699449300765991,,0.4049225151538849,0.4049225151538849,,,,
412,2886,,,0.7518682479858398,,0.28683778643608093,0.28683778643608093,,,,
412,2887,,,1.0932432413101196,,0.6282039284706116,0.6282039284706116,,,,
412,2888,,,1.403968095779419,,0.9388944506645203,0.9388944506645203,,,,
412,2889,,,0.8732983469963074,,0.408206582069397,0.408206582069397,,,,
412,2890,,,1.2969870567321777,,0.8318647146224976,0.8318647146224976,,,,
,412,,,,,,,,,0.5962838530540466,0.5962838530540466
412,2890,,,,,,,0.5962838530540466,0.5962838530540466,,
412,2890,0.5260302424430847,0.9910778999328613,,0.5260302424430847,,,,,,
413,2891,,,0.7968882322311401,,0.3317714333534241,0.3317714333534241,,,,
413,2892,,,1.0269218683242798,,0.5617862343788147,0.5617862343788147,,,,
413,2893,,,1.3579299449920654,,0.8927728533744812,0.8927728533744812,,,,
413,2894,,,1.110822319984436,,0.6456612944602966,0.6456612944602966,,,,
413,2895,,,0.9413777589797974,,0.47619733214378357,0.47619733214378357,,,,
413,2896,,,0.7259610295295715,,0.26076817512512207,0.26076817512512207,,,,
413,2897,,,0.9380700588226318,,0.4728531539440155,0.4728531539440155,,,,
,413,,,,,,,,,0.5844544768333435,0.5844544768333435
413,2897,,,,,,,0.5844544768333435,0.5844544768333435,,
413,2897,0.5249062180519104,0.9900670647621155,,0.5249062180519104,,,,,,
414,2898,,,1.60020112991333,,1.134960651397705,1.134960651397705,,,,
414,2899,,,0.8881083130836487,,0.4228496253490448,0.4228496253490448,,,,
414,2900,,,0.728126585483551,,0.2628485858440399,0.2628485858440399,,,,
414,2901,,,0.962289571762085,,0.4969937801361084,0.4969937801361084,,,,
414,2902,,,0.8381571769714355,,0.3728434443473816,0.3728434443473816,,,,
414,2903,,,0.9490673542022705,,0.4837334156036377,0.4837334156036377,,,,
414,2904,,,0.8827437162399292,,0.4173920154571533,0.4173920154571533,,,,
,414,,,,,,,,,0.5834972858428955,0.5834972858428955
414,2904,,,,,,,0.5834973454475403,0.5834973454475403,,
414,2904,0.5224708318710327,0.987761378288269,,0.5224708318710327,,,,,,
415,2905,,,0.8646204471588135,,0.39925262331962585,0.39925262331962585,,,,
415,2906,,,0.915518045425415,,0.45012611150741577,0.45012611150741577,,,,
415,2907,,,0.6771143674850464,,0.21171121299266815,0.21171121299266815,,,,
415,2908,,,0.8930594325065613,,0.42764654755592346,0.42764654755592346,,,,
415,2909,,,0.7629799842834473,,0.29754573106765747,0.29754573106765747,,,,
415,2910,,,1.7158589363098145,,1.25040602684021,1.25040602684021,,,,
415,2911,,,1.2121723890304565,,0.7467008829116821,0.7467008829116821,,,,
,415,,,,,,,,,0.5962087512016296,0.5962087512016296
415,2911,,,,,,,0.5962087512016296,0.5962087512016296,,
415,2911,0.5202668309211731,0.9856809973716736,,0.5202668309211731,,,,,,
416,2912,,,0.6674256920814514,,0.2019287347793579,0.2019287347793579,,,,
416,2913,,,1.3770307302474976,,0.911523163318634,0.911523163318634,,,,
416,2914,,,1.1756802797317505,,0.7101706266403198,0.7101706266403198,,,,
416,2915,,,0.7480385899543762,,0.2824978232383728,0.2824978232383728,,,,
416,2916,,,1.2311336994171143,,0.7655792236328125,0.7655792236328125,,,,
416,2917,,,0.7985594272613525,,0.33298414945602417,0.33298414945602417,,,,
416,2918,,,0.7362818717956543,,0.270674467086792,0.270674467086792,,,,
,416,,,,,,,,,0.6101327538490295,0.6101327538490295
416,2918,,,,,,,0.6101327538490295,0.6101327538490295,,
416,2918,0.5186175107955933,0.9841528534889221,,0.5186175107955933,,,,,,
417,2919,,,0.9788137078285217,,0.5131980776786804,0.5131980776786804,,,,
417,2920,,,1.1608413457870483,,0.6951988935470581,0.6951988935470581,,,,
417,2921,,,1.4441807270050049,,0.9785094261169434,0.9785094261169434,,,,
417,2922,,,0.6953012943267822,,0.22960545122623444,0.22960545122623444,,,,
417,2923,,,0.7536579370498657,,0.2879534363746643,0.2879534363746643,,,,
417,2924,,,0.7020002007484436,,0.23627230525016785,0.23627230525016785,,,,
417,2925,,,1.413715124130249,,0.9479801654815674,0.9479801654815674,,,,
,417,,,,,,,,,0.5952745079994202,0.5952745079994202
417,2925,,,,,,,0.5952745079994202,0.5952745079994202,,
417,2925,0.5170556902885437,0.9827354550361633,,0.5170556902885437,,,,,,
418,2926,,,1.3585515022277832,,0.8928061723709106,0.8928061723709106,,,,
418,2927,,,0.6966190934181213,,0.23086759448051453,0.23086759448051453,,,,
418,2928,,,0.9124913215637207,,0.4467296600341797,0.4467296600341797,,,,
418,2929,,,1.0023969411849976,,0.5366166234016418,0.5366166234016418,,,,
418,2930,,,1.0749632120132446,,0.6091585159301758,0.6091585159301758,,,,
418,2931,,,0.9111557006835938,,0.44533419609069824,0.44533419609069824,,,,
418,2932,,,0.7875683307647705,,0.321727991104126,0.321727991104126,,,,
,418,,,,,,,,,0.5799242258071899,0.5799242258071899
418,2932,,,,,,,0.5799242258071899,0.5799242258071899,,
418,2932,0.5148487687110901,0.9806299209594727,,0.5148487687110901,,,,,,
419,2933,,,1.1010282039642334,,0.6351664066314697,0.6351664066314697,,,,
419,2934,,,0.9316625595092773,,0.4657830595970154,0.4657830595970154,,,,
419,2935,,,0.6777201890945435,,0.21181493997573853,0.21181493997573853,,,,
419,2936,,,0.9847809076309204,,0.5188639760017395,0.5188639760017395,,,,
419,2937,,,0.674633264541626,,0.20869064331054688,0.20869064331054688,,,,
419,2938,,,1.5787906646728516,,1.112842321395874,1.112842321395874,,,,
419,2939,,,0.7744026184082031,,0.3084414601325989,0.3084414601325989,,,,
,419,,,,,,,,,0.5664487481117249,0.5664487481117249
419,2939,,,,,,,0.5664487481117249,0.5664487481117249,,
419,2939,0.5127571225166321,0.9786693453788757,,0.5127571225166321,,,,,,
420,2940,,,0.728347659111023,,0.2623492181301117,0.2623492181301117,,,,
420,2941,,,0.7242183685302734,,0.25819283723831177,0.25819283723831177,,,,
420,2942,,,1.2238457202911377,,0.7578085660934448,0.7578085660934448,,,,
420,2943,,,1.2092820405960083,,0.7432234883308411,0.7432234883308411,,,,
420,2944,,,1.1307673454284668,,0.6647082567214966,0.6647082567214966,,,,
420,2945,,,0.838797390460968,,0.37271133065223694,0.37271133065223694,,,,
420,2946,,,1.0024319887161255,,0.5363230109214783,0.5363230109214783,,,,
,420,,,,,,,,,0.5617088675498962,0.5617088675498962
420,2946,,,,,,,0.5617088675498962,0.5617088675498962,,
420,2946,0.5113905072212219,0.9774385094642639,,0.5113905072212219,,,,,,
421,2947,,,0.8896905183792114,,0.42356470227241516,0.42356470227241516,,,,
421,2948,,,0.8861699104309082,,0.42002731561660767,0.42002731561660767,,,,
421,2949,,,0.9058787226676941,,0.43971380591392517,0.43971380591392517,,,,
421,2950,,,0.9730510711669922,,0.5068706274032593,0.5068706274032593,,,,
421,2951,,,1.3814406394958496,,0.9152417778968811,0.9152417778968811,,,,
421,2952,,,0.8531389236450195,,0.38693273067474365,0.38693273067474365,,,,
421,2953,,,0.8783935308456421,,0.4121611714363098,0.4121611714363098,,,,
,421,,,,,,,,,0.5632050633430481,0.5632050633430481
421,2953,,,,,,,0.5632050633430481,0.5632050633430481,,
421,2953,0.5093194842338562,0.9754929542541504,,0.5093194842338562,,,,,,
422,2954,,,0.783173680305481,,0.31692588329315186,0.31692588329315186,,,,
422,2955,,,1.1748554706573486,,0.7085933685302734,0.7085933685302734,,,,
422,2956,,,0.8723400235176086,,0.40606340765953064,0.40606340765953064,,,,
422,2957,,,0.7226479649543762,,0.25635236501693726,0.25635236501693726,,,,
422,2958,,,0.9788262844085693,,0.5125046968460083,0.5125046968460083,,,,
422,2959,,,1.4319082498550415,,0.9655634760856628,0.9655634760856628,,,,
422,2960,,,0.6563853025436401,,0.19003157317638397,0.19003157317638397,,,,
,422,,,,,,,,,0.5585269331932068,0.5585269331932068
422,2960,,,,,,,0.5585269331932068,0.5585269331932068,,
422,2960,0.5078063011169434,0.9741012454032898,,0.5078063011169434,,,,,,
423,2961,,,1.08535635471344,,0.618990421295166,0.618990421295166,,,,
423,2962,,,1.2679362297058105,,0.8015520572662354,0.8015520572662354,,,,
423,2963,,,0.851790726184845,,0.3854096531867981,0.3854096531867981,,,,
423,2964,,,0.7905770540237427,,0.32417529821395874,0.32417529821395874,,,,
423,2965,,,0.7658431529998779,,0.29942792654037476,0.29942792654037476,,,,
423,2966,,,1.0621111392974854,,0.5956772565841675,0.5956772565841675,,,,
423,2967,,,0.9919791221618652,,0.525520384311676,0.525520384311676,,,,
,423,,,,,,,,,0.5534716248512268,0.5534716248512268
423,2967,,,,,,,0.5534716248512268,0.5534716248512268,,
423,2967,0.5054593086242676,0.9718598127365112,,0.5054593086242676,,,,,,
424,2968,,,0.8165083527565002,,0.35003283619880676,0.35003283619880676,,,,
424,2969,,,1.2122259140014648,,0.7457313537597656,0.7457313537597656,,,,
424,2970,,,0.7299044132232666,,0.26338666677474976,0.26338666677474976,,,,
424,2971,,,0.6969188451766968,,0.2303810715675354,0.2303810715675354,,,,
424,2972,,,1.4766685962677002,,1.0101141929626465,1.0101141929626465,,,,
424,2973,,,0.8945344686508179,,0.42797911167144775,0.42797911167144775,,,,
424,2974,,,0.9565855860710144,,0.4900091290473938,0.4900091290473938,,,,
,424,,,,,,,,,0.5511637926101685,0.5511637926101685
424,2974,,,,,,,0.5511637926101685,0.5511637926101685,,
424,2974,0.5037456750869751,0.9702714085578918,,0.5037456750869751,,,,,,
425,2975,,,0.777891993522644,,0.3112960159778595,0.3112960159778595,,,,
425,2976,,,0.6624387502670288,,0.1958194375038147,0.1958194375038147,,,,
425,2977,,,0.7662396430969238,,0.2996120750904083,0.2996120750904083,,,,
425,2978,,,0.8406288623809814,,0.37396880984306335,0.37396880984306335,,,,
425,2979,,,1.1894819736480713,,0.7228080630302429,0.7228080630302429,,,,
425,2980,,,1.1428959369659424,,0.6761916279792786,0.6761916279792786,,,,
425,2981,,,2.136518716812134,,1.6698049306869507,1.6698049306869507,,,,
,425,,,,,,,,,0.5332159399986267,0.5332159399986267
425,2981,,,,,,,0.5332159399986267,0.5332159399986267,,
425,2981,0.5028820037841797,0.9695327877998352,,0.5028820037841797,,,,,,
426,2982,,,0.9675031900405884,,0.5008068680763245,0.5008068680763245,,,,
426,2983,,,0.8529075384140015,,0.3861920237541199,0.3861920237541199,,,,
426,2984,,,0.8105459213256836,,0.34382492303848267,0.34382492303848267,,,,
426,2985,,,0.8634017705917358,,0.39665693044662476,0.39665693044662476,,,,
426,2986,,,0.6531738638877869,,0.1864147037267685,0.1864147037267685,,,,
426,2987,,,1.6344891786575317,,1.1677205562591553,1.1677205562591553,,,,
426,2988,,,1.0299582481384277,,0.5631892681121826,0.5631892681121826,,,,
,426,,,,,,,,,0.5171046853065491,0.5171046853065491
426,2988,,,,,,,0.5171046853065491,0.5171046853065491,,
426,2988,0.50083327293396,0.9675695300102234,,0.50083327293396,,,,,,
427,2989,,,1.0191584825515747,,0.552349328994751,0.552349328994751,,,,
427,2990,,,0.959363579750061,,0.4925406277179718,0.4925406277179718,,,,
427,2991,,,1.4694194793701172,,1.0025758743286133,1.0025758743286133,,,,
427,2992,,,0.7908164262771606,,0.32396531105041504,0.32396531105041504,,,,
427,2993,,,0.8018420934677124,,0.33497104048728943,0.33497104048728943,,,,
427,2994,,,0.7887088060379028,,0.32182756066322327,0.32182756066322327,,,,
427,2995,,,0.8677015900611877,,0.40080082416534424,0.40080082416534424,,,,
,427,,,,,,,,,0.511236846446991,0.511236846446991
427,2995,,,,,,,0.511236846446991,0.511236846446991,,
427,2995,0.49859294295310974,0.9654426574707031,,0.49859294295310974,,,,,,
428,2996,,,1.125758409500122,,0.6588340401649475,0.6588340401649475,,,,
428,2997,,,0.7466188669204712,,0.27968403697013855,0.27968403697013855,,,,
428,2998,,,0.7209193706512451,,0.2539747953414917,0.2539747953414917,,,,
428,2999,,,0.8293577432632446,,0.3623941242694855,0.3623941242694855,,,,
428,3000,,,1.4756953716278076,,1.008712649345398,1.008712649345398,,,,
428,3001,,,0.9924262762069702,,0.5254268050193787,0.5254268050193787,,,,
428,3002,,,0.6798783540725708,,0.21286049485206604,0.21286049485206604,,,,
,428,,,,,,,,,0.5056246519088745,0.5056246519088745
428,3002,,,,,,,0.5056246519088745,0.5056246519088745,,
428,3002,0.4970743954181671,0.9640361666679382,,0.4970743954181671,,,,,,
429,3003,,,0.7293077707290649,,0.26227161288261414,0.26227161288261414,,,,
429,3004,,,0.6412004828453064,,0.17415490746498108,0.17415490746498108,,,,
429,3005,,,0.9088451266288757,,0.44178709387779236,0.44178709387779236,,,,
429,3006,,,1.7119394540786743,,1.2448630332946777,1.2448630332946777,,,,
429,3007,,,0.8516076803207397,,0.38452956080436707,0.38452956080436707,,,,
429,3008,,,1.042510747909546,,0.5754179358482361,0.5754179358482361,,,,
429,3009,,,0.6632219552993774,,0.1960957944393158,0.1960957944393158,,,,
,429,,,,,,,,,0.5059106945991516,0.5059106945991516
429,3009,,,,,,,0.5059106945991516,0.5059106945991516,,
429,3009,0.4951466917991638,0.9622148275375366,,0.4951466917991638,,,,,,
430,3010,,,0.7712589502334595,,0.30411994457244873,0.30411994457244873,,,,
430,3011,,,1.1039931774139404,,0.636836588382721,0.636836588382721,,,,
430,3012,,,0.8741065263748169,,0.4069325923919678,0.4069325923919678,,,,
430,3013,,,0.7518310546875,,0.28463953733444214,0.28463953733444214,,,,
430,3014,,,1.20725417137146,,0.7400507926940918,0.7400507926940918,,,,
430,3015,,,0.92587810754776,,0.4586811661720276,0.4586811661720276,,,,
430,3016,,,1.305192232131958,,0.8379695415496826,0.8379695415496826,,,,
,430,,,,,,,,,0.508590817451477,0.508590817451477
430,3016,,,,,,,0.508590817451477,0.508590817451477,,
430,3016,0.4934116303920746,0.960591197013855,,0.4934116303920746,,,,,,
431,3017,,,0.898707389831543,,0.43144911527633667,0.43144911527633667,,,,
431,3018,,,0.860105037689209,,0.3928282558917999,0.3928282558917999,,,,
431,3019,,,1.3640941381454468,,0.8967899680137634,0.8967899680137634,,,,
431,3020,,,0.740351676940918,,0.2730286717414856,0.2730286717414856,,,,
431,3021,,,1.2525533437728882,,0.785211980342865,0.785211980342865,,,,
431,3022,,,0.761564314365387,,0.294219046831131,0.294219046831131,,,,
431,3023,,,0.6402310729026794,,0.17286808788776398,0.17286808788776398,,,,
,431,,,,,,,,,0.5064061880111694,0.5064061880111694
431,3023,,,,,,,0.5064061880111694,0.5064061880111694,,
431,3023,0.4922906160354614,0.9596019983291626,,0.4922906160354614,,,,,,
432,3024,,,1.5359394550323486,,1.0685628652572632,1.0685628652572632,,,,
432,3025,,,0.9028458595275879,,0.43545955419540405,0.43545955419540405,,,,
432,3026,,,0.7711082696914673,,0.3037065863609314,0.3037065863609314,,,,
432,3027,,,0.9078370332717896,,0.44042015075683594,0.44042015075683594,,,,
432,3028,,,0.9550409317016602,,0.48761704564094543,0.48761704564094543,,,,
432,3029,,,0.7736637592315674,,0.3062175214290619,0.3062175214290619,,,,
432,3030,,,0.6896981000900269,,0.22223550081253052,0.22223550081253052,,,,
,432,,,,,,,,,0.49222877621650696,0.49222877621650696
432,3030,,,,,,,0.49222877621650696,0.49222877621650696,,
432,3030,0.49024656414985657,0.9576584100723267,,0.49024656414985657,,,,,,
433,3031,,,0.6765650510787964,,0.20908263325691223,0.20908263325691223,,,,
433,3032,,,1.370752215385437,,0.9032620787620544,0.9032620787620544,,,,
433,3033,,,1.1414505243301392,,0.6739548444747925,0.6739548444747925,,,,
433,3034,,,0.8723815083503723,,0.40486854314804077,0.40486854314804077,,,,
433,3035,,,0.7454612255096436,,0.27792516350746155,0.27792516350746155,,,,
433,3036,,,1.0450661182403564,,0.5775100588798523,0.5775100588798523,,,,
433,3037,,,0.6624851822853088,,0.19491605460643768,0.19491605460643768,,,,
,433,,,,,,,,,0.47627556324005127,0.47627556324005127
433,3037,,,,,,,0.47627559304237366,0.47627559304237366,,
433,3037,0.4893642067909241,0.9568798542022705,,0.4893642067909241,,,,,,
434,3038,,,0.9473162293434143,,0.4797295331954956,0.4797295331954956,,,,
434,3039,,,0.9171075820922852,,0.44951122999191284,0.44951122999191284,,,,
434,3040,,,0.6971940398216248,,0.2295757681131363,0.2295757681131363,,,,
434,3041,,,0.8224915266036987,,0.35486581921577454,0.35486581921577454,,,,
434,3042,,,1.5116493701934814,,1.044008493423462,1.044008493423462,,,,
434,3043,,,0.9102904796600342,,0.44264665246009827,0.44264665246009827,,,,
434,3044,,,0.7557252645492554,,0.2880558669567108,0.2880558669567108,,,,
,434,,,,,,,,,0.47330886125564575,0.47330886125564575
434,3044,,,,,,,0.47330886125564575,0.47330886125564575,,
434,3044,0.4875856637954712,0.9552072286605835,,0.4875856637954712,,,,,,
435,3045,,,1.4996626377105713,,1.0319684743881226,1.0319684743881226,,,,
435,3046,,,0.776389479637146,,0.308700829744339,0.308700829744339,,,,
435,3047,,,0.8489412069320679,,0.38123708963394165,0.38123708963394165,,,,
435,3048,,,0.7330787181854248,,0.2653665542602539,0.2653665542602539,,,,
435,3049,,,1.096817970275879,,0.629092276096344,0.629092276096344,,,,
435,3050,,,0.7596349716186523,,0.29187634587287903,0.29187634587287903,,,,
435,3051,,,0.9627310633659363,,0.49496129155158997,0.49496129155158997,,,,
,435,,,,,,,,,0.4576300084590912,0.4576300084590912
435,3051,,,,,,,0.4576300084590912,0.4576300084590912,,
435,3051,0.4853101372718811,0.9530273079872131,,0.4853101372718811,,,,,,
436,3052,,,0.6997228860855103,,0.23192070424556732,0.23192070424556732,,,,
436,3053,,,0.8022238612174988,,0.33440232276916504,0.33440232276916504,,,,
436,3054,,,0.6502687335014343,,0.18242426216602325,0.18242426216602325,,,,
436,3055,,,1.8379509449005127,,1.370101809501648,1.370101809501648,,,,
436,3056,,,0.931672990322113,,0.4638265371322632,0.4638265371322632,,,,
436,3057,,,0.7604396939277649,,0.29257068037986755,0.29257068037986755,,,,
436,3058,,,1.0231971740722656,,0.5553114414215088,0.5553114414215088,,,,
,436,,,,,,,,,0.4521203339099884,0.4521203339099884
436,3058,,,,,,,0.4521203339099884,0.4521203339099884,,
436,3058,0.48368436098098755,0.9515259861946106,,0.48368436098098755,,,,,,
437,3059,,,1.5099866390228271,,1.0420624017715454,1.0420624017715454,,,,
437,3060,,,1.027243971824646,,0.5593066215515137,0.5593066215515137,,,,
437,3061,,,1.0005102157592773,,0.5325492024421692,0.5325492024421692,,,,
437,3062,,,0.6824783682823181,,0.21450525522232056,0.21450525522232056,,,,
437,3063,,,0.7086195945739746,,0.2406340092420578,0.2406340092420578,,,,
437,3064,,,0.7173019051551819,,0.24930281937122345,0.24930281937122345,,,,
437,3065,,,1.0900427103042603,,0.6220264434814453,0.6220264434814453,,,,
,437,,,,,,,,,0.4586954414844513,0.4586954414844513
437,3065,,,,,,,0.4586954414844513,0.4586954414844513,,
437,3065,0.48182278871536255,0.94978928565979,,0.48182278871536255,,,,,,
438,3066,,,0.9026893377304077,,0.4346466660499573,0.4346466660499573,,,,
438,3067,,,1.1157705783843994,,0.6477257609367371,0.6477257609367371,,,,
438,3068,,,0.8552291393280029,,0.3871673345565796,0.3871673345565796,,,,
438,3069,,,0.6981787085533142,,0.2301023304462433,0.2301023304462433,,,,
438,3070,,,1.3838223218917847,,0.9157304763793945,0.9157304763793945,,,,
438,3071,,,0.8268570899963379,,0.358755499124527,0.358755499124527,,,,
438,3072,,,0.7107301354408264,,0.242605060338974,0.242605060338974,,,,
,438,,,,,,,,,0.4597860872745514,0.4597860872745514
438,3072,,,,,,,0.4597860872745514,0.4597860872745514,,
438,3072,0.4808008074760437,0.9488738775253296,,0.4808008074760437,,,,,,
439,3073,,,0.622221827507019,,0.1540677845478058,0.1540677845478058,,,,
439,3074,,,1.3951948881149292,,0.9270330667495728,0.9270330667495728,,,,
439,3075,,,0.8861614465713501,,0.41799110174179077,0.41799110174179077,,,,
439,3076,,,0.942155122756958,,0.47396713495254517,0.47396713495254517,,,,
439,3077,,,0.9715144634246826,,0.5033164620399475,0.5033164620399475,,,,
439,3078,,,0.9177773594856262,,0.44956618547439575,0.44956618547439575,,,,
439,3079,,,0.8002228736877441,,0.3319878578186035,0.3319878578186035,,,,
,439,,,,,,,,,0.4447158873081207,0.4447158873081207
439,3079,,,,,,,0.4447158873081207,0.4447158873081207,,
439,3079,0.4784999191761017,0.9466837644577026,,0.4784999191761017,,,,,,
440,3080,,,1.2888226509094238,,0.8205575346946716,0.8205575346946716,,,,
440,3081,,,0.7578874826431274,,0.28961580991744995,0.28961580991744995,,,,
440,3082,,,0.7228058576583862,,0.2545163631439209,0.2545163631439209,,,,
440,3083,,,0.6730043292045593,,0.20469680428504944,0.20469680428504944,,,,
440,3084,,,1.2904751300811768,,0.8221482038497925,0.8221482038497925,,,,
440,3085,,,0.6860700845718384,,0.2177252173423767,0.2177252173423767,,,,
440,3086,,,1.624375820159912,,1.156023621559143,1.156023621559143,,,,
,440,,,,,,,,,0.44929343461990356,0.44929343461990356
440,3086,,,,,,,0.44929343461990356,0.44929343461990356,,
440,3086,0.4772970974445343,0.9456009864807129,,0.4772970974445343,,,,,,
441,3087,,,1.0234547853469849,,0.5550742745399475,0.5550742745399475,,,,
441,3088,,,0.8147626519203186,,0.3463706970214844,0.3463706970214844,,,,
441,3089,,,0.7830724716186523,,0.31467607617378235,0.31467607617378235,,,,
441,3090,,,1.3922972679138184,,0.9238817691802979,0.9238817691802979,,,,
441,3091,,,0.9615628719329834,,0.4931425154209137,0.4931425154209137,,,,
441,3092,,,0.7491313219070435,,0.28068608045578003,0.28068608045578003,,,,
441,3093,,,0.7742018699645996,,0.3057354688644409,0.3057354688644409,,,,
,441,,,,,,,,,0.46157804131507874,0.46157804131507874
441,3093,,,,,,,0.46157804131507874,0.46157804131507874,,
441,3093,0.4750560224056244,0.9434677362442017,,0.4750560224056244,,,,,,
442,3094,,,1.2242767810821533,,0.7557969093322754,0.7557969093322754,,,,
442,3095,,,0.9177299737930298,,0.44922229647636414,0.44922229647636414,,,,
442,3096,,,0.7899527549743652,,0.32143542170524597,0.32143542170524597,,,,
442,3097,,,0.8013334274291992,,0.3327997326850891,0.3327997326850891,,,,
442,3098,,,0.7351201176643372,,0.2665713131427765,0.2665713131427765,,,,
442,3099,,,0.7308719158172607,,0.26230961084365845,0.26230961084365845,,,,
442,3100,,,2.1634442806243896,,1.6948615312576294,1.6948615312576294,,,,
,442,,,,,,,,,0.45718657970428467,0.45718657970428467
442,3100,,,,,,,0.4571865499019623,0.4571865499019623,,
442,3100,0.47430717945098877,0.9428356289863586,,0.47430717945098877,,,,,,
443,3101,,,0.6738989949226379,,0.20533575117588043,0.20533575117588043,,,,
443,3102,,,1.1512887477874756,,0.682724118232727,0.682724118232727,,,,
443,3103,,,0.7309277057647705,,0.2623497545719147,0.2623497545719147,,,,
443,3104,,,1.3998470306396484,,0.931248128414154,0.931248128414154,,,,
443,3105,,,0.7667384147644043,,0.2981317937374115,0.2981317937374115,,,,
443,3106,,,0.7876864075660706,,0.3190673291683197,0.3190673291683197,,,,
443,3107,,,1.308471918106079,,0.8398397564888,0.8398397564888,,,,
,443,,,,,,,,,0.4451538324356079,0.4451538324356079
443,3107,,,,,,,0.4451538622379303,0.4451538622379303,,
443,3107,0.4727523922920227,0.9413434267044067,,0.4727523922920227,,,,,,
444,3108,,,0.9742457866668701,,0.5056130290031433,0.5056130290031433,,,,
444,3109,,,1.0964057445526123,,0.6277564167976379,0.6277564167976379,,,,
444,3110,,,0.6095775365829468,,0.14091414213180542,0.14091414213180542,,,,
444,3111,,,1.237548828125,,0.7688825130462646,0.7688825130462646,,,,
444,3112,,,0.7527797222137451,,0.284116268157959,0.284116268157959,,,,
444,3113,,,0.9819934368133545,,0.5133251547813416,0.5133251547813416,,,,
444,3114,,,0.8891927599906921,,0.4204989969730377,0.4204989969730377,,,,
,444,,,,,,,,,0.439491331577301,0.439491331577301
444,3114,,,,,,,0.439491331577301,0.439491331577301,,
444,3114,0.47032076120376587,0.9389802813529968,,0.47032076120376587,,,,,,
445,3115,,,0.6152814626693726,,0.14657530188560486,0.14657530188560486,,,,
445,3116,,,0.9276754856109619,,0.45896515250205994,0.45896515250205994,,,,
445,3117,,,0.732810378074646,,0.26408347487449646,0.26408347487449646,,,,
445,3118,,,1.1791965961456299,,0.7104548215866089,0.7104548215866089,,,,
445,3119,,,1.1000034809112549,,0.6312398314476013,0.6312398314476013,,,,
445,3120,,,1.1815874576568604,,0.7128011584281921,0.7128011584281921,,,,
445,3121,,,0.64800626039505,,0.17922578752040863,0.17922578752040863,,,,
,445,,,,,,,,,0.4428170621395111,0.4428170621395111
445,3121,,,,,,,0.4428170621395111,0.4428170621395111,,
445,3121,0.4692281484603882,0.9379698038101196,,0.4692281484603882,,,,,,
446,3122,,,0.8200627565383911,,0.35127490758895874,0.35127490758895874,,,,
446,3123,,,0.6744009852409363,,0.20559751987457275,0.20559751987457275,,,,
446,3124,,,0.8770670294761658,,0.40826231241226196,0.40826231241226196,,,,
446,3125,,,1.111730933189392,,0.6429153680801392,0.6429153680801392,,,,
446,3126,,,0.7700855731964111,,0.3012610375881195,0.3012610375881195,,,,
446,3127,,,1.4627628326416016,,0.9939134120941162,0.9939134120941162,,,,
446,3128,,,0.6753416657447815,,0.20649005472660065,0.20649005472660065,,,,
,446,,,,,,,,,0.44023096561431885,0.44023096561431885
446,3128,,,,,,,0.44023099541664124,0.44023099541664124,,
446,3128,0.4675542414188385,0.9363706707954407,,0.4675542414188385,,,,,,
447,3129,,,1.4317553043365479,,0.962886393070221,0.962886393070221,,,,
447,3130,,,0.8094437122344971,,0.3405734896659851,0.3405734896659851,,,,
447,3131,,,0.8108559846878052,,0.3419705033302307,0.3419705033302307,,,,
447,3132,,,0.7446922063827515,,0.2757936120033264,0.2757936120033264,,,,
447,3133,,,1.0065628290176392,,0.53765469789505,0.53765469789505,,,,
447,3134,,,0.9208661317825317,,0.45194298028945923,0.45194298028945923,,,,
447,3135,,,0.6271066665649414,,0.158169686794281,0.158169686794281,,,,
,447,,,,,,,,,0.43177279829978943,0.43177279829978943
447,3135,,,,,,,0.43177279829978943,0.43177279829978943,,
447,3135,0.46590352058410645,0.9347985982894897,,0.46590352058410645,,,,,,
448,3136,,,0.7578321695327759,,0.2888842523097992,0.2888842523097992,,,,
448,3137,,,1.4944740533828735,,1.0255166292190552,1.0255166292190552,,,,
448,3138,,,0.9605463147163391,,0.49158328771591187,0.49158328771591187,,,,
448,3139,,,0.7302802801132202,,0.26129844784736633,0.26129844784736633,,,,
448,3140,,,0.7014368772506714,,0.2324511557817459,0.2324511557817459,,,,
448,3141,,,1.0247511863708496,,0.5557585954666138,0.5557585954666138,,,,
448,3142,,,0.7498090267181396,,0.28080111742019653,0.28080111742019653,,,,
,448,,,,,,,,,0.42368248105049133,0.42368248105049133
448,3142,,,,,,,0.42368248105049133,0.42368248105049133,,
448,3142,0.4644381105899811,0.933411717414856,,0.4644381105899811,,,,,,
449,3143,,,1.4914071559906006,,1.02237069606781,1.02237069606781,,,,
449,3144,,,0.7016105651855469,,0.2325645238161087,0.2325645238161087,,,,
449,3145,,,0.6476893424987793,,0.17863106727600098,0.17863106727600098,,,,
449,3146,,,0.9861285090446472,,0.5170618891716003,0.5170618891716003,,,,
449,3147,,,1.033816933631897,,0.5647517442703247,0.5647517442703247,,,,
449,3148,,,0.7953136563301086,,0.3262237012386322,0.3262237012386322,,,,
449,3149,,,0.7579724192619324,,0.2888689637184143,0.2888689637184143,,,,
,449,,,,,,,,,0.4109331965446472,0.4109331965446472
449,3149,,,,,,,0.4109331965446472,0.4109331965446472,,
449,3149,0.46273404359817505,0.9317970275878906,,0.46273404359817505,,,,,,
450,3150,,,0.6231956481933594,,0.15406766533851624,0.15406766533851624,,,,
450,3151,,,0.8705993294715881,,0.40146204829216003,0.40146204829216003,,,,
450,3152,,,0.689221978187561,,0.22006405889987946,0.22006405889987946,,,,
450,3153,,,0.9701257944107056,,0.5009559988975525,0.5009559988975525,,,,
450,3154,,,0.7585420608520508,,0.2893519699573517,0.2893519699573517,,,,
450,3155,,,1.5127005577087402,,1.0434961318969727,1.0434961318969727,,,,
450,3156,,,1.3536410331726074,,0.8844484090805054,0.8844484090805054,,,,
,450,,,,,,,,,0.4009263217449188,0.4009263217449188
450,3156,,,,,,,0.4009263217449188,0.4009263217449188,,
450,3156,0.4613436758518219,0.9305099248886108,,0.4613436758518219,,,,,,
451,3157,,,1.1057820320129395,,0.636539101600647,0.636539101600647,,,,
451,3158,,,0.8520885705947876,,0.38281404972076416,0.38281404972076416,,,,
451,3159,,,0.6035448908805847,,0.13427084684371948,0.13427084684371948,,,,
451,3160,,,0.9228063225746155,,0.45352503657341003,0.45352503657341003,,,,
451,3161,,,1.4155020713806152,,0.946209192276001,0.946209192276001,,,,
451,3162,,,0.8095630407333374,,0.340254008769989,0.340254008769989,,,,
451,3163,,,0.5785620212554932,,0.10923072695732117,0.10923072695732117,,,,
,451,,,,,,,,,0.3998521864414215,0.3998521864414215
451,3163,,,,,,,0.3998521864414215,0.3998521864414215,,
451,3163,0.46032533049583435,0.9296075701713562,,0.46032533049583435,,,,,,
452,3164,,,0.7876774072647095,,0.3183440864086151,0.3183440864086151,,,,
452,3165,,,1.0333123207092285,,0.5639656782150269,0.5639656782150269,,,,
452,3166,,,0.7504730224609375,,0.28111499547958374,0.28111499547958374,,,,
452,3167,,,1.4555507898330688,,0.9861876368522644,0.9861876368522644,,,,
452,3168,,,0.629271388053894,,0.159899041056633,0.159899041056633,,,,
452,3169,,,0.8247442245483398,,0.35536423325538635,0.35536423325538635,,,,
452,3170,,,1.1557424068450928,,0.686349093914032,0.686349093914032,,,,
,452,,,,,,,,,0.4095178544521332,0.4095178544521332
452,3170,,,,,,,0.4095178544521332,0.4095178544521332,,
452,3170,0.4583932161331177,0.9277541041374207,,0.4583932161331177,,,,,,
453,3171,,,0.8040263652801514,,0.3346058130264282,0.3346058130264282,,,,
453,3172,,,1.6058785915374756,,1.136446237564087,1.136446237564087,,,,
453,3173,,,0.9215375185012817,,0.4520971477031708,0.4520971477031708,,,,
453,3174,,,0.6679357290267944,,0.19846990704536438,0.19846990704536438,,,,
453,3175,,,0.6322101950645447,,0.16272757947444916,0.16272757947444916,,,,
453,3176,,,0.7409156560897827,,0.27142345905303955,0.27142345905303955,,,,
453,3177,,,1.4183695316314697,,0.9488700032234192,0.9488700032234192,,,,
,453,,,,,,,,,0.4106551706790924,0.4106551706790924
453,3177,,,,,,,0.4106551706790924,0.4106551706790924,,
453,3177,0.45672106742858887,0.9261792302131653,,0.45672106742858887,,,,,,
454,3178,,,0.6991190910339355,,0.2296164184808731,0.2296164184808731,,,,
454,3179,,,0.9863834977149963,,0.5168639421463013,0.5168639421463013,,,,
454,3180,,,0.8064809441566467,,0.336952805519104,0.336952805519104,,,,
454,3181,,,0.6565409898757935,,0.18698935210704803,0.18698935210704803,,,,
454,3182,,,0.8606587648391724,,0.3911035656929016,0.3911035656929016,,,,
454,3183,,,1.4266996383666992,,0.9571279287338257,0.9571279287338257,,,,
454,3184,,,1.2311880588531494,,0.7616192102432251,0.7616192102432251,,,,
,454,,,,,,,,,0.4148428440093994,0.4148428440093994
454,3184,,,,,,,0.4148428440093994,0.4148428440093994,,
454,3184,0.45557036995887756,0.9251103401184082,,0.45557036995887756,,,,,,
455,3185,,,1.0732934474945068,,0.6037132143974304,0.6037132143974304,,,,
455,3186,,,1.3294355869293213,,0.8598458766937256,0.8598458766937256,,,,
455,3187,,,0.8123456239700317,,0.3427593410015106,0.3427593410015106,,,,
455,3188,,,0.9166308641433716,,0.4470311403274536,0.4470311403274536,,,,
455,3189,,,0.8274281024932861,,0.35781633853912354,0.35781633853912354,,,,
455,3190,,,0.6768959760665894,,0.20727527141571045,0.20727527141571045,,,,
455,3191,,,0.6655701994895935,,0.19593624770641327,0.19593624770641327,,,,
,455,,,,,,,,,0.41646063327789307,0.41646063327789307
455,3191,,,,,,,0.41646066308021545,0.41646066308021545,,
455,3191,0.453634113073349,0.923234224319458,,0.453634113073349,,,,,,
456,3192,,,0.7360368967056274,,0.2663888931274414,0.2663888931274414,,,,
456,3193,,,0.814720869064331,,0.3450659513473511,0.3450659513473511,,,,
456,3194,,,0.7956752777099609,,0.326011061668396,0.326011061668396,,,,
456,3195,,,1.4061506986618042,,0.936470091342926,0.936470091342926,,,,
456,3196,,,0.8966546654701233,,0.42697155475616455,0.42697155475616455,,,,
456,3197,,,0.9136456251144409,,0.44394540786743164,0.44394540786743164,,,,
456,3198,,,0.8377671241760254,,0.36805716156959534,0.36805716156959534,,,,
,456,,,,,,,,,0.423241525888443,0.423241525888443
456,3198,,,,,,,0.423241525888443,0.423241525888443,,
456,3198,0.45221561193466187,0.9218897223472595,,0.45221561193466187,,,,,,
457,3199,,,1.2260581254959106,,0.7563408613204956,0.7563408613204956,,,,
457,3200,,,0.9064890146255493,,0.4367755055427551,0.4367755055427551,,,,
457,3201,,,0.7095479965209961,,0.23982450366020203,0.23982450366020203,,,,
457,3202,,,1.2241504192352295,,0.7544126510620117,0.7544126510620117,,,,
457,3203,,,0.7023110389709473,,0.23257789015769958,0.23257789015769958,,,,
457,3204,,,0.8416930437088013,,0.3719540238380432,0.3719540238380432,,,,
457,3205,,,0.6796733140945435,,0.2099105715751648,0.2099105715751648,,,,
,457,,,,,,,,,0.41882216930389404,0.41882216930389404
457,3205,,,,,,,0.41882213950157166,0.41882213950157166,,
457,3205,0.4502905011177063,0.9200199246406555,,0.4502905011177063,,,,,,
458,3206,,,0.696410059928894,,0.2266230434179306,0.2266230434179306,,,,
458,3207,,,0.9041951894760132,,0.434390664100647,0.434390664100647,,,,
458,3208,,,0.9235852360725403,,0.45376086235046387,0.45376086235046387,,,,
458,3209,,,0.7803583145141602,,0.310517281293869,0.310517281293869,,,,
458,3210,,,0.9420801401138306,,0.4722301959991455,0.4722301959991455,,,,
458,3211,,,0.7028545141220093,,0.23299774527549744,0.23299774527549744,,,,
458,3212,,,2.3948888778686523,,1.9250166416168213,1.9250166416168213,,,,
,458,,,,,,,,,0.40771597623825073,0.40771597623825073
458,3212,,,,,,,0.40771597623825073,0.40771597623825073,,
458,3212,0.44743549823760986,0.9172653555870056,,0.44743549823760986,,,,,,
459,3213,,,0.9081408977508545,,0.43828755617141724,0.43828755617141724,,,,
459,3214,,,1.5367885828018188,,1.0669238567352295,1.0669238567352295,,,,
459,3215,,,0.9855733513832092,,0.5157018303871155,0.5157018303871155,,,,
459,3216,,,0.613527774810791,,0.1436428427696228,0.1436428427696228,,,,
459,3217,,,0.7812157869338989,,0.31133049726486206,0.31133049726486206,,,,
459,3218,,,0.7446216940879822,,0.27472394704818726,0.27472394704818726,,,,
459,3219,,,0.6879262924194336,,0.21802634000778198,0.21802634000778198,,,,
,459,,,,,,,,,0.39110517501831055,0.39110517501831055
459,3219,,,,,,,0.39110517501831055,0.39110517501831055,,
459,3219,0.44429340958595276,0.914171040058136,,0.44429340958595276,,,,,,
460,3220,,,0.9193755984306335,,0.4494624733924866,0.4494624733924866,,,,
460,3221,,,0.6509952545166016,,0.18108296394348145,0.18108296394348145,,,,
460,3222,,,1.3874882459640503,,0.9175683856010437,0.9175683856010437,,,,
460,3223,,,1.0782197713851929,,0.6082940101623535,0.6082940101623535,,,,
460,3224,,,0.72995924949646,,0.2600068151950836,0.2600068151950836,,,,
460,3225,,,0.6994467973709106,,0.2294924110174179,0.2294924110174179,,,,
460,3226,,,0.9184390306472778,,0.448480486869812,0.448480486869812,,,,
,460,,,,,,,,,0.37972965836524963,0.37972965836524963
460,3226,,,,,,,0.37972965836524963,0.37972965836524963,,
460,3226,0.44142547249794006,0.9113567471504211,,0.44142547249794006,,,,,,
461,3227,,,1.4961735010147095,,1.0261932611465454,1.0261932611465454,,,,
461,3228,,,0.6085835099220276,,0.1385982483625412,0.1385982483625412,,,,
461,3229,,,0.9829926490783691,,0.5130063891410828,0.5130063891410828,,,,
461,3230,,,0.7500556707382202,,0.2800576686859131,0.2800576686859131,,,,
461,3231,,,0.9475942850112915,,0.47758129239082336,0.47758129239082336,,,,
461,3232,,,0.6729400753974915,,0.20291033387184143,0.20291033387184143,,,,
461,3233,,,0.9078594446182251,,0.43782076239585876,0.43782076239585876,,,,
,461,,,,,,,,,0.38360345363616943,0.38360345363616943
461,3233,,,,,,,0.38360342383384705,0.38360342383384705,,
461,3233,0.4396125078201294,0.9096136689186096,,0.4396125078201294,,,,,,
462,3234,,,0.6466186046600342,,0.17657417058944702,0.17657417058944702,,,,
462,3235,,,0.9622941613197327,,0.49224159121513367,0.49224159121513367,,,,
462,3236,,,1.402858018875122,,0.9327980279922485,0.9327980279922485,,,,
462,3237,,,0.6594882607460022,,0.18941913545131683,0.18941913545131683,,,,
462,3238,,,1.0380131006240845,,0.5679359436035156,0.5679359436035156,,,,
462,3239,,,0.8655240535736084,,0.3954358994960785,0.3954358994960785,,,,
462,3240,,,0.5688453316688538,,0.09874405711889267,0.09874405711889267,,,,
,462,,,,,,,,,0.38997796177864075,0.38997796177864075
462,3240,,,,,,,0.38997796177864075,0.38997796177864075,,
462,3240,0.43787193298339844,0.9079392552375793,,0.43787193298339844,,,,,,
463,3241,,,0.9596545100212097,,0.4895501434803009,0.4895501434803009,,,,
463,3242,,,0.9681804776191711,,0.4980787932872772,0.4980787932872772,,,,
463,3243,,,0.6822858452796936,,0.2121671438217163,0.2121671438217163,,,,
463,3244,,,0.85373854637146,,0.38360899686813354,0.38360899686813354,,,,
463,3245,,,0.8527673482894897,,0.3826195001602173,0.3826195001602173,,,,
463,3246,,,0.6145122051239014,,0.1443517655134201,0.1443517655134201,,,,
463,3247,,,2.266627550125122,,1.7964602708816528,1.7964602708816528,,,,
,463,,,,,,,,,0.38449564576148987,0.38449564576148987
463,3247,,,,,,,0.38449564576148987,0.38449564576148987,,
463,3247,0.4367135763168335,0.9068430066108704,,0.4367135763168335,,,,,,
464,3248,,,0.9342128038406372,,0.46405935287475586,0.46405935287475586,,,,
464,3249,,,0.6614829897880554,,0.19131363928318024,0.19131363928318024,,,,
464,3250,,,0.785423994064331,,0.3152475357055664,0.3152475357055664,,,,
464,3251,,,1.1421606540679932,,0.6719645857810974,0.6719645857810974,,,,
464,3252,,,1.173038363456726,,0.7028408050537109,0.7028408050537109,,,,
464,3253,,,0.8594882488250732,,0.3893011510372162,0.3893011510372162,,,,
464,3254,,,0.5838143825531006,,0.11361168324947357,0.11361168324947357,,,,
,464,,,,,,,,,0.36995455622673035,0.36995455622673035
464,3254,,,,,,,0.36995455622673035,0.36995455622673035,,
464,3254,0.43565982580184937,0.9058411717414856,,0.43565982580184937,,,,,,
465,3255,,,0.7544494867324829,,0.2842476963996887,0.2842476963996887,,,,
465,3256,,,1.068871259689331,,0.5986628532409668,0.5986628532409668,,,,
465,3257,,,0.629753589630127,,0.15954194962978363,0.15954194962978363,,,,
465,3258,,,0.9622873067855835,,0.49206873774528503,0.49206873774528503,,,,
465,3259,,,0.6329995393753052,,0.16276001930236816,0.16276001930236816,,,,
465,3260,,,1.4786961078643799,,1.008454442024231,1.008454442024231,,,,
465,3261,,,0.6335003972053528,,0.16325829923152924,0.16325829923152924,,,,
,465,,,,,,,,,0.3610226511955261,0.3610226511955261
465,3261,,,,,,,0.3610226511955261,0.3610226511955261,,
465,3261,0.4340325593948364,0.904254138469696,,0.4340325593948364,,,,,,
466,3262,,,0.6610227227210999,,0.19076885282993317,0.19076885282993317,,,,
466,3263,,,1.2336100339889526,,0.763343870639801,0.763343870639801,,,,
466,3264,,,0.959037721157074,,0.48877421021461487,0.48877421021461487,,,,
466,3265,,,0.8306246995925903,,0.36035940051078796,0.36035940051078796,,,,
466,3266,,,0.8512796759605408,,0.3810144066810608,0.3810144066810608,,,,
466,3267,,,0.8852537274360657,,0.4149787724018097,0.4149787724018097,,,,
466,3268,,,0.8953927755355835,,0.42509815096855164,0.42509815096855164,,,,
,466,,,,,,,,,0.3656795918941498,0.3656795918941498
466,3268,,,,,,,0.3656795918941498,0.3656795918941498,,
466,3268,0.4327296316623688,0.902996301651001,,0.4327296316623688,,,,,,
467,3269,,,0.6889826655387878,,0.21867963671684265,0.21867963671684265,,,,
467,3270,,,1.0443998575210571,,0.574091374874115,0.574091374874115,,,,
467,3271,,,1.2367340326309204,,0.7663967609405518,0.7663967609405518,,,,
467,3272,,,1.0667802095413208,,0.5964489579200745,0.5964489579200745,,,,
467,3273,,,0.6509666442871094,,0.1806306689977646,0.1806306689977646,,,,
467,3274,,,0.7658517956733704,,0.2955127954483032,0.2955127954483032,,,,
467,3275,,,0.7819561958312988,,0.3116071820259094,0.3116071820259094,,,,
,467,,,,,,,,,0.37193772196769714,0.37193772196769714
467,3275,,,,,,,0.37193772196769714,0.37193772196769714,,
467,3275,0.4311549663543701,0.9014821648597717,,0.4311549663543701,,,,,,
468,3276,,,0.769389271736145,,0.29902252554893494,0.29902252554893494,,,,
468,3277,,,0.8247878551483154,,0.3544071912765503,0.3544071912765503,,,,
468,3278,,,0.6747549772262573,,0.20436012744903564,0.20436012744903564,,,,
468,3279,,,1.0148111581802368,,0.5444052815437317,0.5444052815437317,,,,
468,3280,,,0.7209115028381348,,0.25048479437828064,0.25048479437828064,,,,
468,3281,,,1.5071604251861572,,1.0367153882980347,1.0367153882980347,,,,
468,3282,,,0.612895131111145,,0.14246653020381927,0.14246653020381927,,,,
,468,,,,,,,,,0.3728675842285156,0.3728675842285156
468,3282,,,,,,,0.3728675842285156,0.3728675842285156,,
468,3282,0.4302463233470917,0.9006510972976685,,0.4302463233470917,,,,,,
469,3283,,,0.6028077006340027,,0.13237319886684418,0.13237319886684418,,,,
469,3284,,,0.6947615146636963,,0.2243225872516632,0.2243225872516632,,,,
469,3285,,,0.6717820167541504,,0.20133639872074127,0.20133639872074127,,,,
469,3286,,,1.7512531280517578,,1.2807989120483398,1.2807989120483398,,,,
469,3287,,,0.7727940082550049,,0.30234500765800476,0.30234500765800476,,,,
469,3288,,,0.8457768559455872,,0.37531256675720215,0.37531256675720215,,,,
469,3289,,,1.0552269220352173,,0.5847566723823547,0.5847566723823547,,,,
,469,,,,,,,,,0.37377387285232544,0.37377387285232544
469,3289,,,,,,,0.37377387285232544,0.37377387285232544,,
469,3289,0.42914077639579773,0.8995898962020874,,0.42914077639579773,,,,,,
470,3290,,,0.6279685497283936,,0.15747535228729248,0.15747535228729248,,,,
470,3291,,,0.7411602735519409,,0.27065983414649963,0.27065983414649963,,,,
470,3292,,,0.7319564819335938,,0.2614385485649109,0.2614385485649109,,,,
470,3293,,,1.6045687198638916,,1.134044885635376,1.134044885635376,,,,
470,3294,,,0.8796266317367554,,0.4091157019138336,0.4091157019138336,,,,
470,3295,,,0.7251396179199219,,0.2546176016330719,0.2546176016330719,,,,
470,3296,,,1.108338713645935,,0.637803316116333,0.637803316116333,,,,
,470,,,,,,,,,0.39087578654289246,0.39087578654289246
470,3296,,,,,,,0.39087578654289246,0.39087578654289246,,
470,3296,0.4276907444000244,0.898203432559967,,0.4276907444000244,,,,,,
471,3297,,,0.6282978057861328,,0.1577334851026535,0.1577334851026535,,,,
471,3298,,,0.7121366858482361,,0.24156203866004944,0.24156203866004944,,,,
471,3299,,,1.1272233724594116,,0.6566407680511475,0.6566407680511475,,,,
471,3300,,,0.7275127172470093,,0.25692808628082275,0.25692808628082275,,,,
471,3301,,,1.471707820892334,,1.0011156797409058,1.0011156797409058,,,,
471,3302,,,0.6906620860099792,,0.22005973756313324,0.22005973756313324,,,,
471,3303,,,0.9771873354911804,,0.5065678358078003,0.5065678358078003,,,,
,471,,,,,,,,,0.4073604643344879,0.4073604643344879
471,3303,,,,,,,0.4073604643344879,0.4073604643344879,,
471,3303,0.42729452252388,0.8978800773620605,,0.42729452252388,,,,,,
472,3304,,,0.9377086162567139,,0.4670756757259369,0.4670756757259369,,,,
472,3305,,,0.9944413900375366,,0.5237924456596375,0.5237924456596375,,,,
472,3306,,,0.781731128692627,,0.3110748529434204,0.3110748529434204,,,,
472,3307,,,1.4537062644958496,,0.983034610748291,0.983034610748291,,,,
472,3308,,,0.6723523736000061,,0.201682910323143,0.201682910323143,,,,
472,3309,,,0.6521142721176147,,0.1814344823360443,0.1814344823360443,,,,
472,3310,,,0.5972435474395752,,0.1265513300895691,0.1265513300895691,,,,
,472,,,,,,,,,0.40087366104125977,0.40087366104125977
472,3310,,,,,,,0.40087366104125977,0.40087366104125977,,
472,3310,0.42596885561943054,0.896630585193634,,0.42596885561943054,,,,,,
473,3311,,,1.0888407230377197,,0.6181449294090271,0.6181449294090271,,,,
473,3312,,,0.7196774482727051,,0.24898049235343933,0.24898049235343933,,,,
473,3313,,,0.742776095867157,,0.27206680178642273,0.27206680178642273,,,,
473,3314,,,1.3130240440368652,,0.8423097133636475,0.8423097133636475,,,,
473,3315,,,0.7136563062667847,,0.2429480254650116,0.2429480254650116,,,,
473,3316,,,0.7255140542984009,,0.25478994846343994,0.25478994846343994,,,,
473,3317,,,1.0645593404769897,,0.5938271880149841,0.5938271880149841,,,,
,473,,,,,,,,,0.3857715427875519,0.3857715427875519
473,3317,,,,,,,0.3857715427875519,0.3857715427875519,,
473,3317,0.42383137345314026,0.8945409655570984,,0.42383137345314026,,,,,,
474,3318,,,0.7734808921813965,,0.3027248680591583,0.3027248680591583,,,,
474,3319,,,0.9375350475311279,,0.4667724668979645,0.4667724668979645,,,,
474,3320,,,0.8241788744926453,,0.3534183204174042,0.3534183204174042,,,,
474,3321,,,0.7878454327583313,,0.31706666946411133,0.31706666946411133,,,,
474,3322,,,1.3473690748214722,,0.8765720129013062,0.8765720129013062,,,,
474,3323,,,0.6363097429275513,,0.16551858186721802,0.16551858186721802,,,,
474,3324,,,1.0347367525100708,,0.5639326572418213,0.5639326572418213,,,,
,474,,,,,,,,,0.3817448318004608,0.3817448318004608
474,3324,,,,,,,0.3817448318004608,0.3817448318004608,,
474,3324,0.42251724004745483,0.8932933211326599,,0.42251724004745483,,,,,,
475,3325,,,0.6845897436141968,,0.21376928687095642,0.21376928687095642,,,,
475,3326,,,0.8658382892608643,,0.39500102400779724,0.39500102400779724,,,,
475,3327,,,1.3045125007629395,,0.8336639404296875,0.8336639404296875,,,,
475,3328,,,1.0109634399414062,,0.5401216149330139,0.5401216149330139,,,,
475,3329,,,0.6576828360557556,,0.18681956827640533,0.18681956827640533,,,,
475,3330,,,0.9250730872154236,,0.4542003571987152,0.4542003571987152,,,,
475,3331,,,0.6343196034431458,,0.16344502568244934,0.16344502568244934,,,,
,475,,,,,,,,,0.370614618062973,0.370614618062973
475,3331,,,,,,,0.370614618062973,0.370614618062973,,
475,3331,0.4211556911468506,0.892004668712616,,0.4211556911468506,,,,,,
476,3332,,,0.7816596031188965,,0.3107777535915375,0.3107777535915375,,,,
476,3333,,,0.632693886756897,,0.16180026531219482,0.16180026531219482,,,,
476,3334,,,1.0643049478530884,,0.5934012532234192,0.5934012532234192,,,,
476,3335,,,0.9008217453956604,,0.42990851402282715,0.42990851402282715,,,,
476,3336,,,1.253065824508667,,0.782142698764801,0.782142698764801,,,,
476,3337,,,0.7636347413063049,,0.292719304561615,0.292719304561615,,,,
476,3338,,,0.7576656341552734,,0.2867385447025299,0.2867385447025299,,,,
,476,,,,,,,,,0.3642420172691345,0.3642420172691345
476,3338,,,,,,,0.3642420172691345,0.3642420172691345,,
476,3338,0.42012184858322144,0.8910282850265503,,0.42012184858322144,,,,,,
477,3339,,,0.7003036737442017,,0.22936658561229706,0.22936658561229706,,,,
477,3340,,,0.9347077012062073,,0.4637603759765625,0.4637603759765625,,,,
477,3341,,,0.8504941463470459,,0.3795379102230072,0.3795379102230072,,,,
477,3342,,,0.7826452255249023,,0.3116724491119385,0.3116724491119385,,,,
477,3343,,,1.5546114444732666,,1.0836259126663208,1.0836259126663208,,,,
477,3344,,,0.6237388253211975,,0.15275980532169342,0.15275980532169342,,,,
477,3345,,,0.6002216935157776,,0.1292359083890915,0.1292359083890915,,,,
,477,,,,,,,,,0.3608206808567047,0.3608206808567047
477,3345,,,,,,,0.3608206808567047,0.3608206808567047,,
477,3345,0.41869592666625977,0.8896603584289551,,0.41869592666625977,,,,,,
478,3346,,,0.8493589162826538,,0.37837159633636475,0.37837159633636475,,,,
478,3347,,,1.3032331466674805,,0.832236111164093,0.832236111164093,,,,
478,3348,,,0.6439224481582642,,0.17292453348636627,0.17292453348636627,,,,
478,3349,,,0.6454496383666992,,0.1744464486837387,0.1744464486837387,,,,
478,3350,,,0.6894991397857666,,0.21848931908607483,0.21848931908607483,,,,
478,3351,,,1.2246702909469604,,0.7536596655845642,0.7536596655845642,,,,
478,3352,,,0.8246816992759705,,0.3536646366119385,0.3536646366119385,,,,
,478,,,,,,,,,0.35127654671669006,0.35127654671669006
478,3352,,,,,,,0.35127654671669006,0.35127654671669006,,
478,3352,0.4176865816116333,0.8886885046958923,,0.4176865816116333,,,,,,
479,3353,,,0.7628105878829956,,0.29177382588386536,0.29177382588386536,,,,
479,3354,,,0.8482469320297241,,0.3771999776363373,0.3771999776363373,,,,
479,3355,,,1.1848268508911133,,0.7137715220451355,0.7137715220451355,,,,
479,3356,,,0.6540511846542358,,0.18300677835941315,0.18300677835941315,,,,
479,3357,,,0.7102949619293213,,0.23923784494400024,0.23923784494400024,,,,
479,3358,,,1.2568391561508179,,0.7857756614685059,0.7857756614685059,,,,
479,3359,,,0.6440316438674927,,0.1729571372270584,0.1729571372270584,,,,
,479,,,,,,,,,0.34852316975593567,0.34852316975593567
479,3359,,,,,,,0.34852316975593567,0.34852316975593567,,
479,3359,0.4165685176849365,0.8876206874847412,,0.4165685176849365,,,,,,
480,3360,,,1.4883360862731934,,1.0172480344772339,1.0172480344772339,,,,
480,3361,,,0.7729024887084961,,0.30180948972702026,0.30180948972702026,,,,
480,3362,,,0.6110296249389648,,0.1399262696504593,0.1399262696504593,,,,
480,3363,,,0.8392766714096069,,0.36817237734794617,0.36817237734794617,,,,
480,3364,,,0.9959590435028076,,0.5248532295227051,0.5248532295227051,,,,
480,3365,,,0.7325091361999512,,0.2613884210586548,0.2613884210586548,,,,
480,3366,,,0.5620117783546448,,0.09087757021188736,0.09087757021188736,,,,
,480,,,,,,,,,0.35322535037994385,0.35322535037994385
480,3366,,,,,,,0.35322538018226624,0.35322538018226624,,
480,3366,0.4152904450893402,0.8863949775695801,,0.4152904450893402,,,,,,
481,3367,,,1.8075201511383057,,1.3363903760910034,1.3363903760910034,,,,
481,3368,,,0.6600760817527771,,0.1889529973268509,0.1889529973268509,,,,
481,3369,,,0.6803164482116699,,0.2091776430606842,0.2091776430606842,,,,
481,3370,,,0.6309882998466492,,0.1598423272371292,0.1598423272371292,,,,
481,3371,,,0.8900718688964844,,0.4189216196537018,0.4189216196537018,,,,
481,3372,,,0.6935573220252991,,0.22239439189434052,0.22239439189434052,,,,
481,3373,,,0.7554788589477539,,0.28431436419487,0.28431436419487,,,,
,481,,,,,,,,,0.3484601676464081,0.3484601676464081
481,3373,,,,,,,0.3484601676464081,0.3484601676464081,,
481,3373,0.41447803378105164,0.885621190071106,,0.41447803378105164,,,,,,
482,3374,,,0.7813903093338013,,0.3102197051048279,0.3102197051048279,,,,
482,3375,,,1.1904194355010986,,0.719240665435791,0.719240665435791,,,,
482,3376,,,0.6782671213150024,,0.20709866285324097,0.20709866285324097,,,,
482,3377,,,0.8603924512863159,,0.3892083466053009,0.3892083466053009,,,,
482,3378,,,0.6997281312942505,,0.228529155254364,0.228529155254364,,,,
482,3379,,,0.7916222810745239,,0.32042333483695984,0.32042333483695984,,,,
482,3380,,,1.6984124183654785,,1.2272063493728638,1.2272063493728638,,,,
,482,,,,,,,,,0.3510327637195587,0.3510327637195587
482,3380,,,,,,,0.3510327637195587,0.3510327637195587,,
482,3380,0.4133211672306061,0.8845057487487793,,0.4133211672306061,,,,,,
483,3381,,,0.8206201791763306,,0.3494107723236084,0.3494107723236084,,,,
483,3382,,,0.629730761051178,,0.1585128754377365,0.1585128754377365,,,,
483,3383,,,1.2866131067276,,0.8153937458992004,0.8153937458992004,,,,
483,3384,,,0.7070505619049072,,0.23584161698818207,0.23584161698818207,,,,
483,3385,,,0.622901439666748,,0.15168464183807373,0.15168464183807373,,,,
483,3386,,,0.7659851312637329,,0.2947622239589691,0.2947622239589691,,,,
483,3387,,,2.124821901321411,,1.653588056564331,1.653588056564331,,,,
,483,,,,,,,,,0.3578104078769684,0.3578104078769684
483,3387,,,,,,,0.3578104078769684,0.3578104078769684,,
483,3387,0.4118747413158417,0.8830917477607727,,0.4118747413158417,,,,,,
484,3388,,,0.6547285318374634,,0.18347877264022827,0.18347877264022827,,,,
484,3389,,,1.2950830459594727,,0.8238238096237183,0.8238238096237183,,,,
484,3390,,,0.825384259223938,,0.354137122631073,0.354137122631073,,,,
484,3391,,,0.8546199798583984,,0.38336068391799927,0.38336068391799927,,,,
484,3392,,,0.5934957265853882,,0.12222756445407867,0.12222756445407867,,,,
484,3393,,,0.8869341611862183,,0.4156617522239685,0.4156617522239685,,,,
484,3394,,,1.3692646026611328,,0.89797443151474,0.89797443151474,,,,
,484,,,,,,,,,0.3468010425567627,0.3468010425567627
484,3394,,,,,,,0.3468010425567627,0.3468010425567627,,
484,3394,0.41089099645614624,0.8821521997451782,,0.41089099645614624,,,,,,
485,3395,,,0.6762131452560425,,0.20493043959140778,0.20493043959140778,,,,
485,3396,,,0.6473644971847534,,0.17607975006103516,0.17607975006103516,,,,
485,3397,,,0.83632892370224,,0.36504092812538147,0.36504092812538147,,,,
485,3398,,,1.0794622898101807,,0.6081607341766357,0.6081607341766357,,,,
485,3399,,,1.3264490365982056,,0.855137288570404,0.855137288570404,,,,
485,3400,,,0.810989499092102,,0.33969080448150635,0.33969080448150635,,,,
485,3401,,,0.6340696215629578,,0.16276077926158905,0.16276077926158905,,,,
,485,,,,,,,,,0.32855328917503357,0.32855328917503357
485,3401,,,,,,,0.32855328917503357,0.32855328917503357,,
485,3401,0.4094235599040985,0.880719006061554,,0.4094235599040985,,,,,,
486,3402,,,0.7048273682594299,,0.23350675404071808,0.23350675404071808,,,,
486,3403,,,0.7061824202537537,,0.23485417664051056,0.23485417664051056,,,,
486,3404,,,0.6746077537536621,,0.2032795548439026,0.2032795548439026,,,,
486,3405,,,0.611566960811615,,0.1402318924665451,0.1402318924665451,,,,
486,3406,,,1.1756551265716553,,0.7043161392211914,0.7043161392211914,,,,
486,3407,,,0.8486281633377075,,0.3772716522216797,0.3772716522216797,,,,
486,3408,,,2.365245819091797,,1.8938792943954468,1.8938792943954468,,,,
,486,,,,,,,,,0.3109247386455536,0.3109247386455536
486,3408,,,,,,,0.3109247386455536,0.3109247386455536,,
486,3408,0.40841802954673767,0.8797545433044434,,0.40841802954673767,,,,,,
487,3409,,,1.1827903985977173,,0.7114523649215698,0.7114523649215698,,,,
487,3410,,,0.7385746240615845,,0.26725518703460693,0.26725518703460693,,,,
487,3411,,,0.9988532662391663,,0.527531623840332,0.527531623840332,,,,
487,3412,,,0.7025107145309448,,0.23119036853313446,0.23119036853313446,,,,
487,3413,,,0.6817667484283447,,0.2104431390762329,0.2104431390762329,,,,
487,3414,,,0.7516204118728638,,0.2802963852882385,0.2802963852882385,,,,
487,3415,,,1.4542853832244873,,0.98295658826828,0.98295658826828,,,,
,487,,,,,,,,,0.301497220993042,0.301497220993042
487,3415,,,,,,,0.301497220993042,0.301497220993042,,
487,3415,0.40733766555786133,0.8786624073982239,,0.40733766555786133,,,,,,
488,3416,,,0.8766664266586304,,0.4052998721599579,0.4052998721599579,,,,
488,3417,,,0.6034620404243469,,0.13207685947418213,0.13207685947418213,,,,
488,3418,,,0.8557345867156982,,0.38434654474258423,0.38434654474258423,,,,
488,3419,,,0.9836183786392212,,0.5122206807136536,0.5122206807136536,,,,
488,3420,,,1.179057002067566,,0.7076531648635864,0.7076531648635864,,,,
488,3421,,,0.7739486694335938,,0.3025563359260559,0.3025563359260559,,,,
488,3422,,,0.8591962456703186,,0.38779217004776,0.38779217004776,,,,
,488,,,,,,,,,0.3055284321308136,0.3055284321308136
488,3422,,,,,,,0.3055284321308136,0.3055284321308136,,
488,3422,0.4062079191207886,0.8775977492332458,,0.4062079191207886,,,,,,
489,3423,,,1.4307520389556885,,0.9593334794044495,0.9593334794044495,,,,
489,3424,,,0.6890230178833008,,0.21760724484920502,0.21760724484920502,,,,
489,3425,,,0.6552765965461731,,0.1838574856519699,0.1838574856519699,,,,
489,3426,,,0.7438927888870239,,0.2724669873714447,0.2724669873714447,,,,
489,3427,,,0.6724194288253784,,0.20097479224205017,0.20097479224205017,,,,
489,3428,,,1.1805250644683838,,0.7090753316879272,0.7090753316879272,,,,
489,3429,,,0.5741991996765137,,0.10274472832679749,0.10274472832679749,,,,
,489,,,,,,,,,0.3037046194076538,0.3037046194076538
489,3429,,,,,,,0.3037045896053314,0.3037045896053314,,
489,3429,0.40499523282051086,0.8764257431030273,,0.40499523282051086,,,,,,
490,3430,,,0.583443284034729,,0.11199025064706802,0.11199025064706802,,,,
490,3431,,,0.9081547260284424,,0.436697781085968,0.436697781085968,,,,
490,3432,,,0.6895434260368347,,0.2180718630552292,0.2180718630552292,,,,
490,3433,,,0.9678882360458374,,0.49640798568725586,0.49640798568725586,,,,
490,3434,,,0.7362115383148193,,0.264724463224411,0.264724463224411,,,,
490,3435,,,1.483003854751587,,1.0115091800689697,1.0115091800689697,,,,
490,3436,,,0.5675480365753174,,0.09606227278709412,0.09606227278709412,,,,
,490,,,,,,,,,0.3023543953895569,0.3023543953895569
490,3436,,,,,,,0.3023543953895569,0.3023543953895569,,
490,3436,0.40398821234703064,0.8754628300666809,,0.40398821234703064,,,,,,
491,3437,,,1.1718642711639404,,0.7003762722015381,0.7003762722015381,,,,
491,3438,,,0.719123363494873,,0.2476503700017929,0.2476503700017929,,,,
491,3439,,,0.7140867114067078,,0.24261286854743958,0.24261286854743958,,,,
491,3440,,,0.9072679281234741,,0.43578943610191345,0.43578943610191345,,,,
491,3441,,,0.9009099006652832,,0.42942091822624207,0.42942091822624207,,,,
491,3442,,,0.9020801186561584,,0.4305833876132965,0.4305833876132965,,,,
491,3443,,,0.6937095522880554,,0.2222091257572174,0.2222091257572174,,,,
,491,,,,,,,,,0.3064253032207489,0.3064253032207489
491,3443,,,,,,,0.3064253032207489,0.3064253032207489,,
491,3443,0.4030998945236206,0.8745840191841125,,0.4030998945236206,,,,,,
492,3444,,,0.7122110724449158,,0.24070124328136444,0.24070124328136444,,,,
492,3445,,,1.1314268112182617,,0.6599012017250061,0.6599012017250061,,,,
492,3446,,,0.7391457557678223,,0.2676178216934204,0.2676178216934204,,,,
492,3447,,,0.66193687915802,,0.19039639830589294,0.19039639830589294,,,,
492,3448,,,1.2432360649108887,,0.7716887593269348,0.7716887593269348,,,,
492,3449,,,0.850261926651001,,0.3787214159965515,0.3787214159965515,,,,
492,3450,,,0.6153883934020996,,0.14384639263153076,0.14384639263153076,,,,
,492,,,,,,,,,0.30993086099624634,0.30993086099624634
492,3450,,,,,,,0.30993086099624634,0.30993086099624634,,
492,3450,0.4020344316959381,0.8735669255256653,,0.4020344316959381,,,,,,
493,3451,,,0.8731467723846436,,0.4016023576259613,0.4016023576259613,,,,
493,3452,,,0.8262081146240234,,0.35466811060905457,0.35466811060905457,,,,
493,3453,,,0.5884721279144287,,0.1169222816824913,0.1169222816824913,,,,
493,3454,,,0.8003729581832886,,0.3288239538669586,0.3288239538669586,,,,
493,3455,,,0.7423095703125,,0.27075111865997314,0.27075111865997314,,,,
493,3456,,,1.5155030488967896,,1.043933629989624,1.043933629989624,,,,
493,3457,,,0.5759834051132202,,0.104416623711586,0.104416623711586,,,,
,493,,,,,,,,,0.304731160402298,0.304731160402298
493,3457,,,,,,,0.304731160402298,0.304731160402298,,
493,3457,0.4009188413619995,0.8724716305732727,,0.4009188413619995,,,,,,
494,3458,,,0.9340721964836121,,0.46250733733177185,0.46250733733177185,,,,
494,3459,,,0.7887144088745117,,0.31713294982910156,0.31713294982910156,,,,
494,3460,,,1.0993049144744873,,0.6277111172676086,0.6277111172676086,,,,
494,3461,,,0.6125770211219788,,0.1409740447998047,0.1409740447998047,,,,
494,3462,,,0.587805986404419,,0.11619152128696442,0.11619152128696442,,,,
494,3463,,,1.2366933822631836,,0.7650851607322693,0.7650851607322693,,,,
494,3464,,,0.7928140163421631,,0.32122108340263367,0.32122108340263367,,,,
,494,,,,,,,,,0.3063841462135315,0.3063841462135315
494,3464,,,,,,,0.3063841462135315,0.3063841462135315,,
494,3464,0.400009423494339,0.8716035485267639,,0.400009423494339,,,,,,
495,3465,,,0.7867954969406128,,0.3151969611644745,0.3151969611644745,,,,
495,3466,,,1.257556438446045,,0.7859543561935425,0.7859543561935425,,,,
495,3467,,,0.8654179573059082,,0.39383238554000854,0.39383238554000854,,,,
495,3468,,,0.7474982738494873,,0.27592530846595764,0.27592530846595764,,,,
495,3469,,,0.5797978639602661,,0.1082092672586441,0.1082092672586441,,,,
495,3470,,,0.9089767932891846,,0.43739011883735657,0.43739011883735657,,,,
495,3471,,,1.0764302015304565,,0.6048288345336914,0.6048288345336914,,,,
,495,,,,,,,,,0.3083791434764862,0.3083791434764862
495,3471,,,,,,,0.3083791434764862,0.3083791434764862,,
495,3471,0.39895203709602356,0.8705418109893799,,0.39895203709602356,,,,,,
496,3472,,,0.5910264849662781,,0.11941556632518768,0.11941556632518768,,,,
496,3473,,,0.6782626509666443,,0.20665423572063446,0.20665423572063446,,,,
496,3474,,,0.9212424755096436,,0.4496283531188965,0.4496283531188965,,,,
496,3475,,,1.4197304248809814,,0.9481192231178284,0.9481192231178284,,,,
496,3476,,,0.8305277824401855,,0.3589281141757965,0.3589281141757965,,,,
496,3477,,,0.8905539512634277,,0.4189435541629791,0.4189435541629791,,,,
496,3478,,,0.561244785785675,,0.08961721509695053,0.08961721509695053,,,,
,496,,,,,,,,,0.3086448609828949,0.3086448609828949
496,3478,,,,,,,0.3086448609828949,0.3086448609828949,,
496,3478,0.3976934552192688,0.8693037033081055,,0.3976934552192688,,,,,,
497,3479,,,0.8825201392173767,,0.41089192032814026,0.41089192032814026,,,,
497,3480,,,0.7113376259803772,,0.23969869315624237,0.23969869315624237,,,,
497,3481,,,1.2044416666030884,,0.7327965497970581,0.7327965497970581,,,,
497,3482,,,0.8826830387115479,,0.4110509157180786,0.4110509157180786,,,,
497,3483,,,0.9613742828369141,,0.4897257685661316,0.4897257685661316,,,,
497,3484,,,0.672407865524292,,0.20076030492782593,0.20076030492782593,,,,
497,3485,,,0.5898610353469849,,0.1182083785533905,0.1182083785533905,,,,
,497,,,,,,,,,0.3045436441898346,0.3045436441898346
497,3485,,,,,,,0.3045436441898346,0.3045436441898346,,
497,3485,0.3967454433441162,0.8683863878250122,,0.3967454433441162,,,,,,
498,3486,,,0.7000649571418762,,0.2284165471792221,0.2284165471792221,,,,
498,3487,,,0.7505072355270386,,0.2788516879081726,0.2788516879081726,,,,
498,3488,,,0.6569880843162537,,0.18533043563365936,0.18533043563365936,,,,
498,3489,,,0.8398115634918213,,0.3681502044200897,0.3681502044200897,,,,
498,3490,,,0.9704117774963379,,0.49873992800712585,0.49873992800712585,,,,
498,3491,,,0.6995404958724976,,0.2278681844472885,0.2278681844472885,,,,
498,3492,,,2.436461925506592,,1.9647825956344604,1.9647825956344604,,,,
,498,,,,,,,,,0.29484185576438904,0.29484185576438904
498,3492,,,,,,,0.29484185576438904,0.29484185576438904,,
498,3492,0.3959451913833618,0.8676074743270874,,0.3959451913833618,,,,,,
499,3493,,,0.8636717796325684,,0.3920227587223053,0.3920227587223053,,,,
499,3494,,,1.5604252815246582,,1.0887868404388428,1.0887868404388428,,,,
499,3495,,,0.6366732120513916,,0.16503731906414032,0.16503731906414032,,,,
499,3496,,,0.6476940512657166,,0.17605431377887726,0.17605431377887726,,,,
499,3497,,,0.7402154207229614,,0.2685781717300415,0.2685781717300415,,,,
499,3498,,,0.6742064952850342,,0.20256441831588745,0.20256441831588745,,,,
499,3499,,,1.0703139305114746,,0.5986729264259338,0.5986729264259338,,,,
,499,,,,,,,,,0.29179108142852783,0.29179108142852783
499,3499,,,,,,,0.2917911112308502,0.2917911112308502,,
499,3499,0.39490920305252075,0.8665496706962585,,0.39490920305252075,,,,,,
